1721051084062.00, 0, -595843, -340 
1721051084082.00, 0, -595843, -343 
1721051084104.00, 0, -595843, -342 
1721051084125.00, 0, -595843, -337 
1721051084146.00, 0, -595843, -333 
1721051084168.00, 0, -595843, -333 
1721051084189.00, 0, -595843, -332 
1721051084210.00, 0, -595842, -331 
1721051084231.00, 0, -595843, -331 
1721051084252.00, 0, -595843, -331 
1721051084274.00, 0, -595842, -327 
1721051084296.00, 0, -595842, -320 
1721051084317.00, 0, -595842, -320 
1721051084338.00, 0, -595843, -316 
1721051084359.00, 0, -595842, -311 
1721051084381.00, 0, -595842, -321 
1721051084402.00, 0, -595842, -320 
1721051084424.00, -57, -595842, -315 
1721051084445.00, 0, -595842, -307 
1721051084466.00, 0, -595843, -305 
1721051084493.00, 0, -595842, -306 
1721051084508.00, 0, -595842, -305 
1721051084529.00, 0, -595842, -304 
1721051084551.00, 0, -595842, -304 
1721051084572.00, 0, -595843, -304 
1721051084594.00, 0, -595841, -305 
1721051084614.00, 0, -595842, -306 
1721051084636.00, 0, -595841, -304 
1721051084658.00, 0, -595842, -305 
1721051084679.00, 0, -595842, -304 
1721051084700.00, 0, -595842, -303 
1721051084721.00, 0, -595843, -301 
1721051084742.00, 0, -595842, -302 
1721051084764.00, 0, -595842, -302 
1721051084785.00, 0, -595841, -302 
1721051084811.00, 0, -595843, -300 
1721051084827.00, 0, -595842, -302 
1721051084849.00, 0, -595842, -303 
1721051084871.00, 0, -595842, -304 
1721051084892.00, 0, -595842, -304 
1721051084913.00, 0, -595841, -304 
1721051084933.00, 0, -595841, -306 
1721051084956.00, 15, -595842, -307 
1721051084977.00, 0, -595842, -305 
1721051084998.00, 0, -595842, -304 
1721051085020.00, 0, -595841, -303 
1721051085041.00, 0, -595842, -302 
1721051085062.00, 0, -595842, -301 
1721051085083.00, 0, -595842, -301 
1721051085105.00, 0, -595842, -300 
1721051085126.00, 0, -595842, -301 
1721051085147.00, -45, -595842, -302 
1721051085169.00, 0, -595841, -304 
1721051085190.00, 0, -595842, -304 
1721051085211.00, 0, -595842, -303 
1721051085233.00, 0, -595842, -302 
1721051085254.00, 0, -595842, -301 
1721051085274.00, 0, -595841, -299 
1721051085297.00, 0, -595842, -299 
1721051085318.00, 0, -595842, -300 
1721051085338.00, 0, -595842, -302 
1721051085360.00, 0, -595842, -301 
1721051085382.00, 0, -595842, -298 
1721051085403.00, 0, -595842, -297 
1721051085424.00, 0, -595841, -295 
1721051085446.00, 0, -595842, -293 
1721051085470.00, 0, -595842, -293 
1721051085487.00, 0, -595842, -295 
1721051085509.00, 0, -595842, -296 
1721051085530.00, 0, -595841, -297 
1721051085551.00, 0, -595842, -295 
1721051085577.00, 0, -595841, -293 
1721051085594.00, 0, -595841, -291 
1721051085616.00, 0, -595842, -290 
1721051085637.00, 0, -595842, -290 
1721051085658.00, 0, -595841, -291 
1721051085680.00, 0, -595842, -292 
1721051085700.00, 0, -595841, -290 
1721051085722.00, 0, -595842, -289 
1721051085743.00, 0, -595841, -289 
1721051085764.00, 0, -595842, -289 
1721051085785.00, 0, -595842, -291 
1721051085807.00, 0, -595841, -290 
1721051085829.00, 0, -595842, -289 
1721051085850.00, 0, -595842, -289 
1721051085871.00, 0, -595842, -288 
1721051085892.00, 0, -595842, -286 
1721051085913.00, 0, -595842, -286 
1721051085935.00, 0, -595841, -286 
1721051085956.00, 0, -595842, -287 
1721051085977.00, 0, -595842, -287 
1721051085999.00, 0, -595842, -286 
1721051086020.00, 0, -595842, -286 
1721051086041.00, 0, -595842, -288 
1721051086062.00, 0, -595842, -288 
1721051086083.00, 0, -595841, -286 
1721051086105.00, 0, -595842, -286 
1721051086130.00, 0, -595842, -286 
1721051086148.00, 0, -595842, -287 
1721051086169.00, 0, -595842, -288 
1721051086190.00, 0, -595843, -289 
1721051086211.00, 0, -595842, -289 
1721051086233.00, 0, -595842, -290 
1721051086254.00, 0, -595841, -289 
1721051086276.00, 0, -595840, -287 
1721051086297.00, 0, -595843, -286 
1721051086318.00, 0, -595842, -285 
1721051086339.00, 0, -595842, -284 
1721051086361.00, 0, -595841, -284 
1721051086382.00, 0, -595842, -284 
1721051086403.00, 0, -595842, -285 
1721051086425.00, 0, -595842, -284 
1721051086446.00, 0, -595842, -284 
1721051086466.00, 0, -595842, -284 
1721051086488.00, 0, -595841, -283 
1721051086510.00, 0, -595842, -283 
1721051086531.00, 0, -595842, -284 
1721051086552.00, 0, -595841, -284 
1721051086574.00, 0, -595842, -284 
1721051086595.00, 0, -595842, -283 
1721051086616.00, 0, -595842, -282 
1721051086637.00, 0, -595841, -280 
1721051086658.00, 0, -595841, -279 
1721051086680.00, 0, -595841, -278 
1721051086701.00, 0, -595842, -279 
1721051086723.00, 0, -595841, -282 
1721051086744.00, 0, -595842, -282 
1721051086765.00, 0, -595842, -281 
1721051086787.00, 0, -595841, -280 
1721051086808.00, 0, -595841, -280 
1721051086829.00, 0, -595841, -280 
1721051086850.00, 0, -595842, -281 
1721051086872.00, 0, -595842, -282 
1721051086893.00, 0, -595842, -281 
1721051086914.00, 0, -595841, -280 
1721051086937.00, 0, -595842, -279 
1721051086957.00, 0, -595842, -280 
1721051086978.00, 0, -595840, -281 
1721051087001.00, 0, -595842, -281 
1721051087021.00, 0, -595842, -281 
1721051087041.00, 0, -595842, -278 
1721051087063.00, 0, -595842, -277 
1721051087084.00, 0, -595841, -277 
1721051087105.00, 0, -595841, -278 
1721051087127.00, 0, -595842, -279 
1721051087149.00, 0, -595843, -279 
1721051087169.00, 0, -595841, -278 
1721051087191.00, 0, -595842, -277 
1721051087212.00, 0, -595842, -278 
1721051087234.00, 0, -595841, -277 
1721051087256.00, 0, -595841, -277 
1721051087275.00, 0, -595842, -280 
1721051087297.00, 0, -595842, -280 
1721051087318.00, 0, -595842, -279 
1721051087340.00, 0, -595842, -279 
1721051087361.00, 0, -595841, -278 
1721051087382.00, 0, -595842, -278 
1721051087403.00, 0, -595840, -276 
1721051087425.00, 0, -595842, -274 
1721051087446.00, 0, -595841, -273 
1721051087467.00, 0, -595841, -274 
1721051087488.00, 0, -595842, -275 
1721051087510.00, 0, -595842, -275 
1721051087531.00, 0, -595841, -275 
1721051087553.00, 0, -595841, -275 
1721051087574.00, 0, -595841, -277 
1721051087595.00, 0, -595842, -277 
1721051087616.00, 0, -595842, -277 
1721051087638.00, 0, -595841, -276 
1721051087659.00, 0, -595842, -275 
1721051087680.00, 0, -595841, -274 
1721051087702.00, 0, -595841, -274 
1721051087723.00, 0, -595842, -275 
1721051087744.00, 0, -595842, -276 
1721051087765.00, 0, -595841, -277 
1721051087786.00, 0, -595841, -278 
1721051087808.00, 0, -595840, -278 
1721051087829.00, 0, -595841, -277 
1721051087850.00, 0, -595841, -276 
1721051087872.00, 0, -595843, -276 
1721051087893.00, 0, -595842, -277 
1721051087915.00, 0, -595841, -277 
1721051087936.00, 0, -595841, -277 
1721051087957.00, 0, -595841, -276 
1721051087979.00, 0, -595842, -275 
1721051088000.00, 0, -595841, -275 
1721051088021.00, 0, -595841, -276 
1721051088042.00, 0, -595841, -276 
1721051088064.00, 0, -595841, -276 
1721051088085.00, 0, -595842, -276 
1721051088106.00, 0, -595842, -274 
1721051088128.00, 0, -595842, -273 
1721051088148.00, 0, -595842, -274 
1721051088170.00, 0, -595842, -274 
1721051088191.00, 0, -595841, -273 
1721051088212.00, 0, -595842, -274 
1721051088234.00, 0, -595841, -275 
1721051088255.00, 0, -595841, -275 
1721051088276.00, 0, -595842, -274 
1721051088297.00, 0, -595842, -273 
1721051088319.00, 0, -595841, -274 
1721051088340.00, 0, -595841, -275 
1721051088362.00, 0, -595842, -275 
1721051088383.00, 0, -595842, -274 
1721051088404.00, 0, -595841, -274 
1721051088425.00, 0, -595841, -273 
1721051088447.00, 0, -595841, -272 
1721051088467.00, 0, -595842, -271 
1721051088489.00, 0, -595841, -272 
1721051088510.00, 0, -595841, -274 
1721051088532.00, 0, -595841, -274 
1721051088553.00, 0, -595842, -273 
1721051088574.00, 0, -595841, -271 
1721051088596.00, 0, -595841, -272 
1721051088616.00, 0, -595842, -273 
1721051088640.00, 0, -595841, -274 
1721051088660.00, 0, -595842, -273 
1721051088681.00, 0, -595842, -273 
1721051088702.00, 0, -595842, -273 
1721051088723.00, 0, -595842, -271 
1721051088749.00, 0, -595842, -271 
1721051088766.00, 0, -595841, -270 
1721051088787.00, 0, -595841, -271 
1721051088808.00, 0, -595842, -272 
1721051088829.00, 0, -595841, -274 
1721051088851.00, 0, -595841, -275 
1721051088876.00, 0, -595842, -277 
1721051088894.00, 0, -595842, -277 
1721051088915.00, 0, -595842, -278 
1721051088936.00, 0, -595842, -278 
1721051088958.00, 0, -595842, -280 
1721051088979.00, 0, -595842, -284 
1721051089000.00, 0, -595841, -289 
1721051089022.00, 0, -595841, -294 
1721051089043.00, 0, -595842, -299 
1721051089064.00, 0, -595841, -301 
1721051089085.00, 0, -595841, -297 
1721051089106.00, 0, -595841, -294 
1721051089128.00, 0, -595842, -298 
1721051089150.00, 26, -595841, -304 
1721051089170.00, 0, -595841, -314 
1721051089191.00, 57, -595842, -316 
1721051089213.00, 0, -595842, -315 
1721051089235.00, 0, -595842, -307 
1721051089256.00, -1, -595842, -298 
1721051089278.00, 0, -595842, -287 
1721051089299.00, 0, -595842, -280 
1721051089320.00, 0, -595842, -284 
1721051089341.00, 0, -595842, -291 
1721051089362.00, 0, -595841, -288 
1721051089384.00, 0, -595841, -268 
1721051089410.00, 0, -595841, -250 
1721051089427.00, 0, -595840, -235 
1721051089448.00, 0, -595839, -226 
1721051089468.00, -59, -595840, -226 
1721051089490.00, 0, -595840, -232 
1721051089512.00, 1, -595840, -238 
1721051089533.00, -36, -595839, -245 
1721051089554.00, -14, -595840, -253 
1721051089575.00, 0, -595841, -264 
1721051089597.00, 0, -595840, -272 
1721051089618.00, 0, -595840, -281 
1721051089640.00, 0, -595840, -287 
1721051089661.00, 0, -595840, -290 
1721051089682.00, 12, -595840, -291 
1721051089704.00, 0, -595841, -291 
1721051089724.00, -15, -595841, -296 
1721051089746.00, 0, -595841, -293 
1721051089768.00, -41, -595841, -285 
1721051089789.00, 0, -595841, -274 
1721051089810.00, 0, -595840, -264 
1721051089831.00, 0, -595840, -259 
1721051089852.00, 0, -595840, -262 
1721051089874.00, 0, -595840, -273 
1721051089895.00, 0, -595841, -283 
1721051089916.00, -33, -595841, -293 
1721051089938.00, 0, -595841, -300 
1721051089959.00, 0, -595841, -306 
1721051089980.00, 0, -595841, -309 
1721051090002.00, 0, -595842, -308 
1721051090023.00, 0, -595842, -310 
1721051090044.00, 0, -595842, -310 
1721051090066.00, 0, -595842, -310 
1721051090087.00, 0, -595842, -304 
1721051090108.00, 0, -595841, -298 
1721051090129.00, 0, -595841, -292 
1721051090150.00, 0, -595841, -285 
1721051090172.00, 0, -595842, -287 
1721051090193.00, 0, -595842, -292 
1721051090215.00, 0, -595841, -296 
1721051090236.00, 0, -595841, -303 
1721051090257.00, 0, -595842, -311 
1721051090282.00, 0, -595843, -312 
1721051090299.00, 0, -595841, -310 
1721051090320.00, 0, -595841, -307 
1721051090342.00, 0, -595842, -301 
1721051090363.00, 0, -595842, -299 
1721051090389.00, 0, -595842, -297 
1721051090406.00, 0, -595841, -294 
1721051090428.00, 0, -595843, -293 
1721051090449.00, 0, -595841, -294 
1721051090470.00, 0, -595841, -297 
1721051090491.00, 52, -595842, -302 
1721051090512.00, 0, -595841, -311 
1721051090534.00, 0, -595841, -319 
1721051090555.00, 0, -595842, -319 
1721051090577.00, 12, -595841, -318 
1721051090598.00, 0, -595841, -318 
1721051090619.00, 0, -595842, -313 
1721051090641.00, 0, -595843, -311 
1721051090662.00, 0, -595842, -308 
1721051090682.00, 0, -595842, -304 
1721051090704.00, 0, -595843, -299 
1721051090726.00, 0, -595841, -295 
1721051090747.00, 0, -595841, -289 
1721051090768.00, 0, -595841, -287 
1721051090790.00, 0, -595841, -287 
1721051090810.00, 0, -595841, -296 
1721051090832.00, 0, -595842, -307 
1721051090853.00, 0, -595841, -317 
1721051090874.00, -2, -595841, -327 
1721051090896.00, 0, -595842, -333 
1721051090917.00, 0, -595842, -330 
1721051090940.00, 0, -595842, -318 
1721051090960.00, 0, -595842, -306 
1721051090981.00, 0, -595842, -300 
1721051091002.00, 0, -595842, -296 
1721051091024.00, 0, -595841, -295 
1721051091049.00, 0, -595841, -295 
1721051091066.00, 0, -595842, -298 
1721051091088.00, 0, -595841, -298 
1721051091108.00, 0, -595842, -299 
1721051091130.00, 0, -595842, -302 
1721051091156.00, 0, -595843, -302 
1721051091173.00, 0, -595843, -301 
1721051091194.00, 0, -595842, -301 
1721051091215.00, 0, -595843, -306 
1721051091236.00, 0, -595843, -310 
1721051091258.00, 0, -595843, -314 
1721051091279.00, 65, -595843, -315 
1721051091301.00, 0, -595843, -315 
1721051091321.00, 0, -595842, -312 
1721051091343.00, 0, -595843, -308 
1721051091364.00, -56, -595841, -303 
1721051091386.00, 0, -595842, -301 
1721051091407.00, 0, -595842, -299 
1721051091428.00, 0, -595843, -300 
1721051091450.00, 0, -595843, -299 
1721051091471.00, 0, -595842, -296 
1721051091492.00, 0, -595841, -294 
1721051091514.00, 0, -595842, -296 
1721051091534.00, 0, -595841, -299 
1721051091556.00, 0, -595842, -300 
1721051091577.00, 0, -595842, -302 
1721051091599.00, 0, -595843, -301 
1721051091620.00, 0, -595841, -303 
1721051091641.00, 0, -595842, -305 
1721051091663.00, 0, -595842, -308 
1721051091684.00, 0, -595843, -308 
1721051091705.00, 0, -595842, -307 
1721051091727.00, 0, -595842, -307 
1721051091748.00, 0, -595842, -306 
1721051091769.00, 0, -595842, -305 
1721051091790.00, 0, -595842, -305 
1721051091812.00, 0, -595842, -304 
1721051091832.00, 0, -595841, -304 
1721051091854.00, 0, -595842, -304 
1721051091875.00, 0, -595842, -303 
1721051091897.00, 0, -595842, -304 
1721051091923.00, 0, -595842, -305 
1721051091939.00, 0, -595843, -306 
1721051091961.00, 0, -595842, -307 
1721051091983.00, 0, -595842, -306 
1721051092004.00, 0, -595842, -306 
1721051092029.00, 0, -595841, -307 
1721051092047.00, 0, -595843, -307 
1721051092069.00, 41, -595842, -308 
1721051092089.00, 0, -595842, -308 
1721051092110.00, 0, -595842, -307 
1721051092132.00, 0, -595842, -306 
1721051092153.00, 0, -595842, -303 
1721051092174.00, 0, -595842, -300 
1721051092195.00, 0, -595841, -299 
1721051092217.00, 0, -595841, -298 
1721051092238.00, 0, -595842, -297 
1721051092260.00, 0, -595842, -296 
1721051092281.00, 0, -595842, -296 
1721051092302.00, 0, -595842, -292 
1721051092323.00, 2, -595842, -286 
1721051092345.00, 22, -595842, -280 
1721051092366.00, 0, -595842, -276 
1721051092387.00, 0, -595841, -274 
1721051092409.00, 0, -595841, -266 
1721051092430.00, -1, -595840, -247 
1721051092452.00, -4, -595839, -206 
1721051092473.00, 0, -595836, -148 
1721051092494.00, 0, -595833, -85 
1721051092514.00, -4, -595828, -28 
1721051092536.00, 0, -595826, 4 
1721051092557.00, 0, -595824, 31 
1721051092579.00, 1825, -595821, 61 
1721051092600.00, 4769, -595795, 69 
1721051092622.00, 6997, -595698, 67 
1721051092643.00, 8060, -595547, 60 
1721051092665.00, 8300, -595372, 63 
1721051092692.00, 8921, -595191, 57 
1721051092707.00, 8728, -595005, 50 
1721051092729.00, 8268, -594815, 46 
1721051092751.00, 7577, -594638, 45 
1721051092772.00, 7151, -594473, 43 
1721051092793.00, 6739, -594321, 39 
1721051092815.00, 6383, -594174, 37 
1721051092836.00, 6094, -594038, 37 
1721051092857.00, 5791, -593908, 40 
1721051092879.00, 5700, -593781, 54 
1721051092900.00, 6515, -593655, 74 
1721051092923.00, 8265, -593512, 99 
1721051092944.00, 10756, -593331, 130 
1721051092966.00, 14184, -593096, 166 
1721051092987.00, 18474, -592782, 207 
1721051093009.00, 23301, -592388, 246 
1721051093030.00, 28581, -591882, 291 
1721051093052.00, 34767, -591258, 316 
1721051093074.00, 39777, -590512, 347 
1721051093095.00, 44396, -589659, 395 
1721051093117.00, 49910, -588704, 424 
1721051093138.00, 55220, -587617, 451 
1721051093159.00, 59810, -586420, 482 
1721051093182.00, 64324, -585123, 499 
1721051093203.00, 67943, -583722, 522 
1721051093225.00, 71789, -582261, 482 
1721051093247.00, 71261, -580686, 626 
1721051093268.00, 79698, -579148, 609 
1721051093290.00, 83805, -577417, 558 
1721051093312.00, 82865, -575606, 657 
1721051093333.00, 88252, -573801, 641 
1721051093355.00, 90724, -571890, 652 
1721051093376.00, 92634, -569921, 692 
1721051093398.00, 96157, -567911, 720 
1721051093420.00, 99923, -565831, 729 
1721051093442.00, 102656, -563658, 737 
1721051093463.00, 104568, -561426, 756 
1721051093485.00, 106896, -559156, 775 
1721051093506.00, 109529, -556821, 808 
1721051093529.00, 113068, -554440, 810 
1721051093550.00, 115059, -551978, 814 
1721051093571.00, 116443, -549477, 834 
1721051093594.00, 118253, -546942, 852 
1721051093615.00, 120743, -544357, 830 
1721051093637.00, 120847, -541738, 838 
1721051093659.00, 121056, -539118, 846 
1721051093681.00, 121687, -536476, 848 
1721051093702.00, 122327, -533822, 865 
1721051093724.00, 123602, -531165, 864 
1721051093746.00, 124227, -528474, 861 
1721051093767.00, 124302, -525777, 870 
1721051093789.00, 124913, -523078, 881 
1721051093811.00, 125881, -520351, 877 
1721051093832.00, 126199, -517610, 868 
1721051093854.00, 125716, -514868, 906 
1721051093876.00, 127645, -512125, 949 
1721051093898.00, 131385, -509346, 954 
1721051093919.00, 134084, -506488, 936 
1721051093942.00, 134240, -503570, 931 
1721051093963.00, 133998, -500635, 923 
1721051093984.00, 133528, -497723, 918 
1721051094010.00, 132785, -494810, 928 
1721051094028.00, 133073, -491922, 952 
1721051094049.00, 134749, -489028, 945 
1721051094072.00, 134946, -486089, 981 
1721051094093.00, 137390, -483151, 985 
1721051094121.00, 139057, -480166, 982 
1721051094137.00, 140014, -477138, 988 
1721051094158.00, 140743, -474096, 965 
1721051094180.00, 139541, -471036, 966 
1721051094201.00, 138941, -467987, 945 
1721051094223.00, 137468, -464963, 958 
1721051094245.00, 137177, -461973, 959 
1721051094267.00, 136946, -458986, 965 
1721051094288.00, 137113, -456008, 942 
1721051094310.00, 135999, -453032, 934 
1721051094332.00, 134704, -450064, 890 
1721051094353.00, 131309, -447141, 874 
1721051094376.00, 128313, -444285, 856 
1721051094398.00, 125389, -441508, 827 
1721051094418.00, 121803, -438777, 744 
1721051094445.00, 114605, -436140, 637 
1721051094463.00, 104117, -433650, 512 
1721051094484.00, 90052, -431413, 512 
1721051094506.00, 50585, -429460, 469 
1721051094528.00, 27472, -428371, 426 
1721051094554.00, 13417, -427755, 316 
1721051094571.00, 5344, -427456, 190 
1721051094592.00, 502, -427335, 132 
1721051094613.00, -1618, -427328, 20 
1721051094635.00, -3217, -427368, -133 
1721051094660.00, -11764, -427446, -257 
1721051094678.00, -24887, -427697, -281 
1721051094700.00, -33869, -428238, -476 
1721051094722.00, -50856, -428961, -526 
1721051094743.00, -63853, -430035, -523 
1721051094770.00, -71351, -431432, -610 
1721051094786.00, -80649, -432973, -638 
1721051094808.00, -88028, -434744, -646 
1721051094829.00, -92822, -436644, -703 
1721051094852.00, -98939, -438670, -713 
1721051094880.00, -103168, -440815, -739 
1721051094895.00, -106873, -443068, -804 
1721051094916.00, -112965, -445407, -776 
1721051094939.00, -114867, -447861, -737 
1721051094960.00, -113666, -450365, -817 
1721051094996.00, -117474, -452839, -848 
1721051095004.00, -121617, -455400, -823 
1721051095025.00, -122568, -458059, -837 
1721051095047.00, -123874, -460726, -872 
1721051095069.00, -126636, -463411, -886 
1721051095097.00, -129142, -466163, -891 
1721051095112.00, -130702, -468987, -902 
1721051095134.00, -132166, -471833, -921 
1721051095155.00, -133983, -474722, -887 
1721051095177.00, -133173, -477646, -898 
1721051095203.00, -133199, -480535, -903 
1721051095220.00, -133468, -483434, -913 
1721051095242.00, -134315, -486342, -931 
1721051095264.00, -135887, -489248, -954 
1721051095286.00, -138069, -492210, -963 
1721051095310.00, -139727, -495213, -990 
1721051095329.00, -142149, -498251, -971 
1721051095351.00, -142372, -501354, -955 
1721051095373.00, -141438, -504452, -954 
1721051095394.00, -140662, -507524, -885 
1721051095417.00, -136020, -510584, -839 
1721051095438.00, -130587, -513541, -814 
1721051095460.00, -125822, -516373, -808 
1721051095481.00, -122517, -519108, -831 
1721051095503.00, -121871, -521748, -834 
1721051095525.00, -121453, -524418, -857 
1721051095547.00, -122627, -527061, -874 
1721051095569.00, -124360, -529732, -872 
1721051095590.00, -125253, -532444, -880 
1721051095612.00, -126231, -535167, -923 
1721051095633.00, -129372, -537916, -946 
1721051095656.00, -132528, -540743, -940 
1721051095677.00, -133999, -543630, -929 
1721051095698.00, -134113, -546536, -941 
1721051095721.00, -134998, -549474, -918 
1721051095742.00, -134086, -552407, -975 
1721051095764.00, -136849, -555313, -983 
1721051095785.00, -138955, -558305, -1022 
1721051095807.00, -142582, -561335, -1007 
1721051095829.00, -143847, -564446, -969 
1721051095853.00, -142178, -567576, -979 
1721051095873.00, -141688, -570665, -987 
1721051095894.00, -141802, -573750, -970 
1721051095916.00, -140667, -576834, -939 
1721051095938.00, -138317, -579876, -909 
1721051095960.00, -134871, -582900, -936 
1721051095981.00, -134393, -585823, -846 
1721051096003.00, -128748, -588739, -694 
1721051096024.00, -116261, -591524, -679 
1721051096046.00, -107655, -594035, -593 
1721051096068.00, -61181, -596335, -471 
1721051096090.00, -33581, -597672, -417 
1721051096111.00, -17144, -598420, -308 
1721051096133.00, -7834, -598808, -195 
1721051096155.00, -2491, -598983, -119 
1721051096176.00, 97, -599040, -83 
1721051096197.00, 2172, -599035, 53 
1721051096219.00, 6530, -598975, 288 
1721051096240.00, 22739, -598823, 502 
1721051096262.00, 45848, -598341, 539 
1721051096284.00, 61631, -597360, 750 
1721051096306.00, 83590, -596021, 925 
1721051096327.00, 107107, -594200, 950 
1721051096348.00, 122610, -591852, 1023 
1721051096369.00, 136116, -589167, 1125 
1721051096391.00, 150169, -586179, 1145 
1721051096413.00, 159466, -582882, 1160 
1721051096435.00, 165588, -579397, 1146 
1721051096457.00, 168315, -575772, 1140 
1721051096479.00, 169356, -572106, 1136 
1721051096500.00, 169742, -568400, 1083 
1721051096527.00, 166541, -564692, 1094 
1721051096544.00, 165132, -561061, 1086 
1721051096565.00, 163628, -557461, 1046 
1721051096587.00, 160444, -553891, 1076 
1721051096609.00, 160149, -550384, 1082 
1721051096634.00, 160307, -546891, 1105 
1721051096653.00, 161625, -543380, 1143 
1721051096675.00, 164464, -539859, 1190 
1721051096696.00, 169007, -536257, 1230 
1721051096718.00, 174165, -532554, 1244 
1721051096750.00, 174770, -528742, 1231 
1721051096761.00, 174721, -524917, 1190 
1721051096784.00, 174797, -521113, 1159 
1721051096806.00, 173012, -517296, 1134 
1721051096828.00, 170364, -513523, 1099 
1721051096850.00, 166785, -509816, 1065 
1721051096870.00, 162577, -506185, 1074 
1721051096893.00, 160237, -502619, 1065 
1721051096915.00, 158027, -499128, 1058 
1721051096937.00, 156469, -495677, 1062 
1721051096958.00, 155760, -492244, 1071 
1721051096981.00, 155815, -488849, 1072 
1721051097002.00, 155803, -485448, 1060 
1721051097024.00, 155015, -482033, 1062 
1721051097045.00, 154634, -478656, 1052 
1721051097068.00, 153766, -475272, 1034 
1721051097089.00, 151986, -471923, 1017 
1721051097113.00, 149832, -468597, 995 
1721051097133.00, 147236, -465344, 952 
1721051097156.00, 143126, -462140, 959 
1721051097178.00, 140945, -459029, 949 
1721051097198.00, 139106, -455970, 918 
1721051097221.00, 136131, -452948, 903 
1721051097243.00, 133175, -449984, 885 
1721051097266.00, 130422, -447085, 853 
1721051097286.00, 126802, -444262, 815 
1721051097308.00, 122305, -441509, 743 
1721051097330.00, 115181, -438849, 635 
1721051097351.00, 104617, -436358, 539 
1721051097373.00, 92363, -434101, 410 
1721051097394.00, 77283, -432125, 293 
1721051097416.00, 43534, -430460, 165 
1721051097438.00, 23429, -429507, 97 
1721051097459.00, 11904, -428998, -51 
1721051097481.00, 1854, -428742, -117 
1721051097503.00, -7631, -428694, -148 
1721051097524.00, -15282, -428847, -230 
1721051097546.00, -25020, -429174, -316 
1721051097567.00, -35903, -429704, -389 
1721051097589.00, -46334, -430482, -585 
1721051097611.00, -64435, -431494, -673 
1721051097632.00, -80459, -432883, -731 
1721051097654.00, -93520, -434647, -767 
1721051097675.00, -103316, -436675, -835 
1721051097697.00, -113027, -438934, -831 
1721051097722.00, -118540, -441396, -821 
1721051097741.00, -121005, -443990, -875 
1721051097762.00, -125603, -446626, -896 
1721051097784.00, -129611, -449343, -873 
1721051097806.00, -130418, -452185, -893 
1721051097832.00, -132053, -455031, -947 
1721051097850.00, -136031, -457909, -942 
1721051097871.00, -138029, -460874, -964 
1721051097893.00, -140451, -463869, -968 
1721051097915.00, -142124, -466936, -962 
1721051097940.00, -142594, -470032, -985 
1721051097957.00, -144252, -473128, -998 
1721051097980.00, -146007, -476271, -979 
1721051098001.00, -145712, -479446, -969 
1721051098023.00, -145021, -482603, -962 
1721051098050.00, -143979, -485756, -962 
1721051098067.00, -143192, -488887, -963 
1721051098088.00, -142662, -492009, -958 
1721051098110.00, -142137, -495114, -952 
1721051098131.00, -141164, -498194, -955 
1721051098156.00, -140766, -501273, -936 
1721051098175.00, -139256, -504341, -977 
1721051098197.00, -140627, -507376, -957 
1721051098218.00, -140380, -510441, -945 
1721051098240.00, -139341, -513496, -957 
1721051098262.00, -139450, -516535, -974 
1721051098283.00, -140192, -519573, -958 
1721051098305.00, -139993, -522615, -949 
1721051098326.00, -139266, -525672, -1005 
1721051098348.00, -142344, -528708, -1000 
1721051098371.00, -143728, -531812, -1073 
1721051098392.00, -148768, -534967, -1105 
1721051098414.00, -153817, -538213, -1056 
1721051098435.00, -153866, -541584, -1081 
1721051098457.00, -155266, -544934, -1044 
1721051098481.00, -153583, -548330, -1075 
1721051098501.00, -154199, -551687, -1040 
1721051098523.00, -152659, -555051, -1029 
1721051098544.00, -151030, -558393, -1080 
1721051098566.00, -153028, -561686, -1055 
1721051098588.00, -152779, -565033, -1052 
1721051098609.00, -152374, -568380, -1073 
1721051098631.00, -153354, -571683, -1073 
1721051098653.00, -153730, -575051, -1048 
1721051098675.00, -152436, -578400, -1016 
1721051098699.00, -149718, -581739, -1002 
1721051098720.00, -147136, -584997, -957 
1721051098742.00, -142911, -588187, -888 
1721051098764.00, -136154, -591293, -852 
1721051098785.00, -129953, -594240, -761 
1721051098808.00, -73694, -597034, -787 
1721051098829.00, -40341, -598664, -785 
1721051098850.00, -20878, -599543, -662 
1721051098872.00, -9785, -600022, -608 
1721051098893.00, -3429, -600247, -497 
1721051098915.00, 43, -600319, -414 
1721051098936.00, 1790, -600321, -300 
1721051098958.00, 3017, -600284, -136 
1721051098979.00, 3928, -600212, -6 
1721051099001.00, 4477, -600100, 220 
1721051099023.00, 17861, -599985, 490 
1721051099044.00, 41867, -599607, 606 
1721051099066.00, 63243, -598730, 729 
1721051099088.00, 83375, -597347, 825 
1721051099109.00, 100984, -595539, 933 
1721051099131.00, 117792, -593326, 990 
1721051099155.00, 131034, -590749, 1050 
1721051099173.00, 142335, -587879, 1103 
1721051099195.00, 152135, -584747, 1146 
1721051099217.00, 160431, -581418, 1141 
1721051099239.00, 164971, -577900, 1115 
1721051099264.00, 165931, -574288, 1130 
1721051099282.00, 167318, -570675, 1127 
1721051099304.00, 167884, -567018, 1136 
1721051099326.00, 168398, -563355, 1141 
1721051099348.00, 168972, -559664, 1136 
1721051099369.00, 168892, -555990, 1149 
1721051099392.00, 169577, -552291, 1135 
1721051099413.00, 169047, -548590, 1124 
1721051099435.00, 167877, -544886, 1155 
1721051099456.00, 169136, -541219, 1142 
1721051099479.00, 168893, -537532, 1139 
1721051099501.00, 168472, -533838, 1167 
1721051099522.00, 169722, -530157, 1200 
1721051099544.00, 172645, -526455, 1148 
1721051099566.00, 171123, -522688, 1193 
1721051099587.00, 172785, -518942, 1210 
1721051099609.00, 174634, -515170, 1201 
1721051099632.00, 174728, -511350, 1162 
1721051099653.00, 172650, -507536, 1149 
1721051099675.00, 170592, -503770, 1158 
1721051099697.00, 169907, -500035, 1160 
1721051099719.00, 169652, -496337, 1130 
1721051099740.00, 167686, -492626, 1121 
1721051099762.00, 165735, -488964, 1125 
1721051099784.00, 164761, -485355, 1110 
1721051099806.00, 163111, -481744, 1085 
1721051099827.00, 160657, -478181, 1083 
1721051099850.00, 158887, -474683, 1101 
1721051099871.00, 158894, -471211, 1112 
1721051099893.00, 159603, -467734, 1131 
1721051099915.00, 161161, -464244, 1123 
1721051099937.00, 161557, -460721, 1120 
1721051099958.00, 161577, -457202, 1065 
1721051099981.00, 158094, -453662, 1027 
1721051100002.00, 153975, -450218, 1004 
1721051100025.00, 150120, -446857, 986 
1721051100047.00, 146563, -443607, 953 
1721051100068.00, 142122, -440434, 872 
1721051100091.00, 134758, -437347, 744 
1721051100112.00, 122453, -434433, 650 
1721051100134.00, 109308, -431794, 536 
1721051100156.00, 62028, -429425, 386 
1721051100177.00, 33989, -428103, 318 
1721051100198.00, 17518, -427350, 151 
1721051100220.00, 7792, -426958, 93 
1721051100242.00, 2309, -426782, 8 
1721051100263.00, -239, -426736, -84 
1721051100285.00, -7110, -426747, -170 
1721051100306.00, -16565, -426901, -278 
1721051100327.00, -28731, -427254, -354 
1721051100349.00, -40279, -427883, -587 
1721051100372.00, -61234, -428754, -670 
1721051100393.00, -78811, -430063, -719 
1721051100414.00, -92110, -431779, -776 
1721051100436.00, -103393, -433766, -806 
1721051100458.00, -111532, -436026, -827 
1721051100479.00, -117477, -438473, -859 
1721051100501.00, -122712, -441032, -871 
1721051100523.00, -126543, -443709, -886 
1721051100545.00, -129548, -446459, -904 
1721051100566.00, -132388, -449277, -925 
1721051100588.00, -135187, -452179, -944 
1721051100610.00, -137965, -455122, -943 
1721051100632.00, -139333, -458133, -936 
1721051100653.00, -139562, -461165, -939 
1721051100675.00, -139966, -464201, -949 
1721051100697.00, -140660, -467250, -933 
1721051100719.00, -140083, -470316, -934 
1721051100740.00, -139582, -473345, -963 
1721051100762.00, -141155, -476394, -903 
1721051100784.00, -138397, -479463, -910 
1721051100806.00, -136958, -482459, -948 
1721051100827.00, -138383, -485447, -943 
1721051100849.00, -138837, -488456, -937 
1721051100871.00, -138709, -491486, -973 
1721051100891.00, -140461, -494506, -1016 
1721051100914.00, -143995, -497573, -992 
1721051100936.00, -144685, -500710, -934 
1721051100957.00, -141401, -503869, -903 
1721051100979.00, -137731, -506937, -846 
1721051101001.00, -131699, -509930, -812 
1721051101022.00, -126200, -512788, -853 
1721051101044.00, -125667, -515531, -833 
1721051101066.00, -123905, -518265, -936 
1721051101088.00, -129097, -520964, -957 
1721051101110.00, -133288, -523783, -947 
1721051101131.00, -135251, -526690, -981 
1721051101153.00, -138334, -529631, -974 
1721051101174.00, -139748, -532642, -964 
1721051101197.00, -139722, -535701, -996 
1721051101222.00, -141719, -538719, -1012 
1721051101240.00, -143904, -541831, -994 
1721051101261.00, -144106, -544951, -975 
1721051101282.00, -142901, -548086, -1002 
1721051101305.00, -143885, -551217, -994 
1721051101329.00, -143834, -554332, -986 
1721051101349.00, -143331, -557473, -970 
1721051101371.00, -142058, -560577, -943 
1721051101392.00, -139614, -563662, -971 
1721051101414.00, -139486, -566706, -972 
1721051101436.00, -139772, -569738, -901 
1721051101457.00, -135530, -572770, -935 
1721051101479.00, -134830, -575717, -886 
1721051101501.00, -131566, -578633, -789 
1721051101523.00, -123648, -581490, -766 
1721051101544.00, -117566, -584174, -803 
1721051101565.00, -116149, -586719, -681 
1721051101588.00, -108190, -589233, -641 
1721051101610.00, -100438, -591579, -611 
1721051101631.00, -94247, -593749, -488 
1721051101652.00, -53575, -595772, -411 
1721051101674.00, -29202, -596932, -376 
1721051101696.00, -14913, -597589, -298 
1721051101718.00, -6456, -597924, -220 
1721051101739.00, -1600, -598068, -134 
1721051101761.00, 593, -598104, -54 
1721051101781.00, 2358, -598094, 68 
1721051101803.00, 7571, -598033, 209 
1721051101825.00, 19079, -597859, 398 
1721051101847.00, 37408, -597453, 516 
1721051101869.00, 55183, -596657, 692 
1721051101890.00, 76152, -595472, 838 
1721051101911.00, 97390, -593804, 892 
1721051101934.00, 113170, -591690, 958 
1721051101955.00, 126317, -589220, 987 
1721051101976.00, 135811, -586452, 1000 
1721051101998.00, 142081, -583473, 1025 
1721051102020.00, 147060, -580359, 1054 
1721051102041.00, 151610, -577138, 1024 
1721051102062.00, 152560, -573820, 1044 
1721051102085.00, 154321, -570495, 1063 
1721051102106.00, 156293, -567115, 1074 
1721051102128.00, 158095, -563708, 1116 
1721051102150.00, 161510, -560257, 1108 
1721051102172.00, 162885, -556723, 1124 
1721051102194.00, 164460, -553168, 1113 
1721051102215.00, 164804, -549575, 1094 
1721051102238.00, 163865, -545980, 1134 
1721051102259.00, 165708, -542402, 1141 
1721051102281.00, 166965, -538792, 1141 
1721051102303.00, 167491, -535130, 1161 
1721051102325.00, 169092, -531468, 1147 
1721051102347.00, 168913, -527766, 1133 
1721051102368.00, 167927, -524082, 1111 
1721051102390.00, 165807, -520421, 1112 
1721051102411.00, 164680, -516797, 1075 
1721051102434.00, 161777, -513206, 1079 
1721051102456.00, 160370, -509668, 1064 
1721051102478.00, 158538, -506186, 1071 
1721051102499.00, 157697, -502718, 1080 
1721051102521.00, 157630, -499266, 1044 
1721051102543.00, 155416, -495828, 1046 
1721051102564.00, 154110, -492445, 1038 
1721051102586.00, 152753, -489081, 1060 
1721051102608.00, 153190, -485742, 1053 
1721051102630.00, 153029, -482390, 1070 
1721051102651.00, 153826, -479051, 1077 
1721051102673.00, 154567, -475689, 1073 
1721051102695.00, 154772, -472317, 1037 
1721051102717.00, 152812, -468928, 1037 
1721051102740.00, 151463, -465595, 1023 
1721051102761.00, 149859, -462284, 1009 
1721051102784.00, 147888, -459015, 974 
1721051102806.00, 144687, -455805, 979 
1721051102827.00, 142957, -452663, 959 
1721051102849.00, 140555, -449555, 971 
1721051102874.00, 140005, -446493, 945 
1721051102893.00, 138216, -443451, 957 
1721051102914.00, 137554, -440456, 927 
1721051102935.00, 135481, -437455, 898 
1721051102958.00, 132429, -434523, 864 
1721051102979.00, 128568, -431649, 817 
1721051103001.00, 73133, -428876, 714 
1721051103022.00, 40231, -427280, 760 
1721051103044.00, 21136, -426402, 564 
1721051103066.00, 9908, -425930, 459 
1721051103087.00, 3342, -425710, 308 
1721051103108.00, -64, -425647, 153 
1721051103130.00, -2125, -425650, 17 
1721051103152.00, -3389, -425698, -125 
1721051103173.00, -11702, -425780, -285 
1721051103195.00, -26014, -426026, -365 
1721051103216.00, -39176, -426580, -568 
1721051103238.00, -59288, -427429, -612 
1721051103260.00, -73899, -428710, -685 
1721051103281.00, -87053, -430309, -711 
1721051103305.00, -96116, -432200, -732 
1721051103325.00, -102791, -434289, -776 
1721051103346.00, -109130, -436521, -792 
1721051103368.00, -113659, -438908, -803 
1721051103389.00, -117000, -441388, -792 
1721051103412.00, -118257, -443940, -780 
1721051103433.00, -118276, -446514, -803 
1721051103455.00, -119288, -449073, -845 
1721051103477.00, -122295, -451695, -788 
1721051103499.00, -120770, -454357, -807 
1721051103521.00, -120853, -456969, -851 
1721051103541.00, -123458, -459610, -822 
1721051103564.00, -123046, -462293, -833 
1721051103586.00, -123588, -464972, -826 
1721051103607.00, -123253, -467674, -801 
1721051103629.00, -121678, -470356, -756 
1721051103651.00, -117771, -472980, -751 
1721051103672.00, -115251, -475551, -761 
1721051103694.00, -114223, -478060, -702 
1721051103716.00, -109903, -480541, -750 
1721051103739.00, -110246, -482922, -731 
1721051103759.00, -109363, -485329, -750 
1721051103780.00, -109454, -487713, -820 
1721051103803.00, -114101, -490093, -791 
1721051103825.00, -115246, -492588, -832 
1721051103849.00, -118080, -495090, -886 
1721051103867.00, -122898, -497662, -885 
1721051103889.00, -125401, -500355, -891 
1721051103911.00, -127643, -503096, -898 
1721051103933.00, -129277, -505859, -911 
1721051103954.00, -130948, -508678, -929 
1721051103976.00, -132946, -511533, -946 
1721051103998.00, -135080, -514412, -935 
1721051104019.00, -135600, -517367, -934 
1721051104042.00, -135851, -520323, -925 
1721051104065.00, -135363, -523274, -954 
1721051104085.00, -136818, -526235, -977 
1721051104107.00, -138881, -529193, -957 
1721051104127.00, -138837, -532227, -1008 
1721051104149.00, -142090, -535260, -1015 
1721051104172.00, -144290, -538355, -978 
1721051104194.00, -143225, -541510, -998 
1721051104214.00, -143827, -544617, -1006 
1721051104237.00, -144593, -547753, -995 
1721051104259.00, -144314, -550910, -981 
1721051104280.00, -143301, -554042, -1004 
1721051104303.00, -144109, -557178, -977 
1721051104325.00, -142783, -560307, -973 
1721051104346.00, -141723, -563393, -965 
1721051104367.00, -140559, -566491, -911 
1721051104395.00, -136503, -569545, -892 
1721051104411.00, -132905, -572506, -894 
1721051104433.00, -130914, -575404, -835 
1721051104455.00, -126180, -578234, -851 
1721051104477.00, -124242, -580976, -832 
1721051104499.00, -122109, -583671, -787 
1721051104519.00, -117855, -586318, -822 
1721051104541.00, -117271, -588890, -841 
1721051104564.00, -118267, -591432, -750 
1721051104585.00, -113363, -593999, -713 
1721051104608.00, -64314, -596434, -670 
1721051104628.00, -35192, -597840, -574 
1721051104649.00, -18078, -598631, -540 
1721051104672.00, -8202, -599043, -488 
1721051104693.00, -2684, -599226, -405 
1721051104715.00, 67, -599287, -366 
1721051104737.00, 1855, -599288, -290 
1721051104758.00, 3177, -599251, -167 
1721051104779.00, 3990, -599180, -45 
1721051104801.00, 4457, -599080, 135 
1721051104824.00, 12340, -598958, 395 
1721051104844.00, 33051, -598682, 515 
1721051104865.00, 52456, -597976, 733 
1721051104888.00, 76943, -596846, 841 
1721051104909.00, 98096, -595178, 932 
1721051104930.00, 116099, -593024, 1019 
1721051104952.00, 131695, -590481, 1070 
1721051104973.00, 143847, -587589, 1099 
1721051104995.00, 152880, -584418, 1140 
1721051105017.00, 160405, -581069, 1179 
1721051105039.00, 167252, -577562, 1193 
1721051105060.00, 172152, -573900, 1143 
1721051105082.00, 171813, -570142, 1176 
1721051105104.00, 173567, -566383, 1189 
1721051105126.00, 174685, -562605, 1177 
1721051105147.00, 174722, -558772, 1212 
1721051105170.00, 174735, -554963, 1241 
1721051105192.00, 174755, -551144, 1257 
1721051105213.00, 174551, -547329, 1260 
1721051105235.00, 174773, -543508, 1270 
1721051105257.00, 174719, -539706, 1281 
1721051105279.00, 174697, -535888, 1282 
1721051105301.00, 174631, -532062, 1261 
1721051105322.00, 174905, -528250, 1236 
1721051105344.00, 174066, -524438, 1232 
1721051105366.00, 173198, -520633, 1223 
1721051105387.00, 172207, -516851, 1219 
1721051105410.00, 171478, -513091, 1205 
1721051105431.00, 170285, -509346, 1197 
1721051105454.00, 169111, -505625, 1190 
1721051105475.00, 167847, -501938, 1205 
1721051105496.00, 168065, -498259, 1185 
1721051105519.00, 166838, -494592, 1198 
1721051105540.00, 167110, -490947, 1202 
1721051105562.00, 167348, -487294, 1231 
1721051105584.00, 169315, -483635, 1228 
1721051105606.00, 170321, -479933, 1206 
1721051105628.00, 169759, -476219, 1203 
1721051105650.00, 169142, -472513, 1206 
1721051105671.00, 168841, -468821, 1167 
1721051105693.00, 166301, -465135, 1145 
1721051105714.00, 163448, -461504, 1147 
1721051105737.00, 161807, -457935, 1139 
1721051105759.00, 160617, -454407, 1126 
1721051105780.00, 159238, -450894, 1120 
1721051105802.00, 157971, -447423, 1103 
1721051105826.00, 156197, -443975, 1090 
1721051105846.00, 154459, -440570, 1074 
1721051105869.00, 152371, -437198, 1045 
1721051105889.00, 149360, -433869, 1005 
1721051105912.00, 145096, -430625, 952 
1721051105934.00, 80142, -427491, 866 
1721051105955.00, 41913, -425735, 883 
1721051105977.00, 20015, -424828, 615 
1721051105999.00, 7610, -424368, 514 
1721051106020.00, 103, -424202, 387 
1721051106042.00, -3685, -424194, 196 
1721051106063.00, -6229, -424280, 44 
1721051106085.00, -7563, -424418, -138 
1721051106106.00, -16489, -424594, -296 
1721051106128.00, -31098, -424949, -378 
1721051106150.00, -44410, -425617, -551 
1721051106171.00, -62868, -426565, -603 
1721051106193.00, -76764, -427941, -690 
1721051106215.00, -90115, -429603, -763 
1721051106236.00, -102565, -431570, -807 
1721051106258.00, -112174, -433799, -780 
1721051106280.00, -116374, -436253, -776 
1721051106301.00, -118028, -438787, -779 
1721051106323.00, -119248, -441362, -717 
1721051106345.00, -116336, -443953, -612 
1721051106367.00, -108158, -446478, -677 
1721051106388.00, -106677, -448812, -718 
1721051106410.00, -108425, -451164, -700 
1721051106432.00, -108413, -453516, -730 
1721051106454.00, -110068, -455872, -771 
1721051106475.00, -113263, -458276, -805 
1721051106497.00, -117194, -460748, -836 
1721051106518.00, -121309, -463288, -815 
1721051106540.00, -122325, -465926, -836 
1721051106562.00, -124064, -468607, -814 
1721051106584.00, -123719, -471307, -771 
1721051106605.00, -120663, -473994, -788 
1721051106627.00, -120095, -476621, -777 
1721051106648.00, -118860, -479228, -777 
1721051106671.00, -118077, -481801, -789 
1721051106693.00, -118287, -484394, -808 
1721051106714.00, -119352, -486968, -874 
1721051106736.00, -124083, -489565, -892 
1721051106758.00, -127769, -492262, -903 
1721051106780.00, -130431, -495060, -957 
1721051106802.00, -135210, -497892, -948 
1721051106823.00, -137411, -500856, -908 
1721051106845.00, -136326, -503849, -927 
1721051106866.00, -136766, -506806, -919 
1721051106888.00, -136213, -509787, -924 
1721051106914.00, -136463, -512745, -943 
1721051106932.00, -137521, -515710, -935 
1721051106953.00, -137792, -518705, -944 
1721051106975.00, -138367, -521698, -985 
1721051106997.00, -141172, -524706, -921 
1721051107018.00, -138697, -527774, -896 
1721051107040.00, -135660, -530786, -929 
1721051107062.00, -135673, -533746, -879 
1721051107083.00, -132676, -536698, -856 
1721051107105.00, -129338, -539579, -874 
1721051107127.00, -128311, -542403, -835 
1721051107149.00, -125607, -545186, -837 
1721051107170.00, -123979, -547907, -864 
1721051107192.00, -124543, -550608, -808 
1721051107214.00, -121485, -553319, -804 
1721051107236.00, -119371, -555959, -819 
1721051107258.00, -118971, -558555, -780 
1721051107279.00, -116545, -561134, -788 
1721051107301.00, -115288, -563651, -788 
1721051107322.00, -114455, -566173, -721 
1721051107347.00, -109720, -568667, -700 
1721051107367.00, -105979, -571034, -688 
1721051107388.00, -102951, -573338, -660 
1721051107409.00, -99359, -575587, -666 
1721051107431.00, -97655, -577730, -693 
1721051107457.00, -98146, -579837, -686 
1721051107474.00, -97987, -581985, -644 
1721051107496.00, -95361, -584094, -639 
1721051107518.00, -93530, -586160, -583 
1721051107539.00, -88814, -588183, -544 
1721051107561.00, -83780, -590097, -483 
1721051107582.00, -76944, -591906, -389 
1721051107604.00, -67121, -593564, -291 
1721051107626.00, -38021, -595009, -217 
1721051107647.00, -20528, -595851, -172 
1721051107669.00, -10496, -596308, -125 
1721051107691.00, -4345, -596538, -77 
1721051107712.00, -853, -596642, -57 
1721051107733.00, 445, -596661, -9 
1721051107755.00, 1671, -596656, 16 
1721051107776.00, 3445, -596619, 106 
1721051107798.00, 9925, -596537, 177 
1721051107819.00, 18083, -596317, 283 
1721051107841.00, 29028, -595924, 442 
1721051107862.00, 45409, -595308, 488 
1721051107889.00, 57872, -594323, 684 
1721051107905.00, 76908, -593068, 734 
1721051107927.00, 91135, -591396, 769 
1721051107949.00, 101680, -589419, 817 
1721051107971.00, 110651, -587194, 866 
1721051107992.00, 118766, -584779, 931 
1721051108014.00, 127476, -582188, 978 
1721051108035.00, 135391, -579400, 1003 
1721051108057.00, 141470, -576424, 1032 
1721051108079.00, 146638, -573335, 1042 
1721051108101.00, 150383, -570119, 1084 
1721051108122.00, 155037, -566828, 1110 
1721051108144.00, 159151, -563449, 1096 
1721051108165.00, 160662, -559969, 1123 
1721051108188.00, 162984, -556450, 1142 
1721051108210.00, 165286, -552882, 1133 
1721051108231.00, 166343, -549267, 1140 
1721051108253.00, 167257, -545645, 1147 
1721051108275.00, 168107, -541981, 1156 
1721051108297.00, 169049, -538313, 1145 
1721051108319.00, 169000, -534612, 1145 
1721051108340.00, 168644, -530934, 1145 
1721051108362.00, 168377, -527241, 1151 
1721051108384.00, 168399, -523571, 1149 
1721051108406.00, 168344, -519883, 1155 
1721051108428.00, 168701, -516215, 1152 
1721051108450.00, 168589, -512523, 1112 
1721051108472.00, 165933, -508840, 1143 
1721051108493.00, 166283, -505214, 1145 
1721051108515.00, 166554, -501591, 1154 
1721051108537.00, 167242, -497944, 1193 
1721051108558.00, 169852, -494291, 1255 
1721051108580.00, 174584, -490582, 1263 
1721051108602.00, 174872, -486756, 1265 
1721051108624.00, 174994, -482930, 1276 
1721051108646.00, 174573, -479104, 1292 
1721051108668.00, 174560, -475289, 1279 
1721051108689.00, 174582, -471480, 1267 
1721051108711.00, 174756, -467657, 1265 
1721051108732.00, 174846, -463841, 1235 
1721051108754.00, 174686, -460024, 1223 
1721051108776.00, 174697, -456216, 1207 
1721051108799.00, 174542, -452399, 1157 
1721051108820.00, 171678, -448579, 1132 
1721051108842.00, 168408, -444834, 1088 
1721051108864.00, 163793, -441175, 1054 
1721051108886.00, 159021, -437589, 1042 
1721051108908.00, 155292, -434125, 1004 
1721051108930.00, 150676, -430748, 919 
1721051108952.00, 85653, -427500, 819 
1721051108974.00, 47444, -425628, 845 
1721051108996.00, 25222, -424606, 585 
1721051109017.00, 12504, -424033, 499 
1721051109039.00, 4959, -423753, 356 
1721051109060.00, 512, -423655, 157 
1721051109081.00, -1383, -423650, -32 
1721051109103.00, -4533, -423683, -218 
1721051109125.00, -18180, -423785, -306 
1721051109147.00, -30745, -424173, -536 
1721051109168.00, -52212, -424843, -619 
1721051109189.00, -69775, -425954, -669 
1721051109211.00, -83321, -427474, -726 
1721051109232.00, -94658, -429280, -731 
1721051109255.00, -101529, -431345, -759 
1721051109276.00, -107321, -433553, -752 
1721051109298.00, -109918, -435901, -750 
1721051109320.00, -111521, -438308, -763 
1721051109342.00, -113216, -440727, -778 
1721051109363.00, -114959, -443191, -770 
1721051109385.00, -115476, -445690, -768 
1721051109406.00, -115467, -448212, -862 
1721051109431.00, -121219, -450724, -790 
1721051109450.00, -120223, -453364, -836 
1721051109471.00, -122135, -455967, -794 
1721051109494.00, -120714, -458633, -761 
1721051109516.00, -117869, -461260, -716 
1721051109538.00, -113523, -463816, -738 
1721051109559.00, -111987, -466276, -812 
1721051109581.00, -115699, -468725, -829 
1721051109602.00, -118476, -471246, -862 
1721051109624.00, -122116, -473827, -906 
1721051109646.00, -127179, -476491, -924 
1721051109668.00, -131033, -479250, -904 
1721051109689.00, -132070, -482096, -927 
1721051109711.00, -133847, -484987, -922 
1721051109733.00, -134501, -487898, -872 
1721051109754.00, -131760, -490831, -874 
1721051109776.00, -130273, -493706, -876 
1721051109798.00, -129563, -496530, -872 
1721051109820.00, -128794, -499342, -947 
1721051109841.00, -132806, -502147, -952 
1721051109865.00, -135364, -505036, -947 
1721051109884.00, -136707, -507994, -959 
1721051109906.00, -138193, -510969, -978 
1721051109928.00, -139919, -513968, -971 
1721051109950.00, -140492, -517035, -968 
1721051109973.00, -140741, -520085, -949 
1721051109994.00, -139589, -523146, -951 
1721051110015.00, -138746, -526192, -984 
1721051110037.00, -140117, -529192, -928 
1721051110059.00, -137777, -532244, -890 
1721051110082.00, -134024, -535246, -919 
1721051110102.00, -133687, -538150, -897 
1721051110124.00, -132066, -541058, -890 
1721051110146.00, -130639, -543933, -904 
1721051110167.00, -130489, -546761, -873 
1721051110191.00, -128435, -549618, -890 
1721051110211.00, -128179, -552414, -892 
1721051110232.00, -128346, -555176, -888 
1721051110254.00, -128192, -557974, -907 
1721051110276.00, -129045, -560766, -947 
1721051110303.00, -131978, -563554, -893 
1721051110319.00, -130587, -566447, -909 
1721051110341.00, -130279, -569275, -925 
1721051110362.00, -131269, -572101, -857 
1721051110384.00, -127670, -574957, -842 
1721051110409.00, -124575, -577722, -804 
1721051110427.00, -120460, -580425, -778 
1721051110449.00, -116461, -583047, -755 
1721051110471.00, -112394, -585580, -737 
1721051110493.00, -108765, -588000, -672 
1721051110515.00, -102875, -590370, -624 
1721051110536.00, -96544, -592598, -564 
1721051110557.00, -88870, -594681, -463 
1721051110579.00, -50212, -596581, -374 
1721051110601.00, -27073, -597678, -286 
1721051110623.00, -13409, -598288, -162 
1721051110644.00, -5577, -598600, -128 
1721051110666.00, -998, -598728, -95 
1721051110687.00, 986, -598752, -29 
1721051110709.00, 2471, -598734, 79 
1721051110730.00, 8103, -598676, 184 
1721051110752.00, 17782, -598491, 317 
1721051110774.00, 31699, -598103, 452 
1721051110795.00, 47807, -597430, 510 
1721051110817.00, 60708, -596398, 685 
1721051110838.00, 78958, -595080, 772 
1721051110859.00, 94909, -593355, 808 
1721051110882.00, 106551, -591291, 858 
1721051110904.00, 116494, -588969, 874 
1721051110926.00, 123125, -586424, 865 
1721051110947.00, 126328, -583744, 872 
1721051110968.00, 128544, -580994, 872 
1721051110990.00, 129713, -578192, 871 
1721051111012.00, 130396, -575365, 897 
1721051111034.00, 132100, -572530, 965 
1721051111055.00, 137284, -569658, 957 
1721051111077.00, 139746, -566656, 987 
1721051111097.00, 142628, -563619, 1026 
1721051111121.00, 146906, -560492, 990 
1721051111142.00, 146955, -557291, 981 
1721051111164.00, 146532, -554100, 998 
1721051111186.00, 147361, -550912, 977 
1721051111208.00, 146398, -547708, 986 
1721051111228.00, 146215, -544525, 1010 
1721051111250.00, 147469, -541330, 1053 
1721051111272.00, 150855, -538103, 1087 
1721051111293.00, 154794, -534808, 1119 
1721051111315.00, 158932, -531415, 1142 
1721051111337.00, 162720, -527933, 1141 
1721051111359.00, 164710, -524389, 1128 
1721051111381.00, 165045, -520785, 1109 
1721051111403.00, 164038, -517181, 1107 
1721051111424.00, 163306, -513597, 1104 
1721051111447.00, 162631, -510039, 1080 
1721051111468.00, 160674, -506480, 1062 
1721051111490.00, 158347, -502971, 1050 
1721051111512.00, 156073, -499506, 1037 
1721051111535.00, 154099, -496095, 987 
1721051111557.00, 149747, -492765, 927 
1721051111578.00, 143628, -489502, 937 
1721051111600.00, 140620, -486397, 971 
1721051111620.00, 140634, -483332, 1033 
1721051111642.00, 144163, -480266, 1063 
1721051111664.00, 148215, -477105, 1083 
1721051111685.00, 151680, -473869, 1078 
1721051111708.00, 153450, -470549, 1096 
1721051111729.00, 155701, -467190, 1072 
1721051111751.00, 155469, -463790, 1056 
1721051111773.00, 154218, -460389, 1042 
1721051111795.00, 152542, -457041, 1046 
1721051111817.00, 151776, -453699, 1027 
1721051111838.00, 150244, -450383, 1017 
1721051111860.00, 148283, -447113, 1013 
1721051111882.00, 147138, -443866, 1012 
1721051111905.00, 146269, -440680, 982 
1721051111927.00, 143971, -437492, 917 
1721051111949.00, 138343, -434366, 830 
1721051111971.00, 129807, -431375, 695 
1721051111992.00, 73705, -428582, 548 
1721051112014.00, 40873, -426971, 547 
1721051112035.00, 21844, -426082, 417 
1721051112057.00, 10667, -425602, 410 
1721051112078.00, 3962, -425366, 332 
1721051112100.00, -1, -425288, 197 
1721051112121.00, -1937, -425293, 40 
1721051112143.00, -1485, -425336, -97 
1721051112163.00, -6478, -425379, -268 
1721051112185.00, -19971, -425520, -293 
1721051112207.00, -29507, -425954, -520 
1721051112229.00, -48850, -426586, -575 
1721051112250.00, -63758, -427632, -594 
1721051112273.00, -73615, -429020, -657 
1721051112294.00, -83060, -430611, -688 
1721051112316.00, -90671, -432418, -723 
1721051112337.00, -97289, -434394, -751 
1721051112359.00, -103016, -436500, -753 
1721051112381.00, -106378, -438750, -738 
1721051112402.00, -107286, -441065, -773 
1721051112424.00, -109755, -443408, -747 
1721051112446.00, -109822, -445786, -732 
1721051112467.00, -108852, -448179, -777 
1721051112489.00, -110880, -450553, -808 
1721051112511.00, -113861, -452964, -807 
1721051112533.00, -115530, -455442, -810 
1721051112554.00, -116721, -457967, -828 
1721051112576.00, -118377, -460508, -782 
1721051112597.00, -116611, -463072, -806 
1721051112620.00, -116843, -465607, -810 
1721051112641.00, -116922, -468164, -763 
1721051112663.00, -114411, -470711, -733 
1721051112685.00, -111053, -473187, -778 
1721051112707.00, -111708, -475603, -799 
1721051112728.00, -113469, -478044, -702 
1721051112750.00, -108579, -480503, -791 
1721051112771.00, -111017, -482862, -827 
1721051112793.00, -114541, -485285, -801 
1721051112818.00, -115241, -487782, -831 
1721051112837.00, -117230, -490291, -868 
1721051112858.00, -120625, -492844, -828 
1721051112880.00, -120116, -495465, -892 
1721051112902.00, -123622, -498075, -873 
1721051112925.00, -124584, -500781, -837 
1721051112945.00, -122915, -503496, -901 
1721051112967.00, -125732, -506156, -880 
1721051112988.00, -126360, -508899, -876 
1721051113011.00, -126139, -511643, -901 
1721051113037.00, -127626, -514376, -791 
1721051113054.00, -120192, -517176, -862 
1721051113076.00, -120254, -519791, -799 
1721051113098.00, -116517, -522390, -812 
1721051113120.00, -114946, -524923, -818 
1721051113146.00, -114463, -527424, -824 
1721051113163.00, -114476, -529920, -826 
1721051113185.00, -114727, -532406, -811 
1721051113206.00, -113962, -534900, -812 
1721051113227.00, -113630, -537384, -799 
1721051113250.00, -112458, -539854, -791 
1721051113271.00, -111547, -542304, -754 
1721051113293.00, -108746, -544714, -714 
1721051113315.00, -104647, -547063, -702 
1721051113336.00, -101104, -549349, -676 
1721051113362.00, -97816, -551541, -599 
1721051113380.00, -91044, -553649, -623 
1721051113401.00, -88560, -555631, -626 
1721051113423.00, -87450, -557549, -619 
1721051113445.00, -86137, -559447, -649 
1721051113468.00, -87392, -561313, -684 
1721051113488.00, -90307, -563209, -750 
1721051113509.00, -95978, -565168, -749 
1721051113531.00, -99367, -567246, -772 
1721051113553.00, -102637, -569410, -793 
1721051113575.00, -105980, -571629, -786 
1721051113596.00, -107509, -573943, -820 
1721051113618.00, -110398, -576288, -804 
1721051113640.00, -111249, -578687, -758 
1721051113661.00, -108772, -581102, -762 
1721051113683.00, -107783, -583469, -693 
1721051113705.00, -102642, -585801, -591 
1721051113726.00, -93563, -588023, -513 
1721051113748.00, -83482, -590038, -426 
1721051113770.00, -72212, -591847, -378 
1721051113792.00, -62550, -593396, -289 
1721051113813.00, -33929, -594747, -220 
1721051113835.00, -17110, -595511, -168 
1721051113856.00, -7039, -595893, -93 
1721051113878.00, -1222, -596051, -28 
1721051113899.00, 1442, -596080, 51 
1721051113920.00, 6555, -596052, 162 
1721051113942.00, 16323, -595907, 305 
1721051113964.00, 30704, -595560, 440 
1721051113985.00, 46992, -594907, 519 
1721051114007.00, 61669, -593901, 532 
1721051114029.00, 70987, -592555, 721 
1721051114050.00, 87733, -591010, 822 
1721051114072.00, 103687, -589116, 781 
1721051114094.00, 110830, -586845, 869 
1721051114115.00, 119835, -584420, 962 
1721051114137.00, 130691, -581807, 963 
1721051114159.00, 137118, -578948, 988 
1721051114179.00, 142445, -575966, 1021 
1721051114201.00, 147372, -572842, 1026 
1721051114223.00, 150626, -569622, 1041 
1721051114245.00, 153133, -566318, 1072 
1721051114266.00, 156487, -562980, 1054 
1721051114288.00, 157340, -559557, 1078 
1721051114310.00, 159134, -556119, 1112 
1721051114332.00, 161993, -552652, 1109 
1721051114354.00, 163402, -549099, 1085 
1721051114375.00, 162743, -545532, 1096 
1721051114398.00, 163095, -541975, 1080 
1721051114420.00, 161896, -538415, 1102 
1721051114442.00, 162644, -534875, 1101 
1721051114463.00, 162860, -531310, 1124 
1721051114485.00, 164219, -527756, 1161 
1721051114507.00, 167293, -524160, 1179 
1721051114529.00, 169880, -520503, 1216 
1721051114550.00, 173622, -516788, 1235 
1721051114573.00, 174965, -512990, 1252 
1721051114594.00, 174750, -509160, 1247 
1721051114616.00, 174752, -505346, 1222 
1721051114638.00, 174695, -501532, 1213 
1721051114660.00, 174585, -497712, 1215 
1721051114682.00, 174768, -493907, 1189 
1721051114703.00, 174811, -490086, 1180 
1721051114725.00, 174396, -486260, 1166 
1721051114747.00, 172881, -482445, 1172 
1721051114768.00, 172261, -478671, 1156 
1721051114791.00, 170884, -474909, 1138 
1721051114812.00, 169041, -471193, 1135 
1721051114834.00, 167630, -467496, 1128 
1721051114856.00, 166284, -463829, 1113 
1721051114878.00, 164616, -460199, 1091 
1721051114902.00, 162171, -456613, 1078 
1721051114921.00, 159729, -453079, 1068 
1721051114942.00, 157592, -449590, 1056 
1721051114965.00, 155477, -446143, 1036 
1721051114986.00, 153014, -442755, 1017 
1721051115012.00, 150438, -439414, 979 
1721051115031.00, 146493, -436145, 948 
1721051115053.00, 141965, -432962, 903 
1721051115075.00, 136683, -429880, 832 
1721051115096.00, 78215, -426931, 764 
1721051115124.00, 43579, -425239, 782 
1721051115140.00, 23584, -424289, 607 
1721051115162.00, 11674, -423764, 535 
1721051115183.00, 4878, -423501, 436 
1721051115204.00, 716, -423397, 323 
1721051115226.00, -988, -423384, 191 
1721051115247.00, -2313, -423413, 67 
1721051115269.00, -3366, -423468, -60 
1721051115290.00, -6981, -423548, -224 
1721051115312.00, -19214, -423708, -281 
1721051115333.00, -29842, -424130, -525 
1721051115354.00, -50796, -424781, -579 
1721051115377.00, -66498, -425861, -643 
1721051115398.00, -79653, -427312, -681 
1721051115420.00, -89612, -429037, -695 
1721051115442.00, -96352, -430980, -703 
1721051115463.00, -100657, -433063, -695 
1721051115486.00, -102687, -435271, -676 
1721051115506.00, -102575, -437507, -695 
1721051115529.00, -103627, -439730, -714 
1721051115550.00, -105363, -441999, -731 
1721051115572.00, -107354, -444300, -724 
1721051115594.00, -108147, -446623, -724 
1721051115616.00, -108501, -448959, -770 
1721051115637.00, -111107, -451345, -720 
1721051115658.00, -109720, -453756, -717 
1721051115680.00, -108497, -456128, -673 
1721051115702.00, -105054, -458487, -622 
1721051115723.00, -100041, -460780, -585 
1721051115746.00, -94825, -462938, -612 
1721051115767.00, -93138, -464992, -610 
1721051115789.00, -92155, -467021, -601 
1721051115811.00, -90705, -469011, -674 
1721051115832.00, -94183, -471002, -712 
1721051115853.00, -98729, -473029, -750 
1721051115877.00, -103613, -475177, -779 
1721051115897.00, -108115, -477444, -798 
1721051115918.00, -112035, -479793, -743 
1721051115941.00, -110855, -482212, -800 
1721051115962.00, -113556, -484650, -769 
1721051115986.00, -113302, -487125, -751 
1721051116006.00, -112094, -489576, -817 
1721051116027.00, -115177, -492026, -873 
1721051116049.00, -120480, -494536, -881 
1721051116071.00, -123757, -497156, -911 
1721051116094.00, -127503, -499871, -917 
1721051116114.00, -130211, -502634, -898 
1721051116136.00, -130771, -505471, -890 
1721051116157.00, -130397, -508316, -903 
1721051116179.00, -130848, -511156, -870 
1721051116202.00, -129113, -513993, -850 
1721051116223.00, -126689, -516820, -855 
1721051116245.00, -125465, -519564, -830 
1721051116266.00, -123194, -522286, -860 
1721051116288.00, -123872, -524976, -883 
1721051116310.00, -125526, -527663, -904 
1721051116331.00, -127647, -530393, -873 
1721051116353.00, -126871, -533189, -841 
1721051116375.00, -124441, -535949, -803 
1721051116396.00, -120830, -538644, -827 
1721051116418.00, -120147, -541267, -815 
1721051116440.00, -118948, -543883, -820 
1721051116462.00, -118514, -546461, -818 
1721051116484.00, -117817, -549051, -820 
1721051116506.00, -117746, -551613, -824 
1721051116530.00, -117879, -554172, -850 
1721051116549.00, -119350, -556740, -853 
1721051116571.00, -120672, -559346, -811 
1721051116592.00, -118652, -561964, -819 
1721051116614.00, -118183, -564538, -812 
1721051116636.00, -117218, -567109, -806 
1721051116658.00, -116431, -569667, -793 
1721051116679.00, -115111, -572182, -785 
1721051116700.00, -113882, -574692, -767 
1721051116722.00, -112033, -577158, -740 
1721051116744.00, -109029, -579589, -738 
1721051116766.00, -107163, -581972, -693 
1721051116788.00, -103431, -584291, -666 
1721051116809.00, -99491, -586535, -653 
1721051116831.00, -96448, -588692, -616 
1721051116853.00, -92318, -590772, -539 
1721051116875.00, -85380, -592765, -493 
1721051116896.00, -47943, -594589, -382 
1721051116918.00, -25971, -595647, -295 
1721051116940.00, -12688, -596221, -234 
1721051116960.00, -5453, -596515, -164 
1721051116982.00, -1137, -596636, -115 
1721051117004.00, 802, -596658, -20 
1721051117025.00, 2376, -596644, 79 
1721051117047.00, 8159, -596581, 213 
1721051117068.00, 19480, -596400, 354 
1721051117091.00, 34722, -595984, 489 
1721051117112.00, 52056, -595255, 510 
1721051117133.00, 63333, -594124, 729 
1721051117155.00, 83203, -592742, 813 
1721051117177.00, 99951, -590940, 822 
1721051117198.00, 110429, -588773, 917 
1721051117220.00, 122335, -586353, 963 
1721051117241.00, 131778, -583680, 966 
1721051117263.00, 137679, -580802, 978 
1721051117285.00, 141595, -577803, 984 
1721051117307.00, 144209, -574717, 991 
1721051117329.00, 146119, -571587, 992 
1721051117349.00, 147200, -568411, 1016 
1721051117371.00, 149186, -565191, 1045 
1721051117393.00, 151982, -561929, 1071 
1721051117415.00, 155159, -558601, 1104 
1721051117437.00, 158911, -555219, 1116 
1721051117458.00, 161754, -551731, 1130 
1721051117480.00, 164270, -548202, 1144 
1721051117502.00, 166243, -544607, 1151 
1721051117524.00, 167974, -540965, 1187 
1721051117545.00, 171032, -537301, 1203 
1721051117567.00, 173516, -533554, 1226 
1721051117589.00, 174778, -529765, 1252 
1721051117610.00, 174744, -525942, 1274 
1721051117633.00, 174860, -522122, 1267 
1721051117655.00, 174709, -518306, 1264 
1721051117677.00, 174579, -514479, 1256 
1721051117698.00, 174612, -510679, 1237 
1721051117720.00, 174713, -506869, 1210 
1721051117742.00, 174911, -503039, 1246 
1721051117764.00, 174810, -499209, 1265 
1721051117785.00, 174629, -495395, 1235 
1721051117807.00, 174614, -491579, 1241 
1721051117829.00, 174836, -487768, 1224 
1721051117851.00, 174740, -483945, 1233 
1721051117873.00, 174887, -480129, 1244 
1721051117894.00, 174937, -476303, 1267 
1721051117916.00, 174636, -472494, 1260 
1721051117938.00, 174644, -468666, 1246 
1721051117960.00, 174810, -464854, 1226 
1721051117982.00, 174949, -461057, 1220 
1721051118003.00, 174779, -457245, 1190 
1721051118026.00, 174732, -453421, 1168 
1721051118047.00, 173245, -449603, 1109 
1721051118069.00, 168462, -445824, 1058 
1721051118090.00, 162669, -442154, 1006 
1721051118113.00, 156052, -438615, 932 
1721051118136.00, 147426, -435234, 846 
1721051118157.00, 137081, -432043, 713 
1721051118179.00, 78691, -429089, 599 
1721051118200.00, 44473, -427377, 591 
1721051118222.00, 24244, -426413, 402 
1721051118244.00, 12608, -425872, 303 
1721051118266.00, 5855, -425599, 184 
1721051118286.00, 1948, -425478, 39 
1721051118308.00, -55, -425444, -106 
1721051118330.00, -7680, -425455, -283 
1721051118351.00, -23093, -425613, -366 
1721051118373.00, -37119, -426098, -562 
1721051118395.00, -56912, -426888, -626 
1721051118417.00, -72655, -428127, -731 
1721051118438.00, -88079, -429698, -748 
1721051118459.00, -98495, -431615, -757 
1721051118481.00, -105137, -433747, -767 
1721051118503.00, -109442, -436045, -779 
1721051118525.00, -112506, -438428, -766 
1721051118547.00, -113498, -440872, -761 
1721051118568.00, -113696, -443352, -778 
1721051118590.00, -114900, -445818, -746 
1721051118611.00, -113417, -448315, -761 
1721051118632.00, -113601, -450791, -741 
1721051118655.00, -112240, -453253, -710 
1721051118676.00, -109484, -455683, -721 
1721051118698.00, -108527, -458073, -713 
1721051118720.00, -107391, -460438, -762 
1721051118742.00, -109514, -462769, -781 
1721051118764.00, -111901, -465146, -778 
1721051118785.00, -113051, -467606, -792 
1721051118807.00, -114544, -470056, -786 
1721051118829.00, -115031, -472538, -725 
1721051118851.00, -111528, -475045, -738 
1721051118872.00, -110251, -477478, -698 
1721051118894.00, -107033, -479867, -687 
1721051118916.00, -104397, -482182, -750 
1721051118937.00, -106333, -484475, -754 
1721051118959.00, -108095, -486799, -779 
1721051118981.00, -110458, -489133, -817 
1721051119002.00, -114085, -491547, -830 
1721051119024.00, -116657, -494048, -800 
1721051119046.00, -116621, -496579, -805 
1721051119067.00, -116883, -499120, -812 
1721051119090.00, -117326, -501667, -810 
1721051119112.00, -117479, -504221, -753 
1721051119133.00, -114119, -506781, -800 
1721051119154.00, -115055, -509265, -815 
1721051119176.00, -116521, -511758, -799 
1721051119198.00, -116071, -514279, -834 
1721051119220.00, -117920, -516833, -787 
1721051119241.00, -116315, -519397, -803 
1721051119268.00, -116204, -521915, -872 
1721051119285.00, -120188, -524451, -827 
1721051119307.00, -119858, -527078, -842 
1721051119329.00, -120414, -529680, -844 
1721051119350.00, -120995, -532301, -774 
1721051119374.00, -117021, -534928, -794 
1721051119394.00, -115717, -537472, -746 
1721051119415.00, -112182, -539987, -729 
1721051119437.00, -109088, -542435, -718 
1721051119458.00, -106527, -544792, -754 
1721051119480.00, -107025, -547097, -777 
1721051119503.00, -108575, -549450, -766 
1721051119524.00, -109033, -551812, -779 
1721051119545.00, -109991, -554176, -782 
1721051119567.00, -110714, -556574, -770 
1721051119589.00, -110060, -558985, -723 
1721051119611.00, -107154, -561378, -725 
1721051119633.00, -105573, -563699, -700 
1721051119654.00, -102831, -566010, -699 
1721051119675.00, -101322, -568240, -661 
1721051119697.00, -98184, -570433, -633 
1721051119719.00, -94529, -572562, -589 
1721051119741.00, -89735, -574609, -612 
1721051119763.00, -88259, -576551, -618 
1721051119785.00, -87836, -578460, -556 
1721051119806.00, -83905, -580356, -588 
1721051119828.00, -83482, -582186, -644 
1721051119849.00, -86667, -583987, -598 
1721051119871.00, -85748, -585861, -620 
1721051119892.00, -86234, -587710, -593 
1721051119914.00, -85133, -589573, -551 
1721051119936.00, -81768, -591421, -517 
1721051119957.00, -77479, -593179, -436 
1721051119979.00, -43871, -594842, -313 
1721051120000.00, -23498, -595808, -289 
1721051120022.00, -11971, -596331, -181 
1721051120043.00, -5085, -596595, -136 
1721051120065.00, -922, -596713, -126 
1721051120087.00, 755, -596734, -65 
1721051120108.00, 2265, -596724, 17 
1721051120130.00, 4320, -596673, 134 
1721051120152.00, 12458, -596564, 254 
1721051120173.00, 24520, -596293, 405 
1721051120195.00, 40365, -595776, 514 
1721051120216.00, 56612, -594909, 516 
1721051120238.00, 66367, -593676, 702 
1721051120259.00, 83130, -592238, 771 
1721051120281.00, 97316, -590423, 773 
1721051120303.00, 105755, -588324, 830 
1721051120324.00, 114049, -586002, 903 
1721051120346.00, 123245, -583513, 941 
1721051120368.00, 130827, -580822, 954 
1721051120389.00, 136117, -577963, 1023 
1721051120411.00, 143151, -574980, 1047 
1721051120432.00, 148882, -571852, 1045 
1721051120454.00, 151875, -568594, 1068 
1721051120476.00, 155001, -565265, 1079 
1721051120498.00, 157289, -561878, 1067 
1721051120519.00, 157870, -558440, 1054 
1721051120541.00, 157386, -554989, 1051 
1721051120563.00, 156826, -551550, 1068 
1721051120585.00, 157442, -548125, 1069 
1721051120607.00, 157786, -544680, 1085 
1721051120629.00, 158829, -541226, 1122 
1721051120651.00, 161671, -537763, 1119 
1721051120672.00, 163032, -534229, 1130 
1721051120694.00, 164496, -530669, 1146 
1721051120716.00, 166016, -527075, 1175 
1721051120738.00, 168766, -523442, 1172 
1721051120759.00, 170123, -519758, 1185 
1721051120781.00, 171706, -516035, 1168 
1721051120803.00, 171167, -512285, 1180 
1721051120825.00, 171678, -508531, 1156 
1721051120846.00, 170461, -504788, 1138 
1721051120869.00, 168377, -501066, 1111 
1721051120890.00, 165588, -497386, 1107 
1721051120912.00, 163752, -493776, 1093 
1721051120934.00, 161848, -490199, 1111 
1721051120956.00, 161819, -486662, 1146 
1721051120978.00, 163810, -483118, 1164 
1721051120999.00, 166016, -479540, 1173 
1721051121021.00, 167650, -475904, 1202 
1721051121043.00, 170183, -472251, 1191 
1721051121065.00, 171090, -468519, 1189 
1721051121087.00, 171468, -464786, 1171 
1721051121108.00, 170632, -461049, 1130 
1721051121130.00, 167553, -457327, 1115 
1721051121152.00, 164911, -453671, 1060 
1721051121173.00, 159873, -450068, 1013 
1721051121197.00, 153806, -446597, 964 
1721051121219.00, 147280, -443255, 897 
1721051121241.00, 139347, -440069, 836 
1721051121262.00, 130779, -437043, 758 
1721051121284.00, 120989, -434220, 653 
1721051121306.00, 108654, -431607, 529 
1721051121326.00, 61375, -429253, 434 
1721051121351.00, 33474, -427927, 411 
1721051121370.00, 17036, -427178, 275 
1721051121392.00, 7491, -426793, 188 
1721051121414.00, 1931, -426628, 119 
1721051121435.00, -518, -426586, 32 
1721051121461.00, -2445, -426601, -78 
1721051121477.00, -8274, -426657, -195 
1721051121499.00, -18930, -426836, -318 
1721051121521.00, -32366, -427242, -447 
1721051121542.00, -48025, -427940, -518 
1721051121564.00, -61544, -428963, -540 
1721051121586.00, -70789, -430283, -531 
1721051121608.00, -75640, -431825, -511 
1721051121629.00, -77231, -433458, -479 
1721051121651.00, -76085, -435147, -501 
1721051121673.00, -76654, -436781, -465 
1721051121694.00, -74825, -438456, -469 
1721051121716.00, -74065, -440064, -477 
1721051121737.00, -73887, -441683, -527 
1721051121759.00, -76600, -443279, -575 
1721051121781.00, -81084, -444954, -639 
1721051121803.00, -87600, -446704, -676 
1721051121824.00, -93564, -448606, -700 
1721051121846.00, -98503, -450648, -751 
1721051121868.00, -104519, -452783, -745 
1721051121894.00, -107654, -455062, -746 
1721051121911.00, -109564, -457400, -765 
1721051121933.00, -111492, -459789, -788 
1721051121954.00, -114244, -462217, -756 
1721051121975.00, -113816, -464693, -769 
1721051121998.00, -114185, -467179, -755 
1721051122019.00, -113574, -469653, -760 
1721051122041.00, -113278, -472124, -788 
1721051122063.00, -114535, -474598, -779 
1721051122085.00, -114831, -477095, -774 
1721051122106.00, -114707, -479595, -814 
1721051122128.00, -116937, -482071, -822 
1721051122149.00, -118737, -484645, -813 
1721051122171.00, -118996, -487229, -774 
1721051122193.00, -116946, -489802, -770 
1721051122215.00, -115519, -492352, -749 
1721051122237.00, -113195, -494855, -716 
1721051122258.00, -109586, -497323, -738 
1721051122280.00, -109086, -499707, -724 
1721051122301.00, -107853, -502075, -776 
1721051122323.00, -109972, -504425, -811 
1721051122345.00, -113443, -506830, -816 
1721051122367.00, -116042, -509298, -883 
1721051122389.00, -121175, -511828, -909 
1721051122411.00, -125778, -514454, -914 
1721051122432.00, -128840, -517224, -870 
1721051122453.00, -127933, -520029, -910 
1721051122475.00, -129633, -522805, -850 
1721051122497.00, -126971, -525625, -869 
1721051122519.00, -126840, -528382, -894 
1721051122541.00, -127845, -531137, -935 
1721051122563.00, -130884, -533933, -899 
1721051122584.00, -130511, -536791, -854 
1721051122606.00, -127511, -539629, -835 
1721051122628.00, -124537, -542409, -819 
1721051122649.00, -121854, -545098, -821 
1721051122671.00, -120396, -547740, -809 
1721051122693.00, -118650, -550373, -799 
1721051122715.00, -117111, -552951, -774 
1721051122737.00, -114438, -555488, -735 
1721051122758.00, -110459, -557978, -671 
1721051122779.00, -104304, -560367, -584 
1721051122801.00, -95520, -562630, -512 
1721051122823.00, -85823, -564680, -472 
1721051122845.00, -77701, -566544, -484 
1721051122866.00, -73421, -568226, -449 
1721051122888.00, -69035, -569811, -464 
1721051122909.00, -67170, -571306, -492 
1721051122932.00, -67806, -572770, -540 
1721051122953.00, -71121, -574241, -547 
1721051122975.00, -73510, -575788, -578 
1721051122997.00, -76891, -577377, -589 
1721051123017.00, -79351, -579042, -618 
1721051123040.00, -82822, -580764, -608 
1721051123061.00, -84224, -582567, -640 
1721051123083.00, -87057, -584389, -642 
1721051123103.00, -88648, -586268, -672 
1721051123126.00, -91364, -588190, -636 
1721051123148.00, -90870, -590164, -605 
1721051123169.00, -88448, -592135, -596 
1721051123191.00, -86579, -594048, -527 
1721051123213.00, -49326, -595901, -448 
1721051123235.00, -26938, -596980, -429 
1721051123256.00, -13346, -597591, -377 
1721051123278.00, -5850, -597900, -278 
1721051123299.00, -1494, -598039, -288 
1721051123324.00, 157, -598075, -231 
1721051123342.00, 1580, -598073, -163 
1721051123364.00, 2794, -598037, -60 
1721051123385.00, 3521, -597974, 62 
1721051123407.00, 7378, -597881, 204 
1721051123433.00, 18344, -597709, 358 
1721051123450.00, 34098, -597317, 470 
1721051123472.00, 50387, -596592, 544 
1721051123493.00, 64243, -595524, 644 
1721051123515.00, 78439, -594116, 775 
1721051123539.00, 94407, -592421, 785 
1721051123558.00, 104645, -590355, 831 
1721051123580.00, 113393, -588087, 907 
1721051123601.00, 123086, -585609, 918 
1721051123623.00, 129260, -582917, 938 
1721051123647.00, 134183, -580103, 980 
1721051123667.00, 139373, -577166, 995 
1721051123687.00, 143251, -574132, 1030 
1721051123709.00, 147528, -571006, 1033 
1721051123730.00, 150324, -567769, 1073 
1721051123753.00, 154220, -564481, 1117 
1721051123774.00, 159183, -561108, 1147 
1721051123796.00, 163837, -557619, 1180 
1721051123818.00, 168480, -554043, 1225 
1721051123840.00, 173666, -550358, 1238 
1721051123865.00, 174615, -546567, 1260 
1721051123883.00, 174784, -542747, 1246 
1721051123906.00, 174768, -538935, 1255 
1721051123927.00, 174740, -535101, 1239 
1721051123949.00, 174755, -531296, 1208 
1721051123973.00, 174623, -527469, 1219 
1721051123993.00, 174578, -523665, 1213 
1721051124015.00, 174749, -519852, 1218 
1721051124037.00, 174740, -516021, 1230 
1721051124059.00, 174931, -512207, 1231 
1721051124082.00, 174670, -508378, 1251 
1721051124102.00, 174686, -504574, 1257 
1721051124123.00, 174712, -500754, 1252 
1721051124145.00, 174826, -496938, 1253 
1721051124167.00, 174823, -493125, 1274 
1721051124189.00, 174940, -489310, 1236 
1721051124211.00, 174775, -485488, 1238 
1721051124233.00, 174389, -481671, 1218 
1721051124255.00, 174644, -477860, 1194 
1721051124276.00, 174878, -474051, 1180 
1721051124299.00, 174389, -470238, 1129 
1721051124320.00, 170731, -466416, 1146 
1721051124342.00, 169600, -462690, 1129 
1721051124364.00, 167615, -458991, 1106 
1721051124385.00, 165070, -455335, 1064 
1721051124409.00, 160844, -451727, 1021 
1721051124430.00, 155762, -448233, 978 
1721051124452.00, 149994, -444853, 894 
1721051124474.00, 141522, -441601, 830 
1721051124495.00, 132356, -438523, 736 
1721051124518.00, 121203, -435655, 605 
1721051124539.00, 106733, -433037, 489 
1721051124561.00, 91132, -430734, 380 
1721051124582.00, 52210, -428781, 286 
1721051124604.00, 29123, -427647, 254 
1721051124626.00, 15223, -426999, 147 
1721051124647.00, 7339, -426657, 57 
1721051124668.00, 2632, -426501, -11 
1721051124690.00, -129, -426450, -129 
1721051124712.00, -8995, -426460, -272 
1721051124734.00, -23305, -426644, -280 
1721051124755.00, -32312, -427151, -538 
1721051124776.00, -52956, -427851, -574 
1721051124798.00, -67367, -428981, -600 
1721051124820.00, -77526, -430437, -674 
1721051124841.00, -87678, -432130, -778 
1721051124863.00, -99970, -434030, -762 
1721051124885.00, -106306, -436214, -796 
1721051124907.00, -112043, -438539, -811 
1721051124928.00, -116289, -440975, -814 
1721051124950.00, -119017, -443510, -826 
1721051124972.00, -121047, -446100, -866 
1721051124993.00, -124622, -448720, -878 
1721051125015.00, -127375, -451458, -877 
1721051125036.00, -128828, -454225, -883 
1721051125061.00, -130138, -457019, -889 
1721051125080.00, -131024, -459855, -878 
1721051125102.00, -131008, -462703, -877 
1721051125123.00, -130523, -465543, -868 
1721051125145.00, -129698, -468394, -785 
1721051125169.00, -123879, -471216, -725 
1721051125188.00, -116865, -473906, -711 
1721051125211.00, -111873, -476440, -667 
1721051125231.00, -106259, -478869, -698 
1721051125253.00, -104852, -481171, -692 
1721051125275.00, -103557, -483466, -742 
1721051125297.00, -105547, -485714, -813 
1721051125319.00, -111082, -488027, -834 
1721051125341.00, -115806, -490449, -864 
1721051125362.00, -120239, -492975, -891 
1721051125384.00, -124459, -495588, -923 
1721051125406.00, -128712, -498293, -915 
1721051125427.00, -130549, -501110, -890 
1721051125450.00, -130306, -503954, -843 
1721051125471.00, -126891, -506788, -831 
1721051125493.00, -124403, -509554, -832 
1721051125515.00, -123016, -512254, -843 
1721051125536.00, -122733, -514923, -868 
1721051125558.00, -124044, -517607, -891 
1721051125580.00, -126310, -520314, -850 
1721051125602.00, -124866, -523063, -864 
1721051125624.00, -124891, -525784, -895 
1721051125645.00, -127009, -528488, -865 
1721051125667.00, -126198, -531244, -885 
1721051125688.00, -126908, -534004, -864 
1721051125710.00, -125868, -536767, -846 
1721051125732.00, -124332, -539503, -780 
1721051125754.00, -119298, -542211, -786 
1721051125775.00, -116619, -544785, -734 
1721051125797.00, -111914, -547312, -696 
1721051125819.00, -106730, -549753, -692 
1721051125840.00, -103355, -552067, -669 
1721051125862.00, -99967, -554305, -685 
1721051125883.00, -98889, -556471, -652 
1721051125906.00, -96353, -558617, -650 
1721051125927.00, -94705, -560698, -685 
1721051125949.00, -95781, -562753, -679 
1721051125969.00, -96073, -564823, -660 
1721051125992.00, -95103, -566909, -694 
1721051126014.00, -96591, -568980, -695 
1721051126035.00, -97383, -571054, -706 
1721051126057.00, -98521, -573175, -724 
1721051126078.00, -100158, -575323, -710 
1721051126100.00, -100330, -577492, -745 
1721051126122.00, -102578, -579671, -729 
1721051126144.00, -103056, -581922, -686 
1721051126169.00, -100661, -584150, -658 
1721051126188.00, -97358, -586334, -632 
1721051126209.00, -93901, -588434, -512 
1721051126230.00, -84527, -590456, -397 
1721051126252.00, -72055, -592282, -328 
1721051126277.00, -60353, -593834, -231 
1721051126295.00, -33704, -595131, -145 
1721051126316.00, -17513, -595877, -87 
1721051126338.00, -8107, -596267, -20 
1721051126359.00, -2852, -596452, 30 
1721051126381.00, 1418, -596507, 91 
1721051126403.00, 8066, -596485, 180 
1721051126424.00, 17322, -596311, 293 
1721051126446.00, 29759, -595937, 433 
1721051126468.00, 45475, -595307, 510 
1721051126489.00, 59670, -594335, 523 
1721051126511.00, 68599, -593028, 738 
1721051126532.00, 86825, -591541, 814 
1721051126554.00, 102096, -589657, 798 
1721051126576.00, 110108, -587432, 886 
1721051126599.00, 120020, -585016, 1011 
1721051126620.00, 133304, -582376, 999 
1721051126640.00, 140448, -579465, 1035 
1721051126662.00, 146895, -576385, 1057 
1721051126684.00, 151894, -573169, 1055 
1721051126708.00, 154507, -569864, 1071 
1721051126727.00, 156764, -566476, 1095 
1721051126749.00, 159417, -563055, 1098 
1721051126771.00, 161308, -559572, 1088 
1721051126793.00, 161466, -556055, 1126 
1721051126816.00, 163885, -552517, 1140 
1721051126836.00, 166155, -548937, 1118 
1721051126858.00, 166007, -545311, 1148 
1721051126880.00, 167593, -541682, 1176 
1721051126902.00, 170304, -538018, 1185 
1721051126924.00, 172064, -534286, 1187 
1721051126946.00, 173146, -530539, 1211 
1721051126967.00, 174854, -526761, 1199 
1721051126989.00, 174840, -522938, 1187 
1721051127011.00, 174614, -519110, 1196 
1721051127032.00, 174810, -515286, 1224 
1721051127055.00, 174700, -511476, 1209 
1721051127076.00, 174501, -507659, 1213 
1721051127098.00, 174620, -503851, 1216 
1721051127120.00, 174833, -500026, 1199 
1721051127142.00, 174929, -496208, 1208 
1721051127163.00, 174783, -492386, 1199 
1721051127185.00, 174662, -488574, 1167 
1721051127207.00, 172634, -484757, 1141 
1721051127229.00, 169820, -480992, 1153 
1721051127252.00, 168924, -477288, 1148 
1721051127273.00, 168036, -473603, 1146 
1721051127294.00, 167332, -469919, 1139 
1721051127316.00, 166393, -466266, 1114 
1721051127338.00, 164283, -462627, 1086 
1721051127367.00, 161174, -459052, 1055 
1721051127382.00, 157340, -455529, 1043 
1721051127404.00, 154342, -452086, 1017 
1721051127427.00, 150990, -448730, 985 
1721051127448.00, 146858, -445444, 951 
1721051127470.00, 142359, -442256, 915 
1721051127491.00, 137576, -439156, 865 
1721051127513.00, 131595, -436178, 784 
1721051127535.00, 123251, -433324, 685 
1721051127557.00, 112328, -430653, 612 
1721051127583.00, 63886, -428245, 535 
1721051127601.00, 35520, -426851, 495 
1721051127622.00, 18393, -426079, 372 
1721051127643.00, 8737, -425670, 287 
1721051127665.00, 2943, -425485, 179 
1721051127691.00, -58, -425429, 57 
1721051127707.00, -2026, -425435, -76 
1721051127729.00, -7688, -425485, -224 
1721051127751.00, -20390, -425650, -278 
1721051127772.00, -30702, -426090, -567 
1721051127797.00, -54282, -426747, -633 
1721051127815.00, -72147, -427916, -679 
1721051127837.00, -85406, -429478, -767 
1721051127859.00, -98498, -431338, -772 
1721051127881.00, -106473, -433477, -790 
1721051127903.00, -111869, -435806, -813 
1721051127924.00, -116618, -438268, -821 
1721051127946.00, -119892, -440796, -833 
1721051127968.00, -122543, -443412, -840 
1721051127990.00, -124360, -446080, -871 
1721051128011.00, -127234, -448776, -882 
1721051128033.00, -129391, -451573, -873 
1721051128055.00, -130111, -454393, -876 
1721051128076.00, -130690, -457205, -873 
1721051128098.00, -130832, -460058, -872 
1721051128119.00, -130678, -462890, -856 
1721051128141.00, -129541, -465723, -836 
1721051128163.00, -127435, -468556, -827 
1721051128185.00, -125608, -471331, -771 
1721051128207.00, -121119, -474057, -745 
1721051128228.00, -117022, -476680, -751 
1721051128249.00, -114615, -479222, -788 
1721051128272.00, -115500, -481701, -767 
1721051128293.00, -114337, -484238, -809 
1721051128314.00, -116309, -486728, -834 
1721051128337.00, -118959, -489250, -870 
1721051128359.00, -122702, -491851, -901 
1721051128380.00, -126575, -494532, -901 
1721051128402.00, -128920, -497285, -897 
1721051128424.00, -130009, -500105, -907 
1721051128446.00, -131210, -502929, -901 
1721051128467.00, -131496, -505776, -925 
1721051128489.00, -133093, -508641, -929 
1721051128511.00, -134264, -511545, -941 
1721051128533.00, -135673, -514452, -961 
1721051128554.00, -137651, -517422, -951 
1721051128576.00, -137783, -520415, -954 
1721051128598.00, -138185, -523425, -985 
1721051128619.00, -140099, -526437, -976 
1721051128641.00, -140753, -529480, -959 
1721051128663.00, -139701, -532545, -987 
1721051128684.00, -140851, -535598, -983 
1721051128706.00, -141500, -538662, -943 
1721051128727.00, -139537, -541746, -937 
1721051128749.00, -137948, -544771, -895 
1721051128772.00, -134386, -547758, -847 
1721051128793.00, -129412, -550687, -787 
1721051128815.00, -122662, -553492, -740 
1721051128837.00, -115595, -556151, -729 
1721051128858.00, -110815, -558666, -674 
1721051128880.00, -104848, -561059, -697 
1721051128902.00, -102553, -563330, -738 
1721051128923.00, -103501, -565572, -715 
1721051128945.00, -102921, -567825, -715 
1721051128967.00, -102368, -570064, -786 
1721051128988.00, -106406, -572288, -770 
1721051129011.00, -107836, -574607, -753 
1721051129032.00, -107845, -576952, -769 
1721051129055.00, -108369, -579291, -779 
1721051129076.00, -109376, -581655, -750 
1721051129097.00, -108302, -584026, -713 
1721051129119.00, -105411, -586378, -685 
1721051129140.00, -101878, -588666, -644 
1721051129162.00, -97298, -590876, -534 
1721051129184.00, -87789, -592969, -443 
1721051129206.00, -49631, -594854, -362 
1721051129228.00, -26710, -595937, -289 
1721051129249.00, -13276, -596539, -226 
1721051129270.00, -5715, -596844, -192 
1721051129292.00, -1212, -596981, -194 
1721051129313.00, 496, -597013, -162 
1721051129335.00, 1919, -597009, -132 
1721051129356.00, 2910, -596970, -40 
1721051129378.00, 3634, -596902, 57 
1721051129400.00, 7487, -596818, 135 
1721051129421.00, 14284, -596645, 259 
1721051129443.00, 25900, -596331, 414 
1721051129464.00, 41944, -595790, 506 
1721051129486.00, 56959, -594899, 508 
1721051129508.00, 65852, -593652, 694 
1721051129529.00, 82269, -592219, 769 
1721051129551.00, 96479, -590430, 762 
1721051129573.00, 104442, -588342, 813 
1721051129594.00, 112178, -586051, 876 
1721051129616.00, 120509, -583600, 919 
1721051129638.00, 127749, -580968, 932 
1721051129660.00, 132748, -578186, 959 
1721051129681.00, 137320, -575292, 977 
1721051129703.00, 141084, -572304, 998 
1721051129724.00, 144482, -569226, 1027 
1721051129746.00, 148122, -566060, 1018 
1721051129767.00, 149773, -562828, 1030 
1721051129789.00, 151343, -559557, 1057 
1721051129811.00, 153580, -556248, 1053 
1721051129833.00, 154617, -552895, 1090 
1721051129855.00, 157412, -549513, 1144 
1721051129877.00, 162315, -546070, 1145 
1721051129898.00, 165181, -542521, 1144 
1721051129920.00, 166598, -538917, 1182 
1721051129941.00, 169788, -535267, 1179 
1721051129964.00, 171545, -531547, 1188 
1721051129985.00, 172673, -527800, 1188 
1721051130007.00, 173392, -524032, 1192 
1721051130029.00, 174130, -520249, 1190 
1721051130051.00, 174304, -516442, 1176 
1721051130073.00, 173521, -512635, 1179 
1721051130095.00, 173128, -508844, 1177 
1721051130117.00, 172544, -505064, 1147 
1721051130138.00, 170277, -501292, 1146 
1721051130160.00, 168919, -497583, 1140 
1721051130182.00, 167595, -493897, 1135 
1721051130206.00, 166537, -490226, 1135 
1721051130226.00, 165825, -486587, 1149 
1721051130247.00, 166003, -482960, 1136 
1721051130269.00, 165458, -479333, 1153 
1721051130291.00, 166032, -475717, 1148 
1721051130317.00, 166062, -472085, 1140 
1721051130335.00, 165467, -468458, 1112 
1721051130356.00, 163299, -464850, 1110 
1721051130378.00, 161882, -461288, 1073 
1721051130400.00, 158814, -457749, 1062 
1721051130422.00, 156379, -454277, 1036 
1721051130444.00, 153261, -450875, 1001 
1721051130467.00, 149212, -447534, 954 
1721051130489.00, 143832, -444294, 920 
1721051130510.00, 138728, -441180, 901 
1721051130532.00, 134521, -438161, 857 
1721051130553.00, 129276, -435236, 800 
1721051130575.00, 122779, -432435, 747 
1721051130597.00, 69712, -429786, 663 
1721051130618.00, 38340, -428286, 676 
1721051130639.00, 19920, -427442, 484 
1721051130662.00, 9420, -426993, 406 
1721051130683.00, 3032, -426785, 293 
1721051130705.00, -64, -426724, 153 
1721051130726.00, -2178, -426733, 26 
1721051130750.00, -3538, -426783, -114 
1721051130769.00, -10731, -426869, -246 
1721051130791.00, -23525, -427101, -288 
1721051130812.00, -33157, -427613, -514 
1721051130834.00, -52637, -428332, -537 
1721051130856.00, -65443, -429445, -579 
1721051130877.00, -75685, -430867, -621 
1721051130899.00, -84066, -432504, -718 
1721051130921.00, -94809, -434351, -769 
1721051130942.00, -104099, -436403, -797 
1721051130964.00, -111268, -438688, -878 
1721051130986.00, -120126, -441111, -941 
1721051131007.00, -129107, -443743, -984 
1721051131029.00, -137107, -446564, -993 
1721051131049.00, -142366, -449543, -1004 
1721051131072.00, -145804, -452662, -1014 
1721051131093.00, -148352, -455852, -1003 
1721051131117.00, -149131, -459099, -979 
1721051131138.00, -148011, -462343, -974 
1721051131159.00, -146824, -465549, -946 
1721051131183.00, -144358, -468764, -939 
1721051131203.00, -142374, -471890, -918 
1721051131225.00, -139770, -474990, -880 
1721051131247.00, -135910, -478045, -890 
1721051131269.00, -134248, -480997, -890 
1721051131290.00, -133102, -483922, -867 
1721051131312.00, -131078, -486819, -842 
1721051131333.00, -128414, -489651, -885 
1721051131355.00, -129185, -492447, -906 
1721051131377.00, -130892, -495257, -871 
1721051131401.00, -129858, -498104, -888 
1721051131420.00, -129972, -500939, -869 
1721051131442.00, -128953, -503771, -791 
1721051131464.00, -123528, -506565, -823 
1721051131485.00, -122228, -509255, -851 
1721051131510.00, -123258, -511906, -873 
1721051131529.00, -124994, -514581, -889 
1721051131551.00, -126847, -517320, -911 
1721051131573.00, -129334, -520088, -923 
1721051131594.00, -131081, -522903, -945 
1721051131616.00, -133748, -525753, -909 
1721051131638.00, -133046, -528658, -918 
1721051131660.00, -133175, -531553, -930 
1721051131681.00, -133827, -534454, -909 
1721051131703.00, -133066, -537373, -901 
1721051131725.00, -131984, -540264, -907 
1721051131747.00, -131732, -543141, -890 
1721051131768.00, -130524, -546000, -886 
1721051131790.00, -129235, -548845, -893 
1721051131812.00, -129074, -551643, -891 
1721051131832.00, -128965, -554448, -837 
1721051131854.00, -125514, -557250, -869 
1721051131877.00, -125225, -559983, -872 
1721051131898.00, -125243, -562705, -828 
1721051131920.00, -122617, -565431, -834 
1721051131942.00, -121428, -568091, -844 
1721051131966.00, -121130, -570715, -840 
1721051131985.00, -120741, -573359, -849 
1721051132007.00, -121017, -575995, -816 
1721051132029.00, -119134, -578617, -793 
1721051132051.00, -116699, -581212, -805 
1721051132072.00, -115829, -583739, -805 
1721051132094.00, -115320, -586265, -797 
1721051132116.00, -114465, -588770, -725 
1721051132137.00, -109590, -591248, -630 
1721051132159.00, -100874, -593620, -556 
1721051132181.00, -57274, -595791, -436 
1721051132202.00, -31178, -597029, -370 
1721051132224.00, -15917, -597732, -285 
1721051132245.00, -7228, -598092, -193 
1721051132267.00, -2146, -598261, -182 
1721051132289.00, 87, -598311, -145 
1721051132310.00, 1770, -598311, -59 
1721051132331.00, 2876, -598274, 55 
1721051132353.00, 7034, -598202, 155 
1721051132375.00, 15281, -598038, 311 
1721051132397.00, 29546, -597701, 453 
1721051132418.00, 46314, -597071, 507 
1721051132440.00, 59917, -596086, 558 
1721051132461.00, 70502, -594780, 751 
1721051132482.00, 88453, -593238, 773 
1721051132505.00, 100508, -591317, 771 
1721051132527.00, 107439, -589129, 846 
1721051132548.00, 115806, -586778, 855 
1721051132569.00, 121423, -584256, 816 
1721051132591.00, 122267, -581609, 839 
1721051132613.00, 123939, -578954, 853 
1721051132635.00, 125627, -576244, 861 
1721051132657.00, 127180, -573505, 883 
1721051132678.00, 129253, -570743, 933 
1721051132700.00, 133328, -567923, 988 
1721051132721.00, 139086, -565008, 1011 
1721051132742.00, 143886, -561968, 1043 
1721051132764.00, 148595, -558822, 1061 
1721051132786.00, 152324, -555581, 1069 
1721051132807.00, 155079, -552245, 1073 
1721051132832.00, 156582, -548857, 1104 
1721051132852.00, 159398, -545435, 1087 
1721051132872.00, 159915, -541943, 1128 
1721051132895.00, 162449, -538454, 1126 
1721051132916.00, 163913, -534889, 1132 
1721051132939.00, 165145, -531313, 1139 
1721051132960.00, 166038, -527699, 1134 
1721051132982.00, 166120, -524075, 1151 
1721051133004.00, 167107, -520448, 1132 
1721051133026.00, 166649, -516790, 1134 
1721051133051.00, 166546, -513147, 1129 
1721051133069.00, 165956, -509522, 1109 
1721051133092.00, 164311, -505891, 1110 
1721051133113.00, 163131, -502295, 1096 
1721051133135.00, 161688, -498730, 1065 
1721051133157.00, 158730, -495192, 1074 
1721051133179.00, 157610, -491733, 1058 
1721051133201.00, 156020, -488288, 1030 
1721051133223.00, 153184, -484883, 1029 
1721051133244.00, 151319, -481540, 1041 
1721051133267.00, 151007, -478229, 1037 
1721051133288.00, 150430, -474938, 1031 
1721051133310.00, 149686, -471642, 1040 
1721051133331.00, 149642, -468363, 1037 
1721051133354.00, 149471, -465107, 994 
1721051133376.00, 146574, -461844, 978 
1721051133398.00, 144119, -458655, 969 
1721051133419.00, 142084, -455520, 954 
1721051133442.00, 139921, -452435, 952 
1721051133463.00, 138392, -449389, 931 
1721051133485.00, 136202, -446381, 909 
1721051133506.00, 133572, -443425, 858 
1721051133528.00, 128964, -440530, 800 
1721051133550.00, 122603, -437731, 767 
1721051133571.00, 116851, -435074, 707 
1721051133594.00, 109726, -432538, 645 
1721051133614.00, 101817, -430148, 604 
1721051133636.00, 57758, -427973, 555 
1721051133658.00, 31641, -426707, 529 
1721051133680.00, 16256, -426006, 422 
1721051133706.00, 7349, -425645, 361 
1721051133723.00, 1988, -425480, 318 
1721051133744.00, -489, -425436, 227 
1721051133766.00, -2336, -425450, 128 
1721051133787.00, -3372, -425502, 32 
1721051133809.00, -4089, -425587, -88 
1721051133830.00, -9624, -425682, -198 
1721051133852.00, -19586, -425885, -291 
1721051133873.00, -31096, -426307, -406 
1721051133895.00, -44804, -426970, -484 
1721051133917.00, -57375, -427935, -538 
1721051133938.00, -68185, -429175, -581 
1721051133960.00, -76914, -430654, -627 
1721051133982.00, -84765, -432327, -694 
1721051134003.00, -93324, -434174, -714 
1721051134025.00, -99686, -436200, -711 
1721051134047.00, -103204, -438381, -729 
1721051134068.00, -106327, -440612, -744 
1721051134089.00, -109033, -442941, -738 
1721051134112.00, -110121, -445316, -745 
1721051134134.00, -110976, -447704, -753 
1721051134155.00, -112152, -450111, -761 
1721051134177.00, -113044, -452564, -773 
1721051134199.00, -114173, -455026, -748 
1721051134221.00, -113291, -457504, -707 
1721051134242.00, -110352, -459967, -696 
1721051134264.00, -107762, -462351, -697 
1721051134286.00, -106186, -464692, -645 
1721051134307.00, -102214, -467006, -624 
1721051134329.00, -98292, -469220, -694 
1721051134351.00, -100059, -471366, -722 
1721051134373.00, -103086, -473540, -752 
1721051134394.00, -106499, -475777, -797 
1721051134416.00, -111136, -478106, -808 
1721051134438.00, -114471, -480525, -815 
1721051134459.00, -116823, -483014, -819 
1721051134481.00, -118265, -485558, -808 
1721051134503.00, -118515, -488140, -804 
1721051134524.00, -118091, -490720, -795 
1721051134546.00, -117535, -493303, -778 
1721051134568.00, -116176, -495853, -822 
1721051134590.00, -117963, -498373, -843 
1721051134611.00, -120230, -500954, -860 
1721051134633.00, -122269, -503575, -861 
1721051134654.00, -123674, -506226, -887 
1721051134676.00, -126357, -508929, -889 
1721051134698.00, -127704, -511674, -891 
1721051134720.00, -128605, -514443, -909 
1721051134742.00, -130084, -517261, -918 
1721051134763.00, -131312, -520099, -900 
1721051134785.00, -130893, -522958, -893 
1721051134806.00, -130420, -525811, -909 
1721051134828.00, -130993, -528636, -926 
1721051134850.00, -132502, -531485, -945 
1721051134872.00, -134299, -534374, -944 
1721051134893.00, -135297, -537302, -943 
1721051134915.00, -135772, -540249, -906 
1721051134938.00, -133681, -543197, -878 
1721051134959.00, -130636, -546105, -883 
1721051134981.00, -129175, -548951, -850 
1721051135002.00, -126374, -551753, -844 
1721051135024.00, -124405, -554489, -829 
1721051135045.00, -122186, -557194, -807 
1721051135068.00, -119392, -559854, -786 
1721051135089.00, -116595, -562447, -716 
1721051135111.00, -110682, -564971, -705 
1721051135132.00, -106305, -567371, -708 
1721051135154.00, -103898, -569688, -693 
1721051135176.00, -101665, -571939, -667 
1721051135198.00, -98982, -574151, -707 
1721051135220.00, -99435, -576289, -726 
1721051135241.00, -100549, -578448, -679 
1721051135263.00, -98353, -580625, -711 
1721051135285.00, -98702, -582765, -755 
1721051135306.00, -101638, -584905, -705 
1721051135328.00, -100649, -587106, -696 
1721051135350.00, -99160, -589291, -696 
1721051135371.00, -98249, -591440, -636 
1721051135393.00, -94133, -593564, -550 
1721051135414.00, -52991, -595583, -461 
1721051135436.00, -28121, -596734, -387 
1721051135457.00, -13628, -597374, -303 
1721051135479.00, -5421, -597685, -221 
1721051135501.00, -593, -597811, -178 
1721051135522.00, 1488, -597830, -127 
1721051135544.00, 3179, -597806, -61 
1721051135565.00, 4021, -597735, 63 
1721051135587.00, 8696, -597632, 182 
1721051135608.00, 18282, -597438, 338 
1721051135630.00, 33272, -597043, 462 
1721051135651.00, 49835, -596333, 546 
1721051135676.00, 64532, -595277, 628 
1721051135695.00, 78019, -593859, 831 
1721051135716.00, 98190, -592166, 873 
1721051135739.00, 112614, -590025, 898 
1721051135759.00, 122467, -587573, 998 
1721051135783.00, 134301, -584889, 1012 
1721051135802.00, 141999, -581939, 1020 
1721051135824.00, 147011, -578826, 1059 
1721051135846.00, 152196, -575620, 1066 
1721051135868.00, 155567, -572288, 1068 
1721051135894.00, 157587, -568895, 1089 
1721051135911.00, 159919, -565442, 1081 
1721051135933.00, 160597, -561946, 1088 
1721051135955.00, 161366, -558444, 1088 
1721051135977.00, 161683, -554928, 1060 
1721051136003.00, 160056, -551383, 1072 
1721051136021.00, 159796, -547879, 1087 
1721051136043.00, 160504, -544397, 1100 
1721051136064.00, 161601, -540884, 1124 
1721051136086.00, 163378, -537358, 1123 
1721051136107.00, 164408, -533785, 1134 
1721051136129.00, 165546, -530199, 1137 
1721051136152.00, 166451, -526576, 1165 
1721051136173.00, 168632, -522932, 1172 
1721051136195.00, 170396, -519254, 1189 
1721051136218.00, 172118, -515518, 1210 
1721051136239.00, 174319, -511747, 1216 
1721051136260.00, 174663, -507941, 1184 
1721051136282.00, 174179, -504132, 1167 
1721051136304.00, 172793, -500332, 1160 
1721051136331.00, 171403, -496562, 1139 
1721051136348.00, 169032, -492817, 1121 
1721051136369.00, 166767, -489116, 1118 
1721051136392.00, 165044, -485479, 1111 
1721051136413.00, 163593, -481875, 1090 
1721051136438.00, 161244, -478303, 1085 
1721051136457.00, 159554, -474776, 1067 
1721051136479.00, 157413, -471296, 1053 
1721051136500.00, 155290, -467856, 1070 
1721051136522.00, 155054, -464469, 1076 
1721051136552.00, 155282, -461081, 1037 
1721051136566.00, 152971, -457697, 1032 
1721051136588.00, 151157, -454351, 1005 
1721051136610.00, 148479, -451053, 978 
1721051136632.00, 145194, -447825, 947 
1721051136658.00, 141229, -444676, 918 
1721051136676.00, 137105, -441610, 871 
1721051136697.00, 131774, -438624, 835 
1721051136719.00, 126459, -435762, 784 
1721051136741.00, 120175, -433023, 744 
1721051136765.00, 114008, -430410, 688 
1721051136784.00, 64747, -427961, 612 
1721051136805.00, 35716, -426544, 594 
1721051136827.00, 18917, -425765, 481 
1721051136849.00, 8697, -425350, 410 
1721051136875.00, 2816, -425158, 302 
1721051136892.00, -80, -425104, 166 
1721051136914.00, -1975, -425112, 52 
1721051136935.00, -3308, -425158, -80 
1721051136956.00, -8546, -425236, -220 
1721051136979.00, -20321, -425420, -293 
1721051137000.00, -31449, -425856, -473 
1721051137021.00, -49017, -426526, -514 
1721051137043.00, -61726, -427577, -543 
1721051137065.00, -70937, -428920, -606 
1721051137086.00, -80282, -430454, -643 
1721051137108.00, -87734, -432205, -722 
1721051137130.00, -96906, -434109, -737 
1721051137151.00, -103287, -436216, -767 
1721051137173.00, -108694, -438485, -821 
1721051137195.00, -115087, -440840, -821 
1721051137217.00, -118788, -443359, -826 
1721051137238.00, -121167, -445944, -846 
1721051137260.00, -123322, -448578, -860 
1721051137281.00, -125797, -451290, -854 
1721051137303.00, -126821, -454022, -871 
1721051137325.00, -128281, -456767, -891 
1721051137347.00, -130248, -459567, -904 
1721051137368.00, -132055, -462395, -910 
1721051137390.00, -133528, -465265, -910 
1721051137411.00, -134117, -468188, -894 
1721051137435.00, -133653, -471115, -865 
1721051137455.00, -131346, -474014, -866 
1721051137477.00, -129917, -476874, -867 
1721051137499.00, -129361, -479694, -880 
1721051137521.00, -129602, -482499, -888 
1721051137541.00, -129952, -485328, -906 
1721051137563.00, -131285, -488160, -916 
1721051137586.00, -132696, -491028, -908 
1721051137608.00, -133093, -493919, -930 
1721051137628.00, -134346, -496813, -915 
1721051137651.00, -134308, -499743, -908 
1721051137672.00, -133806, -502665, -908 
1721051137695.00, -133555, -505563, -925 
1721051137716.00, -134257, -508473, -921 
1721051137738.00, -134430, -511398, -922 
1721051137759.00, -134382, -514311, -915 
1721051137781.00, -133851, -517258, -905 
1721051137803.00, -132991, -520161, -917 
1721051137825.00, -133033, -523056, -925 
1721051137846.00, -133583, -525959, -930 
1721051137868.00, -134216, -528850, -936 
1721051137890.00, -134933, -531766, -940 
1721051137911.00, -135745, -534711, -932 
1721051137933.00, -135398, -537660, -940 
1721051137955.00, -135494, -540610, -898 
1721051137977.00, -132982, -543561, -884 
1721051137999.00, -130475, -546448, -881 
1721051138020.00, -129116, -549296, -842 
1721051138042.00, -125833, -552095, -850 
1721051138064.00, -124321, -554829, -878 
1721051138085.00, -125208, -557527, -876 
1721051138107.00, -125438, -560258, -853 
1721051138129.00, -124168, -562981, -856 
1721051138151.00, -123484, -565686, -833 
1721051138172.00, -121674, -568371, -805 
1721051138194.00, -118966, -570999, -804 
1721051138216.00, -117108, -573593, -791 
1721051138238.00, -115437, -576143, -757 
1721051138259.00, -112308, -578642, -736 
1721051138281.00, -109112, -581079, -726 
1721051138303.00, -106612, -583452, -698 
1721051138324.00, -103282, -585765, -641 
1721051138345.00, -97836, -588001, -597 
1721051138368.00, -92067, -590120, -569 
1721051138389.00, -86789, -592109, -521 
1721051138411.00, -80766, -593979, -443 
1721051138433.00, -45724, -595721, -408 
1721051138454.00, -24633, -596718, -396 
1721051138476.00, -12256, -597277, -333 
1721051138497.00, -5000, -597556, -278 
1721051138523.00, -822, -597672, -260 
1721051138540.00, 906, -597695, -203 
1721051138562.00, 2265, -597681, -133 
1721051138584.00, 3317, -597631, -37 
1721051138605.00, 3827, -597552, 89 
1721051138629.00, 9657, -597447, 222 
1721051138648.00, 20769, -597238, 369 
1721051138670.00, 36382, -596792, 449 
1721051138691.00, 50438, -596027, 527 
1721051138713.00, 63272, -594940, 606 
1721051138739.00, 75675, -593554, 755 
1721051138756.00, 92066, -591920, 781 
1721051138778.00, 103100, -589925, 790 
1721051138800.00, 110130, -587673, 874 
1721051138822.00, 119040, -585264, 897 
1721051138845.00, 125832, -582665, 917 
1721051138865.00, 130855, -579916, 985 
1721051138887.00, 138106, -577056, 979 
1721051138907.00, 141781, -574049, 1007 
1721051138929.00, 145382, -570950, 1029 
1721051138953.00, 148798, -567771, 1023 
1721051138973.00, 150370, -564520, 1031 
1721051138995.00, 151726, -561232, 1045 
1721051139016.00, 153242, -557907, 1067 
1721051139038.00, 155375, -554577, 1058 
1721051139062.00, 155910, -551174, 1076 
1721051139082.00, 157382, -547763, 1089 
1721051139103.00, 159022, -544317, 1086 
1721051139125.00, 159625, -540857, 1079 
1721051139147.00, 159397, -537367, 1083 
1721051139170.00, 159476, -533876, 1081 
1721051139191.00, 159102, -530408, 1091 
1721051139212.00, 159471, -526933, 1090 
1721051139234.00, 159646, -523446, 1071 
1721051139256.00, 158538, -519953, 1082 
1721051139283.00, 158447, -516484, 1106 
1721051139300.00, 159867, -513034, 1102 
1721051139322.00, 160578, -509534, 1110 
1721051139344.00, 161027, -506035, 1110 
1721051139366.00, 161394, -502501, 1086 
1721051139390.00, 160155, -498974, 1089 
1721051139409.00, 159445, -495484, 1078 
1721051139430.00, 158368, -491995, 1061 
1721051139453.00, 156488, -488549, 1075 
1721051139475.00, 156294, -485124, 1062 
1721051139496.00, 155171, -481717, 1055 
1721051139517.00, 154114, -478325, 1028 
1721051139540.00, 151593, -474955, 1006 
1721051139563.00, 148860, -471644, 998 
1721051139584.00, 146739, -468410, 978 
1721051139606.00, 144271, -465217, 975 
1721051139628.00, 142577, -462078, 953 
1721051139650.00, 140178, -458978, 945 
1721051139671.00, 138155, -455944, 909 
1721051139693.00, 134905, -452938, 897 
1721051139715.00, 132206, -450003, 878 
1721051139737.00, 129195, -447128, 865 
1721051139759.00, 126759, -444321, 829 
1721051139780.00, 123071, -441573, 779 
1721051139802.00, 117741, -438900, 732 
1721051139831.00, 111865, -436338, 667 
1721051139845.00, 104494, -433911, 592 
1721051139867.00, 95286, -431657, 522 
1721051139889.00, 54176, -429602, 416 
1721051139910.00, 29556, -428441, 383 
1721051139934.00, 15240, -427783, 244 
1721051139953.00, 6551, -427447, 148 
1721051139975.00, 1592, -427305, 50 
1721051139996.00, -629, -427273, -56 
1721051140018.00, -5809, -427291, -162 
1721051140040.00, -15087, -427415, -253 
1721051140061.00, -26271, -427733, -266 
1721051140082.00, -33312, -428314, -519 
1721051140104.00, -52792, -429035, -539 
1721051140126.00, -65488, -430151, -553 
1721051140147.00, -73921, -431589, -637 
1721051140169.00, -83684, -433184, -673 
1721051140191.00, -91703, -435025, -678 
1721051140212.00, -96802, -437001, -689 
1721051140234.00, -100129, -439105, -734 
1721051140256.00, -104917, -441293, -727 
1721051140277.00, -107133, -443580, -733 
1721051140299.00, -108847, -445910, -742 
1721051140321.00, -110162, -448282, -742 
1721051140343.00, -110996, -450687, -732 
1721051140365.00, -110932, -453094, -764 
1721051140386.00, -112546, -455506, -771 
1721051140408.00, -113963, -457959, -757 
1721051140429.00, -113889, -460442, -778 
1721051140451.00, -114946, -462907, -788 
1721051140473.00, -115949, -465397, -774 
1721051140495.00, -115623, -467947, -757 
1721051140516.00, -114435, -470463, -731 
1721051140538.00, -112243, -472929, -697 
1721051140559.00, -108687, -475376, -701 
1721051140581.00, -106742, -477748, -716 
1721051140603.00, -106557, -480059, -734 
1721051140625.00, -107356, -482369, -792 
1721051140646.00, -111236, -484730, -841 
1721051140668.00, -116535, -487159, -847 
1721051140691.00, -120051, -489678, -871 
1721051140712.00, -123309, -492309, -885 
1721051140734.00, -126004, -494990, -849 
1721051140755.00, -125481, -497734, -820 
1721051140777.00, -123089, -500472, -799 
1721051140799.00, -120612, -503159, -809 
1721051140820.00, -119832, -505761, -839 
1721051140843.00, -121051, -508370, -879 
1721051140864.00, -123996, -511021, -910 
1721051140886.00, -127445, -513722, -940 
1721051140908.00, -131346, -516511, -972 
1721051140929.00, -135566, -519374, -987 
1721051140949.00, -139096, -522312, -1002 
1721051140971.00, -142028, -525366, -1017 
1721051140994.00, -144510, -528464, -1030 
1721051141015.00, -146770, -531623, -1023 
1721051141037.00, -147556, -534832, -1024 
1721051141059.00, -148047, -538055, -1003 
1721051141082.00, -147011, -541293, -986 
1721051141104.00, -145375, -544491, -982 
1721051141125.00, -144226, -547645, -962 
1721051141146.00, -142100, -550781, -965 
1721051141169.00, -140918, -553872, -969 
1721051141191.00, -140562, -556934, -936 
1721051141212.00, -138194, -559987, -915 
1721051141234.00, -135384, -562983, -874 
1721051141255.00, -131111, -565943, -886 
1721051141277.00, -129421, -568793, -891 
1721051141299.00, -128429, -571589, -834 
1721051141321.00, -124656, -574394, -836 
1721051141343.00, -122446, -577092, -810 
1721051141375.00, -119555, -579743, -753 
1721051141386.00, -114342, -582355, -733 
1721051141408.00, -109948, -584846, -710 
1721051141430.00, -106076, -587218, -673 
1721051141451.00, -101231, -589518, -613 
1721051141473.00, -94934, -591722, -542 
1721051141494.00, -86855, -593764, -452 
1721051141516.00, -49182, -595629, -402 
1721051141538.00, -26790, -596697, -368 
1721051141559.00, -13513, -597302, -321 
1721051141581.00, -5947, -597612, -296 
1721051141602.00, -1420, -597748, -306 
1721051141624.00, 454, -597781, -274 
1721051141646.00, 1927, -597778, -256 
1721051141667.00, 2878, -597741, -226 
1721051141689.00, 3607, -597679, -205 
1721051141710.00, 3818, -597604, -176 
1721051141732.00, 3820, -597517, -142 
1721051141754.00, 3995, -597430, -123 
1721051141775.00, 3964, -597340, -92 
1721051141797.00, 4038, -597255, -60 
1721051141819.00, 3967, -597167, -44 
1721051141882.00, 3686, -597081, -25 
1721051141882.00, 3456, -596998, -9 
1721051141884.00, 3422, -596920, 7 
1721051141905.00, 0, -596845, -88 
1721051141926.00, 0, -596828, -71 
1721051141947.00, 0, -596826, -74 
1721051141967.00, 0, -596827, -69 
1721051141988.00, 0, -596827, -61 
1721051142009.00, 0, -596827, -60 
1721051142030.00, 0, -596827, -53 
1721051142052.00, 0, -596826, -52 
1721051142073.00, 0, -596826, -50 
1721051142094.00, 0, -596827, -46 
1721051142114.00, 0, -596826, -44 
1721051142135.00, 0, -596825, -41 
1721051142157.00, 0, -596826, -40 
1721051142178.00, 0, -596825, -38 
1721051142199.00, 0, -596826, -37 
1721051142220.00, 0, -596825, -35 
1721051142241.00, 0, -596826, -32 
1721051142262.00, 0, -596825, -31 
1721051142283.00, 0, -596826, -32 
1721051142304.00, 0, -596825, -36 
1721051142325.00, 0, -596826, -41 
1721051142346.00, 0, -596825, -46 
1721051142367.00, 0, -596826, -53 
1721051142388.00, 0, -596826, -48 
1721051142409.00, 0, -596826, -47 
1721051142430.00, 0, -596826, -51 
1721051142451.00, 0, -596826, -48 
1721051142472.00, 0, -596828, -43 
1721051142493.00, 0, -596825, -39 
1721051142514.00, 0, -596826, -31 
1721051142535.00, 0, -596825, -24 
1721051142556.00, 0, -596825, -22 
1721051142577.00, 0, -596825, -20 
1721051142598.00, 0, -596826, -17 
1721051142619.00, 0, -596824, -9 
1721051142647.00, 0, -596824, 0 
1721051142660.00, 0, -596823, 6 
1721051142682.00, 0, -596823, 11 
1721051142703.00, 0, -596824, 16 
1721051142724.00, 0, -596822, 21 
1721051142744.00, 0, -596822, 20 
1721051142765.00, 0, -596822, 21 
1721051142786.00, 0, -596822, 20 
1721051142807.00, 0, -596822, 20 
1721051142828.00, 0, -596823, 18 
1721051142850.00, 0, -596822, 16 
1721051142870.00, 0, -596823, 16 
1721051142891.00, 0, -596822, 15 
1721051142912.00, 0, -596823, 14 
1721051142933.00, 0, -596822, 14 
1721051142954.00, 0, -596822, 13 
1721051142975.00, 0, -596822, 14 
1721051142995.00, 0, -596822, 13 
1721051143017.00, 0, -596822, 13 
1721051143038.00, 0, -596823, 12 
1721051143058.00, 0, -596822, 11 
1721051143080.00, 0, -596822, 11 
1721051143101.00, 0, -596823, 10 
1721051143121.00, 0, -596823, 12 
1721051143142.00, 0, -596823, 14 
1721051143163.00, 0, -596823, 17 
1721051143184.00, 0, -596823, 18 
1721051143205.00, 0, -596822, 20 
1721051143226.00, 0, -596822, 20 
1721051143247.00, 0, -596823, 20 
1721051143268.00, 0, -596822, 20 
1721051143289.00, 0, -596822, 19 
1721051143310.00, 0, -596822, 17 
1721051143331.00, 0, -596823, 14 
1721051143352.00, 0, -596823, 13 
1721051143372.00, 0, -596822, 12 
1721051143394.00, 0, -596822, 12 
1721051143414.00, 0, -596823, 13 
1721051143441.00, 0, -596822, 13 
1721051143459.00, 0, -596823, 13 
1721051143478.00, 0, -596823, 12 
1721051143498.00, 0, -596822, 12 
1721051143519.00, 0, -596823, 11 
1721051143540.00, 0, -596823, 10 
1721051143561.00, 0, -596824, 10 
1721051143582.00, 0, -596823, 9 
1721051143603.00, 0, -596823, 9 
1721051143623.00, 0, -596823, 9 
1721051143644.00, 0, -596823, 10 
1721051143665.00, 0, -596822, 11 
1721051143687.00, 0, -596822, 13 
1721051143707.00, 0, -596823, 15 
1721051143729.00, 0, -596823, 16 
1721051143750.00, 0, -596821, 16 
1721051143770.00, 0, -596822, 16 
1721051143791.00, 0, -596822, 16 
1721051143812.00, 0, -596822, 16 
1721051143833.00, 0, -596823, 16 
1721051143854.00, 0, -596823, 15 
1721051143875.00, 0, -596822, 15 
1721051143896.00, 0, -596822, 15 
1721051143917.00, 0, -596823, 15 
1721051143938.00, 0, -596822, 15 
1721051143959.00, 0, -596824, 15 
1721051143979.00, 0, -596822, 15 
1721051144000.00, 0, -596822, 16 
1721051144022.00, 0, -596822, 17 
1721051144042.00, 0, -596822, 19 
1721051144064.00, 0, -596822, 20 
1721051144084.00, 0, -596823, 21 
1721051144105.00, 0, -596822, 22 
1721051144127.00, 0, -596822, 23 
1721051144147.00, 0, -596822, 24 
1721051144168.00, 0, -596822, 25 
1721051144189.00, 0, -596822, 26 
1721051144209.00, 0, -596822, 27 
1721051144231.00, 0, -596822, 28 
1721051144252.00, 0, -596822, 29 
1721051144273.00, 0, -596821, 29 
1721051144294.00, 0, -596822, 29 
1721051144315.00, 0, -596822, 28 
1721051144336.00, 0, -596822, 27 
1721051144357.00, 0, -596821, 26 
1721051144378.00, 0, -596822, 25 
1721051144398.00, 0, -596823, 23 
1721051144419.00, 0, -596822, 23 
1721051144440.00, 0, -596822, 22 
1721051144461.00, 0, -596821, 22 
1721051144483.00, 0, -596822, 21 
1721051144503.00, 0, -596822, 20 
1721051144524.00, 0, -596822, 20 
1721051144545.00, 0, -596822, 19 
1721051144566.00, 0, -596823, 19 
1721051144587.00, 0, -596822, 19 
1721051144608.00, 0, -596821, 19 
1721051144629.00, 0, -596822, 20 
1721051144650.00, 0, -596822, 21 
1721051144670.00, 0, -596822, 22 
1721051144692.00, 0, -596823, 22 
1721051144713.00, 0, -596821, 22 
1721051144734.00, 0, -596821, 21 
1721051144754.00, 0, -596821, 21 
1721051144776.00, 0, -596822, 21 
1721051144797.00, 0, -596822, 20 
1721051144817.00, 0, -596821, 20 
1721051144838.00, 0, -596822, 20 
