1718956222581.00, 8331, -582308, 57 
1718956222602.00, 8259, -582136, 58 
1718956222624.00, 8555, -581956, 59 
1718956222645.00, 8525, -581774, 59 
1718956222667.00, 8417, -581591, 59 
1718956222688.00, 8395, -581409, 61 
1718956222709.00, 8536, -581228, 59 
1718956222731.00, 8757, -581042, 59 
1718956222752.00, 8611, -580857, 59 
1718956222774.00, 8416, -580671, 58 
1718956222796.00, 8446, -580486, 56 
1718956222817.00, 8408, -580306, 55 
1718956222838.00, 8300, -580126, 54 
1718956222860.00, 7917, -579949, 54 
1718956222881.00, 7727, -579779, 51 
1718956222902.00, 7653, -579613, 50 
1718956222924.00, 7602, -579451, 49 
1718956222945.00, 7244, -579292, 47 
1718956222967.00, 6942, -579133, 44 
1718956222988.00, 6840, -578984, 44 
1718956223010.00, 6472, -578842, 45 
1718956223032.00, 6489, -578700, 44 
1718956223052.00, 6195, -578563, 42 
1718956223074.00, 5964, -578422, 41 
1718956223095.00, 5696, -578293, 42 
1718956223117.00, 5677, -578170, 42 
1718956223139.00, 5749, -578045, 41 
1718956223160.00, 5797, -577921, 40 
1718956223181.00, 5841, -577798, 39 
1718956223203.00, 5648, -577673, 38 
1718956223224.00, 5488, -577551, 37 
1718956223246.00, 5355, -577434, 37 
1718956223267.00, 5114, -577318, 37 
1718956223288.00, 5153, -577205, 35 
1718956223310.00, 4996, -577096, 35 
1718956223336.00, 5053, -576986, 36 
1718956223353.00, 5027, -576877, 36 
1718956223374.00, 5008, -576772, 36 
1718956223396.00, 4932, -576666, 34 
1718956223418.00, 4676, -576559, 33 
1718956223444.00, 4573, -576454, 34 
1718956223461.00, 4562, -576357, 35 
1718956223482.00, 4698, -576259, 33 
1718956223504.00, 4592, -576156, 34 
1718956223525.00, 4513, -576058, 37 
1718956223547.00, 4679, -575958, 39 
1718956223567.00, 4798, -575854, 40 
1718956223589.00, 5195, -575749, 42 
1718956223610.00, 5377, -575643, 45 
1718956223632.00, 5749, -575521, 46 
1718956223653.00, 6156, -575396, 47 
1718956223675.00, 6333, -575263, 48 
1718956223697.00, 6303, -575127, 50 
1718956223718.00, 6790, -574987, 51 
1718956223739.00, 7214, -574845, 51 
1718956223761.00, 7536, -574694, 51 
1718956223782.00, 7283, -574537, 53 
1718956223804.00, 7269, -574375, 53 
1718956223825.00, 7420, -574217, 54 
1718956223847.00, 7381, -574058, 55 
1718956223868.00, 7676, -573895, 55 
1718956223890.00, 7516, -573730, 56 
1718956223911.00, 7605, -573560, 56 
1718956223933.00, 7646, -573397, 57 
1718956223954.00, 8024, -573230, 56 
1718956223976.00, 8174, -573063, 56 
1718956223996.00, 8241, -572889, 57 
1718956224018.00, 8133, -572715, 59 
1718956224040.00, 8394, -572540, 58 
1718956224062.00, 8334, -572363, 58 
1718956224083.00, 8648, -572182, 58 
1718956224105.00, 8411, -571999, 59 
1718956224126.00, 8563, -571817, 58 
1718956224147.00, 8323, -571639, 58 
1718956224168.00, 8298, -571459, 58 
1718956224190.00, 8153, -571278, 58 
1718956224212.00, 8059, -571098, 57 
1718956224233.00, 8083, -570924, 57 
1718956224255.00, 8394, -570751, 57 
1718956224281.00, 8426, -570576, 57 
1718956224297.00, 8275, -570397, 56 
1718956224318.00, 8087, -570221, 57 
1718956224340.00, 8269, -570050, 57 
1718956224362.00, 8220, -569878, 57 
1718956224384.00, 8348, -569703, 57 
1718956224405.00, 8198, -569528, 58 
1718956224427.00, 8284, -569351, 57 
1718956224448.00, 8121, -569178, 57 
1718956224470.00, 8163, -569002, 56 
1718956224491.00, 7884, -568825, 58 
1718956224512.00, 7841, -568653, 59 
1718956224534.00, 8182, -568483, 60 
1718956224555.00, 8235, -568311, 60 
1718956224576.00, 8433, -568132, 60 
1718956224598.00, 8243, -567952, 61 
1718956224619.00, 8133, -567770, 62 
1718956224647.00, 8194, -567587, 62 
1718956224663.00, 8468, -567411, 63 
1718956224684.00, 8749, -567226, 63 
1718956224705.00, 8741, -567038, 62 
1718956224727.00, 8671, -566852, 64 
1718956224748.00, 8769, -566664, 63 
1718956224770.00, 9065, -566475, 62 
1718956224791.00, 8852, -566284, 62 
1718956224813.00, 8811, -566095, 64 
1718956224834.00, 8867, -565906, 65 
1718956224855.00, 9282, -565713, 63 
1718956224877.00, 9247, -565516, 62 
1718956224899.00, 8978, -565322, 62 
1718956224920.00, 8861, -565128, 62 
1718956224941.00, 8871, -564934, 62 
1718956224963.00, 8812, -564743, 62 
1718956224985.00, 8670, -564552, 61 
1718956225006.00, 8540, -564363, 61 
1718956225027.00, 8735, -564177, 61 
1718956225049.00, 8565, -563991, 61 
1718956225070.00, 8479, -563802, 61 
1718956225092.00, 8631, -563622, 61 
1718956225113.00, 8581, -563440, 60 
1718956225135.00, 8371, -563258, 60 
1718956225156.00, 8397, -563074, 60 
1718956225177.00, 8241, -562896, 60 
1718956225199.00, 8487, -562719, 60 
1718956225220.00, 8546, -562540, 61 
1718956225242.00, 8419, -562357, 60 
1718956225263.00, 8170, -562172, 60 
1718956225285.00, 8119, -561995, 62 
1718956225306.00, 8209, -561816, 63 
1718956225328.00, 8438, -561635, 62 
1718956225348.00, 8567, -561452, 62 
1718956225371.00, 8656, -561269, 62 
1718956225392.00, 8581, -561085, 62 
1718956225414.00, 8954, -560898, 62 
1718956225435.00, 8836, -560709, 61 
1718956225457.00, 8693, -560519, 62 
1718956225478.00, 8752, -560333, 62 
1718956225499.00, 8963, -560148, 61 
1718956225522.00, 8742, -559959, 61 
1718956225542.00, 8513, -559772, 61 
1718956225564.00, 8715, -559586, 61 
1718956225585.00, 8630, -559403, 60 
1718956225606.00, 8465, -559222, 58 
1718956225628.00, 8201, -559034, 57 
1718956225650.00, 8074, -558854, 57 
1718956225671.00, 8113, -558682, 57 
1718956225693.00, 8382, -558510, 57 
1718956225714.00, 8160, -558335, 57 
1718956225736.00, 8269, -558156, 57 
1718956225757.00, 8115, -557983, 59 
1718956225779.00, 8343, -557807, 59 
1718956225800.00, 8409, -557632, 59 
1718956225822.00, 8524, -557450, 59 
1718956225846.00, 8339, -557272, 59 
1718956225865.00, 8514, -557094, 58 
1718956225886.00, 8472, -556917, 57 
1718956225907.00, 8404, -556735, 57 
1718956225929.00, 8151, -556559, 59 
1718956225950.00, 8321, -556385, 59 
1718956225971.00, 8293, -556211, 59 
1718956225993.00, 8552, -556034, 60 
1718956226015.00, 8442, -555856, 61 
1718956226036.00, 8373, -555671, 62 
1718956226057.00, 8378, -555490, 63 
1718956226079.00, 8535, -555307, 61 
1718956226100.00, 8750, -555125, 62 
1718956226122.00, 8574, -554940, 64 
1718956226143.00, 8687, -554752, 63 
1718956226165.00, 8912, -554565, 63 
1718956226187.00, 9136, -554377, 64 
1718956226208.00, 8881, -554184, 64 
1718956226229.00, 8807, -553990, 65 
1718956226250.00, 8746, -553800, 65 
1718956226272.00, 9226, -553611, 64 
1718956226294.00, 9180, -553419, 65 
1718956226315.00, 8930, -553226, 66 
1718956226337.00, 8982, -553032, 67 
1718956226358.00, 9258, -552838, 68 
1718956226380.00, 9238, -552643, 68 
1718956226401.00, 9263, -552438, 67 
1718956226421.00, 9237, -552241, 69 
1718956226444.00, 9522, -552041, 69 
1718956226465.00, 9446, -551836, 67 
1718956226487.00, 9316, -551626, 67 
1718956226508.00, 9172, -551425, 69 
1718956226530.00, 9436, -551224, 67 
1718956226551.00, 9248, -551025, 66 
1718956226573.00, 9103, -550820, 67 
1718956226594.00, 9210, -550625, 67 
1718956226616.00, 9467, -550429, 65 
1718956226637.00, 9299, -550226, 65 
1718956226659.00, 9347, -550027, 64 
1718956226680.00, 9306, -549831, 65 
1718956226701.00, 9219, -549635, 67 
1718956226724.00, 9196, -549436, 67 
1718956226744.00, 9010, -549232, 66 
1718956226766.00, 9047, -549035, 66 
1718956226787.00, 9157, -548837, 64 
1718956226808.00, 8986, -548638, 62 
1718956226833.00, 9038, -548441, 61 
1718956226851.00, 8920, -548249, 61 
1718956226873.00, 8797, -548059, 59 
1718956226895.00, 8520, -547871, 60 
1718956226916.00, 8382, -547683, 59 
1718956226941.00, 8236, -547499, 60 
1718956226959.00, 8384, -547323, 61 
1718956226980.00, 8570, -547143, 62 
1718956227002.00, 8636, -546964, 64 
1718956227023.00, 8664, -546780, 67 
1718956227045.00, 8931, -546593, 66 
1718956227066.00, 8991, -546403, 65 
1718956227087.00, 8918, -546208, 65 
1718956227109.00, 8974, -546013, 67 
1718956227131.00, 9319, -545821, 68 
1718956227152.00, 9601, -545625, 67 
1718956227173.00, 9782, -545422, 66 
1718956227195.00, 9733, -545214, 67 
1718956227216.00, 9676, -545009, 67 
1718956227238.00, 9683, -544804, 66 
1718956227259.00, 9285, -544598, 67 
1718956227281.00, 9172, -544392, 67 
1718956227302.00, 9339, -544193, 68 
1718956227324.00, 9601, -543998, 66 
1718956227345.00, 9507, -543796, 65 
1718956227367.00, 9519, -543591, 67 
1718956227388.00, 9621, -543394, 68 
1718956227410.00, 9780, -543195, 66 
1718956227431.00, 9459, -542987, 66 
1718956227453.00, 9237, -542784, 68 
1718956227473.00, 9450, -542583, 67 
1718956227496.00, 9586, -542381, 67 
1718956227517.00, 9542, -542178, 67 
1718956227538.00, 9478, -541970, 67 
1718956227559.00, 9427, -541769, 69 
1718956227581.00, 9461, -541565, 67 
1718956227603.00, 9189, -541360, 67 
1718956227624.00, 9253, -541155, 66 
1718956227646.00, 9325, -540957, 66 
1718956227667.00, 9522, -540760, 65 
1718956227688.00, 9529, -540561, 65 
1718956227710.00, 9469, -540357, 65 
1718956227732.00, 9281, -540158, 65 
1718956227752.00, 9069, -539961, 65 
1718956227774.00, 9026, -539765, 64 
1718956227796.00, 8805, -539568, 64 
1718956227818.00, 8918, -539376, 66 
1718956227839.00, 9133, -539186, 67 
1718956227860.00, 9406, -538990, 66 
1718956227882.00, 9133, -538794, 64 
1718956227903.00, 8930, -538591, 64 
1718956227926.00, 8841, -538396, 66 
1718956227946.00, 8983, -538206, 66 
1718956227967.00, 9139, -538012, 64 
1718956227990.00, 9150, -537810, 65 
1718956228012.00, 9319, -537615, 66 
1718956228037.00, 9540, -537421, 66 
1718956228055.00, 9485, -537222, 65 
1718956228076.00, 9157, -537023, 65 
1718956228097.00, 8984, -536825, 65 
1718956228119.00, 9082, -536633, 66 
1718956228141.00, 8986, -536440, 66 
1718956228161.00, 8921, -536243, 64 
1718956228183.00, 9188, -536050, 65 
1718956228204.00, 9221, -535858, 66 
1718956228226.00, 9169, -535659, 64 
1718956228248.00, 9029, -535460, 65 
1718956228269.00, 8974, -535264, 67 
1718956228291.00, 9047, -535070, 66 
1718956228312.00, 8927, -534871, 65 
1718956228334.00, 9061, -534678, 65 
1718956228355.00, 9026, -534484, 65 
1718956228376.00, 8996, -534289, 63 
1718956228398.00, 8830, -534096, 63 
1718956228419.00, 8568, -533903, 62 
1718956228441.00, 8597, -533717, 63 
1718956228462.00, 8679, -533533, 61 
1718956228484.00, 8575, -533348, 59 
1718956228505.00, 8318, -533162, 60 
1718956228527.00, 8195, -532979, 62 
1718956228548.00, 8461, -532802, 60 
1718956228568.00, 8457, -532619, 57 
1718956228591.00, 8435, -532437, 57 
1718956228612.00, 8110, -532257, 58 
1718956228634.00, 8095, -532081, 57 
1718956228655.00, 7855, -531905, 55 
1718956228677.00, 7880, -531732, 54 
1718956228698.00, 7750, -531564, 54 
1718956228720.00, 7622, -531396, 53 
1718956228741.00, 7303, -531234, 53 
1718956228763.00, 7292, -531073, 52 
1718956228784.00, 7416, -530915, 53 
1718956228806.00, 7342, -530758, 53 
1718956228827.00, 7267, -530603, 53 
1718956228849.00, 7373, -530446, 53 
1718956228869.00, 7561, -530292, 54 
1718956228892.00, 7549, -530134, 53 
1718956228914.00, 7417, -529973, 53 
1718956228934.00, 7335, -529811, 53 
1718956228956.00, 7311, -529651, 52 
1718956228977.00, 7226, -529494, 52 
1718956229000.00, 7324, -529335, 53 
1718956229020.00, 7551, -529178, 53 
1718956229041.00, 7376, -529017, 53 
1718956229063.00, 7198, -528858, 53 
1718956229084.00, 7173, -528701, 54 
1718956229106.00, 7349, -528544, 54 
1718956229128.00, 7369, -528383, 54 
1718956229149.00, 7467, -528221, 54 
1718956229171.00, 7697, -528062, 54 
1718956229192.00, 7600, -527902, 54 
1718956229213.00, 7661, -527737, 54 
1718956229240.00, 7567, -527574, 56 
1718956229256.00, 7785, -527409, 56 
1718956229278.00, 7589, -527245, 57 
1718956229299.00, 7716, -527084, 57 
1718956229320.00, 7989, -526916, 57 
1718956229342.00, 7908, -526747, 56 
1718956229363.00, 7738, -526577, 55 
1718956229385.00, 7891, -526408, 56 
1718956229407.00, 7805, -526240, 55 
1718956229428.00, 7933, -526071, 55 
1718956229450.00, 7972, -525900, 56 
1718956229471.00, 7899, -525730, 56 
1718956229493.00, 7891, -525558, 56 
1718956229514.00, 8164, -525390, 56 
1718956229535.00, 8211, -525218, 57 
1718956229557.00, 8296, -525044, 57 
1718956229579.00, 8104, -524868, 59 
1718956229600.00, 8231, -524694, 60 
1718956229621.00, 8244, -524518, 61 
1718956229642.00, 8575, -524340, 63 
1718956229664.00, 8662, -524159, 65 
1718956229686.00, 8826, -523972, 65 
1718956229707.00, 9122, -523785, 65 
1718956229729.00, 9476, -523595, 66 
1718956229750.00, 9523, -523397, 66 
1718956229772.00, 9617, -523196, 68 
1718956229793.00, 9797, -522994, 69 
1718956229815.00, 9679, -522784, 71 
1718956229836.00, 9606, -522571, 73 
1718956229858.00, 9902, -522362, 74 
1718956229879.00, 10186, -522148, 76 
1718956229901.00, 10170, -521928, 78 
1718956229922.00, 10354, -521701, 78 
1718956229944.00, 10621, -521477, 81 
1718956229965.00, 11285, -521247, 86 
1718956229987.00, 11606, -521009, 85 
1718956230008.00, 11829, -520760, 84 
1718956230030.00, 11963, -520510, 88 
1718956230051.00, 12458, -520255, 90 
1718956230073.00, 12469, -519993, 89 
1718956230094.00, 12440, -519726, 84 
1718956230116.00, 12366, -519451, 91 
1718956230138.00, 12496, -519185, 92 
1718956230159.00, 12559, -518914, 89 
1718956230180.00, 12586, -518636, 90 
1718956230202.00, 12520, -518368, 95 
1718956230225.00, 13264, -518094, 91 
1718956230245.00, 12963, -517814, 91 
1718956230267.00, 13090, -517531, 93 
1718956230289.00, 13072, -517255, 91 
1718956230310.00, 12773, -516972, 92 
1718956230332.00, 12687, -516694, 94 
1718956230353.00, 12828, -516413, 90 
1718956230375.00, 12567, -516129, 90 
1718956230396.00, 12695, -515848, 90 
1718956230417.00, 12884, -515576, 91 
1718956230440.00, 12986, -515297, 87 
1718956230461.00, 12724, -515021, 88 
1718956230482.00, 12746, -514744, 87 
1718956230504.00, 12484, -514469, 89 
1718956230526.00, 12445, -514204, 90 
1718956230552.00, 12905, -513937, 90 
1718956230569.00, 12603, -513667, 88 
1718956230590.00, 12391, -513392, 90 
1718956230612.00, 12805, -513122, 92 
1718956230633.00, 12845, -512845, 92 
1718956230655.00, 13081, -512567, 93 
1718956230676.00, 13071, -512291, 94 
1718956230698.00, 12998, -512005, 93 
1718956230720.00, 12965, -511725, 94 
1718956230741.00, 12980, -511443, 95 
1718956230763.00, 13244, -511160, 94 
1718956230783.00, 13177, -510880, 94 
1718956230806.00, 13034, -510597, 92 
1718956230827.00, 12920, -510311, 92 
1718956230849.00, 12996, -510037, 93 
1718956230870.00, 13151, -509750, 90 
1718956230892.00, 12965, -509466, 89 
1718956230913.00, 12923, -509183, 89 
1718956230935.00, 12675, -508907, 90 
1718956230957.00, 12447, -508628, 91 
1718956230978.00, 12843, -508357, 91 
1718956230999.00, 12599, -508084, 90 
1718956231021.00, 12852, -507805, 93 
1718956231043.00, 13009, -507537, 95 
1718956231065.00, 13162, -507258, 93 
1718956231086.00, 13037, -506976, 94 
1718956231107.00, 13242, -506694, 96 
1718956231129.00, 13499, -506405, 97 
1718956231151.00, 13283, -506118, 98 
1718956231172.00, 13499, -505825, 98 
1718956231194.00, 13441, -505529, 100 
1718956231215.00, 13875, -505238, 101 
1718956231237.00, 14152, -504942, 100 
1718956231259.00, 14199, -504637, 103 
1718956231281.00, 14320, -504335, 105 
1718956231301.00, 14328, -504029, 104 
1718956231324.00, 14428, -503718, 105 
1718956231345.00, 14739, -503405, 107 
1718956231367.00, 14614, -503085, 106 
1718956231389.00, 14776, -502760, 108 
1718956231410.00, 15055, -502439, 109 
1718956231432.00, 15246, -502113, 108 
1718956231453.00, 15413, -501787, 109 
1718956231475.00, 15248, -501455, 109 
1718956231496.00, 15519, -501124, 110 
1718956231518.00, 15280, -500793, 109 
1718956231541.00, 15298, -500461, 109 
1718956231562.00, 15321, -500128, 109 
1718956231584.00, 15184, -499788, 110 
1718956231605.00, 15661, -499449, 111 
1718956231627.00, 15495, -499113, 110 
1718956231650.00, 15337, -498776, 111 
1718956231670.00, 15531, -498443, 113 
1718956231691.00, 15601, -498105, 111 
1718956231713.00, 15559, -497772, 112 
1718956231734.00, 15857, -497435, 112 
1718956231759.00, 15748, -497100, 111 
1718956231778.00, 15549, -496754, 110 
1718956231800.00, 15688, -496409, 111 
1718956231821.00, 15588, -496069, 112 
1718956231843.00, 15533, -495726, 109 
1718956231865.00, 15679, -495391, 109 
1718956231886.00, 15345, -495057, 110 
1718956231908.00, 15431, -494721, 112 
1718956231929.00, 15794, -494386, 134 
1718956231951.00, 17014, -494049, 158 
1718956231977.00, 19143, -493685, 173 
1718956231995.00, 21313, -493261, 185 
1718956232016.00, 23345, -492792, 192 
1718956232037.00, 25403, -492285, 205 
1718956232060.00, 27033, -491742, 212 
1718956232086.00, 28358, -491158, 220 
1718956232103.00, 29522, -490543, 233 
1718956232124.00, 31128, -489893, 237 
1718956232146.00, 32491, -489214, 236 
1718956232167.00, 33038, -488517, 235 
1718956232192.00, 33376, -487804, 235 
1718956232211.00, 33549, -487086, 233 
1718956232233.00, 33368, -486353, 227 
1718956232254.00, 32803, -485628, 220 
1718956232275.00, 32058, -484912, 217 
1718956232302.00, 31836, -484215, 209 
1718956232319.00, 31185, -483524, 201 
1718956232341.00, 29965, -482844, 194 
1718956232363.00, 29116, -482189, 190 
1718956232384.00, 28237, -481559, 196 
1718956232405.00, 28269, -480953, 190 
1718956232427.00, 28017, -480342, 181 
1718956232449.00, 26896, -479737, 181 
1718956232470.00, 26470, -479151, 183 
1718956232492.00, 26374, -478579, 181 
1718956232514.00, 26016, -478016, 175 
1718956232536.00, 25495, -477459, 176 
1718956232557.00, 25558, -476899, 176 
1718956232579.00, 25487, -476344, 179 
1718956232600.00, 25441, -475795, 174 
1718956232622.00, 25027, -475246, 174 
1718956232644.00, 24821, -474706, 163 
1718956232665.00, 23915, -474171, 159 
1718956232687.00, 23443, -473645, 157 
1718956232709.00, 22703, -473136, 149 
1718956232731.00, 21931, -472643, 142 
1718956232751.00, 21117, -472168, 142 
1718956232773.00, 20285, -471714, 142 
1718956232795.00, 20091, -471272, 144 
1718956232817.00, 20159, -470838, 142 
1718956232838.00, 19947, -470398, 151 
1718956232860.00, 20404, -469959, 157 
1718956232881.00, 21184, -469517, 160 
1718956232903.00, 21655, -469063, 165 
1718956232925.00, 22400, -468593, 170 
1718956232947.00, 22886, -468111, 177 
1718956232971.00, 23731, -467616, 175 
1718956232990.00, 24190, -467099, 179 
1718956233012.00, 24547, -466568, 187 
1718956233033.00, 25114, -466036, 182 
1718956233055.00, 25445, -465487, 188 
1718956233081.00, 25807, -464940, 193 
1718956233098.00, 26290, -464383, 201 
1718956233119.00, 27180, -463808, 206 
1718956233141.00, 28245, -463213, 204 
1718956233163.00, 28476, -462609, 198 
1718956233184.00, 28214, -461995, 196 
1718956233206.00, 27844, -461388, 188 
1718956233228.00, 27557, -460781, 179 
1718956233250.00, 26520, -460183, 174 
1718956233271.00, 25535, -459606, 174 
1718956233292.00, 25127, -459048, 177 
1718956233315.00, 25062, -458506, 170 
1718956233336.00, 24618, -457969, 164 
1718956233358.00, 24352, -457434, 167 
1718956233380.00, 23907, -456907, 164 
1718956233401.00, 23289, -456390, 156 
1718956233423.00, 22745, -455879, 161 
1718956233444.00, 22689, -455390, 156 
1718956233466.00, 22391, -454903, 155 
1718956233486.00, 22047, -454421, 154 
1718956233512.00, 21654, -453939, 154 
1718956233531.00, 21495, -453462, 156 
1718956233553.00, 21311, -452997, 149 
1718956233574.00, 21208, -452530, 148 
1718956233596.00, 20746, -452073, 144 
1718956233618.00, 20446, -451623, 139 
1718956233639.00, 20164, -451178, 138 
1718956233661.00, 19559, -450742, 137 
1718956233683.00, 19381, -450307, 136 
1718956233704.00, 19237, -449889, 124 
1718956233726.00, 18535, -449473, 122 
1718956233747.00, 17546, -449077, 118 
1718956233769.00, 17121, -448691, 119 
1718956233791.00, 17006, -448328, 108 
1718956233812.00, 16232, -447963, 104 
1718956233834.00, 15340, -447616, 94 
1718956233855.00, 14187, -447280, 89 
1718956233877.00, 13251, -446972, 90 
1718956233899.00, 12977, -446688, 83 
1718956233920.00, 12160, -446412, 79 
1718956233946.00, 11487, -446148, 74 
1718956233963.00, 10743, -445903, 64 
1718956233984.00, 9970, -445670, 60 
1718956234006.00, 9017, -445461, 57 
1718956234028.00, 8268, -445271, 60 
1718956234052.00, 8056, -445093, 62 
1718956234070.00, 7907, -444922, 55 
1718956234091.00, 7488, -444751, 54 
1718956234113.00, 7284, -444591, 52 
1718956234134.00, 6903, -444434, 56 
1718956234161.00, 7304, -444277, 55 
1718956234177.00, 7484, -444120, 50 
1718956234199.00, 7319, -443954, 51 
1718956234221.00, 7432, -443798, 50 
1718956234242.00, 7437, -443644, 53 
1718956234267.00, 7386, -443488, 51 
1718956234285.00, 7178, -443327, 50 
1718956234306.00, 6862, -443171, 50 
1718956234328.00, 6670, -443016, 48 
1718956234349.00, 6815, -442870, 46 
1718956234371.00, 6784, -442727, 41 
1718956234392.00, 6519, -442586, 38 
1718956234414.00, 5890, -442451, 41 
1718956234436.00, 5699, -442320, 38 
1718956234457.00, 5619, -442197, 35 
1718956234478.00, 5088, -442082, 37 
1718956234500.00, 5145, -441969, 34 
1718956234521.00, 4936, -441860, 34 
1718956234542.00, 4968, -441754, 31 
1718956234564.00, 4666, -441648, 31 
1718956234586.00, 4477, -441548, 31 
1718956234607.00, 4299, -441452, 29 
1718956234628.00, 4093, -441359, 29 
1718956234650.00, 4053, -441270, 28 
1718956234671.00, 3976, -441183, 25 
1718956234692.00, 3751, -441094, 25 
1718956234713.00, 3572, -441013, 28 
1718956234736.00, 3568, -440936, 30 
1718956234757.00, 3845, -440856, 29 
1718956234779.00, 3788, -440770, 28 
1718956234800.00, 3801, -440688, 31 
1718956234826.00, 3962, -440610, 35 
1718956234843.00, 4331, -440524, 33 
1718956234865.00, 4343, -440432, 32 
1718956234885.00, 4299, -440337, 32 
1718956234907.00, 4376, -440244, 34 
1718956234929.00, 4648, -440147, 34 
1718956234950.00, 4766, -440051, 36 
1718956234971.00, 4924, -439950, 37 
1718956234993.00, 4915, -439845, 38 
1718956235014.00, 4893, -439740, 41 
1718956235037.00, 5356, -439631, 42 
1718956235057.00, 5587, -439520, 43 
1718956235078.00, 5628, -439400, 43 
1718956235101.00, 5870, -439277, 43 
1718956235122.00, 5752, -439153, 45 
1718956235144.00, 5819, -439025, 46 
1718956235165.00, 6035, -438901, 45 
1718956235186.00, 6352, -438774, 44 
1718956235208.00, 6258, -438640, 45 
1718956235229.00, 6315, -438505, 45 
1718956235252.00, 6337, -438370, 43 
1718956235273.00, 6168, -438235, 42 
1718956235294.00, 5825, -438102, 40 
1718956235315.00, 5616, -437972, 37 
1718956235337.00, 5650, -437848, 35 
1718956235358.00, 5288, -437729, 33 
1718956235379.00, 5057, -437611, 32 
1718956235401.00, 4863, -437499, 30 
1718956235423.00, 4529, -437396, 29 
1718956235444.00, 4193, -437297, 28 
1718956235465.00, 4068, -437204, 29 
1718956235486.00, 4009, -437118, 31 
1718956235508.00, 4160, -437031, 33 
1718956235529.00, 4274, -436940, 34 
1718956235551.00, 4383, -436846, 37 
1718956235572.00, 4619, -436748, 45 
1718956235594.00, 5258, -436647, 48 
1718956235615.00, 5916, -436538, 54 
1718956235637.00, 6722, -436411, 60 
1718956235658.00, 7457, -436268, 65 
1718956235680.00, 8239, -436105, 76 
1718956235702.00, 9466, -435928, 78 
1718956235723.00, 10170, -435728, 84 
1718956235745.00, 11121, -435513, 86 
1718956235766.00, 11960, -435275, 87 
1718956235788.00, 12159, -435026, 86 
1718956235809.00, 12149, -434764, 90 
1718956235831.00, 12404, -434497, 92 
1718956235852.00, 12833, -434223, 90 
1718956235874.00, 12778, -433947, 85 
1718956235895.00, 12835, -433669, 80 
1718956235916.00, 12147, -433399, 69 
1718956235938.00, 11383, -433134, 60 
1718956235959.00, 10317, -432892, 61 
1718956235982.00, 9507, -432669, 58 
1718956236002.00, 8867, -432462, 54 
1718956236024.00, 5145, -432277, 47 
1718956236046.00, 2792, -432163, 49 
1718956236067.00, 1464, -432098, 49 
1718956236089.00, 637, -432066, 47 
1718956236110.00, 154, -432051, 55 
1718956236137.00, 0, -432046, 56 
1718956236152.00, 0, -432045, 57 
1718956236174.00, 0, -432045, 66 
1718956236195.00, 0, -432044, 68 
1718956236216.00, 0, -432045, 71 
1718956236239.00, 0, -432044, 75 
1718956236258.00, 0, -432043, 78 
1718956236279.00, 22, -432042, 83 
1718956236300.00, 0, -432043, 87 
1718956236321.00, 0, -432043, 86 
1718956236343.00, 0, -432043, 86 
1718956236363.00, 0, -432042, 91 
1718956236385.00, 0, -432041, 95 
1718956236406.00, 0, -432042, 96 
1718956236426.00, 0, -432042, 96 
1718956236448.00, 0, -432041, 99 
1718956236469.00, 0, -432041, 100 
1718956236490.00, 0, -432041, 104 
1718956236512.00, 0, -432041, 107 
1718956236533.00, 0, -432041, 107 
1718956236554.00, 0, -432040, 113 
1718956236575.00, 0, -432040, 119 
1718956236596.00, 0, -432039, 123 
1718956236618.00, 0, -432039, 124 
1718956236639.00, 0, -432038, 129 
1718956236660.00, 0, -432039, 132 
1718956236682.00, 0, -432038, 128 
1718956236702.00, 0, -432038, 127 
1718956236724.00, 0, -432039, 130 
1718956236745.00, 0, -432038, 127 
1718956236766.00, 0, -432039, 120 
1718956236788.00, 0, -432038, 113 
1718956236807.00, 0, -432039, 112 
1718956236830.00, -4, -432038, 105 
1718956236851.00, 0, -432040, 92 
1718956236871.00, 0, -432040, 85 
1718956236897.00, 0, -432040, 79 
1718956236914.00, 0, -432041, 67 
1718956236935.00, 0, -432042, 55 
1718956236956.00, 0, -432042, 47 
1718956236977.00, 0, -432043, 39 
1718956236999.00, 0, -432043, 30 
1718956237020.00, 0, -432045, 26 
1718956237040.00, 0, -432043, 27 
1718956237062.00, -22, -432043, 24 
1718956237083.00, 0, -432046, 17 
1718956237104.00, 2, -432047, 11 
1718956237125.00, 0, -432047, 7 
1718956237146.00, 0, -432047, 7 
1718956237167.00, 0, -432051, -3 
1718956237188.00, 0, -432051, -10 
1718956237210.00, 6, -432053, -19 
1718956237231.00, -683, -432054, -25 
1718956237253.00, -1904, -432063, -33 
1718956237274.00, -3184, -432099, -42 
1718956237295.00, -4464, -432164, -41 
1718956237316.00, -5162, -432262, -49 
1718956237338.00, -5898, -432372, -54 
1718956237360.00, -6658, -432496, -58 
1718956237382.00, -7348, -432638, -64 
1718956237403.00, -8221, -432801, -69 
1718956237424.00, -9148, -432976, -61 
1718956237449.00, -8932, -433165, -49 
1718956237467.00, -8336, -433358, -42 
1718956237489.00, -7574, -433534, -33 
1718956237510.00, -6621, -433692, -19 
1718956237531.00, -4987, -433834, -17 
1718956237556.00, -4054, -433946, -21 
1718956237575.00, -3686, -434032, -25 
1718956237596.00, -3743, -434111, -32 
1718956237618.00, -4006, -434191, -35 
1718956237639.00, -4496, -434280, -43 
1718956237660.00, -5128, -434376, -47 
1718956237682.00, -5798, -434489, -44 
1718956237703.00, -6056, -434617, -44 
1718956237725.00, -6089, -434750, -46 
1718956237746.00, -6326, -434883, -51 
1718956237767.00, -6868, -435020, -52 
1718956237789.00, -7380, -435163, -56 
1718956237811.00, -7711, -435316, -57 
1718956237832.00, -7957, -435484, -57 
1718956237854.00, -8192, -435655, -58 
1718956237879.00, -8238, -435825, -53 
1718956237896.00, -8105, -435999, -49 
1718956237918.00, -7746, -436173, -46 
1718956237940.00, -6985, -436339, -46 
1718956237961.00, -6596, -436494, -34 
1718956237983.00, -5819, -436634, -23 
1718956238004.00, -4683, -436760, -18 
1718956238025.00, -3853, -436864, -17 
1718956238047.00, -3286, -436947, -14 
1718956238068.00, -2761, -437018, -10 
1718956238090.00, 1, -437077, -9 
1718956238111.00, 0, -437081, -13 
1718956238132.00, -718, -437082, -15 
1718956238153.00, -1305, -437094, -18 
1718956238175.00, -1836, -437123, -28 
1718956238196.00, -2788, -437163, -35 
1718956238218.00, -3797, -437222, -44 
1718956238239.00, -4890, -437305, -61 
1718956238261.00, -6587, -437413, -82 
1718956238282.00, -8899, -437558, -108 
1718956238305.00, -11787, -437754, -157 
1718956238326.00, -16283, -438014, -198 
1718956238348.00, -21706, -438366, -217 
1718956238369.00, -25883, -438828, -230 
1718956238390.00, -29076, -439383, -250 
1718956238412.00, -32338, -440014, -265 
1718956238434.00, -35171, -440709, -263 
1718956238455.00, -36633, -441471, -248 
1718956238477.00, -36468, -442261, -242 
1718956238498.00, -36268, -443052, -231 
1718956238520.00, -35594, -443833, -222 
1718956238542.00, -34580, -444610, -213 
1718956238563.00, -33309, -445353, -212 
1718956238585.00, -32538, -446068, -203 
1718956238607.00, -31275, -446770, -209 
1718956238628.00, -30762, -447451, -217 
1718956238650.00, -31169, -448122, -218 
1718956238672.00, -31455, -448792, -212 
1718956238694.00, -31286, -449469, -214 
1718956238715.00, -31220, -450148, -217 
1718956238736.00, -31181, -450830, -218 
1718956238760.00, -31316, -451513, -225 
1718956238780.00, -31672, -452191, -230 
1718956238801.00, -32271, -452879, -225 
1718956238823.00, -32507, -453579, -238 
1718956238845.00, -33228, -454285, -230 
1718956238867.00, -33229, -455005, -231 
1718956238888.00, -33322, -455719, -238 
1718956238910.00, -33843, -456443, -258 
1718956238932.00, -34982, -457175, -292 
1718956238953.00, -37573, -457941, -314 
1718956238979.00, -40432, -458748, -323 
1718956238996.00, -42526, -459621, -350 
1718956239018.00, -45439, -460550, -370 
1718956239040.00, -48465, -461536, -370 
1718956239061.00, -50047, -462575, -352 
1718956239087.00, -50141, -463662, -361 
1718956239105.00, -50676, -464755, -373 
1718956239127.00, -51803, -465847, -368 
1718956239148.00, -52224, -466974, -372 
1718956239170.00, -52371, -468106, -376 
1718956239196.00, -52830, -469239, -370 
1718956239213.00, -52851, -470390, -368 
1718956239235.00, -52631, -471531, -383 
1718956239256.00, -53518, -472670, -382 
1718956239278.00, -53877, -473827, -382 
1718956239308.00, -54128, -474996, -395 
1718956239321.00, -54816, -476168, -384 
1718956239342.00, -54786, -477372, -375 
1718956239364.00, -54075, -478549, -378 
1718956239386.00, -53929, -479720, -382 
1718956239409.00, -54025, -480893, -388 
1718956239429.00, -54446, -482057, -387 
1718956239451.00, -54547, -483243, -396 
1718956239472.00, -55178, -484436, -401 
1718956239494.00, -55985, -485627, -392 
1718956239516.00, -55897, -486847, -402 
1718956239537.00, -56520, -488052, -415 
1718956239559.00, -57366, -489269, -406 
1718956239580.00, -57514, -490526, -405 
1718956239602.00, -57457, -491771, -411 
1718956239624.00, -57764, -493020, -419 
1718956239645.00, -58449, -494278, -424 
1718956239667.00, -59038, -495534, -418 
1718956239689.00, -59296, -496823, -427 
1718956239711.00, -59861, -498096, -430 
1718956239732.00, -60509, -499399, -419 
1718956239753.00, -60064, -500716, -423 
1718956239776.00, -59928, -502011, -420 
1718956239797.00, -59903, -503322, -423 
1718956239819.00, -59909, -504609, -422 
1718956239842.00, -59941, -505905, -422 
1718956239862.00, -59829, -507211, -427 
1718956239884.00, -60111, -508506, -423 
1718956239905.00, -60162, -509815, -429 
1718956239927.00, -60402, -511112, -435 
1718956239949.00, -60881, -512421, -433 
1718956239970.00, -61081, -513742, -435 
1718956239992.00, -61348, -515058, -437 
1718956240014.00, -61597, -516399, -450 
1718956240035.00, -62678, -517735, -451 
1718956240057.00, -63173, -519087, -451 
1718956240079.00, -63435, -520458, -463 
1718956240100.00, -64542, -521824, -457 
1718956240121.00, -64649, -523231, -459 
1718956240144.00, -64756, -524626, -463 
1718956240165.00, -65030, -526040, -473 
1718956240187.00, -65846, -527441, -477 
1718956240208.00, -66521, -528872, -472 
1718956240230.00, -66490, -530312, -481 
1718956240252.00, -67088, -531749, -466 
1718956240273.00, -66778, -533218, -469 
1718956240295.00, -66614, -534662, -464 
1718956240317.00, -66242, -536110, -471 
1718956240338.00, -66299, -537532, -460 
1718956240360.00, -65776, -538971, -453 
1718956240382.00, -64911, -540395, -466 
1718956240403.00, -65154, -541812, -458 
1718956240425.00, -64939, -543231, -459 
1718956240446.00, -64996, -544627, -449 
1718956240468.00, -64337, -546035, -454 
1718956240490.00, -64299, -547420, -449 
1718956240511.00, -63773, -548824, -449 
1718956240533.00, -63708, -550212, -457 
1718956240555.00, -64056, -551587, -447 
1718956240576.00, -63590, -552971, -450 
1718956240597.00, -63681, -554339, -444 
1718956240620.00, -63178, -555727, -460 
1718956240640.00, -63700, -557092, -450 
1718956240663.00, -63509, -558480, -448 
1718956240684.00, -63168, -559856, -459 
1718956240706.00, -63739, -561222, -458 
1718956240728.00, -64019, -562604, -457 
1718956240749.00, -64254, -563984, -463 
1718956240770.00, -64616, -565385, -466 
1718956240792.00, -65039, -566784, -462 
1718956240814.00, -65060, -568198, -458 
1718956240836.00, -65074, -569605, -460 
1718956240857.00, -65076, -570998, -443 
1718956240879.00, -63825, -572409, -448 
1718956240901.00, -63557, -573794, -434 
1718956240922.00, -62423, -575175, -436 
1718956240944.00, -61785, -576520, -420 
1718956240966.00, -60826, -577855, -414 
1718956240987.00, -59506, -579164, -413 
1718956241008.00, -58704, -580451, -399 
1718956241030.00, -57347, -581732, -388 
1718956241052.00, -56004, -582975, -370 
1718956241074.00, -54164, -584187, -364 
1718956241095.00, -52699, -585359, -364 
1718956241117.00, -51734, -586493, -351 
1718956241139.00, -50456, -587617, -342 
1718956241160.00, -49051, -588711, -352 
1718956241182.00, -48635, -589773, -353 
1718956241203.00, -48723, -590832, -346 
1718956241225.00, -48494, -591891, -357 
1718956241247.00, -48858, -592935, -361 
1718956241273.00, -27714, -593990, -364 
1718956241290.00, -14788, -594622, -402 
1718956241312.00, -7345, -594961, -392 
1718956241333.00, -2956, -595130, -415 
1718956241355.00, -221, -595204, -439 
1718956241376.00, 533, -595214, -433 
1718956241397.00, 1451, -595209, -432 
1718956241419.00, 2090, -595184, -438 
1718956241441.00, 2522, -595140, -441 
1718956241463.00, 2753, -595087, -433 
1718956241484.00, 2828, -595029, -432 
1718956241506.00, 2880, -594967, -432 
1718956241528.00, 2786, -594902, -415 
1718956241549.00, 2742, -594839, -394 
1718956241571.00, 2865, -594779, -379 
1718956241593.00, 2660, -594719, -352 
1718956241614.00, 2524, -594658, -309 
1718956241635.00, 2496, -594599, -274 
1718956241657.00, 2507, -594541, -217 
1718956241680.00, 2544, -594483, -146 
1718956241700.00, 2546, -594425, -82 
1718956241722.00, 2485, -594366, -13 
1718956241743.00, 2415, -594305, 65 
1718956241765.00, 6332, -594239, 147 
1718956241788.00, 13398, -594103, 193 
1718956241808.00, 20399, -593816, 224 
1718956241830.00, 26412, -593379, 273 
1718956241851.00, 33116, -592812, 315 
1718956241874.00, 39446, -592110, 351 
1718956241895.00, 45252, -591259, 375 
1718956241916.00, 50148, -590278, 401 
1718956241940.00, 54762, -589198, 429 
1718956241960.00, 59015, -588019, 445 
1718956241981.00, 62155, -586735, 463 
1718956242003.00, 65473, -585389, 474 
1718956242025.00, 67860, -583970, 481 
1718956242050.00, 69572, -582503, 507 
1718956242068.00, 72050, -580984, 508 
1718956242089.00, 73506, -579424, 520 
1718956242111.00, 75146, -577823, 525 
1718956242133.00, 76427, -576202, 548 
1718956242156.00, 78578, -574545, 543 
1718956242176.00, 79301, -572841, 561 
1718956242198.00, 81024, -571115, 552 
1718956242219.00, 81438, -569368, 563 
1718956242241.00, 82123, -567607, 552 
1718956242266.00, 81838, -565829, 561 
1718956242285.00, 82102, -564050, 553 
1718956242306.00, 81785, -562276, 562 
1718956242328.00, 82136, -560495, 564 
1718956242349.00, 82414, -558721, 566 
1718956242373.00, 82510, -556931, 568 
1718956242393.00, 82868, -555147, 560 
1718956242414.00, 82546, -553347, 573 
1718956242436.00, 83104, -551556, 564 
1718956242457.00, 82936, -549763, 573 
1718956242478.00, 83074, -547959, 554 
1718956242501.00, 82269, -546159, 561 
1718956242522.00, 82085, -544378, 557 
1718956242544.00, 81650, -542609, 567 
1718956242566.00, 81725, -540831, 554 
1718956242587.00, 81129, -539059, 550 
1718956242608.00, 80470, -537294, 556 
1718956242630.00, 80415, -535553, 548 
1718956242652.00, 80057, -533806, 553 
1718956242674.00, 80151, -532073, 540 
1718956242698.00, 79230, -530341, 544 
1718956242717.00, 78860, -528622, 532 
1718956242739.00, 78071, -526919, 543 
1718956242761.00, 78054, -525224, 536 
1718956242781.00, 77689, -523535, 540 
1718956242807.00, 77784, -521846, 525 
1718956242826.00, 76943, -520173, 524 
1718956242847.00, 76169, -518505, 513 
1718956242869.00, 75207, -516856, 517 
1718956242890.00, 74683, -515219, 503 
1718956242913.00, 73606, -513606, 504 
1718956242934.00, 72921, -512013, 490 
1718956242955.00, 71725, -510437, 498 
1718956242977.00, 71359, -508872, 492 
1718956242999.00, 70866, -507331, 486 
1718956243022.00, 70038, -505793, 467 
1718956243042.00, 68528, -504275, 468 
1718956243064.00, 67840, -502793, 458 
1718956243085.00, 66626, -501325, 457 
1718956243107.00, 65878, -499881, 451 
1718956243131.00, 64988, -498447, 450 
1718956243150.00, 64602, -497044, 450 
1718956243172.00, 64197, -495643, 444 
1718956243193.00, 63664, -494256, 441 
1718956243215.00, 63111, -492874, 430 
1718956243241.00, 62157, -491506, 427 
1718956243258.00, 61264, -490165, 422 
1718956243279.00, 60618, -488830, 423 
1718956243302.00, 60066, -487525, 429 
1718956243323.00, 60136, -486220, 422 
1718956243347.00, 59947, -484912, 414 
1718956243367.00, 59275, -483617, 404 
1718956243388.00, 58410, -482330, 405 
1718956243410.00, 57629, -481073, 406 
1718956243431.00, 57298, -479818, 396 
1718956243453.00, 56570, -478572, 389 
1718956243475.00, 55772, -477360, 397 
1718956243496.00, 55702, -476143, 401 
1718956243518.00, 55856, -474933, 398 
1718956243540.00, 55772, -473724, 385 
1718956243564.00, 55081, -472514, 381 
1718956243582.00, 54338, -471324, 384 
1718956243604.00, 54205, -470145, 373 
1718956243626.00, 53344, -468974, 362 
1718956243648.00, 52305, -467822, 366 
1718956243669.00, 51753, -466689, 358 
1718956243690.00, 50984, -465560, 350 
1718956243713.00, 50111, -464464, 359 
1718956243734.00, 49831, -463373, 362 
1718956243755.00, 50039, -462289, 352 
1718956243779.00, 49735, -461214, 351 
1718956243799.00, 49183, -460134, 347 
1718956243820.00, 48809, -459064, 340 
1718956243842.00, 48136, -458010, 342 
1718956243864.00, 47969, -456965, 342 
1718956243886.00, 47738, -455925, 328 
1718956243907.00, 46763, -454896, 329 
1718956243929.00, 46203, -453880, 322 
1718956243951.00, 45517, -452877, 315 
1718956243972.00, 44736, -451885, 321 
1718956243994.00, 44522, -450917, 321 
1718956244016.00, 44505, -449945, 319 
1718956244037.00, 44299, -448979, 312 
1718956244059.00, 43919, -448023, 309 
1718956244080.00, 43458, -447072, 309 
1718956244102.00, 43019, -446130, 296 
1718956244123.00, 41940, -445199, 289 
1718956244145.00, 41108, -444290, 280 
1718956244167.00, 39974, -443394, 266 
1718956244188.00, 38578, -442526, 257 
1718956244210.00, 37254, -441695, 241 
1718956244231.00, 35490, -440886, 237 
1718956244254.00, 34207, -440115, 226 
1718956244274.00, 32772, -439375, 223 
1718956244297.00, 31735, -438669, 217 
1718956244318.00, 30778, -437984, 217 
1718956244340.00, 30260, -437312, 211 
1718956244362.00, 29425, -436656, 201 
1718956244383.00, 28200, -436019, 196 
1718956244404.00, 27255, -435407, 191 
1718956244427.00, 26858, -434812, 185 
1718956244448.00, 26089, -434231, 181 
1718956244470.00, 25283, -433665, 182 
1718956244492.00, 24925, -433116, 186 
1718956244513.00, 25030, -432573, 187 
1718956244535.00, 25192, -432038, 190 
1718956244556.00, 13870, -431500, 194 
1718956244578.00, 7286, -431182, 213 
1718956244599.00, 3225, -431016, 224 
1718956244620.00, 932, -430943, 216 
1718956244642.00, -11, -430922, 220 
1718956244664.00, -803, -430922, 217 
1718956244685.00, -1410, -430933, 210 
1718956244706.00, -1695, -430960, 206 
1718956244728.00, -1877, -430997, 206 
1718956244749.00, -2050, -431038, 201 
1718956244771.00, -2164, -431083, 191 
1718956244794.00, -2170, -431130, 177 
1718956244813.00, -2147, -431180, 156 
1718956244835.00, -2205, -431228, 129 
1718956244856.00, -2270, -431276, 102 
1718956244882.00, -2151, -431324, 77 
1718956244900.00, -2045, -431375, 44 
1718956244921.00, -2043, -431424, 2 
1718956244942.00, -2002, -431473, -42 
1718956244964.00, -4298, -431521, -81 
1718956244988.00, -8247, -431617, -118 
1718956245006.00, -12841, -431792, -145 
1718956245028.00, -17180, -432061, -162 
1718956245050.00, -20598, -432425, -179 
1718956245071.00, -23595, -432865, -203 
1718956245098.00, -27093, -433377, -245 
1718956245115.00, -31407, -433957, -266 
1718956245137.00, -35281, -434641, -266 
1718956245158.00, -37446, -435398, -274 
1718956245180.00, -39233, -436202, -288 
1718956245203.00, -41227, -437049, -302 
1718956245223.00, -43181, -437943, -309 
1718956245244.00, -44598, -438873, -317 
1718956245266.00, -45906, -439833, -318 
1718956245288.00, -46641, -440828, -329 
1718956245309.00, -47824, -441842, -323 
1718956245331.00, -48075, -442870, -318 
1718956245353.00, -47852, -443911, -324 
1718956245375.00, -48000, -444957, -320 
1718956245396.00, -48048, -445990, -319 
1718956245418.00, -47749, -447023, -319 
1718956245439.00, -47644, -448064, -320 
1718956245461.00, -47469, -449089, -327 
1718956245483.00, -48047, -450119, -316 
1718956245504.00, -47539, -451166, -314 
1718956245525.00, -47086, -452194, -343 
1718956245548.00, -48674, -453218, -349 
1718956245569.00, -49692, -454268, -348 
1718956245591.00, -50180, -455342, -352 
1718956245613.00, -50834, -456425, -348 
1718956245634.00, -50888, -457532, -354 
1718956245656.00, -51315, -458637, -365 
1718956245677.00, -52256, -459747, -362 
1718956245699.00, -52500, -460885, -364 
1718956245721.00, -52855, -462016, -370 
1718956245742.00, -53184, -463154, -366 
1718956245764.00, -53271, -464317, -368 
1718956245785.00, -53475, -465464, -371 
1718956245807.00, -53690, -466622, -368 
1718956245829.00, -53836, -467799, -370 
1718956245850.00, -53717, -468955, -375 
1718956245872.00, -54034, -470122, -375 
1718956245894.00, -54151, -471293, -369 
1718956245915.00, -53921, -472458, -364 
1718956245938.00, -53399, -473628, -374 
1718956245959.00, -53802, -474789, -371 
1718956245980.00, -53881, -475953, -361 
1718956246002.00, -53198, -477122, -368 
1718956246023.00, -53263, -478271, -373 
1718956246045.00, -53414, -479417, -363 
1718956246066.00, -52922, -480581, -365 
1718956246089.00, -52724, -481715, -376 
1718956246110.00, -53084, -482864, -377 
1718956246132.00, -53544, -484034, -371 
1718956246153.00, -53301, -485186, -372 
1718956246175.00, -53434, -486347, -377 
1718956246202.00, -53710, -487506, -380 
1718956246218.00, -53969, -488658, -381 
1718956246239.00, -54216, -489832, -384 
1718956246261.00, -54481, -491014, -390 
1718956246283.00, -55076, -492194, -383 
1718956246309.00, -54960, -493395, -395 
1718956246326.00, -55652, -494581, -402 
1718956246348.00, -56322, -495781, -394 
1718956246369.00, -56352, -497012, -402 
1718956246391.00, -56767, -498224, -398 
1718956246416.00, -57047, -499461, -394 
1718956246434.00, -56864, -500700, -399 
1718956246456.00, -56968, -501928, -401 
1718956246478.00, -57052, -503168, -408 
1718956246500.00, -57565, -504398, -413 
1718956246523.00, -58198, -505640, -406 
1718956246543.00, -58041, -506909, -414 
1718956246564.00, -58689, -508168, -430 
1718956246586.00, -59709, -509444, -447 
1718956246608.00, -61489, -510738, -457 
1718956246635.00, -63056, -512067, -455 
1718956246651.00, -63774, -513434, -461 
1718956246672.00, -64527, -514811, -461 
1718956246694.00, -65144, -516226, -465 
1718956246716.00, -65675, -517634, -471 
1718956246741.00, -66188, -519060, -466 
1718956246759.00, -66287, -520496, -468 
1718956246781.00, -66426, -521926, -449 
1718956246803.00, -65452, -523374, -453 
1718956246824.00, -65059, -524791, -448 
1718956246848.00, -64505, -526204, -451 
1718956246868.00, -64651, -527598, -447 
1718956246889.00, -64214, -528991, -440 
1718956246911.00, -63354, -530379, -441 
1718956246932.00, -63208, -531754, -439 
1718956246957.00, -62824, -533132, -443 
1718956246976.00, -62864, -534489, -429 
1718956246997.00, -62000, -535855, -428 
1718956247019.00, -61531, -537190, -428 
1718956247040.00, -61036, -538518, -426 
1718956247066.00, -60709, -539847, -420 
1718956247084.00, -60100, -541162, -405 
1718956247106.00, -58765, -542470, -405 
1718956247127.00, -58192, -543741, -408 
1718956247148.00, -57787, -544992, -405 
1718956247171.00, -57576, -546247, -396 
1718956247192.00, -56893, -547487, -375 
1718956247213.00, -55220, -548729, -375 
1718956247235.00, -54064, -549925, -367 
1718956247257.00, -53032, -551095, -348 
1718956247279.00, -51180, -552245, -334 
1718956247300.00, -49213, -553346, -307 
1718956247322.00, -46487, -554410, -282 
1718956247343.00, -43418, -555423, -258 
1718956247365.00, -40297, -556359, -223 
1718956247387.00, -36172, -557230, -199 
1718956247408.00, -32313, -558014, -179 
1718956247430.00, -28580, -558717, -153 
1718956247451.00, -24761, -559337, -112 
1718956247473.00, -20444, -559877, -84 
1718956247495.00, -15945, -560315, -62 
1718956247516.00, -12000, -560663, -38 
1718956247537.00, -8153, -560928, -40 
1718956247559.00, -6151, -561112, -41 
1718956247580.00, -4960, -561244, -42 
1718956247602.00, -4355, -561352, -40 
1718956247624.00, -3831, -561448, -42 
1718956247645.00, -3689, -561533, -43 
1718956247667.00, -3887, -561612, -42 
1718956247688.00, -3866, -561695, -42 
1718956247710.00, -3807, -561779, -42 
1718956247731.00, -3849, -561862, -42 
1718956247753.00, -4002, -561946, -43 
1718956247773.00, -3929, -562028, -42 
1718956247795.00, -3991, -562114, -44 
1718956247817.00, -4125, -562200, -46 
1718956247838.00, -4414, -562288, -48 
1718956247860.00, -4654, -562380, -49 
1718956247881.00, -5016, -562482, -54 
1718956247903.00, -5393, -562586, -52 
1718956247924.00, -5454, -562704, -54 
1718956247946.00, -5726, -562824, -57 
1718956247967.00, -6134, -562945, -59 
1718956247988.00, -6351, -563072, -59 
1718956248010.00, -6705, -563210, -60 
1718956248031.00, -7068, -563352, -60 
1718956248053.00, -7097, -563498, -61 
1718956248074.00, -7221, -563652, -61 
1718956248096.00, -7280, -563804, -62 
1718956248117.00, -7349, -563961, -62 
1718956248139.00, -7637, -564122, -61 
1718956248162.00, -7379, -564284, -61 
1718956248182.00, -7250, -564446, -61 
1718956248203.00, -7301, -564606, -61 
1718956248224.00, -7516, -564764, -61 
1718956248246.00, -7594, -564924, -61 
1718956248273.00, -7626, -565089, -61 
1718956248288.00, -7316, -565254, -62 
1718956248310.00, -7462, -565418, -64 
1718956248332.00, -7691, -565578, -66 
1718956248352.00, -8063, -565745, -66 
1718956248375.00, -8157, -565919, -66 
1718956248396.00, -8307, -566095, -68 
1718956248417.00, -8379, -566270, -70 
1718956248439.00, -8666, -566454, -70 
1718956248461.00, -8907, -566640, -71 
1718956248482.00, -9199, -566832, -72 
1718956248504.00, -9355, -567023, -75 
1718956248525.00, -9859, -567225, -76 
1718956248547.00, -10042, -567435, -76 
1718956248568.00, -10066, -567648, -78 
1718956248590.00, -10158, -567868, -80 
1718956248611.00, -10215, -568087, -81 
1718956248633.00, -10465, -568313, -82 
1718956248654.00, -10418, -568540, -84 
1718956248676.00, -10884, -568768, -86 
1718956248697.00, -11389, -569002, -88 
1718956248719.00, -11599, -569245, -89 
1718956248741.00, -11736, -569493, -92 
1718956248762.00, -12146, -569748, -95 
1718956248784.00, -12674, -570007, -98 
1718956248805.00, -13060, -570276, -103 
1718956248827.00, -13558, -570555, -106 
1718956248848.00, -13839, -570851, -112 
1718956248870.00, -14622, -571153, -118 
1718956248892.00, -15605, -571471, -127 
1718956248914.00, -16780, -571804, -140 
1718956248935.00, -18052, -572160, -148 
1718956248957.00, -19282, -572555, -174 
1718956248978.00, -21679, -572971, -199 
1718956248999.00, -24413, -573437, -211 
1718956249021.00, -26722, -573968, -238 
1718956249043.00, -29737, -574551, -268 
1718956249065.00, -33283, -575198, -293 
1718956249087.00, -37200, -575916, -294 
1718956249108.00, -39340, -576710, -309 
1718956249130.00, -41386, -577562, -326 
1718956249152.00, -43709, -578458, -320 
1718956249173.00, -44807, -579403, -307 
1718956249194.00, -44720, -580368, -317 
1718956249216.00, -45063, -581344, -318 
1718956249238.00, -45305, -582321, -287 
1718956249260.00, -43564, -583298, -261 
1718956249281.00, -40895, -584248, -264 
1718956249302.00, -39384, -585135, -263 
1718956249324.00, -38696, -585995, -233 
1718956249346.00, -36423, -586828, -214 
1718956249368.00, -33746, -587624, -222 
1718956249389.00, -32539, -588360, -215 
1718956249411.00, -31741, -589070, -199 
1718956249433.00, -30411, -589757, -201 
1718956249455.00, -29731, -590413, -201 
1718956249476.00, -28966, -591056, -192 
1718956249498.00, -27927, -591688, -190 
1718956249519.00, -27404, -592298, -192 
1718956249541.00, -27400, -592891, -184 
1718956249563.00, -15486, -593478, -179 
1718956249584.00, -8404, -593839, -196 
1718956249606.00, -4367, -594031, -194 
1718956249627.00, -1897, -594131, -193 
1718956249649.00, -345, -594177, -208 
1718956249670.00, 1, -594189, -211 
1718956249696.00, 73, -594188, -202 
1718956249712.00, 0, -594187, -201 
1718956249734.00, 0, -594189, -216 
1718956249755.00, 0, -594188, -222 
1718956249777.00, 0, -594188, -214 
1718956249798.00, 0, -594188, -201 
1718956249819.00, 0, -594187, -193 
1718956249841.00, 0, -594187, -181 
1718956249862.00, 0, -594185, -168 
1718956249884.00, 0, -594186, -153 
1718956249904.00, -6, -594184, -135 
1718956249926.00, 0, -594184, -117 
1718956249947.00, 56, -594183, -101 
1718956249968.00, 0, -594182, -84 
1718956249990.00, 60, -594180, -66 
1718956250011.00, 19, -594180, -47 
1718956250033.00, 70, -594177, -15 
1718956250054.00, 110, -594172, 23 
1718956250075.00, 1501, -594169, 56 
1718956250097.00, 4278, -594134, 91 
1718956250118.00, 8227, -594034, 138 
1718956250140.00, 13371, -593858, 179 
1718956250162.00, 18913, -593572, 220 
1718956250183.00, 24792, -593171, 257 
1718956250204.00, 30155, -592645, 297 
1718956250227.00, 35704, -591998, 332 
1718956250250.00, 41272, -591218, 361 
1718956250270.00, 46173, -590327, 398 
1718956250291.00, 51501, -589333, 427 
1718956250313.00, 56313, -588225, 442 
1718956250335.00, 60025, -587000, 459 
1718956250357.00, 63187, -585702, 481 
1718956250377.00, 66291, -584331, 485 
1718956250399.00, 68331, -582896, 482 
1718956250421.00, 69507, -581415, 477 
1718956250443.00, 69617, -579907, 504 
1718956250464.00, 71390, -578398, 502 
1718956250486.00, 72256, -576853, 491 
1718956250508.00, 71969, -575298, 493 
1718956250529.00, 71754, -573726, 498 
1718956250551.00, 72076, -572171, 497 
1718956250573.00, 72085, -570604, 487 
1718956250594.00, 71750, -569048, 488 
1718956250616.00, 71447, -567493, 477 
1718956250638.00, 70674, -565951, 489 
1718956250659.00, 70883, -564406, 497 
1718956250680.00, 71430, -562880, 519 
1718956250702.00, 72912, -561329, 504 
1718956250724.00, 72942, -559749, 513 
1718956250746.00, 73543, -558172, 517 
1718956250767.00, 73945, -556580, 523 
1718956250789.00, 74600, -554974, 510 
1718956250811.00, 74221, -553355, 517 
1718956250832.00, 74437, -551750, 503 
1718956250854.00, 73596, -550134, 511 
1718956250876.00, 73626, -548534, 508 
1718956250897.00, 73431, -546941, 524 
1718956250919.00, 74214, -545347, 517 
1718956250941.00, 74204, -543741, 519 
1718956250962.00, 74202, -542136, 521 
1718956250984.00, 74452, -540512, 521 
1718956251005.00, 74580, -538910, 507 
1718956251027.00, 73752, -537286, 521 
1718956251049.00, 73981, -535691, 516 
1718956251070.00, 73941, -534082, 515 
1718956251092.00, 73834, -532478, 524 
1718956251116.00, 74230, -530871, 534 
1718956251135.00, 75121, -529268, 537 
1718956251157.00, 75720, -527633, 531 
1718956251179.00, 75813, -525994, 519 
1718956251200.00, 75112, -524348, 524 
1718956251223.00, 74936, -522723, 524 
1718956251244.00, 74906, -521089, 521 
1718956251265.00, 74685, -519477, 500 
1718956251287.00, 73136, -517859, 489 
1718956251308.00, 71676, -516271, 481 
1718956251330.00, 70115, -514709, 494 
1718956251352.00, 70161, -513194, 469 
1718956251373.00, 68834, -511674, 458 
1718956251395.00, 67209, -510195, 453 
1718956251417.00, 65847, -508727, 450 
1718956251438.00, 64739, -507304, 450 
1718956251460.00, 64252, -505894, 440 
1718956251481.00, 63278, -504506, 434 
1718956251503.00, 62374, -503134, 435 
1718956251525.00, 62024, -501779, 435 
1718956251547.00, 61791, -500442, 432 
1718956251568.00, 61442, -499093, 413 
1718956251590.00, 60089, -497766, 434 
1718956251611.00, 60396, -496462, 432 
1718956251633.00, 60457, -495154, 410 
1718956251657.00, 59325, -493857, 390 
1718956251676.00, 57212, -492560, 388 
1718956251698.00, 56170, -491318, 383 
1718956251720.00, 54951, -490105, 387 
1718956251741.00, 54591, -488908, 391 
1718956251763.00, 54602, -487728, 381 
1718956251785.00, 54038, -486547, 371 
1718956251806.00, 53131, -485372, 388 
1718956251828.00, 53612, -484227, 386 
1718956251849.00, 53923, -483055, 372 
1718956251871.00, 53119, -481889, 367 
1718956251893.00, 52334, -480746, 373 
1718956251913.00, 52103, -479605, 374 
1718956251936.00, 52118, -478476, 368 
1718956251958.00, 52037, -477358, 367 
1718956251979.00, 51631, -476220, 375 
1718956252000.00, 51820, -475101, 378 
1718956252022.00, 52210, -473981, 373 
1718956252044.00, 52157, -472848, 375 
1718956252066.00, 52124, -471714, 367 
1718956252088.00, 51692, -470589, 369 
1718956252109.00, 51497, -469462, 368 
1718956252130.00, 51373, -468347, 359 
1718956252152.00, 50736, -467234, 345 
1718956252174.00, 49732, -466127, 345 
1718956252196.00, 49106, -465052, 350 
1718956252218.00, 48942, -463994, 324 
1718956252239.00, 47246, -462930, 320 
1718956252260.00, 46312, -461908, 319 
1718956252282.00, 45302, -460917, 305 
1718956252304.00, 43791, -459926, 302 
1718956252326.00, 42754, -458970, 295 
1718956252347.00, 41753, -458047, 293 
1718956252369.00, 40971, -457136, 279 
1718956252390.00, 39771, -456240, 276 
1718956252411.00, 38891, -455376, 278 
1718956252433.00, 38634, -454538, 263 
1718956252455.00, 37739, -453697, 253 
1718956252477.00, 36320, -452887, 235 
1718956252499.00, 34503, -452094, 228 
1718956252520.00, 32909, -451350, 215 
1718956252542.00, 31231, -450627, 207 
1718956252564.00, 29942, -449947, 196 
1718956252585.00, 28461, -449294, 181 
1718956252607.00, 26589, -448682, 170 
1718956252628.00, 24743, -448108, 167 
1718956252654.00, 23529, -447568, 165 
1718956252671.00, 22710, -447054, 155 
1718956252694.00, 21596, -446562, 140 
1718956252715.00, 20188, -446089, 135 
1718956252736.00, 18866, -445653, 129 
1718956252762.00, 18065, -445243, 142 
1718956252779.00, 17902, -444855, 129 
1718956252801.00, 17268, -444467, 108 
1718956252823.00, 15611, -444086, 94 
1718956252845.00, 13856, -443740, 107 
1718956252869.00, 13682, -443437, 98 
1718956252888.00, 13135, -443141, 87 
1718956252909.00, 12030, -442861, 73 
1718956252931.00, 10896, -442602, 67 
1718956252952.00, 9640, -442370, 57 
1718956252974.00, 8224, -442169, 45 
1718956252995.00, 6707, -441995, 33 
1718956253016.00, 4977, -441851, 30 
1718956253038.00, 4072, -441742, 19 
1718956253060.00, 2646, -441655, 17 
1718956253085.00, 1749, -441595, 14 
1718956253103.00, 1080, -441558, 11 
1718956253123.00, 453, -441536, 9 
1718956253145.00, -65, -441527, 4 
1718956253166.00, -380, -441526, 4 
1718956253188.00, -929, -441531, 7 
1718956253209.00, -1277, -441546, 1 
1718956253230.00, -1514, -441568, 0 
1718956253251.00, -1609, -441600, -3 
1718956253273.00, -1637, -441635, -5 
1718956253297.00, -1699, -441669, -4 
1718956253316.00, -1667, -441705, -8 
1718956253337.00, -1626, -441741, -7 
1718956253358.00, -1598, -441775, -1 
1718956253380.00, -1523, -441807, -2 
1718956253401.00, -1440, -441842, -3 
1718956253422.00, -1446, -441874, -4 
1718956253443.00, -1442, -441905, -5 
1718956253464.00, -1381, -441935, -9 
1718956253486.00, -1347, -441967, -9 
1718956253509.00, -1280, -441993, -9 
1718956253529.00, -1264, -442022, -11 
1718956253551.00, -1828, -442049, -14 
1718956253572.00, -2434, -442089, -15 
1718956253593.00, -2728, -442139, -15 
1718956253615.00, -3000, -442197, -19 
1718956253637.00, -3262, -442262, -25 
1718956253657.00, -3837, -442334, -28 
1718956253680.00, -4333, -442417, -28 
1718956253702.00, -4575, -442513, -30 
1718956253722.00, -4738, -442611, -29 
1718956253744.00, -5036, -442717, -33 
1718956253765.00, -5288, -442826, -34 
1718956253787.00, -5610, -442939, -35 
1718956253808.00, -5720, -443059, -34 
1718956253830.00, -5725, -443181, -35 
1718956253852.00, -5700, -443305, -35 
1718956253873.00, -5836, -443428, -32 
1718956253894.00, -5522, -443554, -34 
1718956253915.00, -5595, -443677, -32 
1718956253937.00, -5669, -443799, -31 
1718956253958.00, -5258, -443917, -33 
1718956253980.00, -5481, -444038, -39 
1718956254002.00, -6071, -444158, -41 
1718956254023.00, -6243, -444286, -40 
1718956254044.00, -6215, -444427, -45 
1718956254067.00, -6513, -444563, -45 
1718956254087.00, -6964, -444705, -43 
1718956254109.00, -7113, -444846, -47 
1718956254130.00, -7333, -444995, -45 
1718956254151.00, -7184, -445151, -42 
1718956254174.00, -6874, -445306, -37 
1718956254194.00, -6548, -445454, -36 
1718956254215.00, -6317, -445590, -29 
1718956254237.00, -5727, -445722, -24 
1718956254259.00, -4961, -445842, -21 
1718956254287.00, -4439, -445953, -17 
1718956254301.00, -3717, -446047, -13 
1718956254323.00, -3035, -446125, -9 
1718956254345.00, -1984, -446190, -7 
1718956254365.00, -1297, -446232, -8 
1718956254387.00, -874, -446261, -8 
1718956254408.00, -573, -446279, -8 
1718956254429.00, -411, -446292, -9 
1718956254451.00, -311, -446301, -8 
1718956254472.00, -270, -446309, -9 
1718956254494.00, -256, -446314, -9 
1718956254515.00, -247, -446319, -10 
1718956254536.00, 0, -446324, -9 
1718956254558.00, -63, -446324, -10 
1718956254579.00, 0, -446325, -8 
1718956254600.00, 0, -446326, -6 
1718956254620.00, 0, -446325, -4 
1718956254642.00, 0, -446325, -2 
1718956254663.00, 0, -446325, 0 
1718956254684.00, 0, -446325, 1 
1718956254705.00, 0, -446325, 9 
1718956254726.00, 3, -446324, 27 
1718956254747.00, 1273, -446323, 43 
1718956254769.00, 3226, -446306, 50 
1718956254790.00, 4901, -446239, 69 
1718956254812.00, 7203, -446134, 73 
1718956254834.00, 8927, -445986, 78 
1718956254855.00, 10030, -445800, 86 
1718956254877.00, 11220, -445582, 103 
1718956254898.00, 12907, -445344, 116 
1718956254920.00, 14696, -445071, 125 
1718956254941.00, 16074, -444754, 145 
1718956254964.00, 18527, -444402, 162 
1718956254985.00, 20758, -444003, 171 
1718956255007.00, 22631, -443557, 177 
1718956255028.00, 23996, -443067, 187 
1718956255052.00, 25321, -442547, 199 
1718956255071.00, 27090, -442000, 211 
1718956255093.00, 28869, -441417, 216 
1718956255115.00, 30098, -440794, 224 
1718956255136.00, 31254, -440143, 227 
1718956255163.00, 32018, -439468, 230 
1718956255180.00, 32675, -438776, 231 
1718956255201.00, 33187, -438071, 233 
1718956255223.00, 33687, -437345, 235 
1718956255244.00, 34134, -436620, 237 
1718956255266.00, 34107, -435884, 244 
1718956255288.00, 34756, -435143, 244 
1718956255310.00, 35091, -434391, 252 
1718956255331.00, 35573, -433625, 250 
1718956255353.00, 36032, -432851, 249 
1718956255376.00, 36032, -432076, 251 
1718956255396.00, 21182, -431299, 258 
1718956255418.00, 12176, -430817, 296 
1718956255439.00, 6838, -430540, 323 
1718956255460.00, 3624, -430388, 312 
1718956255486.00, 1758, -430304, 325 
1718956255504.00, 600, -430263, 323 
1718956255525.00, 0, -430250, 310 
1718956255547.00, 0, -430249, 303 
1718956255567.00, 0, -430249, 295 
1718956255589.00, 0, -430249, 287 
1718956255610.00, 0, -430249, 280 
1718956255631.00, 0, -430250, 274 
1718956255653.00, 0, -430249, 276 
1718956255673.00, 0, -430249, 279 
1718956255695.00, -19, -430250, 277 
1718956255716.00, 0, -430250, 274 
1718956255737.00, 0, -430249, 274 
1718956255758.00, 0, -430250, 277 
1718956255780.00, 0, -430249, 280 
1718956255801.00, 0, -430250, 275 
1718956255822.00, -11, -430249, 271 
1718956255843.00, 0, -430249, 270 
1718956255864.00, 0, -430250, 267 
1718956255886.00, 0, -430251, 263 
1718956255906.00, 0, -430250, 259 
1718956255928.00, 5, -430249, 256 
1718956255949.00, 0, -430250, 252 
1718956255970.00, 0, -430251, 250 
1718956255992.00, 0, -430250, 253 
1718956256012.00, 0, -430251, 247 
1718956256037.00, 0, -430250, 244 
1718956256055.00, 24, -430250, 239 
1718956256076.00, 0, -430250, 238 
1718956256098.00, -6, -430250, 238 
1718956256119.00, 0, -430251, 231 
1718956256141.00, 0, -430251, 229 
1718956256162.00, 0, -430251, 226 
1718956256183.00, 0, -430252, 219 
1718956256203.00, 0, -430252, 219 
1718956256225.00, 30, -430252, 214 
1718956256246.00, 0, -430252, 210 
1718956256267.00, -7, -430252, 209 
1718956256289.00, -62, -430252, 208 
1718956256310.00, -24, -430252, 208 
1718956256331.00, 0, -430252, 206 
1718956256353.00, 0, -430252, 210 
1718956256374.00, 0, -430252, 218 
1718956256395.00, 0, -430252, 223 
1718956256416.00, 0, -430253, 226 
1718956256437.00, -14, -430252, 232 
1718956256459.00, 0, -430251, 238 
1718956256480.00, -25, -430252, 244 
1718956256501.00, 0, -430251, 246 
1718956256522.00, 0, -430251, 247 
1718956256543.00, 0, -430251, 247 
1718956256565.00, 0, -430251, 249 
1718956256586.00, 0, -430252, 253 
1718956256607.00, 0, -430251, 254 
1718956256628.00, 0, -430251, 252 
1718956256650.00, 0, -430251, 243 
1718956256670.00, 0, -430252, 229 
1718956256693.00, 0, -430253, 206 
1718956256715.00, 0, -430254, 180 
1718956256734.00, 0, -430254, 147 
1718956256755.00, 0, -430257, 112 
1718956256776.00, 0, -430259, 81 
1718956256798.00, 0, -430260, 69 
1718956256818.00, 0, -430261, 59 
1718956256839.00, 0, -430261, 52 
1718956256861.00, 0, -430262, 49 
1718956256882.00, 0, -430262, 45 
1718956256903.00, 0, -430263, 42 
1718956256924.00, 0, -430262, 38 
1718956256946.00, 0, -430264, 36 
1718956256966.00, 0, -430263, 34 
1718956256987.00, 0, -430264, 31 
1718956257009.00, 0, -430264, 27 
1718956257029.00, 0, -430264, 25 
1718956257050.00, 17, -430264, 26 
1718956257072.00, -39, -430264, 28 
1718956257093.00, 0, -430265, 30 
1718956257115.00, 0, -430265, 31 
1718956257136.00, 0, -430264, 31 
1718956257157.00, 0, -430264, 31 
1718956257178.00, 0, -430265, 32 
1718956257199.00, 0, -430264, 33 
1718956257221.00, 0, -430264, 34 
1718956257246.00, 0, -430265, 34 
1718956257262.00, 0, -430265, 35 
1718956257284.00, 0, -430264, 36 
1718956257305.00, 0, -430265, 37 
1718956257326.00, 0, -430265, 39 
1718956257347.00, 0, -430265, 40 
1718956257367.00, 0, -430265, 43 
1718956257389.00, 0, -430265, 45 
1718956257410.00, 0, -430265, 46 
1718956257431.00, 0, -430266, 48 
1718956257452.00, 0, -430265, 50 
1718956257473.00, 0, -430265, 51 
1718956257494.00, 0, -430266, 52 
1718956257516.00, 0, -430266, 53 
1718956257537.00, 1, -430265, 56 
1718956257558.00, 1, -430265, 58 
1718956257579.00, 0, -430264, 60 
1718956257601.00, 0, -430265, 62 
1718956257622.00, 0, -430265, 64 
1718956257643.00, 0, -430264, 66 
1718956257664.00, 0, -430265, 69 
1718956257685.00, 0, -430264, 69 
1718956257706.00, 0, -430265, 69 
1718956257727.00, 0, -430265, 71 
1718956257748.00, 0, -430265, 73 
1718956257769.00, 0, -430265, 71 
1718956257790.00, 0, -430265, 70 
1718956257811.00, 0, -430264, 72 
1718956257833.00, 0, -430264, 72 
1718956257854.00, 0, -430264, 70 
1718956257875.00, 0, -430264, 68 
1718956257897.00, 0, -430264, 66 
1718956257917.00, 0, -430264, 64 
1718956257938.00, 6, -430265, 60 
1718956257959.00, -41, -430265, 55 
1718956257981.00, 0, -430265, 51 
1718956258001.00, -7, -430266, 47 
1718956258023.00, 0, -430266, 44 
1718956258044.00, 0, -430266, 39 
1718956258065.00, 0, -430266, 34 
1718956258086.00, 0, -430267, 29 
1718956258107.00, 0, -430268, 25 
1718956258128.00, 0, -430268, 15 
1718956258150.00, 0, -430269, 2 
1718956258170.00, 0, -430271, -9 
1718956258191.00, 0, -430272, -16 
1718956258213.00, -980, -430273, -20 
1718956258234.00, -1762, -430286, -21 
1718956258256.00, -2360, -430322, -35 
1718956258277.00, -3631, -430374, -41 
1718956258299.00, -4681, -430448, -43 
1718956258320.00, -5354, -430546, -42 
1718956258341.00, -5707, -430663, -43 
1718956258363.00, -6005, -430787, -47 
1718956258384.00, -6229, -430914, -54 
1718956258406.00, -7005, -431054, -59 
1718956258428.00, -8006, -431206, -61 
1718956258448.00, -8506, -431377, -75 
1718956258471.00, -9440, -431560, -95 
1718956258492.00, -11333, -431766, -108 
1718956258514.00, -13214, -432006, -122 
1718956258535.00, -15400, -432293, -141 
1718956258557.00, -17589, -432614, -171 
1718956258579.00, -20738, -432998, -183 
1718956258601.00, -23634, -433441, -202 
1718956258621.00, -26269, -433947, -225 
1718956258644.00, -28919, -434517, -236 
1718956258666.00, -31282, -435144, -251 
1718956258687.00, -33708, -435820, -278 
1718956258708.00, -36719, -436543, -289 
1718956258730.00, -39237, -437334, -299 
1718956258752.00, -41116, -438190, -325 
1718956258774.00, -43803, -439074, -333 
1718956258795.00, -45907, -440017, -335 
1718956258817.00, -47260, -441018, -363 
1718956258838.00, -49627, -442041, -372 
1718956258860.00, -51426, -443108, -363 
1718956258882.00, -52147, -444233, -372 
1718956258903.00, -53002, -445363, -375 
1718956258925.00, -53622, -446506, -370 
1718956258947.00, -53879, -447673, -375 
1718956258968.00, -54160, -448828, -391 
1718956258990.00, -55265, -450005, -399 
1718956259011.00, -56215, -451219, -393 
1718956259033.00, -56647, -452435, -391 
1718956259055.00, -56714, -453663, -385 
1718956259076.00, -56343, -454895, -388 
1718956259100.00, -56298, -456102, -379 
1718956259120.00, -55751, -457328, -371 
1718956259141.00, -54851, -458536, -375 
1718956259163.00, -54687, -459728, -373 
1718956259184.00, -54334, -460914, -369 
1718956259212.00, -54035, -462081, -372 
1718956259227.00, -53743, -463251, -386 
1718956259250.00, -54513, -464422, -383 
1718956259271.00, -54751, -465592, -368 
1718956259292.00, -54103, -466788, -371 
1718956259316.00, -53710, -467965, -382 
1718956259336.00, -54132, -469124, -363 
1718956259358.00, -53277, -470302, -347 
1718956259379.00, -51494, -471458, -357 
1718956259401.00, -51405, -472570, -344 
1718956259422.00, -50471, -473686, -347 
1718956259444.00, -49937, -474783, -365 
1718956259466.00, -50826, -475869, -368 
1718956259488.00, -51457, -476977, -372 
1718956259508.00, -52305, -478092, -373 
1718956259531.00, -52742, -479218, -383 
1718956259553.00, -53584, -480368, -407 
1718956259574.00, -55585, -481521, -412 
1718956259596.00, -57015, -482723, -398 
1718956259617.00, -57058, -483974, -419 
1718956259638.00, -58237, -485204, -443 
1718956259661.00, -60458, -486472, -439 
1718956259682.00, -61471, -487779, -444 
1718956259703.00, -62389, -489104, -466 
1718956259725.00, -64200, -490468, -486 
1718956259747.00, -66627, -491856, -467 
1718956259769.00, -66829, -493302, -492 
1718956259790.00, -68221, -494750, -488 
1718956259812.00, -68913, -496224, -495 
1718956259834.00, -69792, -497720, -524 
1718956259855.00, -71958, -499230, -524 
1718956259877.00, -73259, -500800, -507 
1718956259899.00, -72974, -502379, -466 
1718956259920.00, -70378, -503967, -489 
1718956259942.00, -70175, -505481, -467 
1718956259963.00, -68707, -507007, -446 
1718956259985.00, -66662, -508494, -448 
1718956260007.00, -65371, -509944, -448 
1718956260028.00, -64717, -511350, -435 
1718956260050.00, -63455, -512754, -451 
1718956260072.00, -63613, -514122, -459 
1718956260093.00, -64221, -515505, -441 
1718956260115.00, -63549, -516912, -459 
1718956260137.00, -64109, -518286, -481 
1718956260158.00, -65767, -519680, -469 
1718956260180.00, -66316, -521092, -415 
1718956260203.00, -63131, -522530, -480 
1718956260223.00, -64961, -523903, -486 
1718956260245.00, -66543, -525312, -427 
1718956260267.00, -64211, -526760, -457 
1718956260288.00, -64420, -528146, -508 
1718956260311.00, -67506, -529547, -513 
1718956260332.00, -69732, -531001, -458 
1718956260353.00, -67752, -532518, -471 
1718956260375.00, -67582, -533992, -502 
1718956260397.00, -69024, -535453, -478 
1718956260418.00, -68414, -536947, -439 
1718956260440.00, -65587, -538423, -466 
1718956260462.00, -65631, -539853, -484 
1718956260483.00, -66979, -541274, -450 
1718956260504.00, -65506, -542729, -441 
1718956260526.00, -63926, -544145, -449 
1718956260548.00, -63581, -545532, -453 
1718956260570.00, -63655, -546897, -429 
1718956260591.00, -62216, -548285, -392 
1718956260612.00, -59238, -549644, -421 
1718956260637.00, -59112, -550923, -411 
1718956260656.00, -58395, -552204, -374 
1718956260678.00, -55905, -553463, -371 
1718956260699.00, -54058, -554680, -418 
1718956260721.00, -55808, -555856, -414 
1718956260744.00, -56821, -557064, -338 
1718956260764.00, -52791, -558297, -395 
1718956260786.00, -53683, -559443, -442 
1718956260808.00, -57068, -560604, -395 
1718956260829.00, -56412, -561840, -337 
1718956260851.00, -52504, -563058, -421 
1718956260873.00, -55123, -564195, -419 
1718956260894.00, -56487, -565391, -369 
1718956260916.00, -54731, -566618, -389 
1718956260937.00, -54517, -567804, -406 
1718956260962.00, -55526, -568988, -404 
1718956260981.00, -55917, -570177, -323 
1718956261002.00, -51318, -571384, -337 
1718956261024.00, -49324, -572510, -391 
1718956261046.00, -51414, -573579, -378 
1718956261069.00, -52115, -574695, -313 
1718956261088.00, -48409, -575824, -368 
1718956261111.00, -49433, -576872, -382 
1718956261132.00, -51041, -577938, -332 
1718956261153.00, -48902, -579040, -322 
1718956261176.00, -47095, -580105, -356 
1718956261197.00, -48023, -581132, -362 
1718956261218.00, -49065, -582171, -317 
1718956261241.00, -46846, -583231, -294 
1718956261262.00, -44165, -584248, -313 
1718956261288.00, -43702, -585209, -319 
1718956261305.00, -44031, -586152, -286 
1718956261326.00, -42278, -587102, -261 
1718956261348.00, -39517, -588019, -297 
1718956261370.00, -40019, -588879, -289 
1718956261391.00, -39707, -589741, -257 
1718956261413.00, -37799, -590604, -257 
1718956261435.00, -36556, -591429, -278 
1718956261457.00, -37041, -592223, -261 
1718956261478.00, -36616, -593024, -243 
1718956261506.00, -20812, -593814, -259 
1718956261521.00, -10973, -594284, -275 
1718956261543.00, -5115, -594535, -254 
1718956261565.00, -1669, -594654, -236 
1718956261586.00, 64, -594695, -255 
1718956261609.00, 864, -594698, -246 
1718956261629.00, 1504, -594687, -238 
1718956261651.00, 1980, -594659, -237 
1718956261672.00, 2291, -594617, -228 
1718956261694.00, 2380, -594567, -215 
1718956261716.00, 2336, -594516, -213 
1718956261738.00, 2426, -594467, -211 
1718956261759.00, 2446, -594415, -208 
1718956261780.00, 2426, -594361, -206 
1718956261802.00, 2408, -594310, -207 
1718956261824.00, 2407, -594258, -202 
1718956261846.00, 2330, -594208, -196 
1718956261867.00, 2163, -594157, -191 
1718956261888.00, 2114, -594108, -186 
1718956261911.00, 2089, -594063, -178 
1718956261932.00, 2053, -594016, -164 
1718956261954.00, 2042, -593969, -145 
1718956261975.00, 1974, -593924, -126 
1718956261997.00, 1901, -593881, -111 
1718956262019.00, 1817, -593840, -102 
1718956262040.00, 1758, -593800, -95 
1718956262061.00, 1587, -593762, -88 
1718956262083.00, 1605, -593726, -80 
1718956262104.00, 1583, -593692, -75 
1718956262126.00, 1548, -593657, -73 
1718956262148.00, 1451, -593622, -71 
1718956262169.00, 1459, -593590, -67 
1718956262191.00, 1429, -593558, -58 
1718956262213.00, 1435, -593527, -48 
1718956262234.00, 1487, -593495, -35 
1718956262256.00, 1397, -593464, -23 
1718956262277.00, 1326, -593432, -12 
1718956262298.00, 1262, -593402, 0 
1718956262320.00, 1223, -593372, 20 
1718956262342.00, 2416, -593346, 33 
1718956262363.00, 3824, -593295, 36 
1718956262384.00, 4926, -593211, 46 
1718956262406.00, 5950, -593104, 62 
1718956262428.00, 7757, -592974, 71 
1718956262449.00, 9133, -592811, 65 
1718956262470.00, 9856, -592615, 63 
1718956262492.00, 10181, -592407, 74 
1718956262513.00, 10737, -592186, 75 
1718956262534.00, 11116, -591960, 64 
1718956262557.00, 11025, -591719, 37 
1718956262578.00, 9323, -591488, -1 
1718956262600.00, 5653, -591295, -33 
1718956262621.00, 1415, -591175, -109 
1718956262642.00, -4923, -591146, -221 
1718956262664.00, -15776, -591241, -251 
1718956262686.00, -24282, -591567, -233 
1718956262709.00, -28632, -592082, -230 
1718956262729.00, -30706, -592692, -280 
1718956262750.00, -34762, -593351, -277 
1718956262772.00, -20378, -594096, -267 
1718956262793.00, -11731, -594559, -254 
1718956262817.00, -6661, -594818, -213 
1718956262837.00, -3451, -594960, -140 
1718956262858.00, -1559, -595036, -82 
1718956262880.00, -350, -595067, -15 
1718956262901.00, 0, -595072, 57 
1718956262928.00, 3468, -595068, 117 
1718956262944.00, 9688, -595004, 180 
1718956262966.00, 16954, -594800, 252 
1718956262988.00, 25713, -594438, 297 
1718956263010.00, 33644, -593892, 319 
1718956263031.00, 39406, -593174, 341 
1718956263052.00, 44312, -592330, 351 
1718956263074.00, 47574, -591374, 360 
1718956263096.00, 50092, -590340, 376 
1718956263117.00, 52718, -589259, 388 
1718956263139.00, 54736, -588123, 390 
1718956263161.00, 56070, -586930, 409 
1718956263182.00, 57912, -585718, 437 
1718956263204.00, 60898, -584460, 442 
1718956263225.00, 62741, -583145, 454 
1718956263249.00, 64406, -581785, 463 
1718956263269.00, 66093, -580378, 475 
1718956263290.00, 67962, -578954, 488 
1718956263312.00, 69470, -577479, 504 
1718956263334.00, 71214, -575979, 519 
1718956263355.00, 73432, -574430, 514 
1718956263377.00, 74347, -572844, 531 
1718956263399.00, 75825, -571227, 524 
1718956263420.00, 76135, -569591, 543 
1718956263442.00, 77412, -567937, 546 
1718956263463.00, 78311, -566259, 555 
1718956263485.00, 79530, -564556, 533 
1718956263506.00, 78931, -562842, 539 
1718956263528.00, 78735, -561129, 513 
1718956263550.00, 77067, -559433, 513 
1718956263572.00, 75861, -557753, 513 
1718956263593.00, 75293, -556116, 509 
1718956263615.00, 74577, -554477, 485 
1718956263636.00, 72831, -552869, 503 
1718956263658.00, 72695, -551284, 520 
1718956263680.00, 73587, -549711, 520 
1718956263702.00, 74301, -548106, 490 
1718956263723.00, 72886, -546500, 495 
1718956263745.00, 72288, -544915, 497 
1718956263767.00, 72024, -543357, 489 
1718956263788.00, 71381, -541792, 480 
1718956263810.00, 70390, -540247, 499 
1718956263831.00, 70904, -538723, 492 
1718956263853.00, 70712, -537185, 509 
1718956263875.00, 71557, -535656, 492 
1718956263896.00, 71214, -534098, 492 
1718956263918.00, 70877, -532558, 494 
1718956263940.00, 70744, -531013, 497 
1718956263961.00, 70929, -529484, 492 
1718956263983.00, 70878, -527941, 478 
1718956264004.00, 69852, -526420, 478 
1718956264026.00, 69123, -524897, 483 
1718956264048.00, 68967, -523404, 479 
1718956264069.00, 68583, -521904, 492 
1718956264091.00, 69165, -520418, 495 
1718956264112.00, 69783, -518916, 477 
1718956264136.00, 69025, -517402, 483 
1718956264156.00, 68835, -515907, 465 
1718956264178.00, 67656, -514410, 451 
1718956264199.00, 66098, -512944, 438 
1718956264221.00, 64453, -511513, 450 
1718956264245.00, 64074, -510131, 442 
1718956264264.00, 63419, -508721, 435 
1718956264286.00, 62492, -507354, 424 
1718956264308.00, 61452, -505999, 398 
1718956264329.00, 59015, -504666, 390 
1718956264357.00, 57511, -503395, 376 
1718956264372.00, 55476, -502144, 371 
1718956264394.00, 54265, -500939, 374 
1718956264416.00, 53477, -499769, 361 
1718956264438.00, 52280, -498604, 363 
1718956264459.00, 51689, -497475, 370 
1718956264481.00, 51670, -496352, 379 
1718956264502.00, 52543, -495228, 387 
1718956264524.00, 53216, -494104, 393 
1718956264546.00, 54060, -492944, 401 
1718956264568.00, 54989, -491772, 408 
1718956264588.00, 56101, -490582, 421 
1718956264610.00, 57412, -489362, 423 
1718956264632.00, 58384, -488113, 420 
1718956264654.00, 58724, -486857, 415 
1718956264680.00, 58812, -485585, 429 
1718956264697.00, 59466, -484313, 434 
1718956264718.00, 60089, -483019, 424 
1718956264740.00, 59853, -481713, 412 
1718956264762.00, 59012, -480421, 408 
1718956264783.00, 58457, -479137, 404 
1718956264805.00, 57636, -477879, 395 
1718956264826.00, 56969, -476624, 368 
1718956264848.00, 54729, -475394, 380 
1718956264870.00, 54228, -474214, 383 
1718956264891.00, 53953, -473036, 373 
1718956264913.00, 53340, -471868, 366 
1718956264935.00, 52289, -470718, 380 
1718956264957.00, 52696, -469577, 377 
1718956264978.00, 52859, -468435, 375 
1718956265000.00, 52659, -467298, 378 
1718956265021.00, 52843, -466151, 370 
1718956265043.00, 52404, -465012, 357 
1718956265064.00, 51407, -463875, 358 
1718956265086.00, 50961, -462761, 372 
1718956265107.00, 51214, -461662, 377 
1718956265129.00, 51815, -460554, 357 
1718956265151.00, 51009, -459426, 354 
1718956265173.00, 49982, -458325, 364 
1718956265194.00, 50264, -457232, 346 
1718956265216.00, 49663, -456144, 324 
1718956265238.00, 47718, -455075, 342 
1718956265260.00, 47635, -454042, 335 
1718956265281.00, 47356, -453011, 334 
1718956265303.00, 46748, -451982, 336 
1718956265325.00, 46577, -450970, 323 
1718956265346.00, 45876, -449954, 308 
1718956265368.00, 44764, -448956, 304 
1718956265389.00, 43694, -447997, 306 
1718956265411.00, 42933, -447048, 295 
1718956265433.00, 41902, -446116, 289 
1718956265454.00, 40973, -445209, 288 
1718956265476.00, 40271, -444322, 284 
1718956265498.00, 39630, -443438, 281 
1718956265520.00, 39228, -442579, 261 
1718956265541.00, 37604, -441734, 241 
1718956265563.00, 35665, -440910, 247 
1718956265584.00, 34818, -440132, 252 
1718956265606.00, 34464, -439380, 240 
1718956265627.00, 33574, -438633, 233 
1718956265649.00, 32730, -437902, 238 
1718956265670.00, 32607, -437185, 234 
1718956265692.00, 32655, -436482, 226 
1718956265714.00, 31804, -435779, 222 
1718956265736.00, 31285, -435094, 222 
1718956265757.00, 30758, -434416, 222 
1718956265779.00, 30395, -433742, 225 
1718956265801.00, 30458, -433081, 224 
1718956265822.00, 30381, -432420, 232 
1718956265843.00, 16951, -431766, 228 
1718956265865.00, 9155, -431384, 236 
1718956265887.00, 4393, -431178, 249 
1718956265909.00, 1547, -431080, 240 
1718956265929.00, 0, -431042, 253 
1718956265951.00, -681, -431040, 247 
1718956265973.00, -314, -431047, 235 
1718956265994.00, -152, -431052, 232 
1718956266015.00, -73, -431054, 225 
1718956266036.00, -56, -431057, 222 
1718956266058.00, 6, -431057, 218 
1718956266079.00, 5, -431058, 206 
1718956266100.00, 0, -431059, 200 
1718956266121.00, 0, -431059, 195 
1718956266142.00, 0, -431059, 203 
1718956266163.00, 0, -431060, 197 
1718956266184.00, 0, -431059, 197 
1718956266206.00, 0, -431059, 196 
1718956266227.00, 0, -431060, 193 
1718956266249.00, 39, -431060, 197 
1718956266270.00, 0, -431060, 197 
1718956266291.00, -61, -431060, 195 
1718956266317.00, 0, -431059, 193 
1718956266333.00, 0, -431060, 186 
1718956266355.00, -16, -431061, 176 
1718956266376.00, 0, -431061, 170 
1718956266398.00, 0, -431061, 169 
1718956266418.00, 0, -431062, 160 
1718956266440.00, 0, -431063, 149 
1718956266461.00, 0, -431063, 144 
1718956266482.00, 0, -431063, 140 
1718956266503.00, 0, -431063, 134 
1718956266525.00, 0, -431065, 124 
1718956266549.00, 0, -431066, 115 
1718956266567.00, -62, -431066, 107 
1718956266588.00, 7, -431067, 98 
1718956266609.00, -63, -431068, 86 
1718956266630.00, -41, -431068, 73 
1718956266652.00, -11, -431070, 70 
1718956266673.00, -25, -431071, 61 
1718956266693.00, -66, -431074, 52 
1718956266715.00, -33, -431075, 44 
1718956266736.00, -10, -431076, 37 
1718956266758.00, -25, -431078, 27 
1718956266779.00, 5, -431079, 18 
1718956266800.00, 4, -431080, 9 
1718956266821.00, -9, -431081, 1 
1718956266843.00, -66, -431082, -6 
1718956266863.00, -63, -431084, -14 
1718956266885.00, -971, -431086, -19 
1718956266906.00, -1726, -431106, -27 
1718956266928.00, -2696, -431145, -33 
1718956266949.00, -3553, -431203, -39 
1718956266974.00, -4417, -431281, -41 
1718956266992.00, -5058, -431376, -42 
1718956267014.00, -5405, -431488, -44 
1718956267035.00, -5905, -431606, -47 
1718956267057.00, -6257, -431731, -42 
1718956267082.00, -6101, -431864, -43 
1718956267100.00, -6336, -431998, -43 
1718956267121.00, -6370, -432131, -41 
1718956267143.00, -6108, -432269, -41 
1718956267164.00, -6079, -432401, -42 
1718956267189.00, -6125, -432526, -45 
1718956267207.00, -6351, -432657, -47 
1718956267228.00, -6768, -432797, -57 
1718956267250.00, -7577, -432939, -66 
1718956267271.00, -8380, -433099, -69 
1718956267293.00, -8996, -433278, -72 
1718956267314.00, -9657, -433472, -74 
1718956267335.00, -10243, -433679, -78 
1718956267357.00, -10537, -433900, -80 
1718956267379.00, -11144, -434131, -81 
1718956267400.00, -11605, -434369, -88 
1718956267422.00, -12216, -434622, -96 
1718956267444.00, -12806, -434885, -102 
1718956267465.00, -13571, -435164, -118 
1718956267486.00, -15047, -435462, -144 
1718956267508.00, -17695, -435788, -165 
1718956267530.00, -20355, -436161, -175 
1718956267551.00, -22716, -436600, -185 
1718956267574.00, -24286, -437086, -181 
1718956267595.00, -25077, -437617, -178 
1718956267617.00, -25614, -438169, -175 
1718956267638.00, -25701, -438717, -170 
1718956267660.00, -25335, -439266, -173 
1718956267682.00, -25304, -439816, -170 
1718956267703.00, -24847, -440366, -167 
1718956267725.00, -24777, -440910, -169 
1718956267749.00, -24647, -441447, -171 
1718956267768.00, -24672, -441982, -169 
1718956267789.00, -24449, -442513, -171 
1718956267811.00, -24542, -443046, -164 
1718956267833.00, -23952, -443580, -161 
1718956267855.00, -23593, -444105, -155 
1718956267876.00, -23071, -444627, -154 
1718956267898.00, -22627, -445123, -142 
1718956267920.00, -21715, -445611, -136 
1718956267941.00, -20847, -446081, -124 
1718956267963.00, -19653, -446532, -127 
1718956267984.00, -18835, -446958, -115 
1718956268006.00, -18071, -447369, -109 
1718956268028.00, -16854, -447761, -121 
1718956268050.00, -16928, -448130, -137 
1718956268071.00, -17761, -448495, -140 
1718956268092.00, -18559, -448878, -137 
1718956268114.00, -18714, -449282, -124 
1718956268136.00, -18331, -449696, -127 
1718956268157.00, -18450, -450094, -130 
1718956268180.00, -18821, -450490, -136 
1718956268201.00, -19130, -450899, -139 
1718956268223.00, -19341, -451317, -159 
1718956268244.00, -20716, -451738, -171 
1718956268266.00, -22516, -452184, -198 
1718956268294.00, -25025, -452668, -227 
1718956268309.00, -28335, -453211, -264 
1718956268331.00, -32483, -453822, -292 
1718956268352.00, -36532, -454526, -311 
1718956268374.00, -40142, -455308, -324 
1718956268396.00, -42879, -456168, -325 
1718956268417.00, -44375, -457097, -325 
1718956268439.00, -45601, -458073, -334 
1718956268460.00, -46933, -459054, -337 
1718956268482.00, -47660, -460066, -346 
1718956268507.00, -48674, -461111, -354 
1718956268525.00, -49876, -462158, -366 
1718956268547.00, -51086, -463235, -370 
1718956268569.00, -52045, -464350, -372 
1718956268590.00, -52859, -465469, -382 
1718956268613.00, -53848, -466619, -394 
1718956268633.00, -55358, -467798, -404 
1718956268655.00, -56730, -468988, -412 
1718956268677.00, -57887, -470220, -432 
1718956268699.00, -59771, -471475, -436 
1718956268723.00, -61148, -472763, -431 
1718956268742.00, -61828, -474097, -447 
1718956268764.00, -62957, -475431, -468 
1718956268785.00, -64767, -476802, -473 
1718956268807.00, -66331, -478209, -472 
1718956268829.00, -67198, -479636, -476 
1718956268850.00, -67855, -481090, -488 
1718956268872.00, -68849, -482559, -476 
1718956268893.00, -68887, -484069, -484 
1718956268915.00, -69310, -485554, -491 
1718956268936.00, -69843, -487062, -504 
1718956268958.00, -71321, -488562, -500 
1718956268980.00, -71560, -490103, -493 
1718956269002.00, -71413, -491656, -498 
1718956269023.00, -71472, -493213, -502 
1718956269045.00, -71708, -494751, -501 
1718956269066.00, -71579, -496305, -494 
1718956269088.00, -71193, -497854, -509 
1718956269110.00, -71732, -499405, -501 
1718956269131.00, -71655, -500973, -501 
1718956269153.00, -71578, -502523, -494 
1718956269175.00, -71322, -504083, -507 
1718956269196.00, -71960, -505612, -499 
1718956269218.00, -71798, -507176, -503 
1718956269240.00, -71961, -508733, -500 
1718956269265.00, -71762, -510297, -518 
1718956269283.00, -72788, -511845, -510 
1718956269304.00, -72805, -513418, -514 
1718956269326.00, -72956, -514989, -508 
1718956269348.00, -72768, -516589, -514 
1718956269369.00, -72980, -518159, -510 
1718956269391.00, -72737, -519745, -512 
1718956269413.00, -72870, -521312, -512 
1718956269434.00, -72853, -522897, -513 
1718956269456.00, -72850, -524477, -512 
1718956269478.00, -72778, -526065, -513 
1718956269499.00, -72697, -527632, -516 
1718956269521.00, -72968, -529213, -521 
1718956269542.00, -73426, -530788, -532 
1718956269564.00, -74329, -532386, -531 
1718956269586.00, -74902, -534001, -535 
1718956269607.00, -75478, -535626, -532 
1718956269629.00, -75130, -537252, -544 
1718956269650.00, -75625, -538879, -545 
1718956269672.00, -75834, -540518, -549 
1718956269693.00, -76290, -542171, -545 
1718956269719.00, -76303, -543822, -564 
1718956269737.00, -77337, -545471, -566 
1718956269758.00, -78258, -547142, -568 
1718956269780.00, -78881, -548850, -574 
1718956269802.00, -79565, -550561, -582 
1718956269824.00, -80624, -552287, -580 
1718956269845.00, -81141, -554019, -572 
1718956269867.00, -80929, -555786, -581 
1718956269889.00, -81056, -557533, -576 
1718956269910.00, -80932, -559290, -575 
1718956269931.00, -80818, -561039, -545 
1718956269954.00, -79011, -562789, -545 
1718956269975.00, -77957, -564495, -526 
1718956269996.00, -76307, -566194, -546 
1718956270018.00, -76235, -567843, -525 
1718956270040.00, -75125, -569490, -521 
1718956270061.00, -74283, -571107, -509 
1718956270083.00, -73097, -572722, -526 
1718956270104.00, -73255, -574303, -512 
1718956270127.00, -72637, -575895, -524 
1718956270150.00, -72826, -577450, -514 
1718956270169.00, -72302, -579031, -520 
1718956270191.00, -72303, -580593, -505 
1718956270212.00, -71529, -582171, -510 
1718956270234.00, -71232, -583720, -502 
1718956270259.00, -70641, -585261, -504 
1718956270278.00, -70488, -586789, -488 
1718956270300.00, -69471, -588313, -488 
1718956270321.00, -68875, -589818, -482 
1718956270343.00, -68095, -591313, -483 
1718956270365.00, -67442, -592785, -476 
1718956270386.00, -38563, -594244, -451 
1718956270408.00, -21110, -595095, -506 
1718956270429.00, -10527, -595570, -494 
1718956270451.00, -4410, -595809, -493 
1718956270472.00, -617, -595910, -496 
1718956270494.00, 762, -595928, -462 
1718956270516.00, 1974, -595921, -458 
1718956270537.00, 2892, -595884, -449 
1718956270559.00, 3431, -595824, -420 
1718956270580.00, 3730, -595750, -383 
1718956270602.00, 3758, -595670, -355 
1718956270623.00, 3748, -595583, -324 
1718956270645.00, 3770, -595500, -293 
1718956270667.00, 3670, -595418, -262 
1718956270689.00, 3634, -595337, -231 
1718956270710.00, 3517, -595258, -193 
1718956270731.00, 3574, -595178, -144 
1718956270753.00, 3485, -595098, -90 
1718956270775.00, 3442, -595019, -39 
1718956270797.00, 3279, -594943, 0 
1718956270818.00, 3050, -594871, 14 
1718956270839.00, 3733, -594804, 37 
1718956270861.00, 5458, -594723, 35 
1718956270882.00, 6294, -594607, 34 
1718956270904.00, 7024, -594473, 31 
1718956270925.00, 7266, -594327, 33 
1718956270946.00, 7508, -594176, 30 
1718956270968.00, 7176, -594020, 29 
1718956270990.00, 6881, -593865, 27 
1718956271011.00, 6615, -593717, 28 
1718956271032.00, 6548, -593575, 25 
1718956271053.00, 6108, -593435, 23 
1718956271076.00, 5694, -593304, 21 
1718956271097.00, 5507, -593178, 17 
1718956271118.00, 4770, -593060, 14 
1718956271145.00, 4307, -592953, 11 
1718956271161.00, 3897, -592857, 10 
1718956271182.00, 0, -592775, 7 
1718956271204.00, 578, -592768, 9 
1718956271225.00, 288, -592759, 4 
1718956271249.00, 131, -592753, 4 
1718956271267.00, 28, -592751, 6 
1718956271288.00, 42, -592749, 7 
1718956271310.00, 1, -592749, 8 
1718956271331.00, 0, -592749, 8 
1718956271356.00, 0, -592749, 10 
1718956271373.00, 0, -592749, 10 
1718956271394.00, 0, -592749, 11 
1718956271416.00, 653, -592749, 11 
1718956271437.00, 1074, -592736, 10 
1718956271458.00, 32, -592714, 10 
1718956271480.00, 0, -592712, 11 
1718956271501.00, 638, -592711, 10 
1718956271521.00, 0, -592700, 8 
1718956271543.00, 0, -592699, 10 
1718956271564.00, 0, -592699, 10 
1718956271584.00, 0, -592699, 10 
1718956271606.00, 0, -592699, 9 
1718956271627.00, -5, -592699, 8 
1718956271648.00, -12, -592698, 7 
1718956271669.00, 0, -592699, 7 
1718956271690.00, 0, -592699, 6 
1718956271711.00, 0, -592698, 7 
1718956271732.00, 0, -592699, 12 
1718956271754.00, 712, -592698, 11 
1718956271775.00, 1005, -592686, 14 
1718956271797.00, 1397, -592664, 8 
1718956271817.00, 823, -592636, -4 
1718956271839.00, 473, -592616, -3 
1718956271860.00, 269, -592606, -1 
1718956271882.00, 133, -592601, -4 
1718956271903.00, 64, -592598, -5 
1718956271924.00, 64, -592596, -7 
1718956271945.00, 68, -592595, -10 
1718956271967.00, 1, -592596, -15 
1718956271988.00, -145, -592595, -18 
1718956272014.00, -1114, -592598, -19 
1718956272032.00, -1813, -592611, -18 
1718956272053.00, -2206, -592649, -25 
1718956272074.00, -2705, -592696, -31 
1718956272095.00, -3556, -592754, -34 
1718956272117.00, -2146, -592826, -32 
1718956272139.00, -1233, -592873, -31 
1718956272160.00, -698, -592902, -26 
1718956272182.00, -379, -592916, -21 
1718956272203.00, -254, -592924, -18 
1718956272226.00, -163, -592930, -24 
1718956272246.00, -104, -592932, -29 
1718956272267.00, -59, -592935, -29 
1718956272288.00, -62, -592936, -27 
1718956272310.00, -33, -592937, -27 
1718956272331.00, -6, -592939, -30 
1718956272352.00, -30, -592940, -35 
1718956272373.00, -33, -592940, -41 
1718956272394.00, -11, -592942, -45 
1718956272416.00, -24, -592942, -51 
1718956272437.00, 2, -592945, -55 
1718956272458.00, 0, -592945, -59 
1718956272480.00, 0, -592944, -58 
1718956272500.00, 0, -592946, -57 
1718956272522.00, 0, -592946, -57 
1718956272543.00, 0, -592946, -60 
1718956272564.00, -49, -592947, -65 
1718956272586.00, 1, -592947, -72 
1718956272607.00, 0, -592949, -79 
1718956272628.00, 0, -592948, -83 
1718956272649.00, 0, -592949, -88 
1718956272671.00, 0, -592950, -94 
1718956272692.00, -67, -592950, -96 
1718956272712.00, -64, -592950, -96 
1718956272735.00, 5, -592951, -105 
1718956272756.00, -59, -592951, -108 
1718956272777.00, -63, -592951, -106 
1718956272799.00, -11, -592953, -107 
1718956272820.00, -56, -592954, -108 
1718956272841.00, -64, -592955, -110 
1718956272863.00, -12, -592955, -109 
1718956272885.00, 2, -592954, -106 
1718956272905.00, -50, -592956, -112 
1718956272927.00, -49, -592957, -123 
1718956272948.00, -64, -592958, -134 
1718956272969.00, -62, -592958, -137 
1718956272995.00, -47, -592960, -139 
1718956273013.00, -61, -592961, -139 
1718956273034.00, -49, -592962, -139 
1718956273055.00, -67, -592962, -137 
1718956273076.00, -25, -592964, -138 
1718956273098.00, -66, -592964, -137 
1718956273119.00, -32, -592965, -135 
1718956273140.00, -9, -592965, -133 
1718956273162.00, -66, -592966, -133 
1718956273183.00, 5, -592967, -139 
1718956273207.00, -49, -592967, -142 
1718956273226.00, 0, -592968, -142 
1718956273247.00, -3, -592967, -139 
1718956273268.00, 0, -592967, -139 
1718956273290.00, -62, -592967, -140 
1718956273313.00, 0, -592967, -141 
1718956273332.00, 0, -592968, -141 
1718956273353.00, -25, -592967, -138 
1718956273375.00, -66, -592969, -137 
1718956273397.00, -45, -592968, -137 
1718956273418.00, -55, -592970, -138 
1718956273439.00, 4, -592969, -138 
1718956273461.00, -64, -592971, -136 
1718956273482.00, -49, -592970, -136 
1718956273503.00, 2, -592970, -137 
1718956273525.00, -58, -592971, -137 
1718956273546.00, 4, -592971, -137 
1718956273567.00, 6, -592970, -138 
1718956273589.00, -55, -592972, -138 
1718956273610.00, -32, -592971, -139 
1718956273632.00, 0, -592972, -139 
1718956273655.00, 0, -592972, -138 
1718956273674.00, 0, -592973, -138 
1718956273695.00, 0, -592973, -141 
1718956273717.00, 0, -592973, -143 
1718956273738.00, 0, -592973, -143 
1718956273765.00, -44, -592973, -143 
1718956273781.00, -62, -592974, -144 
1718956273801.00, 0, -592974, -145 
1718956273824.00, -6, -592976, -145 
1718956273845.00, 0, -592976, -145 
1718956273865.00, -13, -592975, -146 
1718956273887.00, 0, -592976, -148 
1718956273909.00, 0, -592976, -149 
1718956273930.00, 0, -592977, -150 
1718956273951.00, -38, -592976, -151 
1718956273973.00, 6, -592977, -154 
1718956273994.00, 0, -592977, -157 
1718956274015.00, 0, -592977, -158 
1718956274036.00, 0, -592977, -160 
1718956274058.00, 0, -592978, -164 
1718956274079.00, 0, -592978, -169 
1718956274100.00, 0, -592979, -172 
1718956274122.00, 0, -592978, -174 
1718956274143.00, 0, -592977, -176 
1718956274164.00, 0, -592979, -177 
1718956274185.00, 0, -592979, -177 
1718956274206.00, 0, -592979, -178 
1718956274228.00, 0, -592979, -180 
1718956274249.00, 0, -592979, -181 
1718956274270.00, 1, -592978, -181 
1718956274292.00, 0, -592979, -181 
1718956274313.00, 0, -592980, -180 
1718956274335.00, -37, -592979, -180 
1718956274356.00, 0, -592980, -180 
1718956274377.00, 0, -592979, -180 
1718956274398.00, -4, -592979, -179 
1718956274420.00, -17, -592980, -176 
1718956274441.00, 0, -592980, -173 
1718956274462.00, 0, -592979, -172 
1718956274484.00, 0, -592980, -171 
1718956274505.00, 0, -592979, -168 
1718956274526.00, 0, -592979, -165 
1718956274548.00, 0, -592979, -160 
1718956274569.00, -41, -592979, -156 
1718956274590.00, 0, -592979, -153 
1718956274611.00, 0, -592979, -154 
1718956274635.00, 4, -592980, -151 
1718956274654.00, 0, -592979, -148 
1718956274675.00, 0, -592979, -142 
1718956274697.00, 0, -592978, -137 
1718956274718.00, -3, -592980, -134 
1718956274745.00, 0, -592979, -133 
1718956274760.00, 0, -592979, -132 
1718956274781.00, -22, -592979, -134 
1718956274803.00, 0, -592978, -135 
1718956274824.00, 0, -592978, -137 
1718956274848.00, 0, -592979, -136 
1718956274867.00, 0, -592979, -136 
1718956274887.00, 0, -592979, -135 
1718956274910.00, 0, -592980, -137 
1718956274931.00, 0, -592979, -138 
1718956274957.00, 0, -592979, -139 
1718956274973.00, 0, -592979, -139 
1718956274995.00, 0, -592978, -138 
1718956275016.00, 60, -592978, -140 
1718956275038.00, 0, -592979, -140 
1718956275059.00, 0, -592978, -141 
1718956275080.00, 0, -592979, -139 
1718956275101.00, -9, -592979, -138 
1718956275122.00, 0, -592979, -137 
1718956275144.00, 0, -592978, -137 
1718956275165.00, 0, -592979, -137 
1718956275186.00, 0, -592979, -136 
1718956275208.00, 0, -592980, -136 
1718956275229.00, 0, -592978, -135 
1718956275251.00, 0, -592979, -136 
1718956275272.00, 0, -592979, -134 
1718956275293.00, 0, -592979, -133 
1718956275314.00, 0, -592980, -132 
1718956275336.00, 1, -592979, -133 
1718956275357.00, 0, -592979, -133 
1718956275378.00, 0, -592979, -132 
1718956275399.00, 0, -592979, -132 
1718956275421.00, 0, -592979, -132 
1718956275442.00, 0, -592979, -133 
1718956275463.00, 0, -592980, -136 
1718956275485.00, 0, -592981, -138 
1718956275506.00, 0, -592979, -140 
1718956275527.00, 0, -592979, -140 
1718956275548.00, 0, -592979, -140 
1718956275570.00, 0, -592979, -140 
1718956275591.00, 0, -592979, -140 
1718956275612.00, 0, -592980, -141 
1718956275634.00, 0, -592980, -141 
1718956275654.00, 0, -592979, -141 
1718956275676.00, 0, -592979, -140 
1718956275697.00, 0, -592979, -138 
1718956275719.00, 0, -592980, -135 
1718956275740.00, 0, -592980, -134 
1718956275761.00, 0, -592979, -136 
1718956275782.00, 0, -592979, -137 
1718956275804.00, 0, -592979, -138 
1718956275824.00, 0, -592979, -139 
1718956275846.00, -12, -592979, -140 
1718956275868.00, 0, -592979, -138 
1718956275889.00, -12, -592980, -132 
1718956275911.00, 0, -592979, -128 
1718956275932.00, 0, -592979, -126 
1718956275952.00, 0, -592979, -125 
1718956275974.00, 0, -592979, -125 
1718956275996.00, 0, -592978, -127 
1718956276017.00, -3, -592980, -130 
1718956276038.00, 0, -592979, -132 
1718956276060.00, 0, -592979, -133 
1718956276081.00, 0, -592979, -134 
1718956276102.00, 18, -592979, -137 
1718956276124.00, -33, -592979, -141 
1718956276145.00, 0, -592980, -144 
1718956276168.00, -67, -592979, -144 
1718956276187.00, 0, -592979, -142 
1718956276209.00, 0, -592979, -136 
1718956276230.00, 0, -592979, -129 
1718956276251.00, 1, -592979, -120 
1718956276276.00, 10, -592978, -91 
1718956276294.00, 0, -592976, -71 
1718956276315.00, 0, -592975, -52 
1718956276336.00, 0, -592974, -29 
1718956276357.00, 0, -592972, 9 
1718956276379.00, 0, -592971, 45 
1718956276400.00, 2492, -592967, 70 
1718956276422.00, 5824, -592928, 88 
1718956276443.00, 8699, -592809, 102 
1718956276465.00, 11318, -592626, 109 
1718956276486.00, 13236, -592383, 112 
1718956276507.00, 14787, -592095, 109 
1718956276529.00, 15490, -591779, 106 
1718956276551.00, 15560, -591443, 113 
1718956276573.00, 16199, -591106, 114 
1718956276594.00, 16497, -590762, 103 
1718956276615.00, 15743, -590405, 86 
1718956276637.00, 14636, -590065, 65 
1718956276659.00, 12382, -589755, 40 
1718956276680.00, 9458, -589487, 3 
1718956276702.00, 5382, -589283, -52 
1718956276723.00, 0, -589164, -113 
1718956276745.00, -6734, -589156, -165 
1718956276766.00, -14030, -589289, -219 
1718956276788.00, -21944, -589585, -277 
1718956276810.00, -29730, -590049, -338 
1718956276831.00, -38151, -590688, -371 
1718956276853.00, -45158, -591509, -408 
1718956276875.00, -51411, -592480, -419 
1718956276896.00, -55732, -593590, -422 
1718956276918.00, -33282, -594785, -420 
1718956276939.00, -19737, -595532, -417 
1718956276961.00, -11348, -595969, -384 
1718956276983.00, -6388, -596216, -301 
1718956277004.00, -3414, -596359, -258 
1718956277026.00, -1674, -596436, -199 
1718956277047.00, -712, -596472, -130 
1718956277069.00, -126, -596482, -53 
1718956277090.00, 61, -596480, 37 
1718956277111.00, 2013, -596472, 106 
1718956277132.00, 7940, -596433, 175 
1718956277155.00, 15495, -596273, 213 
1718956277176.00, 22599, -595958, 229 
1718956277198.00, 27202, -595488, 226 
1718956277220.00, 29969, -594899, 220 
1718956277241.00, 30877, -594257, 204 
1718956277262.00, 30539, -593586, 180 
1718956277284.00, 29194, -592928, 158 
1718956277306.00, 26695, -592306, 129 
1718956277327.00, 23444, -591725, 98 
1718956277349.00, 19495, -591217, 47 
1718956277371.00, 13951, -590798, -29 
1718956277393.00, 6358, -590488, -121 
1718956277414.00, -3053, -590348, -211 
1718956277436.00, -14425, -590403, -280 
1718956277457.00, -25589, -590709, -343 
1718956277478.00, -36033, -591256, -412 
1718956277501.00, -46348, -592032, -477 
1718956277522.00, -56263, -593024, -526 
1718956277544.00, -33796, -594234, -532 
1718956277566.00, -20053, -594995, -608 
1718956277587.00, -11861, -595448, -632 
1718956277609.00, -6704, -595711, -616 
1718956277630.00, -3786, -595862, -605 
1718956277652.00, -2034, -595946, -587 
1718956277673.00, -1049, -595993, -573 
1718956277694.00, -393, -596015, -514 
1718956277716.00, -35, -596023, -466 
1718956277737.00, 7, -596024, -418 
1718956277759.00, 0, -596023, -379 
1718956277780.00, 0, -596022, -353 
1718956277801.00, 0, -596021, -330 
1718956277822.00, 0, -596020, -305 
1718956277844.00, 0, -596017, -275 
1718956277865.00, 69, -596017, -256 
1718956277887.00, 0, -596015, -235 
1718956277911.00, 0, -596016, -224 
1718956277929.00, 0, -596015, -219 
1718956277950.00, 0, -596015, -216 
1718956277972.00, 0, -596015, -212 
1718956277993.00, 0, -596015, -201 
1718956278015.00, 0, -596014, -193 
1718956278036.00, 0, -596014, -191 
1718956278057.00, -3, -596015, -191 
1718956278078.00, -22, -596014, -180 
1718956278100.00, 0, -596013, -161 
1718956278121.00, 57, -596011, -134 
1718956278142.00, 0, -596007, -109 
1718956278164.00, 70, -596007, -88 
1718956278185.00, 51, -596008, -106 
1718956278206.00, 0, -596008, -98 
1718956278228.00, 0, -596007, -91 
1718956278249.00, 0, -596008, -113 
1718956278270.00, -33, -596008, -140 
1718956278291.00, 0, -596009, -163 
1718956278313.00, 0, -596010, -181 
1718956278334.00, 0, -596011, -190 
1718956278358.00, 15, -596011, -189 
1718956278377.00, 0, -596012, -189 
1718956278398.00, 0, -596012, -187 
1718956278420.00, 0, -596011, -180 
1718956278441.00, 51, -596012, -169 
1718956278462.00, 0, -596009, -157 
1718956278483.00, 0, -596011, -147 
1718956278505.00, -5, -596010, -140 
1718956278526.00, -49, -596010, -138 
1718956278547.00, 0, -596009, -134 
1718956278569.00, 0, -596010, -131 
1718956278590.00, 0, -596010, -128 
1718956278612.00, 60, -596009, -134 
1718956278633.00, 0, -596009, -139 
1718956278654.00, 0, -596009, -141 
1718956278675.00, 0, -596009, -142 
1718956278697.00, -55, -596009, -140 
1718956278718.00, 0, -596009, -133 
1718956278739.00, 0, -596009, -129 
1718956278761.00, 0, -596009, -125 
1718956278782.00, -67, -596009, -137 
1718956278803.00, 0, -596009, -154 
1718956278825.00, 0, -596011, -160 
1718956278846.00, 0, -596010, -148 
1718956278867.00, 27, -596009, -142 
1718956278888.00, 0, -596010, -138 
1718956278909.00, 67, -596009, -132 
1718956278931.00, 0, -596009, -120 
1718956278953.00, 0, -596009, -114 
1718956278973.00, 0, -596007, -108 
1718956278995.00, -3, -596008, -94 
1718956279016.00, -2, -596007, -80 
1718956279037.00, 0, -596006, -69 
1718956279059.00, 0, -596006, -58 
1718956279080.00, -4, -596005, -52 
1718956279101.00, 0, -596005, -44 
1718956279122.00, -4, -596005, -39 
1718956279143.00, 0, -596004, -36 
1718956279165.00, -64, -596003, -32 
1718956279186.00, 2, -596002, -26 
1718956279207.00, -4, -596004, -49 
1718956279232.00, 0, -596003, -37 
1718956279249.00, 0, -596004, -35 
1718956279270.00, 0, -596003, -25 
1718956279291.00, -59, -596002, -21 
1718956279314.00, 0, -596003, -21 
1718956279334.00, 0, -596002, -17 
1718956279356.00, 0, -596002, -13 
1718956279377.00, 0, -596003, -11 
1718956279398.00, 0, -596002, -7 
1718956279419.00, 0, -596000, -4 
1718956279443.00, 0, -596000, -1 
1718956279461.00, -13, -596002, 4 
1718956279482.00, 0, -596000, 11 
1718956279503.00, 356, -595999, 12 
1718956279525.00, 973, -595996, 11 
1718956279547.00, 1260, -595978, 18 
1718956279568.00, 1849, -595951, 17 
1718956279590.00, 2103, -595911, 12 
1718956279610.00, 2053, -595867, 10 
1718956279632.00, 0, -595825, 9 
1718956279653.00, 0, -595821, 10 
1718956279674.00, 0, -595820, 13 
1718956279696.00, 679, -595821, -22 
1718956279717.00, 321, -595811, -27 
1718956279738.00, 130, -595805, -40 
1718956279760.00, 63, -595801, -44 
1718956279781.00, 58, -595801, -52 
1718956279802.00, -1, -595800, -54 
1718956279824.00, 67, -595801, -58 
1718956279846.00, 1, -595799, -53 
1718956279867.00, 0, -595799, -71 
1718956279887.00, -1, -595800, -67 
1718956279909.00, 0, -595799, -66 
1718956279930.00, 0, -595799, -63 
1718956279951.00, 0, -595799, -67 
1718956279972.00, 1, -595799, -62 
1718956279994.00, 4, -595799, -54 
1718956280015.00, 1, -595798, -46 
1718956280036.00, 0, -595798, -39 
1718956280057.00, 0, -595798, -40 
1718956280078.00, 0, -595797, -38 
1718956280104.00, 0, -595796, -33 
1718956280121.00, 49, -595797, -30 
1718956280143.00, -2, -595796, -27 
1718956280163.00, 0, -595796, -24 
1718956280185.00, 0, -595796, -23 
1718956280210.00, 0, -595796, -26 
1718956280227.00, -3, -595796, -25 
1718956280248.00, 0, -595794, -16 
1718956280269.00, 0, -595795, -10 
1718956280291.00, -3, -595794, 0 
1718956280313.00, -3, -595791, 34 
1718956280333.00, 2059, -595791, 30 
1718956280354.00, 3136, -595748, 31 
1718956280376.00, 3883, -595682, 31 
1718956280398.00, 4120, -595601, 31 
1718956280422.00, 4291, -595512, 29 
1718956280440.00, 4224, -595419, 28 
1718956280462.00, 4154, -595328, 27 
1718956280483.00, 4094, -595237, 26 
1718956280505.00, 4091, -595148, 27 
1718956280526.00, 3937, -595064, 25 
1718956280548.00, 3989, -594976, 24 
1718956280569.00, 3746, -594891, 23 
1718956280591.00, 3665, -594810, 23 
1718956280612.00, 3458, -594733, 22 
1718956280634.00, 3262, -594656, 22 
1718956280655.00, 3278, -594585, 21 
1718956280677.00, 3053, -594516, 21 
1718956280698.00, 3033, -594449, 19 
1718956280720.00, 2889, -594385, 18 
1718956280741.00, 2749, -594322, 18 
1718956280763.00, 2720, -594263, 18 
1718956280784.00, 2616, -594206, 17 
1718956280805.00, 2538, -594147, 16 
1718956280827.00, 2491, -594093, 16 
1718956280848.00, 2558, -594042, 14 
1718956280869.00, 2380, -593989, 13 
1718956280891.00, 2193, -593937, 13 
1718956280913.00, 2003, -593891, 12 
1718956280934.00, 1798, -593848, 10 
1718956280955.00, 0, -593807, 9 
1718956280976.00, 46, -593804, 12 
1718956280998.00, 626, -593803, 9 
1718956281019.00, 329, -593794, 7 
1718956281040.00, 150, -593789, 9 
1718956281061.00, 61, -593785, 10 
1718956281083.00, -3, -593784, 7 
1718956281104.00, -1, -593782, 8 
1718956281125.00, 0, -593782, 7 
1718956281146.00, 0, -593782, 7 
1718956281167.00, 1, -593781, 7 
1718956281188.00, 0, -593781, 7 
1718956281208.00, 0, -593782, 6 
1718956281229.00, 0, -593781, 6 
1718956281251.00, 63, -593781, 6 
1718956281272.00, 24, -593782, 6 
1718956281293.00, 0, -593781, 7 
1718956281314.00, 0, -593781, 7 
1718956281335.00, 4, -593781, 9 
1718956281356.00, 0, -593781, 8 
1718956281378.00, 43, -593781, 8 
1718956281398.00, 0, -593780, 9 
1718956281420.00, 0, -593781, 9 
1718956281441.00, 0, -593781, 9 
1718956281462.00, 1, -593781, 8 
1718956281482.00, 0, -593781, 8 
1718956281504.00, 0, -593781, 8 
1718956281525.00, 0, -593781, 7 
1718956281546.00, 63, -593780, 7 
1718956281567.00, 0, -593780, 7 
1718956281588.00, -54, -593780, 6 
1718956281609.00, 0, -593780, 6 
1718956281630.00, 0, -593780, 6 
1718956281651.00, 0, -593780, 5 
1718956281672.00, 0, -593781, 5 
1718956281694.00, 0, -593780, 5 
1718956281715.00, 34, -593780, 5 
1718956281735.00, 0, -593781, 5 
1718956281756.00, 0, -593780, 5 
1718956281777.00, 0, -593781, 5 
1718956281798.00, 2, -593780, 5 
1718956281819.00, 0, -593780, 5 
1718956281841.00, 0, -593780, 5 
1718956281862.00, 18, -593781, 5 
1718956281883.00, 0, -593781, 4 
1718956281904.00, -11, -593780, 4 
1718956281925.00, 0, -593780, 5 
1718956281946.00, 0, -593779, 5 
1718956281967.00, 1, -593780, 6 
1718956281988.00, 0, -593780, 7 
1718956282009.00, 0, -593780, 7 
1718956282031.00, 0, -593780, 6 
1718956282051.00, 0, -593780, 7 
1718956282072.00, -32, -593779, 7 
1718956282093.00, 1, -593780, 7 
1718956282115.00, 0, -593779, 7 
1718956282136.00, -32, -593780, 7 
1718956282157.00, 1, -593780, 7 
1718956282182.00, -4, -593780, 7 
1718956282199.00, 0, -593780, 7 
1718956282220.00, 0, -593780, 7 
1718956282241.00, 0, -593779, 7 
1718956282262.00, 0, -593779, 7 
1718956282283.00, 0, -593780, 7 
1718956282304.00, 0, -593780, 8 
1718956282325.00, 0, -593780, 8 
1718956282358.00, 0, -593780, 8 
1718956282367.00, 17, -593780, 8 
1718956282389.00, 0, -593780, 8 
1718956282410.00, 0, -593779, 8 
1718956282433.00, 0, -593779, 8 
1718956282452.00, -31, -593779, 8 
1718956282473.00, 0, -593779, 8 
1718956282493.00, 68, -593778, 8 
1718956282514.00, -4, -593780, 8 
1718956282535.00, 0, -593779, 8 
1718956282557.00, -34, -593779, 8 
1718956282578.00, 0, -593779, 8 
1718956282599.00, -11, -593780, 8 
1718956282620.00, 7, -593779, 8 
1718956282641.00, 0, -593779, 8 
1718956282662.00, 0, -593779, 8 
1718956282683.00, 0, -593780, 8 
1718956282704.00, -22, -593778, 7 
1718956282725.00, 0, -593780, 7 
1718956282746.00, -2, -593780, 7 
1718956282767.00, 0, -593779, 7 
1718956282788.00, 0, -593779, 7 
1718956282810.00, 0, -593779, 8 
1718956282833.00, 0, -593780, 8 
1718956282851.00, 0, -593779, 8 
1718956282872.00, 0, -593780, 8 
1718956282894.00, 0, -593779, 7 
1718956282914.00, 21, -593779, 8 
1718956282936.00, 0, -593780, 8 
1718956282956.00, 0, -593779, 7 
1718956282978.00, 0, -593779, 8 
1718956282999.00, 1, -593780, 8 
1718956283020.00, 0, -593779, 7 
1718956283041.00, 0, -593779, 7 
1718956283062.00, 0, -593779, 7 
1718956283083.00, 0, -593779, 8 
1718956283104.00, 0, -593780, 7 
1718956283125.00, 0, -593779, 7 
1718956283146.00, 0, -593779, 7 
1718956283167.00, 0, -593779, 7 
1718956283189.00, 0, -593778, 7 
1718956283209.00, 0, -593779, 7 
1718956283230.00, 0, -593780, 7 
1718956283251.00, -16, -593779, 7 
1718956283272.00, -61, -593780, 7 
1718956283293.00, 0, -593780, 7 
1718956283314.00, 0, -593779, 7 
1718956283335.00, 0, -593780, 6 
1718956283357.00, 0, -593779, 6 
1718956283382.00, 0, -593780, -178 
1718956283399.00, 0, -593781, -178 
1718956283421.00, 0, -593781, -178 
1718956283442.00, 0, -593781, -178 
1718956283463.00, 0, -593781, -178 
1718956283487.00, 0, -593781, -178 
1718956283504.00, 0, -593780, -178 
1718956283526.00, 0, -593780, -178 
1718956283547.00, 0, -593781, -177 
1718956283568.00, 0, -593781, -178 
1718956283589.00, 0, -593780, -178 
1718956283611.00, 0, -593781, -178 
1718956283631.00, 0, -593781, -178 
1718956283653.00, 0, -593781, -178 
1718956283675.00, 0, -593780, -178 
1718956283695.00, 0, -593781, -178 
1718956283715.00, 0, -593781, -178 
1718956283737.00, 0, -593780, -178 
1718956283758.00, 0, -593780, -178 
1718956283779.00, 0, -593781, -179 
1718956283800.00, 0, -593780, -179 
1718956283821.00, 0, -593781, -180 
1718956283842.00, 0, -593781, -180 
1718956283864.00, 0, -593781, -181 
1718956283885.00, 0, -593781, -181 
1718956283906.00, 0, -593781, -182 
1718956283927.00, 0, -593781, -183 
1718956283948.00, 0, -593780, -183 
1718956283970.00, 0, -593781, -183 
1718956283989.00, 0, -593781, -183 
1718956284012.00, 0, -593781, -183 
1718956284033.00, 0, -593781, -184 
1718956284054.00, 0, -593780, -184 
1718956284075.00, 0, -593781, -184 
1718956284096.00, 0, -593781, -184 
1718956284117.00, 0, -593780, -184 
1718956284138.00, 0, -593782, -185 
1718956284159.00, 0, -593780, -186 
1718956284181.00, 0, -593781, -187 
1718956284201.00, 0, -593781, -187 
