1719478596403.00, 284, -605843, -14 
1719478596425.00, 282, -605837, -14 
1719478596448.00, 282, -605831, -14 
1719478596468.00, 270, -605826, -14 
1719478596489.00, 281, -605819, -13 
1719478596513.00, 263, -605814, -13 
1719478596532.00, 270, -605807, -13 
1719478596553.00, 263, -605802, -13 
1719478596575.00, 249, -605796, -14 
1719478596596.00, 247, -605791, -14 
1719478596626.00, 248, -605785, -15 
1719478596640.00, 232, -605780, -15 
1719478596661.00, 227, -605775, -14 
1719478596683.00, 221, -605771, -14 
1719478596703.00, 226, -605766, -14 
1719478596730.00, 212, -605761, -14 
1719478596747.00, 198, -605757, -15 
1719478596769.00, 198, -605752, -15 
1719478596789.00, 198, -605748, -15 
1719478596812.00, 185, -605743, -15 
1719478596833.00, 197, -605739, -15 
1719478596855.00, 192, -605735, -15 
1719478596876.00, 186, -605731, -15 
1719478596897.00, 172, -605727, -14 
1719478596918.00, 174, -605722, -15 
1719478596940.00, 174, -605720, -14 
1719478596961.00, 165, -605715, -14 
1719478596983.00, 163, -605711, -15 
1719478597005.00, 164, -605708, -15 
1719478597026.00, 148, -605705, -15 
1719478597048.00, 138, -605702, -14 
1719478597068.00, 151, -605699, -14 
1719478597090.00, 149, -605695, -14 
1719478597112.00, 126, -605692, -14 
1719478597133.00, 123, -605689, -14 
1719478597155.00, 123, -605687, -14 
1719478597176.00, 129, -605684, -14 
1719478597198.00, 132, -605681, -14 
1719478597230.00, 129, -605679, -14 
1719478597241.00, 107, -605676, -14 
1719478597262.00, 106, -605673, -14 
1719478597283.00, 99, -605670, -14 
1719478597305.00, 107, -605668, -14 
1719478597327.00, 107, -605666, -13 
1719478597348.00, 107, -605664, -13 
1719478597369.00, 90, -605661, -12 
1719478597390.00, 95, -605659, -12 
1719478597412.00, 100, -605657, -12 
1719478597434.00, 101, -605655, -12 
1719478597455.00, 87, -605653, -12 
1719478597476.00, 73, -605651, -13 
1719478597498.00, 69, -605649, -13 
1719478597519.00, 82, -605648, -13 
1719478597540.00, 80, -605646, -13 
1719478597561.00, 78, -605645, -13 
1719478597583.00, 72, -605642, -13 
1719478597605.00, 81, -605641, -12 
1719478597626.00, 89, -605639, -12 
1719478597647.00, 70, -605639, -12 
1719478597669.00, 63, -605636, -12 
1719478597690.00, 62, -605635, -12 
1719478597712.00, 61, -605634, -12 
1719478597733.00, 57, -605633, -12 
1719478597754.00, 62, -605631, -12 
1719478597775.00, 54, -605630, -12 
1719478597796.00, 62, -605629, -11 
1719478597818.00, 56, -605628, -11 
1719478597839.00, 62, -605626, -11 
1719478597861.00, 39, -605625, -11 
1719478597883.00, 51, -605625, -11 
1719478597903.00, 64, -605622, -11 
1719478597925.00, 59, -605622, -11 
1719478597947.00, 50, -605621, -11 
1719478597968.00, 58, -605620, -11 
1719478597989.00, 55, -605619, -11 
1719478598010.00, 23, -605618, -11 
1719478598032.00, 1, -605617, -12 
1719478598053.00, -1, -605615, -12 
1719478598074.00, 0, -605614, -12 
1719478598096.00, 0, -605614, -11 
1719478598116.00, 0, -605615, -11 
1719478598138.00, 65, -605614, -11 
1719478598159.00, 50, -605614, -11 
1719478598181.00, 1, -605614, -10 
1719478598202.00, -5, -605614, -10 
1719478598223.00, 0, -605613, -10 
1719478598244.00, 0, -605613, -10 
1719478598266.00, 0, -605613, -10 
1719478598287.00, 0, -605612, -10 
1719478598308.00, 0, -605612, -10 
1719478598329.00, 0, -605611, -10 
1719478598350.00, 0, -605612, -10 
1719478598372.00, 32, -605612, -10 
1719478598393.00, 0, -605612, -10 
1719478598414.00, 0, -605612, -10 
1719478598435.00, 0, -605611, -10 
1719478598456.00, 0, -605611, -9 
1719478598482.00, 0, -605611, -9 
1719478598499.00, 0, -605611, -9 
1719478598520.00, -23, -605611, -9 
1719478598541.00, 0, -605611, -9 
1719478598562.00, 0, -605611, -9 
1719478598589.00, 0, -605611, -9 
1719478598604.00, 0, -605610, -9 
1719478598625.00, 0, -605611, -9 
1719478598647.00, 0, -605611, -9 
1719478598668.00, 25, -605611, -10 
1719478598689.00, 0, -605611, -10 
1719478598710.00, 0, -605611, -10 
1719478598732.00, 1, -605611, -10 
1719478598753.00, 0, -605611, -10 
1719478598774.00, 0, -605610, -10 
1719478598795.00, 0, -605611, -10 
1719478598817.00, 0, -605612, -10 
1719478598838.00, 0, -605610, -10 
1719478598859.00, 0, -605611, -9 
1719478598880.00, 0, -605610, -9 
1719478598901.00, 0, -605611, -9 
1719478598922.00, 6, -605611, -9 
1719478598943.00, 0, -605610, -10 
1719478598964.00, 38, -605610, -10 
1719478598986.00, 1, -605611, -10 
1719478599007.00, -58, -605610, -10 
1719478599034.00, 0, -605611, -10 
1719478599050.00, 0, -605611, -10 
1719478599071.00, 0, -605611, -10 
1719478599092.00, 0, -605611, -10 
1719478599113.00, 0, -605611, -10 
1719478599136.00, 0, -605611, -10 
1719478599157.00, 0, -605610, -10 
1719478599178.00, 0, -605611, -10 
1719478599198.00, 0, -605610, -10 
1719478599220.00, 0, -605610, -10 
1719478599241.00, 0, -605609, -10 
1719478599262.00, 0, -605611, -10 
1719478599283.00, 0, -605610, -10 
1719478599305.00, 0, -605610, -9 
1719478599326.00, -2, -605611, -9 
1719478599347.00, 0, -605610, -10 
1719478599368.00, 0, -605610, -10 
1719478599389.00, 0, -605611, -10 
1719478599411.00, 0, -605610, -10 
1719478599432.00, 0, -605610, -10 
1719478599453.00, 0, -605611, -10 
1719478599475.00, 0, -605612, -10 
1719478599496.00, 0, -605611, -10 
1719478599516.00, 0, -605611, -10 
1719478599538.00, 0, -605611, -10 
1719478599559.00, 0, -605611, -10 
1719478599581.00, 0, -605611, -10 
1719478599601.00, 0, -605610, -10 
1719478599623.00, 0, -605612, -10 
1719478599643.00, 0, -605610, -10 
1719478599665.00, 0, -605610, -10 
1719478599691.00, 0, -605610, -10 
1719478599707.00, 0, -605611, -10 
1719478599729.00, 0, -605611, -10 
1719478599750.00, 0, -605610, -10 
1719478599771.00, 0, -605611, -10 
1719478599792.00, -5, -605610, -10 
1719478599813.00, 0, -605610, -10 
1719478599835.00, 0, -605610, -10 
1719478599856.00, 0, -605610, -10 
1719478599877.00, 0, -605610, -10 
1719478599898.00, 0, -605610, -11 
1719478599919.00, 0, -605610, -11 
1719478599941.00, 0, -605611, -11 
1719478599962.00, 0, -605610, -12 
1719478599983.00, 0, -605611, -12 
1719478600005.00, 46, -605610, -12 
1719478600026.00, 0, -605610, -13 
1719478600047.00, -11, -605611, -13 
1719478600068.00, 57, -605609, -12 
1719478600089.00, 0, -605611, -12 
1719478600111.00, 4, -605611, -13 
1719478600131.00, 0, -605610, -13 
1719478600153.00, 0, -605610, -13 
1719478600175.00, 25, -605611, -13 
1719478600195.00, 0, -605610, -13 
1719478600217.00, 0, -605610, -14 
1719478600238.00, 0, -605610, -14 
1719478600259.00, 0, -605610, -14 
1719478600281.00, 0, -605610, -14 
1719478600302.00, 0, -605610, -15 
1719478600323.00, 0, -605610, -15 
1719478600344.00, -4, -605610, -15 
1719478600365.00, 0, -605610, -15 
1719478600387.00, 0, -605609, -15 
1719478600408.00, 0, -605610, -15 
1719478600429.00, 0, -605610, -15 
1719478600450.00, 0, -605610, -15 
1719478600472.00, 0, -605610, -15 
1719478600493.00, 0, -605611, -15 
1719478600514.00, 0, -605611, -15 
1719478600535.00, 0, -605610, -15 
1719478600559.00, 0, -605611, -15 
1719478600577.00, 0, -605610, -15 
1719478600598.00, 26, -605611, -15 
1719478600620.00, 0, -605610, -16 
1719478600641.00, 0, -605609, -16 
1719478600663.00, 0, -605610, -16 
1719478600684.00, 0, -605610, -16 
1719478600705.00, 0, -605610, -16 
1719478600726.00, 0, -605611, -15 
1719478600747.00, 0, -605610, -15 
1719478600768.00, 0, -605610, -15 
1719478600790.00, 0, -605609, -15 
1719478600811.00, 0, -605611, -15 
1719478600832.00, 0, -605610, -15 
1719478600853.00, 45, -605610, -15 
1719478600875.00, 0, -605610, -15 
1719478600896.00, 0, -605609, -15 
1719478600917.00, 0, -605610, -15 
1719478600938.00, 0, -605610, -15 
1719478600960.00, 0, -605610, -15 
1719478600981.00, 0, -605609, -15 
1719478601001.00, 0, -605610, -16 
1719478601023.00, 0, -605610, -16 
1719478601044.00, 0, -605610, -16 
1719478601066.00, 0, -605610, -17 
1719478601087.00, 0, -605610, -17 
1719478601108.00, 0, -605609, -17 
1719478601129.00, 0, -605610, -17 
1719478601150.00, 0, -605610, -17 
1719478601172.00, -6, -605610, -17 
1719478601193.00, 0, -605610, -17 
1719478601214.00, 0, -605610, -17 
1719478601235.00, 0, -605611, -17 
1719478601256.00, -15, -605610, -17 
1719478601278.00, 0, -605610, -17 
1719478601298.00, 0, -605610, -17 
1719478601320.00, 0, -605609, -17 
1719478601341.00, 0, -605610, -17 
1719478601362.00, 0, -605609, -17 
1719478601384.00, 4, -605609, -17 
1719478601405.00, 0, -605610, -17 
1719478601426.00, 0, -605608, -17 
1719478601447.00, 0, -605610, -17 
1719478601468.00, 0, -605609, -16 
1719478601489.00, 0, -605609, -16 
1719478601511.00, 0, -605610, -15 
1719478601532.00, 0, -605609, -15 
1719478601554.00, 0, -605609, -15 
1719478601575.00, 0, -605609, -14 
1719478601596.00, -6, -605609, -14 
1719478601617.00, 0, -605610, -15 
1719478601638.00, 0, -605610, -15 
1719478601659.00, 0, -605610, -15 
1719478601681.00, 0, -605609, -15 
1719478601702.00, 0, -605610, -15 
1719478601723.00, -4, -605610, -15 
1719478601744.00, 0, -605609, -15 
1719478601766.00, 0, -605609, -15 
1719478601786.00, 0, -605610, -14 
1719478601808.00, 0, -605610, -14 
1719478601829.00, 0, -605610, -14 
1719478601850.00, -22, -605610, -14 
1719478601873.00, -1, -605610, -14 
1719478601893.00, -3, -605611, -14 
1719478601914.00, 0, -605610, -14 
1719478601935.00, 0, -605610, -14 
1719478601956.00, 0, -605609, -14 
1719478601980.00, 0, -605609, -14 
1719478601999.00, 0, -605610, -14 
1719478602020.00, 0, -605610, -14 
1719478602041.00, 0, -605610, -13 
1719478602062.00, 0, -605610, -14 
1719478602083.00, 0, -605610, -13 
1719478602104.00, -66, -605610, -13 
1719478602126.00, 0, -605609, -13 
1719478602147.00, 0, -605610, -13 
1719478602168.00, 0, -605609, -13 
1719478602189.00, 0, -605610, -12 
1719478602211.00, 0, -605609, -12 
1719478602232.00, 0, -605609, -12 
1719478602252.00, 0, -605610, -12 
1719478602275.00, 0, -605609, -12 
1719478602296.00, 0, -605610, -12 
1719478602317.00, 0, -605610, -12 
1719478602338.00, 0, -605609, -11 
1719478602359.00, 0, -605610, -11 
1719478602380.00, 0, -605610, -11 
1719478602401.00, 0, -605608, -11 
1719478602422.00, 0, -605610, -10 
1719478602444.00, 42, -605608, -9 
1719478602465.00, 0, -605609, -8 
1719478602486.00, 0, -605608, -6 
1719478602507.00, 0, -605609, -2 
1719478602528.00, 0, -605607, 4 
1719478602550.00, 0, -605607, 14 
1719478602571.00, 1046, -605605, 29 
1719478602592.00, 2577, -605590, 58 
1719478602614.00, 5094, -605534, 85 
1719478602636.00, 8512, -605426, 110 
1719478602657.00, 11605, -605246, 139 
1719478602679.00, 15461, -604988, 166 
1719478602700.00, 19386, -604657, 198 
1719478602722.00, 23568, -604244, 222 
1719478602748.00, 27369, -603736, 236 
1719478602765.00, 30468, -603149, 260 
1719478602787.00, 33715, -602494, 287 
1719478602809.00, 37329, -601766, 322 
1719478602830.00, 40793, -600959, 339 
1719478602853.00, 42920, -600073, 366 
1719478602873.00, 43603, -599144, 399 
1719478602895.00, 43769, -598192, 433 
1719478602916.00, 43698, -597243, 458 
1719478602938.00, 43779, -596292, 477 
1719478602960.00, 43686, -595350, 497 
1719478602982.00, 43739, -594397, 520 
1719478603004.00, 43608, -593450, 544 
1719478603025.00, 43683, -592505, 573 
1719478603046.00, 43762, -591556, 604 
1719478603068.00, 43842, -590603, 633 
1719478603090.00, 43682, -589656, 660 
1719478603112.00, 43674, -588710, 694 
1719478603132.00, 43889, -587756, 725 
1719478603155.00, 43813, -586808, 747 
1719478603176.00, 43610, -585861, 771 
1719478603198.00, 43826, -584916, 784 
1719478603220.00, 43797, -583971, 803 
1719478603241.00, 43536, -583024, 818 
1719478603263.00, 43756, -582082, 825 
1719478603284.00, 43793, -581130, 836 
1719478603306.00, 43689, -580179, 853 
1719478603328.00, 43801, -579233, 866 
1719478603350.00, 43718, -578286, 872 
1719478603371.00, 43719, -577339, 883 
1719478603393.00, 43640, -576395, 898 
1719478603414.00, 43759, -575453, 901 
1719478603436.00, 43686, -574505, 909 
1719478603458.00, 43622, -573556, 918 
1719478603480.00, 43593, -572609, 927 
1719478603501.00, 43675, -571658, 928 
1719478603522.00, 43614, -570715, 938 
1719478603544.00, 43620, -569775, 949 
1719478603566.00, 43721, -568825, 945 
1719478603588.00, 43652, -567884, 949 
1719478603609.00, 43515, -566931, 957 
1719478603630.00, 43648, -565989, 947 
1719478603651.00, 43464, -565043, 934 
1719478603674.00, 43498, -564096, 930 
1719478603695.00, 43651, -563152, 921 
1719478603717.00, 43639, -562214, 919 
1719478603739.00, 43652, -561265, 907 
1719478603760.00, 43664, -560317, 914 
1719478603782.00, 43773, -559382, 880 
1719478603804.00, 43717, -558434, 876 
1719478603825.00, 43731, -557487, 873 
1719478603847.00, 43710, -556539, 871 
1719478603869.00, 43528, -555596, 858 
1719478603890.00, 43650, -554645, 868 
1719478603912.00, 43681, -553702, 866 
1719478603933.00, 43534, -552763, 835 
1719478603955.00, 43752, -551813, 872 
1719478603977.00, 43668, -550867, 883 
1719478603998.00, 43542, -549916, 912 
1719478604020.00, 43494, -548970, 944 
1719478604042.00, 43551, -548020, 956 
1719478604064.00, 43482, -547073, 966 
1719478604085.00, 43670, -546128, 986 
1719478604107.00, 43772, -545185, 964 
1719478604129.00, 43542, -544240, 974 
1719478604150.00, 43721, -543297, 1006 
1719478604172.00, 43756, -542347, 1013 
1719478604193.00, 43701, -541390, 1003 
1719478604215.00, 43561, -540438, 1027 
1719478604237.00, 43616, -539493, 1009 
1719478604258.00, 43638, -538544, 1006 
1719478604280.00, 43585, -537592, 1020 
1719478604302.00, 43596, -536653, 973 
1719478604324.00, 43791, -535707, 955 
1719478604345.00, 43603, -534758, 965 
1719478604367.00, 43626, -533810, 958 
1719478604391.00, 43829, -532868, 926 
1719478604410.00, 43794, -531913, 947 
1719478604432.00, 43540, -530966, 971 
1719478604454.00, 43706, -530023, 945 
1719478604475.00, 43830, -529078, 951 
1719478604499.00, 43703, -528129, 973 
1719478604518.00, 43505, -527189, 938 
1719478604540.00, 43692, -526245, 929 
1719478604561.00, 43664, -525294, 964 
1719478604583.00, 43684, -524348, 975 
1719478604608.00, 43701, -523404, 972 
1719478604627.00, 43665, -522452, 1009 
1719478604649.00, 43593, -521495, 1031 
1719478604670.00, 43567, -520546, 1070 
1719478604692.00, 43830, -519602, 1056 
1719478604717.00, 43632, -518649, 1089 
1719478604735.00, 43705, -517698, 1090 
1719478604757.00, 43595, -516748, 1110 
1719478604779.00, 43578, -515786, 1161 
1719478604801.00, 43795, -514835, 1163 
1719478604825.00, 43837, -513883, 1205 
1719478604844.00, 43504, -512936, 1231 
1719478604866.00, 43488, -511982, 1255 
1719478604888.00, 43596, -511031, 1285 
1719478604909.00, 43653, -510091, 1293 
1719478604936.00, 43550, -509132, 1325 
1719478604952.00, 43574, -508181, 1352 
1719478604974.00, 43800, -507228, 1378 
1719478604996.00, 43726, -506273, 1396 
1719478605018.00, 43465, -505325, 1422 
1719478605041.00, 43449, -504375, 1437 
1719478605061.00, 43720, -503433, 1430 
1719478605083.00, 43774, -502478, 1442 
1719478605104.00, 43507, -501530, 1446 
1719478605126.00, 43360, -500577, 1436 
1719478605148.00, 43569, -499630, 1398 
1719478605170.00, 43629, -498681, 1435 
1719478605192.00, 43705, -497728, 1453 
1719478605213.00, 43810, -496782, 1434 
1719478605235.00, 43710, -495826, 1426 
1719478605261.00, 43792, -494877, 1453 
1719478605279.00, 43584, -493931, 1473 
1719478605300.00, 43475, -492981, 1468 
1719478605322.00, 43804, -492031, 1444 
1719478605344.00, 43867, -491078, 1460 
1719478605371.00, 43599, -490130, 1476 
1719478605387.00, 43539, -489178, 1456 
1719478605409.00, 43519, -488228, 1440 
1719478605431.00, 43640, -487285, 1444 
1719478605453.00, 43851, -486336, 1459 
1719478605477.00, 43669, -485387, 1415 
1719478605495.00, 43521, -484431, 1452 
1719478605517.00, 43607, -483482, 1427 
1719478605539.00, 43572, -482530, 1434 
1719478605561.00, 43765, -481578, 1453 
1719478605583.00, 43758, -480632, 1456 
1719478605605.00, 43718, -479683, 1436 
1719478605626.00, 43687, -478737, 1407 
1719478605647.00, 43517, -477784, 1421 
1719478605670.00, 43509, -476835, 1438 
1719478605691.00, 43776, -475887, 1423 
1719478605713.00, 43856, -474930, 1430 
1719478605735.00, 43684, -473983, 1426 
1719478605756.00, 43524, -473031, 1434 
1719478605778.00, 43588, -472084, 1432 
1719478605800.00, 43641, -471138, 1430 
1719478605822.00, 43670, -470188, 1439 
1719478605843.00, 43662, -469242, 1413 
1719478605865.00, 43786, -468288, 1411 
1719478605887.00, 43713, -467340, 1418 
1719478605909.00, 43496, -466383, 1429 
1719478605930.00, 43453, -465432, 1407 
1719478605952.00, 43690, -464485, 1423 
1719478605973.00, 43678, -463537, 1407 
1719478605995.00, 43639, -462588, 1402 
1719478606016.00, 43375, -461644, 1390 
1719478606042.00, 43407, -460697, 1365 
1719478606061.00, 43592, -459754, 1332 
1719478606082.00, 43676, -458806, 1320 
1719478606104.00, 43420, -457856, 1340 
1719478606126.00, 43668, -456906, 1301 
1719478606147.00, 43727, -455958, 1335 
1719478606169.00, 43486, -455007, 1323 
1719478606191.00, 43569, -454063, 1317 
1719478606213.00, 43851, -453117, 1302 
1719478606234.00, 43759, -452165, 1334 
1719478606256.00, 43549, -451213, 1311 
1719478606278.00, 43358, -450259, 1304 
1719478606299.00, 43705, -449312, 1301 
1719478606321.00, 43617, -448365, 1290 
1719478606343.00, 43755, -447418, 1284 
1719478606364.00, 43634, -446474, 1270 
1719478606386.00, 43799, -445522, 1240 
1719478606408.00, 43605, -444575, 1278 
1719478606430.00, 43467, -443623, 1273 
1719478606451.00, 43641, -442675, 1259 
1719478606473.00, 43970, -441726, 1234 
1719478606495.00, 43598, -440777, 1257 
1719478606516.00, 43572, -439833, 1226 
1719478606538.00, 43645, -438878, 1221 
1719478606560.00, 43739, -437933, 1239 
1719478606585.00, 43841, -436982, 1260 
1719478606606.00, 43723, -436032, 1261 
1719478606625.00, 43506, -435080, 1285 
1719478606647.00, 43667, -434128, 1307 
1719478606669.00, 43671, -433179, 1296 
1719478606693.00, 43531, -432227, 1312 
1719478606712.00, 24702, -431283, 1304 
1719478606734.00, 13795, -430718, 1325 
1719478606756.00, 7051, -430410, 1343 
1719478606777.00, 3032, -430250, 1355 
1719478606799.00, 625, -430183, 1332 
1719478606820.00, -60, -430167, 1295 
1719478606842.00, -334, -430167, 1290 
1719478606863.00, -685, -430171, 1276 
1719478606885.00, -1272, -430181, 1230 
1719478606906.00, -1889, -430205, 1188 
1719478606928.00, -2393, -430249, 1033 
1719478606949.00, -2626, -430308, 851 
1719478606971.00, -3093, -430374, 700 
1719478606992.00, -3152, -430452, 456 
1719478607017.00, -2992, -430527, 281 
1719478607035.00, -2873, -430599, 158 
1719478607056.00, -2628, -430669, 9 
1719478607078.00, -2342, -430741, -93 
1719478607099.00, -7637, -430797, -163 
1719478607125.00, -14953, -430962, -215 
1719478607142.00, -22538, -431285, -268 
1719478607164.00, -30261, -431771, -310 
1719478607186.00, -37228, -432418, -332 
1719478607207.00, -41746, -433218, -409 
1719478607234.00, -43904, -434120, -420 
1719478607251.00, -43468, -435075, -438 
1719478607272.00, -43626, -436020, -482 
1719478607294.00, -43711, -436964, -504 
1719478607315.00, -43808, -437917, -509 
1719478607341.00, -43559, -438870, -564 
1719478607359.00, -43849, -439812, -552 
1719478607380.00, -43734, -440762, -589 
1719478607402.00, -43687, -441717, -616 
1719478607424.00, -43648, -442659, -637 
1719478607450.00, -43829, -443605, -642 
1719478607466.00, -43811, -444562, -658 
1719478607489.00, -43616, -445505, -682 
1719478607510.00, -43794, -446448, -689 
1719478607532.00, -43836, -447397, -710 
1719478607554.00, -43686, -448349, -737 
1719478607576.00, -43741, -449291, -763 
1719478607597.00, -43775, -450240, -768 
1719478607623.00, -43572, -451196, -777 
1719478607640.00, -43685, -452141, -803 
1719478607662.00, -43771, -453089, -789 
1719478607683.00, -43646, -454038, -800 
1719478607704.00, -43536, -454983, -802 
1719478607726.00, -43786, -455923, -788 
1719478607748.00, -43761, -456871, -791 
1719478607770.00, -43595, -457821, -795 
1719478607792.00, -43796, -458765, -779 
1719478607814.00, -43764, -459711, -777 
1719478607834.00, -43695, -460664, -782 
1719478607856.00, -43429, -461609, -788 
1719478607878.00, -43718, -462546, -783 
1719478607900.00, -43611, -463492, -783 
1719478607921.00, -43455, -464446, -786 
1719478607943.00, -43668, -465387, -802 
1719478607964.00, -43789, -466334, -811 
1719478607987.00, -43598, -467291, -800 
1719478608012.00, -43675, -468234, -810 
1719478608030.00, -43632, -469181, -826 
1719478608051.00, -43623, -470127, -820 
1719478608072.00, -43588, -471080, -823 
1719478608094.00, -43780, -472020, -829 
1719478608119.00, -43705, -472966, -837 
1719478608138.00, -43423, -473917, -852 
1719478608160.00, -43688, -474862, -860 
1719478608181.00, -43673, -475807, -849 
1719478608203.00, -43609, -476761, -868 
1719478608224.00, -43683, -477710, -883 
1719478608246.00, -43782, -478651, -871 
1719478608267.00, -43709, -479597, -888 
1719478608289.00, -43591, -480549, -892 
1719478608310.00, -43685, -481490, -878 
1719478608332.00, -43705, -482430, -894 
1719478608354.00, -43560, -483386, -911 
1719478608376.00, -43662, -484335, -887 
1719478608397.00, -43852, -485278, -886 
1719478608419.00, -43382, -486226, -905 
1719478608441.00, -43542, -487179, -887 
1719478608462.00, -43615, -488109, -867 
1719478608484.00, -43731, -489051, -888 
1719478608506.00, -43763, -490000, -894 
1719478608527.00, -43736, -490952, -886 
1719478608551.00, -43486, -491896, -887 
1719478608571.00, -43553, -492847, -897 
1719478608591.00, -43723, -493796, -895 
1719478608614.00, -43591, -494733, -894 
1719478608635.00, -43583, -495677, -900 
1719478608662.00, -43708, -496623, -904 
1719478608679.00, -43518, -497571, -921 
1719478608701.00, -43372, -498515, -916 
1719478608722.00, -43516, -499460, -903 
1719478608744.00, -43708, -500411, -922 
1719478608765.00, -43610, -501353, -943 
1719478608786.00, -43704, -502297, -933 
1719478608809.00, -43658, -503249, -913 
1719478608830.00, -43576, -504196, -939 
1719478608852.00, -43757, -505134, -937 
1719478608875.00, -43632, -506082, -933 
1719478608895.00, -43566, -507031, -950 
1719478608916.00, -43791, -507974, -960 
1719478608939.00, -43775, -508923, -959 
1719478608960.00, -43583, -509879, -973 
1719478608986.00, -43722, -510821, -984 
1719478609004.00, -43748, -511763, -981 
1719478609025.00, -43771, -512710, -985 
1719478609046.00, -43647, -513658, -992 
1719478609068.00, -43559, -514597, -989 
1719478609091.00, -43464, -515543, -970 
1719478609111.00, -43632, -516499, -973 
1719478609133.00, -43726, -517444, -973 
1719478609155.00, -43773, -518385, -956 
1719478609177.00, -43566, -519336, -977 
1719478609201.00, -43645, -520281, -989 
1719478609220.00, -43782, -521220, -982 
1719478609241.00, -43446, -522166, -999 
1719478609263.00, -43631, -523122, -1003 
1719478609284.00, -43728, -524065, -992 
1719478609308.00, -43576, -525009, -987 
1719478609328.00, -43621, -525961, -987 
1719478609350.00, -43721, -526907, -985 
1719478609371.00, -43511, -527845, -963 
1719478609393.00, -43578, -528789, -946 
1719478609415.00, -43766, -529740, -960 
1719478609438.00, -43611, -530677, -934 
1719478609458.00, -43579, -531623, -928 
1719478609479.00, -43704, -532576, -955 
1719478609501.00, -43721, -533523, -936 
1719478609524.00, -43857, -534468, -952 
1719478609544.00, -43750, -535416, -964 
1719478609566.00, -43768, -536368, -959 
1719478609588.00, -43636, -537309, -961 
1719478609609.00, -43679, -538251, -970 
1719478609631.00, -43705, -539204, -958 
1719478609652.00, -43595, -540143, -933 
1719478609674.00, -43730, -541088, -946 
1719478609696.00, -43660, -542042, -945 
1719478609717.00, -43485, -542988, -921 
1719478609739.00, -43523, -543928, -905 
1719478609760.00, -43632, -544870, -936 
1719478609783.00, -43649, -545818, -929 
1719478609804.00, -43687, -546760, -921 
1719478609825.00, -43648, -547702, -933 
1719478609847.00, -43608, -548657, -952 
1719478609868.00, -43554, -549609, -955 
1719478609891.00, -43666, -550552, -947 
1719478609912.00, -43541, -551495, -942 
1719478609933.00, -43699, -552445, -951 
1719478609955.00, -43707, -553384, -928 
1719478609977.00, -43694, -554324, -913 
1719478609999.00, -43618, -555272, -923 
1719478610020.00, -43767, -556226, -935 
1719478610042.00, -43716, -557164, -920 
1719478610063.00, -43495, -558110, -896 
1719478610085.00, -43710, -559061, -900 
1719478610107.00, -43679, -560000, -896 
1719478610128.00, -43532, -560941, -882 
1719478610150.00, -43681, -561892, -867 
1719478610172.00, -43710, -562836, -880 
1719478610193.00, -43594, -563773, -875 
1719478610215.00, -43652, -564724, -862 
1719478610236.00, -43577, -565672, -852 
1719478610258.00, -43492, -566617, -850 
1719478610279.00, -43569, -567559, -860 
1719478610301.00, -43622, -568505, -840 
1719478610323.00, -43638, -569451, -823 
1719478610344.00, -43714, -570392, -837 
1719478610366.00, -43725, -571337, -850 
1719478610388.00, -43605, -572286, -836 
1719478610410.00, -43700, -573228, -810 
1719478610431.00, -43748, -574176, -810 
1719478610453.00, -43605, -575127, -798 
1719478610475.00, -43640, -576070, -752 
1719478610496.00, -43803, -577008, -751 
1719478610524.00, -43538, -577950, -740 
1719478610540.00, -43700, -578893, -703 
1719478610561.00, -43778, -579835, -703 
1719478610583.00, -43522, -580781, -704 
1719478610604.00, -43691, -581731, -687 
1719478610629.00, -43832, -582681, -684 
1719478610648.00, -43588, -583621, -699 
1719478610669.00, -43591, -584567, -684 
1719478610691.00, -43741, -585514, -656 
1719478610712.00, -43610, -586452, -660 
1719478610740.00, -43648, -587397, -645 
1719478610756.00, -43688, -588345, -625 
1719478610777.00, -43598, -589287, -609 
1719478610799.00, -43656, -590230, -607 
1719478610821.00, -43692, -591174, -588 
1719478610842.00, -43673, -592121, -569 
1719478610864.00, -43590, -593064, -556 
1719478610886.00, -24998, -594005, -531 
1719478610907.00, -13738, -594572, -525 
1719478610929.00, -7073, -594883, -543 
1719478610952.00, -2967, -595045, -526 
1719478610972.00, -460, -595116, -532 
1719478610993.00, 82, -595128, -456 
1719478611015.00, 903, -595124, -346 
1719478611036.00, 1681, -595109, -326 
1719478611058.00, 2229, -595070, -219 
1719478611079.00, 2420, -595010, -51 
1719478611100.00, 2511, -594951, 39 
1719478611123.00, 4600, -594894, 82 
1719478611144.00, 8504, -594790, 136 
1719478611168.00, 14073, -594600, 189 
1719478611187.00, 20634, -594299, 237 
1719478611209.00, 27179, -593852, 278 
1719478611230.00, 33347, -593268, 312 
1719478611252.00, 39646, -592551, 307 
1719478611274.00, 42750, -591692, 477 
1719478611295.00, 43786, -590766, 439 
1719478611317.00, 43942, -589817, 503 
1719478611338.00, 43672, -588868, 556 
1719478611360.00, 43770, -587916, 581 
1719478611384.00, 43663, -586963, 617 
1719478611404.00, 43781, -586016, 651 
1719478611425.00, 43754, -585068, 689 
1719478611446.00, 43780, -584117, 730 
1719478611469.00, 43728, -583171, 768 
1719478611493.00, 43610, -582224, 811 
1719478611512.00, 43838, -581270, 833 
1719478611533.00, 43711, -580318, 856 
1719478611555.00, 43643, -579371, 883 
1719478611577.00, 43743, -578426, 890 
1719478611599.00, 43697, -577477, 910 
1719478611620.00, 43609, -576536, 915 
1719478611642.00, 43670, -575596, 921 
1719478611663.00, 43754, -574642, 928 
1719478611685.00, 43737, -573694, 936 
1719478611707.00, 43603, -572746, 936 
1719478611728.00, 43664, -571796, 948 
1719478611750.00, 43690, -570851, 940 
1719478611772.00, 43634, -569908, 947 
1719478611793.00, 43594, -568965, 951 
1719478611815.00, 43747, -568017, 949 
1719478611837.00, 43721, -567063, 959 
1719478611858.00, 43562, -566122, 975 
1719478611879.00, 43848, -565169, 988 
1719478611902.00, 43657, -564218, 1006 
1719478611923.00, 43583, -563270, 1013 
1719478611945.00, 43604, -562322, 1019 
1719478611967.00, 43756, -561368, 1022 
1719478611988.00, 43604, -560418, 1037 
1719478612010.00, 43719, -559471, 1038 
1719478612031.00, 43617, -558521, 1038 
1719478612060.00, 43762, -557567, 1048 
1719478612075.00, 43734, -556620, 1068 
1719478612097.00, 43749, -555669, 1066 
1719478612119.00, 43569, -554715, 1070 
1719478612140.00, 43636, -553763, 1086 
1719478612164.00, 43796, -552820, 1101 
1719478612184.00, 43739, -551868, 1086 
1719478612205.00, 43635, -550914, 1108 
1719478612228.00, 43595, -549966, 1114 
1719478612249.00, 43630, -549012, 1122 
1719478612273.00, 43696, -548058, 1133 
1719478612292.00, 43767, -547104, 1137 
1719478612314.00, 43507, -546157, 1127 
1719478612336.00, 43636, -545205, 1133 
1719478612357.00, 43678, -544257, 1138 
1719478612379.00, 43585, -543311, 1136 
1719478612401.00, 43579, -542357, 1143 
1719478612423.00, 43654, -541403, 1149 
1719478612445.00, 43684, -540454, 1159 
1719478612465.00, 43618, -539505, 1158 
1719478612488.00, 43546, -538552, 1146 
1719478612510.00, 43559, -537603, 1135 
1719478612531.00, 43848, -536659, 1150 
1719478612553.00, 43997, -535708, 1171 
1719478612574.00, 43487, -534756, 1187 
1719478612598.00, 43568, -533805, 1165 
1719478612618.00, 43623, -532856, 1182 
1719478612640.00, 43654, -531904, 1177 
1719478612662.00, 43777, -530957, 1137 
1719478612683.00, 43722, -530007, 1186 
1719478612705.00, 43739, -529054, 1180 
1719478612727.00, 43852, -528104, 1166 
1719478612749.00, 43500, -527153, 1199 
1719478612771.00, 43411, -526206, 1205 
1719478612792.00, 43755, -525255, 1195 
1719478612814.00, 43750, -524310, 1207 
1719478612837.00, 43609, -523356, 1209 
1719478612857.00, 43468, -522407, 1233 
1719478612879.00, 43530, -521452, 1213 
1719478612901.00, 43727, -520505, 1220 
1719478612923.00, 43672, -519562, 1238 
1719478612944.00, 43453, -518611, 1220 
1719478612966.00, 43572, -517659, 1238 
1719478612987.00, 43628, -516713, 1238 
1719478613010.00, 43589, -515757, 1248 
1719478613031.00, 43631, -514802, 1261 
1719478613053.00, 43751, -513855, 1243 
1719478613074.00, 43686, -512906, 1264 
1719478613096.00, 43658, -511960, 1252 
1719478613118.00, 43493, -511007, 1266 
1719478613140.00, 43274, -510062, 1273 
1719478613161.00, 43566, -509108, 1287 
1719478613183.00, 43710, -508160, 1291 
1719478613205.00, 43684, -507211, 1296 
1719478613226.00, 43485, -506259, 1319 
1719478613248.00, 43658, -505306, 1302 
1719478613271.00, 43785, -504360, 1326 
1719478613292.00, 43631, -503412, 1343 
1719478613314.00, 43467, -502459, 1325 
1719478613335.00, 43616, -501512, 1330 
1719478613357.00, 43564, -500562, 1324 
1719478613379.00, 43419, -499612, 1322 
1719478613401.00, 43490, -498660, 1307 
1719478613422.00, 43822, -497716, 1303 
1719478613444.00, 43810, -496766, 1309 
1719478613466.00, 43479, -495813, 1307 
1719478613487.00, 43715, -494867, 1295 
1719478613509.00, 43780, -493922, 1297 
1719478613531.00, 43778, -492971, 1320 
1719478613552.00, 43786, -492022, 1312 
1719478613574.00, 43777, -491065, 1336 
1719478613596.00, 43649, -490113, 1349 
1719478613618.00, 43596, -489162, 1337 
1719478613640.00, 43576, -488212, 1345 
1719478613662.00, 43312, -487269, 1343 
1719478613684.00, 43659, -486321, 1320 
1719478613705.00, 43637, -485376, 1324 
1719478613726.00, 43594, -484421, 1326 
1719478613749.00, 43589, -483471, 1305 
1719478613770.00, 43601, -482517, 1310 
1719478613792.00, 43824, -481568, 1306 
1719478613814.00, 43838, -480622, 1309 
1719478613835.00, 43575, -479672, 1322 
1719478613857.00, 43668, -478725, 1316 
1719478613878.00, 43682, -477773, 1318 
1719478613901.00, 43611, -476824, 1330 
1719478613921.00, 43623, -475875, 1296 
1719478613944.00, 43789, -474920, 1307 
1719478613965.00, 43616, -473972, 1297 
1719478613987.00, 43705, -473024, 1285 
1719478614009.00, 43476, -472076, 1280 
1719478614031.00, 43496, -471128, 1282 
1719478614053.00, 43773, -470180, 1287 
1719478614074.00, 43712, -469233, 1292 
1719478614096.00, 43654, -468278, 1281 
1719478614118.00, 43532, -467334, 1274 
1719478614139.00, 43597, -466377, 1284 
1719478614161.00, 43690, -465425, 1279 
1719478614182.00, 43721, -464477, 1280 
1719478614205.00, 43606, -463527, 1238 
1719478614226.00, 43828, -462581, 1244 
1719478614248.00, 43569, -461631, 1244 
1719478614270.00, 43517, -460687, 1247 
1719478614291.00, 43607, -459738, 1221 
1719478614313.00, 43885, -458787, 1231 
1719478614340.00, 43613, -457834, 1242 
1719478614357.00, 43558, -456888, 1208 
1719478614378.00, 43390, -455939, 1192 
1719478614400.00, 43630, -454990, 1210 
1719478614422.00, 43670, -454046, 1195 
1719478614443.00, 43632, -453100, 1195 
1719478614465.00, 43499, -452147, 1176 
1719478614487.00, 43611, -451196, 1170 
1719478614509.00, 43485, -450243, 1172 
1719478614529.00, 43596, -449293, 1162 
1719478614552.00, 43574, -448348, 1154 
1719478614574.00, 43767, -447401, 1153 
1719478614596.00, 43703, -446455, 1143 
1719478614617.00, 43653, -445500, 1155 
1719478614639.00, 43521, -444556, 1153 
1719478614661.00, 43591, -443604, 1126 
1719478614683.00, 43812, -442656, 1122 
1719478614704.00, 43799, -441704, 1108 
1719478614726.00, 43451, -440756, 1114 
1719478614747.00, 43655, -439807, 1082 
1719478614769.00, 43696, -438858, 1068 
1719478614791.00, 43561, -437915, 1048 
1719478614813.00, 43787, -436964, 1003 
1719478614835.00, 43700, -436016, 1034 
1719478614856.00, 43735, -435065, 1022 
1719478614878.00, 43660, -434115, 1016 
1719478614900.00, 43526, -433164, 994 
1719478614921.00, 43738, -432218, 976 
1719478614943.00, 24953, -431278, 960 
1719478614964.00, 13728, -430713, 943 
1719478614986.00, 7067, -430402, 979 
1719478615007.00, 2999, -430242, 957 
1719478615029.00, 551, -430175, 921 
1719478615050.00, -11, -430161, 849 
1719478615072.00, -454, -430161, 811 
1719478615092.00, -1355, -430169, 759 
1719478615115.00, -2198, -430200, 633 
1719478615136.00, -2596, -430254, 421 
1719478615158.00, -2756, -430321, 210 
1719478615179.00, -2773, -430385, 82 
1719478615200.00, -2624, -430452, -23 
1719478615222.00, -3890, -430524, -131 
1719478615243.00, -11174, -430614, -209 
1719478615265.00, -20218, -430845, -276 
1719478615286.00, -29292, -431273, -313 
1719478615308.00, -36792, -431897, -293 
1719478615330.00, -40102, -432699, -459 
1719478615352.00, -43206, -433565, -414 
1719478615373.00, -43749, -434506, -445 
1719478615395.00, -43801, -435459, -474 
1719478615417.00, -43899, -436402, -481 
1719478615438.00, -43601, -437350, -505 
1719478615460.00, -43659, -438304, -522 
1719478615482.00, -43701, -439247, -539 
1719478615503.00, -43688, -440195, -592 
1719478615525.00, -43559, -441153, -605 
1719478615547.00, -43850, -442096, -625 
1719478615567.00, -43768, -443042, -651 
1719478615590.00, -43510, -443992, -673 
1719478615611.00, -43731, -444946, -687 
1719478615633.00, -43749, -445887, -706 
1719478615655.00, -43603, -446833, -721 
1719478615676.00, -43650, -447781, -728 
1719478615698.00, -43794, -448723, -744 
1719478615719.00, -43680, -449668, -738 
1719478615741.00, -43633, -450618, -739 
1719478615764.00, -43718, -451572, -754 
1719478615785.00, -43750, -452514, -751 
1719478615806.00, -43525, -453460, -741 
1719478615828.00, -43557, -454411, -739 
1719478615849.00, -43642, -455348, -731 
1719478615875.00, -43718, -456288, -737 
1719478615892.00, -43742, -457238, -750 
1719478615914.00, -43720, -458187, -754 
1719478615935.00, -43568, -459129, -735 
1719478615958.00, -43701, -460078, -753 
1719478615979.00, -43657, -461032, -757 
1719478616001.00, -43516, -461968, -754 
1719478616022.00, -43471, -462912, -745 
1719478616043.00, -43457, -463858, -758 
1719478616066.00, -43428, -464804, -760 
1719478616087.00, -43700, -465739, -747 
1719478616109.00, -43625, -466687, -745 
1719478616131.00, -43573, -467639, -743 
1719478616152.00, -43635, -468580, -725 
1719478616174.00, -43561, -469519, -672 
1719478616198.00, -43550, -470471, -681 
1719478616217.00, -43748, -471417, -680 
1719478616239.00, -43683, -472354, -658 
1719478616260.00, -43583, -473302, -655 
1719478616282.00, -43629, -474252, -679 
1719478616305.00, -43748, -475191, -678 
1719478616325.00, -43798, -476136, -675 
1719478616347.00, -43643, -477095, -704 
1719478616368.00, -43803, -478040, -717 
1719478616389.00, -43864, -478984, -731 
1719478616412.00, -43662, -479932, -762 
1719478616433.00, -43664, -480879, -766 
1719478616455.00, -43754, -481816, -772 
1719478616476.00, -43617, -482765, -788 
1719478616498.00, -43675, -483719, -784 
1719478616520.00, -43676, -484670, -778 
1719478616541.00, -43512, -485613, -776 
1719478616563.00, -43681, -486561, -800 
1719478616585.00, -43813, -487504, -796 
1719478616606.00, -43675, -488445, -807 
1719478616628.00, -43685, -489392, -819 
1719478616649.00, -43799, -490347, -825 
1719478616671.00, -43718, -491293, -828 
1719478616693.00, -43790, -492238, -845 
1719478616714.00, -43840, -493191, -873 
1719478616737.00, -43822, -494139, -862 
1719478616758.00, -43577, -495077, -867 
1719478616779.00, -43479, -496025, -886 
1719478616801.00, -43580, -496977, -886 
1719478616823.00, -43514, -497913, -875 
1719478616844.00, -43516, -498856, -883 
1719478616866.00, -43595, -499809, -878 
1719478616888.00, -43550, -500753, -860 
1719478616909.00, -43671, -501698, -860 
1719478616932.00, -43739, -502643, -858 
1719478616953.00, -43634, -503597, -850 
1719478616974.00, -43708, -504537, -868 
1719478616995.00, -43782, -505479, -854 
1719478617018.00, -43525, -506428, -862 
1719478617038.00, -43516, -507377, -874 
1719478617061.00, -43710, -508320, -855 
1719478617082.00, -43717, -509264, -853 
1719478617103.00, -43647, -510219, -873 
1719478617125.00, -43777, -511160, -869 
1719478617147.00, -43716, -512105, -857 
1719478617169.00, -43446, -513053, -878 
1719478617191.00, -43534, -513996, -877 
1719478617212.00, -43473, -514933, -847 
1719478617234.00, -43377, -515884, -876 
1719478617256.00, -43614, -516840, -872 
1719478617277.00, -43594, -517777, -850 
1719478617299.00, -43559, -518722, -839 
1719478617320.00, -43713, -519670, -850 
1719478617341.00, -43726, -520611, -838 
1719478617364.00, -43468, -521551, -828 
1719478617385.00, -43605, -522502, -840 
1719478617407.00, -43832, -523451, -844 
1719478617429.00, -43506, -524393, -843 
1719478617450.00, -43597, -525341, -839 
1719478617472.00, -43774, -526289, -838 
1719478617494.00, -43645, -527232, -842 
1719478617515.00, -43664, -528174, -829 
1719478617536.00, -43709, -529123, -827 
1719478617558.00, -43600, -530073, -842 
1719478617580.00, -43742, -531013, -823 
1719478617602.00, -43717, -531957, -820 
1719478617623.00, -43546, -532911, -797 
1719478617645.00, -43618, -533857, -807 
1719478617667.00, -43726, -534798, -771 
1719478617688.00, -43627, -535750, -790 
1719478617710.00, -43551, -536696, -792 
1719478617732.00, -43678, -537635, -765 
1719478617754.00, -43759, -538578, -739 
1719478617775.00, -43639, -539527, -768 
1719478617797.00, -43676, -540471, -750 
1719478617818.00, -43638, -541416, -728 
1719478617840.00, -43594, -542368, -738 
1719478617862.00, -43727, -543316, -748 
1719478617883.00, -43736, -544256, -751 
1719478617905.00, -43548, -545197, -731 
1719478617926.00, -43652, -546152, -752 
1719478617950.00, -43694, -547091, -750 
1719478617969.00, -43621, -548036, -735 
1719478617991.00, -43630, -548992, -745 
1719478618012.00, -43741, -549938, -765 
1719478618035.00, -43805, -550885, -771 
1719478618056.00, -43651, -551833, -767 
1719478618078.00, -43862, -552782, -784 
1719478618099.00, -43615, -553724, -798 
1719478618121.00, -43619, -554667, -783 
1719478618143.00, -43756, -555616, -782 
1719478618170.00, -43838, -556560, -756 
1719478618186.00, -43436, -557505, -766 
1719478618207.00, -43579, -558453, -742 
1719478618229.00, -43693, -559396, -715 
1719478618251.00, -43722, -560337, -741 
1719478618276.00, -43736, -561283, -734 
1719478618294.00, -43786, -562235, -737 
1719478618316.00, -43594, -563178, -748 
1719478618337.00, -43716, -564122, -754 
1719478618359.00, -43685, -565070, -743 
1719478618380.00, -43715, -566020, -731 
1719478618402.00, -43650, -566965, -749 
1719478618424.00, -43819, -567915, -766 
1719478618446.00, -43575, -568861, -769 
1719478618467.00, -43391, -569807, -761 
1719478618489.00, -43515, -570747, -771 
1719478618510.00, -43695, -571688, -764 
1719478618532.00, -43574, -572633, -744 
1719478618554.00, -43680, -573580, -763 
1719478618575.00, -43759, -574532, -759 
1719478618597.00, -43745, -575482, -743 
1719478618618.00, -43866, -576423, -750 
1719478618641.00, -43689, -577363, -734 
1719478618661.00, -43551, -578311, -733 
1719478618683.00, -43673, -579256, -733 
1719478618705.00, -43778, -580198, -703 
1719478618727.00, -43570, -581144, -690 
1719478618749.00, -43671, -582094, -670 
1719478618770.00, -43696, -583036, -644 
1719478618791.00, -43811, -583977, -632 
1719478618813.00, -43595, -584924, -627 
1719478618837.00, -43610, -585869, -609 
1719478618857.00, -43700, -586812, -607 
1719478618878.00, -43741, -587757, -606 
1719478618900.00, -43749, -588705, -598 
1719478618921.00, -43760, -589648, -575 
1719478618947.00, -43430, -590591, -559 
1719478618965.00, -43544, -591538, -549 
1719478618987.00, -43642, -592479, -515 
1719478619008.00, -43564, -593423, -494 
1719478619030.00, -24765, -594364, -485 
1719478619052.00, -13572, -594927, -478 
1719478619073.00, -7029, -595235, -455 
1719478619095.00, -2982, -595393, -455 
1719478619116.00, -490, -595464, -456 
1719478619138.00, 102, -595475, -385 
1719478619163.00, 916, -595470, -269 
1719478619181.00, 1526, -595453, -233 
1719478619203.00, 2082, -595417, -165 
1719478619224.00, 2297, -595365, -51 
1719478619245.00, 2459, -595309, 53 
1719478619271.00, 5692, -595250, 135 
1719478619288.00, 12437, -595124, 194 
1719478619310.00, 20131, -594859, 219 
1719478619332.00, 26163, -594431, 262 
1719478619353.00, 32262, -593871, 295 
1719478619376.00, 37791, -593181, 312 
1719478619397.00, 41802, -592375, 320 
1719478619419.00, 43982, -591473, 329 
1719478619440.00, 43721, -590517, 324 
1719478619461.00, 43550, -589568, 420 
1719478619486.00, 43503, -588625, 420 
1719478619505.00, 43846, -587670, 430 
1719478619527.00, 43626, -586719, 486 
1719478619549.00, 43724, -585778, 491 
1719478619570.00, 43709, -584830, 501 
1719478619594.00, 43649, -583882, 527 
1719478619613.00, 43574, -582939, 545 
1719478619634.00, 43696, -581991, 547 
1719478619656.00, 43818, -581039, 565 
1719478619678.00, 43766, -580084, 585 
1719478619705.00, 43757, -579140, 608 
1719478619721.00, 43747, -578195, 609 
1719478619743.00, 43700, -577247, 633 
1719478619765.00, 43572, -576305, 657 
1719478619786.00, 43829, -575361, 640 
1719478619810.00, 43912, -574412, 646 
1719478619830.00, 43632, -573459, 650 
1719478619851.00, 43526, -572515, 654 
1719478619873.00, 43732, -571568, 648 
1719478619894.00, 43711, -570620, 657 
1719478619921.00, 43714, -569682, 647 
1719478619938.00, 43894, -568734, 659 
1719478619959.00, 43654, -567787, 667 
1719478619981.00, 43553, -566838, 652 
1719478620003.00, 43791, -565894, 649 
1719478620026.00, 43539, -564945, 657 
1719478620046.00, 43444, -563994, 654 
1719478620067.00, 43922, -563049, 670 
1719478620089.00, 43661, -562106, 688 
1719478620111.00, 43568, -561156, 694 
1719478620134.00, 43625, -560210, 705 
1719478620154.00, 43705, -559272, 693 
1719478620175.00, 43644, -558319, 714 
1719478620197.00, 43633, -557371, 712 
1719478620219.00, 43743, -556428, 699 
1719478620241.00, 43815, -555479, 695 
1719478620262.00, 43549, -554532, 693 
1719478620283.00, 43734, -553585, 702 
1719478620306.00, 43767, -552646, 686 
1719478620327.00, 43595, -551695, 702 
1719478620349.00, 43596, -550751, 703 
1719478620370.00, 43665, -549805, 690 
1719478620392.00, 43645, -548857, 703 
1719478620413.00, 43556, -547904, 720 
1719478620435.00, 43756, -546955, 720 
1719478620457.00, 43763, -546011, 718 
1719478620479.00, 43538, -545063, 711 
1719478620500.00, 43758, -544120, 724 
1719478620522.00, 43749, -543177, 725 
1719478620544.00, 43674, -542227, 716 
1719478620565.00, 43743, -541276, 729 
1719478620586.00, 43791, -540329, 726 
1719478620608.00, 43550, -539383, 718 
1719478620630.00, 43605, -538435, 735 
1719478620652.00, 43768, -537493, 698 
1719478620673.00, 43518, -536552, 705 
1719478620695.00, 43679, -535602, 711 
1719478620716.00, 43893, -534654, 707 
1719478620738.00, 43618, -533704, 735 
1719478620760.00, 43673, -532760, 729 
1719478620781.00, 43774, -531807, 743 
1719478620803.00, 43680, -530855, 779 
1719478620825.00, 43599, -529917, 786 
1719478620847.00, 43498, -528967, 774 
1719478620868.00, 43577, -528021, 768 
1719478620890.00, 43669, -527082, 765 
1719478620911.00, 43626, -526139, 763 
1719478620933.00, 43654, -525190, 770 
1719478620955.00, 43741, -524240, 758 
1719478620976.00, 43624, -523297, 764 
1719478620997.00, 43800, -522349, 759 
1719478621019.00, 43646, -521400, 761 
1719478621041.00, 43588, -520452, 771 
1719478621063.00, 43838, -519515, 783 
1719478621085.00, 43718, -518563, 796 
1719478621106.00, 43523, -517617, 801 
1719478621129.00, 43733, -516672, 797 
1719478621149.00, 43731, -515721, 790 
1719478621171.00, 43636, -514769, 806 
1719478621193.00, 43665, -513826, 805 
1719478621214.00, 43692, -512883, 797 
1719478621239.00, 43619, -511936, 825 
1719478621258.00, 43628, -510992, 813 
1719478621279.00, 43683, -510048, 813 
1719478621300.00, 43658, -509097, 818 
1719478621323.00, 43572, -508149, 823 
1719478621344.00, 43801, -507203, 812 
1719478621365.00, 43703, -506256, 840 
1719478621388.00, 43559, -505308, 842 
1719478621409.00, 43653, -504363, 847 
1719478621431.00, 43719, -503424, 853 
1719478621452.00, 43482, -502472, 832 
1719478621474.00, 43660, -501527, 846 
1719478621496.00, 43706, -500579, 852 
1719478621517.00, 43659, -499632, 844 
1719478621539.00, 43817, -498685, 848 
1719478621564.00, 43789, -497734, 876 
1719478621582.00, 43702, -496791, 881 
1719478621603.00, 43592, -495839, 901 
1719478621625.00, 43824, -494893, 902 
1719478621647.00, 43665, -493953, 888 
1719478621675.00, 43535, -493012, 880 
1719478621690.00, 43735, -492060, 887 
1719478621712.00, 43688, -491110, 896 
1719478621734.00, 43699, -490166, 883 
1719478621755.00, 43661, -489214, 897 
1719478621777.00, 43691, -488272, 880 
1719478621799.00, 43706, -487327, 898 
1719478621820.00, 43742, -486384, 901 
1719478621842.00, 43765, -485437, 904 
1719478621863.00, 43738, -484489, 905 
1719478621885.00, 43582, -483538, 922 
1719478621906.00, 43673, -482586, 925 
1719478621929.00, 43875, -481638, 937 
1719478621950.00, 43417, -480698, 947 
1719478621972.00, 43427, -479753, 950 
1719478621993.00, 43659, -478809, 939 
1719478622015.00, 43619, -477866, 959 
1719478622037.00, 43503, -476919, 975 
1719478622058.00, 43583, -475971, 968 
1719478622080.00, 43597, -475023, 974 
1719478622107.00, 43649, -474081, 974 
1719478622124.00, 43702, -473130, 981 
1719478622145.00, 43732, -472188, 979 
1719478622166.00, 43544, -471241, 989 
1719478622187.00, 43577, -470296, 982 
1719478622210.00, 43700, -469350, 1000 
1719478622231.00, 43580, -468399, 994 
1719478622253.00, 43700, -467454, 994 
1719478622275.00, 43741, -466505, 994 
1719478622296.00, 43486, -465556, 991 
1719478622318.00, 43680, -464609, 972 
1719478622339.00, 43827, -463665, 973 
1719478622361.00, 43591, -462718, 1002 
1719478622383.00, 43671, -461767, 1016 
1719478622405.00, 43684, -460823, 1012 
1719478622427.00, 43669, -459873, 1019 
1719478622448.00, 43748, -458921, 1031 
1719478622470.00, 43691, -457967, 1033 
1719478622492.00, 43747, -457017, 1038 
1719478622514.00, 43792, -456070, 1035 
1719478622535.00, 43522, -455117, 1044 
1719478622557.00, 43391, -454174, 1044 
1719478622578.00, 43621, -453226, 1033 
1719478622600.00, 43758, -452276, 1044 
1719478622622.00, 43649, -451322, 1048 
1719478622644.00, 43604, -450369, 1039 
1719478622665.00, 43499, -449418, 1026 
1719478622687.00, 43648, -448469, 1034 
1719478622709.00, 43672, -447522, 1038 
1719478622731.00, 43693, -446575, 1045 
1719478622752.00, 43488, -445625, 1044 
1719478622774.00, 43627, -444678, 1051 
1719478622796.00, 43603, -443723, 1056 
1719478622818.00, 43592, -442775, 1067 
1719478622839.00, 43601, -441827, 1062 
1719478622861.00, 43711, -440877, 1034 
1719478622882.00, 43722, -439926, 1067 
1719478622905.00, 43610, -438978, 1032 
1719478622926.00, 43454, -438030, 1041 
1719478622947.00, 43644, -437077, 1051 
1719478622969.00, 43827, -436132, 1032 
1719478622991.00, 43488, -435182, 1050 
1719478623013.00, 43520, -434235, 1010 
1719478623035.00, 43574, -433284, 1029 
1719478623056.00, 43712, -432336, 1000 
1719478623078.00, 24908, -431391, 1010 
1719478623100.00, 13533, -430824, 1000 
1719478623122.00, 6893, -430512, 1024 
1719478623143.00, 2897, -430355, 1035 
1719478623164.00, 549, -430289, 994 
1719478623186.00, -35, -430274, 980 
1719478623207.00, -451, -430275, 930 
1719478623228.00, -1288, -430284, 827 
1719478623250.00, -2088, -430310, 721 
1719478623272.00, -2686, -430360, 563 
1719478623293.00, -2801, -430424, 382 
1719478623314.00, -2676, -430490, 236 
1719478623336.00, -2731, -430555, 125 
1719478623358.00, -2552, -430621, 22 
1719478623379.00, -2234, -430688, -63 
1719478623400.00, -5863, -430746, -145 
1719478623423.00, -12956, -430873, -203 
1719478623444.00, -20910, -431152, -258 
1719478623465.00, -28776, -431596, -296 
1719478623487.00, -35498, -432211, -324 
1719478623509.00, -40661, -432974, -401 
1719478623531.00, -43639, -433850, -407 
1719478623552.00, -43838, -434799, -418 
1719478623573.00, -43715, -435744, -450 
1719478623595.00, -43727, -436689, -462 
1719478623617.00, -43622, -437642, -478 
1719478623638.00, -43782, -438591, -482 
1719478623660.00, -43830, -439533, -495 
1719478623682.00, -43616, -440483, -512 
1719478623703.00, -43770, -441434, -515 
1719478623725.00, -43682, -442379, -573 
1719478623748.00, -43703, -443324, -555 
1719478623768.00, -43797, -444279, -585 
1719478623790.00, -43819, -445227, -594 
1719478623812.00, -43584, -446165, -606 
1719478623833.00, -43536, -447114, -619 
1719478623859.00, -43642, -448062, -626 
1719478623877.00, -43593, -448997, -636 
1719478623898.00, -43468, -449949, -646 
1719478623920.00, -43672, -450900, -657 
1719478623941.00, -43635, -451844, -654 
1719478623967.00, -43712, -452790, -654 
1719478623984.00, -43625, -453739, -666 
1719478624006.00, -43692, -454685, -660 
1719478624028.00, -43588, -455624, -659 
1719478624050.00, -43714, -456570, -671 
1719478624075.00, -43785, -457518, -665 
1719478624093.00, -43662, -458464, -661 
1719478624114.00, -43790, -459408, -658 
1719478624136.00, -43753, -460359, -667 
1719478624158.00, -43543, -461306, -662 
1719478624184.00, -43746, -462246, -661 
1719478624201.00, -43776, -463186, -659 
1719478624222.00, -43515, -464139, -652 
1719478624244.00, -43761, -465085, -663 
1719478624266.00, -43838, -466025, -655 
1719478624287.00, -43519, -466978, -662 
1719478624309.00, -43710, -467925, -653 
1719478624331.00, -43760, -468864, -645 
1719478624352.00, -43634, -469811, -661 
1719478624374.00, -43710, -470765, -647 
1719478624396.00, -43722, -471703, -638 
1719478624417.00, -43668, -472647, -646 
1719478624439.00, -43580, -473593, -662 
1719478624461.00, -43709, -474541, -650 
1719478624482.00, -43724, -475484, -652 
1719478624503.00, -43627, -476433, -677 
1719478624525.00, -43722, -477390, -683 
1719478624547.00, -43655, -478331, -679 
1719478624569.00, -43690, -479275, -688 
1719478624590.00, -43836, -480225, -722 
1719478624611.00, -43765, -481167, -705 
1719478624633.00, -43536, -482107, -710 
1719478624655.00, -43452, -483062, -720 
1719478624676.00, -43643, -484012, -715 
1719478624698.00, -43571, -484951, -692 
1719478624720.00, -43613, -485900, -707 
1719478624742.00, -43609, -486849, -710 
1719478624763.00, -43552, -487788, -698 
1719478624785.00, -43638, -488728, -686 
1719478624807.00, -43800, -489675, -700 
1719478624829.00, -43702, -490626, -700 
1719478624850.00, -43637, -491573, -710 
1719478624872.00, -43810, -492521, -709 
1719478624893.00, -43643, -493474, -723 
1719478624914.00, -43640, -494414, -730 
1719478624937.00, -43627, -495357, -727 
1719478624958.00, -43723, -496304, -737 
1719478624980.00, -43446, -497254, -739 
1719478625001.00, -43723, -498196, -743 
1719478625023.00, -43632, -499140, -737 
1719478625044.00, -43592, -500094, -753 
1719478625066.00, -43658, -501039, -746 
1719478625088.00, -43689, -501986, -752 
1719478625109.00, -43575, -502937, -763 
1719478625131.00, -43696, -503884, -750 
1719478625153.00, -43699, -504824, -742 
1719478625175.00, -43751, -505770, -752 
1719478625197.00, -43571, -506718, -739 
1719478625217.00, -43685, -507662, -738 
1719478625239.00, -43690, -508610, -767 
1719478625261.00, -43501, -509560, -780 
1719478625283.00, -43660, -510508, -780 
1719478625307.00, -43811, -511451, -777 
1719478625326.00, -43617, -512398, -800 
1719478625348.00, -43765, -513342, -800 
1719478625368.00, -43733, -514281, -768 
1719478625391.00, -43576, -515230, -786 
1719478625413.00, -43689, -516185, -797 
1719478625435.00, -43721, -517135, -793 
1719478625456.00, -43673, -518076, -776 
1719478625477.00, -43532, -519025, -789 
1719478625501.00, -43673, -519973, -789 
1719478625521.00, -43732, -520911, -787 
1719478625543.00, -43835, -521855, -769 
1719478625564.00, -43615, -522809, -778 
1719478625585.00, -43700, -523755, -778 
1719478625610.00, -43521, -524698, -769 
1719478625628.00, -43726, -525645, -756 
1719478625651.00, -43842, -526594, -759 
1719478625673.00, -43491, -527534, -762 
1719478625694.00, -43487, -528481, -764 
1719478625717.00, -43634, -529427, -754 
1719478625737.00, -43544, -530370, -753 
1719478625759.00, -43624, -531313, -759 
1719478625780.00, -43645, -532260, -742 
1719478625802.00, -43622, -533209, -725 
1719478625828.00, -43645, -534153, -703 
1719478625846.00, -43728, -535100, -709 
1719478625866.00, -43586, -536048, -683 
1719478625889.00, -43666, -536994, -669 
1719478625910.00, -43814, -537932, -660 
1719478625935.00, -43732, -538880, -666 
1719478625954.00, -43742, -539829, -659 
1719478625975.00, -43760, -540773, -648 
1719478625997.00, -43737, -541719, -653 
1719478626018.00, -43583, -542677, -660 
1719478626042.00, -43725, -543615, -643 
1719478626062.00, -43708, -544557, -615 
1719478626084.00, -43694, -545504, -632 
1719478626105.00, -43656, -546447, -620 
1719478626127.00, -43796, -547389, -601 
1719478626150.00, -43597, -548339, -599 
1719478626170.00, -43596, -549295, -609 
1719478626192.00, -43699, -550237, -590 
1719478626213.00, -43719, -551180, -590 
1719478626235.00, -43551, -552129, -585 
1719478626259.00, -43598, -553076, -591 
1719478626278.00, -43720, -554016, -562 
1719478626300.00, -43502, -554963, -563 
1719478626321.00, -43608, -555912, -552 
1719478626343.00, -43694, -556851, -537 
1719478626366.00, -43591, -557795, -509 
1719478626386.00, -43786, -558746, -502 
1719478626408.00, -43699, -559690, -512 
1719478626429.00, -43399, -560634, -498 
1719478626451.00, -43552, -561579, -487 
1719478626473.00, -43812, -562524, -504 
1719478626494.00, -43783, -563466, -520 
1719478626516.00, -43661, -564410, -521 
1719478626538.00, -43772, -565364, -526 
1719478626560.00, -43645, -566313, -529 
1719478626581.00, -43654, -567259, -546 
1719478626602.00, -43719, -568204, -543 
1719478626625.00, -43866, -569155, -532 
1719478626646.00, -43508, -570097, -532 
1719478626667.00, -43563, -571037, -536 
1719478626689.00, -43558, -571986, -535 
1719478626711.00, -43598, -572929, -512 
1719478626733.00, -43785, -573875, -518 
1719478626754.00, -43832, -574825, -510 
1719478626775.00, -43553, -575771, -489 
1719478626798.00, -43731, -576712, -484 
1719478626818.00, -43617, -577655, -468 
1719478626841.00, -43428, -578600, -473 
1719478626863.00, -43499, -579546, -471 
1719478626884.00, -43681, -580487, -467 
1719478626906.00, -43608, -581438, -481 
1719478626926.00, -43720, -582388, -476 
1719478626948.00, -43665, -583333, -490 
1719478626971.00, -43620, -584275, -496 
1719478626992.00, -43556, -585221, -484 
1719478627013.00, -43659, -586166, -478 
1719478627036.00, -43764, -587105, -459 
1719478627057.00, -43619, -588052, -437 
1719478627079.00, -43604, -589000, -425 
1719478627101.00, -43602, -589943, -409 
1719478627122.00, -43585, -590886, -391 
1719478627143.00, -43822, -591833, -385 
1719478627166.00, -43864, -592773, -379 
1719478627187.00, -25104, -593721, -382 
1719478627209.00, -13615, -594289, -410 
1719478627230.00, -6964, -594606, -435 
1719478627254.00, -2954, -594764, -450 
1719478627273.00, -588, -594834, -460 
1719478627294.00, 56, -594849, -416 
1719478627316.00, 925, -594849, -407 
1719478627338.00, 1673, -594834, -365 
1719478627363.00, 2039, -594798, -267 
1719478627381.00, 2142, -594751, -211 
1719478627403.00, 2156, -594704, -208 
1719478627425.00, 2212, -594654, -162 
1719478627446.00, 2294, -594602, -99 
1719478627468.00, 2255, -594549, -45 
1719478627489.00, 2184, -594497, 9 
1719478627510.00, 2063, -594449, 40 
1719478627532.00, 4431, -594403, 58 
1719478627553.00, 6876, -594310, 70 
1719478627575.00, 9319, -594160, 105 
1719478627597.00, 12589, -593954, 162 
1719478627618.00, 17846, -593685, 156 
1719478627639.00, 20850, -593307, 149 
1719478627661.00, 21925, -592858, 192 
1719478627683.00, 25224, -592385, 225 
1719478627704.00, 29313, -591840, 246 
1719478627726.00, 33047, -591205, 288 
1719478627748.00, 37816, -590492, 323 
1719478627769.00, 41575, -589680, 389 
1719478627791.00, 43977, -588787, 424 
1719478627813.00, 43748, -587834, 435 
1719478627834.00, 43593, -586880, 457 
1719478627856.00, 43659, -585939, 472 
1719478627878.00, 44001, -584995, 474 
1719478627899.00, 43717, -584043, 486 
1719478627921.00, 43490, -583099, 498 
1719478627942.00, 43706, -582155, 501 
1719478627964.00, 43634, -581200, 525 
1719478627985.00, 43432, -580250, 531 
1719478628008.00, 43916, -579306, 535 
1719478628029.00, 43767, -578359, 551 
1719478628050.00, 43613, -577410, 555 
1719478628072.00, 43629, -576467, 569 
1719478628094.00, 43774, -575528, 575 
1719478628116.00, 43776, -574578, 576 
1719478628137.00, 43735, -573623, 579 
1719478628159.00, 43897, -572680, 584 
1719478628181.00, 43633, -571730, 591 
1719478628202.00, 43522, -570783, 593 
1719478628224.00, 43785, -569843, 585 
1719478628245.00, 43740, -568899, 595 
1719478628267.00, 43768, -567949, 595 
1719478628289.00, 43632, -566997, 604 
1719478628310.00, 43666, -566058, 582 
1719478628332.00, 43647, -565107, 597 
1719478628354.00, 43672, -564156, 588 
1719478628375.00, 43745, -563214, 574 
1719478628397.00, 43782, -562272, 561 
1719478628419.00, 43604, -561321, 567 
1719478628440.00, 43717, -560373, 583 
1719478628462.00, 43719, -559432, 571 
1719478628484.00, 43537, -558486, 585 
1719478628505.00, 43600, -557533, 604 
1719478628527.00, 43966, -556589, 609 
1719478628548.00, 43695, -555642, 630 
1719478628570.00, 43508, -554691, 636 
1719478628592.00, 43783, -553746, 638 
1719478628614.00, 43664, -552805, 643 
1719478628634.00, 43545, -551856, 646 
1719478628657.00, 43840, -550908, 651 
1719478628678.00, 43688, -549961, 645 
1719478628700.00, 43674, -549014, 648 
1719478628722.00, 43565, -548063, 651 
1719478628743.00, 43735, -547113, 642 
1719478628764.00, 43554, -546171, 636 
1719478628787.00, 43702, -545223, 643 
1719478628808.00, 43735, -544276, 650 
1719478628833.00, 43659, -543335, 664 
1719478628852.00, 43556, -542388, 661 
1719478628873.00, 43745, -541436, 661 
1719478628895.00, 43691, -540486, 692 
1719478628916.00, 43799, -539542, 706 
1719478628938.00, 43640, -538593, 701 
1719478628959.00, 43752, -537645, 728 
1719478628981.00, 43751, -536702, 737 
1719478629002.00, 43630, -535754, 752 
1719478629025.00, 43822, -534804, 751 
1719478629046.00, 43639, -533858, 747 
1719478629068.00, 43440, -532912, 747 
1719478629089.00, 43779, -531961, 736 
1719478629111.00, 43741, -531011, 768 
1719478629133.00, 43506, -530068, 758 
1719478629154.00, 43704, -529118, 768 
1719478629176.00, 43893, -528172, 783 
1719478629198.00, 43685, -527229, 754 
1719478629219.00, 43760, -526286, 793 
1719478629240.00, 43738, -525336, 812 
1719478629262.00, 43706, -524389, 792 
1719478629284.00, 43605, -523440, 813 
1719478629306.00, 43634, -522490, 854 
1719478629327.00, 43680, -521539, 850 
1719478629348.00, 43734, -520593, 854 
1719478629370.00, 43570, -519652, 859 
1719478629392.00, 43665, -518706, 866 
1719478629414.00, 43638, -517759, 871 
1719478629435.00, 43592, -516815, 861 
1719478629457.00, 43699, -515863, 855 
1719478629478.00, 43657, -514910, 882 
1719478629501.00, 43596, -513967, 881 
1719478629521.00, 43881, -513020, 892 
1719478629544.00, 43719, -512076, 900 
1719478629565.00, 43573, -511133, 897 
1719478629587.00, 43612, -510187, 920 
1719478629609.00, 43757, -509239, 906 
1719478629630.00, 43693, -508292, 893 
1719478629652.00, 43548, -507345, 916 
1719478629673.00, 43691, -506400, 901 
1719478629695.00, 43619, -505451, 891 
1719478629717.00, 43640, -504508, 871 
1719478629738.00, 43643, -503566, 903 
1719478629760.00, 43616, -502613, 904 
1719478629782.00, 43543, -501670, 894 
1719478629804.00, 43764, -500717, 950 
1719478629825.00, 43773, -499774, 950 
1719478629847.00, 43477, -498820, 990 
1719478629872.00, 43622, -497875, 989 
1719478629890.00, 43664, -496930, 1013 
1719478629912.00, 43574, -495977, 1022 
1719478629934.00, 43542, -495030, 1012 
1719478629955.00, 43632, -494085, 1005 
1719478629980.00, 43672, -493136, 1008 
1719478629999.00, 43757, -492185, 996 
1719478630020.00, 43741, -491236, 1001 
1719478630042.00, 43600, -490285, 1024 
1719478630064.00, 43696, -489330, 1002 
1719478630086.00, 43770, -488383, 1025 
1719478630107.00, 43481, -487433, 1027 
1719478630129.00, 43654, -486485, 1027 
1719478630150.00, 43785, -485539, 1050 
1719478630173.00, 43896, -484586, 1009 
1719478630194.00, 43551, -483637, 1015 
1719478630216.00, 43543, -482679, 1009 
1719478630237.00, 43712, -481731, 978 
1719478630259.00, 43633, -480788, 996 
1719478630281.00, 43742, -479841, 1005 
1719478630303.00, 43819, -478893, 1027 
1719478630325.00, 43891, -477941, 1048 
1719478630346.00, 43672, -476991, 1077 
1719478630368.00, 43449, -476035, 1119 
1719478630389.00, 43632, -475083, 1106 
1719478630411.00, 43932, -474137, 1111 
1719478630433.00, 43644, -473185, 1092 
1719478630455.00, 43605, -472241, 1055 
1719478630477.00, 43665, -471291, 1036 
1719478630498.00, 43687, -470346, 1018 
1719478630520.00, 43762, -469394, 1002 
1719478630541.00, 43621, -468441, 1015 
1719478630563.00, 43571, -467493, 1011 
1719478630585.00, 43709, -466540, 1031 
1719478630607.00, 43593, -465588, 1038 
1719478630628.00, 43433, -464638, 1040 
1719478630650.00, 43706, -463686, 1044 
1719478630672.00, 43728, -462745, 998 
1719478630694.00, 43712, -461798, 1003 
1719478630715.00, 43685, -460851, 1010 
1719478630737.00, 43511, -459900, 1001 
1719478630759.00, 43790, -458950, 1010 
1719478630781.00, 43827, -457997, 1018 
1719478630802.00, 43628, -457048, 1031 
1719478630824.00, 43697, -456097, 1029 
1719478630846.00, 43658, -455146, 1030 
1719478630867.00, 43717, -454206, 1008 
1719478630890.00, 43724, -453253, 1011 
1719478630911.00, 43618, -452303, 1005 
1719478630932.00, 43619, -451351, 994 
1719478630954.00, 43737, -450402, 996 
1719478630976.00, 43609, -449454, 976 
1719478630998.00, 43703, -448510, 968 
1719478631019.00, 43758, -447571, 961 
1719478631041.00, 43588, -446622, 962 
1719478631062.00, 43524, -445677, 954 
1719478631088.00, 43591, -444736, 942 
1719478631106.00, 43414, -443787, 937 
1719478631127.00, 43713, -442843, 918 
1719478631149.00, 43718, -441900, 918 
1719478631171.00, 43756, -440956, 925 
1719478631192.00, 43661, -440008, 929 
1719478631214.00, 43772, -439061, 926 
1719478631235.00, 43740, -438117, 916 
1719478631256.00, 43470, -437166, 960 
1719478631279.00, 43699, -436220, 970 
1719478631300.00, 43902, -435278, 955 
1719478631322.00, 43594, -434329, 1002 
1719478631343.00, 43645, -433381, 958 
1719478631365.00, 43656, -432430, 963 
1719478631387.00, 24860, -431493, 949 
1719478631408.00, 13539, -430929, 899 
1719478631430.00, 6967, -430620, 925 
1719478631452.00, 2949, -430462, 928 
1719478631473.00, 640, -430395, 931 
1719478631495.00, 7, -430377, 935 
1719478631521.00, -308, -430374, 1005 
1719478631537.00, -951, -430376, 1021 
1719478631559.00, -1616, -430394, 950 
1719478631580.00, -2063, -430427, 858 
1719478631602.00, -2325, -430477, 740 
1719478631622.00, -2610, -430534, 618 
1719478631644.00, -2754, -430594, 511 
1719478631666.00, -2706, -430660, 362 
1719478631688.00, -2492, -430722, 248 
1719478631709.00, -2300, -430782, 150 
1719478631730.00, -2191, -430837, 68 
1719478631751.00, -2213, -430894, -18 
1719478631774.00, -3215, -430951, -104 
1719478631795.00, -8809, -431024, -155 
1719478631817.00, -15362, -431212, -189 
1719478631841.00, -21370, -431542, -229 
1719478631860.00, -26974, -431995, -256 
1719478631882.00, -32489, -432567, -256 
1719478631903.00, -35459, -433267, -343 
1719478631925.00, -40494, -434026, -314 
1719478631946.00, -43479, -434907, -355 
1719478631968.00, -43744, -435839, -374 
1719478631989.00, -43532, -436783, -407 
1719478632011.00, -43570, -437738, -433 
1719478632032.00, -43825, -438688, -452 
1719478632055.00, -43799, -439634, -454 
1719478632076.00, -43599, -440582, -474 
1719478632098.00, -43634, -441531, -476 
1719478632119.00, -43652, -442474, -483 
1719478632141.00, -43593, -443420, -492 
1719478632162.00, -43737, -444375, -496 
1719478632185.00, -43947, -445320, -502 
1719478632206.00, -43534, -446260, -515 
1719478632227.00, -43660, -447208, -518 
1719478632249.00, -43719, -448156, -533 
1719478632271.00, -43825, -449097, -527 
1719478632293.00, -43622, -450045, -534 
1719478632314.00, -43838, -451000, -540 
1719478632335.00, -43744, -451947, -543 
1719478632357.00, -43603, -452892, -543 
1719478632379.00, -43691, -453840, -558 
1719478632400.00, -43798, -454788, -570 
1719478632422.00, -43676, -455725, -565 
1719478632444.00, -43942, -456672, -572 
1719478632466.00, -43763, -457625, -579 
1719478632487.00, -43593, -458569, -585 
1719478632509.00, -43669, -459515, -584 
1719478632531.00, -43763, -460466, -608 
1719478632552.00, -43674, -461413, -617 
1719478632574.00, -43610, -462351, -622 
1719478632595.00, -43696, -463297, -626 
1719478632617.00, -43680, -464248, -633 
1719478632639.00, -43512, -465190, -636 
1719478632660.00, -43717, -466137, -627 
1719478632681.00, -43720, -467090, -644 
1719478632703.00, -43666, -468039, -652 
1719478632725.00, -43720, -468978, -640 
1719478632747.00, -43563, -469924, -641 
1719478632768.00, -43555, -470880, -653 
1719478632790.00, -43603, -471818, -655 
1719478632812.00, -43628, -472762, -648 
1719478632833.00, -43539, -473710, -667 
1719478632855.00, -43758, -474656, -674 
1719478632877.00, -43765, -475598, -670 
1719478632898.00, -43743, -476546, -663 
1719478632919.00, -43622, -477501, -672 
1719478632945.00, -43791, -478441, -682 
1719478632963.00, -43691, -479385, -667 
1719478632985.00, -43509, -480335, -678 
1719478633006.00, -43607, -481276, -687 
1719478633028.00, -43734, -482215, -675 
1719478633049.00, -43629, -483165, -665 
1719478633071.00, -43715, -484121, -690 
1719478633093.00, -43676, -485065, -694 
1719478633114.00, -43581, -486010, -681 
1719478633136.00, -43672, -486960, -687 
1719478633158.00, -43723, -487904, -706 
1719478633179.00, -43505, -488846, -706 
1719478633201.00, -43589, -489792, -706 
1719478633223.00, -43660, -490744, -711 
1719478633245.00, -43577, -491687, -716 
1719478633266.00, -43561, -492635, -710 
1719478633288.00, -43701, -493588, -714 
1719478633309.00, -43599, -494525, -720 
1719478633331.00, -43577, -495470, -723 
1719478633352.00, -43649, -496416, -727 
1719478633377.00, -43684, -497363, -724 
1719478633396.00, -43646, -498303, -712 
1719478633417.00, -43765, -499250, -704 
1719478633438.00, -43722, -500205, -705 
1719478633461.00, -43558, -501149, -706 
1719478633483.00, -43603, -502092, -685 
1719478633504.00, -43613, -503045, -699 
1719478633526.00, -43605, -503993, -703 
1719478633548.00, -43660, -504932, -686 
1719478633569.00, -43702, -505873, -676 
1719478633592.00, -43558, -506825, -689 
1719478633613.00, -43615, -507769, -690 
1719478633633.00, -43687, -508709, -670 
1719478633656.00, -43609, -509664, -673 
1719478633677.00, -43659, -510615, -698 
1719478633700.00, -43753, -511554, -683 
1719478633721.00, -43653, -512499, -676 
1719478633742.00, -43543, -513447, -671 
1719478633764.00, -43692, -514381, -645 
1719478633785.00, -43603, -515331, -650 
1719478633809.00, -43439, -516287, -657 
1719478633829.00, -43553, -517232, -656 
1719478633850.00, -43751, -518173, -640 
1719478633872.00, -43649, -519122, -661 
1719478633894.00, -43752, -520071, -670 
1719478633916.00, -43589, -521010, -673 
1719478633936.00, -43400, -521954, -664 
1719478633959.00, -43608, -522907, -681 
1719478633980.00, -43652, -523853, -689 
1719478634001.00, -43537, -524792, -658 
1719478634025.00, -43516, -525743, -652 
1719478634045.00, -43677, -526690, -680 
1719478634066.00, -43537, -527632, -682 
1719478634088.00, -43603, -528574, -655 
1719478634110.00, -43773, -529524, -677 
1719478634132.00, -43526, -530468, -684 
1719478634154.00, -43635, -531410, -681 
1719478634175.00, -43710, -532358, -665 
1719478634197.00, -43613, -533313, -693 
1719478634218.00, -43473, -534255, -696 
1719478634240.00, -43665, -535199, -679 
1719478634262.00, -43568, -536149, -684 
1719478634282.00, -43665, -537093, -695 
1719478634305.00, -43661, -538036, -684 
1719478634327.00, -43626, -538978, -666 
1719478634350.00, -43541, -539928, -663 
1719478634369.00, -43749, -540872, -666 
1719478634391.00, -43610, -541815, -651 
1719478634412.00, -43527, -542770, -638 
1719478634434.00, -43681, -543711, -629 
1719478634456.00, -43720, -544651, -638 
1719478634477.00, -43522, -545598, -623 
1719478634500.00, -43714, -546539, -601 
1719478634521.00, -43661, -547483, -608 
1719478634543.00, -43467, -548436, -612 
1719478634564.00, -43584, -549388, -595 
1719478634586.00, -43700, -550331, -574 
1719478634607.00, -43512, -551272, -583 
1719478634630.00, -43624, -552222, -575 
1719478634651.00, -43689, -553161, -537 
1719478634673.00, -43465, -554102, -538 
1719478634694.00, -43551, -555051, -542 
1719478634716.00, -43610, -555997, -528 
1719478634738.00, -43595, -556938, -519 
1719478634759.00, -43717, -557883, -527 
1719478634780.00, -43560, -558832, -536 
1719478634813.00, -43490, -559777, -519 
1719478634824.00, -43724, -560717, -498 
1719478634846.00, -43576, -561663, -499 
1719478634868.00, -43608, -562610, -487 
1719478634890.00, -43714, -563544, -466 
1719478634911.00, -43718, -564490, -460 
1719478634932.00, -43542, -565445, -461 
1719478634954.00, -43570, -566390, -442 
1719478634976.00, -43711, -567332, -431 
1719478634997.00, -43682, -568279, -440 
1719478635022.00, -43755, -569226, -436 
1719478635040.00, -43709, -570167, -426 
1719478635062.00, -43603, -571109, -436 
1719478635083.00, -43484, -572061, -453 
1719478635105.00, -43522, -573004, -445 
1719478635127.00, -43645, -573951, -439 
1719478635148.00, -43626, -574901, -451 
1719478635170.00, -43736, -575846, -447 
1719478635192.00, -43769, -576786, -446 
1719478635213.00, -43560, -577730, -454 
1719478635235.00, -43741, -578677, -463 
1719478635257.00, -43824, -579620, -442 
1719478635279.00, -43660, -580564, -447 
1719478635300.00, -43702, -581516, -460 
1719478635322.00, -43808, -582465, -445 
1719478635343.00, -43457, -583406, -451 
1719478635365.00, -43631, -584356, -471 
1719478635387.00, -43780, -585304, -510 
1719478635408.00, -43824, -586248, -533 
1719478635429.00, -43659, -587195, -553 
1719478635454.00, -43656, -588143, -562 
1719478635473.00, -43465, -589087, -535 
1719478635495.00, -43584, -590030, -532 
1719478635516.00, -43674, -590971, -491 
1719478635538.00, -43653, -591918, -462 
1719478635563.00, -43552, -592855, -440 
1719478635582.00, -25131, -593797, -392 
1719478635603.00, -13720, -594360, -386 
1719478635624.00, -7106, -594677, -423 
1719478635646.00, -3055, -594834, -422 
1719478635668.00, -792, -594908, -448 
1719478635689.00, 67, -594930, -477 
1719478635710.00, 849, -594930, -452 
1719478635732.00, 1503, -594917, -393 
1719478635754.00, 1903, -594881, -303 
1719478635776.00, 2161, -594835, -225 
1719478635796.00, 2341, -594784, -168 
1719478635819.00, 2318, -594732, -129 
1719478635840.00, 2249, -594678, -77 
1719478635862.00, 2231, -594628, -42 
1719478635885.00, 2036, -594579, -10 
1719478635905.00, 1975, -594531, 9 
1719478635926.00, 1973, -594485, 43 
1719478635947.00, 4528, -594438, 94 
1719478635969.00, 9053, -594340, 131 
1719478635993.00, 14404, -594141, 146 
1719478636013.00, 17846, -593839, 173 
1719478636034.00, 21735, -593451, 199 
1719478636056.00, 25540, -592984, 205 
1719478636077.00, 28106, -592439, 212 
1719478636100.00, 30166, -591832, 250 
1719478636121.00, 33718, -591172, 278 
1719478636142.00, 37423, -590444, 284 
1719478636163.00, 39892, -589643, 313 
1719478636185.00, 42881, -588790, 341 
1719478636207.00, 43516, -587848, 382 
1719478636229.00, 43701, -586901, 409 
1719478636251.00, 43784, -585952, 440 
1719478636272.00, 43849, -585010, 429 
1719478636293.00, 43582, -584057, 460 
1719478636316.00, 43676, -583111, 483 
1719478636337.00, 43692, -582166, 496 
1719478636359.00, 43665, -581213, 521 
1719478636380.00, 43493, -580258, 549 
1719478636402.00, 43805, -579318, 545 
1719478636424.00, 43736, -578375, 557 
1719478636445.00, 43467, -577424, 582 
1719478636467.00, 43608, -576479, 589 
1719478636488.00, 43674, -575538, 608 
1719478636509.00, 43675, -574587, 630 
1719478636531.00, 43923, -573634, 647 
1719478636553.00, 43646, -572688, 658 
1719478636575.00, 43639, -571739, 668 
1719478636597.00, 43752, -570790, 697 
1719478636618.00, 43747, -569848, 723 
1719478636640.00, 43675, -568903, 729 
1719478636662.00, 43626, -567953, 741 
1719478636683.00, 43761, -567000, 760 
1719478636704.00, 43568, -566060, 770 
1719478636727.00, 43489, -565110, 774 
1719478636748.00, 43719, -564158, 785 
1719478636770.00, 43650, -563217, 792 
1719478636791.00, 43556, -562275, 805 
1719478636813.00, 43525, -561322, 813 
1719478636834.00, 43613, -560376, 820 
1719478636856.00, 43528, -559439, 823 
1719478636878.00, 43644, -558493, 817 
1719478636899.00, 43655, -557545, 824 
1719478636921.00, 43540, -556598, 832 
1719478636943.00, 43678, -555653, 832 
1719478636964.00, 43642, -554706, 839 
1719478636990.00, 43565, -553758, 848 
1719478637008.00, 43559, -552817, 835 
1719478637030.00, 43688, -551872, 846 
1719478637051.00, 43641, -550927, 833 
1719478637073.00, 43628, -549982, 841 
1719478637097.00, 43686, -549032, 848 
1719478637116.00, 43625, -548083, 846 
1719478637138.00, 43615, -547131, 845 
1719478637159.00, 43723, -546189, 830 
1719478637180.00, 43590, -545246, 812 
1719478637202.00, 43522, -544300, 808 
1719478637224.00, 43652, -543363, 769 
1719478637246.00, 43698, -542416, 778 
1719478637267.00, 43735, -541464, 770 
1719478637289.00, 43798, -540516, 784 
1719478637311.00, 43722, -539571, 799 
1719478637332.00, 43637, -538622, 810 
1719478637354.00, 43674, -537676, 820 
1719478637376.00, 43814, -536734, 814 
1719478637397.00, 43694, -535787, 849 
1719478637424.00, 43635, -534837, 847 
1719478637441.00, 43849, -533887, 863 
1719478637462.00, 43556, -532943, 867 
1719478637484.00, 43482, -531988, 888 
1719478637505.00, 43636, -531044, 915 
1719478637529.00, 43577, -530100, 920 
1719478637549.00, 43472, -529150, 925 
1719478637570.00, 43718, -528207, 916 
1719478637592.00, 43821, -527261, 939 
1719478637613.00, 43582, -526320, 964 
1719478637635.00, 43579, -525372, 945 
1719478637657.00, 43667, -524422, 944 
1719478637679.00, 43813, -523478, 962 
1719478637700.00, 43615, -522532, 965 
1719478637721.00, 43704, -521583, 951 
1719478637743.00, 43651, -520634, 990 
1719478637765.00, 43535, -519693, 984 
1719478637787.00, 43672, -518743, 1012 
1719478637808.00, 43701, -517796, 1022 
1719478637830.00, 43663, -516844, 1024 
1719478637853.00, 43609, -515889, 1023 
1719478637873.00, 43577, -514934, 1034 
1719478637895.00, 43795, -513988, 1006 
1719478637917.00, 43785, -513038, 1025 
1719478637938.00, 43692, -512091, 1031 
1719478637965.00, 43751, -511143, 1022 
1719478637982.00, 43694, -510193, 1043 
1719478638005.00, 43612, -509240, 1041 
1719478638026.00, 43682, -508290, 1030 
1719478638047.00, 43724, -507334, 1048 
1719478638071.00, 43709, -506384, 1049 
1719478638091.00, 43694, -505436, 1039 
1719478638113.00, 43565, -504483, 1060 
1719478638134.00, 43408, -503537, 1082 
1719478638156.00, 43726, -502584, 1099 
1719478638178.00, 43700, -501638, 1101 
1719478638200.00, 43702, -500684, 1106 
1719478638221.00, 43588, -499735, 1114 
1719478638243.00, 43672, -498781, 1089 
1719478638264.00, 43775, -497833, 1061 
1719478638286.00, 43753, -496884, 1091 
1719478638308.00, 43497, -495931, 1071 
1719478638330.00, 43765, -494982, 1068 
1719478638352.00, 43602, -494039, 1073 
1719478638373.00, 43610, -493092, 1048 
1719478638395.00, 43620, -492139, 1078 
1719478638416.00, 43807, -491186, 1092 
1719478638439.00, 43831, -490237, 1090 
1719478638460.00, 43713, -489280, 1094 
1719478638482.00, 43494, -488330, 1112 
1719478638504.00, 43650, -487385, 1095 
1719478638526.00, 43684, -486439, 1096 
1719478638547.00, 43835, -485492, 1077 
1719478638568.00, 43629, -484537, 1073 
1719478638591.00, 43500, -483587, 1107 
1719478638612.00, 43605, -482632, 1050 
1719478638634.00, 43731, -481683, 1061 
1719478638656.00, 43508, -480744, 1031 
1719478638678.00, 43422, -479794, 1007 
1719478638699.00, 43602, -478851, 980 
1719478638721.00, 43708, -477905, 974 
1719478638743.00, 43469, -476962, 973 
1719478638764.00, 43569, -476016, 961 
1719478638786.00, 43704, -475065, 976 
1719478638807.00, 43764, -474125, 957 
1719478638829.00, 43661, -473179, 951 
1719478638851.00, 43675, -472234, 949 
1719478638872.00, 43710, -471290, 927 
1719478638894.00, 43742, -470343, 931 
1719478638916.00, 43674, -469398, 927 
1719478638937.00, 43587, -468451, 904 
1719478638959.00, 43524, -467505, 903 
1719478638981.00, 43636, -466556, 904 
1719478639004.00, 43550, -465611, 879 
1719478639024.00, 43473, -464663, 881 
1719478639045.00, 43589, -463719, 884 
1719478639067.00, 43480, -462778, 881 
1719478639089.00, 43728, -461832, 876 
1719478639110.00, 43699, -460893, 858 
1719478639132.00, 43518, -459946, 869 
1719478639154.00, 43602, -459000, 849 
1719478639175.00, 43715, -458054, 834 
1719478639197.00, 43510, -457105, 866 
1719478639219.00, 43672, -456163, 841 
1719478639240.00, 43671, -455215, 831 
1719478639262.00, 43538, -454277, 828 
1719478639283.00, 43676, -453329, 820 
1719478639304.00, 43768, -452387, 799 
1719478639327.00, 43686, -451439, 785 
1719478639349.00, 43630, -450488, 792 
1719478639369.00, 43830, -449540, 787 
1719478639391.00, 43654, -448595, 780 
1719478639413.00, 43543, -447653, 766 
1719478639435.00, 43729, -446709, 762 
1719478639457.00, 43727, -445762, 772 
1719478639478.00, 43598, -444820, 764 
1719478639500.00, 43638, -443872, 747 
1719478639521.00, 43590, -442925, 727 
1719478639543.00, 43534, -441981, 716 
1719478639564.00, 43751, -441035, 743 
1719478639587.00, 43691, -440095, 726 
1719478639608.00, 43483, -439144, 714 
1719478639629.00, 43604, -438199, 710 
1719478639652.00, 43703, -437255, 711 
1719478639672.00, 43636, -436310, 722 
1719478639695.00, 43609, -435362, 714 
1719478639716.00, 43650, -434422, 684 
1719478639738.00, 43616, -433472, 672 
1719478639760.00, 43580, -432522, 692 
1719478639781.00, 43517, -431581, 663 
1719478639802.00, 24858, -430641, 622 
1719478639824.00, 13491, -430082, 588 
1719478639846.00, 6854, -429777, 581 
1719478639867.00, 2835, -429618, 598 
1719478639889.00, 541, -429550, 622 
1719478639910.00, -24, -429533, 647 
1719478639934.00, -402, -429531, 681 
1719478639953.00, -1048, -429536, 669 
1719478639974.00, -1599, -429556, 636 
1719478639996.00, -2143, -429590, 576 
1719478640017.00, -2547, -429638, 489 
1719478640040.00, -2597, -429697, 377 
1719478640060.00, -2649, -429760, 254 
1719478640081.00, -2665, -429822, 128 
1719478640104.00, -2523, -429886, 32 
1719478640124.00, -2393, -429949, -35 
1719478640146.00, -4409, -430007, -121 
1719478640168.00, -10647, -430104, -193 
1719478640189.00, -18602, -430329, -263 
1719478640211.00, -27357, -430732, -299 
1719478640233.00, -35039, -431328, -411 
1719478640254.00, -40347, -432082, -440 
1719478640275.00, -43266, -432945, -459 
1719478640297.00, -43990, -433884, -487 
1719478640319.00, -43935, -434839, -497 
1719478640341.00, -43567, -435788, -558 
1719478640362.00, -43633, -436728, -528 
1719478640384.00, -43712, -437681, -553 
1719478640406.00, -43763, -438634, -583 
1719478640428.00, -43687, -439577, -599 
1719478640449.00, -43696, -440528, -616 
1719478640471.00, -43768, -441474, -633 
1719478640492.00, -43518, -442420, -648 
1719478640514.00, -43817, -443366, -659 
1719478640535.00, -43773, -444317, -676 
1719478640557.00, -43690, -445266, -686 
1719478640578.00, -43693, -446207, -697 
1719478640600.00, -43793, -447156, -713 
1719478640622.00, -43617, -448101, -711 
1719478640643.00, -43672, -449043, -729 
1719478640665.00, -43709, -449991, -741 
1719478640687.00, -43798, -450944, -741 
1719478640709.00, -43503, -451895, -744 
1719478640730.00, -43872, -452838, -745 
1719478640752.00, -43691, -453786, -753 
1719478640774.00, -43535, -454731, -741 
1719478640795.00, -43575, -455670, -746 
1719478640817.00, -43746, -456618, -758 
1719478640838.00, -43626, -457566, -749 
1719478640860.00, -43700, -458513, -754 
1719478640882.00, -43725, -459461, -757 
1719478640904.00, -43721, -460412, -772 
1719478640925.00, -43564, -461359, -759 
1719478640946.00, -43771, -462295, -755 
1719478640968.00, -43643, -463239, -762 
1719478640990.00, -43525, -464191, -748 
1719478641012.00, -43682, -465135, -740 
1719478641034.00, -43807, -466079, -735 
1719478641055.00, -43568, -467032, -744 
1719478641076.00, -43656, -467980, -749 
1719478641098.00, -43734, -468923, -743 
1719478641120.00, -43585, -469866, -740 
1719478641141.00, -43598, -470821, -755 
1719478641163.00, -43736, -471760, -737 
1719478641185.00, -43643, -472704, -746 
1719478641206.00, -43538, -473651, -753 
1719478641228.00, -43529, -474599, -740 
1719478641250.00, -43672, -475540, -727 
1719478641271.00, -43687, -476490, -754 
1719478641293.00, -43720, -477445, -751 
1719478641314.00, -43697, -478383, -749 
1719478641335.00, -43513, -479328, -739 
1719478641357.00, -43614, -480276, -741 
1719478641379.00, -43760, -481215, -717 
1719478641400.00, -43494, -482156, -703 
1719478641423.00, -43530, -483107, -721 
1719478641444.00, -43598, -484060, -704 
1719478641466.00, -43461, -485004, -703 
1719478641487.00, -43599, -485946, -701 
1719478641509.00, -43712, -486892, -697 
1719478641531.00, -43603, -487834, -696 
1719478641552.00, -43759, -488779, -702 
1719478641574.00, -43647, -489726, -710 
1719478641596.00, -43618, -490676, -707 
1719478641617.00, -43737, -491621, -720 
1719478641639.00, -43697, -492570, -728 
1719478641661.00, -43727, -493522, -710 
1719478641683.00, -43826, -494467, -714 
1719478641704.00, -43660, -495406, -711 
1719478641725.00, -43739, -496353, -717 
1719478641747.00, -43594, -497300, -703 
1719478641769.00, -43724, -498243, -695 
1719478641794.00, -43674, -499189, -695 
1719478641812.00, -43611, -500145, -694 
1719478641834.00, -43690, -501086, -676 
1719478641855.00, -43811, -502030, -656 
1719478641877.00, -43691, -502984, -673 
1719478641903.00, -43697, -503930, -667 
1719478641920.00, -43814, -504873, -670 
1719478641941.00, -43763, -505817, -676 
1719478641964.00, -43467, -506772, -688 
1719478641985.00, -43647, -507715, -689 
1719478642011.00, -43757, -508654, -686 
1719478642029.00, -43472, -509609, -701 
1719478642050.00, -43606, -510556, -704 
1719478642072.00, -43727, -511496, -685 
1719478642093.00, -43450, -512439, -682 
1719478642115.00, -43678, -513386, -671 
1719478642137.00, -43764, -514323, -678 
1719478642158.00, -43407, -515274, -673 
1719478642180.00, -43569, -516226, -676 
1719478642201.00, -43786, -517174, -679 
1719478642223.00, -43640, -518116, -686 
1719478642245.00, -43648, -519066, -693 
1719478642266.00, -43709, -520014, -696 
1719478642288.00, -43689, -520951, -692 
1719478642310.00, -43663, -521897, -684 
1719478642331.00, -43654, -522849, -685 
1719478642353.00, -43581, -523795, -678 
1719478642375.00, -43575, -524738, -661 
1719478642396.00, -43603, -525687, -663 
1719478642418.00, -43573, -526633, -660 
1719478642440.00, -43707, -527572, -643 
1719478642461.00, -43776, -528517, -633 
1719478642483.00, -43796, -529464, -635 
1719478642504.00, -43586, -530410, -647 
1719478642526.00, -43661, -531353, -651 
1719478642547.00, -43672, -532303, -647 
1719478642569.00, -43529, -533257, -671 
1719478642591.00, -43531, -534202, -680 
1719478642613.00, -43564, -535143, -659 
1719478642635.00, -43512, -536093, -667 
1719478642656.00, -43696, -537038, -671 
1719478642678.00, -43642, -537976, -656 
1719478642700.00, -43621, -538921, -632 
1719478642721.00, -43757, -539870, -640 
1719478642742.00, -43713, -540814, -649 
1719478642765.00, -43666, -541761, -648 
1719478642786.00, -43822, -542714, -650 
1719478642808.00, -43741, -543664, -690 
1719478642829.00, -43648, -544606, -702 
1719478642851.00, -43589, -545552, -682 
1719478642872.00, -43732, -546492, -681 
1719478642894.00, -43847, -547435, -699 
1719478642916.00, -43530, -548384, -669 
1719478642937.00, -43791, -549336, -662 
1719478642958.00, -43805, -550283, -676 
1719478642980.00, -43531, -551227, -683 
1719478643006.00, -43569, -552176, -682 
1719478643024.00, -43701, -553121, -685 
1719478643045.00, -43614, -554060, -692 
1719478643066.00, -43779, -555005, -693 
1719478643089.00, -43561, -555957, -705 
1719478643113.00, -43475, -556903, -700 
1719478643131.00, -43504, -557843, -686 
1719478643154.00, -43678, -558792, -691 
1719478643175.00, -43557, -559735, -672 
1719478643197.00, -43626, -560674, -653 
1719478643219.00, -43782, -561618, -648 
1719478643240.00, -43531, -562565, -643 
1719478643262.00, -43669, -563503, -621 
1719478643283.00, -43756, -564447, -593 
1719478643305.00, -43687, -565402, -622 
1719478643326.00, -43604, -566347, -623 
1719478643349.00, -43709, -567291, -603 
1719478643370.00, -43525, -568239, -600 
1719478643392.00, -43711, -569185, -587 
1719478643413.00, -43709, -570123, -580 
1719478643439.00, -43507, -571061, -544 
1719478643456.00, -43527, -572009, -522 
1719478643478.00, -43688, -572954, -535 
1719478643500.00, -43667, -573899, -529 
1719478643521.00, -43722, -574846, -502 
1719478643545.00, -43799, -575796, -517 
1719478643564.00, -43544, -576738, -528 
1719478643586.00, -43526, -577677, -497 
1719478643608.00, -43643, -578623, -488 
1719478643629.00, -43591, -579564, -493 
1719478643651.00, -43698, -580508, -467 
1719478643672.00, -43747, -581456, -447 
1719478643694.00, -43504, -582405, -451 
1719478643716.00, -43371, -583350, -443 
1719478643738.00, -43525, -584289, -415 
1719478643759.00, -43581, -585230, -418 
1719478643781.00, -43749, -586173, -410 
1719478643803.00, -43819, -587116, -400 
1719478643825.00, -43575, -588065, -401 
1719478643846.00, -43601, -589012, -403 
1719478643871.00, -43674, -589954, -397 
1719478643889.00, -43657, -590894, -371 
1719478643911.00, -43782, -591842, -350 
1719478643932.00, -43793, -592783, -344 
1719478643954.00, -25193, -593725, -313 
1719478643977.00, -13737, -594294, -303 
1719478643997.00, -7030, -594610, -333 
1719478644019.00, -3138, -594769, -343 
1719478644040.00, -743, -594840, -352 
1719478644061.00, 3, -594858, -330 
1719478644083.00, 747, -594859, -328 
1719478644105.00, 382, -594849, -307 
1719478644126.00, 274, -594838, -252 
1719478644148.00, 231, -594829, -186 
1719478644169.00, 174, -594822, -140 
1719478644191.00, 156, -594817, -101 
1719478644212.00, 166, -594810, -53 
1719478644234.00, 175, -594802, 10 
1719478644255.00, 73, -594793, 72 
1719478644277.00, 4506, -594784, 134 
1719478644298.00, 10978, -594682, 193 
1719478644319.00, 18134, -594450, 265 
1719478644341.00, 26413, -594058, 313 
1719478644362.00, 34388, -593491, 288 
1719478644385.00, 37541, -592747, 381 
1719478644406.00, 40941, -591937, 361 
1719478644428.00, 43079, -591045, 358 
1719478644450.00, 43875, -590108, 411 
1719478644471.00, 43691, -589163, 428 
1719478644493.00, 43640, -588218, 427 
1719478644514.00, 43713, -587264, 448 
1719478644536.00, 43652, -586313, 484 
1719478644558.00, 43502, -585373, 495 
1719478644579.00, 43766, -584423, 496 
1719478644601.00, 43784, -583474, 540 
1719478644623.00, 43803, -582530, 570 
1719478644644.00, 43695, -581580, 568 
1719478644665.00, 43697, -580626, 585 
1719478644687.00, 43638, -579676, 600 
1719478644709.00, 43589, -578731, 636 
1719478644731.00, 43674, -577785, 646 
1719478644753.00, 43861, -576837, 649 
1719478644774.00, 43718, -575895, 668 
1719478644796.00, 43558, -574946, 698 
1719478644818.00, 43806, -573997, 689 
1719478644839.00, 43685, -573045, 706 
1719478644861.00, 43594, -572099, 715 
1719478644882.00, 43752, -571149, 723 
1719478644904.00, 43761, -570203, 732 
1719478644925.00, 43596, -569265, 734 
1719478644947.00, 43772, -568313, 740 
1719478644969.00, 43802, -567366, 758 
1719478644991.00, 43667, -566421, 763 
1719478645012.00, 43713, -565474, 779 
1719478645034.00, 43776, -564520, 794 
1719478645056.00, 43667, -563571, 819 
1719478645079.00, 43591, -562627, 838 
1719478645099.00, 43783, -561679, 846 
1719478645120.00, 43684, -560731, 839 
1719478645142.00, 43645, -559786, 862 
1719478645163.00, 43643, -558844, 854 
1719478645190.00, 43743, -557893, 870 
1719478645207.00, 43544, -556948, 873 
1719478645229.00, 43622, -556007, 854 
1719478645250.00, 43585, -555057, 867 
1719478645272.00, 43653, -554111, 838 
1719478645296.00, 43574, -553170, 861 
1719478645315.00, 43733, -552223, 863 
1719478645336.00, 43639, -551278, 869 
1719478645358.00, 43501, -550334, 874 
1719478645380.00, 43635, -549389, 880 
1719478645403.00, 43635, -548439, 869 
1719478645423.00, 43419, -547488, 879 
1719478645444.00, 43573, -546542, 888 
1719478645466.00, 43550, -545604, 856 
1719478645488.00, 43608, -544660, 861 
1719478645512.00, 43732, -543720, 846 
1719478645531.00, 43610, -542778, 847 
1719478645553.00, 43544, -541826, 850 
1719478645574.00, 43692, -540878, 835 
1719478645596.00, 43734, -539930, 845 
1719478645622.00, 43692, -538985, 856 
1719478645639.00, 43822, -538040, 842 
1719478645661.00, 43716, -537097, 857 
1719478645683.00, 43492, -536153, 856 
1719478645704.00, 43670, -535201, 888 
1719478645726.00, 43780, -534255, 879 
1719478645747.00, 43504, -533310, 885 
1719478645769.00, 43668, -532358, 911 
1719478645791.00, 43777, -531409, 918 
1719478645812.00, 43517, -530465, 935 
1719478645834.00, 43327, -529522, 936 
1719478645857.00, 43510, -528576, 908 
1719478645878.00, 43378, -527634, 908 
1719478645899.00, 43745, -526696, 879 
1719478645920.00, 43706, -525748, 911 
1719478645942.00, 43522, -524803, 886 
1719478645964.00, 43805, -523856, 884 
1719478645986.00, 43763, -522909, 944 
1719478646007.00, 43627, -521957, 920 
1719478646029.00, 43559, -521007, 966 
1719478646051.00, 43667, -520069, 969 
1719478646072.00, 43648, -519125, 947 
1719478646094.00, 43588, -518176, 975 
1719478646115.00, 43898, -517228, 969 
1719478646137.00, 43789, -516280, 977 
1719478646159.00, 43534, -515328, 994 
1719478646180.00, 43878, -514380, 983 
1719478646202.00, 43579, -513436, 1014 
1719478646224.00, 43537, -512487, 1012 
1719478646245.00, 43568, -511541, 1002 
1719478646267.00, 43779, -510593, 1016 
1719478646289.00, 43763, -509643, 1015 
1719478646311.00, 43702, -508689, 1022 
1719478646333.00, 43379, -507734, 1013 
1719478646354.00, 43539, -506788, 1009 
1719478646376.00, 43654, -505839, 1035 
1719478646398.00, 43760, -504895, 983 
1719478646419.00, 43392, -503944, 1028 
1719478646441.00, 43635, -502999, 1006 
1719478646462.00, 43621, -502051, 992 
1719478646484.00, 43614, -501103, 994 
1719478646506.00, 43756, -500161, 952 
1719478646528.00, 43668, -499205, 985 
1719478646550.00, 43703, -498259, 957 
1719478646570.00, 43694, -497313, 970 
1719478646593.00, 43693, -496364, 1020 
1719478646617.00, 43800, -495417, 984 
1719478646635.00, 43778, -494467, 1033 
1719478646658.00, 43665, -493521, 1045 
1719478646679.00, 43803, -492567, 1055 
1719478646701.00, 43712, -491615, 1066 
1719478646723.00, 43642, -490663, 1055 
1719478646745.00, 43582, -489712, 1057 
1719478646766.00, 43927, -488762, 1036 
1719478646788.00, 43714, -487807, 1095 
1719478646810.00, 43716, -486863, 1070 
1719478646831.00, 43453, -485913, 1067 
1719478646853.00, 43654, -484959, 1086 
1719478646875.00, 43807, -484015, 1059 
1719478646896.00, 43634, -483060, 1054 
1719478646918.00, 43496, -482108, 1037 
1719478646940.00, 43620, -481158, 1023 
1719478646962.00, 43757, -480218, 1023 
1719478646983.00, 43574, -479266, 1051 
1719478647005.00, 43707, -478316, 1063 
1719478647026.00, 43784, -477372, 1048 
1719478647050.00, 43736, -476414, 1063 
1719478647070.00, 43709, -475464, 1069 
1719478647092.00, 43668, -474508, 1092 
1719478647114.00, 43511, -473558, 1113 
1719478647136.00, 43848, -472611, 1085 
1719478647158.00, 43839, -471660, 1115 
1719478647179.00, 43605, -470712, 1117 
1719478647201.00, 43511, -469760, 1095 
1719478647223.00, 43557, -468812, 1100 
1719478647244.00, 43679, -467863, 1096 
1719478647265.00, 43839, -466914, 1062 
1719478647287.00, 43535, -465963, 1043 
1719478647309.00, 43727, -465008, 1050 
1719478647331.00, 43721, -464062, 1079 
1719478647353.00, 43554, -463110, 1065 
1719478647374.00, 43645, -462163, 1057 
1719478647396.00, 43865, -461217, 1068 
1719478647418.00, 43687, -460269, 1067 
1719478647440.00, 43709, -459318, 1058 
1719478647462.00, 43446, -458362, 1071 
1719478647483.00, 43478, -457412, 1080 
1719478647505.00, 43728, -456467, 1077 
1719478647527.00, 43754, -455520, 1085 
1719478647549.00, 43613, -454574, 1059 
1719478647569.00, 43551, -453626, 1027 
1719478647591.00, 43627, -452679, 1002 
1719478647613.00, 43508, -451726, 1017 
1719478647636.00, 43572, -450780, 967 
1719478647656.00, 43715, -449835, 964 
1719478647679.00, 43743, -448887, 945 
1719478647702.00, 43512, -447945, 930 
1719478647722.00, 43596, -447000, 924 
1719478647743.00, 43657, -446056, 923 
1719478647765.00, 43678, -445111, 938 
1719478647787.00, 43546, -444166, 926 
1719478647809.00, 43598, -443219, 908 
1719478647830.00, 43553, -442275, 874 
1719478647852.00, 43586, -441330, 874 
1719478647873.00, 43602, -440384, 898 
1719478647895.00, 43649, -439442, 864 
1719478647916.00, 43680, -438497, 854 
1719478647939.00, 43679, -437552, 830 
1719478647960.00, 43596, -436609, 809 
1719478647982.00, 43618, -435662, 819 
1719478648003.00, 43790, -434717, 808 
1719478648025.00, 43671, -433769, 809 
1719478648046.00, 43730, -432822, 792 
1719478648068.00, 43785, -431872, 806 
1719478648090.00, 25049, -430933, 793 
1719478648111.00, 13628, -430370, 764 
1719478648133.00, 7018, -430058, 775 
1719478648155.00, 3046, -429901, 782 
1719478648176.00, 692, -429833, 796 
1719478648198.00, -47, -429817, 790 
1719478648218.00, -420, -429817, 778 
1719478648241.00, -1140, -429822, 756 
1719478648261.00, -1767, -429843, 698 
1719478648283.00, -2209, -429883, 622 
1719478648304.00, -2410, -429935, 503 
1719478648326.00, -2598, -429992, 378 
1719478648347.00, -2614, -430053, 259 
1719478648369.00, -2461, -430113, 159 
1719478648390.00, -2469, -430170, 83 
1719478648411.00, -2388, -430229, 3 
1719478648432.00, -2207, -430291, -65 
1719478648454.00, -6124, -430343, -123 
1719478648476.00, -11842, -430471, -166 
1719478648498.00, -17605, -430725, -208 
1719478648520.00, -23670, -431106, -257 
1719478648541.00, -30380, -431615, -255 
1719478648562.00, -33900, -432276, -425 
1719478648584.00, -39694, -433002, -356 
1719478648605.00, -43094, -433855, -401 
1719478648628.00, -43942, -434792, -425 
1719478648649.00, -43687, -435740, -439 
1719478648671.00, -43601, -436680, -465 
1719478648694.00, -43636, -437633, -486 
1719478648714.00, -43818, -438584, -486 
1719478648736.00, -43696, -439533, -546 
1719478648757.00, -43607, -440480, -542 
1719478648779.00, -43710, -441431, -570 
1719478648806.00, -43635, -442375, -593 
1719478648822.00, -43660, -443321, -602 
1719478648844.00, -43726, -444275, -621 
1719478648865.00, -43851, -445220, -621 
1719478648887.00, -43532, -446162, -607 
1719478648909.00, -43736, -447109, -609 
1719478648931.00, -43699, -448055, -605 
1719478648952.00, -43495, -448995, -611 
1719478648974.00, -43625, -449943, -619 
1719478648995.00, -43784, -450897, -643 
1719478649017.00, -43671, -451845, -647 
1719478649038.00, -43662, -452793, -637 
1719478649060.00, -43773, -453741, -660 
1719478649082.00, -43735, -454689, -682 
1719478649103.00, -43623, -455627, -677 
1719478649126.00, -43760, -456575, -673 
1719478649147.00, -43761, -457525, -676 
1719478649168.00, -43635, -458469, -678 
1719478649190.00, -43717, -459416, -677 
1719478649212.00, -43809, -460370, -695 
1719478649239.00, -43701, -461317, -702 
1719478649255.00, -43653, -462255, -703 
1719478649276.00, -43750, -463199, -715 
1719478649298.00, -43662, -464150, -729 
1719478649320.00, -43706, -465096, -733 
1719478649346.00, -43763, -466044, -729 
1719478649363.00, -43706, -466994, -745 
1719478649385.00, -43516, -467944, -745 
1719478649406.00, -43711, -468889, -725 
1719478649428.00, -43752, -469834, -745 
1719478649452.00, -43674, -470789, -751 
1719478649471.00, -43691, -471730, -742 
1719478649493.00, -43869, -472672, -724 
1719478649515.00, -43706, -473622, -746 
1719478649536.00, -43504, -474569, -751 
1719478649558.00, -43778, -475513, -734 
1719478649580.00, -43660, -476462, -746 
1719478649600.00, -43579, -477417, -738 
1719478649623.00, -43646, -478360, -743 
1719478649645.00, -43765, -479302, -736 
1719478649666.00, -43712, -480251, -740 
1719478649688.00, -43617, -481193, -751 
1719478649709.00, -43736, -482138, -745 
1719478649730.00, -43605, -483087, -735 
1719478649753.00, -43594, -484042, -759 
1719478649775.00, -43794, -484986, -770 
1719478649795.00, -43755, -485931, -757 
1719478649817.00, -43485, -486881, -774 
1719478649839.00, -43789, -487827, -764 
1719478649861.00, -43774, -488767, -759 
1719478649886.00, -43569, -489717, -775 
1719478649904.00, -43584, -490666, -772 
1719478649926.00, -43787, -491613, -768 
1719478649947.00, -43789, -492561, -783 
1719478649969.00, -43586, -493515, -797 
1719478649991.00, -43849, -494456, -794 
1719478650012.00, -43733, -495397, -788 
1719478650034.00, -43591, -496343, -803 
1719478650056.00, -43704, -497295, -772 
1719478650077.00, -43864, -498230, -717 
1719478650099.00, -43451, -499178, -738 
1719478650121.00, -43674, -500134, -731 
1719478650142.00, -43753, -501079, -720 
1719478650164.00, -43759, -502024, -712 
1719478650186.00, -43538, -502975, -735 
1719478650207.00, -43823, -503919, -724 
1719478650229.00, -43690, -504862, -710 
1719478650250.00, -43730, -505806, -714 
1719478650272.00, -43594, -506758, -704 
1719478650294.00, -43688, -507700, -682 
1719478650316.00, -43603, -508648, -708 
1719478650337.00, -43650, -509601, -716 
1719478650359.00, -43744, -510545, -694 
1719478650380.00, -43759, -511490, -700 
1719478650401.00, -43528, -512436, -724 
1719478650423.00, -43866, -513386, -729 
1719478650445.00, -43717, -514325, -732 
1719478650467.00, -43413, -515276, -746 
1719478650488.00, -43753, -516231, -774 
1719478650510.00, -43705, -517180, -766 
1719478650532.00, -43660, -518121, -723 
1719478650553.00, -43652, -519068, -749 
1719478650575.00, -43728, -520017, -735 
1719478650597.00, -43651, -520955, -721 
1719478650618.00, -43619, -521899, -704 
1719478650640.00, -43744, -522851, -705 
1719478650661.00, -43753, -523797, -697 
1719478650683.00, -43549, -524742, -704 
1719478650705.00, -43658, -525691, -705 
1719478650726.00, -43792, -526640, -712 
1719478650748.00, -43715, -527582, -715 
1719478650770.00, -43738, -528528, -718 
1719478650791.00, -43808, -529476, -724 
1719478650813.00, -43603, -530421, -718 
1719478650834.00, -43671, -531363, -716 
1719478650856.00, -43665, -532313, -720 
1719478650878.00, -43542, -533268, -718 
1719478650899.00, -43535, -534211, -728 
1719478650921.00, -43734, -535156, -714 
1719478650943.00, -43779, -536108, -727 
1719478650964.00, -43556, -537053, -740 
1719478650986.00, -43654, -537993, -728 
1719478651007.00, -43762, -538939, -723 
1719478651029.00, -43559, -539888, -728 
1719478651051.00, -43768, -540830, -722 
1719478651072.00, -43787, -541780, -728 
1719478651094.00, -43638, -542735, -725 
1719478651116.00, -43666, -543675, -710 
1719478651137.00, -43686, -544618, -693 
1719478651159.00, -43650, -545562, -664 
1719478651181.00, -43642, -546504, -637 
1719478651206.00, -43675, -547446, -609 
1719478651224.00, -43663, -548395, -607 
1719478651246.00, -43700, -549344, -586 
1719478651268.00, -43730, -550290, -582 
1719478651289.00, -43621, -551231, -570 
1719478651311.00, -43625, -552183, -562 
1719478651332.00, -43697, -553126, -543 
1719478651354.00, -43701, -554066, -538 
1719478651376.00, -43658, -555014, -530 
1719478651397.00, -43722, -555962, -532 
1719478651419.00, -43777, -556908, -520 
1719478651440.00, -43756, -557849, -510 
1719478651462.00, -43571, -558800, -502 
1719478651484.00, -43701, -559742, -481 
1719478651505.00, -43473, -560682, -455 
1719478651527.00, -43593, -561629, -436 
1719478651548.00, -43732, -562574, -431 
1719478651569.00, -43850, -563514, -430 
1719478651592.00, -43648, -564463, -422 
1719478651613.00, -43767, -565412, -420 
1719478651638.00, -43602, -566359, -428 
1719478651656.00, -43487, -567307, -440 
1719478651678.00, -43820, -568253, -432 
1719478651699.00, -43868, -569202, -432 
1719478651722.00, -43473, -570141, -448 
1719478651745.00, -43503, -571084, -440 
1719478651765.00, -43675, -572034, -435 
1719478651786.00, -43558, -572978, -428 
1719478651808.00, -43703, -573925, -432 
1719478651829.00, -43806, -574877, -428 
1719478651851.00, -43595, -575821, -401 
1719478651873.00, -43648, -576762, -394 
1719478651894.00, -43641, -577705, -373 
1719478651916.00, -43561, -578647, -351 
1719478651938.00, -43610, -579589, -337 
1719478651960.00, -43929, -580535, -332 
1719478651981.00, -43516, -581484, -325 
1719478652003.00, -43664, -582431, -313 
1719478652024.00, -43544, -583376, -312 
1719478652046.00, -43598, -584320, -297 
1719478652068.00, -43514, -585267, -296 
1719478652089.00, -43979, -586209, -290 
1719478652111.00, -43689, -587152, -283 
1719478652133.00, -43298, -588105, -293 
1719478652154.00, -43637, -589045, -299 
1719478652176.00, -43732, -589987, -307 
1719478652197.00, -43591, -590936, -297 
1719478652219.00, -43840, -591881, -292 
1719478652241.00, -43515, -592825, -277 
1719478652262.00, -26283, -593766, -249 
1719478652284.00, -15605, -594357, -248 
1719478652305.00, -9323, -594710, -245 
1719478652327.00, -5750, -594918, -224 
1719478652348.00, -3514, -595049, -265 
1719478652370.00, -2169, -595128, -276 
1719478652392.00, -1449, -595178, -268 
1719478652413.00, -986, -595210, -274 
1719478652435.00, -653, -595231, -284 
1719478652456.00, -433, -595246, -269 
1719478652478.00, -327, -595255, -240 
1719478652499.00, -290, -595260, -217 
1719478652520.00, -259, -595264, -187 
1719478652541.00, -211, -595268, -152 
1719478652563.00, -198, -595271, -110 
1719478652585.00, -196, -595272, -66 
1719478652605.00, -177, -595273, -30 
1719478652628.00, -141, -595274, 9 
1719478652648.00, -159, -595274, 56 
1719478652669.00, 2604, -595273, 92 
1719478652692.00, 6894, -595234, 125 
1719478652713.00, 11662, -595084, 175 
1719478652735.00, 17365, -594832, 219 
1719478652756.00, 23557, -594455, 256 
1719478652778.00, 29280, -593952, 266 
1719478652800.00, 33191, -593320, 293 
1719478652824.00, 37207, -592605, 311 
1719478652843.00, 40476, -591803, 329 
1719478652865.00, 42901, -590924, 312 
1719478652886.00, 43649, -589985, 484 
1719478652908.00, 43978, -589048, 429 
1719478652930.00, 43943, -588094, 488 
1719478652953.00, 43507, -587139, 522 
1719478652973.00, 43694, -586194, 545 
1719478652994.00, 43759, -585249, 566 
1719478653016.00, 43697, -584299, 603 
1719478653037.00, 43750, -583353, 626 
1719478653060.00, 43878, -582408, 638 
1719478653081.00, 43796, -581455, 665 
1719478653103.00, 43637, -580504, 678 
1719478653124.00, 43810, -579558, 685 
1719478653145.00, 43655, -578615, 698 
1719478653170.00, 43527, -577665, 712 
1719478653189.00, 43789, -576719, 725 
1719478653211.00, 43609, -575779, 739 
1719478653232.00, 43580, -574831, 742 
1719478653254.00, 43843, -573880, 761 
1719478653278.00, 43759, -572931, 772 
1719478653296.00, 43643, -571986, 767 
1719478653319.00, 43599, -571038, 772 
1719478653340.00, 43808, -570088, 803 
1719478653362.00, 43581, -569149, 808 
1719478653388.00, 43806, -568202, 792 
1719478653405.00, 43674, -567252, 814 
1719478653427.00, 43730, -566309, 812 
1719478653449.00, 43463, -565362, 798 
1719478653469.00, 43698, -564411, 807 
1719478653494.00, 43774, -563464, 822 
1719478653513.00, 43611, -562522, 819 
1719478653535.00, 43509, -561571, 818 
1719478653557.00, 43778, -560624, 830 
1719478653579.00, 43774, -559683, 836 
1719478653609.00, 43590, -558735, 852 
1719478653622.00, 43803, -557786, 852 
1719478653643.00, 43664, -556842, 862 
1719478653665.00, 43711, -555897, 867 
1719478653687.00, 43750, -554946, 870 
1719478653708.00, 43705, -553999, 865 
1719478653730.00, 43542, -553055, 866 
1719478653751.00, 43538, -552109, 860 
1719478653773.00, 43722, -551164, 866 
1719478653794.00, 43638, -550220, 856 
1719478653817.00, 43620, -549272, 847 
1719478653838.00, 43784, -548321, 842 
1719478653860.00, 43662, -547370, 844 
1719478653881.00, 43723, -546426, 834 
1719478653903.00, 43785, -545482, 824 
1719478653924.00, 43689, -544537, 826 
1719478653946.00, 43582, -543591, 819 
1719478653968.00, 43613, -542648, 842 
1719478653990.00, 43763, -541695, 851 
1719478654011.00, 43635, -540747, 843 
1719478654033.00, 43529, -539798, 855 
1719478654055.00, 43718, -538856, 841 
1719478654076.00, 43713, -537910, 823 
1719478654098.00, 43538, -536969, 825 
1719478654119.00, 43674, -536024, 798 
1719478654141.00, 43713, -535074, 817 
1719478654163.00, 43533, -534121, 860 
1719478654184.00, 43834, -533174, 870 
1719478654206.00, 43729, -532223, 881 
1719478654228.00, 43526, -531275, 891 
1719478654249.00, 43767, -530328, 900 
1719478654272.00, 43793, -529382, 922 
1719478654293.00, 43723, -528438, 890 
1719478654314.00, 43535, -527487, 917 
1719478654336.00, 43719, -526550, 900 
1719478654357.00, 43674, -525597, 893 
1719478654385.00, 43565, -524651, 904 
1719478654401.00, 43744, -523708, 873 
1719478654422.00, 43764, -522759, 882 
1719478654444.00, 43531, -521808, 883 
1719478654465.00, 43852, -520864, 871 
1719478654488.00, 43740, -519922, 892 
1719478654509.00, 43665, -518974, 905 
1719478654531.00, 43644, -518028, 889 
1719478654552.00, 43787, -517081, 921 
1719478654573.00, 43744, -516130, 927 
1719478654596.00, 43615, -515180, 917 
1719478654616.00, 43558, -514230, 912 
1719478654639.00, 43752, -513290, 918 
1719478654660.00, 43597, -512344, 902 
1719478654682.00, 43678, -511397, 900 
1719478654704.00, 43700, -510454, 893 
1719478654725.00, 43585, -509505, 931 
1719478654747.00, 43646, -508555, 913 
1719478654769.00, 43826, -507608, 926 
1719478654790.00, 43671, -506664, 928 
1719478654814.00, 43458, -505714, 935 
1719478654834.00, 43629, -504770, 929 
1719478654854.00, 43631, -503828, 938 
1719478654877.00, 43487, -502883, 912 
1719478654898.00, 43629, -501937, 937 
1719478654926.00, 43761, -500987, 955 
1719478654942.00, 43700, -500042, 966 
1719478654964.00, 43736, -499093, 946 
1719478654985.00, 43747, -498139, 986 
1719478655006.00, 43691, -497197, 976 
1719478655034.00, 43587, -496249, 975 
1719478655050.00, 43772, -495303, 996 
1719478655072.00, 43760, -494361, 996 
1719478655093.00, 43504, -493417, 1012 
1719478655115.00, 43668, -492465, 1002 
1719478655139.00, 43681, -491513, 1008 
1719478655158.00, 43574, -490559, 1023 
1719478655180.00, 43723, -489608, 995 
1719478655202.00, 43769, -488666, 988 
1719478655224.00, 43738, -487718, 1000 
1719478655246.00, 43574, -486773, 1005 
1719478655267.00, 43471, -485821, 999 
1719478655289.00, 43724, -484876, 1000 
1719478655310.00, 43811, -483928, 1002 
1719478655332.00, 43571, -482970, 1022 
1719478655354.00, 43692, -482018, 1031 
1719478655375.00, 43733, -481070, 1036 
1719478655397.00, 43648, -480124, 1057 
1719478655419.00, 43651, -479169, 1082 
1719478655441.00, 43738, -478220, 1075 
1719478655467.00, 43677, -477270, 1092 
1719478655483.00, 43750, -476316, 1085 
1719478655506.00, 43556, -475362, 1091 
1719478655527.00, 43650, -474412, 1110 
1719478655549.00, 43619, -473466, 1112 
1719478655576.00, 43829, -472516, 1118 
1719478655593.00, 43657, -471565, 1106 
1719478655615.00, 43447, -470617, 1118 
1719478655636.00, 43539, -469670, 1071 
1719478655657.00, 43743, -468723, 1069 
1719478655679.00, 43654, -467772, 1066 
1719478655701.00, 43588, -466821, 1063 
1719478655723.00, 43550, -465871, 1064 
1719478655745.00, 43729, -464916, 1075 
1719478655766.00, 43620, -463969, 1090 
1719478655788.00, 43485, -463018, 1097 
1719478655810.00, 43636, -462070, 1123 
1719478655832.00, 43732, -461124, 1126 
1719478655854.00, 43622, -460175, 1119 
1719478655875.00, 43571, -459221, 1127 
1719478655897.00, 43506, -458268, 1135 
1719478655918.00, 43590, -457321, 1123 
1719478655940.00, 43813, -456378, 1114 
1719478655961.00, 43558, -455423, 1113 
1719478655984.00, 43452, -454478, 1112 
1719478656005.00, 43569, -453533, 1082 
1719478656027.00, 43516, -452589, 1050 
1719478656049.00, 43413, -451638, 1036 
1719478656071.00, 43624, -450688, 1014 
1719478656092.00, 43624, -449739, 1027 
1719478656114.00, 43739, -448787, 1010 
1719478656136.00, 43506, -447842, 1053 
1719478656158.00, 43632, -446892, 1062 
1719478656179.00, 43918, -445942, 1084 
1719478656201.00, 43785, -444992, 1085 
1719478656223.00, 43546, -444043, 1079 
1719478656244.00, 43629, -443094, 1091 
1719478656266.00, 43666, -442142, 1080 
1719478656288.00, 43666, -441196, 1078 
1719478656310.00, 43677, -440243, 1065 
1719478656331.00, 43842, -439294, 1069 
1719478656353.00, 43763, -438344, 1080 
1719478656375.00, 43738, -437394, 1086 
1719478656397.00, 43430, -436448, 1081 
1719478656418.00, 43434, -435493, 1089 
1719478656440.00, 43676, -434551, 1074 
1719478656462.00, 43709, -433601, 1062 
1719478656483.00, 43379, -432648, 1064 
1719478656505.00, 43442, -431700, 1057 
1719478656526.00, 24874, -430756, 1063 
1719478656549.00, 13492, -430196, 1058 
1719478656569.00, 7115, -429888, 1083 
1719478656592.00, 3019, -429731, 1103 
1719478656613.00, 643, -429663, 1079 
1719478656634.00, -64, -429648, 1063 
1719478656656.00, -311, -429647, 1102 
1719478656677.00, -813, -429648, 1109 
1719478656699.00, -1423, -429661, 1063 
1719478656721.00, -2049, -429693, 971 
1719478656742.00, -2729, -429743, 812 
1719478656763.00, -2997, -429807, 608 
1719478656785.00, -2957, -429880, 414 
1719478656806.00, -2730, -429950, 275 
1719478656827.00, -2541, -430015, 174 
1719478656849.00, -2324, -430075, 81 
1719478656871.00, -2194, -430131, 9 
1719478656892.00, -2147, -430184, -48 
1719478656913.00, -4895, -430238, -109 
1719478656935.00, -10231, -430344, -147 
1719478656957.00, -15678, -430563, -186 
1719478656978.00, -21187, -430897, -220 
1719478657000.00, -26102, -431356, -249 
1719478657022.00, -31468, -431922, -257 
1719478657043.00, -34551, -432600, -386 
1719478657065.00, -40004, -433348, -334 
1719478657087.00, -42982, -434213, -392 
1719478657108.00, -43748, -435146, -419 
1719478657130.00, -43717, -436095, -462 
1719478657152.00, -43644, -437045, -470 
1719478657173.00, -43797, -438000, -535 
1719478657194.00, -43709, -438943, -508 
1719478657217.00, -43781, -439890, -530 
1719478657238.00, -43387, -440837, -551 
1719478657260.00, -43803, -441791, -562 
1719478657281.00, -43778, -442731, -573 
1719478657303.00, -43765, -443681, -580 
1719478657326.00, -43710, -444636, -600 
1719478657347.00, -43758, -445576, -614 
1719478657368.00, -43610, -446525, -614 
1719478657390.00, -43661, -447472, -633 
1719478657411.00, -43753, -448419, -640 
1719478657438.00, -43626, -449357, -639 
1719478657454.00, -43629, -450308, -635 
1719478657476.00, -43765, -451265, -661 
1719478657498.00, -43646, -452212, -683 
1719478657519.00, -43528, -453160, -677 
1719478657541.00, -43649, -454107, -673 
1719478657563.00, -43869, -455051, -676 
1719478657584.00, -43688, -455994, -681 
1719478657606.00, -43506, -456942, -679 
1719478657627.00, -43709, -457890, -672 
1719478657650.00, -43763, -458834, -679 
1719478657671.00, -43652, -459781, -680 
1719478657692.00, -43657, -460733, -692 
1719478657714.00, -43768, -461677, -692 
1719478657735.00, -43698, -462618, -690 
1719478657757.00, -43668, -463564, -709 
1719478657780.00, -43772, -464515, -709 
1719478657801.00, -43728, -465459, -727 
1719478657822.00, -43585, -466408, -728 
1719478657844.00, -43688, -467362, -726 
1719478657872.00, -43685, -468308, -720 
1719478657888.00, -43721, -469251, -723 
1719478657909.00, -43694, -470204, -731 
1719478657930.00, -43781, -471151, -723 
1719478657952.00, -43613, -472091, -726 
1719478657974.00, -43678, -473037, -735 
1719478657996.00, -43672, -473985, -721 
1719478658017.00, -43528, -474931, -722 
1719478658039.00, -43432, -475877, -735 
1719478658060.00, -43527, -476825, -742 
1719478658082.00, -43491, -477772, -719 
1719478658104.00, -43648, -478713, -732 
1719478658125.00, -43695, -479658, -747 
1719478658147.00, -43717, -480606, -737 
1719478658169.00, -43614, -481545, -741 
1719478658190.00, -43690, -482489, -741 
1719478658212.00, -43734, -483443, -750 
1719478658234.00, -43665, -484394, -759 
1719478658255.00, -43711, -485341, -773 
1719478658277.00, -43759, -486287, -770 
1719478658298.00, -43702, -487237, -769 
1719478658320.00, -43750, -488177, -796 
1719478658342.00, -43738, -489122, -794 
1719478658364.00, -43545, -490070, -775 
1719478658384.00, -43681, -491020, -779 
1719478658407.00, -43781, -491967, -797 
1719478658428.00, -43582, -492915, -797 
1719478658450.00, -43566, -493863, -770 
1719478658472.00, -43718, -494803, -800 
1719478658493.00, -43719, -495746, -813 
1719478658514.00, -43579, -496694, -794 
1719478658536.00, -43748, -497641, -802 
1719478658558.00, -43745, -498581, -831 
1719478658580.00, -43605, -499534, -839 
1719478658601.00, -43615, -500488, -804 
1719478658623.00, -43716, -501429, -833 
1719478658645.00, -43594, -502375, -823 
1719478658666.00, -43584, -503328, -820 
1719478658688.00, -43637, -504268, -806 
1719478658710.00, -43655, -505210, -817 
1719478658731.00, -43709, -506157, -814 
1719478658752.00, -43793, -507104, -800 
1719478658775.00, -43528, -508048, -791 
1719478658796.00, -43376, -508997, -787 
1719478658818.00, -43610, -509945, -771 
1719478658839.00, -43547, -510884, -772 
1719478658861.00, -43579, -511828, -786 
1719478658883.00, -43696, -512769, -777 
1719478658904.00, -43596, -513716, -768 
1719478658925.00, -43624, -514656, -781 
1719478658948.00, -43757, -515606, -792 
1719478658969.00, -43701, -516561, -778 
1719478658991.00, -43650, -517504, -778 
1719478659012.00, -43761, -518450, -788 
1719478659034.00, -43631, -519401, -786 
1719478659056.00, -43536, -520343, -784 
1719478659077.00, -43609, -521283, -782 
1719478659099.00, -43759, -522231, -774 
1719478659121.00, -43470, -523180, -775 
1719478659142.00, -43619, -524126, -774 
1719478659163.00, -43664, -525066, -744 
1719478659185.00, -43568, -526016, -716 
1719478659207.00, -43607, -526961, -706 
1719478659229.00, -43497, -527897, -687 
1719478659250.00, -43413, -528845, -667 
1719478659272.00, -43648, -529790, -668 
1719478659295.00, -43701, -530728, -660 
1719478659315.00, -43582, -531674, -665 
1719478659337.00, -43679, -532629, -668 
1719478659359.00, -43738, -533576, -669 
1719478659380.00, -43538, -534521, -671 
1719478659407.00, -43584, -535470, -688 
1719478659423.00, -43834, -536420, -683 
1719478659445.00, -43678, -537358, -694 
1719478659467.00, -43800, -538299, -691 
1719478659488.00, -43826, -539250, -708 
1719478659510.00, -43630, -540194, -696 
1719478659531.00, -43481, -541138, -693 
1719478659553.00, -43584, -542090, -704 
1719478659575.00, -43615, -543039, -701 
1719478659597.00, -43642, -543981, -692 
1719478659618.00, -43744, -544918, -676 
1719478659639.00, -43566, -545867, -682 
1719478659661.00, -43605, -546809, -656 
1719478659683.00, -43702, -547751, -665 
1719478659705.00, -43634, -548704, -654 
1719478659726.00, -43558, -549657, -669 
1719478659748.00, -43733, -550600, -666 
1719478659770.00, -43693, -551538, -664 
1719478659791.00, -43652, -552493, -662 
1719478659813.00, -43665, -553433, -664 
1719478659835.00, -43716, -554372, -637 
1719478659856.00, -43575, -555320, -641 
1719478659878.00, -43665, -556274, -645 
1719478659899.00, -43740, -557213, -633 
1719478659921.00, -43454, -558158, -623 
1719478659945.00, -43689, -559110, -643 
1719478659964.00, -43735, -560051, -642 
1719478659985.00, -43543, -560993, -637 
1719478660007.00, -43560, -561943, -641 
1719478660029.00, -43631, -562885, -649 
1719478660051.00, -43584, -563825, -643 
1719478660074.00, -43727, -564771, -638 
1719478660094.00, -43742, -565724, -650 
1719478660116.00, -43553, -566667, -646 
1719478660137.00, -43667, -567610, -641 
1719478660159.00, -43708, -568563, -650 
1719478660180.00, -43670, -569508, -648 
1719478660202.00, -43550, -570445, -612 
1719478660224.00, -43642, -571391, -598 
1719478660245.00, -43527, -572335, -593 
1719478660267.00, -43736, -573278, -550 
1719478660289.00, -43724, -574221, -510 
1719478660310.00, -43503, -575173, -521 
1719478660332.00, -43442, -576116, -495 
1719478660354.00, -43723, -577054, -472 
1719478660377.00, -43679, -577995, -494 
1719478660397.00, -43655, -578945, -485 
1719478660418.00, -43603, -579880, -450 
1719478660440.00, -43585, -580832, -458 
1719478660462.00, -43389, -581784, -460 
1719478660484.00, -43548, -582726, -426 
1719478660505.00, -43641, -583664, -430 
1719478660527.00, -43757, -584613, -458 
1719478660548.00, -43764, -585557, -459 
1719478660570.00, -43597, -586501, -452 
1719478660592.00, -43489, -587450, -465 
1719478660614.00, -43599, -588397, -472 
1719478660635.00, -43710, -589335, -439 
1719478660657.00, -43613, -590278, -437 
1719478660679.00, -43569, -591228, -442 
1719478660700.00, -43665, -592169, -419 
1719478660722.00, -43676, -593119, -416 
1719478660743.00, -24786, -594057, -404 
1719478660764.00, -13513, -594627, -415 
1719478660786.00, -6792, -594934, -419 
1719478660808.00, -2901, -595092, -411 
1719478660829.00, -574, -595164, -445 
1719478660851.00, 60, -595179, -422 
1719478660872.00, 839, -595179, -396 
1719478660895.00, 1481, -595167, -362 
1719478660915.00, 1974, -595134, -302 
1719478660938.00, 2227, -595089, -235 
1719478660959.00, 2328, -595038, -167 
1719478660981.00, 2333, -594983, -113 
1719478661002.00, 2331, -594930, -79 
1719478661024.00, 2240, -594878, -50 
1719478661045.00, 2224, -594827, -10 
1719478661066.00, 2121, -594775, 34 
1719478661088.00, 4059, -594727, 75 
1719478661110.00, 7745, -594637, 120 
1719478661131.00, 12781, -594472, 159 
1719478661153.00, 17886, -594198, 200 
1719478661174.00, 23508, -593809, 244 
1719478661196.00, 29274, -593309, 274 
1719478661218.00, 34296, -592681, 305 
1719478661240.00, 39174, -591943, 313 
1719478661261.00, 42597, -591083, 349 
1719478661282.00, 43865, -590162, 409 
1719478661304.00, 43604, -589214, 452 
1719478661326.00, 43698, -588269, 433 
1719478661347.00, 43918, -587315, 496 
1719478661369.00, 43511, -586364, 521 
1719478661390.00, 43624, -585424, 512 
1719478661413.00, 43661, -584477, 521 
1719478661434.00, 43764, -583528, 544 
1719478661456.00, 43711, -582584, 555 
1719478661477.00, 43765, -581633, 570 
1719478661499.00, 43712, -580678, 583 
1719478661521.00, 43572, -579733, 601 
1719478661542.00, 43589, -578790, 624 
1719478661564.00, 43914, -577841, 622 
1719478661587.00, 43728, -576895, 640 
1719478661607.00, 43664, -575957, 630 
1719478661629.00, 43811, -575008, 631 
1719478661651.00, 43713, -574060, 627 
1719478661672.00, 43615, -573110, 636 
1719478661694.00, 43715, -572167, 624 
1719478661715.00, 43825, -571216, 622 
1719478661737.00, 43752, -570273, 623 
1719478661759.00, 43665, -569330, 625 
1719478661780.00, 43709, -568385, 639 
1719478661802.00, 43622, -567435, 651 
1719478661823.00, 43549, -566490, 649 
1719478661845.00, 43868, -565545, 651 
1719478661866.00, 43795, -564590, 660 
1719478661888.00, 43562, -563643, 661 
1719478661910.00, 43676, -562701, 669 
1719478661932.00, 43610, -561753, 663 
1719478661953.00, 43405, -560806, 652 
1719478661975.00, 43806, -559864, 666 
1719478661996.00, 43699, -558928, 641 
1719478662018.00, 43511, -557976, 630 
1719478662040.00, 43628, -557032, 638 
1719478662061.00, 43701, -556089, 627 
1719478662083.00, 43714, -555141, 643 
1719478662105.00, 43822, -554191, 642 
1719478662126.00, 43871, -553248, 662 
1719478662147.00, 43552, -552303, 693 
1719478662170.00, 43551, -551355, 692 
1719478662191.00, 43661, -550410, 704 
1719478662213.00, 43721, -549464, 719 
1719478662234.00, 43679, -548514, 715 
1719478662256.00, 43864, -547564, 731 
1719478662278.00, 43529, -546614, 734 
1719478662300.00, 43508, -545674, 745 
1719478662321.00, 43695, -544729, 756 
1719478662342.00, 43669, -543788, 766 
1719478662363.00, 43455, -542841, 768 
1719478662386.00, 43511, -541888, 793 
1719478662408.00, 43591, -540945, 776 
1719478662429.00, 43499, -539997, 775 
1719478662450.00, 43573, -539055, 769 
1719478662473.00, 43580, -538113, 767 
1719478662494.00, 43549, -537169, 772 
1719478662516.00, 43804, -536228, 771 
1719478662538.00, 43637, -535277, 783 
1719478662559.00, 43558, -534332, 791 
1719478662583.00, 43766, -533384, 799 
1719478662602.00, 43742, -532435, 814 
1719478662624.00, 43606, -531488, 819 
1719478662646.00, 43765, -530539, 826 
1719478662667.00, 43773, -529598, 817 
1719478662689.00, 43621, -528647, 846 
1719478662710.00, 43722, -527700, 847 
1719478662732.00, 43732, -526759, 827 
1719478662753.00, 43588, -525811, 849 
1719478662776.00, 43543, -524864, 842 
1719478662797.00, 43642, -523916, 842 
1719478662819.00, 43631, -522972, 849 
1719478662840.00, 43791, -522024, 828 
1719478662862.00, 43763, -521075, 859 
1719478662883.00, 43714, -520131, 865 
1719478662905.00, 43589, -519190, 832 
1719478662926.00, 43611, -518244, 846 
1719478662948.00, 43659, -517300, 824 
1719478662970.00, 43681, -516352, 808 
1719478662991.00, 43640, -515398, 829 
1719478663014.00, 43795, -514449, 806 
1719478663035.00, 43514, -513507, 825 
1719478663056.00, 43608, -512560, 818 
1719478663078.00, 43731, -511620, 828 
1719478663099.00, 43646, -510675, 836 
1719478663122.00, 43561, -509727, 855 
1719478663143.00, 43701, -508773, 896 
1719478663164.00, 43845, -507827, 904 
1719478663186.00, 43514, -506883, 927 
1719478663208.00, 43738, -505934, 930 
1719478663230.00, 43655, -504988, 952 
1719478663252.00, 43748, -504045, 948 
1719478663273.00, 43700, -503096, 962 
1719478663294.00, 43677, -502145, 999 
1719478663317.00, 43610, -501200, 970 
1719478663338.00, 43456, -500255, 992 
1719478663359.00, 43605, -499305, 1003 
1719478663382.00, 43627, -498353, 995 
1719478663403.00, 43566, -497410, 1012 
1719478663424.00, 43652, -496460, 1016 
1719478663447.00, 43741, -495507, 1007 
1719478663468.00, 43796, -494562, 1035 
1719478663490.00, 43655, -493615, 1029 
1719478663512.00, 43714, -492662, 1014 
1719478663533.00, 43733, -491712, 1018 
1719478663561.00, 43652, -490757, 1017 
1719478663576.00, 43571, -489807, 1027 
1719478663598.00, 43700, -488857, 1015 
1719478663620.00, 43903, -487907, 1024 
1719478663642.00, 43662, -486960, 1045 
1719478663667.00, 43759, -486009, 1056 
1719478663686.00, 43543, -485057, 1063 
1719478663708.00, 43464, -484103, 1086 
1719478663729.00, 43681, -483151, 1090 
1719478663750.00, 43649, -482201, 1100 
1719478663772.00, 43605, -481249, 1088 
1719478663794.00, 43537, -480305, 1090 
1719478663816.00, 43566, -479360, 1046 
1719478663838.00, 43563, -478410, 1060 
1719478663860.00, 43755, -477467, 1050 
1719478663881.00, 43700, -476512, 1051 
1719478663903.00, 43887, -475560, 1050 
1719478663925.00, 43596, -474609, 1058 
1719478663945.00, 43452, -473658, 1071 
1719478663967.00, 43657, -472708, 1083 
1719478663989.00, 43847, -471759, 1102 
1719478664011.00, 43611, -470813, 1126 
1719478664033.00, 43570, -469859, 1130 
1719478664054.00, 43501, -468914, 1133 
1719478664076.00, 43672, -467961, 1135 
1719478664098.00, 43632, -467011, 1141 
1719478664120.00, 43696, -466060, 1139 
1719478664142.00, 43553, -465108, 1148 
1719478664163.00, 43559, -464160, 1134 
1719478664185.00, 43380, -463209, 1119 
1719478664206.00, 43502, -462268, 1073 
1719478664228.00, 43651, -461322, 1064 
1719478664250.00, 43795, -460378, 1051 
1719478664272.00, 43705, -459429, 1051 
1719478664294.00, 43643, -458474, 1054 
1719478664315.00, 43607, -457524, 1072 
1719478664337.00, 43656, -456573, 1077 
1719478664359.00, 43756, -455627, 1094 
1719478664380.00, 43738, -454676, 1119 
1719478664402.00, 43592, -453727, 1127 
1719478664424.00, 43801, -452777, 1144 
1719478664446.00, 43765, -451824, 1158 
1719478664468.00, 43549, -450871, 1181 
1719478664489.00, 43762, -449917, 1176 
1719478664511.00, 43918, -448963, 1171 
1719478664533.00, 43708, -448018, 1180 
1719478664555.00, 43661, -447068, 1190 
1719478664576.00, 43524, -446118, 1183 
1719478664598.00, 43759, -445170, 1180 
1719478664620.00, 43876, -444225, 1181 
1719478664641.00, 43578, -443274, 1163 
1719478664666.00, 43558, -442321, 1173 
1719478664685.00, 43597, -441376, 1147 
1719478664706.00, 43499, -440425, 1161 
1719478664728.00, 43714, -439480, 1135 
1719478664750.00, 43728, -438530, 1130 
1719478664772.00, 43737, -437584, 1105 
1719478664793.00, 43821, -436634, 1113 
1719478664815.00, 43546, -435681, 1099 
1719478664837.00, 43488, -434732, 1101 
1719478664858.00, 43653, -433782, 1086 
1719478664881.00, 43803, -432833, 1062 
1719478664901.00, 43687, -431884, 1071 
1719478664924.00, 25030, -430938, 1053 
1719478664946.00, 13694, -430373, 1051 
1719478664967.00, 6945, -430060, 1097 
1719478664989.00, 2866, -429902, 1121 
1719478665011.00, 527, -429838, 1101 
1719478665032.00, -26, -429825, 1052 
1719478665054.00, -515, -429829, 971 
1719478665075.00, -1424, -429837, 839 
1719478665096.00, -2138, -429872, 678 
1719478665117.00, -2408, -429925, 501 
1719478665138.00, -2519, -429984, 315 
1719478665160.00, -2419, -430043, 227 
1719478665182.00, -2349, -430101, 143 
1719478665206.00, -2294, -430155, 66 
1719478665225.00, -2190, -430210, 1 
1719478665245.00, -2046, -430265, -47 
1719478665267.00, -4965, -430317, -90 
1719478665289.00, -9280, -430418, -123 
1719478665316.00, -13582, -430615, -157 
1719478665332.00, -18084, -430907, -188 
1719478665353.00, -22874, -431300, -206 
1719478665375.00, -26720, -431791, -230 
1719478665397.00, -30405, -432365, -247 
1719478665422.00, -33562, -433013, -260 
1719478665440.00, -36172, -433736, -250 
1719478665462.00, -36934, -434530, -342 
1719478665484.00, -41168, -435330, -308 
1719478665505.00, -43443, -436215, -334 
1719478665528.00, -43950, -437156, -353 
1719478665548.00, -43649, -438111, -373 
1719478665570.00, -43602, -439058, -396 
1719478665592.00, -43631, -440003, -425 
1719478665613.00, -43758, -440952, -448 
1719478665636.00, -43666, -441902, -459 
1719478665657.00, -43878, -442846, -461 
1719478665678.00, -43525, -443798, -491 
1719478665700.00, -43584, -444749, -516 
1719478665722.00, -43559, -445694, -513 
1719478665745.00, -43719, -446640, -532 
1719478665765.00, -43767, -447591, -553 
1719478665787.00, -43727, -448532, -559 
1719478665808.00, -43751, -449476, -570 
1719478665830.00, -43667, -450427, -583 
1719478665855.00, -43569, -451382, -586 
1719478665873.00, -43752, -452326, -597 
1719478665895.00, -43778, -453272, -603 
1719478665916.00, -43568, -454223, -612 
1719478665938.00, -43666, -455162, -616 
1719478665959.00, -43771, -456109, -624 
1719478665981.00, -43770, -457058, -625 
1719478666003.00, -43621, -458008, -632 
1719478666024.00, -43817, -458950, -637 
1719478666046.00, -43659, -459900, -646 
1719478666067.00, -43792, -460849, -643 
1719478666090.00, -43683, -461792, -653 
1719478666110.00, -43687, -462733, -659 
1719478666132.00, -43669, -463683, -676 
1719478666155.00, -43690, -464633, -676 
1719478666177.00, -43746, -465575, -681 
1719478666197.00, -43751, -466526, -688 
1719478666219.00, -43590, -467478, -679 
1719478666241.00, -43675, -468421, -687 
1719478666263.00, -43806, -469364, -682 
1719478666284.00, -43378, -470317, -686 
1719478666306.00, -43624, -471262, -679 
1719478666327.00, -43753, -472201, -696 
1719478666349.00, -43509, -473148, -708 
1719478666371.00, -43722, -474095, -702 
1719478666392.00, -43820, -475039, -719 
1719478666414.00, -43401, -475986, -716 
1719478666435.00, -43540, -476937, -715 
1719478666457.00, -43694, -477880, -711 
1719478666478.00, -43640, -478825, -721 
1719478666500.00, -43628, -479773, -731 
1719478666522.00, -43760, -480720, -734 
1719478666544.00, -43660, -481656, -738 
1719478666565.00, -43909, -482604, -742 
1719478666587.00, -43667, -483561, -746 
1719478666610.00, -43781, -484508, -747 
1719478666632.00, -43689, -485453, -745 
1719478666652.00, -43779, -486403, -759 
1719478666673.00, -43623, -487349, -755 
1719478666695.00, -43556, -488288, -743 
1719478666716.00, -43752, -489233, -755 
1719478666741.00, -43670, -490183, -760 
1719478666760.00, -43579, -491131, -756 
1719478666782.00, -43644, -492075, -754 
1719478666804.00, -43666, -493026, -751 
1719478666825.00, -43633, -493976, -750 
1719478666846.00, -43702, -494913, -746 
1719478666869.00, -43608, -495856, -738 
1719478666890.00, -43720, -496806, -727 
1719478666911.00, -43560, -497750, -726 
1719478666933.00, -43711, -498692, -712 
1719478666955.00, -43635, -499641, -709 
1719478666977.00, -43697, -500595, -733 
1719478666998.00, -43724, -501542, -748 
1719478667020.00, -43729, -502485, -734 
1719478667042.00, -43600, -503439, -738 
1719478667065.00, -43661, -504384, -775 
1719478667085.00, -43724, -505323, -769 
1719478667106.00, -43581, -506273, -765 
1719478667128.00, -43565, -507225, -796 
1719478667149.00, -43700, -508168, -802 
1719478667175.00, -43608, -509111, -775 
1719478667193.00, -43562, -510068, -766 
1719478667214.00, -43656, -511007, -781 
1719478667236.00, -43609, -511950, -759 
1719478667258.00, -43511, -512892, -750 
1719478667283.00, -43697, -513839, -751 
1719478667301.00, -43737, -514776, -734 
1719478667323.00, -43645, -515725, -724 
1719478667345.00, -43710, -516683, -730 
1719478667367.00, -43705, -517628, -718 
1719478667393.00, -43449, -518572, -721 
1719478667409.00, -43654, -519520, -722 
1719478667431.00, -43707, -520461, -738 
1719478667453.00, -43486, -521404, -720 
1719478667474.00, -43534, -522354, -713 
1719478667500.00, -43718, -523301, -727 
1719478667518.00, -43536, -524245, -728 
1719478667538.00, -43649, -525190, -703 
1719478667561.00, -43742, -526140, -714 
1719478667582.00, -43650, -527087, -730 
1719478667610.00, -43572, -528026, -726 
1719478667626.00, -43648, -528972, -703 
1719478667647.00, -43833, -529923, -714 
1719478667669.00, -43604, -530863, -707 
1719478667691.00, -43697, -531805, -690 
1719478667713.00, -43593, -532756, -676 
1719478667734.00, -43649, -533706, -662 
1719478667756.00, -43714, -534650, -679 
1719478667777.00, -43637, -535596, -677 
1719478667799.00, -43631, -536550, -665 
1719478667821.00, -43783, -537488, -692 
1719478667842.00, -43743, -538433, -688 
1719478667864.00, -43499, -539379, -668 
1719478667886.00, -43600, -540324, -649 
1719478667907.00, -43598, -541267, -632 
1719478667929.00, -43395, -542216, -612 
1719478667950.00, -43539, -543163, -588 
1719478667972.00, -43776, -544098, -559 
1719478667994.00, -43542, -545038, -539 
1719478668015.00, -43751, -545986, -526 
1719478668037.00, -43683, -546929, -524 
1719478668059.00, -43466, -547873, -512 
1719478668080.00, -43672, -548826, -509 
1719478668102.00, -43784, -549770, -511 
1719478668124.00, -43548, -550716, -510 
1719478668146.00, -43369, -551660, -501 
1719478668167.00, -43466, -552611, -492 
1719478668188.00, -43464, -553547, -491 
1719478668210.00, -43653, -554487, -486 
1719478668231.00, -43876, -555430, -467 
1719478668253.00, -43465, -556377, -450 
1719478668275.00, -43709, -557320, -453 
1719478668296.00, -43576, -558264, -436 
1719478668318.00, -43548, -559215, -427 
1719478668339.00, -43676, -560151, -425 
1719478668361.00, -43923, -561098, -422 
1719478668383.00, -43428, -562047, -419 
1719478668405.00, -43691, -562988, -415 
1719478668425.00, -43724, -563927, -429 
1719478668448.00, -43555, -564880, -461 
1719478668469.00, -43585, -565837, -502 
1719478668491.00, -43728, -566777, -516 
1719478668513.00, -43540, -567723, -532 
1719478668534.00, -43656, -568678, -565 
1719478668556.00, -43644, -569620, -556 
1719478668578.00, -43619, -570559, -542 
1719478668599.00, -43575, -571504, -555 
1719478668621.00, -43747, -572452, -564 
1719478668642.00, -43500, -573398, -550 
1719478668664.00, -43571, -574345, -550 
1719478668686.00, -43660, -575296, -572 
1719478668707.00, -43746, -576238, -558 
1719478668729.00, -43711, -577176, -548 
1719478668750.00, -43894, -578124, -566 
1719478668772.00, -43706, -579069, -558 
1719478668794.00, -43526, -580007, -540 
1719478668815.00, -43617, -580960, -542 
1719478668837.00, -43656, -581908, -542 
1719478668859.00, -43596, -582850, -515 
1719478668880.00, -43792, -583794, -504 
1719478668902.00, -43424, -584740, -499 
1719478668924.00, -43488, -585680, -474 
1719478668945.00, -43692, -586622, -472 
1719478668967.00, -43474, -587568, -472 
1719478668988.00, -43492, -588516, -476 
1719478669010.00, -43691, -589454, -461 
1719478669032.00, -43627, -590396, -446 
1719478669054.00, -43558, -591345, -450 
1719478669075.00, -43566, -592289, -434 
1719478669096.00, -43460, -593232, -421 
1719478669118.00, -24630, -594172, -417 
1719478669142.00, -13732, -594736, -423 
1719478669162.00, -6896, -595046, -433 
1719478669183.00, -2927, -595207, -433 
1719478669205.00, -604, -595277, -458 
1719478669226.00, 7, -595294, -462 
1719478669251.00, 736, -595295, -448 
1719478669269.00, 1336, -595284, -406 
1719478669291.00, 1816, -595255, -347 
1719478669312.00, 2049, -595216, -299 
1719478669334.00, 2220, -595166, -244 
1719478669356.00, 2347, -595116, -191 
1719478669377.00, 2356, -595062, -132 
1719478669399.00, 2401, -595007, -79 
1719478669420.00, 2388, -594952, -15 
1719478669442.00, 2329, -594896, 53 
1719478669465.00, 5604, -594841, 110 
1719478669485.00, 10668, -594725, 155 
1719478669507.00, 16508, -594489, 211 
1719478669528.00, 23144, -594134, 271 
1719478669550.00, 30987, -593635, 309 
1719478669577.00, 38142, -592982, 294 
1719478669593.00, 41269, -592159, 475 
1719478669615.00, 43771, -591278, 397 
1719478669637.00, 43777, -590325, 447 
1719478669658.00, 43645, -589377, 490 
1719478669684.00, 43770, -588431, 494 
1719478669702.00, 43753, -587482, 515 
1719478669723.00, 43809, -586530, 552 
1719478669745.00, 43653, -585586, 586 
1719478669766.00, 43731, -584638, 573 
1719478669789.00, 43674, -583688, 594 
1719478669810.00, 43617, -582745, 610 
1719478669832.00, 43703, -581797, 644 
1719478669852.00, 43821, -580842, 637 
1719478669875.00, 43523, -579890, 664 
1719478669902.00, 43843, -578949, 685 
1719478669918.00, 43694, -578001, 684 
1719478669940.00, 43711, -577055, 705 
1719478669961.00, 43693, -576113, 715 
1719478669985.00, 43834, -575165, 737 
1719478670004.00, 43753, -574214, 740 
1719478670026.00, 43614, -573264, 756 
1719478670048.00, 43754, -572315, 784 
1719478670070.00, 43822, -571369, 770 
1719478670091.00, 43631, -570422, 791 
1719478670113.00, 43784, -569478, 795 
1719478670134.00, 43674, -568534, 791 
1719478670155.00, 43676, -567583, 795 
1719478670177.00, 43736, -566634, 804 
1719478670199.00, 43699, -565691, 810 
1719478670221.00, 43779, -564740, 812 
1719478670242.00, 43558, -563789, 830 
1719478670264.00, 43740, -562849, 840 
1719478670286.00, 43747, -561903, 844 
1719478670308.00, 43561, -560951, 857 
1719478670330.00, 43659, -560004, 869 
1719478670350.00, 43824, -559065, 870 
1719478670372.00, 43548, -558114, 881 
1719478670394.00, 43677, -557170, 887 
1719478670416.00, 43807, -556225, 893 
1719478670437.00, 43643, -555276, 890 
1719478670458.00, 43508, -554328, 899 
1719478670480.00, 43751, -553384, 896 
1719478670502.00, 43667, -552441, 905 
1719478670524.00, 43574, -551495, 902 
1719478670545.00, 43715, -550551, 902 
1719478670570.00, 43681, -549605, 906 
1719478670589.00, 43677, -548654, 902 
1719478670610.00, 43784, -547701, 903 
1719478670632.00, 43707, -546755, 901 
1719478670654.00, 43623, -545813, 905 
1719478670675.00, 43752, -544867, 905 
1719478670696.00, 43801, -543922, 910 
1719478670719.00, 43673, -542979, 921 
1719478670740.00, 43724, -542026, 934 
1719478670762.00, 43833, -541076, 933 
1719478670783.00, 43474, -540126, 950 
1719478670805.00, 43429, -539184, 943 
1719478670827.00, 43635, -538238, 954 
1719478670848.00, 43672, -537296, 961 
1719478670870.00, 43430, -536356, 959 
1719478670892.00, 43552, -535405, 977 
1719478670913.00, 43600, -534464, 965 
1719478670935.00, 43624, -533515, 978 
1719478670957.00, 43764, -532569, 980 
1719478670978.00, 43603, -531618, 996 
1719478671001.00, 43554, -530672, 989 
1719478671021.00, 43732, -529729, 992 
1719478671043.00, 43580, -528784, 1002 
1719478671065.00, 43478, -527831, 1002 
1719478671087.00, 43639, -526886, 993 
1719478671110.00, 43770, -525943, 990 
1719478671129.00, 43639, -524995, 996 
1719478671151.00, 43564, -524046, 1002 
1719478671173.00, 43567, -523099, 1004 
1719478671195.00, 43577, -522148, 1005 
1719478671218.00, 43783, -521194, 1009 
1719478671238.00, 43558, -520251, 1028 
1719478671260.00, 43692, -519303, 1034 
1719478671282.00, 43661, -518351, 1044 
1719478671304.00, 43550, -517399, 1023 
1719478671328.00, 43522, -516451, 1036 
1719478671347.00, 43734, -515495, 1031 
1719478671369.00, 43682, -514543, 1034 
1719478671391.00, 43738, -513598, 1019 
1719478671412.00, 43465, -512644, 1036 
1719478671434.00, 43555, -511700, 1017 
1719478671456.00, 43754, -510753, 1026 
1719478671477.00, 43766, -509805, 1020 
1719478671500.00, 43517, -508849, 1021 
1719478671521.00, 43769, -507899, 1037 
1719478671545.00, 43698, -506952, 1053 
1719478671565.00, 43730, -506000, 1046 
1719478671586.00, 43660, -505050, 1056 
1719478671608.00, 43757, -504102, 1062 
1719478671630.00, 43761, -503151, 1046 
1719478671654.00, 43758, -502198, 1038 
1719478671673.00, 43508, -501247, 1027 
1719478671694.00, 43416, -500297, 1060 
1719478671716.00, 43736, -499346, 1047 
1719478671738.00, 43716, -498398, 1048 
1719478671764.00, 43455, -497448, 1047 
1719478671782.00, 43529, -496501, 1016 
1719478671803.00, 43623, -495551, 1038 
1719478671825.00, 43774, -494605, 1024 
1719478671846.00, 43570, -493661, 1018 
1719478671873.00, 43399, -492705, 1040 
1719478671891.00, 43682, -491756, 1042 
1719478671912.00, 43583, -490803, 1050 
1719478671933.00, 43532, -489855, 1035 
1719478671955.00, 43572, -488903, 1056 
1719478671981.00, 43792, -487957, 1051 
1719478671999.00, 43629, -487013, 1026 
1719478672021.00, 43585, -486063, 1022 
1719478672042.00, 43517, -485112, 1046 
1719478672064.00, 43509, -484162, 1044 
1719478672091.00, 43557, -483207, 1051 
1719478672108.00, 43602, -482256, 1047 
1719478672130.00, 43744, -481307, 1047 
1719478672151.00, 43666, -480363, 1054 
1719478672173.00, 43664, -479414, 1040 
1719478672196.00, 43724, -478462, 1067 
1719478672216.00, 43643, -477516, 1070 
1719478672238.00, 43675, -476560, 1062 
1719478672260.00, 43785, -475608, 1056 
1719478672281.00, 43561, -474656, 1049 
1719478672305.00, 43454, -473710, 1049 
1719478672325.00, 43644, -472763, 1045 
1719478672346.00, 43897, -471812, 1059 
1719478672368.00, 43780, -470865, 1072 
1719478672390.00, 43547, -469912, 1057 
1719478672412.00, 43754, -468966, 1043 
1719478672434.00, 43658, -468015, 1044 
1719478672455.00, 43603, -467064, 1041 
1719478672477.00, 43639, -466114, 1036 
1719478672498.00, 43726, -465159, 1041 
1719478672520.00, 43754, -464212, 1021 
1719478672542.00, 43703, -463260, 1030 
1719478672564.00, 43455, -462311, 1051 
1719478672586.00, 43361, -461363, 1056 
1719478672607.00, 43700, -460420, 1044 
1719478672629.00, 43622, -459473, 1022 
1719478672651.00, 43550, -458519, 1009 
1719478672672.00, 43647, -457570, 1006 
1719478672694.00, 43626, -456623, 1009 
1719478672715.00, 43755, -455673, 980 
1719478672737.00, 43717, -454732, 970 
1719478672759.00, 43755, -453789, 965 
1719478672781.00, 43731, -452845, 951 
1719478672805.00, 43469, -451894, 946 
1719478672824.00, 43586, -450951, 940 
1719478672846.00, 43758, -450000, 941 
1719478672868.00, 43703, -449053, 936 
1719478672891.00, 43739, -448105, 980 
1719478672910.00, 43783, -447161, 994 
1719478672932.00, 43484, -446215, 1006 
1719478672953.00, 43253, -445267, 996 
1719478672975.00, 43462, -444329, 973 
1719478672997.00, 43404, -443383, 973 
1719478673019.00, 43737, -442443, 938 
1719478673040.00, 43710, -441498, 936 
1719478673062.00, 43407, -440555, 936 
1719478673083.00, 43709, -439609, 926 
1719478673105.00, 43776, -438664, 943 
1719478673127.00, 43583, -437720, 939 
1719478673148.00, 43582, -436774, 930 
1719478673170.00, 43743, -435831, 916 
1719478673191.00, 43589, -434883, 911 
1719478673213.00, 43643, -433935, 916 
1719478673235.00, 43911, -432988, 929 
1719478673256.00, 43695, -432039, 951 
1719478673278.00, 24861, -431098, 944 
1719478673303.00, 13732, -430531, 965 
1719478673322.00, 6973, -430221, 979 
1719478673343.00, 2965, -430062, 1013 
1719478673365.00, 599, -429991, 1046 
1719478673385.00, -65, -429977, 1006 
1719478673409.00, -388, -429978, 963 
1719478673428.00, -1125, -429983, 913 
1719478673450.00, -1753, -430006, 816 
1719478673471.00, -2216, -430046, 702 
1719478673493.00, -2446, -430102, 558 
1719478673515.00, -2523, -430157, 430 
1719478673536.00, -2577, -430216, 348 
1719478673558.00, -2547, -430274, 259 
1719478673579.00, -2502, -430331, 176 
1719478673600.00, -2409, -430389, 99 
1719478673625.00, -2314, -430443, 46 
1719478673643.00, -2222, -430496, -7 
1719478673665.00, -2128, -430554, -65 
1719478673686.00, -6027, -430604, -122 
1719478673708.00, -11555, -430730, -168 
1719478673736.00, -17705, -430977, -208 
1719478673752.00, -23379, -431359, -242 
1719478673773.00, -29228, -431862, -239 
1719478673794.00, -32352, -432498, -423 
1719478673816.00, -38524, -433193, -373 
1719478673843.00, -42301, -434024, -398 
1719478673859.00, -43830, -434943, -435 
1719478673881.00, -43861, -435889, -452 
1719478673902.00, -43606, -436836, -519 
1719478673924.00, -43851, -437785, -480 
1719478673950.00, -43880, -438738, -521 
1719478673967.00, -43614, -439679, -533 
1719478673989.00, -43788, -440629, -542 
1719478674011.00, -43683, -441578, -558 
1719478674032.00, -43527, -442523, -576 
1719478674062.00, -43453, -443469, -588 
1719478674075.00, -43671, -444422, -594 
1719478674097.00, -43651, -445364, -605 
1719478674119.00, -43642, -446305, -607 
1719478674141.00, -43600, -447251, -617 
1719478674164.00, -43721, -448200, -617 
1719478674183.00, -43592, -449139, -627 
1719478674205.00, -43806, -450088, -631 
1719478674227.00, -43829, -451041, -636 
1719478674248.00, -43603, -451992, -675 
1719478674270.00, -43738, -452934, -644 
1719478674292.00, -43767, -453882, -656 
1719478674313.00, -43591, -454829, -661 
1719478674335.00, -43665, -455766, -657 
1719478674357.00, -43797, -456710, -660 
1719478674378.00, -43555, -457664, -664 
1719478674399.00, -43721, -458609, -683 
1719478674421.00, -43808, -459552, -680 
1719478674443.00, -43584, -460505, -676 
1719478674465.00, -43590, -461450, -679 
1719478674486.00, -43648, -462385, -688 
1719478674508.00, -43662, -463333, -684 
1719478674529.00, -43794, -464281, -669 
1719478674551.00, -43657, -465223, -681 
1719478674573.00, -43616, -466169, -663 
1719478674595.00, -43589, -467120, -663 
1719478674616.00, -43717, -468067, -657 
1719478674638.00, -43691, -469010, -668 
1719478674659.00, -43552, -469956, -672 
1719478674681.00, -43664, -470909, -660 
1719478674703.00, -43703, -471847, -673 
1719478674724.00, -43697, -472790, -663 
1719478674745.00, -43872, -473738, -654 
1719478674768.00, -43782, -474685, -665 
1719478674789.00, -43539, -475630, -671 
1719478674811.00, -43461, -476581, -677 
1719478674833.00, -43629, -477530, -666 
1719478674854.00, -43625, -478473, -690 
1719478674876.00, -43650, -479415, -705 
1719478674897.00, -43651, -480362, -687 
1719478674919.00, -43608, -481304, -687 
1719478674940.00, -43742, -482245, -680 
1719478674962.00, -43730, -483198, -682 
1719478674983.00, -43643, -484149, -661 
1719478675006.00, -43651, -485091, -659 
1719478675027.00, -43758, -486041, -667 
1719478675049.00, -43638, -486988, -658 
1719478675071.00, -43589, -487930, -652 
1719478675092.00, -43661, -488872, -657 
1719478675114.00, -43721, -489820, -657 
1719478675136.00, -43525, -490768, -645 
1719478675157.00, -43704, -491717, -644 
1719478675179.00, -43709, -492662, -649 
1719478675200.00, -43540, -493614, -642 
1719478675222.00, -43587, -494555, -643 
1719478675244.00, -43640, -495497, -655 
1719478675267.00, -43550, -496442, -660 
1719478675287.00, -43645, -497394, -661 
1719478675308.00, -43753, -498333, -663 
1719478675330.00, -43753, -499282, -671 
1719478675352.00, -43596, -500235, -675 
1719478675374.00, -43714, -501181, -679 
1719478675394.00, -43594, -502127, -679 
1719478675417.00, -43522, -503075, -687 
1719478675438.00, -43697, -504025, -689 
1719478675460.00, -43807, -504964, -687 
1719478675482.00, -43578, -505907, -686 
1719478675503.00, -43772, -506860, -672 
1719478675525.00, -43752, -507803, -681 
1719478675547.00, -43538, -508746, -689 
1719478675569.00, -43662, -509700, -684 
1719478675594.00, -43743, -510645, -680 
1719478675612.00, -43572, -511591, -686 
1719478675633.00, -43569, -512533, -690 
1719478675654.00, -43551, -513482, -689 
1719478675676.00, -43682, -514418, -680 
1719478675700.00, -43758, -515368, -695 
1719478675720.00, -43743, -516320, -683 
1719478675741.00, -43700, -517271, -690 
1719478675763.00, -43503, -518214, -695 
1719478675784.00, -43678, -519163, -696 
1719478675806.00, -43769, -520111, -703 
1719478675828.00, -43486, -521048, -705 
1719478675850.00, -43599, -521993, -706 
1719478675871.00, -43726, -522942, -702 
1719478675893.00, -43602, -523888, -719 
1719478675915.00, -43709, -524834, -730 
1719478675936.00, -43749, -525783, -720 
1719478675958.00, -43579, -526734, -737 
1719478675979.00, -43669, -527675, -735 
1719478676001.00, -43747, -528619, -721 
1719478676023.00, -43572, -529566, -726 
1719478676044.00, -43672, -530511, -713 
1719478676066.00, -43764, -531452, -697 
1719478676087.00, -43681, -532400, -689 
1719478676110.00, -43700, -533355, -709 
1719478676131.00, -43775, -534300, -712 
1719478676152.00, -43835, -535244, -714 
1719478676174.00, -43639, -536199, -735 
1719478676195.00, -43723, -537142, -744 
1719478676217.00, -43719, -538084, -738 
1719478676239.00, -43659, -539032, -754 
1719478676261.00, -43693, -539980, -755 
1719478676282.00, -43906, -540923, -746 
1719478676304.00, -43669, -541870, -758 
1719478676325.00, -43589, -542826, -751 
1719478676347.00, -43714, -543770, -743 
1719478676371.00, -43747, -544710, -754 
1719478676390.00, -43554, -545658, -752 
1719478676412.00, -43722, -546600, -744 
1719478676434.00, -43752, -547546, -761 
1719478676456.00, -43523, -548493, -750 
1719478676477.00, -43662, -549446, -725 
1719478676499.00, -43769, -550391, -719 
1719478676520.00, -43459, -551329, -709 
1719478676542.00, -43636, -552280, -688 
1719478676563.00, -43666, -553223, -665 
1719478676585.00, -43385, -554163, -669 
1719478676606.00, -43602, -555109, -660 
1719478676629.00, -43795, -556054, -650 
1719478676650.00, -43598, -556997, -649 
1719478676672.00, -43654, -557940, -640 
1719478676693.00, -43738, -558890, -650 
1719478676715.00, -43634, -559836, -629 
1719478676736.00, -43679, -560777, -622 
1719478676758.00, -43693, -561723, -635 
1719478676780.00, -43714, -562674, -629 
1719478676801.00, -43550, -563612, -613 
1719478676823.00, -43689, -564556, -615 
1719478676844.00, -43719, -565510, -633 
1719478676867.00, -43714, -566456, -627 
1719478676888.00, -43786, -567399, -608 
1719478676910.00, -43718, -568349, -605 
1719478676932.00, -43522, -569293, -572 
1719478676953.00, -43769, -570230, -552 
1719478676975.00, -43746, -571173, -546 
1719478676997.00, -43476, -572124, -553 
1719478677018.00, -43546, -573070, -548 
1719478677039.00, -43726, -574015, -526 
1719478677062.00, -43522, -574960, -532 
1719478677083.00, -43630, -575907, -520 
1719478677105.00, -43662, -576848, -521 
1719478677126.00, -43600, -577790, -514 
1719478677149.00, -43709, -578737, -540 
1719478677169.00, -43802, -579685, -549 
1719478677191.00, -43661, -580630, -538 
1719478677212.00, -43571, -581580, -541 
1719478677234.00, -43584, -582527, -526 
1719478677256.00, -43575, -583466, -493 
1719478677278.00, -43581, -584409, -471 
1719478677299.00, -43831, -585354, -446 
1719478677320.00, -43805, -586295, -455 
1719478677343.00, -43513, -587241, -440 
1719478677364.00, -43675, -588190, -441 
1719478677386.00, -43755, -589134, -447 
1719478677408.00, -43572, -590078, -448 
1719478677429.00, -43708, -591022, -435 
1719478677451.00, -43622, -591970, -430 
1719478677473.00, -43481, -592913, -419 
1719478677494.00, -24698, -593852, -402 
1719478677515.00, -13356, -594418, -404 
1719478677537.00, -6851, -594726, -409 
1719478677563.00, -3070, -594879, -404 
1719478677580.00, -752, -594950, -436 
1719478677602.00, 50, -594968, -422 
1719478677623.00, 692, -594969, -412 
1719478677645.00, 1397, -594960, -402 
1719478677672.00, 1951, -594932, -359 
1719478677691.00, 2205, -594888, -291 
1719478677709.00, 2292, -594836, -207 
1719478677731.00, 2368, -594784, -164 
1719478677753.00, 2322, -594733, -137 
1719478677779.00, 2275, -594679, -95 
1719478677796.00, 2181, -594629, -45 
1719478677817.00, 2074, -594579, 0 
1719478677839.00, 1981, -594530, 37 
1719478677861.00, 4119, -594485, 79 
1719478677886.00, 7918, -594394, 122 
1719478677903.00, 13013, -594217, 163 
1719478677926.00, 18321, -593939, 205 
1719478677947.00, 24141, -593545, 247 
1719478677969.00, 29925, -593033, 291 
1719478677991.00, 35752, -592393, 323 
1719478678012.00, 40534, -591621, 308 
1719478678033.00, 43125, -590733, 438 
1719478678055.00, 43886, -589798, 461 
1719478678077.00, 43771, -588855, 481 
1719478678098.00, 43636, -587901, 536 
1719478678120.00, 43641, -586945, 589 
1719478678142.00, 43777, -586004, 593 
1719478678163.00, 43694, -585057, 624 
1719478678185.00, 43632, -584105, 655 
1719478678206.00, 43812, -583158, 662 
1719478678229.00, 43642, -582216, 671 
1719478678249.00, 43548, -581264, 683 
1719478678271.00, 43659, -580312, 694 
1719478678293.00, 43724, -579368, 690 
1719478678314.00, 43642, -578423, 706 
1719478678337.00, 43614, -577475, 711 
1719478678358.00, 43702, -576532, 707 
1719478678380.00, 43650, -575592, 725 
1719478678401.00, 43651, -574638, 726 
1719478678423.00, 43850, -573689, 733 
1719478678445.00, 43702, -572741, 752 
1719478678466.00, 43469, -571792, 743 
1719478678488.00, 43731, -570846, 758 
1719478678510.00, 43743, -569901, 770 
1719478678531.00, 43524, -568959, 773 
1719478678553.00, 43757, -568007, 782 
1719478678574.00, 43836, -567058, 803 
1719478678595.00, 43610, -566113, 803 
1719478678618.00, 43840, -565165, 807 
1719478678639.00, 43767, -564212, 816 
1719478678661.00, 43617, -563269, 818 
1719478678683.00, 43564, -562325, 821 
1719478678704.00, 43647, -561375, 829 
1719478678726.00, 43678, -560427, 831 
1719478678748.00, 43737, -559484, 821 
1719478678769.00, 43595, -558538, 836 
1719478678790.00, 43660, -557592, 841 
1719478678812.00, 43652, -556645, 838 
1719478678834.00, 43713, -555701, 851 
1719478678856.00, 43764, -554750, 851 
1719478678877.00, 43605, -553802, 855 
1719478678899.00, 43602, -552863, 869 
1719478678921.00, 43804, -551914, 877 
1719478678942.00, 43663, -550969, 882 
1719478678964.00, 43542, -550021, 888 
1719478678987.00, 43773, -549075, 887 
1719478679007.00, 43755, -548124, 887 
1719478679029.00, 43624, -547171, 899 
1719478679051.00, 43668, -546229, 889 
1719478679072.00, 43752, -545284, 893 
1719478679094.00, 43675, -544342, 885 
1719478679116.00, 43613, -543397, 890 
1719478679137.00, 43638, -542450, 902 
1719478679159.00, 43662, -541498, 898 
1719478679180.00, 43611, -540552, 900 
1719478679202.00, 43803, -539609, 896 
1719478679224.00, 43692, -538662, 899 
1719478679245.00, 43533, -537714, 905 
1719478679266.00, 43660, -536773, 898 
1719478679289.00, 43671, -535827, 912 
1719478679314.00, 43515, -534876, 916 
1719478679332.00, 43742, -533929, 933 
1719478679353.00, 43716, -532981, 950 
1719478679374.00, 43574, -532032, 962 
1719478679396.00, 43618, -531083, 966 
1719478679423.00, 43776, -530142, 974 
1719478679440.00, 43773, -529195, 963 
1719478679462.00, 43614, -528246, 979 
1719478679483.00, 43813, -527301, 980 
1719478679505.00, 43635, -526361, 981 
1719478679527.00, 43542, -525414, 973 
1719478679547.00, 43809, -524465, 984 
1719478679570.00, 43723, -523518, 1008 
1719478679592.00, 43680, -522567, 994 
1719478679613.00, 43592, -521616, 1006 
1719478679638.00, 43640, -520669, 998 
1719478679657.00, 43736, -519727, 997 
1719478679678.00, 43657, -518779, 1006 
1719478679700.00, 43772, -517829, 992 
1719478679722.00, 43732, -516885, 966 
1719478679746.00, 43581, -515934, 976 
1719478679765.00, 43549, -514983, 979 
1719478679787.00, 43773, -514042, 945 
1719478679808.00, 43533, -513098, 961 
1719478679830.00, 43454, -512150, 955 
1719478679853.00, 43685, -511206, 980 
1719478679873.00, 43624, -510265, 1001 
1719478679894.00, 43516, -509312, 1004 
1719478679916.00, 43765, -508356, 1042 
1719478679938.00, 43840, -507408, 1051 
1719478679964.00, 43615, -506457, 1060 
1719478679982.00, 43462, -505505, 1063 
1719478680004.00, 43572, -504555, 1074 
1719478680025.00, 43608, -503613, 1069 
1719478680047.00, 43626, -502660, 1075 
1719478680069.00, 43581, -501711, 1065 
1719478680091.00, 43695, -500757, 1070 
1719478680112.00, 43645, -499812, 1042 
1719478680134.00, 43586, -498859, 1029 
1719478680156.00, 43602, -497910, 1021 
1719478680177.00, 43816, -496964, 1009 
1719478680199.00, 43702, -496008, 1018 
1719478680220.00, 43701, -495060, 1016 
1719478680243.00, 43503, -494113, 1021 
1719478680264.00, 43480, -493166, 1023 
1719478680285.00, 43647, -492215, 1017 
1719478680308.00, 43859, -491264, 1035 
1719478680331.00, 43721, -490314, 1039 
1719478680351.00, 43581, -489359, 1012 
1719478680372.00, 43919, -488411, 992 
1719478680395.00, 43660, -487469, 1003 
1719478680416.00, 43578, -486521, 999 
1719478680437.00, 43794, -485579, 980 
1719478680459.00, 43792, -484631, 969 
1719478680481.00, 43674, -483681, 983 
1719478680502.00, 43660, -482729, 964 
1719478680524.00, 43589, -481783, 959 
1719478680545.00, 43617, -480843, 955 
1719478680568.00, 43822, -479899, 945 
1719478680589.00, 43779, -478953, 971 
1719478680611.00, 43753, -478004, 975 
1719478680633.00, 43570, -477060, 991 
1719478680654.00, 43587, -476108, 999 
1719478680676.00, 43796, -475161, 998 
1719478680697.00, 43550, -474217, 1002 
1719478680719.00, 43418, -473268, 983 
1719478680741.00, 43647, -472329, 922 
1719478680762.00, 43544, -471387, 899 
1719478680784.00, 43551, -470443, 891 
1719478680806.00, 43625, -469497, 870 
1719478680827.00, 43733, -468554, 863 
1719478680848.00, 43710, -467607, 875 
1719478680871.00, 43703, -466656, 884 
1719478680892.00, 43740, -465705, 886 
1719478680914.00, 43669, -464758, 894 
1719478680936.00, 43732, -463812, 907 
1719478680958.00, 43704, -462868, 915 
1719478680978.00, 43566, -461918, 926 
1719478681000.00, 43659, -460978, 944 
1719478681022.00, 43774, -460029, 940 
1719478681044.00, 43586, -459083, 947 
1719478681065.00, 43723, -458133, 943 
1719478681087.00, 43725, -457184, 945 
1719478681108.00, 43574, -456243, 919 
1719478681130.00, 43688, -455298, 917 
1719478681152.00, 43754, -454359, 902 
1719478681174.00, 43603, -453411, 898 
1719478681195.00, 43680, -452465, 893 
1719478681217.00, 43805, -451516, 891 
1719478681239.00, 43638, -450568, 890 
1719478681260.00, 43698, -449621, 876 
1719478681282.00, 43717, -448672, 887 
1719478681303.00, 43636, -447729, 901 
1719478681325.00, 43645, -446783, 917 
1719478681347.00, 43807, -445834, 937 
1719478681368.00, 43712, -444889, 942 
1719478681389.00, 43720, -443944, 930 
1719478681411.00, 43625, -442996, 914 
1719478681433.00, 43747, -442049, 917 
1719478681455.00, 43679, -441106, 905 
1719478681476.00, 43556, -440160, 911 
1719478681500.00, 43671, -439214, 902 
1719478681520.00, 43680, -438269, 902 
1719478681541.00, 43439, -437320, 920 
1719478681563.00, 43759, -436377, 917 
1719478681585.00, 43689, -435428, 942 
1719478681611.00, 43665, -434485, 946 
1719478681628.00, 43708, -433533, 935 
1719478681650.00, 43721, -432585, 927 
1719478681671.00, 43597, -431640, 918 
1719478681693.00, 24774, -430698, 930 
1719478681714.00, 13656, -430134, 943 
1719478681736.00, 6939, -429828, 949 
1719478681758.00, 2986, -429668, 981 
1719478681779.00, 628, -429601, 961 
1719478681801.00, -35, -429586, 947 
1719478681825.00, -360, -429586, 950 
1719478681843.00, -919, -429588, 941 
1719478681864.00, -1671, -429605, 891 
1719478681886.00, -2203, -429641, 805 
1719478681907.00, -2510, -429695, 674 
1719478681931.00, -2791, -429758, 508 
1719478681950.00, -2754, -429821, 374 
1719478681972.00, -2471, -429887, 268 
1719478681993.00, -2284, -429949, 173 
1719478682015.00, -2239, -430003, 94 
1719478682035.00, -2102, -430056, 28 
1719478682058.00, -2021, -430106, -28 
1719478682079.00, -3744, -430160, -86 
1719478682100.00, -8104, -430239, -127 
1719478682122.00, -13563, -430412, -171 
1719478682144.00, -18877, -430698, -215 
1719478682165.00, -25028, -431105, -244 
1719478682188.00, -30066, -431644, -266 
1719478682208.00, -34540, -432292, -316 
1719478682230.00, -40055, -433034, -332 
1719478682252.00, -43376, -433897, -371 
1719478682274.00, -43861, -434834, -400 
1719478682295.00, -43666, -435779, -417 
1719478682317.00, -43561, -436725, -430 
1719478682339.00, -43690, -437677, -445 
1719478682360.00, -43731, -438629, -460 
1719478682386.00, -43659, -439574, -485 
1719478682404.00, -43705, -440519, -476 
1719478682425.00, -43625, -441470, -498 
1719478682447.00, -43486, -442418, -516 
1719478682468.00, -43736, -443362, -517 
1719478682490.00, -43764, -444316, -533 
1719478682511.00, -43839, -445261, -545 
1719478682533.00, -43516, -446204, -560 
1719478682555.00, -43781, -447156, -569 
1719478682576.00, -43673, -448103, -582 
1719478682598.00, -43522, -449043, -599 
1719478682620.00, -43620, -449995, -614 
1719478682642.00, -43826, -450948, -630 
1719478682663.00, -43558, -451897, -646 
1719478682684.00, -43757, -452845, -649 
1719478682706.00, -43678, -453794, -668 
1719478682728.00, -43682, -454740, -673 
1719478682749.00, -43495, -455680, -690 
1719478682771.00, -43763, -456628, -696 
1719478682792.00, -43661, -457573, -697 
1719478682814.00, -43655, -458523, -707 
1719478682836.00, -43591, -459469, -721 
1719478682857.00, -43749, -460420, -730 
1719478682879.00, -43613, -461365, -716 
1719478682901.00, -43717, -462302, -726 
1719478682924.00, -43692, -463250, -726 
1719478682944.00, -43748, -464198, -712 
1719478682965.00, -43521, -465143, -730 
1719478682987.00, -43606, -466089, -731 
1719478683009.00, -43677, -467039, -738 
1719478683031.00, -43682, -467990, -736 
1719478683053.00, -43857, -468933, -759 
1719478683074.00, -43649, -469880, -784 
1719478683095.00, -43689, -470833, -767 
1719478683117.00, -43718, -471777, -783 
1719478683139.00, -43770, -472720, -789 
1719478683161.00, -43597, -473669, -789 
1719478683183.00, -43567, -474615, -783 
1719478683204.00, -43743, -475557, -803 
1719478683225.00, -43736, -476506, -800 
1719478683250.00, -43629, -477463, -794 
1719478683269.00, -43772, -478404, -818 
1719478683290.00, -43571, -479348, -818 
1719478683312.00, -43643, -480293, -796 
1719478683334.00, -43687, -481236, -813 
1719478683358.00, -43496, -482177, -810 
1719478683377.00, -43426, -483126, -783 
1719478683399.00, -43554, -484078, -771 
1719478683421.00, -43650, -485021, -785 
1719478683442.00, -43515, -485964, -776 
1719478683464.00, -43624, -486913, -753 
1719478683485.00, -43741, -487857, -759 
1719478683507.00, -43563, -488796, -755 
1719478683529.00, -43552, -489740, -747 
1719478683551.00, -43702, -490688, -731 
1719478683571.00, -43619, -491635, -746 
1719478683596.00, -43582, -492583, -729 
1719478683616.00, -43779, -493532, -728 
1719478683637.00, -43744, -494473, -722 
1719478683659.00, -43619, -495413, -723 
1719478683680.00, -43701, -496362, -726 
1719478683701.00, -43655, -497312, -734 
1719478683724.00, -43717, -498257, -752 
1719478683745.00, -43666, -499201, -742 
1719478683767.00, -43698, -500159, -744 
1719478683794.00, -43649, -501104, -777 
1719478683810.00, -43794, -502051, -769 
1719478683831.00, -43731, -502997, -746 
1719478683853.00, -43659, -503946, -766 
1719478683874.00, -43712, -504892, -771 
1719478683897.00, -43798, -505834, -753 
1719478683919.00, -43516, -506782, -731 
1719478683940.00, -43516, -507728, -748 
1719478683962.00, -43662, -508668, -733 
1719478683983.00, -43541, -509619, -721 
1719478684004.00, -43545, -510568, -735 
1719478684027.00, -43697, -511510, -736 
1719478684048.00, -43666, -512449, -731 
1719478684070.00, -43701, -513400, -734 
1719478684091.00, -43730, -514342, -745 
1719478684113.00, -43487, -515288, -732 
1719478684134.00, -43538, -516241, -723 
1719478684156.00, -43665, -517189, -737 
1719478684177.00, -43630, -518131, -728 
1719478684200.00, -43503, -519079, -716 
1719478684221.00, -43733, -520026, -729 
1719478684243.00, -43724, -520965, -724 
1719478684265.00, -43664, -521907, -704 
1719478684286.00, -43667, -522861, -715 
1719478684308.00, -43702, -523806, -714 
1719478684330.00, -43600, -524749, -702 
1719478684351.00, -43553, -525699, -709 
1719478684373.00, -43711, -526649, -708 
1719478684395.00, -43753, -527589, -696 
1719478684415.00, -43657, -528534, -685 
1719478684437.00, -43723, -529484, -698 
1719478684459.00, -43700, -530426, -691 
1719478684481.00, -43663, -531368, -681 
1719478684503.00, -43678, -532320, -698 
1719478684524.00, -43642, -533271, -705 
1719478684546.00, -43494, -534218, -698 
1719478684568.00, -43623, -535163, -703 
1719478684589.00, -43719, -536111, -707 
1719478684610.00, -43626, -537054, -702 
1719478684632.00, -43590, -537997, -702 
1719478684653.00, -43692, -538942, -727 
1719478684676.00, -43617, -539891, -719 
1719478684697.00, -43665, -540833, -710 
1719478684719.00, -43745, -541783, -741 
1719478684740.00, -43627, -542738, -733 
1719478684762.00, -43707, -543677, -707 
1719478684784.00, -43751, -544621, -724 
1719478684805.00, -43553, -545565, -711 
1719478684827.00, -43584, -546508, -684 
1719478684848.00, -43733, -547447, -666 
1719478684870.00, -43572, -548397, -677 
1719478684892.00, -43647, -549349, -663 
1719478684913.00, -43798, -550293, -636 
1719478684934.00, -43615, -551234, -639 
1719478684957.00, -43508, -552184, -632 
1719478684979.00, -43641, -553127, -615 
1719478685000.00, -43685, -554067, -623 
1719478685022.00, -43663, -555013, -614 
1719478685043.00, -43751, -555960, -601 
1719478685064.00, -43706, -556904, -596 
1719478685086.00, -43614, -557848, -588 
1719478685108.00, -43611, -558794, -559 
1719478685129.00, -43636, -559735, -518 
1719478685151.00, -43504, -560677, -498 
1719478685173.00, -43650, -561622, -478 
1719478685194.00, -43744, -562567, -461 
1719478685218.00, -43853, -563506, -458 
1719478685238.00, -43736, -564454, -461 
1719478685260.00, -43685, -565407, -461 
1719478685281.00, -43530, -566351, -459 
1719478685303.00, -43545, -567297, -465 
1719478685333.00, -43677, -568243, -465 
1719478685346.00, -43792, -569190, -472 
1719478685368.00, -43691, -570132, -483 
1719478685389.00, -43719, -571073, -486 
1719478685411.00, -43468, -572025, -502 
1719478685433.00, -43530, -572971, -489 
1719478685454.00, -43685, -573916, -483 
1719478685476.00, -43670, -574862, -469 
1719478685497.00, -43669, -575805, -445 
1719478685519.00, -43757, -576746, -438 
1719478685541.00, -43511, -577688, -444 
1719478685562.00, -43596, -578638, -459 
1719478685584.00, -43687, -579581, -467 
1719478685606.00, -43859, -580522, -466 
1719478685627.00, -43512, -581478, -475 
1719478685648.00, -43603, -582426, -480 
1719478685670.00, -43507, -583367, -488 
1719478685692.00, -43526, -584309, -472 
1719478685714.00, -43624, -585255, -469 
1719478685736.00, -43558, -586194, -443 
1719478685760.00, -43489, -587137, -410 
1719478685779.00, -43603, -588081, -395 
1719478685801.00, -43560, -589028, -385 
1719478685822.00, -43606, -589968, -385 
1719478685844.00, -43671, -590911, -369 
1719478685866.00, -43716, -591856, -353 
1719478685886.00, -43518, -592802, -354 
1719478685909.00, -24909, -593744, -339 
1719478685930.00, -13560, -594308, -326 
1719478685952.00, -7025, -594618, -326 
1719478685973.00, -3059, -594772, -320 
1719478685995.00, -691, -594845, -334 
1719478686016.00, 40, -594862, -314 
1719478686038.00, 774, -594862, -297 
1719478686060.00, 1495, -594850, -278 
1719478686081.00, 1866, -594821, -243 
1719478686102.00, 2192, -594781, -213 
1719478686124.00, 2243, -594735, -186 
1719478686146.00, 2194, -594685, -163 
1719478686168.00, 2113, -594637, -133 
1719478686189.00, 2090, -594587, -92 
1719478686211.00, 1981, -594538, -48 
1719478686232.00, 2035, -594490, 0 
1719478686254.00, 2014, -594445, 48 
1719478686275.00, 4899, -594396, 101 
1719478686297.00, 9739, -594287, 149 
1719478686318.00, 15521, -594074, 187 
1719478686340.00, 21102, -593739, 233 
1719478686361.00, 27321, -593282, 282 
1719478686384.00, 33858, -592700, 320 
1719478686405.00, 39720, -591979, 323 
1719478686427.00, 42872, -591110, 450 
1719478686448.00, 43700, -590183, 432 
1719478686470.00, 43812, -589236, 476 
1719478686491.00, 43893, -588287, 504 
1719478686513.00, 43785, -587336, 516 
1719478686535.00, 43428, -586383, 539 
1719478686557.00, 43883, -585443, 565 
1719478686578.00, 43643, -584494, 578 
1719478686599.00, 43630, -583544, 590 
1719478686622.00, 43790, -582603, 603 
1719478686642.00, 43844, -581653, 618 
1719478686664.00, 43659, -580698, 632 
1719478686688.00, 43583, -579752, 651 
1719478686708.00, 43830, -578804, 677 
1719478686729.00, 43790, -577855, 714 
1719478686751.00, 43752, -576906, 752 
1719478686772.00, 43825, -575966, 781 
1719478686794.00, 43710, -575018, 796 
1719478686816.00, 43639, -574065, 807 
1719478686838.00, 43710, -573116, 815 
1719478686859.00, 43682, -572170, 822 
1719478686881.00, 43720, -571221, 829 
1719478686902.00, 43635, -570275, 844 
1719478686924.00, 43790, -569333, 841 
1719478686945.00, 43652, -568388, 852 
1719478686967.00, 43628, -567439, 859 
1719478686989.00, 43643, -566491, 858 
1719478687011.00, 43677, -565549, 857 
1719478687032.00, 43541, -564596, 860 
1719478687054.00, 43645, -563648, 877 
1719478687075.00, 43709, -562708, 875 
1719478687097.00, 43639, -561760, 885 
1719478687118.00, 43526, -560810, 900 
1719478687140.00, 43624, -559868, 905 
1719478687162.00, 43504, -558925, 919 
1719478687186.00, 43535, -557979, 925 
1719478687205.00, 43581, -557033, 930 
1719478687227.00, 43659, -556091, 939 
1719478687248.00, 43788, -555140, 955 
1719478687270.00, 43692, -554193, 959 
1719478687293.00, 43585, -553249, 955 
1719478687314.00, 43642, -552309, 942 
1719478687335.00, 43715, -551364, 943 
1719478687357.00, 43682, -550415, 944 
1719478687379.00, 43711, -549470, 948 
1719478687400.00, 43795, -548521, 945 
1719478687422.00, 43719, -547568, 949 
1719478687443.00, 43404, -546621, 954 
1719478687465.00, 43580, -545679, 949 
1719478687486.00, 43615, -544735, 953 
1719478687513.00, 43673, -543794, 945 
1719478687530.00, 43686, -542853, 965 
1719478687552.00, 43687, -541901, 964 
1719478687573.00, 43620, -540950, 972 
1719478687595.00, 43804, -540004, 981 
1719478687617.00, 43713, -539058, 987 
1719478687638.00, 43537, -538113, 981 
1719478687660.00, 43650, -537164, 998 
1719478687682.00, 43768, -536226, 1008 
1719478687703.00, 43655, -535271, 1005 
1719478687725.00, 43405, -534320, 1018 
1719478687747.00, 43834, -533370, 1011 
1719478687768.00, 43746, -532420, 1031 
1719478687790.00, 43742, -531468, 1023 
1719478687812.00, 43562, -530516, 1036 
1719478687833.00, 43617, -529569, 1046 
1719478687855.00, 43684, -528620, 1050 
1719478687877.00, 43891, -527666, 1062 
1719478687898.00, 43583, -526719, 1073 
1719478687921.00, 43663, -525771, 1064 
1719478687942.00, 43646, -524819, 1077 
1719478687964.00, 43555, -523869, 1064 
1719478687986.00, 43585, -522917, 1086 
1719478688008.00, 43637, -521965, 1092 
1719478688029.00, 43757, -521016, 1084 
1719478688051.00, 43718, -520072, 1101 
1719478688072.00, 43606, -519121, 1085 
1719478688094.00, 43526, -518171, 1089 
1719478688116.00, 43793, -517221, 1093 
1719478688137.00, 43915, -516272, 1083 
1719478688159.00, 43611, -515314, 1078 
1719478688181.00, 43617, -514361, 1099 
1719478688203.00, 43679, -513416, 1097 
1719478688224.00, 43655, -512468, 1091 
1719478688246.00, 43716, -511520, 1096 
1719478688268.00, 43707, -510568, 1098 
1719478688290.00, 43729, -509620, 1107 
1719478688312.00, 43836, -508664, 1086 
1719478688333.00, 43526, -507712, 1108 
1719478688355.00, 43515, -506766, 1111 
1719478688376.00, 43782, -505815, 1104 
1719478688398.00, 43789, -504867, 1119 
1719478688420.00, 43676, -503918, 1117 
1719478688442.00, 43648, -502970, 1108 
1719478688463.00, 43450, -502021, 1117 
1719478688485.00, 43716, -501068, 1103 
1719478688510.00, 43796, -500120, 1104 
1719478688529.00, 43546, -499164, 1108 
1719478688551.00, 43536, -498213, 1108 
1719478688572.00, 43590, -497265, 1125 
1719478688593.00, 43655, -496316, 1127 
1719478688618.00, 43789, -495368, 1128 
1719478688637.00, 43697, -494419, 1128 
1719478688660.00, 43724, -493472, 1142 
1719478688681.00, 43743, -492521, 1128 
1719478688702.00, 43555, -491563, 1152 
1719478688728.00, 43419, -490613, 1147 
1719478688746.00, 43615, -489662, 1169 
1719478688768.00, 43808, -488717, 1164 
1719478688789.00, 43713, -487766, 1161 
1719478688812.00, 43485, -486819, 1167 
1719478688833.00, 43487, -485871, 1133 
1719478688854.00, 43657, -484920, 1147 
1719478688876.00, 43679, -483973, 1146 
1719478688898.00, 43476, -483018, 1130 
1719478688920.00, 43580, -482066, 1132 
1719478688941.00, 43624, -481118, 1133 
1719478688963.00, 43540, -480173, 1140 
1719478688985.00, 43497, -479228, 1122 
1719478689007.00, 43805, -478276, 1128 
1719478689028.00, 43727, -477330, 1141 
1719478689050.00, 43636, -476377, 1130 
1719478689072.00, 43674, -475425, 1132 
1719478689094.00, 43643, -474474, 1110 
1719478689115.00, 43747, -473523, 1102 
1719478689137.00, 43802, -472579, 1100 
1719478689161.00, 43743, -471626, 1089 
1719478689180.00, 43572, -470683, 1069 
1719478689202.00, 43600, -469725, 1076 
1719478689224.00, 43614, -468782, 1075 
1719478689246.00, 43523, -467829, 1090 
1719478689270.00, 43734, -466877, 1094 
1719478689289.00, 43762, -465925, 1106 
1719478689310.00, 43755, -464971, 1115 
1719478689332.00, 43654, -464025, 1116 
1719478689354.00, 43433, -463072, 1123 
1719478689376.00, 43698, -462125, 1122 
1719478689398.00, 43904, -461180, 1134 
1719478689420.00, 43635, -460228, 1134 
1719478689441.00, 43611, -459282, 1128 
1719478689463.00, 43687, -458326, 1123 
1719478689484.00, 43709, -457379, 1124 
1719478689509.00, 43750, -456431, 1110 
1719478689528.00, 43554, -455481, 1095 
1719478689550.00, 43496, -454540, 1068 
1719478689571.00, 43578, -453590, 1064 
1719478689598.00, 43537, -452646, 1034 
1719478689615.00, 43319, -451694, 1039 
1719478689637.00, 43672, -450745, 1023 
1719478689659.00, 43656, -449797, 1001 
1719478689680.00, 43666, -448844, 997 
1719478689702.00, 43654, -447905, 984 
1719478689723.00, 43670, -446959, 997 
1719478689745.00, 43592, -446015, 990 
1719478689767.00, 43792, -445064, 1011 
1719478689788.00, 43782, -444119, 1011 
1719478689812.00, 43779, -443169, 1012 
1719478689832.00, 43557, -442212, 1022 
1719478689853.00, 43467, -441268, 1032 
1719478689875.00, 43633, -440318, 1029 
1719478689896.00, 43801, -439370, 1028 
1719478689921.00, 43511, -438420, 1036 
1719478689940.00, 43478, -437469, 1036 
1719478689962.00, 43575, -436526, 1024 
1719478689983.00, 43618, -435576, 1029 
1719478690006.00, 43604, -434628, 1035 
1719478690029.00, 43619, -433674, 1027 
1719478690049.00, 43668, -432724, 1025 
1719478690071.00, 43660, -431774, 1020 
1719478690092.00, 24889, -430829, 1017 
1719478690114.00, 13504, -430263, 1017 
1719478690138.00, 6897, -429956, 1038 
1719478690157.00, 2940, -429800, 1062 
1719478690179.00, 612, -429730, 1074 
1719478690200.00, -41, -429714, 1047 
1719478690222.00, -377, -429715, 1002 
1719478690249.00, -1201, -429721, 928 
1719478690264.00, -1913, -429747, 818 
1719478690286.00, -2350, -429789, 689 
1719478690308.00, -2524, -429845, 572 
1719478690329.00, -2350, -429904, 461 
1719478690351.00, -2350, -429964, 358 
1719478690372.00, -2357, -430021, 254 
1719478690393.00, -2174, -430077, 164 
1719478690415.00, -2090, -430127, 102 
1719478690436.00, -2150, -430176, 44 
1719478690457.00, -2128, -430228, -22 
1719478690479.00, -3226, -430284, -91 
1719478690501.00, -8271, -430357, -131 
1719478690522.00, -13384, -430531, -189 
1719478690544.00, -19918, -430821, -233 
1719478690566.00, -26423, -431250, -231 
1719478690587.00, -30215, -431827, -372 
1719478690609.00, -37565, -432478, -364 
1719478690631.00, -41591, -433278, -392 
1719478690652.00, -43894, -434183, -425 
1719478690673.00, -43835, -435135, -435 
1719478690695.00, -43538, -436086, -514 
1719478690717.00, -43717, -437030, -481 
1719478690738.00, -43954, -437984, -513 
1719478690760.00, -43580, -438930, -539 
1719478690782.00, -43675, -439880, -562 
1719478690804.00, -43611, -440828, -592 
1719478690826.00, -43718, -441779, -604 
1719478690847.00, -43562, -442719, -614 
1719478690869.00, -43903, -443671, -635 
1719478690890.00, -43707, -444628, -654 
1719478690911.00, -43658, -445568, -658 
1719478690934.00, -43557, -446514, -657 
1719478690955.00, -43814, -447464, -679 
1719478690976.00, -43738, -448406, -677 
1719478690998.00, -43522, -449349, -674 
1719478691020.00, -43707, -450299, -683 
1719478691041.00, -43738, -451254, -696 
1719478691063.00, -43502, -452199, -700 
1719478691085.00, -43575, -453148, -719 
1719478691107.00, -43673, -454102, -767 
1719478691128.00, -43747, -455042, -738 
1719478691150.00, -43575, -455984, -742 
1719478691172.00, -43694, -456932, -772 
1719478691193.00, -43704, -457881, -765 
1719478691214.00, -43738, -458828, -743 
1719478691236.00, -43819, -459773, -748 
1719478691258.00, -43713, -460724, -742 
1719478691280.00, -43615, -461667, -720 
1719478691301.00, -43733, -462606, -712 
1719478691323.00, -43732, -463552, -710 
1719478691345.00, -43645, -464501, -689 
1719478691366.00, -43659, -465440, -661 
1719478691388.00, -43707, -466387, -667 
1719478691410.00, -43782, -467343, -666 
1719478691431.00, -43522, -468284, -637 
1719478691452.00, -43768, -469230, -637 
1719478691474.00, -43759, -470180, -640 
1719478691496.00, -43572, -471130, -623 
1719478691518.00, -43757, -472068, -614 
1719478691540.00, -43788, -473015, -634 
1719478691561.00, -43553, -473963, -620 
1719478691582.00, -43603, -474904, -615 
1719478691604.00, -43740, -475851, -609 
1719478691626.00, -43653, -476806, -617 
1719478691647.00, -43562, -477755, -600 
1719478691670.00, -43844, -478695, -595 
1719478691690.00, -43657, -479643, -615 
1719478691713.00, -43603, -480590, -612 
1719478691734.00, -43752, -481529, -598 
1719478691756.00, -43697, -482475, -609 
1719478691777.00, -43650, -483430, -632 
1719478691798.00, -43702, -484383, -631 
1719478691821.00, -43714, -485325, -618 
1719478691842.00, -43653, -486274, -641 
1719478691864.00, -43632, -487225, -650 
1719478691886.00, -43824, -488163, -652 
1719478691907.00, -43849, -489107, -652 
1719478691929.00, -43528, -490058, -682 
1719478691951.00, -43823, -491009, -694 
1719478691972.00, -43912, -491954, -673 
1719478691993.00, -43562, -492905, -690 
1719478692015.00, -43697, -493855, -703 
1719478692037.00, -43719, -494795, -688 
1719478692059.00, -43612, -495734, -663 
1719478692080.00, -43668, -496685, -661 
1719478692112.00, -43658, -497631, -642 
1719478692124.00, -43624, -498568, -613 
1719478692145.00, -43610, -499521, -610 
1719478692167.00, -43705, -500472, -599 
1719478692188.00, -43718, -501413, -579 
1719478692213.00, -43536, -502359, -576 
1719478692232.00, -43726, -503312, -579 
1719478692253.00, -43746, -504254, -585 
1719478692275.00, -43751, -505198, -571 
1719478692297.00, -43838, -506144, -581 
1719478692318.00, -43717, -507098, -607 
1719478692340.00, -43623, -508039, -606 
1719478692362.00, -43522, -508987, -618 
1719478692383.00, -43721, -509944, -648 
1719478692405.00, -43728, -510887, -664 
1719478692427.00, -43546, -511833, -659 
1719478692448.00, -43607, -512777, -674 
1719478692469.00, -43672, -513727, -691 
1719478692491.00, -43644, -514669, -681 
1719478692513.00, -43698, -515619, -698 
1719478692534.00, -43734, -516572, -706 
1719478692556.00, -43543, -517518, -713 
1719478692578.00, -43630, -518463, -709 
1719478692600.00, -43815, -519415, -726 
1719478692621.00, -43615, -520356, -736 
1719478692643.00, -43469, -521296, -720 
1719478692665.00, -43755, -522244, -738 
1719478692686.00, -43580, -523198, -745 
1719478692708.00, -43653, -524143, -738 
1719478692729.00, -43575, -525087, -727 
1719478692751.00, -43680, -526042, -750 
1719478692772.00, -43526, -526984, -741 
1719478692794.00, -43785, -527926, -730 
1719478692815.00, -43747, -528873, -746 
1719478692838.00, -43656, -529820, -739 
1719478692859.00, -43557, -530760, -723 
1719478692881.00, -43764, -531705, -703 
1719478692902.00, -43621, -532655, -711 
1719478692924.00, -43556, -533602, -691 
1719478692945.00, -43658, -534545, -668 
1719478692967.00, -43652, -535489, -664 
1719478692989.00, -43450, -536443, -659 
1719478693010.00, -43576, -537379, -641 
1719478693032.00, -43627, -538320, -641 
1719478693054.00, -43691, -539266, -642 
1719478693075.00, -43764, -540213, -646 
1719478693097.00, -43681, -541158, -642 
1719478693118.00, -43600, -542108, -652 
1719478693140.00, -43761, -543059, -656 
1719478693162.00, -43716, -544002, -663 
1719478693184.00, -43459, -544944, -676 
1719478693205.00, -43544, -545895, -686 
1719478693227.00, -43652, -546832, -681 
1719478693249.00, -43712, -547778, -678 
1719478693270.00, -43735, -548731, -688 
1719478693292.00, -43786, -549681, -695 
1719478693314.00, -43525, -550624, -696 
1719478693335.00, -43722, -551566, -691 
1719478693357.00, -43732, -552517, -700 
1719478693379.00, -43495, -553456, -688 
1719478693399.00, -43574, -554400, -687 
1719478693422.00, -43592, -555344, -678 
1719478693443.00, -43446, -556294, -663 
1719478693464.00, -43585, -557235, -663 
1719478693487.00, -43644, -558179, -654 
1719478693508.00, -43549, -559126, -653 
1719478693531.00, -43677, -560070, -644 
1719478693551.00, -43703, -561011, -650 
1719478693573.00, -43529, -561958, -636 
1719478693595.00, -43682, -562905, -630 
1719478693616.00, -43837, -563846, -632 
1719478693638.00, -43653, -564792, -627 
1719478693660.00, -43822, -565742, -613 
1719478693681.00, -43714, -566685, -609 
1719478693703.00, -43700, -567630, -605 
1719478693725.00, -43633, -568583, -600 
1719478693746.00, -43755, -569526, -590 
1719478693767.00, -43638, -570465, -590 
1719478693790.00, -43676, -571410, -582 
1719478693810.00, -43737, -572359, -575 
1719478693832.00, -43789, -573302, -563 
1719478693854.00, -43527, -574249, -555 
1719478693876.00, -43697, -575201, -560 
1719478693897.00, -43620, -576143, -552 
1719478693919.00, -43630, -577082, -544 
1719478693941.00, -43756, -578027, -534 
1719478693963.00, -43647, -578972, -515 
1719478693985.00, -43491, -579911, -495 
1719478694006.00, -43598, -580859, -477 
1719478694027.00, -43447, -581805, -470 
1719478694049.00, -43268, -582749, -439 
1719478694071.00, -43546, -583690, -428 
1719478694092.00, -43742, -584634, -427 
1719478694114.00, -43534, -585578, -425 
1719478694136.00, -43467, -586517, -420 
1719478694157.00, -43595, -587464, -420 
1719478694180.00, -43635, -588408, -432 
1719478694201.00, -43899, -589353, -412 
1719478694222.00, -43840, -590297, -411 
1719478694243.00, -43475, -591243, -407 
1719478694266.00, -43630, -592189, -387 
1719478694287.00, -43607, -593131, -370 
1719478694309.00, -24716, -594071, -341 
1719478694330.00, -13731, -594636, -333 
1719478694351.00, -7010, -594942, -337 
1719478694374.00, -3133, -595103, -339 
1719478694395.00, -775, -595175, -343 
1719478694416.00, 4, -595195, -346 
1719478694438.00, 670, -595197, -353 
1719478694460.00, 388, -595190, -352 
1719478694480.00, 248, -595181, -307 
1719478694502.00, 220, -595175, -261 
1719478694523.00, 221, -595167, -203 
1719478694546.00, 220, -595159, -141 
1719478694567.00, 220, -595151, -82 
1719478694588.00, 212, -595143, -20 
1719478694609.00, 183, -595134, 37 
1719478694632.00, 2591, -595126, 85 
1719478694653.00, 6965, -595069, 140 
1719478694675.00, 13036, -594919, 199 
1719478694696.00, 19970, -594646, 246 
1719478694718.00, 26889, -594222, 286 
1719478694739.00, 33679, -593649, 321 
1719478694761.00, 38984, -592929, 388 
1719478694783.00, 42103, -592102, 401 
1719478694804.00, 43639, -591190, 444 
1719478694825.00, 43695, -590242, 459 
1719478694847.00, 43740, -589298, 482 
1719478694869.00, 43688, -588352, 485 
1719478694891.00, 43846, -587402, 495 
1719478694912.00, 43809, -586455, 508 
1719478694933.00, 43533, -585512, 520 
1719478694955.00, 43510, -584565, 535 
1719478694977.00, 43777, -583618, 536 
1719478694998.00, 43761, -582674, 542 
1719478695020.00, 43585, -581723, 570 
1719478695042.00, 43655, -580767, 598 
1719478695063.00, 43732, -579820, 598 
1719478695085.00, 43588, -578878, 616 
1719478695106.00, 43624, -577927, 625 
1719478695129.00, 43695, -576981, 642 
1719478695150.00, 43731, -576041, 661 
1719478695172.00, 43720, -575095, 678 
1719478695194.00, 43735, -574144, 696 
1719478695215.00, 43703, -573195, 710 
1719478695237.00, 43578, -572248, 718 
1719478695258.00, 43699, -571298, 726 
1719478695281.00, 43723, -570353, 747 
1719478695302.00, 43593, -569410, 752 
1719478695325.00, 43554, -568464, 768 
1719478695345.00, 43757, -567514, 769 
1719478695366.00, 43737, -566569, 780 
1719478695391.00, 43536, -565624, 779 
1719478695410.00, 43731, -564669, 783 
1719478695431.00, 43719, -563722, 787 
1719478695453.00, 43610, -562780, 794 
1719478695475.00, 43741, -561832, 795 
1719478695498.00, 43816, -560885, 795 
1719478695518.00, 43599, -559943, 801 
1719478695540.00, 43806, -558997, 809 
1719478695561.00, 43670, -558048, 812 
1719478695583.00, 43601, -557103, 817 
1719478695609.00, 43679, -556156, 820 
1719478695627.00, 43752, -555208, 827 
1719478695648.00, 43728, -554258, 830 
1719478695670.00, 43638, -553313, 845 
1719478695691.00, 43718, -552371, 851 
1719478695715.00, 43733, -551424, 866 
1719478695734.00, 43511, -550476, 877 
1719478695756.00, 43619, -549531, 884 
1719478695778.00, 43731, -548583, 892 
1719478695799.00, 43657, -547630, 906 
1719478695826.00, 43535, -546681, 909 
1719478695843.00, 43653, -545740, 916 
1719478695864.00, 43635, -544793, 921 
1719478695886.00, 43625, -543851, 934 
1719478695908.00, 43699, -542909, 938 
1719478695930.00, 43695, -541957, 946 
1719478695951.00, 43469, -541004, 957 
1719478695972.00, 43688, -540057, 966 
1719478695994.00, 43582, -539113, 980 
1719478696016.00, 43573, -538170, 980 
1719478696036.00, 43728, -537223, 993 
1719478696059.00, 43776, -536283, 1003 
1719478696080.00, 43623, -535329, 1021 
1719478696102.00, 43508, -534375, 1031 
1719478696124.00, 43718, -533425, 1044 
1719478696146.00, 43828, -532471, 1042 
1719478696168.00, 43615, -531521, 1057 
1719478696189.00, 43583, -530567, 1058 
1719478696211.00, 43728, -529623, 1067 
1719478696232.00, 43792, -528672, 1059 
1719478696255.00, 43754, -527720, 1072 
1719478696276.00, 43629, -526771, 1071 
1719478696297.00, 43588, -525824, 1074 
1719478696319.00, 43714, -524873, 1078 
1719478696341.00, 43594, -523920, 1081 
1719478696363.00, 43431, -522971, 1083 
1719478696385.00, 43760, -522017, 1101 
1719478696406.00, 43752, -521069, 1096 
1719478696429.00, 43742, -520125, 1105 
1719478696450.00, 43682, -519176, 1108 
1719478696472.00, 43490, -518224, 1123 
1719478696493.00, 43738, -517274, 1119 
1719478696515.00, 43854, -516323, 1122 
1719478696537.00, 43595, -515369, 1124 
1719478696559.00, 43577, -514412, 1111 
1719478696580.00, 43586, -513467, 1126 
1719478696602.00, 43642, -512518, 1119 
1719478696624.00, 43641, -511574, 1125 
1719478696646.00, 43558, -510623, 1120 
1719478696667.00, 43627, -509676, 1127 
1719478696689.00, 43702, -508724, 1123 
1719478696711.00, 43607, -507771, 1122 
1719478696732.00, 43615, -506825, 1140 
1719478696755.00, 43741, -505871, 1136 
1719478696776.00, 43929, -504923, 1147 
1719478696797.00, 43631, -503974, 1147 
1719478696820.00, 43521, -503024, 1139 
1719478696841.00, 43572, -502075, 1150 
1719478696863.00, 43792, -501124, 1143 
1719478696884.00, 43683, -500174, 1143 
1719478696906.00, 43594, -499218, 1157 
1719478696928.00, 43498, -498270, 1123 
1719478696950.00, 43650, -497322, 1125 
1719478696972.00, 43575, -496372, 1112 
1719478696993.00, 43524, -495426, 1102 
1719478697014.00, 43754, -494479, 1117 
1719478697037.00, 43810, -493534, 1108 
1719478697059.00, 43705, -492580, 1111 
1719478697080.00, 43621, -491630, 1096 
1719478697103.00, 43566, -490678, 1100 
1719478697124.00, 43687, -489729, 1101 
1719478697145.00, 43805, -488781, 1090 
1719478697166.00, 43625, -487829, 1082 
1719478697189.00, 43545, -486881, 1089 
1719478697210.00, 43618, -485933, 1085 
1719478697232.00, 43652, -484983, 1084 
1719478697254.00, 43642, -484032, 1080 
1719478697276.00, 43619, -483076, 1077 
1719478697297.00, 43649, -482126, 1070 
1719478697319.00, 43751, -481174, 1070 
1719478697341.00, 43695, -480234, 1065 
1719478697363.00, 43508, -479281, 1078 
1719478697384.00, 43689, -478330, 1075 
1719478697406.00, 43938, -477385, 1083 
1719478697427.00, 43620, -476430, 1087 
1719478697449.00, 43619, -475479, 1081 
1719478697475.00, 43500, -474525, 1089 
1719478697493.00, 43674, -473580, 1069 
1719478697515.00, 43752, -472634, 1059 
1719478697536.00, 43795, -471682, 1059 
1719478697558.00, 43595, -470735, 1060 
1719478697579.00, 43621, -469777, 1070 
1719478697601.00, 43539, -468834, 1063 
1719478697624.00, 43603, -467880, 1087 
1719478697645.00, 43736, -466930, 1096 
1719478697666.00, 43788, -465979, 1108 
1719478697688.00, 43681, -465022, 1117 
1719478697711.00, 43620, -464074, 1142 
1719478697732.00, 43467, -463120, 1140 
1719478697753.00, 43676, -462172, 1140 
1719478697776.00, 43933, -461229, 1152 
1719478697797.00, 43664, -460280, 1148 
1719478697819.00, 43592, -459327, 1153 
1719478697841.00, 43435, -458373, 1149 
1719478697862.00, 43495, -457425, 1154 
1719478697884.00, 43652, -456480, 1158 
1719478697906.00, 43676, -455533, 1143 
1719478697927.00, 43607, -454587, 1141 
1719478697949.00, 43705, -453634, 1135 
1719478697971.00, 43562, -452689, 1115 
1719478697993.00, 43325, -451738, 1095 
1719478698014.00, 43546, -450787, 1093 
1719478698036.00, 43731, -449840, 1086 
1719478698057.00, 43666, -448887, 1085 
1719478698080.00, 43397, -447943, 1075 
1719478698101.00, 43514, -446994, 1056 
1719478698123.00, 43667, -446050, 1045 
1719478698145.00, 43557, -445100, 1044 
1719478698166.00, 43427, -444154, 1025 
1719478698188.00, 43684, -443208, 1006 
1719478698209.00, 43671, -442255, 1012 
1719478698232.00, 43532, -441309, 1013 
1719478698253.00, 43563, -440357, 1013 
1719478698275.00, 43943, -439410, 1015 
1719478698297.00, 43778, -438459, 1024 
1719478698319.00, 43577, -437510, 1019 
1719478698340.00, 43725, -436562, 1028 
1719478698362.00, 43770, -435612, 1022 
1719478698384.00, 43670, -434664, 1029 
1719478698406.00, 43784, -433708, 1029 
1719478698427.00, 43680, -432758, 1038 
1719478698455.00, 43716, -431807, 1025 
1719478698471.00, 25099, -430864, 1021 
1719478698492.00, 13511, -430297, 1031 
1719478698514.00, 7006, -429986, 1061 
1719478698535.00, 3005, -429831, 1086 
1719478698557.00, 595, -429764, 1070 
1719478698579.00, -40, -429748, 1015 
1719478698600.00, -603, -429751, 935 
1719478698623.00, -1553, -429764, 822 
1719478698642.00, -2258, -429797, 668 
1719478698664.00, -2590, -429849, 523 
1719478698686.00, -2669, -429914, 371 
1719478698707.00, -2657, -429975, 251 
1719478698729.00, -2532, -430037, 153 
1719478698750.00, -2322, -430096, 73 
1719478698771.00, -2236, -430150, 6 
1719478698793.00, -2204, -430210, -58 
1719478698814.00, -5505, -430263, -118 
1719478698836.00, -11254, -430384, -166 
1719478698858.00, -17233, -430624, -214 
1719478698879.00, -23969, -430994, -240 
1719478698901.00, -29357, -431519, -354 
1719478698922.00, -36879, -432147, -334 
1719478698944.00, -41388, -432935, -366 
1719478698966.00, -44103, -433831, -406 
1719478698987.00, -44065, -434790, -432 
1719478699010.00, -43635, -435745, -537 
1719478699031.00, -43609, -436681, -492 
1719478699052.00, -43708, -437637, -538 
1719478699074.00, -43754, -438588, -556 
1719478699096.00, -43730, -439533, -582 
1719478699117.00, -43605, -440484, -612 
1719478699138.00, -43695, -441432, -610 
1719478699160.00, -43688, -442377, -625 
1719478699182.00, -43701, -443323, -647 
1719478699203.00, -43816, -444278, -661 
1719478699225.00, -43756, -445226, -669 
1719478699247.00, -43582, -446168, -682 
1719478699269.00, -43669, -447115, -682 
1719478699290.00, -43647, -448059, -687 
1719478699312.00, -43575, -449000, -688 
1719478699334.00, -43530, -449951, -694 
1719478699355.00, -43750, -450907, -713 
1719478699377.00, -43759, -451855, -716 
1719478699398.00, -43615, -452801, -714 
1719478699420.00, -43669, -453748, -742 
1719478699443.00, -43752, -454699, -762 
1719478699463.00, -43551, -455638, -759 
1719478699484.00, -43704, -456585, -769 
1719478699506.00, -43758, -457537, -784 
1719478699528.00, -43707, -458481, -794 
1719478699550.00, -43719, -459428, -793 
1719478699571.00, -43833, -460378, -808 
1719478699593.00, -43705, -461328, -808 
1719478699614.00, -43607, -462265, -801 
1719478699636.00, -43688, -463208, -813 
1719478699658.00, -43744, -464161, -806 
1719478699679.00, -43726, -465106, -802 
1719478699701.00, -43702, -466050, -791 
1719478699723.00, -43663, -467003, -801 
1719478699745.00, -43694, -467952, -790 
1719478699766.00, -43663, -468894, -792 
1719478699788.00, -43722, -469838, -808 
1719478699809.00, -43744, -470794, -813 
1719478699831.00, -43685, -471734, -806 
1719478699852.00, -43802, -472677, -790 
1719478699876.00, -43728, -473625, -796 
1719478699896.00, -43483, -474572, -791 
1719478699917.00, -43796, -475517, -776 
1719478699940.00, -43756, -476466, -768 
1719478699961.00, -43462, -477419, -789 
1719478699986.00, -43723, -478362, -792 
1719478700004.00, -43786, -479303, -775 
1719478700025.00, -43626, -480251, -772 
1719478700047.00, -43664, -481195, -772 
1719478700069.00, -43605, -482137, -769 
1719478700094.00, -43551, -483086, -751 
1719478700113.00, -43562, -484039, -755 
1719478700134.00, -43752, -484983, -755 
1719478700156.00, -43756, -485928, -755 
1719478700177.00, -43461, -486880, -773 
1719478700205.00, -43757, -487822, -768 
1719478700221.00, -43705, -488763, -748 
1719478700242.00, -43504, -489714, -774 
1719478700264.00, -43600, -490663, -773 
1719478700286.00, -43740, -491606, -759 
1719478700312.00, -43720, -492555, -748 
1719478700329.00, -43710, -493510, -792 
1719478700350.00, -43738, -494450, -786 
1719478700372.00, -43600, -495388, -761 
1719478700394.00, -43636, -496339, -781 
1719478700419.00, -43732, -497288, -772 
1719478700437.00, -43764, -498227, -763 
1719478700459.00, -43438, -499174, -742 
1719478700481.00, -43686, -500131, -751 
1719478700505.00, -43639, -501075, -747 
1719478700523.00, -43757, -502016, -709 
1719478700544.00, -43700, -502966, -716 
1719478700567.00, -43735, -503915, -712 
1719478700588.00, -43578, -504857, -693 
1719478700610.00, -43674, -505800, -703 
1719478700631.00, -43733, -506752, -691 
1719478700653.00, -43633, -507693, -678 
1719478700675.00, -43579, -508639, -679 
1719478700696.00, -43666, -509590, -696 
1719478700718.00, -43621, -510540, -677 
1719478700740.00, -43538, -511484, -677 
1719478700762.00, -43595, -512428, -693 
1719478700783.00, -43761, -513378, -702 
1719478700805.00, -43598, -514315, -686 
1719478700827.00, -43483, -515263, -701 
1719478700848.00, -43691, -516219, -711 
1719478700869.00, -43759, -517167, -696 
1719478700891.00, -43667, -518112, -690 
1719478700913.00, -43727, -519057, -702 
1719478700935.00, -43725, -520007, -696 
1719478700956.00, -43683, -520946, -670 
1719478700978.00, -43753, -521891, -679 
1719478701000.00, -43730, -522844, -680 
1719478701021.00, -43594, -523790, -670 
1719478701043.00, -43561, -524732, -672 
1719478701064.00, -43712, -525682, -666 
1719478701086.00, -43592, -526629, -664 
1719478701108.00, -43702, -527571, -665 
1719478701130.00, -43795, -528516, -666 
1719478701150.00, -43701, -529466, -658 
1719478701173.00, -43614, -530407, -649 
1719478701195.00, -43761, -531350, -644 
1719478701216.00, -43621, -532300, -647 
1719478701237.00, -43496, -533249, -633 
1719478701259.00, -43545, -534192, -627 
1719478701281.00, -43573, -535137, -628 
1719478701305.00, -43495, -536089, -634 
1719478701324.00, -43630, -537031, -630 
1719478701346.00, -43664, -537969, -633 
1719478701367.00, -43650, -538913, -627 
1719478701389.00, -43754, -539863, -633 
1719478701410.00, -43546, -540808, -655 
1719478701433.00, -43471, -541756, -642 
1719478701454.00, -43724, -542710, -646 
1719478701476.00, -43648, -543649, -657 
1719478701497.00, -43528, -544591, -645 
1719478701521.00, -43640, -545538, -634 
1719478701540.00, -43712, -546481, -633 
1719478701562.00, -43764, -547420, -636 
1719478701584.00, -43666, -548372, -617 
1719478701606.00, -43787, -549324, -611 
1719478701627.00, -43783, -550273, -621 
1719478701648.00, -43678, -551212, -603 
1719478701670.00, -43770, -552162, -602 
1719478701692.00, -43649, -553110, -624 
1719478701714.00, -43568, -554051, -630 
1719478701735.00, -43673, -554995, -612 
1719478701757.00, -43609, -555948, -631 
1719478701779.00, -43487, -556891, -633 
1719478701800.00, -43648, -557831, -606 
1719478701823.00, -43759, -558779, -609 
1719478701843.00, -43568, -559725, -615 
1719478701865.00, -43632, -560666, -606 
1719478701887.00, -43770, -561611, -609 
1719478701908.00, -43527, -562563, -638 
1719478701930.00, -43660, -563503, -655 
1719478701956.00, -43716, -564448, -660 
1719478701973.00, -43660, -565404, -663 
1719478701995.00, -43681, -566350, -674 
1719478702016.00, -43706, -567291, -655 
1719478702037.00, -43628, -568241, -643 
1719478702060.00, -43691, -569190, -657 
1719478702081.00, -43714, -570128, -644 
1719478702103.00, -43615, -571067, -624 
1719478702124.00, -43463, -572020, -647 
1719478702146.00, -43533, -572966, -638 
1719478702169.00, -43616, -573911, -616 
1719478702190.00, -43484, -574858, -620 
1719478702211.00, -43664, -575804, -618 
1719478702233.00, -43633, -576741, -595 
1719478702255.00, -43534, -577683, -573 
1719478702276.00, -43606, -578632, -569 
1719478702298.00, -43502, -579572, -553 
1719478702319.00, -43661, -580513, -530 
1719478702341.00, -43698, -581462, -525 
1719478702362.00, -43642, -582410, -516 
1719478702387.00, -43467, -583353, -512 
1719478702406.00, -43658, -584299, -500 
1719478702428.00, -43724, -585242, -502 
1719478702449.00, -43655, -586184, -492 
1719478702471.00, -43715, -587130, -481 
1719478702496.00, -43707, -588078, -488 
1719478702514.00, -43585, -589026, -489 
1719478702536.00, -43662, -589969, -485 
1719478702557.00, -43720, -590913, -475 
1719478702579.00, -43682, -591860, -465 
1719478702601.00, -43620, -592801, -447 
1719478702623.00, -25034, -593745, -426 
1719478702644.00, -13615, -594309, -414 
1719478702666.00, -7001, -594623, -406 
1719478702687.00, -2972, -594775, -394 
1719478702710.00, -556, -594847, -407 
1719478702729.00, 70, -594861, -380 
1719478702752.00, 923, -594859, -324 
1719478702773.00, 1619, -594842, -250 
1719478702795.00, 2083, -594806, -183 
1719478702817.00, 2311, -594759, -132 
1719478702837.00, 2351, -594707, -80 
1719478702860.00, 2256, -594655, -36 
1719478702882.00, 2237, -594604, -10 
1719478702903.00, 2139, -594554, 25 
1719478702924.00, 3541, -594502, 68 
1719478702947.00, 7128, -594424, 109 
1719478702967.00, 11506, -594271, 148 
1719478702989.00, 16384, -594017, 188 
1719478703011.00, 21856, -593661, 211 
1719478703032.00, 26355, -593197, 232 
1719478703056.00, 30325, -592629, 262 
1719478703075.00, 34336, -591977, 277 
1719478703096.00, 37567, -591230, 300 
1719478703118.00, 40960, -590408, 322 
1719478703140.00, 43375, -589532, 297 
1719478703167.00, 43823, -588589, 416 
1719478703184.00, 43684, -587631, 428 
1719478703205.00, 43710, -586683, 420 
1719478703227.00, 43858, -585735, 493 
1719478703249.00, 43630, -584791, 506 
1719478703271.00, 43561, -583845, 489 
1719478703291.00, 43576, -582899, 502 
1719478703313.00, 43617, -581959, 504 
1719478703335.00, 43649, -581003, 505 
1719478703356.00, 43812, -580053, 510 
1719478703379.00, 43745, -579113, 529 
1719478703399.00, 43602, -578166, 532 
1719478703421.00, 43513, -577218, 536 
1719478703442.00, 43670, -576279, 556 
1719478703465.00, 43885, -575337, 576 
1719478703489.00, 43679, -574383, 599 
1719478703508.00, 43589, -573432, 628 
1719478703530.00, 43717, -572482, 648 
1719478703551.00, 43532, -571536, 667 
1719478703573.00, 43537, -570588, 682 
1719478703597.00, 43704, -569651, 679 
1719478703616.00, 43692, -568704, 697 
1719478703638.00, 43677, -567756, 691 
1719478703659.00, 43643, -566807, 704 
1719478703681.00, 43649, -565866, 709 
1719478703703.00, 43772, -564915, 702 
1719478703725.00, 43825, -563966, 707 
1719478703745.00, 43652, -563019, 725 
1719478703767.00, 43441, -562078, 706 
1719478703790.00, 43658, -561125, 729 
1719478703811.00, 43731, -560186, 737 
1719478703833.00, 43520, -559244, 735 
1719478703854.00, 43715, -558294, 753 
1719478703876.00, 43741, -557348, 766 
1719478703898.00, 43483, -556402, 777 
1719478703920.00, 43446, -555454, 785 
1719478703941.00, 43575, -554508, 782 
1719478703962.00, 43442, -553564, 786 
1719478703984.00, 43767, -552627, 805 
1719478704005.00, 43714, -551677, 801 
1719478704027.00, 43524, -550733, 815 
1719478704049.00, 43747, -549787, 818 
1719478704071.00, 43773, -548840, 836 
1719478704091.00, 43587, -547888, 833 
1719478704114.00, 43580, -546937, 848 
1719478704137.00, 43651, -545996, 865 
1719478704157.00, 43698, -545049, 863 
1719478704178.00, 43691, -544104, 877 
1719478704200.00, 43827, -543159, 884 
1719478704222.00, 43695, -542212, 882 
1719478704243.00, 43646, -541258, 895 
1719478704265.00, 43905, -540312, 896 
1719478704287.00, 43604, -539366, 903 
1719478704308.00, 43548, -538419, 892 
1719478704330.00, 43771, -537477, 900 
1719478704357.00, 43571, -536536, 906 
1719478704374.00, 43561, -535585, 908 
1719478704395.00, 43746, -534638, 918 
1719478704417.00, 43687, -533694, 914 
1719478704439.00, 43793, -532748, 913 
1719478704464.00, 43659, -531796, 925 
1719478704482.00, 43799, -530846, 932 
1719478704504.00, 43698, -529906, 924 
1719478704525.00, 43528, -528957, 944 
1719478704545.00, 43692, -528009, 948 
1719478704570.00, 43743, -527067, 936 
1719478704590.00, 43469, -526124, 962 
1719478704612.00, 43581, -525171, 950 
1719478704633.00, 43709, -524229, 961 
1719478704654.00, 43622, -523284, 951 
1719478704676.00, 43678, -522335, 943 
1719478704698.00, 43628, -521389, 942 
1719478704720.00, 43589, -520444, 944 
1719478704740.00, 43852, -519504, 932 
1719478704763.00, 43764, -518555, 926 
1719478704785.00, 43604, -517611, 923 
1719478704806.00, 43626, -516667, 915 
1719478704828.00, 43676, -515713, 914 
1719478704849.00, 43724, -514765, 902 
1719478704871.00, 43591, -513818, 923 
1719478704893.00, 43681, -512871, 937 
1719478704920.00, 43753, -511929, 942 
1719478704936.00, 43455, -510981, 975 
1719478704957.00, 43433, -510040, 968 
1719478704979.00, 43594, -509090, 974 
1719478705000.00, 43508, -508145, 1004 
1719478705023.00, 43667, -507195, 993 
1719478705045.00, 43698, -506247, 1009 
1719478705066.00, 43562, -505300, 985 
1719478705088.00, 43556, -504355, 963 
1719478705109.00, 43747, -503412, 980 
1719478705131.00, 43540, -502465, 950 
1719478705153.00, 43573, -501520, 951 
1719478705174.00, 43690, -500574, 953 
1719478705196.00, 43635, -499627, 950 
1719478705217.00, 43624, -498677, 968 
1719478705242.00, 43910, -497730, 974 
1719478705261.00, 43781, -496785, 986 
1719478705282.00, 43594, -495833, 971 
1719478705304.00, 43800, -494888, 988 
1719478705325.00, 43615, -493949, 981 
1719478705349.00, 43517, -493003, 988 
1719478705369.00, 43725, -492055, 998 
1719478705391.00, 43826, -491108, 989 
1719478705412.00, 43716, -490161, 997 
1719478705434.00, 43568, -489209, 1015 
1719478705455.00, 43537, -488263, 1005 
1719478705477.00, 43648, -487314, 1003 
1719478705499.00, 43699, -486370, 998 
1719478705521.00, 43700, -485425, 984 
1719478705542.00, 43715, -484475, 993 
1719478705565.00, 43631, -483527, 987 
1719478705586.00, 43513, -482574, 991 
1719478705607.00, 43809, -481627, 984 
1719478705629.00, 43610, -480690, 982 
1719478705650.00, 43447, -479743, 973 
1719478705672.00, 43721, -478799, 966 
1719478705694.00, 43625, -477855, 981 
1719478705715.00, 43496, -476907, 983 
1719478705737.00, 43672, -475960, 993 
1719478705759.00, 43762, -475010, 994 
1719478705781.00, 43494, -474067, 995 
1719478705802.00, 43577, -473120, 991 
1719478705824.00, 43617, -472176, 982 
1719478705845.00, 43604, -471233, 983 
1719478705866.00, 43684, -470288, 975 
1719478705891.00, 43852, -469342, 972 
1719478705910.00, 43531, -468394, 969 
1719478705931.00, 43541, -467447, 976 
1719478705953.00, 43695, -466496, 975 
1719478705975.00, 43498, -465550, 971 
1719478706001.00, 43537, -464605, 974 
1719478706019.00, 43719, -463663, 967 
1719478706039.00, 43655, -462719, 962 
1719478706062.00, 43673, -461773, 969 
1719478706083.00, 43737, -460829, 956 
1719478706106.00, 43489, -459886, 953 
1719478706126.00, 43643, -458938, 941 
1719478706148.00, 43822, -457994, 928 
1719478706169.00, 43666, -457048, 910 
1719478706191.00, 43700, -456103, 913 
1719478706217.00, 43657, -455154, 907 
1719478706235.00, 43588, -454214, 898 
1719478706256.00, 43569, -453270, 888 
1719478706278.00, 43708, -452320, 889 
1719478706300.00, 43617, -451376, 890 
1719478706322.00, 43609, -450425, 879 
1719478706343.00, 43648, -449481, 855 
1719478706364.00, 43618, -448533, 827 
1719478706386.00, 43505, -447592, 808 
1719478706408.00, 43603, -446648, 793 
1719478706435.00, 43714, -445703, 792 
1719478706451.00, 43489, -444765, 782 
1719478706473.00, 43511, -443812, 776 
1719478706494.00, 43712, -442870, 777 
1719478706516.00, 43560, -441925, 772 
1719478706542.00, 43553, -440978, 776 
1719478706562.00, 43705, -440034, 767 
1719478706581.00, 43612, -439087, 784 
1719478706603.00, 43562, -438142, 794 
1719478706624.00, 43637, -437195, 784 
1719478706646.00, 43822, -436251, 796 
1719478706668.00, 43720, -435303, 792 
1719478706689.00, 43780, -434358, 783 
1719478706711.00, 43726, -433409, 778 
1719478706733.00, 43466, -432458, 785 
1719478706754.00, 24827, -431517, 805 
1719478706776.00, 13721, -430953, 829 
1719478706797.00, 7013, -430643, 867 
1719478706819.00, 3008, -430482, 906 
1719478706840.00, 648, -430411, 904 
1719478706861.00, -11, -430399, 865 
1719478706883.00, -547, -430400, 805 
1719478706904.00, -1352, -430408, 722 
1719478706926.00, -1923, -430437, 627 
1719478706947.00, -2304, -430484, 519 
1719478706968.00, -2531, -430540, 387 
1719478706990.00, -2567, -430601, 276 
1719478707012.00, -2496, -430662, 185 
1719478707033.00, -2387, -430719, 124 
1719478707054.00, -2374, -430773, 55 
1719478707075.00, -2208, -430831, -22 
1719478707097.00, -3472, -430888, -90 
1719478707119.00, -8344, -430964, -142 
1719478707143.00, -14223, -431141, -201 
1719478707162.00, -21431, -431447, -225 
1719478707184.00, -26936, -431913, -384 
1719478707206.00, -35504, -432485, -356 
1719478707227.00, -40628, -433244, -380 
1719478707249.00, -43572, -434122, -415 
1719478707270.00, -43495, -435068, -441 
1719478707291.00, -43681, -436014, -490 
1719478707315.00, -43766, -436959, -476 
1719478707335.00, -43708, -437914, -514 
1719478707357.00, -43601, -438862, -539 
1719478707379.00, -43754, -439807, -542 
1719478707400.00, -43686, -440753, -569 
1719478707423.00, -43579, -441708, -591 
1719478707444.00, -43739, -442650, -599 
1719478707465.00, -43601, -443596, -611 
1719478707487.00, -43560, -444553, -631 
1719478707508.00, -43767, -445496, -652 
1719478707534.00, -43715, -446439, -673 
1719478707552.00, -43617, -447386, -682 
1719478707574.00, -43704, -448337, -701 
1719478707595.00, -43747, -449275, -730 
1719478707616.00, -43803, -450224, -733 
1719478707639.00, -43569, -451181, -749 
1719478707660.00, -43758, -452129, -773 
1719478707682.00, -43818, -453075, -780 
1719478707703.00, -43526, -454025, -787 
1719478707725.00, -43656, -454968, -793 
1719478707749.00, -43698, -455908, -797 
1719478707768.00, -43592, -456851, -796 
1719478707790.00, -43675, -457804, -789 
1719478707812.00, -43629, -458748, -800 
1719478707833.00, -43489, -459695, -797 
1719478707860.00, -43618, -460645, -798 
1719478707876.00, -43685, -461589, -804 
1719478707898.00, -43637, -462523, -794 
1719478707919.00, -43689, -463474, -800 
1719478707941.00, -43715, -464424, -790 
1719478707966.00, -43713, -465364, -794 
1719478707984.00, -43662, -466310, -789 
1719478708006.00, -43784, -467264, -786 
1719478708028.00, -43815, -468212, -791 
1719478708049.00, -43546, -469157, -777 
1719478708071.00, -43550, -470105, -785 
1719478708093.00, -43692, -471055, -777 
1719478708114.00, -43599, -471991, -778 
1719478708135.00, -43657, -472936, -784 
1719478708158.00, -43717, -473884, -766 
1719478708179.00, -43559, -474830, -782 
1719478708200.00, -43608, -475774, -780 
1719478708223.00, -43669, -476723, -776 
1719478708244.00, -43703, -477676, -778 
1719478708266.00, -43609, -478617, -794 
1719478708292.00, -43781, -479564, -798 
1719478708309.00, -43646, -480511, -778 
1719478708330.00, -43535, -481454, -799 
1719478708352.00, -43648, -482398, -800 
1719478708373.00, -43761, -483346, -801 
1719478708397.00, -43466, -484298, -794 
1719478708417.00, -43644, -485245, -803 
1719478708439.00, -43656, -486188, -810 
1719478708461.00, -43442, -487139, -799 
1719478708482.00, -43619, -488078, -790 
1719478708506.00, -43670, -489019, -808 
1719478708525.00, -43487, -489964, -806 
1719478708547.00, -43662, -490914, -779 
1719478708568.00, -43691, -491861, -786 
1719478708591.00, -43636, -492809, -792 
1719478708612.00, -43673, -493761, -784 
1719478708634.00, -43798, -494699, -783 
1719478708656.00, -43660, -495641, -795 
1719478708677.00, -43478, -496591, -800 
1719478708699.00, -43671, -497537, -790 
1719478708720.00, -43678, -498479, -784 
1719478708742.00, -43582, -499429, -809 
1719478708764.00, -43756, -500384, -810 
1719478708785.00, -43792, -501325, -791 
1719478708807.00, -43500, -502271, -810 
1719478708828.00, -43597, -503220, -806 
1719478708854.00, -43744, -504164, -790 
1719478708871.00, -43609, -505104, -787 
1719478708893.00, -43573, -506053, -794 
1719478708915.00, -43537, -506998, -771 
1719478708936.00, -43542, -507941, -748 
1719478708958.00, -43781, -508886, -758 
1719478708980.00, -43656, -509836, -757 
1719478709002.00, -43574, -510782, -752 
1719478709023.00, -43603, -511722, -745 
1719478709045.00, -43638, -512667, -757 
1719478709067.00, -43637, -513612, -746 
1719478709088.00, -43650, -514554, -743 
1719478709110.00, -43662, -515504, -773 
1719478709131.00, -43755, -516460, -780 
1719478709153.00, -43580, -517404, -794 
1719478709175.00, -43647, -518353, -827 
1719478709196.00, -43757, -519300, -836 
1719478709218.00, -43590, -520246, -837 
1719478709239.00, -43672, -521186, -852 
1719478709262.00, -43757, -522133, -870 
1719478709286.00, -43622, -523085, -856 
1719478709304.00, -43759, -524031, -871 
1719478709327.00, -43832, -524976, -872 
1719478709348.00, -43607, -525925, -863 
1719478709369.00, -43695, -526873, -863 
1719478709395.00, -43784, -527810, -874 
1719478709412.00, -43686, -528755, -839 
1719478709434.00, -43669, -529708, -844 
1719478709456.00, -43902, -530647, -836 
1719478709478.00, -43607, -531591, -810 
1719478709503.00, -43570, -532539, -784 
1719478709520.00, -43670, -533487, -790 
1719478709542.00, -43772, -534432, -784 
1719478709563.00, -43599, -535375, -765 
1719478709586.00, -43817, -536332, -767 
1719478709614.00, -43567, -537270, -779 
1719478709629.00, -43576, -538210, -768 
1719478709650.00, -43718, -539162, -776 
1719478709672.00, -43708, -540103, -774 
1719478709694.00, -43583, -541046, -769 
1719478709718.00, -43679, -542001, -771 
1719478709737.00, -43655, -542950, -785 
1719478709759.00, -43436, -543890, -771 
1719478709780.00, -43487, -544833, -743 
1719478709802.00, -43683, -545778, -762 
1719478709823.00, -43459, -546720, -755 
1719478709845.00, -43575, -547661, -735 
1719478709867.00, -43676, -548609, -741 
1719478709889.00, -43678, -549560, -729 
1719478709910.00, -43786, -550504, -718 
1719478709933.00, -43664, -551449, -727 
1719478709953.00, -43500, -552398, -722 
1719478709975.00, -43700, -553339, -703 
1719478709996.00, -43763, -554281, -702 
1719478710018.00, -43518, -555226, -714 
1719478710040.00, -43625, -556174, -696 
1719478710062.00, -43652, -557116, -689 
1719478710083.00, -43768, -558063, -718 
1719478710105.00, -43712, -559013, -704 
1719478710126.00, -43666, -559954, -688 
1719478710152.00, -43549, -560899, -705 
1719478710169.00, -43531, -561847, -700 
1719478710191.00, -43710, -562788, -658 
1719478710213.00, -43653, -563728, -663 
1719478710235.00, -43499, -564675, -649 
1719478710256.00, -43658, -565624, -635 
1719478710278.00, -43685, -566564, -621 
1719478710299.00, -43594, -567509, -620 
1719478710321.00, -43694, -568460, -618 
1719478710343.00, -43658, -569405, -608 
1719478710365.00, -43573, -570345, -606 
1719478710386.00, -43762, -571288, -606 
1719478710408.00, -43841, -572237, -610 
1719478710430.00, -43545, -573183, -616 
1719478710450.00, -43715, -574129, -615 
1719478710472.00, -43697, -575079, -620 
1719478710494.00, -43613, -576023, -592 
1719478710515.00, -43651, -576963, -591 
1719478710537.00, -43775, -577908, -577 
1719478710559.00, -43696, -578850, -557 
1719478710581.00, -43799, -579790, -540 
1719478710602.00, -43710, -580740, -530 
1719478710624.00, -43581, -581689, -514 
1719478710646.00, -43691, -582633, -480 
1719478710667.00, -43729, -583575, -479 
1719478710689.00, -43567, -584522, -458 
1719478710710.00, -43602, -585466, -431 
1719478710732.00, -43587, -586404, -415 
1719478710754.00, -43405, -587348, -393 
1719478710776.00, -43515, -588294, -402 
1719478710798.00, -43562, -589235, -405 
1719478710825.00, -43376, -590178, -399 
1719478710841.00, -43745, -591123, -376 
1719478710862.00, -43608, -592064, -372 
1719478710883.00, -43387, -593013, -379 
1719478710905.00, -24826, -593949, -347 
1719478710928.00, -13662, -594513, -343 
1719478710948.00, -7183, -594822, -362 
1719478710969.00, -3129, -594981, -356 
1719478710991.00, -796, -595056, -366 
1719478711013.00, -6, -595076, -377 
1719478711036.00, 643, -595078, -388 
1719478711056.00, 1315, -595071, -363 
1719478711077.00, 1806, -595044, -312 
1719478711099.00, 2161, -595004, -260 
1719478711120.00, 2265, -594951, -175 
1719478711143.00, 2281, -594896, -115 
1719478711164.00, 2284, -594841, -47 
1719478711185.00, 2268, -594789, 7 
1719478711207.00, 2234, -594736, 62 
1719478711228.00, 5690, -594683, 115 
1719478711249.00, 10984, -594556, 161 
1719478711272.00, 17012, -594317, 197 
1719478711293.00, 22813, -593951, 237 
1719478711314.00, 28611, -593461, 273 
1719478711337.00, 34366, -592848, 299 
1719478711357.00, 39010, -592116, 319 
1719478711380.00, 42606, -591273, 309 
1719478711401.00, 43609, -590344, 359 
1719478711423.00, 43888, -589404, 365 
1719478711445.00, 43671, -588454, 411 
1719478711466.00, 43529, -587503, 414 
1719478711487.00, 43942, -586552, 439 
1719478711510.00, 43705, -585609, 464 
1719478711531.00, 43497, -584659, 484 
1719478711553.00, 43582, -583710, 490 
1719478711575.00, 43823, -582769, 503 
1719478711596.00, 43845, -581820, 521 
1719478711618.00, 43693, -580864, 537 
1719478711640.00, 43713, -579917, 529 
1719478711661.00, 43667, -578974, 534 
1719478711683.00, 43431, -578024, 559 
1719478711704.00, 43722, -577076, 587 
1719478711726.00, 43756, -576137, 589 
1719478711748.00, 43695, -575193, 597 
1719478711769.00, 43604, -574237, 611 
1719478711791.00, 43681, -573289, 618 
1719478711813.00, 43711, -572342, 629 
1719478711834.00, 43619, -571392, 646 
1719478711856.00, 43789, -570446, 654 
1719478711877.00, 43779, -569509, 662 
1719478711899.00, 43477, -568561, 672 
1719478711920.00, 43594, -567611, 674 
1719478711942.00, 43662, -566665, 678 
1719478711965.00, 43532, -565724, 686 
1719478711985.00, 43616, -564775, 679 
1719478712007.00, 43767, -563825, 680 
1719478712029.00, 43526, -562884, 689 
1719478712051.00, 43478, -561941, 680 
1719478712072.00, 43607, -560989, 694 
1719478712094.00, 43501, -560047, 701 
1719478712120.00, 43755, -559108, 706 
1719478712137.00, 43730, -558161, 702 
1719478712159.00, 43441, -557212, 719 
1719478712180.00, 43689, -556270, 727 
1719478712201.00, 43789, -555322, 732 
1719478712223.00, 43648, -554372, 743 
1719478712245.00, 43654, -553429, 753 
1719478712267.00, 43763, -552486, 761 
1719478712288.00, 43623, -551537, 767 
1719478712310.00, 43652, -550592, 773 
1719478712332.00, 43818, -549650, 760 
1719478712353.00, 43625, -548696, 765 
1719478712375.00, 43538, -547747, 756 
1719478712397.00, 43779, -546802, 742 
1719478712418.00, 43569, -545861, 758 
1719478712440.00, 43529, -544912, 748 
1719478712461.00, 43702, -543972, 734 
1719478712483.00, 43586, -543031, 756 
1719478712505.00, 43574, -542080, 760 
1719478712526.00, 43764, -541128, 762 
1719478712548.00, 43678, -540182, 776 
1719478712570.00, 43772, -539238, 784 
1719478712591.00, 43793, -538288, 788 
1719478712612.00, 43801, -537345, 799 
1719478712635.00, 43555, -536405, 809 
1719478712656.00, 43595, -535455, 799 
1719478712678.00, 43572, -534509, 801 
1719478712699.00, 43661, -533563, 815 
1719478712721.00, 43615, -532617, 805 
1719478712743.00, 43687, -531666, 804 
1719478712765.00, 43708, -530720, 798 
1719478712785.00, 43698, -529781, 791 
1719478712808.00, 43807, -528832, 795 
1719478712830.00, 43637, -527882, 808 
1719478712851.00, 43586, -526940, 796 
1719478712873.00, 43899, -525996, 809 
1719478712895.00, 43729, -525045, 824 
1719478712916.00, 43577, -524098, 816 
1719478712937.00, 43746, -523152, 830 
1719478712959.00, 43729, -522203, 828 
1719478712981.00, 43701, -521256, 843 
1719478713002.00, 43623, -520313, 870 
1719478713024.00, 43764, -519369, 858 
1719478713046.00, 43711, -518423, 847 
1719478713067.00, 43635, -517474, 875 
1719478713089.00, 43678, -516529, 845 
1719478713111.00, 43641, -515574, 852 
1719478713132.00, 43572, -514628, 855 
1719478713154.00, 43793, -513681, 845 
1719478713176.00, 43632, -512738, 858 
1719478713197.00, 43569, -511794, 854 
1719478713219.00, 43703, -510852, 851 
1719478713240.00, 43678, -509906, 856 
1719478713261.00, 43347, -508956, 862 
1719478713283.00, 43580, -508009, 841 
1719478713305.00, 43628, -507067, 838 
1719478713327.00, 43536, -506121, 854 
1719478713349.00, 43672, -505176, 848 
1719478713370.00, 43802, -504233, 842 
1719478713392.00, 43684, -503287, 856 
1719478713413.00, 43724, -502338, 848 
1719478713435.00, 43788, -501390, 854 
1719478713457.00, 43640, -500443, 850 
1719478713479.00, 43554, -499493, 840 
1719478713499.00, 43735, -498546, 847 
1719478713522.00, 43757, -497604, 849 
1719478713545.00, 43610, -496654, 860 
1719478713565.00, 43741, -495706, 845 
1719478713587.00, 43564, -494763, 860 
1719478713608.00, 43480, -493824, 859 
1719478713630.00, 43734, -492873, 856 
1719478713655.00, 43619, -491931, 868 
1719478713673.00, 43367, -490978, 861 
1719478713695.00, 43528, -490035, 865 
1719478713716.00, 43632, -489091, 854 
1719478713738.00, 43617, -488145, 857 
1719478713760.00, 43752, -487203, 868 
1719478713781.00, 43678, -486257, 874 
1719478713803.00, 43661, -485313, 865 
1719478713824.00, 43698, -484362, 888 
1719478713846.00, 43676, -483412, 892 
1719478713868.00, 43671, -482466, 877 
1719478713890.00, 43783, -481515, 883 
1719478713911.00, 43719, -480573, 897 
1719478713933.00, 43712, -479628, 875 
1719478713955.00, 43550, -478684, 869 
1719478713978.00, 43584, -477737, 879 
1719478713998.00, 43593, -476794, 875 
1719478714019.00, 43600, -475845, 885 
1719478714041.00, 43741, -474895, 904 
1719478714063.00, 43785, -473953, 899 
1719478714085.00, 43672, -473005, 912 
1719478714106.00, 43678, -472058, 936 
1719478714128.00, 43808, -471112, 933 
1719478714149.00, 43732, -470166, 935 
1719478714171.00, 43648, -469222, 921 
1719478714194.00, 43766, -468269, 936 
1719478714214.00, 43683, -467327, 939 
1719478714235.00, 43502, -466376, 935 
1719478714258.00, 43683, -465425, 928 
1719478714279.00, 43766, -464485, 924 
1719478714301.00, 43603, -463537, 917 
1719478714322.00, 43832, -462593, 909 
1719478714344.00, 43590, -461650, 916 
1719478714366.00, 43368, -460710, 905 
1719478714388.00, 43691, -459760, 899 
1719478714409.00, 43704, -458819, 895 
1719478714431.00, 43442, -457870, 885 
1719478714452.00, 43620, -456923, 886 
1719478714474.00, 43759, -455981, 878 
1719478714495.00, 43603, -455035, 885 
1719478714517.00, 43707, -454094, 892 
1719478714539.00, 43743, -453149, 887 
1719478714560.00, 43738, -452198, 902 
1719478714582.00, 43595, -451252, 902 
1719478714603.00, 43654, -450298, 904 
1719478714625.00, 43540, -449353, 906 
1719478714647.00, 43478, -448405, 921 
1719478714668.00, 43673, -447465, 932 
1719478714690.00, 43646, -446523, 925 
1719478714712.00, 43627, -445573, 933 
1719478714733.00, 43693, -444631, 937 
1719478714758.00, 43589, -443679, 942 
1719478714777.00, 43675, -442735, 917 
1719478714798.00, 43824, -441791, 893 
1719478714820.00, 43562, -440848, 866 
1719478714841.00, 43570, -439902, 833 
1719478714863.00, 43608, -438956, 815 
1719478714885.00, 43604, -438013, 841 
1719478714906.00, 43616, -437067, 855 
1719478714928.00, 43788, -436122, 855 
1719478714950.00, 43637, -435173, 864 
1719478714972.00, 43567, -434226, 864 
1719478714993.00, 43613, -433282, 866 
1719478715014.00, 43700, -432331, 877 
1719478715036.00, 25194, -431390, 889 
1719478715058.00, 13801, -430821, 929 
1719478715080.00, 7179, -430508, 927 
1719478715101.00, 3178, -430347, 956 
1719478715123.00, 707, -430274, 956 
1719478715144.00, -67, -430258, 923 
1719478715165.00, -547, -430259, 865 
1719478715190.00, -1307, -430269, 762 
1719478715208.00, -2022, -430300, 625 
1719478715230.00, -2489, -430346, 492 
1719478715250.00, -2669, -430407, 355 
1719478715273.00, -2584, -430470, 238 
1719478715298.00, -2594, -430531, 153 
1719478715316.00, -2528, -430591, 77 
1719478715337.00, -2394, -430652, 10 
1719478715359.00, -2253, -430712, -51 
1719478715380.00, -5268, -430765, -105 
1719478715405.00, -10305, -430875, -151 
1719478715423.00, -15915, -431095, -202 
1719478715445.00, -22075, -431439, -210 
1719478715466.00, -26499, -431923, -348 
1719478715488.00, -35267, -432487, -310 
1719478715511.00, -40462, -433244, -349 
1719478715531.00, -43376, -434113, -383 
1719478715554.00, -43565, -435058, -399 
1719478715574.00, -43701, -436001, -406 
1719478715595.00, -43801, -436947, -420 
1719478715619.00, -43606, -437900, -437 
1719478715640.00, -43962, -438847, -449 
1719478715661.00, -43736, -439794, -469 
1719478715683.00, -43565, -440740, -487 
1719478715704.00, -43714, -441695, -507 
1719478715727.00, -43823, -442638, -519 
1719478715747.00, -43579, -443582, -533 
1719478715769.00, -43683, -444542, -557 
1719478715790.00, -43820, -445482, -561 
1719478715812.00, -43708, -446425, -574 
1719478715835.00, -43510, -447375, -602 
1719478715856.00, -43669, -448323, -612 
1719478715878.00, -43806, -449261, -611 
1719478715899.00, -43752, -450211, -624 
1719478715921.00, -43742, -451164, -626 
1719478715942.00, -43756, -452113, -639 
1719478715963.00, -43744, -453057, -646 
1719478715985.00, -43624, -454006, -649 
1719478716007.00, -43665, -454951, -646 
1719478716029.00, -43605, -455892, -647 
1719478716051.00, -43629, -456834, -638 
1719478716072.00, -43674, -457786, -647 
1719478716094.00, -43630, -458733, -657 
1719478716115.00, -43530, -459676, -646 
1719478716137.00, -43641, -460627, -649 
1719478716158.00, -43747, -461571, -646 
1719478716180.00, -43583, -462506, -642 
1719478716202.00, -43642, -463454, -652 
1719478716223.00, -43785, -464406, -647 
1719478716245.00, -43580, -465345, -647 
1719478716267.00, -43711, -466294, -661 
1719478716289.00, -43687, -467246, -662 
1719478716309.00, -43672, -468190, -652 
1719478716331.00, -43709, -469137, -643 
1719478716353.00, -43723, -470085, -655 
1719478716375.00, -43490, -471036, -655 
1719478716396.00, -43638, -471972, -637 
1719478716418.00, -43718, -472917, -627 
1719478716440.00, -43532, -473864, -643 
1719478716461.00, -43544, -474810, -630 
1719478716483.00, -43718, -475750, -622 
1719478716505.00, -43715, -476701, -635 
1719478716526.00, -43585, -477655, -628 
1719478716547.00, -43694, -478594, -628 
1719478716570.00, -43757, -479540, -648 
1719478716591.00, -43445, -480492, -650 
1719478716622.00, -43623, -481432, -640 
1719478716635.00, -43665, -482373, -637 
1719478716656.00, -43616, -483324, -656 
1719478716678.00, -43700, -484276, -639 
1719478716700.00, -43770, -485220, -624 
1719478716723.00, -43465, -486166, -635 
1719478716743.00, -43547, -487115, -616 
1719478716765.00, -43624, -488053, -613 
1719478716786.00, -43502, -488991, -610 
1719478716808.00, -43598, -489940, -616 
1719478716829.00, -43722, -490890, -613 
1719478716851.00, -43670, -491837, -618 
1719478716873.00, -43750, -492786, -637 
1719478716894.00, -43789, -493740, -640 
1719478716916.00, -43697, -494679, -647 
1719478716940.00, -43443, -495620, -643 
1719478716959.00, -43558, -496571, -635 
1719478716981.00, -43688, -497516, -639 
1719478717002.00, -43626, -498455, -641 
1719478717024.00, -43752, -499402, -639 
1719478717047.00, -43818, -500359, -631 
1719478717067.00, -43625, -501301, -647 
1719478717089.00, -43651, -502247, -635 
1719478717111.00, -43730, -503197, -615 
1719478717132.00, -43625, -504144, -617 
1719478717157.00, -43658, -505082, -610 
1719478717175.00, -43795, -506032, -598 
1719478717197.00, -43540, -506980, -596 
1719478717219.00, -43610, -507925, -630 
1719478717241.00, -43731, -508870, -642 
1719478717262.00, -43681, -509824, -635 
1719478717284.00, -43612, -510772, -652 
1719478717305.00, -43634, -511713, -650 
1719478717327.00, -43668, -512657, -647 
1719478717349.00, -43567, -513603, -641 
1719478717371.00, -43568, -514546, -649 
1719478717392.00, -43610, -515493, -638 
1719478717413.00, -43566, -516444, -627 
1719478717435.00, -43671, -517392, -635 
1719478717457.00, -43740, -518332, -618 
1719478717481.00, -43540, -519280, -618 
1719478717500.00, -43700, -520229, -640 
1719478717522.00, -43764, -521168, -650 
1719478717544.00, -43584, -522115, -645 
1719478717565.00, -43627, -523064, -630 
1719478717586.00, -43670, -524011, -643 
1719478717608.00, -43719, -524954, -630 
1719478717630.00, -43723, -525904, -617 
1719478717652.00, -43752, -526852, -623 
1719478717673.00, -43550, -527792, -601 
1719478717697.00, -43619, -528738, -576 
1719478717717.00, -43647, -529684, -567 
1719478717738.00, -43756, -530624, -564 
1719478717760.00, -43410, -531566, -550 
1719478717781.00, -43604, -532520, -539 
1719478717803.00, -43623, -533465, -541 
1719478717824.00, -43767, -534409, -540 
1719478717847.00, -43740, -535355, -527 
1719478717868.00, -43722, -536306, -528 
1719478717890.00, -43452, -537243, -530 
1719478717911.00, -43628, -538188, -528 
1719478717933.00, -43693, -539134, -531 
1719478717955.00, -43598, -540079, -538 
1719478717976.00, -43624, -541024, -529 
1719478717998.00, -43663, -541976, -525 
1719478718020.00, -43445, -542927, -539 
1719478718041.00, -43363, -543868, -532 
1719478718063.00, -43557, -544807, -514 
1719478718084.00, -43587, -545752, -513 
1719478718106.00, -43641, -546692, -518 
1719478718127.00, -43599, -547638, -502 
1719478718149.00, -43465, -548588, -492 
1719478718171.00, -43695, -549537, -508 
1719478718193.00, -43756, -550482, -501 
1719478718214.00, -43625, -551424, -482 
1719478718236.00, -43656, -552374, -475 
1719478718258.00, -43752, -553313, -472 
1719478718279.00, -43685, -554255, -465 
1719478718301.00, -43548, -555202, -452 
1719478718322.00, -43803, -556153, -456 
1719478718344.00, -43517, -557096, -463 
1719478718365.00, -43713, -558043, -465 
1719478718388.00, -43691, -558988, -475 
1719478718408.00, -43519, -559935, -473 
1719478718431.00, -43446, -560875, -459 
1719478718452.00, -43643, -561821, -440 
1719478718473.00, -43657, -562761, -398 
1719478718495.00, -43580, -563698, -373 
1719478718517.00, -43629, -564644, -360 
1719478718539.00, -43566, -565594, -355 
1719478718560.00, -43523, -566537, -340 
1719478718582.00, -43730, -567483, -332 
1719478718604.00, -43738, -568431, -333 
1719478718625.00, -43591, -569377, -328 
1719478718647.00, -43649, -570318, -328 
1719478718669.00, -43677, -571259, -326 
1719478718690.00, -43773, -572207, -333 
1719478718712.00, -43813, -573154, -336 
1719478718733.00, -43833, -574102, -339 
1719478718756.00, -43536, -575055, -355 
1719478718777.00, -43689, -576003, -361 
1719478718798.00, -43667, -576941, -366 
1719478718820.00, -43639, -577885, -366 
1719478718842.00, -43777, -578830, -363 
1719478718863.00, -43863, -579769, -349 
1719478718885.00, -43558, -580717, -337 
1719478718906.00, -43555, -581671, -349 
1719478718927.00, -43566, -582613, -331 
1719478718950.00, -43580, -583554, -322 
1719478718971.00, -43622, -584500, -317 
1719478718993.00, -43810, -585445, -304 
1719478719018.00, -43121, -586383, -309 
1719478719036.00, -43178, -587324, -307 
1719478719057.00, -42924, -588260, -306 
1719478719079.00, -42940, -589194, -307 
1719478719101.00, -43067, -590122, -325 
1719478719128.00, -43411, -591050, -322 
1719478719144.00, -43584, -591990, -309 
1719478719165.00, -43467, -592930, -317 
1719478719188.00, -24815, -593870, -322 
1719478719209.00, -13799, -594434, -328 
1719478719231.00, -6986, -594741, -334 
1719478719252.00, -3043, -594901, -334 
1719478719274.00, -688, -594973, -349 
1719478719295.00, 56, -594990, -332 
1719478719316.00, 867, -594990, -298 
1719478719338.00, 1603, -594974, -247 
1719478719360.00, 1925, -594941, -193 
1719478719382.00, 2104, -594896, -153 
1719478719403.00, 2347, -594846, -102 
1719478719425.00, 2382, -594794, -48 
1719478719446.00, 2274, -594740, -3 
1719478719468.00, 2198, -594685, 45 
1719478719489.00, 5017, -594633, 99 
1719478719511.00, 9676, -594526, 150 
1719478719532.00, 15888, -594316, 200 
1719478719554.00, 22128, -593978, 246 
1719478719576.00, 28673, -593501, 289 
1719478719597.00, 35128, -592885, 312 
1719478719619.00, 40584, -592136, 289 
1719478719640.00, 42026, -591252, 418 
1719478719662.00, 43578, -590340, 376 
1719478719684.00, 43904, -589398, 417 
1719478719706.00, 43710, -588449, 443 
1719478719727.00, 43595, -587495, 443 
1719478719749.00, 43897, -586548, 459 
1719478719770.00, 43717, -585605, 478 
1719478719792.00, 43597, -584657, 491 
1719478719814.00, 43701, -583706, 508 
1719478719835.00, 43746, -582758, 570 
1719478719857.00, 43804, -581813, 565 
1719478719878.00, 43674, -580857, 573 
1719478719900.00, 43697, -579905, 600 
1719478719922.00, 43801, -578960, 642 
1719478719944.00, 43606, -578013, 659 
1719478719965.00, 43621, -577066, 671 
1719478719986.00, 43678, -576123, 703 
1719478720009.00, 43795, -575180, 705 
1719478720030.00, 43691, -574227, 713 
1719478720052.00, 43631, -573273, 739 
1719478720074.00, 43718, -572330, 746 
1719478720095.00, 43749, -571379, 754 
1719478720117.00, 43714, -570432, 773 
1719478720138.00, 43823, -569493, 769 
1719478720160.00, 43615, -568546, 781 
1719478720181.00, 43550, -567596, 778 
1719478720203.00, 43782, -566650, 778 
1719478720224.00, 43636, -565705, 788 
1719478720246.00, 43625, -564753, 792 
1719478720268.00, 43790, -563806, 792 
1719478720290.00, 43660, -562866, 797 
1719478720312.00, 43477, -561917, 795 
1719478720333.00, 43666, -560971, 789 
1719478720354.00, 43641, -560026, 799 
1719478720376.00, 43599, -559087, 786 
1719478720398.00, 43562, -558140, 772 
1719478720419.00, 43657, -557191, 775 
1719478720441.00, 43645, -556252, 772 
1719478720463.00, 43786, -555302, 772 
1719478720485.00, 43688, -554352, 780 
1719478720506.00, 43608, -553409, 787 
1719478720528.00, 43553, -552465, 796 
1719478720549.00, 43730, -551515, 810 
1719478720571.00, 43680, -550570, 820 
1719478720593.00, 43743, -549626, 828 
1719478720614.00, 43795, -548677, 823 
1719478720636.00, 43610, -547725, 831 
1719478720658.00, 43556, -546774, 826 
1719478720679.00, 43682, -545836, 824 
1719478720701.00, 43686, -544887, 830 
1719478720723.00, 43625, -543945, 823 
1719478720744.00, 43805, -543001, 828 
1719478720766.00, 43782, -542053, 823 
1719478720788.00, 43674, -541103, 828 
1719478720809.00, 43546, -540152, 826 
1719478720831.00, 43756, -539210, 834 
1719478720852.00, 43636, -538267, 828 
1719478720874.00, 43812, -537318, 833 
1719478720896.00, 43703, -536381, 831 
1719478720917.00, 43644, -535431, 836 
1719478720939.00, 43628, -534481, 834 
1719478720960.00, 43810, -533537, 823 
1719478720992.00, 43595, -532592, 825 
1719478721004.00, 43470, -531640, 819 
1719478721025.00, 43648, -530696, 828 
1719478721047.00, 43703, -529757, 825 
1719478721069.00, 43570, -528809, 849 
1719478721091.00, 43671, -527861, 842 
1719478721112.00, 43764, -526920, 840 
1719478721133.00, 43747, -525976, 857 
1719478721155.00, 43688, -525026, 837 
1719478721177.00, 43826, -524077, 845 
1719478721199.00, 43793, -523133, 838 
1719478721220.00, 43607, -522181, 856 
1719478721242.00, 43761, -521236, 852 
1719478721264.00, 43601, -520293, 851 
1719478721285.00, 43568, -519349, 858 
1719478721306.00, 43731, -518405, 852 
1719478721328.00, 43576, -517461, 851 
1719478721350.00, 43415, -516513, 837 
1719478721371.00, 43534, -515561, 820 
1719478721393.00, 43556, -514618, 807 
1719478721420.00, 43687, -513678, 795 
1719478721436.00, 43702, -512734, 793 
1719478721458.00, 43635, -511788, 796 
1719478721480.00, 43542, -510841, 803 
1719478721501.00, 43740, -509901, 808 
1719478721525.00, 43635, -508949, 815 
1719478721544.00, 43632, -508000, 823 
1719478721566.00, 43728, -507054, 838 
1719478721588.00, 43714, -506106, 849 
1719478721609.00, 43637, -505160, 851 
1719478721631.00, 43828, -504214, 864 
1719478721653.00, 43662, -503272, 864 
1719478721675.00, 43649, -502319, 861 
1719478721695.00, 43840, -501373, 872 
1719478721718.00, 43736, -500427, 874 
1719478721740.00, 43651, -499480, 873 
1719478721761.00, 43573, -498527, 884 
1719478721783.00, 43755, -497581, 878 
1719478721804.00, 43762, -496639, 875 
1719478721826.00, 43552, -495689, 885 
1719478721847.00, 43572, -494745, 893 
1719478721869.00, 43626, -493805, 897 
1719478721891.00, 43612, -492857, 898 
1719478721912.00, 43786, -491910, 898 
1719478721934.00, 43735, -490959, 901 
1719478721956.00, 43621, -490013, 931 
1719478721977.00, 43533, -489062, 936 
1719478722002.00, 43773, -488118, 936 
1719478722021.00, 43558, -487179, 954 
1719478722042.00, 43394, -486228, 960 
1719478722064.00, 43629, -485287, 948 
1719478722085.00, 43574, -484340, 960 
1719478722107.00, 43425, -483392, 956 
1719478722129.00, 43667, -482445, 943 
1719478722151.00, 43784, -481499, 947 
1719478722172.00, 43555, -480558, 944 
1719478722194.00, 43651, -479612, 937 
1719478722216.00, 43709, -478669, 938 
1719478722237.00, 43553, -477723, 935 
1719478722259.00, 43683, -476775, 928 
1719478722280.00, 43855, -475831, 927 
1719478722302.00, 43537, -474879, 942 
1719478722323.00, 43675, -473935, 931 
1719478722345.00, 43683, -472992, 932 
1719478722367.00, 43533, -472044, 954 
1719478722389.00, 43783, -471100, 970 
1719478722410.00, 43918, -470152, 995 
1719478722432.00, 43590, -469207, 995 
1719478722454.00, 43729, -468259, 1000 
1719478722475.00, 43691, -467310, 989 
1719478722497.00, 43433, -466360, 971 
1719478722518.00, 43605, -465410, 961 
1719478722539.00, 43832, -464471, 961 
1719478722561.00, 43597, -463524, 960 
1719478722583.00, 43700, -462582, 941 
1719478722605.00, 43658, -461637, 934 
1719478722628.00, 43531, -460698, 920 
1719478722649.00, 43511, -459752, 910 
1719478722670.00, 43691, -458807, 881 
1719478722691.00, 43536, -457861, 863 
1719478722713.00, 43565, -456914, 861 
1719478722735.00, 43686, -455974, 844 
1719478722756.00, 43649, -455029, 830 
1719478722778.00, 43631, -454088, 827 
1719478722800.00, 43731, -453143, 827 
1719478722822.00, 43824, -452191, 819 
1719478722843.00, 43524, -451247, 820 
1719478722865.00, 43609, -450297, 807 
1719478722886.00, 43694, -449348, 813 
1719478722908.00, 43422, -448405, 818 
1719478722930.00, 43635, -447461, 816 
1719478722952.00, 43685, -446520, 815 
1719478722973.00, 43567, -445570, 812 
1719478722994.00, 43617, -444631, 815 
1719478723016.00, 43619, -443681, 810 
1719478723037.00, 43703, -442738, 801 
1719478723060.00, 43867, -441791, 793 
1719478723080.00, 43649, -440844, 789 
1719478723103.00, 43668, -439902, 795 
1719478723125.00, 43570, -438952, 796 
1719478723146.00, 43694, -438012, 793 
1719478723168.00, 43740, -437063, 797 
1719478723189.00, 43617, -436120, 789 
1719478723211.00, 43721, -435171, 790 
1719478723232.00, 43620, -434224, 785 
1719478723254.00, 43483, -433278, 769 
1719478723275.00, 43608, -432330, 764 
1719478723297.00, 24969, -431394, 757 
1719478723319.00, 13636, -430830, 734 
1719478723341.00, 6886, -430521, 733 
1719478723362.00, 2974, -430361, 738 
1719478723385.00, 642, -430291, 759 
1719478723405.00, 5, -430274, 744 
1719478723426.00, -613, -430277, 720 
1719478723448.00, -1257, -430284, 659 
1719478723469.00, -1780, -430313, 583 
1719478723492.00, -2256, -430353, 508 
1719478723512.00, -2467, -430405, 403 
1719478723533.00, -2526, -430463, 293 
1719478723555.00, -2508, -430523, 194 
1719478723577.00, -2527, -430583, 107 
1719478723598.00, -2465, -430644, 15 
1719478723620.00, -2204, -430709, -72 
1719478723641.00, -6178, -430762, -133 
1719478723662.00, -12325, -430898, -182 
1719478723683.00, -19184, -431164, -216 
1719478723705.00, -24654, -431579, -291 
1719478723727.00, -32944, -432117, -320 
1719478723749.00, -38858, -432819, -347 
1719478723771.00, -42337, -433658, -372 
1719478723792.00, -43855, -434585, -394 
1719478723814.00, -43890, -435536, -420 
1719478723836.00, -43657, -436480, -445 
1719478723857.00, -43746, -437427, -451 
1719478723879.00, -43790, -438384, -499 
1719478723900.00, -43644, -439325, -523 
1719478723922.00, -43838, -440274, -531 
1719478723944.00, -43942, -441225, -548 
1719478723965.00, -43498, -442171, -562 
1719478723987.00, -43689, -443114, -564 
1719478724008.00, -43775, -444065, -575 
1719478724030.00, -43653, -445018, -594 
1719478724051.00, -43619, -445958, -590 
1719478724073.00, -43671, -446904, -592 
1719478724095.00, -43765, -447852, -601 
1719478724117.00, -43559, -448793, -611 
1719478724139.00, -43728, -449738, -613 
1719478724160.00, -43666, -450690, -620 
1719478724181.00, -43711, -451643, -617 
1719478724203.00, -43766, -452585, -618 
1719478724224.00, -43702, -453534, -627 
1719478724246.00, -43567, -454482, -623 
1719478724268.00, -43608, -455421, -627 
1719478724290.00, -43652, -456367, -643 
1719478724311.00, -43716, -457315, -642 
1719478724333.00, -43517, -458264, -638 
1719478724354.00, -43831, -459210, -648 
1719478724376.00, -43741, -460157, -646 
1719478724398.00, -43584, -461105, -634 
1719478724420.00, -43834, -462048, -643 
1719478724441.00, -43665, -462988, -643 
1719478724462.00, -43622, -463941, -650 
1719478724484.00, -43653, -464886, -643 
1719478724506.00, -43872, -465824, -622 
1719478724528.00, -43546, -466781, -647 
1719478724549.00, -43595, -467730, -639 
1719478724570.00, -43761, -468671, -623 
1719478724592.00, -43824, -469613, -609 
1719478724614.00, -43586, -470567, -609 
1719478724636.00, -43800, -471513, -618 
1719478724658.00, -43700, -472451, -610 
1719478724679.00, -43582, -473403, -628 
1719478724700.00, -43656, -474350, -635 
1719478724723.00, -43658, -475294, -633 
1719478724744.00, -43718, -476237, -625 
1719478724766.00, -43699, -477193, -650 
1719478724787.00, -43622, -478141, -656 
1719478724810.00, -43623, -479079, -634 
1719478724831.00, -43501, -480028, -658 
1719478724853.00, -43834, -480977, -666 
1719478724873.00, -43644, -481914, -656 
1719478724895.00, -43457, -482863, -653 
1719478724917.00, -43824, -483823, -677 
1719478724939.00, -43727, -484771, -704 
1719478724961.00, -43593, -485711, -675 
1719478724982.00, -43652, -486662, -686 
1719478725004.00, -43697, -487612, -707 
1719478725025.00, -43665, -488549, -686 
1719478725047.00, -43652, -489494, -681 
1719478725069.00, -43751, -490451, -705 
1719478725090.00, -43744, -491394, -707 
1719478725111.00, -43651, -492343, -696 
1719478725133.00, -43607, -493294, -706 
1719478725155.00, -43776, -494240, -714 
1719478725177.00, -43695, -495177, -701 
1719478725198.00, -43665, -496122, -698 
1719478725219.00, -43745, -497078, -693 
1719478725242.00, -43639, -498015, -695 
1719478725263.00, -43664, -498959, -672 
1719478725285.00, -43733, -499915, -664 
1719478725306.00, -43670, -500863, -681 
1719478725328.00, -43527, -501806, -672 
1719478725350.00, -43690, -502756, -656 
1719478725372.00, -43788, -503706, -665 
1719478725393.00, -43546, -504648, -673 
1719478725414.00, -43654, -505591, -662 
1719478725436.00, -43862, -506539, -651 
1719478725458.00, -43713, -507487, -675 
1719478725479.00, -43553, -508433, -675 
1719478725501.00, -43790, -509383, -669 
1719478725523.00, -43645, -510336, -677 
1719478725545.00, -43561, -511277, -688 
1719478725566.00, -43730, -512221, -676 
1719478725588.00, -43827, -513167, -661 
1719478725610.00, -43610, -514112, -683 
1719478725631.00, -43659, -515056, -673 
1719478725653.00, -43759, -516008, -667 
1719478725675.00, -43744, -516960, -675 
1719478725696.00, -43643, -517907, -681 
1719478725718.00, -43689, -518853, -679 
1719478725739.00, -43703, -519803, -676 
1719478725761.00, -43584, -520744, -692 
1719478725783.00, -43689, -521684, -682 
1719478725804.00, -43717, -522634, -670 
1719478725825.00, -43619, -523582, -674 
1719478725848.00, -43740, -524526, -657 
1719478725869.00, -43671, -525475, -635 
1719478725891.00, -43437, -526426, -646 
1719478725913.00, -43705, -527366, -649 
1719478725936.00, -43729, -528309, -624 
1719478725956.00, -43681, -529258, -615 
1719478725978.00, -43549, -530205, -629 
1719478726000.00, -43604, -531145, -613 
1719478726021.00, -43618, -532089, -593 
1719478726042.00, -43713, -533046, -607 
1719478726063.00, -43629, -533988, -612 
1719478726086.00, -43626, -534932, -592 
1719478726107.00, -43542, -535883, -577 
1719478726129.00, -43603, -536828, -582 
1719478726151.00, -43620, -537765, -566 
1719478726172.00, -43452, -538712, -549 
1719478726194.00, -43582, -539660, -545 
1719478726215.00, -43642, -540598, -533 
1719478726237.00, -43553, -541541, -512 
1719478726259.00, -43600, -542495, -511 
1719478726280.00, -43608, -543437, -505 
1719478726302.00, -43525, -544377, -494 
1719478726323.00, -43665, -545325, -491 
1719478726345.00, -43709, -546267, -496 
1719478726367.00, -43477, -547209, -488 
1719478726388.00, -43705, -548161, -479 
1719478726410.00, -43651, -549114, -498 
1719478726431.00, -43681, -550057, -497 
1719478726453.00, -43557, -551005, -490 
1719478726475.00, -43608, -551954, -494 
1719478726497.00, -43572, -552896, -492 
1719478726518.00, -43877, -553839, -487 
1719478726539.00, -43716, -554782, -474 
1719478726563.00, -43629, -555732, -484 
1719478726584.00, -43472, -556674, -472 
1719478726605.00, -43605, -557619, -465 
1719478726626.00, -43600, -558566, -472 
1719478726647.00, -43557, -559511, -462 
1719478726672.00, -43520, -560452, -450 
1719478726692.00, -43456, -561395, -434 
1719478726713.00, -43407, -562345, -452 
1719478726735.00, -43619, -563283, -453 
1719478726756.00, -43722, -564222, -443 
1719478726778.00, -43895, -565177, -466 
1719478726800.00, -43692, -566126, -475 
1719478726821.00, -43573, -567067, -466 
1719478726843.00, -43468, -568016, -451 
1719478726864.00, -43605, -568964, -449 
1719478726886.00, -43647, -569898, -426 
1719478726907.00, -43659, -570841, -419 
1719478726929.00, -43706, -571789, -413 
1719478726951.00, -43672, -572737, -408 
1719478726973.00, -43696, -573682, -413 
1719478726994.00, -43644, -574630, -410 
1719478727016.00, -43814, -575578, -401 
1719478727038.00, -43582, -576518, -396 
1719478727059.00, -43713, -577461, -392 
1719478727081.00, -43676, -578406, -386 
1719478727102.00, -43474, -579352, -379 
1719478727124.00, -43483, -580295, -396 
1719478727146.00, -43627, -581246, -395 
1719478727167.00, -43699, -582192, -390 
1719478727189.00, -43604, -583134, -395 
1719478727211.00, -43618, -584079, -378 
1719478727232.00, -43544, -585023, -365 
1719478727254.00, -43623, -585966, -360 
1719478727276.00, -43719, -586906, -351 
1719478727297.00, -43562, -587856, -342 
1719478727319.00, -43678, -588802, -322 
1719478727341.00, -43676, -589740, -308 
1719478727362.00, -43363, -590685, -300 
1719478727383.00, -42700, -591629, -301 
1719478727405.00, -42564, -592551, -281 
1719478727429.00, -41074, -593471, -274 
1719478727449.00, -23457, -594359, -268 
1719478727470.00, -13023, -594888, -263 
1719478727492.00, -6717, -595180, -261 
1719478727513.00, -2865, -595330, -253 
1719478727535.00, -443, -595397, -264 
1719478727556.00, 87, -595410, -238 
1719478727578.00, 993, -595408, -200 
1719478727599.00, 1560, -595393, -168 
1719478727621.00, 1974, -595359, -129 
1719478727643.00, 2188, -595316, -93 
1719478727664.00, 2193, -595268, -61 
1719478727686.00, 2120, -595216, -27 
1719478727707.00, 2180, -595166, 10 
1719478727728.00, -2, -595118, 42 
1719478727750.00, 3534, -595111, 79 
1719478727772.00, 8034, -595038, 121 
1719478727793.00, 12907, -594870, 158 
1719478727815.00, 17853, -594588, 211 
1719478727836.00, 24064, -594200, 250 
1719478727857.00, 30370, -593678, 284 
1719478727879.00, 35948, -593033, 317 
1719478727901.00, 41044, -592266, 301 
1719478727923.00, 43293, -591374, 418 
1719478727945.00, 43514, -590438, 386 
1719478727966.00, 43850, -589496, 400 
1719478727988.00, 43765, -588549, 416 
1719478728009.00, 43616, -587598, 414 
1719478728031.00, 43780, -586650, 411 
1719478728053.00, 43823, -585709, 415 
1719478728074.00, 43548, -584760, 420 
1719478728095.00, 43505, -583815, 417 
1719478728118.00, 43752, -582870, 424 
1719478728140.00, 43563, -581921, 437 
1719478728161.00, 43725, -580967, 443 
1719478728182.00, 43888, -580018, 456 
1719478728206.00, 43626, -579074, 479 
1719478728226.00, 43736, -578123, 500 
1719478728247.00, 43595, -577175, 511 
1719478728269.00, 43818, -576235, 526 
1719478728291.00, 43829, -575291, 547 
1719478728312.00, 43614, -574335, 583 
1719478728334.00, 43629, -573387, 584 
1719478728355.00, 43788, -572442, 581 
1719478728377.00, 43516, -571488, 604 
1719478728399.00, 43600, -570543, 623 
1719478728420.00, 43784, -569601, 628 
1719478728442.00, 43814, -568656, 630 
1719478728464.00, 43572, -567703, 637 
1719478728485.00, 43704, -566756, 657 
1719478728507.00, 43705, -565813, 658 
1719478728532.00, 43736, -564859, 661 
1719478728550.00, 43798, -563912, 674 
1719478728572.00, 43849, -562965, 688 
1719478728594.00, 43744, -562021, 690 
1719478728615.00, 43729, -561071, 697 
1719478728638.00, 43744, -560124, 722 
1719478728658.00, 43583, -559181, 731 
1719478728680.00, 43634, -558232, 733 
1719478728702.00, 43819, -557285, 743 
1719478728724.00, 43627, -556340, 751 
1719478728745.00, 43519, -555389, 751 
1719478728767.00, 43829, -554441, 763 
1719478728788.00, 43719, -553494, 766 
1719478728810.00, 43692, -552554, 788 
1719478728832.00, 43673, -551603, 790 
1719478728853.00, 43801, -550656, 804 
1719478728875.00, 43640, -549711, 805 
1719478728896.00, 43683, -548760, 808 
1719478728918.00, 43790, -547807, 821 
1719478728940.00, 43785, -546860, 823 
1719478728964.00, 43560, -545920, 836 
1719478728983.00, 43691, -544969, 844 
1719478729004.00, 43763, -544026, 846 
1719478729026.00, 43588, -543079, 845 
1719478729048.00, 43462, -542134, 854 
1719478729070.00, 43625, -541183, 851 
1719478729091.00, 43709, -540239, 846 
1719478729113.00, 43651, -539295, 858 
1719478729134.00, 43787, -538347, 848 
1719478729156.00, 43638, -537403, 852 
1719478729178.00, 43675, -536461, 845 
1719478729199.00, 43770, -535513, 852 
1719478729221.00, 43649, -534566, 845 
1719478729244.00, 43471, -533618, 844 
1719478729264.00, 43585, -532670, 844 
1719478729286.00, 43640, -531720, 847 
1719478729307.00, 43522, -530776, 852 
1719478729329.00, 43652, -529834, 846 
1719478729351.00, 43649, -528891, 839 
1719478729373.00, 43537, -527944, 831 
1719478729394.00, 43768, -527001, 828 
1719478729416.00, 43619, -526057, 822 
1719478729437.00, 43379, -525108, 829 
1719478729459.00, 43602, -524161, 825 
1719478729481.00, 43535, -523218, 834 
1719478729502.00, 43493, -522272, 822 
1719478729523.00, 43705, -521326, 813 
1719478729546.00, 43667, -520386, 813 
1719478729568.00, 43518, -519442, 800 
1719478729589.00, 43628, -518496, 780 
1719478729611.00, 43689, -517549, 787 
1719478729632.00, 43750, -516606, 801 
1719478729654.00, 43607, -515650, 783 
1719478729676.00, 43684, -514703, 785 
1719478729697.00, 43619, -513760, 786 
1719478729718.00, 43643, -512811, 792 
1719478729740.00, 43741, -511868, 805 
1719478729762.00, 43699, -510923, 822 
1719478729784.00, 43632, -509981, 834 
1719478729805.00, 43613, -509025, 841 
1719478729827.00, 43679, -508079, 841 
1719478729849.00, 43674, -507134, 849 
1719478729870.00, 43648, -506187, 847 
1719478729892.00, 43702, -505240, 844 
1719478729913.00, 43680, -504295, 851 
1719478729935.00, 43651, -503351, 852 
1719478729956.00, 43740, -502404, 828 
1719478729979.00, 43710, -501455, 831 
1719478730000.00, 43534, -500512, 831 
1719478730022.00, 43708, -499563, 816 
1719478730043.00, 43665, -498616, 829 
1719478730065.00, 43507, -497667, 822 
1719478730087.00, 43695, -496724, 820 
1719478730108.00, 43682, -495776, 823 
1719478730130.00, 43549, -494830, 826 
1719478730151.00, 43743, -493891, 821 
1719478730174.00, 43627, -492944, 825 
1719478730195.00, 43501, -491999, 809 
1719478730217.00, 43509, -491047, 821 
1719478730238.00, 43576, -490107, 805 
1719478730260.00, 43412, -489156, 809 
1719478730281.00, 43770, -488214, 805 
1719478730303.00, 43626, -487277, 794 
1719478730324.00, 43604, -486331, 793 
1719478730346.00, 43723, -485383, 795 
1719478730368.00, 43754, -484436, 791 
1719478730390.00, 43632, -483489, 795 
1719478730411.00, 43557, -482538, 798 
1719478730433.00, 43781, -481589, 803 
1719478730454.00, 43645, -480650, 804 
1719478730476.00, 43804, -479704, 810 
1719478730501.00, 43788, -478760, 812 
1719478730519.00, 43562, -477815, 820 
1719478730541.00, 43579, -476869, 815 
1719478730563.00, 43777, -475922, 826 
1719478730584.00, 43636, -474970, 829 
1719478730606.00, 43658, -474030, 824 
1719478730627.00, 43719, -473082, 813 
1719478730649.00, 43606, -472139, 810 
1719478730671.00, 43350, -471195, 801 
1719478730692.00, 43560, -470250, 792 
1719478730714.00, 43521, -469308, 782 
1719478730736.00, 43625, -468359, 783 
1719478730757.00, 43671, -467417, 770 
1719478730779.00, 43572, -466468, 773 
1719478730800.00, 43586, -465522, 764 
1719478730823.00, 43840, -464577, 759 
1719478730843.00, 43654, -463630, 753 
1719478730865.00, 43584, -462688, 740 
1719478730887.00, 43702, -461743, 734 
1719478730909.00, 43633, -460802, 729 
1719478730931.00, 43509, -459854, 725 
1719478730951.00, 43733, -458908, 717 
1719478730973.00, 43750, -457962, 718 
1719478730995.00, 43552, -457012, 713 
1719478731016.00, 43823, -456069, 710 
1719478731044.00, 43705, -455122, 710 
1719478731060.00, 43633, -454183, 717 
1719478731082.00, 43636, -453237, 708 
1719478731103.00, 43799, -452289, 711 
1719478731125.00, 43653, -451341, 718 
1719478731146.00, 43705, -450388, 730 
1719478731168.00, 43738, -449442, 734 
1719478731190.00, 43797, -448493, 744 
1719478731212.00, 43515, -447552, 742 
1719478731233.00, 43760, -446609, 746 
1719478731255.00, 43739, -445661, 747 
1719478731277.00, 43532, -444718, 742 
1719478731298.00, 43716, -443770, 728 
1719478731320.00, 43879, -442823, 726 
1719478731341.00, 43474, -441878, 718 
1719478731363.00, 43524, -440934, 708 
1719478731384.00, 43659, -439992, 700 
1719478731407.00, 43706, -439043, 711 
1719478731428.00, 43685, -438100, 716 
1719478731449.00, 43687, -437153, 710 
1719478731471.00, 43669, -436208, 706 
1719478731492.00, 43752, -435257, 713 
1719478731515.00, 43751, -434314, 708 
1719478731536.00, 43723, -433366, 710 
1719478731558.00, 43695, -432414, 712 
1719478731579.00, 24836, -431476, 707 
1719478731601.00, 13553, -430909, 712 
1719478731623.00, 6990, -430602, 725 
1719478731644.00, 2987, -430443, 740 
1719478731665.00, 608, -430374, 738 
1719478731687.00, -63, -430359, 701 
1719478731709.00, -803, -430362, 644 
1719478731730.00, -1595, -430376, 553 
1719478731751.00, -2160, -430412, 426 
1719478731772.00, -2408, -430464, 304 
1719478731794.00, -2455, -430519, 206 
1719478731815.00, -2485, -430577, 129 
1719478731837.00, -2381, -430636, 57 
1719478731858.00, -2211, -430694, -16 
1719478731880.00, -3158, -430753, -84 
1719478731901.00, -7873, -430822, -137 
1719478731923.00, -13596, -430986, -181 
1719478731945.00, -19425, -431281, -215 
1719478731966.00, -25244, -431712, -283 
1719478731988.00, -32560, -432251, -317 
1719478732009.00, -38863, -432952, -342 
1719478732031.00, -42596, -433785, -376 
1719478732053.00, -43925, -434712, -397 
1719478732075.00, -43673, -435661, -416 
1719478732096.00, -43693, -436605, -453 
1719478732117.00, -43570, -437553, -455 
1719478732139.00, -43552, -438506, -473 
1719478732160.00, -43854, -439451, -489 
1719478732183.00, -43921, -440397, -499 
1719478732204.00, -43657, -441349, -524 
1719478732226.00, -43757, -442293, -543 
1719478732247.00, -43714, -443240, -545 
1719478732270.00, -43427, -444191, -564 
1719478732291.00, -43845, -445144, -577 
1719478732313.00, -43889, -446082, -585 
1719478732334.00, -43574, -447030, -599 
1719478732355.00, -43506, -447979, -614 
1719478732377.00, -43785, -448918, -628 
1719478732399.00, -43737, -449867, -632 
1719478732421.00, -43588, -450821, -641 
1719478732442.00, -43800, -451770, -644 
1719478732468.00, -43727, -452713, -646 
1719478732485.00, -43686, -453662, -669 
1719478732507.00, -43736, -454614, -688 
1719478732528.00, -43746, -455553, -685 
1719478732550.00, -43525, -456499, -705 
1719478732574.00, -43726, -457449, -729 
1719478732594.00, -43789, -458394, -727 
1719478732615.00, -43710, -459340, -728 
1719478732637.00, -43481, -460293, -749 
1719478732659.00, -43750, -461240, -747 
1719478732680.00, -43698, -462179, -752 
1719478732702.00, -43771, -463125, -752 
1719478732723.00, -43749, -464074, -747 
1719478732745.00, -43764, -465018, -755 
1719478732766.00, -43531, -465961, -736 
1719478732788.00, -43817, -466914, -752 
1719478732809.00, -43722, -467863, -741 
1719478732832.00, -43565, -468808, -738 
1719478732853.00, -43630, -469748, -734 
1719478732875.00, -43745, -470703, -720 
1719478732896.00, -43580, -471645, -730 
1719478732918.00, -43443, -472586, -725 
1719478732940.00, -43719, -473535, -732 
1719478732961.00, -43768, -474485, -741 
1719478732983.00, -43616, -475426, -715 
1719478733005.00, -43712, -476374, -720 
1719478733026.00, -43792, -477327, -722 
1719478733048.00, -43666, -478270, -707 
1719478733069.00, -43814, -479213, -691 
1719478733091.00, -43752, -480160, -700 
1719478733112.00, -43581, -481101, -693 
1719478733134.00, -43767, -482044, -677 
1719478733156.00, -43785, -482990, -668 
1719478733178.00, -43675, -483948, -689 
1719478733199.00, -43608, -484889, -679 
1719478733221.00, -43716, -485833, -659 
1719478733242.00, -43908, -486785, -664 
1719478733264.00, -43587, -487728, -658 
1719478733285.00, -43816, -488669, -651 
1719478733308.00, -43801, -489617, -658 
1719478733329.00, -43649, -490566, -647 
1719478733350.00, -43826, -491514, -650 
1719478733372.00, -43873, -492465, -670 
1719478733394.00, -43584, -493417, -691 
1719478733416.00, -43680, -494361, -699 
1719478733437.00, -43726, -495304, -700 
1719478733459.00, -43587, -496249, -716 
1719478733480.00, -43545, -497199, -706 
1719478733502.00, -43734, -498139, -698 
1719478733524.00, -43660, -499082, -695 
1719478733545.00, -43664, -500037, -673 
1719478733570.00, -43892, -500984, -673 
1719478733589.00, -43547, -501929, -666 
1719478733611.00, -43386, -502877, -665 
1719478733632.00, -43677, -503821, -646 
1719478733653.00, -43732, -504759, -646 
1719478733675.00, -43527, -505707, -651 
1719478733697.00, -43730, -506655, -629 
1719478733719.00, -43752, -507597, -631 
1719478733740.00, -43785, -508543, -633 
1719478733762.00, -43692, -509492, -633 
1719478733783.00, -43832, -510445, -629 
1719478733805.00, -43750, -511386, -625 
1719478733827.00, -43611, -512329, -628 
1719478733849.00, -43638, -513277, -618 
1719478733870.00, -43637, -514217, -620 
1719478733892.00, -43613, -515163, -621 
1719478733913.00, -43685, -516115, -623 
1719478733935.00, -43648, -517066, -624 
1719478733957.00, -43521, -518009, -621 
1719478733978.00, -43658, -518956, -619 
1719478734001.00, -43782, -519902, -613 
1719478734022.00, -43605, -520842, -617 
1719478734043.00, -43737, -521788, -629 
1719478734065.00, -43795, -522738, -633 
1719478734087.00, -43573, -523685, -627 
1719478734111.00, -43761, -524631, -626 
1719478734130.00, -43729, -525578, -639 
1719478734152.00, -43779, -526531, -634 
1719478734173.00, -43571, -527470, -630 
1719478734195.00, -43633, -528414, -628 
1719478734218.00, -43577, -529363, -620 
1719478734238.00, -43498, -530304, -602 
1719478734260.00, -43671, -531245, -583 
1719478734281.00, -43693, -532194, -596 
1719478734303.00, -43570, -533147, -591 
1719478734325.00, -43769, -534091, -581 
1719478734346.00, -43766, -535034, -590 
1719478734368.00, -43572, -535985, -597 
1719478734390.00, -43723, -536929, -587 
1719478734410.00, -43775, -537872, -596 
1719478734435.00, -43473, -538820, -595 
1719478734454.00, -43626, -539766, -594 
1719478734476.00, -43719, -540710, -594 
1719478734498.00, -43721, -541652, -588 
1719478734519.00, -43649, -542606, -579 
1719478734542.00, -43749, -543551, -564 
1719478734563.00, -43530, -544491, -560 
1719478734584.00, -43589, -545438, -555 
1719478734605.00, -43692, -546380, -539 
1719478734627.00, -43473, -547322, -537 
1719478734651.00, -43463, -548273, -536 
1719478734671.00, -43602, -549223, -532 
1719478734692.00, -43627, -550165, -526 
1719478734714.00, -43675, -551111, -523 
1719478734735.00, -43770, -552057, -516 
1719478734757.00, -43769, -553001, -499 
1719478734779.00, -43487, -553943, -485 
1719478734800.00, -43570, -554889, -481 
1719478734822.00, -43698, -555837, -476 
1719478734844.00, -43595, -556780, -465 
1719478734866.00, -43732, -557722, -453 
1719478734887.00, -43800, -558672, -448 
1719478734909.00, -43557, -559616, -437 
1719478734930.00, -43595, -560559, -439 
1719478734952.00, -43617, -561504, -441 
1719478734975.00, -43609, -562451, -438 
1719478734996.00, -43839, -563393, -443 
1719478735017.00, -43862, -564338, -443 
1719478735038.00, -43445, -565293, -437 
1719478735060.00, -43593, -566233, -419 
1719478735081.00, -43592, -567175, -405 
1719478735103.00, -43399, -568124, -394 
1719478735125.00, -43591, -569071, -395 
1719478735147.00, -43824, -570008, -384 
1719478735169.00, -43630, -570948, -359 
1719478735190.00, -43638, -571896, -367 
1719478735212.00, -43601, -572841, -358 
1719478735233.00, -43418, -573789, -335 
1719478735255.00, -43599, -574738, -331 
1719478735276.00, -43766, -575681, -336 
1719478735298.00, -43496, -576623, -335 
1719478735324.00, -43427, -577567, -324 
1719478735341.00, -43621, -578513, -339 
1719478735363.00, -43598, -579454, -344 
1719478735385.00, -43719, -580397, -338 
1719478735406.00, -43837, -581350, -353 
1719478735428.00, -43602, -582300, -350 
1719478735449.00, -43639, -583241, -342 
1719478735471.00, -43709, -584186, -333 
1719478735493.00, -43607, -585131, -328 
1719478735515.00, -43529, -586074, -307 
1719478735536.00, -43502, -587018, -306 
1719478735557.00, -42986, -587961, -302 
1719478735580.00, -42630, -588895, -289 
1719478735601.00, -41591, -589817, -283 
1719478735623.00, -40652, -590720, -273 
1719478735644.00, -39543, -591603, -264 
1719478735666.00, -38279, -592459, -249 
1719478735688.00, -36633, -593292, -236 
1719478735709.00, -20735, -594084, -237 
1719478735731.00, -11231, -594559, -258 
1719478735753.00, -5557, -594812, -257 
1719478735773.00, -2295, -594938, -251 
1719478735795.00, -325, -594994, -269 
1719478735817.00, 63, -595003, -281 
1719478735839.00, 774, -595004, -295 
1719478735860.00, 1381, -594995, -292 
1719478735881.00, 1720, -594968, -277 
1719478735903.00, 1900, -594932, -275 
1719478735925.00, 1960, -594891, -275 
1719478735947.00, 1989, -594847, -272 
1719478735968.00, 2051, -594802, -255 
1719478735990.00, 2053, -594756, -239 
1719478736011.00, 1977, -594713, -223 
1719478736033.00, 1927, -594669, -213 
1719478736121.00, 1933, -594627, -192 
1719478736122.00, 1850, -594585, -162 
1719478736122.00, 1758, -594542, -141 
1719478736122.00, 1701, -594501, -117 
1719478736140.00, 1646, -594463, -97 
1719478736163.00, 0, -594427, -237 
1719478736183.00, 0, -594419, -223 
1719478736205.00, 0, -594419, -208 
1719478736226.00, 0, -594418, -197 
1719478736247.00, 0, -594418, -184 
1719478736269.00, -49, -594417, -176 
1719478736290.00, 0, -594417, -169 
1719478736311.00, 0, -594417, -163 
1719478736332.00, 0, -594417, -154 
1719478736352.00, -10, -594416, -148 
1719478736374.00, -70, -594416, -143 
1719478736395.00, 0, -594415, -137 
1719478736416.00, -4, -594414, -141 
1719478736437.00, 0, -594414, -141 
1719478736458.00, 0, -594415, -144 
1719478736479.00, 0, -594415, -145 
1719478736500.00, 5, -594415, -146 
1719478736522.00, 0, -594415, -145 
1719478736543.00, 23, -594415, -143 
1719478736565.00, 0, -594415, -142 
1719478736586.00, 0, -594414, -137 
1719478736607.00, 0, -594416, -136 
1719478736628.00, 0, -594415, -134 
1719478736649.00, 0, -594414, -135 
1719478736670.00, 0, -594414, -135 
1719478736691.00, 0, -594414, -134 
1719478736712.00, -8, -594414, -134 
1719478736734.00, 0, -594415, -133 
1719478736754.00, 0, -594414, -134 
1719478736776.00, 0, -594415, -134 
1719478736797.00, 0, -594414, -134 
1719478736818.00, 0, -594413, -134 
1719478736839.00, 0, -594415, -134 
1719478736860.00, 0, -594415, -136 
1719478736881.00, 0, -594415, -135 
1719478736903.00, 0, -594415, -135 
1719478736923.00, 0, -594415, -135 
1719478736945.00, 0, -594414, -135 
1719478736966.00, 0, -594415, -136 
1719478736987.00, 0, -594415, -137 
1719478737008.00, 0, -594414, -137 
1719478737029.00, 0, -594415, -137 
1719478737050.00, 0, -594415, -137 
1719478737071.00, 0, -594414, -137 
1719478737092.00, 13, -594416, -137 
1719478737114.00, 0, -594415, -136 
1719478737134.00, -16, -594416, -136 
1719478737156.00, -28, -594414, -135 
1719478737177.00, 0, -594414, -134 
1719478737198.00, 0, -594415, -134 
1719478737219.00, 0, -594415, -133 
1719478737240.00, 0, -594415, -132 
1719478737262.00, 0, -594414, -131 
1719478737283.00, 0, -594415, -130 
1719478737304.00, 1, -594415, -128 
1719478737325.00, 0, -594415, -127 
1719478737346.00, 0, -594414, -127 
1719478737367.00, 0, -594414, -127 
1719478737388.00, 0, -594414, -127 
1719478737410.00, 0, -594414, -127 
1719478737431.00, 0, -594415, -127 
1719478737452.00, 0, -594413, -128 
1719478737472.00, 0, -594415, -128 
1719478737494.00, 0, -594415, -128 
1719478737515.00, 0, -594413, -129 
1719478737536.00, 0, -594415, -128 
1719478737558.00, 12, -594414, -128 
1719478737579.00, 0, -594414, -128 
1719478737600.00, 0, -594414, -128 
1719478737621.00, 0, -594414, -128 
1719478737641.00, 0, -594413, -127 
1719478737663.00, 0, -594414, -127 
1719478737684.00, 0, -594414, -126 
1719478737705.00, 0, -594414, -126 
1719478737726.00, 0, -594414, -126 
1719478737747.00, 0, -594414, -126 
1719478737769.00, 0, -594415, -125 
1719478737790.00, 0, -594414, -125 
1719478737811.00, 0, -594414, -126 
1719478737832.00, 0, -594414, -127 
1719478737853.00, 0, -594414, -128 
1719478737874.00, 0, -594415, -129 
1719478737895.00, 0, -594414, -131 
1719478737916.00, 0, -594414, -132 
1719478737937.00, 0, -594414, -133 
1719478737958.00, 0, -594416, -132 
1719478737979.00, 0, -594415, -133 
1719478738000.00, 0, -594414, -134 
1719478738022.00, 0, -594414, -135 
1719478738043.00, 0, -594414, -136 
1719478738063.00, 1, -594415, -138 
1719478738086.00, 0, -594415, -137 
1719478738106.00, 0, -594414, -137 
1719478738128.00, 0, -594415, -136 
1719478738149.00, 0, -594414, -134 
1719478738174.00, 0, -594414, -137 
1719478738191.00, 13, -594416, -139 
1719478738212.00, 0, -594415, -143 
1719478738233.00, 0, -594414, -142 
1719478738254.00, 0, -594415, -147 
1719478738276.00, 0, -594415, -140 
1719478738297.00, -3, -594415, -142 
1719478738319.00, 0, -594415, -144 
1719478738339.00, -29, -594415, -144 
1719478738360.00, 0, -594415, -142 
1719478738381.00, 0, -594415, -141 
1719478738403.00, 0, -594414, -146 
1719478738424.00, 0, -594415, -140 
1719478738446.00, 0, -594415, -143 
1719478738465.00, 0, -594415, -142 
1719478738487.00, 0, -594415, -143 
1719478738508.00, 0, -594415, -142 
1719478738528.00, 0, -594415, -142 
1719478738550.00, 0, -594415, -145 
1719478738571.00, 0, -594414, -141 
1719478738593.00, 0, -594415, -143 
1719478738614.00, 0, -594415, -143 
1719478738635.00, 0, -594415, -143 
1719478738656.00, 0, -594415, -142 
1719478738677.00, 0, -594415, -142 
1719478738698.00, 0, -594416, -144 
1719478738718.00, 0, -594415, -143 
1719478738741.00, 0, -594415, -142 
1719478738762.00, -12, -594415, -143 
1719478738783.00, 0, -594415, -142 
1719478738804.00, 0, -594415, -143 
1719478738824.00, 0, -594415, -142 
1719478738846.00, 0, -594416, -143 
1719478738867.00, 4, -594415, -143 
1719478738888.00, 0, -594414, -142 
1719478738909.00, 65, -594415, -143 
1719478738930.00, 0, -594415, -142 
1719478738951.00, 0, -594416, -143 
1719478738973.00, 0, -594415, -142 
1719478738994.00, 0, -594415, -143 
1719478739015.00, 0, -594415, -143 
1719478739036.00, 0, -594416, -142 
