1721987391853.00, 0, -595880, -396 
1721987391878.00, 0, -595880, -395 
1721987391897.00, 0, -595880, -393 
1721987391918.00, 0, -595880, -392 
1721987391939.00, 0, -595880, -393 
1721987391960.00, 0, -595880, -387 
1721987391981.00, 0, -595880, -383 
1721987392002.00, 0, -595879, -382 
1721987392024.00, 0, -595880, -379 
1721987392046.00, 0, -595881, -379 
1721987392067.00, 0, -595880, -381 
1721987392087.00, 0, -595881, -386 
1721987392109.00, 0, -595880, -384 
1721987392131.00, 0, -595880, -388 
1721987392152.00, 0, -595880, -391 
1721987392172.00, 0, -595880, -393 
1721987392194.00, 0, -595880, -392 
1721987392215.00, 0, -595880, -391 
1721987392242.00, -61, -595881, -390 
1721987392258.00, 0, -595881, -389 
1721987392280.00, 0, -595881, -393 
1721987392301.00, 0, -595881, -400 
1721987392322.00, 0, -595882, -402 
1721987392343.00, 0, -595881, -400 
1721987392365.00, 0, -595881, -395 
1721987392386.00, -57, -595881, -395 
1721987392407.00, 0, -595881, -401 
1721987392429.00, 0, -595882, -404 
1721987392450.00, 0, -595882, -403 
1721987392471.00, -22, -595882, -402 
1721987392503.00, 14, -595883, -404 
1721987392514.00, 0, -595882, -405 
1721987392535.00, 0, -595881, -403 
1721987392557.00, 57, -595881, -401 
1721987392578.00, 0, -595881, -398 
1721987392600.00, 0, -595881, -396 
1721987392621.00, 40, -595883, -395 
1721987392642.00, 0, -595882, -395 
1721987392663.00, 0, -595881, -394 
1721987392684.00, 0, -595882, -393 
1721987392706.00, 0, -595881, -392 
1721987392727.00, 4, -595882, -392 
1721987392748.00, 0, -595881, -397 
1721987392770.00, 0, -595882, -404 
1721987392791.00, 0, -595882, -411 
1721987392812.00, 0, -595882, -417 
1721987392833.00, 0, -595882, -421 
1721987392855.00, -5, -595883, -424 
1721987392876.00, 0, -595883, -423 
1721987392897.00, 0, -595883, -421 
1721987392918.00, 0, -595883, -421 
1721987392940.00, 0, -595883, -420 
1721987392961.00, 0, -595882, -417 
1721987392982.00, 0, -595883, -417 
1721987393004.00, 0, -595883, -417 
1721987393025.00, 0, -595883, -418 
1721987393049.00, 0, -595883, -419 
1721987393067.00, -6, -595882, -414 
1721987393089.00, -16, -595883, -408 
1721987393110.00, 0, -595883, -407 
1721987393132.00, 0, -595883, -404 
1721987393153.00, 0, -595882, -401 
1721987393175.00, 0, -595882, -399 
1721987393196.00, 0, -595882, -398 
1721987393217.00, 50, -595883, -399 
1721987393238.00, 0, -595883, -402 
1721987393262.00, 0, -595882, -402 
1721987393281.00, 0, -595883, -398 
1721987393302.00, 0, -595882, -394 
1721987393323.00, 0, -595883, -393 
1721987393345.00, 0, -595883, -392 
1721987393366.00, 0, -595882, -393 
1721987393387.00, 0, -595883, -398 
1721987393408.00, 2, -595882, -400 
1721987393430.00, -10, -595883, -402 
1721987393451.00, 3, -595883, -404 
1721987393473.00, 0, -595883, -405 
1721987393494.00, 0, -595882, -405 
1721987393515.00, 0, -595883, -405 
1721987393537.00, 0, -595883, -405 
1721987393558.00, 0, -595882, -402 
1721987393579.00, 0, -595882, -399 
1721987393600.00, 0, -595883, -398 
1721987393622.00, 0, -595883, -397 
1721987393643.00, 0, -595883, -396 
1721987393664.00, 0, -595882, -392 
1721987393686.00, 0, -595883, -391 
1721987393708.00, 0, -595882, -389 
1721987393729.00, 0, -595883, -384 
1721987393750.00, 0, -595883, -377 
1721987393771.00, 0, -595882, -368 
1721987393793.00, 0, -595882, -357 
1721987393814.00, 0, -595881, -354 
1721987393835.00, 0, -595881, -347 
1721987393857.00, 0, -595881, -338 
1721987393878.00, 0, -595880, -331 
1721987393900.00, 0, -595881, -329 
1721987393922.00, 0, -595881, -324 
1721987393942.00, 67, -595879, -312 
1721987393963.00, 0, -595879, -302 
1721987393984.00, 10, -595878, -296 
1721987394006.00, 0, -595879, -286 
1721987394031.00, 0, -595878, -273 
1721987394049.00, 0, -595878, -266 
1721987394069.00, 0, -595877, -262 
1721987394091.00, 0, -595877, -258 
1721987394112.00, 0, -595877, -255 
1721987394138.00, 0, -595876, -255 
1721987394154.00, 0, -595877, -259 
1721987394177.00, 0, -595876, -265 
1721987394198.00, 0, -595878, -268 
1721987394219.00, 0, -595878, -270 
1721987394240.00, 0, -595876, -273 
1721987394262.00, 0, -595878, -275 
1721987394282.00, 0, -595877, -272 
1721987394304.00, 0, -595878, -269 
1721987394326.00, 0, -595877, -263 
1721987394347.00, 3, -595877, -257 
1721987394368.00, 0, -595876, -252 
1721987394389.00, 0, -595876, -250 
1721987394410.00, 0, -595876, -248 
1721987394432.00, 0, -595876, -249 
1721987394453.00, 0, -595876, -250 
1721987394474.00, 0, -595877, -254 
1721987394495.00, 0, -595876, -254 
1721987394516.00, 0, -595877, -247 
1721987394539.00, 0, -595877, -239 
1721987394559.00, 0, -595876, -233 
1721987394580.00, 0, -595876, -229 
1721987394602.00, 0, -595875, -228 
1721987394623.00, 0, -595875, -230 
1721987394645.00, 0, -595875, -231 
1721987394666.00, 0, -595875, -232 
1721987394687.00, 0, -595875, -230 
1721987394708.00, 0, -595876, -226 
1721987394730.00, 0, -595876, -221 
1721987394751.00, 0, -595875, -218 
1721987394772.00, 0, -595875, -215 
1721987394793.00, 0, -595874, -208 
1721987394815.00, 0, -595873, -202 
1721987394836.00, 0, -595874, -193 
1721987394857.00, 0, -595872, -179 
1721987394879.00, 0, -595873, -169 
1721987394900.00, 0, -595870, -156 
1721987394921.00, 0, -595870, -135 
1721987394943.00, 0, -595869, -115 
1721987394964.00, 0, -595868, -95 
1721987394985.00, 0, -595867, -81 
1721987395006.00, 0, -595865, -65 
1721987395028.00, 0, -595864, -36 
1721987395049.00, 0, -595862, -9 
1721987395070.00, 39, -595859, 24 
1721987395092.00, 1475, -595856, 55 
1721987395113.00, 4175, -595834, 75 
1721987395135.00, 7221, -595745, 103 
1721987395156.00, 10520, -595590, 144 
1721987395178.00, 14815, -595352, 194 
1721987395200.00, 20976, -595030, 223 
1721987395221.00, 25879, -594586, 247 
1721987395245.00, 30026, -594027, 287 
1721987395264.00, 35031, -593369, 334 
1721987395286.00, 39571, -592614, 389 
1721987395308.00, 42266, -591761, 419 
1721987395329.00, 43418, -590844, 450 
1721987395355.00, 43535, -589896, 428 
1721987395373.00, 43968, -588947, 593 
1721987395394.00, 43724, -587995, 591 
1721987395416.00, 43650, -587037, 641 
1721987395437.00, 43729, -586092, 668 
1721987395465.00, 43772, -585147, 690 
1721987395481.00, 43629, -584196, 717 
1721987395502.00, 43665, -583250, 740 
1721987395524.00, 43736, -582303, 763 
1721987395546.00, 43906, -581352, 782 
1721987395574.00, 43584, -580396, 817 
1721987395589.00, 43619, -579450, 840 
1721987395610.00, 43764, -578508, 852 
1721987395631.00, 43711, -577557, 868 
1721987395654.00, 43521, -576611, 876 
1721987395676.00, 43776, -575672, 881 
1721987395697.00, 43650, -574717, 901 
1721987395719.00, 43486, -573770, 902 
1721987395740.00, 43723, -572824, 889 
1721987395762.00, 43847, -571875, 917 
1721987395787.00, 43568, -570925, 935 
1721987395805.00, 43715, -569980, 947 
1721987395827.00, 43838, -569038, 991 
1721987395849.00, 43882, -568086, 1021 
1721987395870.00, 43495, -567131, 1029 
1721987395892.00, 43800, -566182, 1052 
1721987395914.00, 43811, -565229, 1067 
1721987395935.00, 43754, -564270, 1085 
1721987395957.00, 43697, -563321, 1089 
1721987395979.00, 43841, -562373, 1105 
1721987396008.00, 43795, -561421, 1103 
1721987396022.00, 43716, -560466, 1135 
1721987396044.00, 43486, -559521, 1130 
1721987396066.00, 43536, -558574, 1140 
1721987396088.00, 43870, -557619, 1134 
1721987396111.00, 43777, -556668, 1139 
1721987396130.00, 43676, -555722, 1150 
1721987396152.00, 43576, -554766, 1155 
1721987396175.00, 43417, -553814, 1156 
1721987396196.00, 43684, -552871, 1166 
1721987396218.00, 43775, -551921, 1177 
1721987396240.00, 43538, -550968, 1184 
1721987396261.00, 43553, -550016, 1198 
1721987396283.00, 43627, -549068, 1220 
1721987396305.00, 43742, -548113, 1236 
1721987396327.00, 43743, -547159, 1236 
1721987396350.00, 43687, -546213, 1247 
1721987396370.00, 43735, -545261, 1257 
1721987396391.00, 43660, -544311, 1266 
1721987396413.00, 43471, -543366, 1280 
1721987396435.00, 43288, -542417, 1270 
1721987396456.00, 43631, -541465, 1270 
1721987396479.00, 43753, -540518, 1272 
1721987396500.00, 43603, -539572, 1268 
1721987396522.00, 43361, -538619, 1275 
1721987396544.00, 43458, -537668, 1284 
1721987396565.00, 43677, -536725, 1282 
1721987396587.00, 43656, -535780, 1286 
1721987396608.00, 43583, -534824, 1282 
1721987396630.00, 43725, -533869, 1302 
1721987396654.00, 43763, -532926, 1311 
1721987396674.00, 43544, -531965, 1324 
1721987396696.00, 43547, -531013, 1336 
1721987396717.00, 43828, -530066, 1353 
1721987396740.00, 43883, -529118, 1350 
1721987396762.00, 43605, -528163, 1366 
1721987396783.00, 43644, -527215, 1372 
1721987396804.00, 43568, -526275, 1374 
1721987396826.00, 43706, -525321, 1382 
1721987396848.00, 43837, -524370, 1372 
1721987396870.00, 43639, -523420, 1389 
1721987396891.00, 43550, -522472, 1352 
1721987396914.00, 43605, -521516, 1336 
1721987396934.00, 43558, -520570, 1365 
1721987396956.00, 43422, -519628, 1360 
1721987396978.00, 43751, -518674, 1354 
1721987397000.00, 43781, -517723, 1372 
1721987397021.00, 43698, -516777, 1376 
1721987397044.00, 43610, -515820, 1404 
1721987397065.00, 43382, -514861, 1428 
1721987397087.00, 43684, -513919, 1385 
1721987397109.00, 43921, -512974, 1387 
1721987397131.00, 43624, -512027, 1359 
1721987397152.00, 43588, -511073, 1361 
1721987397174.00, 43677, -510133, 1376 
1721987397196.00, 43720, -509176, 1351 
1721987397217.00, 43710, -508225, 1376 
1721987397239.00, 43718, -507275, 1367 
1721987397260.00, 43610, -506322, 1383 
1721987397283.00, 43754, -505371, 1380 
1721987397305.00, 43496, -504421, 1404 
1721987397326.00, 43368, -503475, 1413 
1721987397348.00, 43690, -502520, 1429 
1721987397370.00, 43745, -501575, 1442 
1721987397391.00, 43632, -500627, 1420 
1721987397413.00, 43568, -499677, 1415 
1721987397435.00, 43518, -498722, 1405 
1721987397456.00, 43680, -497772, 1406 
1721987397478.00, 43747, -496832, 1388 
1721987397499.00, 43528, -495875, 1368 
1721987397521.00, 43728, -494924, 1395 
1721987397543.00, 43742, -493984, 1388 
1721987397565.00, 43666, -493031, 1432 
1721987397587.00, 43590, -492076, 1424 
1721987397608.00, 43618, -491123, 1409 
1721987397630.00, 43688, -490178, 1443 
1721987397651.00, 43705, -489219, 1457 
1721987397673.00, 43507, -488274, 1414 
1721987397695.00, 43732, -487330, 1405 
1721987397717.00, 43858, -486382, 1441 
1721987397738.00, 43906, -485426, 1423 
1721987397760.00, 43597, -484472, 1456 
1721987397781.00, 43490, -483525, 1450 
1721987397804.00, 43636, -482567, 1419 
1721987397826.00, 43824, -481614, 1450 
1721987397848.00, 43621, -480674, 1474 
1721987397869.00, 43590, -479722, 1466 
1721987397890.00, 43640, -478775, 1423 
1721987397912.00, 43732, -477825, 1458 
1721987397935.00, 43628, -476882, 1436 
1721987397956.00, 43486, -475922, 1450 
1721987397977.00, 43788, -474972, 1422 
1721987397999.00, 43831, -474029, 1438 
1721987398021.00, 43656, -473075, 1428 
1721987398043.00, 43520, -472124, 1466 
1721987398064.00, 43499, -471175, 1471 
1721987398086.00, 43656, -470231, 1466 
1721987398107.00, 43754, -469279, 1471 
1721987398129.00, 43521, -468327, 1462 
1721987398151.00, 43450, -467382, 1464 
1721987398173.00, 43496, -466424, 1449 
1721987398195.00, 43531, -465472, 1443 
1721987398217.00, 43512, -464532, 1431 
1721987398239.00, 43740, -463580, 1429 
1721987398259.00, 43785, -462633, 1410 
1721987398282.00, 43643, -461687, 1421 
1721987398304.00, 43462, -460742, 1435 
1721987398326.00, 43615, -459789, 1421 
1721987398347.00, 43748, -458836, 1444 
1721987398369.00, 43863, -457892, 1400 
1721987398390.00, 43478, -456938, 1395 
1721987398412.00, 43682, -455991, 1379 
1721987398433.00, 43718, -455041, 1383 
1721987398455.00, 43693, -454097, 1385 
1721987398477.00, 43668, -453144, 1385 
1721987398499.00, 43934, -452189, 1402 
1721987398521.00, 43643, -451243, 1403 
1721987398542.00, 43690, -450287, 1374 
1721987398564.00, 43352, -449338, 1366 
1721987398586.00, 43438, -448390, 1356 
1721987398608.00, 43772, -447450, 1348 
1721987398629.00, 43762, -446498, 1348 
1721987398651.00, 43424, -445545, 1365 
1721987398673.00, 43438, -444603, 1369 
1721987398694.00, 43549, -443654, 1377 
1721987398716.00, 43560, -442706, 1364 
1721987398738.00, 43602, -441759, 1341 
1721987398759.00, 43686, -440812, 1320 
1721987398782.00, 43719, -439862, 1311 
1721987398803.00, 43597, -438909, 1315 
1721987398825.00, 43482, -437969, 1302 
1721987398851.00, 43594, -437014, 1296 
1721987398869.00, 43727, -436068, 1270 
1721987398890.00, 43492, -435123, 1265 
1721987398911.00, 43481, -434172, 1227 
1721987398933.00, 43590, -433222, 1255 
1721987398955.00, 43785, -432275, 1217 
1721987398977.00, 24903, -431335, 1219 
1721987398999.00, 13559, -430763, 1235 
1721987399021.00, 6964, -430456, 1209 
1721987399042.00, 2894, -430301, 1186 
1721987399066.00, 337, -430235, 1114 
1721987399085.00, -416, -430232, 914 
1721987399106.00, -1387, -430248, 574 
1721987399128.00, -2173, -430280, 419 
1721987399149.00, -2404, -430331, 251 
1721987399170.00, -2496, -430394, 123 
1721987399192.00, -2444, -430467, 2 
1721987399214.00, -2232, -430531, -101 
1721987399234.00, -8071, -430592, -190 
1721987399256.00, -17072, -430766, -246 
1721987399280.00, -25892, -431134, -316 
1721987399299.00, -34819, -431700, -458 
1721987399322.00, -40316, -432436, -403 
1721987399343.00, -43317, -433306, -491 
1721987399364.00, -43722, -434251, -522 
1721987399392.00, -43887, -435207, -573 
1721987399408.00, -43701, -436150, -607 
1721987399430.00, -43618, -437097, -628 
1721987399451.00, -43751, -438054, -655 
1721987399473.00, -43808, -438998, -696 
1721987399495.00, -43620, -439942, -720 
1721987399516.00, -43761, -440893, -746 
1721987399538.00, -43800, -441846, -769 
1721987399559.00, -43680, -442787, -789 
1721987399581.00, -43583, -443736, -800 
1721987399603.00, -43629, -444690, -818 
1721987399625.00, -43807, -445632, -840 
1721987399646.00, -43447, -446575, -857 
1721987399668.00, -43579, -447524, -848 
1721987399690.00, -43767, -448469, -872 
1721987399711.00, -43610, -449406, -893 
1721987399733.00, -43738, -450361, -889 
1721987399755.00, -43738, -451316, -898 
1721987399775.00, -43569, -452257, -917 
1721987399797.00, -43683, -453205, -912 
1721987399819.00, -43771, -454154, -905 
1721987399841.00, -43493, -455097, -902 
1721987399862.00, -43736, -456036, -895 
1721987399884.00, -43661, -456981, -882 
1721987399905.00, -43484, -457936, -896 
1721987399928.00, -43533, -458877, -880 
1721987399949.00, -43697, -459819, -844 
1721987399971.00, -43579, -460771, -853 
1721987399993.00, -43654, -461714, -859 
1721987400014.00, -43660, -462648, -841 
1721987400035.00, -43544, -463602, -846 
1721987400057.00, -43588, -464555, -877 
1721987400079.00, -43674, -465488, -877 
1721987400101.00, -43698, -466434, -861 
1721987400121.00, -43577, -467393, -870 
1721987400143.00, -43689, -468340, -891 
1721987400165.00, -43613, -469278, -861 
1721987400187.00, -43558, -470232, -870 
1721987400209.00, -43732, -471181, -883 
1721987400230.00, -43722, -472115, -861 
1721987400252.00, -43631, -473062, -871 
1721987400274.00, -43771, -474015, -869 
1721987400295.00, -43692, -474955, -861 
1721987400317.00, -43563, -475900, -865 
1721987400339.00, -43655, -476859, -894 
1721987400360.00, -43669, -477806, -897 
1721987400382.00, -43863, -478745, -898 
1721987400404.00, -43400, -479691, -919 
1721987400425.00, -43566, -480644, -935 
1721987400446.00, -43532, -481578, -940 
1721987400468.00, -43815, -482522, -938 
1721987400490.00, -43732, -483478, -959 
1721987400511.00, -43774, -484428, -949 
1721987400533.00, -43447, -485368, -935 
1721987400555.00, -43591, -486320, -966 
1721987400576.00, -43697, -487270, -967 
1721987400598.00, -43530, -488207, -955 
1721987400620.00, -43659, -489148, -977 
1721987400641.00, -43818, -490104, -980 
1721987400662.00, -43475, -491050, -971 
1721987400685.00, -43338, -491993, -979 
1721987400708.00, -43540, -492942, -981 
1721987400728.00, -43606, -493890, -977 
1721987400749.00, -43651, -494826, -995 
1721987400771.00, -43758, -495769, -968 
1721987400793.00, -43646, -496721, -967 
1721987400814.00, -43649, -497667, -960 
1721987400836.00, -43735, -498605, -931 
1721987400857.00, -43545, -499557, -954 
1721987400879.00, -43560, -500512, -928 
1721987400901.00, -43797, -501449, -925 
1721987400923.00, -43713, -502394, -920 
1721987400944.00, -43466, -503348, -920 
1721987400966.00, -43695, -504290, -915 
1721987400988.00, -43663, -505228, -908 
1721987401010.00, -43762, -506180, -906 
1721987401031.00, -43822, -507131, -916 
1721987401052.00, -43557, -508070, -917 
1721987401074.00, -43498, -509017, -920 
1721987401096.00, -43762, -509977, -947 
1721987401117.00, -43689, -510913, -946 
1721987401141.00, -43695, -511854, -948 
1721987401161.00, -43743, -512806, -944 
1721987401182.00, -43670, -513754, -948 
1721987401204.00, -43662, -514693, -967 
1721987401226.00, -43466, -515641, -955 
1721987401250.00, -43796, -516599, -941 
1721987401269.00, -43797, -517541, -985 
1721987401291.00, -43481, -518485, -1001 
1721987401312.00, -43667, -519442, -974 
1721987401334.00, -43837, -520383, -957 
1721987401359.00, -43392, -521325, -1017 
1721987401377.00, -43428, -522274, -1003 
1721987401399.00, -43824, -523227, -979 
1721987401420.00, -43563, -524168, -996 
1721987401442.00, -43463, -525112, -978 
1721987401463.00, -43627, -526065, -971 
1721987401485.00, -43648, -527004, -953 
1721987401508.00, -43774, -527944, -957 
1721987401529.00, -43703, -528889, -952 
1721987401550.00, -43818, -529842, -949 
1721987401572.00, -43601, -530783, -963 
1721987401593.00, -43738, -531728, -976 
1721987401615.00, -43765, -532683, -972 
1721987401636.00, -43525, -533626, -961 
1721987401659.00, -43810, -534571, -955 
1721987401684.00, -43740, -535520, -956 
1721987401702.00, -43571, -536472, -949 
1721987401724.00, -43629, -537411, -951 
1721987401744.00, -43756, -538351, -946 
1721987401767.00, -43677, -539307, -973 
1721987401788.00, -43763, -540250, -968 
1721987401810.00, -43731, -541193, -941 
1721987401831.00, -43681, -542148, -967 
1721987401853.00, -43444, -543097, -964 
1721987401875.00, -43606, -544034, -945 
1721987401896.00, -43548, -544976, -949 
1721987401918.00, -43717, -545927, -954 
1721987401940.00, -43707, -546866, -954 
1721987401961.00, -43691, -547808, -934 
1721987401984.00, -43603, -548762, -924 
1721987402005.00, -43736, -549712, -933 
1721987402026.00, -43686, -550651, -933 
1721987402048.00, -43500, -551597, -923 
1721987402070.00, -43681, -552551, -919 
1721987402091.00, -43770, -553486, -915 
1721987402113.00, -43579, -554430, -912 
1721987402134.00, -43665, -555377, -910 
1721987402156.00, -43681, -556327, -894 
1721987402177.00, -43661, -557266, -891 
1721987402199.00, -43658, -558213, -886 
1721987402221.00, -43565, -559169, -901 
1721987402243.00, -43394, -560108, -891 
1721987402264.00, -43653, -561046, -882 
1721987402285.00, -43807, -561995, -882 
1721987402307.00, -43602, -562939, -897 
1721987402329.00, -43611, -563878, -884 
1721987402351.00, -43730, -564827, -892 
1721987402372.00, -43490, -565779, -883 
1721987402394.00, -43642, -566725, -886 
1721987402415.00, -43790, -567666, -900 
1721987402437.00, -43656, -568617, -900 
1721987402459.00, -43720, -569563, -904 
1721987402481.00, -43743, -570501, -914 
1721987402502.00, -43613, -571447, -905 
1721987402524.00, -43661, -572398, -900 
1721987402545.00, -43770, -573337, -880 
1721987402567.00, -43688, -574288, -884 
1721987402589.00, -43726, -575240, -891 
1721987402611.00, -43745, -576182, -881 
1721987402632.00, -43613, -577120, -879 
1721987402653.00, -43642, -578065, -875 
1721987402675.00, -43734, -579018, -874 
1721987402697.00, -43821, -579955, -874 
1721987402719.00, -43618, -580905, -860 
1721987402740.00, -43700, -581859, -864 
1721987402762.00, -43724, -582802, -861 
1721987402784.00, -43657, -583744, -856 
1721987402805.00, -43700, -584692, -865 
1721987402827.00, -43762, -585641, -865 
1721987402849.00, -43615, -586580, -853 
1721987402870.00, -43552, -587527, -848 
1721987402893.00, -43582, -588476, -845 
1721987402913.00, -43673, -589417, -826 
1721987402935.00, -43785, -590356, -819 
1721987402957.00, -43769, -591305, -826 
1721987402978.00, -43621, -592253, -814 
1721987403000.00, -43453, -593195, -809 
1721987403021.00, -24890, -594136, -810 
1721987403042.00, -13543, -594700, -818 
1721987403064.00, -7087, -595012, -819 
1721987403086.00, -2972, -595173, -876 
1721987403108.00, -528, -595245, -860 
1721987403129.00, 56, -595260, -843 
1721987403151.00, 776, -595259, -773 
1721987403172.00, 1574, -595245, -650 
1721987403194.00, 2239, -595208, -523 
1721987403216.00, 2636, -595147, -332 
1721987403236.00, 2741, -595079, -163 
1721987403259.00, 2695, -595008, -16 
1721987403280.00, 2682, -594936, 121 
1721987403302.00, 10130, -594864, 230 
1721987403323.00, 20720, -594652, 311 
1721987403345.00, 31809, -594208, 372 
1721987403366.00, 38646, -593531, 396 
1721987403388.00, 42352, -592700, 490 
1721987403409.00, 43993, -591786, 507 
1721987403432.00, 43733, -590828, 551 
1721987403453.00, 43507, -589876, 609 
1721987403475.00, 43739, -588933, 675 
1721987403497.00, 43795, -587979, 728 
1721987403519.00, 43711, -587022, 818 
1721987403540.00, 43681, -586079, 825 
1721987403562.00, 43891, -585131, 854 
1721987403583.00, 43626, -584179, 910 
1721987403605.00, 43585, -583230, 930 
1721987403626.00, 43597, -582288, 945 
1721987403648.00, 43651, -581338, 964 
1721987403670.00, 43549, -580386, 983 
1721987403691.00, 43561, -579439, 985 
1721987403713.00, 43782, -578498, 994 
1721987403735.00, 43677, -577549, 1008 
1721987403756.00, 43419, -576600, 1023 
1721987403779.00, 43592, -575659, 1023 
1721987403799.00, 43766, -574703, 1033 
1721987403821.00, 43739, -573752, 1033 
1721987403844.00, 43469, -572799, 1049 
1721987403865.00, 43613, -571848, 1055 
1721987403887.00, 43702, -570899, 1068 
1721987403908.00, 43634, -569950, 1077 
1721987403930.00, 43687, -569008, 1084 
1721987403952.00, 43849, -568053, 1084 
1721987403974.00, 43661, -567098, 1102 
1721987403995.00, 43651, -566151, 1104 
1721987404017.00, 43662, -565197, 1113 
1721987404039.00, 43567, -564239, 1120 
1721987404060.00, 43811, -563290, 1126 
1721987404082.00, 43799, -562348, 1136 
1721987404104.00, 43678, -561392, 1131 
1721987404126.00, 43570, -560442, 1129 
1721987404148.00, 43468, -559494, 1144 
1721987404169.00, 43621, -558548, 1138 
1721987404191.00, 43805, -557598, 1128 
1721987404213.00, 43540, -556648, 1150 
1721987404235.00, 43639, -555700, 1154 
1721987404257.00, 43724, -554744, 1152 
1721987404278.00, 43550, -553794, 1159 
1721987404299.00, 43560, -552852, 1146 
1721987404322.00, 43843, -551904, 1126 
1721987404343.00, 43746, -550951, 1138 
1721987404364.00, 43674, -550003, 1138 
1721987404386.00, 43441, -549055, 1121 
1721987404408.00, 43533, -548100, 1112 
1721987404430.00, 43778, -547148, 1093 
1721987404452.00, 43710, -546206, 1102 
1721987404473.00, 43658, -545256, 1092 
1721987404495.00, 43603, -544306, 1097 
1721987404517.00, 43531, -543359, 1096 
1721987404538.00, 43500, -542415, 1084 
1721987404560.00, 43605, -541461, 1075 
1721987404581.00, 43806, -540511, 1068 
1721987404603.00, 43823, -539564, 1100 
1721987404625.00, 43636, -538609, 1107 
1721987404647.00, 43381, -537660, 1092 
1721987404668.00, 43525, -536715, 1082 
1721987404691.00, 43751, -535771, 1100 
1721987404712.00, 43610, -534813, 1097 
1721987404734.00, 43520, -533861, 1099 
1721987404756.00, 43525, -532917, 1087 
1721987404777.00, 43582, -531961, 1099 
1721987404799.00, 43645, -531009, 1097 
1721987404821.00, 43614, -530064, 1114 
1721987404843.00, 43473, -529115, 1093 
1721987404864.00, 43705, -528163, 1084 
1721987404886.00, 43625, -527214, 1096 
1721987404907.00, 43506, -526275, 1091 
1721987404929.00, 43526, -525322, 1064 
1721987404951.00, 43874, -524369, 1080 
1721987404973.00, 43791, -523425, 1088 
1721987404994.00, 43541, -522471, 1106 
1721987405016.00, 43367, -521513, 1087 
1721987405038.00, 43594, -520569, 1095 
1721987405060.00, 43644, -519629, 1099 
1721987405081.00, 43781, -518675, 1106 
1721987405104.00, 43620, -517724, 1090 
1721987405125.00, 43841, -516779, 1084 
1721987405147.00, 43703, -515818, 1088 
1721987405168.00, 43552, -514867, 1082 
1721987405190.00, 43648, -513922, 1075 
1721987405212.00, 44032, -512972, 1073 
1721987405234.00, 43688, -512019, 1104 
1721987405255.00, 43700, -511067, 1102 
1721987405277.00, 43747, -510124, 1126 
1721987405301.00, 43575, -509165, 1132 
1721987405320.00, 43936, -508215, 1118 
1721987405342.00, 43753, -507263, 1154 
1721987405364.00, 43575, -506313, 1163 
1721987405385.00, 43604, -505357, 1184 
1721987405408.00, 43606, -504406, 1215 
1721987405429.00, 43842, -503466, 1182 
1721987405451.00, 43833, -502508, 1202 
1721987405473.00, 43603, -501557, 1209 
1721987405494.00, 43714, -500608, 1222 
1721987405518.00, 43652, -499656, 1230 
1721987405538.00, 43620, -498699, 1246 
1721987405560.00, 43719, -497747, 1255 
1721987405582.00, 43826, -496803, 1282 
1721987405603.00, 43671, -495844, 1293 
1721987405629.00, 43813, -494892, 1305 
1721987405647.00, 43519, -493948, 1316 
1721987405668.00, 43557, -493000, 1302 
1721987405690.00, 43767, -492045, 1322 
1721987405712.00, 43848, -491092, 1327 
1721987405736.00, 43692, -490144, 1332 
1721987405756.00, 43613, -489188, 1341 
1721987405777.00, 43424, -488239, 1315 
1721987405799.00, 43537, -487299, 1307 
1721987405820.00, 43702, -486351, 1307 
1721987405842.00, 43725, -485399, 1292 
1721987405864.00, 43508, -484448, 1285 
1721987405886.00, 43655, -483499, 1272 
1721987405907.00, 43689, -482541, 1275 
1721987405929.00, 43665, -481587, 1282 
1721987405951.00, 43675, -480647, 1309 
1721987405972.00, 43681, -479693, 1303 
1721987405994.00, 43769, -478743, 1304 
1721987406016.00, 43568, -477794, 1313 
1721987406038.00, 43438, -476848, 1299 
1721987406065.00, 43709, -475890, 1320 
1721987406081.00, 43824, -474942, 1299 
1721987406103.00, 43546, -474000, 1277 
1721987406125.00, 43400, -473043, 1308 
1721987406147.00, 43564, -472094, 1280 
1721987406173.00, 43691, -471153, 1282 
1721987406190.00, 43554, -470209, 1260 
1721987406211.00, 43619, -469255, 1248 
1721987406233.00, 43837, -468305, 1243 
1721987406255.00, 43643, -467362, 1228 
1721987406276.00, 43465, -466400, 1235 
1721987406299.00, 43500, -465444, 1263 
1721987406320.00, 43749, -464507, 1240 
1721987406342.00, 43815, -463555, 1239 
1721987406363.00, 43512, -462606, 1239 
1721987406385.00, 43454, -461658, 1258 
1721987406407.00, 43628, -460713, 1268 
1721987406428.00, 43649, -459760, 1269 
1721987406450.00, 43803, -458808, 1275 
1721987406472.00, 43795, -457861, 1286 
1721987406499.00, 43657, -456908, 1271 
1721987406516.00, 43758, -455957, 1268 
1721987406537.00, 43650, -455006, 1275 
1721987406559.00, 43552, -454064, 1285 
1721987406581.00, 43804, -453112, 1258 
1721987406602.00, 43740, -452161, 1255 
1721987406624.00, 43624, -451219, 1198 
1721987406646.00, 43479, -450265, 1149 
1721987406667.00, 43566, -449311, 1156 
1721987406690.00, 43767, -448367, 1163 
1721987406711.00, 43869, -447418, 1209 
1721987406733.00, 43602, -446466, 1219 
1721987406755.00, 43662, -445510, 1236 
1721987406776.00, 43730, -444573, 1238 
1721987406798.00, 43501, -443616, 1251 
1721987406820.00, 43728, -442668, 1242 
1721987406842.00, 43912, -441721, 1266 
1721987406863.00, 43723, -440769, 1269 
1721987406884.00, 43653, -439817, 1261 
1721987406906.00, 43462, -438867, 1239 
1721987406928.00, 43448, -437927, 1212 
1721987406950.00, 43705, -436977, 1161 
1721987406972.00, 43644, -436030, 1161 
1721987406993.00, 43610, -435087, 1099 
1721987407015.00, 43661, -434134, 1097 
1721987407037.00, 43591, -433181, 1092 
1721987407059.00, 43483, -432232, 1098 
1721987407080.00, 24724, -431296, 1043 
1721987407102.00, 13920, -430726, 1067 
1721987407123.00, 7190, -430419, 1065 
1721987407145.00, 3033, -430255, 1087 
1721987407167.00, 544, -430185, 1053 
1721987407187.00, -74, -430174, 981 
1721987407209.00, -1102, -430182, 794 
1721987407231.00, -1870, -430204, 600 
1721987407253.00, -2358, -430250, 430 
1721987407274.00, -2586, -430308, 272 
1721987407295.00, -2598, -430374, 119 
1721987407316.00, -2659, -430448, 2 
1721987407338.00, -2562, -430516, -116 
1721987407360.00, -9367, -430581, -231 
1721987407381.00, -20494, -430783, -331 
1721987407403.00, -31347, -431221, -391 
1721987407425.00, -38055, -431895, -415 
1721987407446.00, -41974, -432712, -460 
1721987407468.00, -43833, -433626, -502 
1721987407490.00, -43814, -434586, -550 
1721987407511.00, -43696, -435532, -585 
1721987407533.00, -43834, -436479, -607 
1721987407554.00, -43702, -437428, -644 
1721987407576.00, -43741, -438382, -670 
1721987407598.00, -43767, -439321, -700 
1721987407620.00, -43859, -440269, -733 
1721987407641.00, -43740, -441227, -781 
1721987407663.00, -43604, -442172, -802 
1721987407684.00, -43839, -443115, -802 
1721987407706.00, -43690, -444066, -821 
1721987407727.00, -43485, -445019, -841 
1721987407749.00, -43752, -445956, -842 
1721987407770.00, -43668, -446902, -849 
1721987407793.00, -43871, -447856, -852 
1721987407814.00, -43682, -448795, -873 
1721987407836.00, -43741, -449741, -881 
1721987407858.00, -43734, -450694, -882 
1721987407879.00, -43612, -451650, -888 
1721987407901.00, -43686, -452587, -895 
1721987407923.00, -43869, -453534, -871 
1721987407944.00, -43591, -454488, -900 
1721987407966.00, -43566, -455427, -916 
1721987407987.00, -43659, -456370, -882 
1721987408008.00, -43448, -457322, -913 
1721987408033.00, -43671, -458271, -908 
1721987408052.00, -43859, -459204, -881 
1721987408073.00, -43542, -460155, -901 
1721987408095.00, -43652, -461109, -885 
1721987408117.00, -43761, -462046, -899 
1721987408139.00, -43424, -462990, -908 
1721987408161.00, -43552, -463939, -909 
1721987408182.00, -43797, -464879, -901 
1721987408204.00, -43607, -465821, -920 
1721987408226.00, -43512, -466777, -916 
1721987408247.00, -43634, -467729, -911 
1721987408269.00, -43708, -468669, -922 
1721987408290.00, -43818, -469612, -936 
1721987408312.00, -43845, -470565, -919 
1721987408334.00, -43787, -471510, -940 
1721987408355.00, -43557, -472452, -947 
1721987408377.00, -43687, -473402, -959 
1721987408398.00, -43729, -474349, -958 
1721987408419.00, -43647, -475294, -972 
1721987408441.00, -43745, -476242, -994 
1721987408467.00, -43767, -477196, -990 
1721987408484.00, -43515, -478141, -987 
1721987408506.00, -43493, -479083, -988 
1721987408528.00, -43569, -480027, -987 
1721987408549.00, -43683, -480971, -969 
1721987408576.00, -43714, -481909, -984 
1721987408593.00, -43707, -482859, -985 
1721987408614.00, -43721, -483817, -972 
1721987408637.00, -43467, -484762, -1004 
1721987408658.00, -43656, -485706, -987 
1721987408680.00, -43684, -486657, -990 
1721987408701.00, -43764, -487604, -993 
1721987408723.00, -43721, -488544, -1001 
1721987408745.00, -43716, -489493, -1006 
1721987408766.00, -43724, -490449, -992 
1721987408788.00, -43546, -491397, -1008 
1721987408809.00, -43610, -492344, -986 
1721987408831.00, -43796, -493299, -1001 
1721987408853.00, -43541, -494245, -1002 
1721987408874.00, -43523, -495186, -986 
1721987408897.00, -43591, -496130, -984 
1721987408919.00, -43727, -497085, -1002 
1721987408940.00, -43504, -498023, -1002 
1721987408962.00, -43737, -498973, -987 
1721987408983.00, -43766, -499929, -987 
1721987409005.00, -43523, -500877, -1018 
1721987409026.00, -43405, -501819, -996 
1721987409049.00, -43651, -502767, -994 
1721987409070.00, -43486, -503720, -1018 
1721987409092.00, -43636, -504660, -996 
1721987409113.00, -43623, -505600, -997 
1721987409145.00, -43553, -506554, -1002 
1721987409156.00, -43423, -507501, -1009 
1721987409178.00, -43733, -508448, -1003 
1721987409200.00, -43822, -509400, -996 
1721987409222.00, -43841, -510353, -1017 
1721987409248.00, -43412, -511295, -1016 
1721987409266.00, -43558, -512245, -1005 
1721987409287.00, -43823, -513199, -1028 
1721987409308.00, -43527, -514142, -1020 
1721987409330.00, -43572, -515086, -1013 
1721987409352.00, -43783, -516045, -1034 
1721987409374.00, -43696, -517000, -1029 
1721987409395.00, -43622, -517947, -1032 
1721987409418.00, -43461, -518896, -1035 
1721987409439.00, -43718, -519853, -1039 
1721987409463.00, -43830, -520794, -1042 
1721987409482.00, -43531, -521739, -1041 
1721987409504.00, -43525, -522697, -1052 
1721987409526.00, -43526, -523649, -1041 
1721987409547.00, -43695, -524592, -1044 
1721987409569.00, -43740, -525546, -1067 
1721987409592.00, -43825, -526503, -1075 
1721987409613.00, -43564, -527446, -1053 
1721987409635.00, -43624, -528391, -1043 
1721987409656.00, -43611, -529348, -1067 
1721987409678.00, -43555, -530294, -1043 
1721987409699.00, -43563, -531236, -1034 
1721987409721.00, -43659, -532191, -1061 
1721987409743.00, -43694, -533150, -1054 
1721987409764.00, -43565, -534094, -1028 
1721987409787.00, -43397, -535045, -1032 
1721987409808.00, -43610, -536001, -1033 
1721987409830.00, -43579, -536944, -1015 
1721987409851.00, -43729, -537883, -935 
1721987409873.00, -43711, -538831, -927 
1721987409895.00, -43614, -539779, -952 
1721987409916.00, -43472, -540721, -917 
1721987409938.00, -43582, -541668, -903 
1721987409960.00, -43732, -542619, -907 
1721987409982.00, -43849, -543559, -906 
1721987410003.00, -43418, -544502, -912 
1721987410026.00, -43544, -545452, -927 
1721987410047.00, -43498, -546396, -956 
1721987410068.00, -43787, -547338, -969 
1721987410089.00, -43776, -548284, -973 
1721987410111.00, -43873, -549240, -988 
1721987410133.00, -43365, -550189, -1016 
1721987410155.00, -43551, -551135, -1020 
1721987410177.00, -43718, -552086, -996 
1721987410197.00, -43601, -553033, -1025 
1721987410219.00, -43575, -553976, -1034 
1721987410242.00, -43689, -554925, -1019 
1721987410263.00, -43667, -555879, -996 
1721987410285.00, -43403, -556823, -1006 
1721987410307.00, -43359, -557772, -995 
1721987410328.00, -43625, -558715, -960 
1721987410350.00, -43529, -559658, -930 
1721987410372.00, -43631, -560598, -897 
1721987410393.00, -43650, -561539, -871 
1721987410414.00, -43597, -562489, -852 
1721987410436.00, -43804, -563426, -827 
1721987410458.00, -43770, -564366, -799 
1721987410479.00, -43666, -565324, -814 
1721987410501.00, -43713, -566273, -829 
1721987410523.00, -43713, -567214, -837 
1721987410544.00, -43720, -568163, -844 
1721987410566.00, -43595, -569117, -869 
1721987410588.00, -43690, -570057, -877 
1721987410609.00, -43841, -570997, -887 
1721987410631.00, -43666, -571950, -893 
1721987410652.00, -43724, -572897, -898 
1721987410674.00, -43776, -573843, -890 
1721987410696.00, -43639, -574792, -888 
1721987410718.00, -43699, -575744, -891 
1721987410739.00, -43862, -576679, -882 
1721987410761.00, -43581, -577626, -890 
1721987410787.00, -43438, -578576, -899 
1721987410804.00, -43612, -579517, -889 
1721987410826.00, -43607, -580457, -891 
1721987410848.00, -43537, -581412, -908 
1721987410869.00, -43795, -582365, -901 
1721987410891.00, -43675, -583306, -888 
1721987410913.00, -43567, -584253, -890 
1721987410934.00, -43601, -585196, -881 
1721987410955.00, -43528, -586139, -864 
1721987410978.00, -43558, -587081, -849 
1721987411000.00, -43796, -588028, -849 
1721987411020.00, -43704, -588979, -843 
1721987411042.00, -43492, -589916, -836 
1721987411064.00, -43612, -590865, -826 
1721987411085.00, -43787, -591814, -831 
1721987411109.00, -43849, -592756, -834 
1721987411128.00, -24927, -593697, -833 
1721987411150.00, -13878, -594263, -818 
1721987411172.00, -7065, -594577, -828 
1721987411193.00, -3001, -594740, -851 
1721987411218.00, -663, -594810, -836 
1721987411237.00, 54, -594826, -788 
1721987411258.00, 794, -594824, -709 
1721987411280.00, 1589, -594811, -615 
1721987411302.00, 2295, -594772, -474 
1721987411323.00, 2680, -594711, -252 
1721987411345.00, 2651, -594637, -30 
1721987411365.00, 2590, -594560, 133 
1721987411387.00, 10358, -594492, 226 
1721987411409.00, 20757, -594271, 298 
1721987411431.00, 31001, -593829, 384 
1721987411453.00, 37881, -593166, 403 
1721987411474.00, 42139, -592351, 489 
1721987411496.00, 43916, -591440, 518 
1721987411517.00, 43663, -590488, 528 
1721987411539.00, 43810, -589540, 569 
1721987411561.00, 43780, -588593, 647 
1721987411582.00, 43639, -587638, 668 
1721987411604.00, 43517, -586689, 682 
1721987411626.00, 43871, -585746, 719 
1721987411647.00, 43740, -584796, 767 
1721987411669.00, 43647, -583845, 818 
1721987411690.00, 43709, -582901, 826 
1721987411712.00, 43949, -581952, 857 
1721987411734.00, 43763, -580995, 899 
1721987411755.00, 43559, -580043, 923 
1721987411777.00, 43942, -579099, 938 
1721987411799.00, 43692, -578153, 951 
1721987411820.00, 43590, -577202, 968 
1721987411842.00, 43867, -576261, 973 
1721987411863.00, 43829, -575316, 986 
1721987411885.00, 43700, -574364, 999 
1721987411907.00, 43627, -573414, 1022 
1721987411928.00, 43630, -572465, 1025 
1721987411951.00, 43718, -571516, 1023 
1721987411972.00, 43813, -570563, 1036 
1721987411994.00, 43575, -569614, 1049 
1721987412015.00, 43691, -568666, 1049 
1721987412037.00, 43748, -567709, 1065 
1721987412059.00, 43645, -566759, 1068 
1721987412081.00, 43775, -565814, 1075 
1721987412102.00, 43900, -564858, 1079 
1721987412124.00, 43793, -563902, 1089 
1721987412146.00, 43719, -562955, 1089 
1721987412168.00, 43483, -562008, 1090 
1721987412190.00, 43525, -561054, 1089 
1721987412211.00, 43845, -560107, 1088 
1721987412233.00, 43901, -559163, 1095 
1721987412254.00, 43681, -558206, 1092 
1721987412276.00, 43678, -557253, 1092 
1721987412298.00, 43588, -556305, 1105 
1721987412320.00, 43608, -555350, 1101 
1721987412341.00, 43809, -554400, 1113 
1721987412363.00, 43711, -553451, 1121 
1721987412385.00, 43606, -552508, 1132 
1721987412407.00, 43665, -551552, 1140 
1721987412430.00, 43642, -550603, 1146 
1721987412450.00, 43579, -549656, 1132 
1721987412472.00, 43678, -548705, 1106 
1721987412494.00, 43666, -547747, 1106 
1721987412515.00, 43783, -546799, 1123 
1721987412544.00, 43614, -545858, 1109 
1721987412559.00, 43452, -544904, 1117 
1721987412580.00, 43620, -543953, 1115 
1721987412603.00, 43814, -543012, 1142 
1721987412624.00, 43577, -542060, 1145 
1721987412646.00, 43596, -541104, 1117 
1721987412667.00, 43561, -540155, 1105 
1721987412689.00, 43803, -539208, 1112 
1721987412711.00, 43685, -538255, 1140 
1721987412733.00, 43733, -537306, 1125 
1721987412755.00, 43527, -536363, 1139 
1721987412776.00, 43665, -535410, 1122 
1721987412798.00, 43518, -534455, 1154 
1721987412819.00, 43603, -533506, 1174 
1721987412841.00, 43615, -532558, 1166 
1721987412863.00, 43784, -531604, 1143 
1721987412884.00, 43730, -530649, 1153 
1721987412906.00, 43666, -529705, 1159 
1721987412928.00, 43385, -528753, 1163 
1721987412950.00, 43504, -527802, 1159 
1721987412972.00, 43728, -526862, 1157 
1721987412993.00, 43920, -525916, 1150 
1721987413015.00, 43490, -524956, 1178 
1721987413037.00, 43749, -524006, 1191 
1721987413059.00, 43729, -523063, 1197 
1721987413082.00, 43606, -522106, 1185 
1721987413102.00, 43694, -521156, 1176 
1721987413124.00, 43831, -520211, 1188 
1721987413145.00, 43724, -519262, 1189 
1721987413167.00, 43600, -518309, 1194 
1721987413189.00, 43550, -517359, 1174 
1721987413211.00, 43663, -516411, 1190 
1721987413233.00, 43863, -515451, 1197 
1721987413254.00, 43723, -514496, 1206 
1721987413275.00, 43632, -513553, 1220 
1721987413297.00, 43499, -512602, 1225 
1721987413319.00, 43596, -511652, 1227 
1721987413341.00, 43731, -510706, 1224 
1721987413363.00, 43797, -509758, 1224 
1721987413384.00, 43531, -508801, 1224 
1721987413406.00, 43749, -507851, 1208 
1721987413428.00, 43595, -506910, 1199 
1721987413449.00, 43572, -505959, 1192 
1721987413471.00, 43590, -505004, 1199 
1721987413493.00, 43940, -504057, 1217 
1721987413519.00, 43705, -503112, 1205 
1721987413536.00, 43696, -502154, 1229 
1721987413558.00, 43384, -501202, 1235 
1721987413580.00, 43527, -500259, 1234 
1721987413602.00, 43768, -499302, 1231 
1721987413626.00, 43705, -498349, 1253 
1721987413645.00, 43411, -497405, 1213 
1721987413667.00, 43548, -496456, 1223 
1721987413689.00, 43619, -495507, 1219 
1721987413711.00, 43556, -494561, 1253 
1721987413732.00, 43651, -493619, 1233 
1721987413753.00, 43684, -492663, 1255 
1721987413776.00, 43754, -491707, 1248 
1721987413797.00, 43566, -490756, 1250 
1721987413818.00, 43360, -489807, 1250 
1721987413841.00, 43604, -488857, 1244 
1721987413862.00, 43797, -487911, 1250 
1721987413884.00, 43530, -486968, 1252 
1721987413906.00, 43301, -486011, 1249 
1721987413928.00, 43477, -485063, 1225 
1721987413949.00, 43639, -484121, 1234 
1721987413971.00, 43620, -483168, 1226 
1721987413993.00, 43700, -482212, 1235 
1721987414015.00, 43870, -481265, 1229 
1721987414036.00, 43667, -480322, 1215 
1721987414058.00, 43519, -479366, 1240 
1721987414079.00, 43585, -478415, 1239 
1721987414101.00, 43744, -477474, 1251 
1721987414123.00, 43838, -476517, 1243 
1721987414144.00, 43674, -475565, 1238 
1721987414168.00, 43437, -474615, 1258 
1721987414188.00, 43539, -473669, 1233 
1721987414210.00, 43619, -472717, 1237 
1721987414232.00, 43782, -471768, 1233 
1721987414253.00, 43798, -470822, 1253 
1721987414275.00, 43626, -469865, 1264 
1721987414297.00, 43764, -468916, 1253 
1721987414319.00, 43657, -467970, 1272 
1721987414341.00, 43480, -467019, 1271 
1721987414362.00, 43713, -466061, 1257 
1721987414384.00, 43868, -465111, 1229 
1721987414406.00, 43682, -464167, 1240 
1721987414427.00, 43526, -463210, 1221 
1721987414449.00, 43446, -462263, 1221 
1721987414471.00, 43589, -461324, 1215 
1721987414493.00, 43877, -460377, 1199 
1721987414515.00, 43601, -459424, 1224 
1721987414536.00, 43547, -458465, 1230 
1721987414557.00, 43592, -457525, 1240 
1721987414580.00, 43512, -456571, 1227 
1721987414601.00, 43663, -455621, 1221 
1721987414623.00, 43915, -454680, 1229 
1721987414645.00, 43748, -453728, 1239 
1721987414666.00, 43706, -452777, 1221 
1721987414688.00, 43527, -451825, 1248 
1721987414710.00, 43529, -450875, 1250 
1721987414732.00, 43772, -449920, 1266 
1721987414752.00, 43916, -448966, 1257 
1721987414776.00, 43615, -448024, 1266 
1721987414796.00, 43579, -447073, 1259 
1721987414818.00, 43694, -446121, 1267 
1721987414840.00, 43615, -445175, 1272 
1721987414861.00, 43662, -444234, 1253 
1721987414883.00, 43689, -443275, 1259 
1721987414905.00, 43817, -442324, 1255 
1721987414927.00, 43661, -441379, 1249 
1721987414948.00, 43573, -440427, 1231 
1721987414971.00, 43409, -439475, 1248 
1721987414992.00, 43756, -438530, 1233 
1721987415013.00, 43695, -437584, 1234 
1721987415035.00, 43644, -436633, 1208 
1721987415057.00, 43493, -435686, 1206 
1721987415078.00, 43496, -434738, 1198 
1721987415101.00, 43662, -433785, 1201 
1721987415122.00, 43755, -432835, 1186 
1721987415144.00, 43409, -431887, 1194 
1721987415166.00, 24837, -430943, 1168 
1721987415187.00, 13628, -430380, 1170 
1721987415209.00, 6839, -430070, 1182 
1721987415231.00, 2818, -429914, 1178 
1721987415253.00, 507, -429851, 1160 
1721987415277.00, -46, -429840, 1107 
1721987415295.00, -687, -429844, 1011 
1721987415316.00, -1538, -429855, 900 
1721987415338.00, -2233, -429894, 690 
1721987415360.00, -2537, -429949, 498 
1721987415381.00, -2620, -430018, 317 
1721987415402.00, -2599, -430079, 184 
1721987415424.00, -2529, -430142, 78 
1721987415445.00, -2414, -430212, -14 
1721987415467.00, -3178, -430272, -106 
1721987415489.00, -9201, -430345, -178 
1721987415510.00, -16719, -430540, -238 
1721987415531.00, -25232, -430903, -287 
1721987415553.00, -32691, -431443, -302 
1721987415575.00, -38412, -432144, -271 
1721987415599.00, -39613, -432975, -453 
1721987415618.00, -43049, -433836, -386 
1721987415640.00, -43690, -434776, -465 
1721987415662.00, -43854, -435722, -505 
1721987415683.00, -43737, -436666, -540 
1721987415707.00, -43836, -437625, -579 
1721987415727.00, -43604, -438578, -620 
1721987415748.00, -43773, -439516, -644 
1721987415770.00, -43741, -440470, -680 
1721987415791.00, -43559, -441424, -702 
1721987415813.00, -43608, -442365, -721 
1721987415835.00, -43768, -443309, -736 
1721987415856.00, -43768, -444265, -746 
1721987415878.00, -43662, -445214, -760 
1721987415900.00, -43765, -446154, -787 
1721987415921.00, -43785, -447101, -789 
1721987415943.00, -43452, -448052, -790 
1721987415965.00, -43629, -448990, -820 
1721987415986.00, -43751, -449938, -794 
1721987416008.00, -43764, -450895, -799 
1721987416030.00, -43589, -451841, -804 
1721987416051.00, -43827, -452787, -804 
1721987416073.00, -43754, -453732, -801 
1721987416094.00, -43507, -454688, -823 
1721987416116.00, -43617, -455627, -842 
1721987416142.00, -43633, -456571, -845 
1721987416160.00, -43565, -457526, -850 
1721987416181.00, -43763, -458469, -871 
1721987416203.00, -43699, -459417, -880 
1721987416224.00, -43655, -460367, -879 
1721987416246.00, -43588, -461317, -886 
1721987416267.00, -43793, -462252, -893 
1721987416289.00, -43645, -463196, -887 
1721987416310.00, -43678, -464151, -889 
1721987416333.00, -43641, -465094, -890 
1721987416353.00, -43637, -466037, -872 
1721987416375.00, -43597, -466992, -867 
1721987416397.00, -43737, -467942, -875 
1721987416419.00, -43706, -468879, -854 
1721987416440.00, -43625, -469823, -838 
1721987416462.00, -43669, -470781, -838 
1721987416484.00, -43621, -471717, -843 
1721987416506.00, -43559, -472660, -835 
1721987416527.00, -43488, -473610, -859 
1721987416549.00, -43603, -474560, -866 
1721987416570.00, -43736, -475498, -862 
1721987416592.00, -43767, -476449, -881 
1721987416613.00, -43554, -477407, -908 
1721987416635.00, -43622, -478343, -878 
1721987416658.00, -43486, -479286, -886 
1721987416680.00, -43671, -480236, -899 
1721987416700.00, -43821, -481175, -873 
1721987416722.00, -43453, -482114, -864 
1721987416744.00, -43511, -483065, -874 
1721987416765.00, -43655, -484017, -889 
1721987416787.00, -43501, -484960, -895 
1721987416809.00, -43635, -485901, -877 
1721987416830.00, -43682, -486855, -893 
1721987416852.00, -43554, -487798, -891 
1721987416874.00, -43572, -488735, -875 
1721987416895.00, -43652, -489682, -854 
1721987416916.00, -43518, -490633, -886 
1721987416938.00, -43717, -491577, -894 
1721987416959.00, -43767, -492520, -868 
1721987416981.00, -43623, -493474, -849 
1721987417003.00, -43706, -494421, -884 
1721987417024.00, -43697, -495356, -861 
1721987417046.00, -43673, -496301, -825 
1721987417068.00, -43702, -497254, -864 
1721987417089.00, -43858, -498191, -839 
1721987417111.00, -43493, -499138, -835 
1721987417133.00, -43541, -500099, -843 
1721987417154.00, -43583, -501042, -857 
1721987417176.00, -43675, -501981, -844 
1721987417198.00, -43722, -502929, -846 
1721987417220.00, -43905, -503880, -860 
1721987417241.00, -43541, -504818, -871 
1721987417263.00, -43543, -505764, -856 
1721987417285.00, -43687, -506715, -847 
1721987417306.00, -43598, -507656, -871 
1721987417327.00, -43456, -508599, -866 
1721987417349.00, -43782, -509551, -843 
1721987417371.00, -43556, -510498, -850 
1721987417392.00, -43355, -511438, -856 
1721987417414.00, -43564, -512381, -841 
1721987417436.00, -43745, -513330, -845 
1721987417458.00, -43688, -514268, -862 
1721987417479.00, -43704, -515210, -856 
1721987417501.00, -43715, -516169, -848 
1721987417522.00, -43606, -517120, -856 
1721987417544.00, -43782, -518062, -863 
1721987417565.00, -43661, -519007, -860 
1721987417587.00, -43593, -519957, -863 
1721987417609.00, -43825, -520898, -856 
1721987417631.00, -43748, -521842, -876 
1721987417652.00, -43563, -522797, -875 
1721987417674.00, -43639, -523742, -873 
1721987417695.00, -43769, -524682, -882 
1721987417717.00, -43927, -525636, -906 
1721987417739.00, -43660, -526589, -911 
1721987417760.00, -43727, -527525, -899 
1721987417782.00, -43774, -528472, -910 
1721987417803.00, -43560, -529423, -926 
1721987417825.00, -43686, -530366, -914 
1721987417847.00, -43833, -531305, -912 
1721987417869.00, -43533, -532259, -918 
1721987417890.00, -43532, -533210, -917 
1721987417912.00, -43670, -534150, -906 
1721987417933.00, -43472, -535097, -909 
1721987417955.00, -43629, -536053, -928 
1721987417977.00, -43826, -536992, -921 
1721987417999.00, -43643, -537933, -904 
1721987418020.00, -43648, -538879, -914 
1721987418042.00, -43695, -539833, -921 
1721987418063.00, -43471, -540774, -911 
1721987418084.00, -43585, -541718, -903 
1721987418107.00, -43787, -542675, -933 
1721987418128.00, -43717, -543615, -931 
1721987418150.00, -43488, -544554, -923 
1721987418171.00, -43681, -545507, -929 
1721987418193.00, -43649, -546449, -939 
1721987418216.00, -43751, -547387, -940 
1721987418236.00, -43800, -548336, -929 
1721987418258.00, -43790, -549294, -947 
1721987418279.00, -43620, -550241, -962 
1721987418302.00, -43640, -551180, -945 
1721987418322.00, -43732, -552131, -969 
1721987418345.00, -43559, -553079, -971 
1721987418367.00, -43740, -554016, -960 
1721987418388.00, -43753, -554961, -960 
1721987418410.00, -43552, -555914, -963 
1721987418434.00, -43468, -556859, -974 
1721987418452.00, -43605, -557798, -958 
1721987418474.00, -43720, -558750, -957 
1721987418496.00, -43763, -559696, -975 
1721987418517.00, -43672, -560638, -969 
1721987418540.00, -43688, -561582, -965 
1721987418561.00, -43526, -562533, -969 
1721987418583.00, -43541, -563471, -977 
1721987418604.00, -43538, -564414, -961 
1721987418625.00, -43775, -565368, -957 
1721987418649.00, -43742, -566312, -959 
1721987418669.00, -43655, -567255, -948 
1721987418691.00, -43548, -568203, -929 
1721987418712.00, -43841, -569153, -932 
1721987418734.00, -43669, -570087, -930 
1721987418755.00, -43535, -571028, -919 
1721987418777.00, -43679, -571981, -913 
1721987418798.00, -43729, -572927, -920 
1721987418820.00, -43547, -573871, -919 
1721987418842.00, -43659, -574818, -917 
1721987418864.00, -43790, -575767, -918 
1721987418885.00, -43656, -576705, -906 
1721987418907.00, -43772, -577648, -890 
1721987418928.00, -43605, -578600, -893 
1721987418950.00, -43419, -579540, -895 
1721987418972.00, -43657, -580482, -896 
1721987418993.00, -43715, -581432, -904 
1721987419015.00, -43703, -582385, -901 
1721987419037.00, -43564, -583329, -905 
1721987419058.00, -43666, -584269, -887 
1721987419079.00, -43575, -585219, -893 
1721987419103.00, -43682, -586164, -894 
1721987419123.00, -43838, -587103, -865 
1721987419145.00, -43711, -588052, -868 
1721987419167.00, -43684, -589001, -876 
1721987419188.00, -43734, -589942, -868 
1721987419217.00, -43610, -590891, -855 
1721987419231.00, -43645, -591841, -862 
1721987419253.00, -43705, -592781, -851 
1721987419274.00, -25113, -593717, -839 
1721987419296.00, -13649, -594282, -828 
1721987419318.00, -6892, -594597, -821 
1721987419339.00, -2934, -594755, -833 
1721987419361.00, -537, -594820, -789 
1721987419382.00, 50, -594834, -731 
1721987419404.00, 1082, -594833, -673 
1721987419426.00, 2051, -594813, -529 
1721987419447.00, 2631, -594760, -314 
1721987419469.00, 2624, -594693, -127 
1721987419491.00, 2564, -594627, -27 
1721987419512.00, 2495, -594561, 78 
1721987419534.00, 6992, -594494, 167 
1721987419555.00, 15037, -594338, 253 
1721987419576.00, 25048, -594017, 308 
1721987419599.00, 34161, -593481, 350 
1721987419620.00, 39760, -592753, 376 
1721987419642.00, 43060, -591891, 480 
1721987419664.00, 43520, -590954, 470 
1721987419685.00, 43853, -590001, 509 
1721987419707.00, 43787, -589057, 554 
1721987419729.00, 43702, -588107, 578 
1721987419750.00, 43723, -587152, 604 
1721987419772.00, 43784, -586205, 675 
1721987419793.00, 43839, -585262, 697 
1721987419814.00, 43753, -584309, 720 
1721987419836.00, 43892, -583360, 752 
1721987419862.00, 43686, -582418, 771 
1721987419879.00, 43503, -581464, 785 
1721987419901.00, 43600, -580513, 826 
1721987419923.00, 43826, -579564, 818 
1721987419944.00, 43665, -578624, 822 
1721987419966.00, 43768, -577672, 836 
1721987419987.00, 43728, -576726, 867 
1721987420010.00, 43551, -575786, 868 
1721987420031.00, 43460, -574836, 869 
1721987420052.00, 43913, -573887, 890 
1721987420082.00, 43757, -572938, 906 
1721987420096.00, 43693, -571994, 918 
1721987420118.00, 43563, -571043, 923 
1721987420139.00, 43727, -570096, 933 
1721987420161.00, 43657, -569156, 967 
1721987420183.00, 43754, -568206, 954 
1721987420204.00, 43781, -567257, 967 
1721987420225.00, 43757, -566311, 975 
1721987420247.00, 43553, -565364, 998 
1721987420269.00, 43732, -564413, 1003 
1721987420296.00, 43756, -563460, 1009 
1721987420313.00, 43835, -562516, 1048 
1721987420334.00, 43800, -561561, 1054 
1721987420356.00, 43620, -560606, 1086 
1721987420377.00, 43817, -559660, 1095 
1721987420402.00, 43629, -558712, 1096 
1721987420421.00, 43476, -557760, 1078 
1721987420442.00, 43804, -556808, 1081 
1721987420465.00, 43792, -555861, 1085 
1721987420486.00, 43638, -554907, 1085 
1721987420508.00, 43579, -553956, 1070 
1721987420530.00, 43404, -553015, 1059 
1721987420551.00, 43636, -552067, 1031 
1721987420573.00, 43934, -551117, 1028 
1721987420595.00, 43680, -550165, 1019 
1721987420617.00, 43608, -549218, 1020 
1721987420639.00, 43642, -548261, 995 
1721987420660.00, 43643, -547309, 1004 
1721987420682.00, 43763, -546367, 1008 
1721987420703.00, 43787, -545420, 988 
1721987420725.00, 43779, -544472, 987 
1721987420746.00, 43710, -543528, 990 
1721987420768.00, 43474, -542587, 994 
1721987420790.00, 43639, -541632, 1009 
1721987420811.00, 43833, -540680, 1053 
1721987420833.00, 43742, -539734, 1044 
1721987420855.00, 43707, -538783, 1044 
1721987420877.00, 43646, -537828, 1079 
1721987420898.00, 43637, -536881, 1076 
1721987420921.00, 43672, -535935, 1078 
1721987420942.00, 43645, -534978, 1092 
1721987420964.00, 43643, -534023, 1084 
1721987420985.00, 43737, -533081, 1068 
1721987421008.00, 43736, -532127, 1051 
1721987421029.00, 43484, -531171, 1069 
1721987421050.00, 43391, -530223, 1052 
1721987421073.00, 43779, -529280, 1047 
1721987421094.00, 43697, -528330, 1066 
1721987421116.00, 43597, -527380, 1064 
1721987421137.00, 43494, -526441, 1046 
1721987421160.00, 43625, -525486, 1033 
1721987421181.00, 43684, -524533, 1055 
1721987421202.00, 43643, -523587, 1056 
1721987421224.00, 43493, -522637, 1045 
1721987421246.00, 43653, -521681, 1057 
1721987421268.00, 43733, -520734, 1025 
1721987421290.00, 43476, -519794, 1058 
1721987421312.00, 43508, -518840, 1037 
1721987421333.00, 43829, -517888, 1056 
1721987421355.00, 43828, -516944, 1062 
1721987421376.00, 43715, -515989, 1053 
1721987421400.00, 43439, -515029, 1106 
1721987421420.00, 43684, -514078, 1151 
1721987421442.00, 43790, -513137, 1121 
1721987421463.00, 43841, -512184, 1145 
1721987421485.00, 43548, -511229, 1160 
1721987421509.00, 43706, -510284, 1170 
1721987421529.00, 43693, -509335, 1136 
1721987421550.00, 43650, -508378, 1153 
1721987421572.00, 43651, -507429, 1163 
1721987421594.00, 43891, -506481, 1169 
1721987421618.00, 43697, -505527, 1160 
1721987421637.00, 43607, -504575, 1177 
1721987421659.00, 43726, -503636, 1154 
1721987421680.00, 43481, -502680, 1172 
1721987421703.00, 43784, -501727, 1160 
1721987421724.00, 43780, -500781, 1155 
1721987421746.00, 43562, -499835, 1158 
1721987421768.00, 43433, -498873, 1169 
1721987421790.00, 43537, -497927, 1142 
1721987421811.00, 43571, -496988, 1123 
1721987421833.00, 43786, -496032, 1119 
1721987421855.00, 43581, -495086, 1110 
1721987421876.00, 43766, -494145, 1107 
1721987421898.00, 43668, -493198, 1081 
1721987421920.00, 43433, -492243, 1076 
1721987421943.00, 43575, -491289, 1072 
1721987421964.00, 43820, -490348, 1073 
1721987421985.00, 43702, -489387, 1072 
1721987422007.00, 43620, -488439, 1084 
1721987422028.00, 43491, -487493, 1110 
1721987422053.00, 43677, -486542, 1136 
1721987422072.00, 43830, -485590, 1173 
1721987422094.00, 43654, -484636, 1194 
1721987422116.00, 43576, -483691, 1183 
1721987422137.00, 43734, -482732, 1166 
1721987422159.00, 43602, -481776, 1195 
1721987422180.00, 43793, -480840, 1172 
1721987422203.00, 43603, -479887, 1188 
1721987422224.00, 43841, -478935, 1151 
1721987422245.00, 43630, -477993, 1141 
1721987422269.00, 43631, -477045, 1145 
1721987422289.00, 43542, -476088, 1145 
1721987422310.00, 43634, -475137, 1158 
1721987422332.00, 43739, -474197, 1145 
1721987422355.00, 43721, -473243, 1153 
1721987422376.00, 43533, -472289, 1175 
1721987422398.00, 43606, -471339, 1200 
1721987422420.00, 43645, -470397, 1185 
1721987422441.00, 43651, -469442, 1180 
1721987422462.00, 43623, -468494, 1200 
1721987422486.00, 43642, -467546, 1193 
1721987422506.00, 43623, -466587, 1217 
1721987422528.00, 43686, -465632, 1232 
1721987422550.00, 43754, -464686, 1254 
1721987422572.00, 43571, -463735, 1271 
1721987422594.00, 43785, -462782, 1270 
1721987422614.00, 43661, -461834, 1279 
1721987422637.00, 43588, -460892, 1277 
1721987422659.00, 43311, -459935, 1284 
1721987422680.00, 43581, -458984, 1271 
1721987422702.00, 43653, -458042, 1280 
1721987422723.00, 43658, -457090, 1292 
1721987422745.00, 43512, -456140, 1259 
1721987422766.00, 43657, -455189, 1234 
1721987422789.00, 43624, -454253, 1233 
1721987422812.00, 43539, -453298, 1209 
1721987422832.00, 43689, -452348, 1185 
1721987422854.00, 43914, -451403, 1191 
1721987422876.00, 43621, -450447, 1159 
1721987422898.00, 43588, -449494, 1160 
1721987422919.00, 43600, -448546, 1154 
1721987422940.00, 43664, -447599, 1168 
1721987422962.00, 43790, -446648, 1170 
1721987422984.00, 43795, -445695, 1174 
1721987423005.00, 43471, -444754, 1186 
1721987423029.00, 43586, -443801, 1165 
1721987423049.00, 43534, -442850, 1157 
1721987423072.00, 43556, -441905, 1142 
1721987423092.00, 43709, -440957, 1144 
1721987423115.00, 43749, -440004, 1141 
1721987423138.00, 43708, -439053, 1109 
1721987423158.00, 43531, -438111, 1105 
1721987423179.00, 43400, -437159, 1083 
1721987423202.00, 43783, -436211, 1077 
1721987423224.00, 43773, -435263, 1080 
1721987423245.00, 43512, -434317, 1063 
1721987423267.00, 43533, -433360, 1061 
1721987423288.00, 43611, -432411, 1050 
1721987423310.00, 24945, -431471, 1067 
1721987423332.00, 13728, -430904, 1052 
1721987423353.00, 7328, -430592, 1084 
1721987423375.00, 3199, -430433, 1080 
1721987423397.00, 774, -430363, 1057 
1721987423418.00, -66, -430345, 999 
1721987423439.00, -752, -430348, 882 
1721987423462.00, -1644, -430362, 745 
1721987423483.00, -2310, -430402, 578 
1721987423504.00, -2643, -430460, 398 
1721987423525.00, -2763, -430527, 234 
1721987423546.00, -2619, -430595, 101 
1721987423567.00, -2493, -430669, 0 
1721987423589.00, -2340, -430732, -107 
1721987423611.00, -8587, -430789, -179 
1721987423633.00, -16808, -430977, -252 
1721987423654.00, -25648, -431335, -258 
1721987423676.00, -31635, -431888, -340 
1721987423698.00, -38410, -432557, -339 
1721987423719.00, -42340, -433384, -381 
1721987423740.00, -43518, -434304, -410 
1721987423762.00, -43822, -435256, -447 
1721987423784.00, -43746, -436200, -470 
1721987423805.00, -43794, -437147, -488 
1721987423828.00, -43651, -438106, -513 
1721987423849.00, -43825, -439046, -538 
1721987423870.00, -43602, -439993, -553 
1721987423892.00, -43736, -440947, -576 
1721987423914.00, -43827, -441894, -582 
1721987423936.00, -43713, -442831, -594 
1721987423957.00, -43558, -443786, -615 
1721987423978.00, -43769, -444738, -634 
1721987424000.00, -43648, -445678, -641 
1721987424024.00, -43483, -446623, -642 
1721987424043.00, -43626, -447576, -664 
1721987424065.00, -43847, -448519, -680 
1721987424086.00, -43630, -449458, -694 
1721987424109.00, -43588, -450410, -698 
1721987424131.00, -43743, -451370, -707 
1721987424151.00, -43764, -452308, -727 
1721987424173.00, -43691, -453259, -730 
1721987424195.00, -43803, -454210, -749 
1721987424217.00, -43724, -455153, -764 
1721987424239.00, -43648, -456092, -745 
1721987424260.00, -43745, -457042, -769 
1721987424282.00, -43763, -457995, -769 
1721987424304.00, -43580, -458935, -775 
1721987424325.00, -43742, -459883, -766 
1721987424347.00, -43835, -460837, -779 
1721987424368.00, -43620, -461780, -805 
1721987424390.00, -43732, -462717, -783 
1721987424412.00, -43751, -463668, -799 
1721987424433.00, -43781, -464619, -810 
1721987424456.00, -43495, -465558, -830 
1721987424476.00, -43853, -466504, -807 
1721987424497.00, -43725, -467462, -823 
1721987424520.00, -43444, -468406, -834 
1721987424542.00, -43589, -469348, -822 
1721987424567.00, -43693, -470300, -831 
1721987424584.00, -43705, -471249, -820 
1721987424606.00, -43739, -472187, -833 
1721987424628.00, -43644, -473132, -831 
1721987424649.00, -43709, -474085, -819 
1721987424675.00, -43632, -475024, -830 
1721987424692.00, -43713, -475973, -831 
1721987424714.00, -43627, -476926, -840 
1721987424736.00, -43698, -477873, -802 
1721987424758.00, -43768, -478810, -800 
1721987424781.00, -43737, -479759, -810 
1721987424801.00, -43567, -480710, -784 
1721987424822.00, -43864, -481642, -771 
1721987424844.00, -43845, -482588, -780 
1721987424865.00, -43437, -483547, -785 
1721987424888.00, -43747, -484495, -772 
1721987424909.00, -43734, -485434, -777 
1721987424931.00, -43520, -486388, -800 
1721987424952.00, -43637, -487337, -790 
1721987424974.00, -43822, -488273, -773 
1721987424999.00, -43745, -489219, -797 
1721987425017.00, -43623, -490173, -794 
1721987425039.00, -43705, -491116, -773 
1721987425060.00, -43707, -492063, -775 
1721987425082.00, -43677, -493014, -787 
1721987425105.00, -43648, -493965, -774 
1721987425125.00, -43759, -494901, -749 
1721987425147.00, -43564, -495843, -769 
1721987425169.00, -43502, -496800, -765 
1721987425190.00, -43626, -497739, -744 
1721987425212.00, -43595, -498676, -725 
1721987425233.00, -43727, -499628, -719 
1721987425255.00, -43744, -500580, -708 
1721987425277.00, -43602, -501521, -698 
1721987425298.00, -43460, -502464, -698 
1721987425320.00, -43651, -503420, -698 
1721987425341.00, -43619, -504355, -700 
1721987425364.00, -43502, -505297, -684 
1721987425385.00, -43575, -506250, -700 
1721987425406.00, -43566, -507195, -691 
1721987425429.00, -43646, -508135, -686 
1721987425450.00, -43710, -509084, -705 
1721987425472.00, -43773, -510040, -710 
1721987425493.00, -43621, -510977, -698 
1721987425515.00, -43748, -511926, -713 
1721987425537.00, -43718, -512872, -736 
1721987425558.00, -43565, -513821, -729 
1721987425580.00, -43589, -514758, -723 
1721987425601.00, -43779, -515707, -739 
1721987425623.00, -43438, -516668, -728 
1721987425644.00, -43759, -517606, -723 
1721987425666.00, -43648, -518548, -743 
1721987425688.00, -43607, -519504, -747 
1721987425709.00, -43559, -520447, -742 
1721987425732.00, -43700, -521382, -723 
1721987425753.00, -43577, -522334, -756 
1721987425775.00, -43661, -523287, -763 
1721987425796.00, -43706, -524227, -742 
1721987425817.00, -43764, -525172, -735 
1721987425839.00, -43575, -526130, -748 
1721987425861.00, -43692, -527071, -762 
1721987425882.00, -43672, -528006, -737 
1721987425904.00, -43560, -528959, -757 
1721987425926.00, -43615, -529910, -779 
1721987425947.00, -43613, -530851, -776 
1721987425969.00, -43661, -531793, -754 
1721987426005.00, -43818, -532751, -778 
1721987426012.00, -43742, -533695, -778 
1721987426034.00, -43613, -534640, -767 
1721987426056.00, -43558, -535589, -761 
1721987426077.00, -43701, -536542, -776 
1721987426112.00, -43700, -537481, -796 
1721987426122.00, -43494, -538423, -794 
1721987426143.00, -43680, -539375, -800 
1721987426164.00, -43832, -540320, -812 
1721987426186.00, -43639, -541265, -807 
1721987426221.00, -43583, -542215, -798 
1721987426249.00, -43733, -543166, -802 
1721987426251.00, -43554, -544105, -808 
1721987426272.00, -43742, -545049, -812 
1721987426294.00, -43774, -546001, -807 
1721987426315.00, -43523, -546941, -811 
1721987426337.00, -43485, -547884, -821 
1721987426359.00, -43706, -548839, -828 
1721987426380.00, -43639, -549785, -835 
1721987426401.00, -43629, -550729, -841 
1721987426423.00, -43779, -551674, -833 
1721987426445.00, -43603, -552630, -840 
1721987426466.00, -43493, -553568, -845 
1721987426488.00, -43598, -554507, -849 
1721987426510.00, -43661, -555458, -855 
1721987426532.00, -43705, -556407, -854 
1721987426553.00, -43837, -557348, -879 
1721987426576.00, -43746, -558301, -892 
1721987426597.00, -43600, -559252, -891 
1721987426618.00, -43641, -560193, -899 
1721987426644.00, -43740, -561136, -908 
1721987426661.00, -43659, -562089, -925 
1721987426683.00, -43705, -563034, -908 
1721987426704.00, -43701, -563972, -911 
1721987426726.00, -43679, -564922, -911 
1721987426751.00, -43598, -565877, -916 
1721987426770.00, -43718, -566818, -903 
1721987426792.00, -43780, -567762, -905 
1721987426813.00, -43665, -568716, -914 
1721987426834.00, -43660, -569662, -912 
1721987426858.00, -43720, -570597, -903 
1721987426879.00, -43587, -571548, -892 
1721987426900.00, -43615, -572498, -909 
1721987426921.00, -43781, -573439, -903 
1721987426942.00, -43639, -574386, -907 
1721987426967.00, -43528, -575341, -916 
1721987426986.00, -43591, -576281, -905 
1721987427008.00, -43469, -577219, -911 
1721987427029.00, -43650, -578166, -909 
1721987427051.00, -43750, -579112, -901 
1721987427074.00, -43519, -580051, -896 
1721987427094.00, -43539, -581000, -884 
1721987427116.00, -43614, -581954, -884 
1721987427137.00, -43594, -582894, -874 
1721987427159.00, -43550, -583838, -871 
1721987427183.00, -43726, -584785, -863 
1721987427203.00, -43681, -585728, -846 
1721987427225.00, -43630, -586671, -866 
1721987427245.00, -43661, -587618, -883 
1721987427268.00, -43681, -588565, -849 
1721987427290.00, -43621, -589505, -831 
1721987427310.00, -43663, -590452, -865 
1721987427332.00, -43634, -591397, -846 
1721987427354.00, -43659, -592348, -831 
1721987427375.00, -43730, -593287, -843 
1721987427397.00, -25084, -594228, -835 
1721987427419.00, -13626, -594795, -811 
1721987427441.00, -6931, -595111, -834 
1721987427462.00, -2926, -595271, -858 
1721987427484.00, -452, -595338, -816 
1721987427505.00, 70, -595349, -767 
1721987427527.00, 1016, -595348, -699 
1721987427548.00, 1848, -595327, -532 
1721987427570.00, 2290, -595279, -339 
1721987427591.00, 2370, -595221, -235 
1721987427613.00, 2482, -595158, -112 
1721987427634.00, 2634, -595092, 33 
1721987427656.00, 4371, -595023, 148 
1721987427678.00, 12741, -594916, 240 
1721987427700.00, 22847, -594649, 298 
1721987427721.00, 32354, -594163, 337 
1721987427743.00, 39077, -593471, 378 
1721987427764.00, 42728, -592627, 505 
1721987427786.00, 43701, -591712, 474 
1721987427807.00, 43971, -590758, 499 
1721987427829.00, 43862, -589810, 542 
1721987427855.00, 43717, -588864, 582 
1721987427873.00, 43780, -587914, 625 
1721987427894.00, 43804, -586961, 658 
1721987427916.00, 43774, -586013, 706 
1721987427937.00, 43606, -585068, 730 
1721987427959.00, 43624, -584118, 754 
1721987427980.00, 43784, -583170, 771 
1721987428002.00, 43636, -582226, 786 
1721987428024.00, 43448, -581273, 810 
1721987428045.00, 43903, -580320, 831 
1721987428067.00, 43714, -579375, 854 
1721987428089.00, 43642, -578432, 867 
1721987428110.00, 43823, -577479, 886 
1721987428132.00, 43562, -576537, 900 
1721987428154.00, 43560, -575596, 909 
1721987428176.00, 43857, -574641, 949 
1721987428199.00, 43746, -573691, 943 
1721987428219.00, 43673, -572747, 962 
1721987428240.00, 43537, -571795, 981 
1721987428262.00, 43632, -570848, 985 
1721987428283.00, 43688, -569903, 992 
1721987428305.00, 43665, -568962, 1015 
1721987428327.00, 43606, -568008, 1024 
1721987428348.00, 43779, -567051, 1043 
1721987428370.00, 43716, -566107, 1042 
1721987428395.00, 43558, -565155, 1061 
1721987428413.00, 43687, -564199, 1059 
1721987428435.00, 43827, -563247, 1068 
1721987428457.00, 43824, -562302, 1070 
1721987428480.00, 43675, -561347, 1064 
1721987428500.00, 43415, -560396, 1078 
1721987428522.00, 43806, -559452, 1060 
1721987428544.00, 43744, -558503, 1075 
1721987428566.00, 43822, -557549, 1073 
1721987428587.00, 43576, -556599, 1058 
1721987428611.00, 43719, -555651, 1079 
1721987428630.00, 43738, -554695, 1078 
1721987428653.00, 43610, -553742, 1092 
1721987428674.00, 43657, -552803, 1090 
1721987428696.00, 43816, -551850, 1090 
1721987428718.00, 43629, -550894, 1106 
1721987428739.00, 43765, -549946, 1106 
1721987428761.00, 43753, -548998, 1107 
1721987428783.00, 43527, -548041, 1134 
1721987428804.00, 43871, -547089, 1121 
1721987428829.00, 43759, -546143, 1130 
1721987428848.00, 43689, -545190, 1129 
1721987428870.00, 43572, -544239, 1146 
1721987428891.00, 43625, -543295, 1145 
1721987428914.00, 43840, -542346, 1163 
1721987428936.00, 43896, -541389, 1170 
1721987428957.00, 43657, -540436, 1184 
1721987428979.00, 43595, -539491, 1186 
1721987429000.00, 43730, -538536, 1190 
1721987429022.00, 43704, -537581, 1206 
1721987429046.00, 43666, -536637, 1227 
1721987429066.00, 43780, -535690, 1205 
1721987429087.00, 43596, -534737, 1226 
1721987429109.00, 43728, -533782, 1217 
1721987429130.00, 43633, -532837, 1194 
1721987429151.00, 43583, -531878, 1219 
1721987429175.00, 43697, -530929, 1199 
1721987429196.00, 43942, -529982, 1204 
1721987429218.00, 43695, -529030, 1215 
1721987429239.00, 43681, -528077, 1217 
1721987429261.00, 43292, -527129, 1225 
1721987429283.00, 43433, -526186, 1225 
1721987429304.00, 43689, -525234, 1236 
1721987429327.00, 43732, -524282, 1260 
1721987429348.00, 43370, -523335, 1264 
1721987429372.00, 43433, -522381, 1251 
1721987429391.00, 43424, -521434, 1231 
1721987429413.00, 43378, -520489, 1207 
1721987429435.00, 43677, -519553, 1200 
1721987429456.00, 43743, -518597, 1204 
1721987429479.00, 43722, -517646, 1203 
1721987429499.00, 43596, -516700, 1217 
1721987429522.00, 43504, -515741, 1240 
1721987429544.00, 43732, -514784, 1258 
1721987429565.00, 43755, -513841, 1268 
1721987429587.00, 43573, -512894, 1270 
1721987429609.00, 43450, -511939, 1295 
1721987429630.00, 43529, -510987, 1303 
1721987429653.00, 43645, -510049, 1307 
1721987429674.00, 43571, -509095, 1303 
1721987429696.00, 43626, -508139, 1307 
1721987429717.00, 43866, -507195, 1331 
1721987429738.00, 43705, -506244, 1324 
1721987429760.00, 43470, -505289, 1329 
1721987429782.00, 43634, -504340, 1345 
1721987429804.00, 43836, -503399, 1341 
1721987429826.00, 43793, -502440, 1340 
1721987429847.00, 43634, -501493, 1313 
1721987429869.00, 43444, -500545, 1324 
1721987429891.00, 43518, -499595, 1295 
1721987429912.00, 43511, -498644, 1282 
1721987429935.00, 43672, -497695, 1276 
1721987429957.00, 43833, -496754, 1264 
1721987429978.00, 43682, -495798, 1245 
1721987430000.00, 43788, -494851, 1233 
1721987430021.00, 43668, -493907, 1244 
1721987430043.00, 43540, -492954, 1238 
1721987430065.00, 43800, -492000, 1239 
1721987430086.00, 43957, -491049, 1234 
1721987430109.00, 43591, -490102, 1261 
1721987430130.00, 43434, -489145, 1253 
1721987430152.00, 43500, -488198, 1265 
1721987430173.00, 43560, -487258, 1277 
1721987430195.00, 43716, -486306, 1274 
1721987430217.00, 43622, -485355, 1272 
1721987430239.00, 43685, -484403, 1295 
1721987430260.00, 43657, -483454, 1289 
1721987430282.00, 43541, -482497, 1296 
1721987430304.00, 43627, -481541, 1309 
1721987430326.00, 43989, -480605, 1286 
1721987430347.00, 43660, -479651, 1298 
1721987430369.00, 43613, -478700, 1275 
1721987430391.00, 43385, -477754, 1274 
1721987430413.00, 43476, -476806, 1275 
1721987430435.00, 43728, -475855, 1273 
1721987430456.00, 43709, -474903, 1271 
1721987430478.00, 43603, -473959, 1283 
1721987430499.00, 43627, -473003, 1271 
1721987430521.00, 43594, -472056, 1285 
1721987430542.00, 43574, -471114, 1260 
1721987430564.00, 43680, -470162, 1256 
1721987430587.00, 43747, -469214, 1254 
1721987430608.00, 43821, -468259, 1262 
1721987430629.00, 43697, -467314, 1261 
1721987430651.00, 43452, -466353, 1270 
1721987430674.00, 43633, -465399, 1253 
1721987430695.00, 43871, -464460, 1250 
1721987430716.00, 43713, -463506, 1251 
1721987430738.00, 43591, -462559, 1257 
1721987430760.00, 43682, -461611, 1254 
1721987430781.00, 43723, -460668, 1262 
1721987430803.00, 43679, -459714, 1253 
1721987430825.00, 43736, -458763, 1230 
1721987430846.00, 43476, -457816, 1247 
1721987430868.00, 43588, -456861, 1222 
1721987430891.00, 43730, -455916, 1216 
1721987430912.00, 43480, -454967, 1224 
1721987430934.00, 43617, -454024, 1217 
1721987430956.00, 43835, -453072, 1223 
1721987430977.00, 43774, -452121, 1209 
1721987430999.00, 43553, -451173, 1219 
1721987431023.00, 43437, -450218, 1212 
1721987431042.00, 43588, -449269, 1193 
1721987431064.00, 43608, -448327, 1188 
1721987431086.00, 43737, -447379, 1186 
1721987431107.00, 43647, -446427, 1180 
1721987431129.00, 43709, -445476, 1168 
1721987431151.00, 43613, -444541, 1125 
1721987431173.00, 43402, -443583, 1119 
1721987431194.00, 43661, -442637, 1119 
1721987431216.00, 43836, -441692, 1105 
1721987431237.00, 43660, -440741, 1069 
1721987431259.00, 43469, -439791, 1071 
1721987431281.00, 43631, -438842, 1040 
1721987431302.00, 43698, -437905, 1032 
1721987431324.00, 43710, -436947, 999 
1721987431346.00, 43591, -436006, 994 
1721987431367.00, 43667, -435066, 958 
1721987431389.00, 43642, -434121, 910 
1721987431411.00, 43633, -433172, 883 
1721987431432.00, 43574, -432225, 887 
1721987431454.00, 24943, -431292, 814 
1721987431476.00, 13831, -430730, 774 
1721987431497.00, 7065, -430416, 796 
1721987431519.00, 2942, -430257, 792 
1721987431541.00, 527, -430189, 763 
1721987431566.00, -59, -430177, 701 
1721987431583.00, -987, -430181, 618 
1721987431605.00, -1717, -430199, 514 
1721987431626.00, -2107, -430239, 371 
1721987431647.00, -2354, -430293, 236 
1721987431669.00, -2369, -430352, 117 
1721987431690.00, -2461, -430414, 25 
1721987431712.00, -2433, -430484, -88 
1721987431734.00, -7210, -430544, -174 
1721987431755.00, -15434, -430705, -219 
1721987431777.00, -23352, -431040, -270 
1721987431799.00, -30817, -431545, -345 
1721987431820.00, -37799, -432201, -351 
1721987431841.00, -42044, -433013, -398 
1721987431863.00, -43849, -433921, -419 
1721987431885.00, -43818, -434879, -450 
1721987431906.00, -43639, -435822, -474 
1721987431928.00, -43741, -436764, -488 
1721987431950.00, -43760, -437720, -499 
1721987431971.00, -43658, -438670, -528 
1721987431993.00, -43768, -439612, -543 
1721987432014.00, -43791, -440564, -583 
1721987432036.00, -43515, -441514, -579 
1721987432058.00, -43694, -442457, -604 
1721987432080.00, -43782, -443406, -622 
1721987432103.00, -43507, -444363, -641 
1721987432123.00, -43643, -445305, -664 
1721987432144.00, -43847, -446246, -687 
1721987432166.00, -43670, -447197, -704 
1721987432188.00, -43662, -448146, -718 
1721987432209.00, -43760, -449088, -743 
1721987432231.00, -43618, -450038, -761 
1721987432253.00, -43717, -450995, -762 
1721987432274.00, -43688, -451940, -769 
1721987432296.00, -43843, -452884, -784 
1721987432317.00, -43714, -453834, -781 
1721987432339.00, -43614, -454785, -783 
1721987432361.00, -43828, -455721, -797 
1721987432383.00, -43796, -456667, -809 
1721987432404.00, -43582, -457625, -802 
1721987432426.00, -43793, -458564, -802 
1721987432447.00, -43751, -459511, -798 
1721987432469.00, -43560, -460464, -818 
1721987432491.00, -43767, -461414, -802 
1721987432512.00, -43786, -462346, -807 
1721987432534.00, -43737, -463294, -825 
1721987432556.00, -43679, -464250, -825 
1721987432578.00, -43721, -465188, -806 
1721987432599.00, -43788, -466133, -809 
1721987432620.00, -43636, -467091, -825 
1721987432642.00, -43665, -468040, -819 
1721987432663.00, -43755, -468981, -809 
1721987432685.00, -43535, -469927, -825 
1721987432707.00, -43426, -470882, -815 
1721987432729.00, -43521, -471818, -819 
1721987432751.00, -43568, -472758, -816 
1721987432772.00, -43732, -473707, -817 
1721987432793.00, -43830, -474653, -822 
1721987432815.00, -43643, -475594, -821 
1721987432837.00, -43393, -476547, -850 
1721987432859.00, -43595, -477503, -845 
1721987432880.00, -43665, -478438, -853 
1721987432904.00, -43527, -479381, -862 
1721987432923.00, -43734, -480332, -861 
1721987432944.00, -43673, -481275, -859 
1721987432967.00, -43561, -482214, -850 
1721987432989.00, -43701, -483167, -851 
1721987433010.00, -43852, -484118, -839 
1721987433032.00, -43461, -485060, -852 
1721987433053.00, -43750, -486004, -833 
1721987433075.00, -43655, -486959, -853 
1721987433098.00, -43522, -487903, -860 
1721987433118.00, -43546, -488840, -849 
1721987433140.00, -43762, -489789, -866 
1721987433162.00, -43466, -490739, -853 
1721987433183.00, -43800, -491680, -860 
1721987433209.00, -43731, -492628, -859 
1721987433227.00, -43402, -493583, -854 
1721987433248.00, -43518, -494523, -853 
1721987433270.00, -43577, -495459, -862 
1721987433291.00, -43490, -496408, -856 
1721987433317.00, -43835, -497353, -845 
1721987433335.00, -43701, -498292, -864 
1721987433356.00, -43514, -499241, -846 
1721987433378.00, -43640, -500197, -830 
1721987433400.00, -43667, -501140, -860 
1721987433421.00, -43557, -502078, -835 
1721987433443.00, -43658, -503035, -836 
1721987433465.00, -43724, -503984, -843 
1721987433486.00, -43665, -504922, -850 
1721987433508.00, -43579, -505867, -838 
1721987433532.00, -43859, -506821, -846 
1721987433551.00, -43753, -507759, -850 
1721987433572.00, -43609, -508704, -837 
1721987433594.00, -43659, -509660, -843 
1721987433616.00, -43675, -510607, -852 
1721987433640.00, -43588, -511545, -831 
1721987433659.00, -43552, -512493, -833 
1721987433680.00, -43636, -513445, -859 
1721987433702.00, -43675, -514379, -842 
1721987433724.00, -43778, -515325, -804 
1721987433747.00, -43579, -516284, -828 
1721987433767.00, -43594, -517229, -824 
1721987433789.00, -43508, -518167, -796 
1721987433811.00, -43760, -519118, -809 
1721987433833.00, -43863, -520071, -839 
1721987433854.00, -43391, -521005, -832 
1721987433876.00, -43516, -521946, -795 
1721987433897.00, -43671, -522903, -838 
1721987433919.00, -43611, -523843, -825 
1721987433940.00, -43808, -524785, -806 
1721987433962.00, -43769, -525736, -811 
1721987433984.00, -43560, -526687, -816 
1721987434006.00, -43613, -527627, -820 
1721987434027.00, -43829, -528573, -816 
1721987434049.00, -43600, -529522, -827 
1721987434072.00, -43767, -530466, -859 
1721987434092.00, -43818, -531406, -843 
1721987434113.00, -43610, -532359, -826 
1721987434135.00, -43664, -533312, -829 
1721987434157.00, -43705, -534253, -842 
1721987434179.00, -43661, -535200, -829 
1721987434200.00, -43683, -536153, -810 
1721987434222.00, -43880, -537097, -822 
1721987434243.00, -43602, -538034, -818 
1721987434265.00, -43567, -538981, -799 
1721987434286.00, -43690, -539927, -782 
1721987434308.00, -43818, -540870, -792 
1721987434330.00, -43637, -541819, -787 
1721987434351.00, -43817, -542772, -769 
1721987434373.00, -43688, -543711, -766 
1721987434395.00, -43594, -544653, -775 
1721987434416.00, -43656, -545606, -779 
1721987434438.00, -43700, -546546, -777 
1721987434460.00, -43650, -547488, -789 
1721987434481.00, -43794, -548438, -780 
1721987434503.00, -43723, -549392, -787 
1721987434525.00, -43566, -550338, -801 
1721987434546.00, -43491, -551282, -833 
1721987434568.00, -43710, -552232, -835 
1721987434590.00, -43614, -553174, -827 
1721987434611.00, -43575, -554115, -858 
1721987434633.00, -43704, -555062, -840 
1721987434654.00, -43641, -556012, -846 
1721987434676.00, -43741, -556952, -840 
1721987434699.00, -43760, -557898, -854 
1721987434719.00, -43785, -558850, -857 
1721987434741.00, -43699, -559797, -870 
1721987434763.00, -43710, -560741, -894 
1721987434784.00, -43676, -561686, -908 
1721987434806.00, -43651, -562636, -904 
1721987434828.00, -43725, -563576, -907 
1721987434850.00, -43929, -564522, -925 
1721987434871.00, -43638, -565479, -924 
1721987434893.00, -43725, -566424, -919 
1721987434914.00, -43747, -567367, -912 
1721987434936.00, -43633, -568313, -911 
1721987434966.00, -43676, -569263, -907 
1721987434979.00, -43959, -570200, -910 
1721987435000.00, -43636, -571144, -910 
1721987435022.00, -43542, -572094, -914 
1721987435044.00, -43544, -573039, -910 
1721987435065.00, -43431, -573983, -901 
1721987435087.00, -43544, -574931, -889 
1721987435108.00, -43739, -575874, -884 
1721987435130.00, -43571, -576813, -879 
1721987435152.00, -43616, -577755, -871 
1721987435174.00, -43706, -578706, -872 
1721987435195.00, -43507, -579650, -896 
1721987435217.00, -43557, -580595, -918 
1721987435238.00, -43726, -581547, -931 
1721987435260.00, -43671, -582497, -926 
1721987435285.00, -43542, -583440, -957 
1721987435303.00, -43653, -584383, -957 
1721987435325.00, -43713, -585334, -951 
1721987435347.00, -43814, -586276, -933 
1721987435368.00, -43716, -587214, -910 
1721987435390.00, -43744, -588164, -909 
1721987435412.00, -43578, -589113, -889 
1721987435433.00, -43602, -590049, -863 
1721987435455.00, -43624, -590991, -853 
1721987435476.00, -43502, -591945, -845 
1721987435502.00, -43636, -592883, -821 
1721987435520.00, -25037, -593818, -782 
1721987435542.00, -13500, -594381, -765 
1721987435563.00, -6815, -594694, -764 
1721987435584.00, -2797, -594848, -753 
1721987435609.00, -452, -594918, -751 
1721987435627.00, 56, -594931, -720 
1721987435649.00, 858, -594931, -684 
1721987435671.00, 1514, -594915, -573 
1721987435692.00, 1997, -594877, -470 
1721987435717.00, 2343, -594828, -374 
1721987435735.00, 2545, -594769, -253 
1721987435757.00, 2495, -594706, -114 
1721987435778.00, 2400, -594642, -3 
1721987435800.00, 2342, -594582, 79 
1721987435822.00, 7123, -594523, 147 
1721987435844.00, 14017, -594366, 224 
1721987435865.00, 22450, -594064, 311 
1721987435886.00, 33141, -593577, 362 
1721987435908.00, 39681, -592883, 390 
1721987435930.00, 43103, -592035, 478 
1721987435951.00, 43577, -591096, 505 
1721987435973.00, 43733, -590148, 537 
1721987435994.00, 43747, -589203, 557 
1721987436017.00, 43912, -588254, 610 
1721987436038.00, 43616, -587299, 659 
1721987436060.00, 43726, -586347, 688 
1721987436081.00, 43829, -585407, 713 
1721987436103.00, 43618, -584453, 763 
1721987436124.00, 43787, -583505, 799 
1721987436146.00, 43772, -582560, 844 
1721987436167.00, 43740, -581609, 874 
1721987436189.00, 43661, -580653, 877 
1721987436211.00, 43659, -579702, 895 
1721987436232.00, 43796, -578761, 921 
1721987436254.00, 43792, -577812, 923 
1721987436276.00, 43692, -576862, 938 
1721987436297.00, 43737, -575924, 952 
1721987436319.00, 43577, -574976, 949 
1721987436341.00, 43586, -574025, 967 
1721987436363.00, 43836, -573075, 974 
1721987436384.00, 43777, -572135, 962 
1721987436406.00, 43660, -571182, 966 
1721987436428.00, 43719, -570240, 962 
1721987436449.00, 43530, -569296, 957 
1721987436471.00, 43395, -568353, 934 
1721987436492.00, 43798, -567405, 922 
1721987436514.00, 43734, -566458, 923 
1721987436535.00, 43647, -565515, 908 
1721987436557.00, 43542, -564561, 906 
1721987436578.00, 43741, -563611, 919 
1721987436601.00, 43724, -562670, 910 
1721987436623.00, 43674, -561723, 921 
1721987436644.00, 43744, -560771, 952 
1721987436666.00, 43762, -559831, 962 
1721987436687.00, 43571, -558886, 978 
1721987436709.00, 43630, -557933, 1004 
1721987436730.00, 43785, -556981, 1011 
1721987436752.00, 43758, -556034, 1030 
1721987436774.00, 43826, -555079, 1028 
1721987436795.00, 43548, -554124, 1045 
1721987436817.00, 43926, -553179, 1064 
1721987436839.00, 43705, -552231, 1061 
1721987436860.00, 43588, -551275, 1084 
1721987436882.00, 43743, -550326, 1086 
1721987436905.00, 43746, -549380, 1096 
1721987436926.00, 43760, -548419, 1099 
1721987436947.00, 43599, -547462, 1098 
1721987436969.00, 43502, -546515, 1106 
1721987436991.00, 43540, -545572, 1124 
1721987437013.00, 43950, -544619, 1125 
1721987437035.00, 43726, -543667, 1129 
1721987437056.00, 43647, -542723, 1149 
1721987437078.00, 43556, -541766, 1142 
1721987437100.00, 43594, -540813, 1142 
1721987437121.00, 43814, -539865, 1150 
1721987437144.00, 43946, -538916, 1138 
1721987437165.00, 43547, -537960, 1153 
1721987437187.00, 43647, -537016, 1127 
1721987437208.00, 43759, -536069, 1140 
1721987437230.00, 43751, -535113, 1139 
1721987437252.00, 43746, -534159, 1147 
1721987437274.00, 43678, -533211, 1139 
1721987437295.00, 43591, -532256, 1120 
1721987437317.00, 43736, -531303, 1106 
1721987437338.00, 43499, -530355, 1121 
1721987437361.00, 43316, -529410, 1110 
1721987437382.00, 43690, -528459, 1116 
1721987437404.00, 43770, -527512, 1120 
1721987437426.00, 43638, -526570, 1128 
1721987437448.00, 43499, -525615, 1132 
1721987437470.00, 43560, -524662, 1130 
1721987437491.00, 43707, -523716, 1134 
1721987437512.00, 43834, -522766, 1135 
1721987437534.00, 43525, -521810, 1122 
1721987437556.00, 43831, -520860, 1116 
1721987437580.00, 43633, -519923, 1128 
1721987437599.00, 43596, -518971, 1129 
1721987437621.00, 43580, -518017, 1126 
1721987437644.00, 43757, -517073, 1118 
1721987437665.00, 43734, -516118, 1126 
1721987437686.00, 43777, -515162, 1124 
1721987437708.00, 43510, -514207, 1139 
1721987437730.00, 43709, -513269, 1133 
1721987437752.00, 43834, -512317, 1119 
1721987437773.00, 43863, -511363, 1140 
1721987437797.00, 43649, -510417, 1160 
1721987437817.00, 43491, -509466, 1158 
1721987437839.00, 43567, -508510, 1167 
1721987437860.00, 43714, -507563, 1137 
1721987437882.00, 43604, -506621, 1156 
1721987437907.00, 43605, -505664, 1152 
1721987437926.00, 43651, -504713, 1140 
1721987437947.00, 43741, -503768, 1153 
1721987437969.00, 43619, -502818, 1152 
1721987437991.00, 43476, -501864, 1181 
1721987438013.00, 43797, -500913, 1179 
1721987438034.00, 43831, -499972, 1173 
1721987438056.00, 43683, -499008, 1181 
1721987438078.00, 43569, -498056, 1181 
1721987438099.00, 43545, -497113, 1182 
1721987438121.00, 43662, -496160, 1187 
1721987438143.00, 43879, -495213, 1183 
1721987438164.00, 43563, -494265, 1185 
1721987438186.00, 43550, -493321, 1183 
1721987438208.00, 43599, -492365, 1193 
1721987438233.00, 43621, -491412, 1195 
1721987438252.00, 43536, -490469, 1191 
1721987438274.00, 43575, -489510, 1191 
1721987438295.00, 43628, -488563, 1191 
1721987438316.00, 43711, -487617, 1185 
1721987438343.00, 43521, -486671, 1187 
1721987438360.00, 43511, -485718, 1201 
1721987438382.00, 43817, -484766, 1201 
1721987438403.00, 43827, -483821, 1197 
1721987438425.00, 43475, -482864, 1201 
1721987438447.00, 43588, -481911, 1205 
1721987438468.00, 43713, -480969, 1219 
1721987438490.00, 43696, -480020, 1228 
1721987438512.00, 43689, -479067, 1220 
1721987438534.00, 43831, -478119, 1222 
1721987438556.00, 43742, -477174, 1225 
1721987438577.00, 43685, -476213, 1239 
1721987438599.00, 43482, -475262, 1219 
1721987438620.00, 43424, -474318, 1234 
1721987438642.00, 43822, -473367, 1228 
1721987438664.00, 43724, -472419, 1228 
1721987438686.00, 43529, -471466, 1235 
1721987438708.00, 43428, -470522, 1229 
1721987438729.00, 43507, -469568, 1227 
1721987438751.00, 43668, -468622, 1244 
1721987438772.00, 43620, -467678, 1235 
1721987438794.00, 43457, -466720, 1229 
1721987438816.00, 43614, -465768, 1226 
1721987438838.00, 43632, -464822, 1199 
1721987438859.00, 43528, -463876, 1206 
1721987438881.00, 43567, -462923, 1197 
1721987438904.00, 43839, -461975, 1182 
1721987438925.00, 43615, -461039, 1171 
1721987438946.00, 43498, -460081, 1143 
1721987438968.00, 43398, -459131, 1125 
1721987438990.00, 43461, -458186, 1100 
1721987439012.00, 43548, -457236, 1096 
1721987439033.00, 43584, -456288, 1077 
1721987439055.00, 43799, -455337, 1077 
1721987439077.00, 43650, -454397, 1081 
1721987439099.00, 43503, -453441, 1087 
1721987439121.00, 43586, -452490, 1092 
1721987439142.00, 43697, -451543, 1109 
1721987439164.00, 43770, -450590, 1110 
1721987439186.00, 43681, -449636, 1117 
1721987439207.00, 43496, -448683, 1128 
1721987439229.00, 43403, -447740, 1125 
1721987439251.00, 43556, -446789, 1131 
1721987439272.00, 43688, -445839, 1123 
1721987439294.00, 43826, -444896, 1118 
1721987439317.00, 43551, -443947, 1115 
1721987439337.00, 43801, -442995, 1109 
1721987439360.00, 43665, -442047, 1092 
1721987439381.00, 43617, -441103, 1078 
1721987439403.00, 43628, -440147, 1078 
1721987439424.00, 43715, -439199, 1061 
1721987439446.00, 43697, -438254, 1042 
1721987439468.00, 43607, -437301, 1014 
1721987439490.00, 43403, -436355, 986 
1721987439511.00, 43539, -435411, 973 
1721987439533.00, 43665, -434474, 959 
1721987439555.00, 43667, -433521, 929 
1721987439576.00, 43751, -432576, 919 
1721987439598.00, 43624, -431637, 913 
1721987439620.00, 24597, -430687, 916 
1721987439641.00, 13689, -430124, 915 
1721987439663.00, 7092, -429819, 959 
1721987439684.00, 3103, -429661, 946 
1721987439706.00, 731, -429593, 941 
1721987439727.00, -33, -429578, 886 
1721987439748.00, -990, -429581, 780 
1721987439769.00, -1814, -429600, 620 
1721987439791.00, -2304, -429643, 444 
1721987439812.00, -2561, -429701, 297 
1721987439834.00, -2656, -429764, 155 
1721987439855.00, -2546, -429832, 39 
1721987439879.00, -2458, -429903, -77 
1721987439899.00, -6978, -429961, -166 
1721987439920.00, -14852, -430109, -243 
1721987439941.00, -24061, -430428, -275 
1721987439963.00, -31692, -430949, -298 
1721987439987.00, -37597, -431637, -403 
1721987440006.00, -41701, -432437, -375 
1721987440028.00, -43803, -433340, -423 
1721987440050.00, -43544, -434292, -435 
1721987440072.00, -43693, -435246, -439 
1721987440093.00, -43580, -436186, -448 
1721987440115.00, -43988, -437136, -463 
1721987440137.00, -43698, -438090, -470 
1721987440158.00, -43638, -439029, -479 
1721987440180.00, -43581, -439972, -492 
1721987440202.00, -43837, -440926, -511 
1721987440223.00, -43727, -441875, -507 
1721987440244.00, -43552, -442813, -530 
1721987440266.00, -43736, -443765, -544 
1721987440288.00, -43683, -444722, -578 
1721987440310.00, -43495, -445660, -571 
1721987440331.00, -43507, -446604, -579 
1721987440353.00, -43631, -447553, -591 
1721987440374.00, -43643, -448494, -582 
1721987440396.00, -43777, -449432, -596 
1721987440423.00, -43722, -450386, -615 
1721987440440.00, -43729, -451344, -630 
1721987440461.00, -43665, -452284, -637 
1721987440482.00, -43758, -453234, -643 
1721987440504.00, -43678, -454186, -653 
1721987440526.00, -43558, -455128, -672 
1721987440548.00, -43775, -456066, -669 
1721987440569.00, -43713, -457017, -676 
1721987440591.00, -43556, -457967, -686 
1721987440612.00, -43689, -458909, -683 
1721987440633.00, -43614, -459857, -699 
1721987440655.00, -43693, -460810, -717 
1721987440677.00, -43654, -461750, -710 
1721987440699.00, -43670, -462689, -698 
1721987440721.00, -43565, -463638, -723 
1721987440742.00, -43799, -464590, -729 
1721987440764.00, -43743, -465526, -738 
1721987440785.00, -43683, -466473, -714 
1721987440806.00, -43604, -467432, -741 
1721987440829.00, -43590, -468379, -749 
1721987440850.00, -43710, -469313, -715 
1721987440872.00, -43500, -470268, -754 
1721987440893.00, -43733, -471216, -747 
1721987440915.00, -43656, -472150, -742 
1721987440937.00, -43573, -473098, -739 
1721987440958.00, -43746, -474049, -737 
1721987440980.00, -43738, -474987, -742 
1721987441002.00, -43541, -475935, -724 
1721987441023.00, -43654, -476889, -741 
1721987441044.00, -43768, -477834, -740 
1721987441067.00, -43683, -478774, -744 
1721987441088.00, -43660, -479720, -763 
1721987441109.00, -43810, -480674, -754 
1721987441131.00, -43613, -481610, -775 
1721987441153.00, -43874, -482554, -779 
1721987441174.00, -43764, -483510, -782 
1721987441196.00, -43653, -484460, -788 
1721987441218.00, -43656, -485402, -782 
1721987441239.00, -43799, -486352, -792 
1721987441260.00, -43613, -487303, -780 
1721987441283.00, -43643, -488242, -795 
1721987441305.00, -43740, -489180, -790 
1721987441326.00, -43684, -490134, -778 
1721987441348.00, -43533, -491082, -796 
1721987441370.00, -43624, -492029, -799 
1721987441390.00, -43606, -492977, -800 
1721987441413.00, -43631, -493926, -789 
1721987441434.00, -43805, -494863, -807 
1721987441456.00, -43592, -495809, -805 
1721987441477.00, -43653, -496761, -789 
1721987441500.00, -43666, -497706, -814 
1721987441520.00, -43680, -498643, -795 
1721987441543.00, -43593, -499596, -804 
1721987441564.00, -43740, -500553, -814 
1721987441586.00, -43760, -501492, -816 
1721987441607.00, -43662, -502436, -817 
1721987441630.00, -43628, -503392, -804 
1721987441650.00, -43782, -504331, -783 
1721987441673.00, -43735, -505269, -777 
1721987441695.00, -43478, -506219, -763 
1721987441716.00, -43613, -507169, -764 
1721987441737.00, -43752, -508108, -746 
1721987441759.00, -43656, -509053, -716 
1721987441781.00, -43706, -510009, -724 
1721987441802.00, -43702, -510948, -729 
1721987441823.00, -43630, -511891, -698 
1721987441845.00, -43725, -512841, -709 
1721987441867.00, -43651, -513790, -724 
1721987441889.00, -43608, -514729, -763 
1721987441910.00, -43778, -515679, -782 
1721987441932.00, -43857, -516641, -819 
1721987441959.00, -43875, -517585, -867 
1721987441976.00, -43459, -518533, -892 
1721987441997.00, -43583, -519485, -877 
1721987442019.00, -43620, -520426, -890 
1721987442040.00, -43491, -521363, -884 
1721987442064.00, -43586, -522309, -851 
1721987442084.00, -43812, -523262, -857 
1721987442105.00, -43567, -524205, -864 
1721987442127.00, -43655, -525147, -850 
1721987442149.00, -43715, -526099, -853 
1721987442170.00, -43554, -527046, -876 
1721987442192.00, -43608, -527983, -866 
1721987442214.00, -43725, -528929, -865 
1721987442235.00, -43712, -529882, -867 
1721987442257.00, -43620, -530819, -863 
1721987442278.00, -43643, -531761, -845 
1721987442300.00, -43585, -532719, -852 
1721987442322.00, -43593, -533670, -870 
1721987442343.00, -43754, -534610, -857 
1721987442365.00, -43621, -535557, -838 
1721987442389.00, -43572, -536512, -848 
1721987442408.00, -43741, -537448, -871 
1721987442430.00, -43805, -538388, -850 
1721987442452.00, -43577, -539342, -848 
1721987442473.00, -43745, -540288, -872 
1721987442497.00, -43618, -541230, -858 
1721987442516.00, -43360, -542183, -844 
1721987442538.00, -43534, -543133, -862 
1721987442559.00, -43696, -544070, -885 
1721987442581.00, -43616, -545011, -868 
1721987442603.00, -43857, -545966, -871 
1721987442625.00, -43637, -546904, -862 
1721987442646.00, -43357, -547848, -876 
1721987442668.00, -43632, -548802, -863 
1721987442689.00, -43789, -549749, -870 
1721987442712.00, -43557, -550692, -879 
1721987442733.00, -43580, -551634, -873 
1721987442754.00, -43730, -552590, -880 
1721987442776.00, -43565, -553528, -878 
1721987442798.00, -43574, -554468, -862 
1721987442819.00, -43791, -555417, -853 
1721987442841.00, -43661, -556364, -846 
1721987442863.00, -43668, -557308, -840 
1721987442884.00, -43767, -558255, -810 
1721987442906.00, -43539, -559208, -806 
1721987442927.00, -43395, -560147, -821 
1721987442949.00, -43590, -561086, -818 
1721987442971.00, -43603, -562034, -798 
1721987442993.00, -43703, -562980, -812 
1721987443014.00, -43618, -563919, -823 
1721987443036.00, -43487, -564870, -796 
1721987443057.00, -43471, -565825, -802 
1721987443079.00, -43753, -566764, -826 
1721987443100.00, -43699, -567709, -840 
1721987443122.00, -43574, -568659, -827 
1721987443144.00, -43653, -569606, -810 
1721987443166.00, -43780, -570545, -825 
1721987443188.00, -43592, -571494, -824 
1721987443209.00, -43728, -572443, -818 
1721987443231.00, -43737, -573384, -841 
1721987443253.00, -43736, -574333, -852 
1721987443273.00, -43434, -575286, -855 
1721987443295.00, -43493, -576233, -852 
1721987443317.00, -43639, -577169, -865 
1721987443339.00, -43624, -578115, -870 
1721987443360.00, -43789, -579063, -865 
1721987443382.00, -43831, -580005, -860 
1721987443404.00, -43551, -580953, -874 
1721987443425.00, -43539, -581910, -887 
1721987443446.00, -43635, -582855, -868 
1721987443469.00, -43561, -583798, -868 
1721987443491.00, -43617, -584744, -877 
1721987443512.00, -43881, -585691, -878 
1721987443534.00, -43648, -586632, -878 
1721987443555.00, -43597, -587576, -872 
1721987443576.00, -43762, -588531, -888 
1721987443599.00, -43575, -589471, -896 
1721987443619.00, -43661, -590415, -886 
1721987443642.00, -43740, -591365, -897 
1721987443663.00, -43501, -592313, -892 
1721987443685.00, -43387, -593253, -880 
1721987443707.00, -24719, -594191, -871 
1721987443729.00, -13436, -594758, -887 
1721987443750.00, -6868, -595068, -888 
1721987443771.00, -2925, -595226, -901 
1721987443793.00, -526, -595296, -905 
1721987443814.00, 61, -595309, -848 
1721987443835.00, 830, -595308, -764 
1721987443857.00, 1746, -595292, -640 
1721987443879.00, 2338, -595247, -433 
1721987443901.00, 2564, -595185, -239 
1721987443927.00, 2693, -595117, -71 
1721987443944.00, 2585, -595046, 81 
1721987443965.00, 7468, -594973, 197 
1721987443986.00, 17052, -594812, 279 
1721987444009.00, 27885, -594444, 348 
1721987444030.00, 36603, -593853, 376 
1721987444052.00, 41147, -593070, 539 
1721987444073.00, 44248, -592187, 503 
1721987444095.00, 43635, -591233, 535 
1721987444117.00, 43543, -590280, 571 
1721987444138.00, 43729, -589337, 603 
1721987444160.00, 43830, -588389, 644 
1721987444182.00, 43661, -587436, 688 
1721987444203.00, 43707, -586483, 742 
1721987444225.00, 43766, -585545, 742 
1721987444246.00, 43655, -584593, 780 
1721987444268.00, 43693, -583644, 810 
1721987444290.00, 43687, -582700, 818 
1721987444312.00, 43772, -581753, 838 
1721987444333.00, 43639, -580797, 857 
1721987444368.00, 43551, -579845, 880 
1721987444376.00, 43833, -578905, 895 
1721987444398.00, 43584, -577956, 892 
1721987444420.00, 43713, -577012, 898 
1721987444442.00, 43734, -576068, 920 
1721987444472.00, 43739, -575123, 925 
1721987444495.00, 43583, -574172, 911 
1721987444506.00, 43568, -573221, 930 
1721987444528.00, 43791, -572280, 937 
1721987444550.00, 43749, -571331, 918 
1721987444576.00, 43696, -570386, 920 
1721987444600.00, 43760, -569442, 925 
1721987444617.00, 43491, -568498, 917 
1721987444636.00, 43637, -567548, 904 
1721987444657.00, 43921, -566598, 936 
1721987444681.00, 43706, -565658, 952 
1721987444701.00, 43612, -564707, 931 
1721987444723.00, 43781, -563754, 959 
1721987444743.00, 43617, -562812, 958 
1721987444766.00, 43452, -561868, 949 
1721987444788.00, 43777, -560917, 967 
1721987444809.00, 43723, -559974, 977 
1721987444831.00, 43752, -559032, 970 
1721987444852.00, 43440, -558079, 980 
1721987444873.00, 43760, -557135, 964 
1721987444896.00, 43699, -556193, 961 
1721987444917.00, 43663, -555242, 984 
1721987444939.00, 43821, -554289, 1009 
1721987444961.00, 43776, -553342, 1014 
1721987444983.00, 43604, -552394, 1041 
1721987445004.00, 43558, -551439, 1049 
1721987445026.00, 43697, -550488, 1082 
1721987445048.00, 43925, -549539, 1088 
1721987445069.00, 43783, -548582, 1106 
1721987445091.00, 43605, -547625, 1105 
1721987445113.00, 43781, -546676, 1117 
1721987445135.00, 43715, -545731, 1123 
1721987445156.00, 43697, -544782, 1113 
1721987445177.00, 43749, -543829, 1114 
1721987445200.00, 43671, -542887, 1119 
1721987445221.00, 43653, -541930, 1111 
1721987445243.00, 43627, -540976, 1112 
1721987445264.00, 43569, -540029, 1105 
1721987445286.00, 43490, -539081, 1105 
1721987445308.00, 43771, -538127, 1113 
1721987445329.00, 43696, -537176, 1107 
1721987445351.00, 43721, -536237, 1090 
1721987445373.00, 43535, -535279, 1113 
1721987445394.00, 43466, -534327, 1095 
1721987445417.00, 43802, -533379, 1116 
1721987445439.00, 43967, -532426, 1120 
1721987445461.00, 43684, -531470, 1134 
1721987445482.00, 43581, -530518, 1143 
1721987445504.00, 43679, -529572, 1146 
1721987445525.00, 43750, -528620, 1155 
1721987445547.00, 43798, -527667, 1152 
1721987445570.00, 43637, -526724, 1145 
1721987445591.00, 43558, -525774, 1141 
1721987445613.00, 43747, -524821, 1155 
1721987445634.00, 43616, -523869, 1170 
1721987445655.00, 43528, -522923, 1184 
1721987445677.00, 43749, -521966, 1180 
1721987445699.00, 43819, -521018, 1160 
1721987445721.00, 43696, -520079, 1172 
1721987445743.00, 43616, -519129, 1160 
1721987445764.00, 43447, -518174, 1152 
1721987445786.00, 43713, -517224, 1178 
1721987445808.00, 43908, -516281, 1140 
1721987445829.00, 43583, -515319, 1168 
1721987445851.00, 43646, -514365, 1161 
1721987445873.00, 43622, -513427, 1172 
1721987445904.00, 43648, -512475, 1163 
1721987445917.00, 43730, -511524, 1173 
1721987445938.00, 43528, -510577, 1180 
1721987445960.00, 43633, -509629, 1162 
1721987445982.00, 43772, -508674, 1164 
1721987446006.00, 43529, -507720, 1174 
1721987446025.00, 43641, -506777, 1176 
1721987446046.00, 43681, -505824, 1171 
1721987446068.00, 44031, -504877, 1166 
1721987446090.00, 43705, -503927, 1180 
1721987446116.00, 43531, -502978, 1184 
1721987446133.00, 43539, -502023, 1188 
1721987446155.00, 43797, -501076, 1189 
1721987446177.00, 43742, -500132, 1183 
1721987446199.00, 43676, -499168, 1206 
1721987446225.00, 43468, -498217, 1202 
1721987446242.00, 43613, -497270, 1211 
1721987446264.00, 43619, -496324, 1205 
1721987446285.00, 43538, -495372, 1205 
1721987446307.00, 43679, -494427, 1190 
1721987446329.00, 43818, -493484, 1192 
1721987446351.00, 43660, -492529, 1181 
1721987446373.00, 43502, -491574, 1180 
1721987446394.00, 43530, -490627, 1188 
1721987446416.00, 43590, -489674, 1196 
1721987446442.00, 43886, -488724, 1195 
1721987446459.00, 43601, -487777, 1195 
1721987446481.00, 43511, -486832, 1204 
1721987446502.00, 43499, -485876, 1188 
1721987446525.00, 43541, -484928, 1185 
1721987446551.00, 43495, -483987, 1185 
1721987446568.00, 43622, -483030, 1173 
1721987446590.00, 43766, -482075, 1188 
1721987446611.00, 43747, -481129, 1192 
1721987446633.00, 43498, -480187, 1184 
1721987446655.00, 43560, -479233, 1195 
1721987446677.00, 43871, -478285, 1198 
1721987446699.00, 43855, -477344, 1196 
1721987446720.00, 43433, -476384, 1207 
1721987446741.00, 43547, -475433, 1179 
1721987446763.00, 43678, -474485, 1200 
1721987446786.00, 43670, -473537, 1205 
1721987446806.00, 43728, -472584, 1196 
1721987446829.00, 43861, -471636, 1197 
1721987446852.00, 43726, -470692, 1184 
1721987446873.00, 43738, -469734, 1189 
1721987446894.00, 43448, -468787, 1184 
1721987446916.00, 43465, -467841, 1172 
1721987446938.00, 43819, -466890, 1165 
1721987446959.00, 43713, -465934, 1166 
1721987446982.00, 43624, -464984, 1166 
1721987447002.00, 43437, -464038, 1166 
1721987447024.00, 43491, -463086, 1152 
1721987447047.00, 43597, -462140, 1155 
1721987447068.00, 43633, -461201, 1155 
1721987447090.00, 43509, -460249, 1155 
1721987447112.00, 43682, -459296, 1143 
1721987447133.00, 43695, -458347, 1138 
1721987447155.00, 43622, -457402, 1143 
1721987447176.00, 43584, -456447, 1154 
1721987447198.00, 43844, -455496, 1146 
1721987447220.00, 43616, -454555, 1141 
1721987447242.00, 43513, -453604, 1134 
1721987447263.00, 43389, -452652, 1131 
1721987447285.00, 43483, -451706, 1132 
1721987447307.00, 43562, -450762, 1123 
1721987447329.00, 43578, -449806, 1114 
1721987447349.00, 43769, -448858, 1094 
1721987447372.00, 43683, -447918, 1086 
1721987447394.00, 43528, -446966, 1065 
1721987447415.00, 43507, -446015, 1048 
1721987447437.00, 43792, -445073, 1034 
1721987447459.00, 43802, -444127, 1040 
1721987447481.00, 43605, -443177, 1024 
1721987447502.00, 43404, -442225, 1021 
1721987447524.00, 43533, -441278, 1027 
1721987447546.00, 43459, -440330, 1012 
1721987447567.00, 43614, -439382, 1001 
1721987447589.00, 43781, -438440, 985 
1721987447611.00, 43703, -437493, 989 
1721987447634.00, 43652, -436550, 964 
1721987447654.00, 43566, -435599, 986 
1721987447675.00, 43684, -434659, 984 
1721987447697.00, 43750, -433705, 975 
1721987447718.00, 43754, -432758, 970 
1721987447740.00, 43794, -431818, 966 
1721987447762.00, 25200, -430875, 949 
1721987447785.00, 13771, -430308, 953 
1721987447805.00, 7155, -429998, 946 
1721987447827.00, 3065, -429838, 937 
1721987447848.00, 585, -429774, 904 
1721987447869.00, -89, -429762, 820 
1721987447890.00, -1311, -429769, 668 
1721987447912.00, -2198, -429796, 447 
1721987447934.00, -2440, -429851, 249 
1721987447955.00, -2659, -429914, 93 
1721987447977.00, -2604, -429989, -60 
1721987447998.00, -6137, -430055, -182 
1721987448019.00, -15599, -430187, -243 
1721987448041.00, -24819, -430515, -301 
1721987448063.00, -34008, -431047, -327 
1721987448085.00, -39687, -431783, -446 
1721987448106.00, -43233, -432626, -422 
1721987448128.00, -43873, -433562, -467 
1721987448150.00, -43577, -434523, -488 
1721987448171.00, -43771, -435469, -514 
1721987448193.00, -43763, -436411, -541 
1721987448214.00, -43606, -437357, -542 
1721987448237.00, -43731, -438314, -555 
1721987448258.00, -43746, -439254, -572 
1721987448280.00, -43690, -440201, -575 
1721987448301.00, -43596, -441152, -568 
1721987448323.00, -43749, -442098, -589 
1721987448344.00, -43711, -443045, -606 
1721987448366.00, -43575, -443995, -623 
1721987448388.00, -43723, -444948, -635 
1721987448410.00, -43709, -445886, -662 
1721987448431.00, -43778, -446835, -676 
1721987448453.00, -43655, -447786, -702 
1721987448475.00, -43873, -448731, -697 
1721987448496.00, -43637, -449674, -710 
1721987448520.00, -43413, -450628, -726 
1721987448539.00, -43775, -451581, -721 
1721987448561.00, -43813, -452521, -728 
1721987448583.00, -43515, -453468, -736 
1721987448605.00, -43546, -454421, -719 
1721987448626.00, -43730, -455358, -703 
1721987448647.00, -43645, -456301, -705 
1721987448669.00, -43561, -457251, -704 
1721987448691.00, -43777, -458204, -715 
1721987448713.00, -43671, -459142, -694 
1721987448738.00, -43638, -460092, -708 
1721987448756.00, -43795, -461049, -731 
1721987448777.00, -43673, -461984, -720 
1721987448799.00, -43490, -462927, -698 
1721987448820.00, -43712, -463879, -717 
1721987448842.00, -43687, -464827, -729 
1721987448864.00, -43776, -465763, -699 
1721987448885.00, -43438, -466717, -703 
1721987448907.00, -43735, -467675, -721 
1721987448928.00, -43735, -468618, -730 
1721987448951.00, -43699, -469561, -748 
1721987448972.00, -43762, -470513, -757 
1721987448993.00, -43862, -471461, -749 
1721987449015.00, -43437, -472398, -759 
1721987449036.00, -43812, -473350, -757 
1721987449062.00, -43771, -474301, -758 
1721987449080.00, -43536, -475239, -770 
1721987449102.00, -43617, -476184, -741 
1721987449123.00, -43813, -477141, -743 
1721987449145.00, -43524, -478088, -755 
1721987449171.00, -43420, -479026, -734 
1721987449189.00, -43767, -479976, -734 
1721987449210.00, -43770, -480926, -735 
1721987449232.00, -43507, -481862, -752 
1721987449253.00, -43628, -482812, -750 
1721987449279.00, -43823, -483768, -742 
1721987449297.00, -43658, -484713, -744 
1721987449318.00, -43732, -485657, -744 
1721987449340.00, -43796, -486608, -749 
1721987449362.00, -43687, -487555, -738 
1721987449388.00, -43650, -488495, -747 
1721987449405.00, -43781, -489440, -738 
1721987449427.00, -43698, -490397, -753 
1721987449448.00, -43500, -491339, -758 
1721987449469.00, -43711, -492283, -728 
1721987449492.00, -43874, -493239, -758 
1721987449514.00, -43631, -494186, -768 
1721987449535.00, -43748, -495123, -761 
1721987449556.00, -43700, -496071, -789 
1721987449578.00, -43858, -497023, -783 
1721987449599.00, -43613, -497961, -788 
1721987449621.00, -43844, -498906, -786 
1721987449642.00, -43744, -499866, -797 
1721987449664.00, -43503, -500813, -798 
1721987449686.00, -43605, -501753, -796 
1721987449708.00, -43687, -502700, -803 
1721987449729.00, -43594, -503655, -800 
1721987449751.00, -43768, -504594, -802 
1721987449773.00, -43753, -505537, -808 
1721987449795.00, -43627, -506491, -821 
1721987449816.00, -43593, -507437, -816 
1721987449838.00, -43751, -508379, -810 
1721987449860.00, -43805, -509329, -841 
1721987449881.00, -43665, -510283, -840 
1721987449902.00, -43798, -511222, -821 
1721987449924.00, -43763, -512167, -842 
1721987449946.00, -43568, -513119, -842 
1721987449967.00, -43776, -514062, -842 
1721987449989.00, -43875, -515001, -828 
1721987450011.00, -43689, -515956, -864 
1721987450033.00, -43641, -516914, -874 
1721987450054.00, -43741, -517852, -856 
1721987450075.00, -43714, -518797, -852 
1721987450097.00, -43602, -519756, -894 
1721987450118.00, -43686, -520694, -886 
1721987450141.00, -43858, -521631, -858 
1721987450162.00, -43599, -522584, -895 
1721987450184.00, -43633, -523538, -892 
1721987450206.00, -43712, -524472, -853 
1721987450227.00, -43649, -525423, -839 
1721987450249.00, -43708, -526377, -856 
1721987450270.00, -43783, -527315, -852 
1721987450292.00, -43603, -528255, -831 
1721987450314.00, -43488, -529208, -859 
1721987450335.00, -43672, -530156, -880 
1721987450356.00, -43774, -531096, -877 
1721987450379.00, -43758, -532044, -852 
1721987450400.00, -43945, -533004, -910 
1721987450422.00, -43588, -533945, -928 
1721987450443.00, -43370, -534888, -891 
1721987450465.00, -43756, -535841, -869 
1721987450487.00, -43696, -536791, -885 
1721987450509.00, -43455, -537727, -855 
1721987450529.00, -43695, -538672, -834 
1721987450552.00, -43798, -539624, -853 
1721987450573.00, -43634, -540568, -883 
1721987450595.00, -43594, -541512, -882 
1721987450616.00, -43843, -542466, -865 
1721987450637.00, -43635, -543414, -904 
1721987450660.00, -43712, -544357, -924 
1721987450681.00, -43703, -545301, -911 
1721987450705.00, -43644, -546249, -896 
1721987450725.00, -43511, -547188, -908 
1721987450746.00, -43754, -548133, -899 
1721987450767.00, -43655, -549088, -890 
1721987450789.00, -43785, -550035, -889 
1721987450814.00, -43525, -550979, -900 
1721987450833.00, -43700, -551929, -892 
1721987450854.00, -43571, -552877, -888 
1721987450876.00, -43867, -553815, -902 
1721987450897.00, -43787, -554761, -903 
1721987450919.00, -43785, -555714, -895 
1721987450941.00, -43511, -556659, -908 
1721987450962.00, -43712, -557602, -919 
1721987450984.00, -43664, -558550, -911 
1721987451006.00, -43607, -559501, -909 
1721987451028.00, -43786, -560441, -939 
1721987451050.00, -43822, -561388, -947 
1721987451071.00, -43436, -562339, -941 
1721987451093.00, -43583, -563282, -947 
1721987451114.00, -43788, -564225, -952 
1721987451138.00, -43754, -565176, -954 
1721987451157.00, -43650, -566128, -967 
1721987451179.00, -43767, -567067, -960 
1721987451200.00, -43665, -568017, -960 
1721987451222.00, -43554, -568968, -964 
1721987451243.00, -43810, -569908, -943 
1721987451265.00, -43759, -570847, -934 
1721987451287.00, -43688, -571798, -975 
1721987451308.00, -43848, -572746, -970 
1721987451330.00, -43685, -573690, -953 
1721987451352.00, -43511, -574636, -956 
1721987451374.00, -43732, -575589, -957 
1721987451395.00, -43721, -576528, -950 
1721987451417.00, -43882, -577469, -952 
1721987451438.00, -43651, -578423, -967 
1721987451460.00, -43618, -579367, -959 
1721987451481.00, -43676, -580307, -943 
1721987451504.00, -43629, -581257, -949 
1721987451525.00, -43678, -582211, -942 
1721987451547.00, -43831, -583148, -916 
1721987451568.00, -43531, -584097, -917 
1721987451590.00, -43557, -585047, -930 
1721987451611.00, -43590, -585987, -907 
1721987451633.00, -43354, -586929, -910 
1721987451655.00, -43645, -587874, -895 
1721987451676.00, -43700, -588820, -881 
1721987451698.00, -43588, -589761, -895 
1721987451719.00, -43631, -590703, -889 
1721987451741.00, -43721, -591653, -858 
1721987451763.00, -43496, -592595, -853 
1721987451784.00, -43593, -593534, -830 
1721987451806.00, -24943, -594471, -762 
1721987451828.00, -13617, -595038, -749 
1721987451849.00, -6832, -595347, -730 
1721987451871.00, -2760, -595501, -682 
1721987451893.00, -326, -595566, -636 
1721987451914.00, 177, -595572, -553 
1721987451935.00, 1141, -595568, -450 
1721987451958.00, 1832, -595539, -313 
1721987451979.00, 2206, -595492, -164 
1721987452000.00, 2352, -595435, -33 
1721987452022.00, 2382, -595374, 83 
1721987452043.00, 7244, -595308, 185 
1721987452065.00, 16530, -595149, 244 
1721987452087.00, 25394, -594796, 319 
1721987452109.00, 34346, -594248, 388 
1721987452130.00, 39653, -593502, 422 
1721987452152.00, 43081, -592643, 485 
1721987452173.00, 43639, -591709, 527 
1721987452195.00, 43987, -590757, 559 
1721987452217.00, 43767, -589808, 606 
1721987452238.00, 43729, -588862, 630 
1721987452263.00, 43818, -587912, 652 
1721987452282.00, 43876, -586957, 695 
1721987452303.00, 43706, -586011, 753 
1721987452324.00, 43521, -585068, 750 
1721987452346.00, 43715, -584118, 772 
1721987452372.00, 43876, -583165, 817 
1721987452390.00, 43535, -582223, 848 
1721987452411.00, 43455, -581269, 853 
1721987452433.00, 43874, -580317, 875 
1721987452454.00, 43745, -579374, 904 
1721987452476.00, 43671, -578425, 923 
1721987452498.00, 43775, -577476, 932 
1721987452519.00, 43634, -576530, 954 
1721987452541.00, 43584, -575592, 967 
1721987452563.00, 43826, -574637, 958 
1721987452587.00, 43804, -573687, 971 
1721987452606.00, 43606, -572743, 981 
1721987452628.00, 43605, -571793, 975 
1721987452649.00, 43666, -570847, 988 
1721987452671.00, 43726, -569899, 992 
1721987452699.00, 43631, -568959, 1001 
1721987452714.00, 43519, -568006, 992 
1721987452736.00, 43677, -567052, 997 
1721987452758.00, 43669, -566116, 987 
1721987452780.00, 43559, -565165, 987 
1721987452803.00, 43742, -564212, 992 
1721987452822.00, 43784, -563270, 990 
1721987452844.00, 43663, -562327, 1010 
1721987452866.00, 43751, -561372, 987 
1721987452888.00, 43613, -560424, 1014 
1721987452909.00, 43453, -559484, 999 
1721987452930.00, 43303, -558538, 1009 
1721987452953.00, 43706, -557586, 989 
1721987452974.00, 43600, -556648, 1000 
1721987452996.00, 43487, -555700, 996 
1721987453021.00, 43648, -554748, 986 
1721987453039.00, 43549, -553802, 1000 
1721987453060.00, 43657, -552860, 1000 
1721987453082.00, 43905, -551909, 1025 
1721987453105.00, 43815, -550958, 1007 
1721987453126.00, 43757, -550005, 1025 
1721987453147.00, 43492, -549057, 1025 
1721987453169.00, 43483, -548100, 1036 
1721987453192.00, 43756, -547149, 1043 
1721987453213.00, 43792, -546207, 1040 
1721987453236.00, 43633, -545253, 1051 
1721987453257.00, 43524, -544303, 1037 
1721987453278.00, 43665, -543359, 1019 
1721987453300.00, 43611, -542414, 1029 
1721987453321.00, 43691, -541457, 1038 
1721987453344.00, 43683, -540503, 1033 
1721987453365.00, 43808, -539556, 1055 
1721987453387.00, 43650, -538603, 1060 
1721987453408.00, 43550, -537650, 1073 
1721987453430.00, 43326, -536702, 1091 
1721987453456.00, 43722, -535758, 1079 
1721987453474.00, 43775, -534806, 1090 
1721987453495.00, 43703, -533852, 1107 
1721987453517.00, 43532, -532907, 1102 
1721987453539.00, 43477, -531949, 1107 
1721987453560.00, 43653, -530998, 1105 
1721987453582.00, 43703, -530056, 1116 
1721987453604.00, 43528, -529106, 1097 
1721987453626.00, 43668, -528152, 1106 
1721987453647.00, 43696, -527205, 1120 
1721987453670.00, 43645, -526262, 1114 
1721987453690.00, 43599, -525309, 1134 
1721987453712.00, 43665, -524355, 1111 
1721987453734.00, 43689, -523407, 1117 
1721987453756.00, 43652, -522456, 1117 
1721987453783.00, 43513, -521500, 1108 
1721987453800.00, 43672, -520554, 1129 
1721987453822.00, 43733, -519611, 1134 
1721987453843.00, 43908, -518655, 1139 
1721987453865.00, 43735, -517703, 1126 
1721987453887.00, 43615, -516756, 1138 
1721987453908.00, 43596, -515799, 1141 
1721987453930.00, 43568, -514843, 1153 
1721987453952.00, 43644, -513899, 1151 
1721987453973.00, 43838, -512956, 1146 
1721987453996.00, 43640, -511999, 1153 
1721987454017.00, 43779, -511050, 1159 
1721987454039.00, 43719, -510107, 1148 
1721987454060.00, 43569, -509149, 1147 
1721987454082.00, 43703, -508199, 1141 
1721987454103.00, 43822, -507253, 1106 
1721987454126.00, 43640, -506305, 1105 
1721987454146.00, 43617, -505350, 1086 
1721987454169.00, 43558, -504401, 1077 
1721987454190.00, 43774, -503459, 1076 
1721987454216.00, 43860, -502503, 1094 
1721987454234.00, 43695, -501553, 1102 
1721987454256.00, 43625, -500604, 1130 
1721987454277.00, 43555, -499649, 1159 
1721987454299.00, 43624, -498691, 1170 
1721987454325.00, 43797, -497740, 1186 
1721987454343.00, 43640, -496797, 1198 
1721987454365.00, 43552, -495839, 1177 
1721987454386.00, 43755, -494893, 1153 
1721987454408.00, 43600, -493956, 1131 
1721987454430.00, 43448, -493005, 1121 
1721987454451.00, 43722, -492055, 1086 
1721987454473.00, 43847, -491104, 1081 
1721987454495.00, 43660, -490153, 1103 
1721987454516.00, 43599, -489201, 1073 
1721987454538.00, 43435, -488255, 1046 
1721987454560.00, 43552, -487312, 1065 
1721987454583.00, 43736, -486364, 1053 
1721987454603.00, 43798, -485410, 1063 
1721987454625.00, 43426, -484459, 1081 
1721987454647.00, 43579, -483510, 1091 
1721987454669.00, 43603, -482551, 1110 
1721987454690.00, 43589, -481600, 1125 
1721987454712.00, 43684, -480660, 1122 
1721987454734.00, 43714, -479710, 1115 
1721987454756.00, 43660, -478758, 1118 
1721987454777.00, 43643, -477813, 1109 
1721987454799.00, 43489, -476865, 1093 
1721987454820.00, 43640, -475910, 1081 
1721987454842.00, 43811, -474961, 1076 
1721987454864.00, 43461, -474016, 1070 
1721987454886.00, 43404, -473064, 1051 
1721987454908.00, 43449, -472116, 1049 
1721987454929.00, 43621, -471175, 1036 
1721987454951.00, 43506, -470232, 1015 
1721987454973.00, 43792, -469280, 1021 
1721987454995.00, 43818, -468330, 1028 
1721987455016.00, 43614, -467383, 1048 
1721987455039.00, 43431, -466421, 1059 
1721987455060.00, 43729, -465466, 1070 
1721987455082.00, 43938, -464523, 1093 
1721987455104.00, 43806, -463570, 1095 
1721987455125.00, 43584, -462619, 1093 
1721987455147.00, 43520, -461673, 1089 
1721987455168.00, 43647, -460732, 1056 
1721987455190.00, 43588, -459778, 1051 
1721987455212.00, 43684, -458829, 1034 
1721987455233.00, 43789, -457880, 1031 
1721987455255.00, 43710, -456927, 1023 
1721987455277.00, 43694, -455977, 1013 
1721987455298.00, 43638, -455029, 1023 
1721987455320.00, 43644, -454083, 1031 
1721987455342.00, 43801, -453131, 1031 
1721987455364.00, 43805, -452177, 1035 
1721987455385.00, 43603, -451232, 1018 
1721987455408.00, 43473, -450274, 1014 
1721987455429.00, 43502, -449325, 985 
1721987455450.00, 43586, -448387, 967 
1721987455472.00, 43790, -447446, 957 
1721987455493.00, 43785, -446501, 937 
1721987455515.00, 43654, -445549, 945 
1721987455537.00, 43499, -444614, 953 
1721987455559.00, 43514, -443661, 957 
1721987455580.00, 43749, -442714, 971 
1721987455602.00, 43596, -441773, 991 
1721987455624.00, 43571, -440823, 1011 
1721987455645.00, 43670, -439872, 1003 
1721987455667.00, 43710, -438922, 1024 
1721987455689.00, 43479, -437977, 1023 
1721987455711.00, 43642, -437023, 1032 
1721987455732.00, 43849, -436074, 1026 
1721987455754.00, 43616, -435128, 1017 
1721987455776.00, 43408, -434177, 974 
1721987455797.00, 43603, -433233, 905 
1721987455819.00, 43657, -432290, 878 
1721987455841.00, 24735, -431353, 875 
1721987455863.00, 13683, -430789, 845 
1721987455884.00, 7017, -430486, 802 
1721987455906.00, 3100, -430326, 762 
1721987455926.00, 652, -430259, 745 
1721987455948.00, -64, -430246, 677 
1721987455970.00, -1132, -430250, 554 
1721987455991.00, -1816, -430274, 412 
1721987456012.00, -2301, -430319, 246 
1721987456034.00, -2464, -430378, 121 
1721987456055.00, -2548, -430451, -14 
1721987456079.00, -3191, -430514, -119 
1721987456099.00, -10032, -430591, -189 
1721987456120.00, -18129, -430802, -246 
1721987456142.00, -26557, -431196, -310 
1721987456163.00, -35149, -431763, -338 
1721987456185.00, -40653, -432504, -335 
1721987456207.00, -43636, -433388, -473 
1721987456229.00, -43748, -434332, -409 
1721987456249.00, -43770, -435286, -469 
1721987456272.00, -43689, -436231, -500 
1721987456293.00, -43858, -437181, -525 
1721987456315.00, -43641, -438136, -546 
1721987456337.00, -43624, -439075, -560 
1721987456358.00, -43780, -440022, -579 
1721987456379.00, -43874, -440975, -598 
1721987456402.00, -43480, -441924, -612 
1721987456423.00, -43709, -442861, -610 
1721987456445.00, -43779, -443809, -621 
1721987456466.00, -43638, -444769, -640 
1721987456488.00, -43637, -445706, -654 
1721987456510.00, -43783, -446654, -661 
1721987456531.00, -43689, -447602, -669 
1721987456553.00, -43665, -448548, -692 
1721987456574.00, -43700, -449490, -713 
1721987456596.00, -43653, -450441, -706 
1721987456618.00, -43665, -451395, -704 
1721987456639.00, -43663, -452335, -691 
1721987456661.00, -43697, -453280, -663 
1721987456682.00, -43574, -454232, -635 
1721987456704.00, -43747, -455171, -640 
1721987456726.00, -43787, -456112, -648 
1721987456748.00, -43823, -457064, -686 
1721987456769.00, -43572, -458019, -723 
1721987456791.00, -43775, -458957, -717 
1721987456813.00, -43840, -459909, -744 
1721987456834.00, -43446, -460866, -787 
1721987456856.00, -43764, -461806, -765 
1721987456877.00, -43728, -462749, -792 
1721987456899.00, -43608, -463695, -792 
1721987456920.00, -43679, -464643, -795 
1721987456943.00, -43731, -465584, -805 
1721987456964.00, -43783, -466532, -811 
1721987456985.00, -43611, -467495, -820 
1721987457007.00, -43590, -468437, -845 
1721987457028.00, -43568, -469375, -805 
1721987457051.00, -43614, -470324, -790 
1721987457072.00, -43744, -471270, -784 
1721987457093.00, -43625, -472205, -778 
1721987457116.00, -43448, -473152, -766 
1721987457136.00, -43686, -474107, -790 
1721987457158.00, -43646, -475045, -805 
1721987457180.00, -43535, -475989, -802 
1721987457202.00, -43737, -476945, -813 
1721987457223.00, -43784, -477890, -843 
1721987457245.00, -43589, -478831, -844 
1721987457267.00, -43577, -479780, -847 
1721987457290.00, -43681, -480728, -839 
1721987457309.00, -43594, -481661, -849 
1721987457332.00, -43622, -482609, -837 
1721987457354.00, -43646, -483563, -824 
1721987457374.00, -43667, -484504, -789 
1721987457398.00, -43684, -485447, -755 
1721987457418.00, -43781, -486396, -724 
1721987457439.00, -43661, -487345, -738 
1721987457461.00, -43702, -488284, -736 
1721987457483.00, -43805, -489227, -746 
1721987457505.00, -43630, -490183, -763 
1721987457526.00, -43613, -491129, -779 
1721987457548.00, -43732, -492074, -795 
1721987457570.00, -43847, -493027, -818 
1721987457591.00, -43470, -493977, -823 
1721987457613.00, -43753, -494918, -829 
1721987457635.00, -43665, -495857, -824 
1721987457656.00, -43420, -496811, -790 
1721987457677.00, -43543, -497750, -773 
1721987457700.00, -43718, -498686, -753 
1721987457722.00, -43666, -499639, -769 
1721987457743.00, -43795, -500592, -778 
1721987457764.00, -43664, -501533, -761 
1721987457786.00, -43398, -502481, -787 
1721987457807.00, -43619, -503436, -806 
1721987457829.00, -43741, -504374, -817 
1721987457850.00, -43560, -505313, -815 
1721987457872.00, -43661, -506268, -857 
1721987457895.00, -43691, -507218, -868 
1721987457916.00, -43601, -508157, -837 
1721987457937.00, -43617, -509107, -841 
1721987457959.00, -43756, -510064, -869 
1721987457981.00, -43559, -511000, -855 
1721987458002.00, -43670, -511941, -817 
1721987458024.00, -43792, -512890, -815 
1721987458046.00, -43572, -513837, -811 
1721987458067.00, -43463, -514774, -787 
1721987458089.00, -43688, -515721, -789 
1721987458111.00, -43731, -516678, -801 
1721987458132.00, -43774, -517620, -804 
1721987458154.00, -43650, -518564, -806 
1721987458175.00, -43545, -519521, -810 
1721987458197.00, -43533, -520460, -808 
1721987458219.00, -43855, -521398, -833 
1721987458241.00, -43635, -522350, -841 
1721987458267.00, -43706, -523300, -827 
1721987458283.00, -43563, -524246, -839 
1721987458306.00, -43722, -525189, -839 
1721987458327.00, -43651, -526142, -830 
1721987458348.00, -43607, -527086, -860 
1721987458370.00, -43623, -528026, -873 
1721987458392.00, -43728, -528974, -877 
1721987458414.00, -43507, -529925, -849 
1721987458435.00, -43553, -530865, -888 
1721987458457.00, -43628, -531809, -886 
1721987458479.00, -43636, -532765, -863 
1721987458500.00, -43798, -533710, -864 
1721987458522.00, -43793, -534654, -858 
1721987458544.00, -43605, -535601, -853 
1721987458565.00, -43590, -536555, -849 
1721987458587.00, -43797, -537492, -860 
1721987458608.00, -43601, -538438, -875 
1721987458630.00, -43707, -539391, -885 
1721987458652.00, -43891, -540336, -901 
1721987458673.00, -43652, -541281, -920 
1721987458694.00, -43508, -542237, -913 
1721987458717.00, -43765, -543184, -916 
1721987458738.00, -43677, -544124, -937 
1721987458759.00, -43794, -545067, -936 
1721987458782.00, -43818, -546020, -931 
1721987458804.00, -43607, -546962, -933 
1721987458825.00, -43462, -547904, -933 
1721987458847.00, -43638, -548858, -938 
1721987458869.00, -43713, -549803, -939 
1721987458890.00, -43697, -550746, -948 
1721987458911.00, -43689, -551691, -932 
1721987458933.00, -43730, -552648, -942 
1721987458955.00, -43712, -553588, -963 
1721987458976.00, -43449, -554529, -977 
1721987458998.00, -43682, -555481, -970 
1721987459020.00, -43820, -556429, -993 
1721987459041.00, -43640, -557371, -995 
1721987459063.00, -43689, -558320, -991 
1721987459084.00, -43709, -559274, -1006 
1721987459106.00, -43388, -560218, -990 
1721987459127.00, -43501, -561157, -962 
1721987459152.00, -43725, -562102, -961 
1721987459171.00, -43604, -563045, -956 
1721987459192.00, -43549, -563988, -922 
1721987459215.00, -43608, -564932, -907 
1721987459236.00, -43613, -565886, -907 
1721987459257.00, -43801, -566825, -907 
1721987459279.00, -43788, -567768, -886 
1721987459301.00, -43626, -568721, -888 
1721987459322.00, -43601, -569666, -869 
1721987459344.00, -43661, -570602, -842 
1721987459369.00, -43631, -571546, -849 
1721987459388.00, -43675, -572498, -832 
1721987459408.00, -43840, -573439, -820 
1721987459430.00, -43707, -574385, -818 
1721987459452.00, -43557, -575340, -841 
1721987459476.00, -43576, -576286, -855 
1721987459496.00, -43629, -577224, -863 
1721987459518.00, -43644, -578171, -865 
1721987459539.00, -43821, -579120, -861 
1721987459561.00, -43634, -580063, -877 
1721987459582.00, -43565, -581007, -857 
1721987459603.00, -43603, -581959, -806 
1721987459625.00, -43687, -582902, -803 
1721987459647.00, -43495, -583844, -826 
1721987459669.00, -43687, -584793, -814 
1721987459690.00, -43769, -585739, -806 
1721987459712.00, -43691, -586682, -836 
1721987459734.00, -43624, -587626, -831 
1721987459755.00, -43785, -588581, -827 
1721987459776.00, -43690, -589519, -829 
1721987459801.00, -43525, -590464, -833 
1721987459820.00, -43674, -591416, -845 
1721987459842.00, -43745, -592362, -835 
1721987459863.00, -43573, -593301, -839 
1721987459885.00, -24654, -594242, -852 
1721987459907.00, -13410, -594809, -850 
1721987459929.00, -6804, -595119, -850 
1721987459950.00, -2801, -595275, -850 
1721987459972.00, -341, -595341, -831 
1721987459993.00, 88, -595348, -742 
1721987460014.00, 923, -595347, -649 
1721987460036.00, 1766, -595328, -549 
1721987460057.00, 2345, -595283, -367 
1721987460079.00, 2438, -595219, -187 
1721987460100.00, 2392, -595154, -49 
1721987460122.00, 2475, -595093, 47 
1721987460144.00, 5184, -595032, 135 
1721987460165.00, 12384, -594908, 212 
1721987460187.00, 20913, -594646, 278 
1721987460209.00, 29923, -594197, 330 
1721987460230.00, 37279, -593556, 356 
1721987460252.00, 41667, -592760, 376 
1721987460274.00, 43915, -591868, 383 
1721987460296.00, 43587, -590910, 453 
1721987460316.00, 43685, -589962, 436 
1721987460340.00, 43888, -589022, 453 
1721987460360.00, 43815, -588069, 482 
1721987460382.00, 43733, -587117, 517 
1721987460404.00, 43759, -586168, 553 
1721987460425.00, 43639, -585224, 593 
1721987460446.00, 43857, -584269, 624 
1721987460468.00, 43834, -583319, 661 
1721987460489.00, 43634, -582378, 697 
1721987460511.00, 43777, -581424, 703 
1721987460534.00, 43685, -580473, 711 
1721987460555.00, 43709, -579525, 741 
1721987460576.00, 43623, -578583, 735 
1721987460598.00, 43673, -577633, 737 
1721987460619.00, 43753, -576686, 760 
1721987460641.00, 43551, -575748, 766 
1721987460664.00, 43459, -574797, 762 
1721987460685.00, 43856, -573846, 771 
1721987460706.00, 43657, -572900, 781 
1721987460728.00, 43680, -571955, 781 
1721987460750.00, 43815, -571003, 789 
1721987460771.00, 43641, -570059, 816 
1721987460793.00, 43496, -569116, 830 
1721987460815.00, 43776, -568170, 831 
1721987460836.00, 43685, -567221, 839 
1721987460857.00, 43497, -566276, 839 
1721987460879.00, 43581, -565334, 836 
1721987460900.00, 43644, -564382, 836 
1721987460922.00, 43639, -563434, 858 
1721987460944.00, 43803, -562495, 867 
1721987460966.00, 43676, -561544, 874 
1721987460988.00, 43544, -560597, 875 
1721987461009.00, 43748, -559654, 888 
1721987461030.00, 43786, -558712, 889 
1721987461052.00, 43620, -557758, 926 
1721987461074.00, 43697, -556813, 914 
1721987461096.00, 43841, -555869, 929 
1721987461118.00, 43822, -554920, 931 
1721987461139.00, 43623, -553967, 939 
1721987461160.00, 43530, -553027, 959 
1721987461182.00, 43659, -552084, 956 
1721987461203.00, 43801, -551137, 959 
1721987461225.00, 43659, -550187, 980 
1721987461247.00, 43753, -549248, 948 
1721987461269.00, 43722, -548292, 964 
1721987461290.00, 43462, -547343, 967 
1721987461312.00, 43626, -546398, 987 
1721987461333.00, 43699, -545461, 965 
1721987461355.00, 43457, -544509, 988 
1721987461377.00, 43638, -543563, 1005 
1721987461399.00, 43603, -542621, 1004 
1721987461420.00, 43542, -541667, 978 
1721987461442.00, 43669, -540718, 997 
1721987461464.00, 43886, -539777, 993 
1721987461485.00, 43520, -538831, 1000 
1721987461506.00, 43453, -537878, 977 
1721987461528.00, 43573, -536938, 976 
1721987461550.00, 43601, -535997, 972 
1721987461572.00, 43593, -535049, 955 
1721987461594.00, 43936, -534098, 957 
1721987461615.00, 43613, -533158, 986 
1721987461636.00, 43516, -532206, 994 
1721987461658.00, 43619, -531254, 990 
1721987461680.00, 43519, -530310, 1007 
1721987461702.00, 43522, -529363, 1024 
1721987461724.00, 43693, -528411, 1028 
1721987461745.00, 43791, -527463, 1033 
1721987461768.00, 43774, -526523, 1040 
1721987461789.00, 43581, -525563, 1046 
1721987461811.00, 43620, -524609, 1051 
1721987461832.00, 43940, -523662, 1053 
1721987461854.00, 43874, -522714, 1047 
1721987461876.00, 43553, -521756, 1051 
1721987461898.00, 43644, -520805, 1052 
1721987461919.00, 43730, -519869, 1060 
1721987461940.00, 43663, -518914, 1046 
1721987461963.00, 43636, -517962, 1049 
1721987461984.00, 43838, -517015, 1047 
1721987462007.00, 43688, -516062, 1034 
1721987462028.00, 43763, -515106, 1050 
1721987462050.00, 43506, -514154, 1048 
1721987462071.00, 43490, -513213, 1052 
1721987462093.00, 43831, -512260, 1060 
1721987462115.00, 43753, -511309, 1068 
1721987462136.00, 43720, -510364, 1066 
1721987462158.00, 43590, -509409, 1091 
1721987462180.00, 43453, -508455, 1105 
1721987462204.00, 43755, -507503, 1126 
1721987462223.00, 43833, -506559, 1134 
1721987462245.00, 43550, -505602, 1133 
1721987462267.00, 43568, -504650, 1156 
1721987462288.00, 43638, -503709, 1158 
1721987462315.00, 43614, -502755, 1166 
1721987462332.00, 43760, -501803, 1182 
1721987462354.00, 43663, -500853, 1193 
1721987462375.00, 43816, -499908, 1179 
1721987462397.00, 43735, -498943, 1201 
1721987462422.00, 43586, -497992, 1207 
1721987462441.00, 43401, -497050, 1216 
1721987462463.00, 43678, -496093, 1224 
1721987462484.00, 43930, -495149, 1239 
1721987462506.00, 43702, -494202, 1251 
1721987462533.00, 43513, -493255, 1264 
1721987462549.00, 43461, -492295, 1273 
1721987462571.00, 43732, -491343, 1282 
1721987462592.00, 43750, -490400, 1270 
1721987462615.00, 43593, -489446, 1275 
1721987462641.00, 43621, -488496, 1270 
1721987462657.00, 43646, -487552, 1275 
1721987462680.00, 43593, -486605, 1262 
1721987462702.00, 43609, -485654, 1250 
1721987462723.00, 43754, -484701, 1256 
1721987462746.00, 43716, -483755, 1249 
1721987462767.00, 43700, -482793, 1246 
1721987462788.00, 43695, -481843, 1239 
1721987462810.00, 43494, -480901, 1234 
1721987462832.00, 43735, -479950, 1236 
1721987462854.00, 43767, -479001, 1237 
1721987462875.00, 43857, -478054, 1221 
1721987462896.00, 43567, -477109, 1212 
1721987462919.00, 43586, -476149, 1209 
1721987462940.00, 43605, -475200, 1208 
1721987462964.00, 43509, -474258, 1191 
1721987462983.00, 43703, -473309, 1180 
1721987463006.00, 43756, -472355, 1179 
1721987463027.00, 43788, -471408, 1195 
1721987463049.00, 43575, -470459, 1184 
1721987463070.00, 43474, -469507, 1170 
1721987463093.00, 43664, -468556, 1192 
1721987463114.00, 43932, -467613, 1176 
1721987463136.00, 43636, -466656, 1176 
1721987463158.00, 43491, -465702, 1166 
1721987463179.00, 43634, -464755, 1153 
1721987463201.00, 43676, -463808, 1164 
1721987463223.00, 43762, -462859, 1152 
1721987463245.00, 43699, -461908, 1145 
1721987463266.00, 43574, -460967, 1136 
1721987463287.00, 43648, -460012, 1122 
1721987463309.00, 43524, -459062, 1120 
1721987463331.00, 43229, -458114, 1107 
1721987463353.00, 43651, -457164, 1071 
1721987463374.00, 43715, -456220, 1052 
1721987463396.00, 43626, -455273, 1050 
1721987463419.00, 43513, -454333, 1016 
1721987463440.00, 43556, -453381, 987 
1721987463462.00, 43593, -452436, 987 
1721987463483.00, 43799, -451493, 988 
1721987463505.00, 43707, -450542, 994 
1721987463527.00, 43704, -449591, 999 
1721987463548.00, 43539, -448644, 996 
1721987463569.00, 43489, -447706, 998 
1721987463591.00, 43691, -446759, 999 
1721987463613.00, 43670, -445811, 1006 
1721987463635.00, 43489, -444865, 1003 
1721987463657.00, 43627, -443911, 993 
1721987463678.00, 43674, -442969, 994 
1721987463700.00, 43481, -442023, 993 
1721987463721.00, 43669, -441081, 981 
1721987463743.00, 43839, -440132, 980 
1721987463764.00, 43627, -439185, 976 
1721987463786.00, 43726, -438245, 958 
1721987463808.00, 43646, -437296, 954 
1721987463830.00, 43421, -436349, 965 
1721987463851.00, 43509, -435404, 972 
1721987463872.00, 43743, -434460, 970 
1721987463894.00, 43618, -433511, 966 
1721987463916.00, 43715, -432563, 953 
1721987463938.00, 43663, -431624, 936 
1721987463959.00, 24735, -430682, 868 
1721987463982.00, 13409, -430121, 843 
1721987464003.00, 6857, -429817, 833 
1721987464024.00, 2931, -429666, 767 
1721987464046.00, 515, -429601, 731 
1721987464067.00, -94, -429590, 656 
1721987464089.00, -1124, -429595, 547 
1721987464110.00, -1730, -429619, 407 
1721987464132.00, -2105, -429663, 278 
1721987464153.00, -2278, -429713, 171 
1721987464174.00, -2341, -429769, 79 
1721987464196.00, -2330, -429834, 4 
1721987464217.00, -2207, -429890, -77 
1721987464239.00, -6698, -429942, -140 
1721987464259.00, -12950, -430085, -173 
1721987464287.00, -18933, -430367, -224 
1721987464304.00, -25462, -430781, -294 
1721987464325.00, -33481, -431333, -304 
1721987464347.00, -38804, -432048, -337 
1721987464368.00, -42532, -432880, -322 
1721987464390.00, -43890, -433805, -415 
1721987464411.00, -43603, -434760, -382 
1721987464433.00, -43811, -435705, -416 
1721987464455.00, -43677, -436650, -435 
1721987464477.00, -43635, -437604, -448 
1721987464498.00, -43688, -438552, -458 
1721987464520.00, -43878, -439489, -466 
1721987464542.00, -43550, -440440, -471 
1721987464563.00, -43482, -441392, -473 
1721987464584.00, -43615, -442332, -490 
1721987464606.00, -43677, -443275, -500 
1721987464627.00, -43774, -444230, -520 
1721987464649.00, -43796, -445177, -552 
1721987464671.00, -43659, -446115, -566 
1721987464693.00, -43655, -447066, -589 
1721987464718.00, -43705, -448020, -610 
1721987464736.00, -43683, -448956, -622 
1721987464758.00, -43481, -449905, -636 
1721987464779.00, -43705, -450862, -645 
1721987464800.00, -43743, -451808, -641 
1721987464823.00, -43563, -452751, -648 
1721987464844.00, -43558, -453699, -657 
1721987464866.00, -43770, -454648, -662 
1721987464887.00, -43599, -455584, -669 
1721987464909.00, -43727, -456529, -676 
1721987464931.00, -43824, -457483, -701 
1721987464952.00, -43609, -458428, -706 
1721987464974.00, -43686, -459370, -696 
1721987464996.00, -43834, -460322, -713 
1721987465017.00, -43633, -461274, -716 
1721987465038.00, -43624, -462212, -739 
1721987465061.00, -43741, -463151, -746 
1721987465082.00, -43675, -464107, -729 
1721987465104.00, -43686, -465050, -755 
1721987465126.00, -43735, -465992, -749 
1721987465147.00, -43739, -466947, -755 
1721987465168.00, -43597, -467899, -751 
1721987465190.00, -43729, -468839, -755 
1721987465212.00, -43717, -469785, -757 
1721987465233.00, -43635, -470738, -759 
1721987465255.00, -43676, -471679, -749 
1721987465276.00, -43766, -472616, -746 
1721987465299.00, -43679, -473569, -740 
1721987465320.00, -43639, -474516, -706 
1721987465342.00, -43745, -475454, -703 
1721987465363.00, -43534, -476405, -715 
1721987465385.00, -43497, -477363, -710 
1721987465406.00, -43657, -478301, -726 
1721987465428.00, -43764, -479244, -749 
1721987465449.00, -43672, -480194, -755 
1721987465472.00, -43855, -481137, -749 
1721987465493.00, -43648, -482077, -765 
1721987465514.00, -43330, -483028, -782 
1721987465536.00, -43564, -483983, -762 
1721987465558.00, -43641, -484921, -766 
1721987465580.00, -43552, -485863, -743 
1721987465602.00, -43697, -486818, -747 
1721987465623.00, -43698, -487758, -749 
1721987465645.00, -43557, -488698, -752 
1721987465667.00, -43692, -489650, -775 
1721987465688.00, -43824, -490601, -776 
1721987465711.00, -43520, -491545, -783 
1721987465731.00, -43685, -492492, -773 
1721987465753.00, -43740, -493444, -781 
1721987465774.00, -43520, -494388, -798 
1721987465796.00, -43471, -495327, -798 
1721987465822.00, -43724, -496273, -795 
1721987465840.00, -43587, -497221, -792 
1721987465861.00, -43781, -498162, -805 
1721987465882.00, -43622, -499108, -805 
1721987465904.00, -43548, -500064, -772 
1721987465926.00, -43494, -501011, -798 
1721987465947.00, -43628, -501948, -760 
1721987465970.00, -43665, -502894, -727 
1721987465991.00, -43619, -503844, -754 
1721987466012.00, -43674, -504785, -748 
1721987466034.00, -43798, -505727, -754 
1721987466056.00, -43621, -506685, -756 
1721987466077.00, -43733, -507625, -771 
1721987466099.00, -43631, -508570, -784 
1721987466121.00, -43651, -509525, -780 
1721987466144.00, -43588, -510473, -789 
1721987466164.00, -43602, -511417, -804 
1721987466185.00, -43614, -512362, -794 
1721987466207.00, -43826, -513309, -764 
1721987466229.00, -43728, -514249, -805 
1721987466255.00, -43633, -515195, -788 
1721987466272.00, -43596, -516151, -795 
1721987466294.00, -43679, -517103, -818 
1721987466316.00, -43720, -518044, -831 
1721987466337.00, -43485, -518993, -848 
1721987466358.00, -43673, -519948, -865 
1721987466381.00, -43823, -520886, -899 
1721987466402.00, -43610, -521827, -904 
1721987466424.00, -43535, -522782, -891 
1721987466445.00, -43616, -523728, -882 
1721987466466.00, -43495, -524668, -892 
1721987466488.00, -43723, -525616, -876 
1721987466510.00, -43878, -526565, -863 
1721987466531.00, -43443, -527503, -860 
1721987466554.00, -43398, -528449, -867 
1721987466575.00, -43609, -529397, -859 
1721987466596.00, -43555, -530336, -835 
1721987466618.00, -43558, -531274, -858 
1721987466640.00, -43696, -532227, -853 
1721987466662.00, -43451, -533178, -821 
1721987466686.00, -43502, -534116, -792 
1721987466705.00, -43667, -535059, -807 
1721987466727.00, -43574, -536014, -818 
1721987466748.00, -43741, -536958, -811 
1721987466770.00, -43898, -537899, -814 
1721987466793.00, -43639, -538846, -826 
1721987466813.00, -43717, -539799, -835 
1721987466835.00, -43740, -540742, -836 
1721987466856.00, -43801, -541689, -833 
1721987466878.00, -43601, -542643, -852 
1721987466900.00, -43841, -543585, -848 
1721987466921.00, -43665, -544529, -853 
1721987466943.00, -43591, -545476, -870 
1721987466965.00, -43742, -546425, -864 
1721987466986.00, -43853, -547361, -854 
1721987467008.00, -43577, -548309, -864 
1721987467029.00, -43692, -549269, -872 
1721987467051.00, -43690, -550209, -855 
1721987467073.00, -43720, -551151, -851 
1721987467094.00, -43577, -552105, -876 
1721987467116.00, -43687, -553050, -866 
1721987467137.00, -43819, -553990, -851 
1721987467159.00, -43669, -554936, -867 
1721987467181.00, -43587, -555889, -868 
1721987467203.00, -43616, -556828, -823 
1721987467224.00, -43534, -557768, -807 
1721987467245.00, -43758, -558722, -825 
1721987467267.00, -43624, -559666, -799 
1721987467289.00, -43468, -560605, -779 
1721987467310.00, -43624, -561550, -790 
1721987467332.00, -43668, -562500, -808 
1721987467354.00, -43591, -563440, -796 
1721987467376.00, -43750, -564384, -799 
1721987467398.00, -43787, -565340, -832 
1721987467418.00, -43611, -566287, -823 
1721987467441.00, -43641, -567230, -822 
1721987467462.00, -43644, -568176, -835 
1721987467484.00, -43738, -569129, -838 
1721987467506.00, -43555, -570067, -829 
1721987467527.00, -43692, -571007, -833 
1721987467549.00, -43706, -571961, -850 
1721987467570.00, -43657, -572905, -836 
1721987467592.00, -43701, -573848, -844 
1721987467614.00, -43795, -574799, -854 
1721987467635.00, -43614, -575752, -862 
1721987467657.00, -43884, -576692, -861 
1721987467679.00, -43777, -577632, -864 
1721987467700.00, -43403, -578583, -875 
1721987467722.00, -43368, -579526, -860 
1721987467744.00, -43474, -580465, -839 
1721987467765.00, -43386, -581413, -838 
1721987467788.00, -43717, -582362, -841 
1721987467808.00, -43668, -583299, -829 
1721987467830.00, -43598, -584244, -826 
1721987467852.00, -43742, -585195, -828 
1721987467873.00, -43539, -586135, -809 
1721987467895.00, -43524, -587077, -798 
1721987467916.00, -43696, -588022, -786 
1721987467938.00, -43581, -588971, -769 
1721987467960.00, -43494, -589906, -729 
1721987467981.00, -43584, -590849, -674 
1721987468003.00, -43612, -591795, -638 
1721987468024.00, -43768, -592731, -604 
1721987468046.00, -24869, -593664, -534 
1721987468067.00, -13554, -594233, -540 
1721987468090.00, -7004, -594542, -539 
1721987468112.00, -3023, -594700, -549 
1721987468133.00, -776, -594769, -525 
1721987468154.00, 48, -594785, -489 
1721987468175.00, 869, -594783, -412 
1721987468197.00, 1615, -594764, -317 
1721987468219.00, 2057, -594731, -232 
1721987468240.00, 2211, -594681, -158 
1721987468262.00, 2288, -594626, -71 
1721987468283.00, 2414, -594568, 28 
1721987468305.00, 3823, -594508, 122 
1721987468329.00, 10270, -594411, 202 
1721987468348.00, 19478, -594188, 257 
1721987468370.00, 27853, -593775, 303 
1721987468392.00, 35565, -593181, 351 
1721987468413.00, 40916, -592424, 378 
1721987468437.00, 43727, -591543, 448 
1721987468457.00, 43818, -590592, 431 
1721987468478.00, 43719, -589644, 462 
1721987468499.00, 43685, -588701, 482 
1721987468521.00, 43643, -587748, 496 
1721987468546.00, 43766, -586793, 542 
1721987468564.00, 43764, -585851, 567 
1721987468586.00, 43729, -584906, 583 
1721987468607.00, 43650, -583954, 613 
1721987468629.00, 43586, -583009, 623 
1721987468656.00, 43845, -582062, 651 
1721987468672.00, 43753, -581103, 681 
1721987468694.00, 43584, -580151, 706 
1721987468716.00, 43808, -579209, 737 
1721987468738.00, 43659, -578261, 742 
1721987468760.00, 43653, -577310, 753 
1721987468781.00, 43728, -576366, 799 
1721987468803.00, 43722, -575423, 812 
1721987468824.00, 43682, -574472, 795 
1721987468845.00, 43643, -573521, 822 
1721987468867.00, 43721, -572577, 807 
1721987468888.00, 43615, -571631, 807 
1721987468910.00, 43591, -570683, 806 
1721987468932.00, 43729, -569742, 798 
1721987468954.00, 43824, -568798, 801 
1721987468976.00, 43645, -567848, 799 
1721987468997.00, 43588, -566900, 805 
1721987469019.00, 43708, -565961, 795 
1721987469040.00, 43533, -565012, 794 
1721987469062.00, 43643, -564060, 789 
1721987469084.00, 43705, -563115, 794 
1721987469105.00, 43711, -562176, 793 
1721987469127.00, 43636, -561223, 801 
1721987469149.00, 43650, -560273, 808 
1721987469170.00, 43745, -559338, 821 
1721987469192.00, 43707, -558386, 820 
1721987469213.00, 43903, -557436, 837 
1721987469235.00, 43785, -556492, 831 
1721987469256.00, 43485, -555548, 834 
1721987469279.00, 43602, -554593, 842 
1721987469300.00, 43882, -553649, 850 
1721987469321.00, 43607, -552714, 863 
1721987469344.00, 43674, -551762, 861 
1721987469365.00, 43806, -550813, 885 
1721987469387.00, 43550, -549870, 882 
1721987469409.00, 43263, -548924, 876 
1721987469430.00, 43440, -547974, 856 
1721987469452.00, 43346, -547032, 860 
1721987469473.00, 43718, -546095, 844 
1721987469495.00, 43618, -545148, 845 
1721987469517.00, 43478, -544204, 835 
1721987469538.00, 43674, -543266, 820 
1721987469560.00, 43746, -542322, 842 
1721987469581.00, 43534, -541366, 835 
1721987469603.00, 43506, -540420, 833 
1721987469624.00, 43630, -539481, 819 
1721987469646.00, 43528, -538532, 808 
1721987469667.00, 43658, -537584, 815 
1721987469689.00, 43780, -536645, 826 
1721987469711.00, 43703, -535698, 829 
1721987469733.00, 43566, -534745, 836 
1721987469755.00, 43813, -533798, 842 
1721987469776.00, 43558, -532854, 863 
1721987469798.00, 43426, -531902, 857 
1721987469820.00, 43691, -530952, 853 
1721987469842.00, 43624, -530017, 848 
1721987469865.00, 43506, -529067, 858 
1721987469884.00, 43757, -528119, 845 
1721987469907.00, 43621, -527177, 854 
1721987469927.00, 43725, -526237, 858 
1721987469949.00, 43785, -525283, 879 
1721987469974.00, 43771, -524337, 871 
1721987469993.00, 43625, -523394, 882 
1721987470014.00, 43513, -522444, 890 
1721987470036.00, 43666, -521489, 893 
1721987470058.00, 43708, -520552, 880 
1721987470085.00, 43643, -519612, 871 
1721987470102.00, 43778, -518659, 887 
1721987470123.00, 43737, -517712, 899 
1721987470144.00, 43577, -516771, 895 
1721987470166.00, 43693, -515813, 890 
1721987470193.00, 43647, -514864, 904 
1721987470210.00, 43613, -513923, 908 
1721987470231.00, 43976, -512979, 906 
1721987470253.00, 43674, -512030, 920 
1721987470274.00, 43651, -511079, 949 
1721987470295.00, 43673, -510144, 943 
1721987470317.00, 43734, -509185, 950 
1721987470339.00, 43746, -508241, 949 
1721987470360.00, 43723, -507295, 962 
1721987470382.00, 43749, -506347, 960 
1721987470407.00, 43725, -505396, 975 
1721987470426.00, 43502, -504450, 970 
1721987470447.00, 43485, -503514, 981 
1721987470469.00, 43703, -502557, 981 
1721987470491.00, 43639, -501616, 996 
1721987470512.00, 43786, -500671, 993 
1721987470534.00, 43686, -499723, 1003 
1721987470556.00, 43492, -498766, 987 
1721987470577.00, 43462, -497820, 975 
1721987470599.00, 43784, -496883, 999 
1721987470620.00, 43594, -495929, 990 
1721987470641.00, 43582, -494983, 994 
1721987470664.00, 43705, -494045, 999 
1721987470686.00, 43655, -493099, 1010 
1721987470707.00, 43670, -492140, 1027 
1721987470729.00, 43762, -491189, 1035 
1721987470751.00, 43705, -490239, 1049 
1721987470772.00, 43714, -489283, 1057 
1721987470794.00, 43760, -488329, 1080 
1721987470816.00, 43476, -487390, 1079 
1721987470837.00, 43722, -486439, 1065 
1721987470859.00, 43865, -485488, 1077 
1721987470881.00, 43778, -484536, 1080 
1721987470903.00, 43604, -483587, 1080 
1721987470924.00, 43399, -482624, 1082 
1721987470947.00, 43633, -481676, 1078 
1721987470968.00, 43739, -480735, 1095 
1721987470989.00, 43821, -479785, 1096 
1721987471012.00, 43612, -478829, 1120 
1721987471033.00, 43814, -477882, 1113 
1721987471055.00, 43744, -476938, 1105 
1721987471077.00, 43529, -475981, 1093 
1721987471099.00, 43642, -475025, 1091 
1721987471120.00, 43984, -474084, 1098 
1721987471142.00, 43678, -473129, 1068 
1721987471163.00, 43655, -472180, 1075 
1721987471185.00, 43616, -471233, 1071 
1721987471207.00, 43662, -470285, 1075 
1721987471228.00, 43764, -469335, 1048 
1721987471250.00, 43735, -468385, 1037 
1721987471272.00, 43501, -467439, 1035 
1721987471294.00, 43554, -466478, 1030 
1721987471315.00, 43483, -465526, 1033 
1721987471337.00, 43516, -464585, 1008 
1721987471359.00, 43746, -463633, 1009 
1721987471381.00, 43703, -462685, 1002 
1721987471402.00, 43783, -461740, 981 
1721987471424.00, 43668, -460799, 995 
1721987471445.00, 43522, -459846, 981 
1721987471467.00, 43740, -458897, 994 
1721987471489.00, 43749, -457956, 1002 
1721987471511.00, 43561, -457003, 992 
1721987471532.00, 43756, -456053, 1005 
1721987471554.00, 43592, -455107, 1014 
1721987471575.00, 43568, -454161, 1025 
1721987471597.00, 43516, -453208, 1036 
1721987471619.00, 43776, -452258, 1028 
1721987471640.00, 43728, -451311, 1045 
1721987471663.00, 43708, -450354, 1039 
1721987471684.00, 43437, -449399, 1038 
1721987471706.00, 43670, -448455, 1034 
1721987471727.00, 43792, -447510, 1033 
1721987471749.00, 43744, -446560, 1025 
1721987471771.00, 43546, -445605, 1017 
1721987471793.00, 43470, -444666, 1011 
1721987471815.00, 43566, -443709, 1002 
1721987471836.00, 43684, -442767, 984 
1721987471858.00, 43527, -441823, 980 
1721987471879.00, 43719, -440879, 950 
1721987471901.00, 43691, -439933, 929 
1721987471923.00, 43753, -438986, 914 
1721987471944.00, 43660, -438048, 907 
1721987471966.00, 43548, -437095, 888 
1721987471988.00, 43523, -436152, 878 
1721987472009.00, 43844, -435212, 865 
1721987472031.00, 43693, -434266, 863 
1721987472052.00, 43566, -433317, 860 
1721987472074.00, 43732, -432369, 862 
1721987472096.00, 25102, -431432, 863 
1721987472117.00, 13822, -430862, 878 
1721987472139.00, 7364, -430551, 875 
1721987472163.00, 3220, -430391, 862 
1721987472182.00, 712, -430318, 862 
1721987472204.00, -62, -430301, 806 
1721987472225.00, -991, -430305, 718 
1721987472246.00, -1859, -430322, 594 
1721987472268.00, -2369, -430364, 446 
1721987472289.00, -2612, -430420, 311 
1721987472311.00, -2679, -430484, 188 
1721987472332.00, -2525, -430549, 79 
1721987472353.00, -2355, -430616, 12 
1721987472377.00, -2276, -430682, -72 
1721987472397.00, -6337, -430735, -132 
1721987472418.00, -12353, -430873, -171 
1721987472440.00, -18490, -431146, -229 
1721987472461.00, -25596, -431548, -278 
1721987472483.00, -32435, -432092, -309 
1721987472505.00, -38303, -432786, -311 
1721987472526.00, -42039, -433622, -386 
1721987472548.00, -43885, -434541, -374 
1721987472570.00, -43942, -435491, -420 
1721987472592.00, -43601, -436435, -456 
1721987472613.00, -43734, -437382, -490 
1721987472634.00, -43735, -438341, -512 
1721987472656.00, -43668, -439279, -520 
1721987472677.00, -43643, -440226, -533 
1721987472699.00, -43768, -441183, -560 
1721987472720.00, -43542, -442128, -574 
1721987472742.00, -43654, -443067, -567 
1721987472763.00, -43888, -444019, -574 
1721987472785.00, -43650, -444972, -594 
1721987472810.00, -43568, -445909, -612 
1721987472828.00, -43715, -446857, -602 
1721987472850.00, -43860, -447812, -624 
1721987472873.00, -43605, -448755, -677 
1721987472894.00, -43615, -449697, -676 
1721987472920.00, -43674, -450651, -686 
1721987472937.00, -43717, -451604, -697 
1721987472959.00, -43546, -452544, -717 
1721987472980.00, -43665, -453492, -732 
1721987473002.00, -43739, -454447, -720 
1721987473023.00, -43529, -455385, -741 
1721987473045.00, -43708, -456329, -750 
1721987473067.00, -43740, -457279, -757 
1721987473089.00, -43706, -458228, -760 
1721987473110.00, -43754, -459170, -767 
1721987473133.00, -43783, -460119, -758 
1721987473153.00, -43688, -461072, -741 
1721987473175.00, -43800, -462011, -755 
1721987473197.00, -43694, -462952, -752 
1721987473218.00, -43767, -463901, -743 
1721987473239.00, -43730, -464848, -740 
1721987473261.00, -43844, -465789, -765 
1721987473283.00, -43595, -466742, -752 
1721987473305.00, -43574, -467696, -752 
1721987473326.00, -43768, -468637, -755 
1721987473347.00, -43843, -469581, -753 
1721987473370.00, -43569, -470537, -765 
1721987473392.00, -43836, -471479, -783 
1721987473413.00, -43569, -472415, -771 
1721987473435.00, -43644, -473367, -767 
1721987473457.00, -43645, -474317, -768 
1721987473478.00, -43655, -475258, -792 
1721987473500.00, -43731, -476206, -777 
1721987473521.00, -43644, -477162, -768 
1721987473543.00, -43687, -478104, -789 
1721987473564.00, -43659, -479043, -760 
1721987473586.00, -43456, -479992, -782 
1721987473608.00, -43800, -480943, -796 
1721987473630.00, -43717, -481878, -763 
1721987473651.00, -43509, -482827, -779 
1721987473671.00, -43723, -483785, -774 
1721987473694.00, -43768, -484729, -780 
1721987473715.00, -43586, -485673, -800 
1721987473738.00, -43712, -486622, -782 
1721987473759.00, -43807, -487572, -784 
1721987473780.00, -43692, -488513, -797 
1721987473803.00, -43619, -489454, -777 
1721987473824.00, -43823, -490412, -787 
1721987473845.00, -43823, -491356, -807 
1721987473867.00, -43603, -492300, -811 
1721987473888.00, -43574, -493256, -815 
1721987473914.00, -43774, -494205, -822 
1721987473932.00, -43687, -495142, -827 
1721987473953.00, -43628, -496089, -829 
1721987473975.00, -43776, -497041, -842 
1721987473997.00, -43702, -497981, -851 
1721987474019.00, -43648, -498926, -840 
1721987474040.00, -43753, -499883, -847 
1721987474063.00, -43507, -500832, -863 
1721987474083.00, -43497, -501774, -836 
1721987474105.00, -43752, -502721, -837 
1721987474131.00, -43730, -503675, -837 
1721987474149.00, -43670, -504611, -816 
1721987474170.00, -43553, -505556, -810 
1721987474192.00, -43682, -506510, -829 
1721987474214.00, -43695, -507458, -837 
1721987474235.00, -43507, -508399, -838 
1721987474257.00, -43596, -509348, -844 
1721987474278.00, -43841, -510298, -848 
1721987474299.00, -43581, -511241, -878 
1721987474321.00, -43685, -512190, -878 
1721987474344.00, -43757, -513138, -907 
1721987474365.00, -43639, -514079, -905 
1721987474387.00, -43709, -515018, -865 
1721987474408.00, -43769, -515977, -921 
1721987474430.00, -43688, -516928, -900 
1721987474459.00, -43583, -517869, -866 
1721987474473.00, -43612, -518812, -859 
1721987474495.00, -43562, -519769, -872 
1721987474516.00, -43574, -520702, -833 
1721987474538.00, -43707, -521641, -837 
1721987474560.00, -43632, -522592, -841 
1721987474581.00, -43557, -523543, -832 
1721987474603.00, -43779, -524484, -818 
1721987474625.00, -43833, -525431, -856 
1721987474646.00, -43469, -526387, -860 
1721987474668.00, -43804, -527327, -856 
1721987474690.00, -43680, -528263, -845 
1721987474711.00, -43367, -529217, -868 
1721987474733.00, -43470, -530164, -874 
1721987474754.00, -43690, -531098, -848 
1721987474776.00, -43569, -532048, -875 
1721987474798.00, -43775, -533002, -871 
1721987474819.00, -43655, -533942, -856 
1721987474841.00, -43408, -534886, -859 
1721987474863.00, -43580, -535842, -866 
1721987474889.00, -43731, -536787, -861 
1721987474906.00, -43557, -537723, -843 
1721987474928.00, -43680, -538671, -865 
1721987474949.00, -43704, -539623, -862 
1721987474971.00, -43518, -540564, -843 
1721987474995.00, -43559, -541511, -870 
1721987475014.00, -43760, -542463, -901 
1721987475035.00, -43541, -543409, -890 
1721987475057.00, -43741, -544348, -871 
1721987475079.00, -43690, -545294, -886 
1721987475101.00, -43580, -546247, -902 
1721987475123.00, -43450, -547183, -887 
1721987475144.00, -43682, -548131, -897 
1721987475166.00, -43520, -549082, -898 
1721987475188.00, -43758, -550027, -891 
1721987475209.00, -43650, -550970, -882 
1721987475231.00, -43522, -551921, -914 
1721987475252.00, -43433, -552870, -909 
1721987475274.00, -43634, -553807, -883 
1721987475296.00, -43604, -554746, -894 
1721987475317.00, -43574, -555703, -918 
1721987475339.00, -43599, -556645, -898 
1721987475360.00, -43688, -557584, -891 
1721987475382.00, -43576, -558537, -891 
1721987475404.00, -43669, -559483, -888 
1721987475426.00, -43588, -560420, -835 
1721987475447.00, -43533, -561361, -807 
1721987475469.00, -43630, -562314, -806 
1721987475490.00, -43706, -563252, -788 
1721987475512.00, -43620, -564193, -782 
1721987475534.00, -43806, -565147, -811 
1721987475555.00, -43681, -566102, -819 
1721987475577.00, -43580, -567040, -808 
1721987475598.00, -43653, -567989, -817 
1721987475620.00, -43704, -568941, -845 
1721987475641.00, -43650, -569882, -846 
1721987475663.00, -43554, -570821, -840 
1721987475685.00, -43689, -571772, -857 
1721987475707.00, -43834, -572720, -854 
1721987475729.00, -43739, -573664, -848 
1721987475750.00, -43631, -574612, -847 
1721987475771.00, -43730, -575564, -856 
1721987475793.00, -43492, -576504, -843 
1721987475815.00, -43712, -577442, -832 
1721987475836.00, -43744, -578389, -819 
1721987475858.00, -43344, -579334, -794 
1721987475880.00, -43498, -580276, -781 
1721987475902.00, -43629, -581217, -792 
1721987475923.00, -43581, -582173, -793 
1721987475945.00, -43636, -583113, -794 
1721987475966.00, -43704, -584057, -793 
1721987475991.00, -43579, -585005, -794 
1721987476010.00, -43627, -585951, -790 
1721987476031.00, -43659, -586890, -788 
1721987476053.00, -43457, -587837, -775 
1721987476074.00, -43675, -588788, -757 
1721987476098.00, -43711, -589724, -771 
1721987476118.00, -43582, -590669, -745 
1721987476140.00, -43685, -591616, -733 
1721987476161.00, -43660, -592559, -723 
1721987476182.00, -43586, -593499, -711 
1721987476208.00, -24750, -594441, -701 
1721987476226.00, -13418, -595010, -697 
1721987476247.00, -6820, -595320, -704 
1721987476269.00, -2828, -595475, -707 
1721987476290.00, -421, -595541, -697 
1721987476312.00, 86, -595553, -652 
1721987476333.00, 991, -595551, -586 
1721987476354.00, 1709, -595530, -459 
1721987476377.00, 2209, -595485, -309 
1721987476398.00, 2308, -595428, -173 
1721987476426.00, 2358, -595369, -57 
1721987476441.00, 2374, -595309, 48 
1721987476463.00, 5215, -595251, 132 
1721987476485.00, 11783, -595129, 200 
1721987476506.00, 19875, -594869, 271 
1721987476529.00, 29022, -594440, 334 
1721987476549.00, 36948, -593821, 368 
1721987476570.00, 41612, -593035, 400 
1721987476592.00, 44213, -592133, 527 
1721987476614.00, 43693, -591182, 514 
1721987476635.00, 43724, -590232, 541 
1721987476658.00, 43592, -589283, 605 
1721987476679.00, 43783, -588338, 621 
1721987476701.00, 43777, -587388, 619 
1721987476722.00, 43665, -586438, 652 
1721987476744.00, 43686, -585496, 671 
1721987476765.00, 43756, -584548, 683 
1721987476787.00, 43598, -583597, 687 
1721987476808.00, 43815, -582654, 708 
1721987476831.00, 43707, -581707, 720 
1721987476853.00, 43631, -580752, 743 
1721987476874.00, 43777, -579802, 740 
1721987476895.00, 43824, -578861, 759 
1721987476917.00, 43648, -577910, 764 
1721987476939.00, 43554, -576966, 780 
1721987476961.00, 43740, -576022, 815 
1721987476982.00, 43791, -575076, 818 
1721987477003.00, 43611, -574122, 829 
1721987477025.00, 43591, -573175, 845 
1721987477046.00, 43800, -572230, 856 
1721987477068.00, 43804, -571280, 849 
1721987477090.00, 43585, -570334, 870 
1721987477112.00, 43820, -569390, 870 
1721987477133.00, 43786, -568445, 879 
1721987477155.00, 43575, -567499, 877 
1721987477176.00, 43874, -566550, 879 
1721987477198.00, 43790, -565606, 888 
1721987477220.00, 43604, -564652, 893 
1721987477242.00, 43659, -563706, 890 
1721987477263.00, 43645, -562762, 893 
1721987477286.00, 43642, -561817, 891 
1721987477306.00, 43859, -560865, 907 
1721987477328.00, 43735, -559922, 914 
1721987477350.00, 43763, -558979, 915 
1721987477372.00, 43675, -558028, 928 
1721987477393.00, 43674, -557079, 946 
1721987477416.00, 43791, -556138, 940 
1721987477436.00, 43811, -555188, 948 
1721987477458.00, 43666, -554236, 955 
1721987477480.00, 43916, -553293, 953 
1721987477501.00, 43554, -552348, 974 
1721987477524.00, 43552, -551402, 956 
1721987477544.00, 43793, -550453, 979 
1721987477567.00, 43781, -549511, 972 
1721987477588.00, 43468, -548557, 974 
1721987477610.00, 43774, -547604, 985 
1721987477632.00, 43772, -546662, 973 
1721987477653.00, 43588, -545719, 988 
1721987477675.00, 43687, -544770, 995 
1721987477696.00, 43852, -543825, 1008 
1721987477718.00, 43797, -542881, 1004 
1721987477739.00, 43540, -541924, 1012 
1721987477762.00, 43489, -540966, 1015 
1721987477784.00, 43849, -540021, 1016 
1721987477805.00, 43669, -539070, 1024 
1721987477826.00, 43796, -538118, 1019 
1721987477848.00, 43578, -537167, 1030 
1721987477870.00, 43763, -536225, 1035 
1721987477892.00, 43710, -535265, 1030 
1721987477914.00, 43564, -534313, 1036 
1721987477936.00, 43676, -533367, 1036 
1721987477964.00, 43996, -532413, 1043 
1721987477979.00, 43629, -531457, 1057 
1721987478001.00, 43630, -530505, 1061 
1721987478023.00, 43679, -529561, 1066 
1721987478044.00, 43651, -528608, 1066 
1721987478070.00, 43910, -527653, 1087 
1721987478098.00, 43829, -526710, 1093 
1721987478110.00, 43689, -525757, 1098 
1721987478131.00, 43503, -524805, 1102 
1721987478153.00, 43630, -523854, 1105 
1721987478175.00, 43755, -522908, 1114 
1721987478204.00, 43941, -521953, 1112 
1721987478217.00, 43588, -520998, 1118 
1721987478240.00, 43719, -520060, 1120 
1721987478261.00, 43701, -519109, 1123 
1721987478300.00, 43540, -518156, 1115 
1721987478305.00, 43591, -517207, 1112 
1721987478326.00, 43822, -516259, 1110 
1721987478348.00, 43759, -515300, 1118 
1721987478370.00, 43741, -514347, 1111 
1721987478394.00, 43484, -513407, 1114 
1721987478413.00, 43527, -512452, 1109 
1721987478435.00, 43766, -511505, 1113 
1721987478456.00, 43661, -510556, 1134 
1721987478478.00, 43562, -509613, 1112 
1721987478503.00, 43561, -508654, 1128 
1721987478523.00, 43556, -507704, 1115 
1721987478543.00, 43724, -506761, 1117 
1721987478565.00, 43584, -505809, 1129 
1721987478587.00, 43767, -504856, 1116 
1721987478609.00, 43654, -503911, 1131 
1721987478630.00, 43656, -502961, 1117 
1721987478652.00, 43604, -502010, 1125 
1721987478674.00, 43629, -501059, 1122 
1721987478695.00, 43844, -500115, 1116 
1721987478717.00, 43753, -499154, 1121 
1721987478739.00, 43695, -498198, 1131 
1721987478761.00, 43640, -497253, 1141 
1721987478782.00, 43587, -496301, 1154 
1721987478804.00, 43781, -495352, 1160 
1721987478830.00, 43785, -494404, 1177 
1721987478847.00, 43566, -493461, 1176 
1721987478869.00, 43478, -492502, 1187 
1721987478891.00, 43604, -491551, 1181 
1721987478912.00, 43774, -490604, 1191 
1721987478935.00, 43621, -489652, 1203 
1721987478957.00, 43591, -488699, 1202 
1721987478978.00, 43828, -487751, 1203 
1721987479000.00, 43677, -486807, 1201 
1721987479021.00, 43453, -485850, 1206 
1721987479046.00, 43548, -484899, 1197 
1721987479065.00, 43807, -483960, 1197 
1721987479086.00, 43758, -483002, 1190 
1721987479108.00, 43475, -482048, 1184 
1721987479130.00, 43408, -481099, 1184 
1721987479154.00, 43525, -480161, 1173 
1721987479173.00, 43548, -479211, 1168 
1721987479195.00, 43678, -478263, 1163 
1721987479217.00, 43889, -477320, 1160 
1721987479239.00, 43741, -476363, 1140 
1721987479260.00, 43596, -475410, 1134 
1721987479282.00, 43576, -474462, 1140 
1721987479304.00, 43550, -473516, 1142 
1721987479325.00, 43771, -472563, 1135 
1721987479347.00, 43839, -471613, 1133 
1721987479373.00, 43638, -470670, 1139 
1721987479391.00, 43407, -469713, 1142 
1721987479413.00, 43552, -468766, 1134 
1721987479434.00, 43622, -467824, 1138 
1721987479456.00, 43742, -466870, 1134 
1721987479479.00, 43617, -465914, 1126 
1721987479499.00, 43727, -464963, 1120 
1721987479521.00, 43701, -464020, 1112 
1721987479543.00, 43480, -463065, 1102 
1721987479564.00, 43716, -462115, 1107 
1721987479586.00, 43986, -461176, 1096 
1721987479608.00, 43677, -460222, 1096 
1721987479630.00, 43591, -459271, 1097 
1721987479651.00, 43370, -458317, 1107 
1721987479673.00, 43546, -457372, 1110 
1721987479696.00, 43748, -456421, 1113 
1721987479717.00, 43674, -455472, 1105 
1721987479738.00, 43555, -454531, 1099 
1721987479760.00, 43616, -453577, 1094 
1721987479782.00, 43537, -452628, 1089 
1721987479803.00, 43393, -451679, 1084 
1721987479826.00, 43522, -450732, 1076 
1721987479847.00, 43795, -449780, 1069 
1721987479869.00, 43735, -448830, 1064 
1721987479890.00, 43493, -447887, 1056 
1721987479912.00, 43478, -446935, 1045 
1721987479934.00, 43618, -445987, 1029 
1721987479955.00, 43638, -445044, 1016 
1721987479977.00, 43453, -444095, 993 
1721987479999.00, 43648, -443148, 988 
1721987480020.00, 43668, -442207, 973 
1721987480042.00, 43514, -441263, 959 
1721987480063.00, 43640, -440312, 958 
1721987480085.00, 43899, -439368, 947 
1721987480107.00, 43721, -438427, 953 
1721987480129.00, 43669, -437479, 944 
1721987480150.00, 43697, -436534, 942 
1721987480172.00, 43553, -435586, 935 
1721987480194.00, 43554, -434644, 929 
1721987480215.00, 43722, -433693, 918 
1721987480237.00, 43779, -432747, 906 
1721987480258.00, 43568, -431806, 903 
1721987480280.00, 24834, -430859, 887 
1721987480302.00, 13558, -430298, 890 
1721987480323.00, 7016, -429988, 911 
1721987480345.00, 3070, -429833, 921 
1721987480366.00, 719, -429766, 923 
1721987480388.00, -56, -429750, 882 
1721987480409.00, -750, -429753, 821 
1721987480431.00, -1645, -429766, 725 
1721987480451.00, -2277, -429804, 559 
1721987480473.00, -2471, -429862, 359 
1721987480495.00, -2615, -429925, 206 
1721987480516.00, -2559, -429989, 85 
1721987480538.00, -2397, -430059, -18 
1721987480559.00, -3438, -430117, -99 
1721987480585.00, -8873, -430193, -166 
1721987480603.00, -15879, -430383, -218 
1721987480624.00, -23301, -430728, -284 
1721987480646.00, -31651, -431233, -279 
1721987480667.00, -36362, -431912, -367 
1721987480689.00, -41021, -432687, -359 
1721987480711.00, -43796, -433577, -417 
1721987480732.00, -43748, -434534, -440 
1721987480754.00, -43775, -435481, -457 
1721987480775.00, -43731, -436424, -472 
1721987480797.00, -43799, -437376, -507 
1721987480818.00, -43594, -438331, -527 
1721987480840.00, -43698, -439269, -535 
1721987480862.00, -43777, -440219, -555 
1721987480883.00, -43831, -441173, -566 
1721987480905.00, -43467, -442115, -555 
1721987480926.00, -43828, -443058, -561 
1721987480948.00, -43612, -444007, -573 
1721987480970.00, -43535, -444960, -575 
1721987480991.00, -43662, -445896, -589 
1721987481018.00, -43788, -446848, -617 
1721987481035.00, -43728, -447799, -666 
1721987481057.00, -43728, -448740, -653 
1721987481078.00, -43664, -449682, -659 
1721987481099.00, -43613, -450637, -669 
1721987481122.00, -43675, -451590, -671 
1721987481143.00, -43754, -452534, -696 
1721987481165.00, -43565, -453482, -712 
1721987481187.00, -43562, -454433, -702 
1721987481208.00, -43746, -455374, -722 
1721987481230.00, -43735, -456314, -724 
1721987481251.00, -43668, -457268, -751 
1721987481273.00, -43659, -458220, -761 
1721987481294.00, -43755, -459159, -757 
1721987481317.00, -43732, -460107, -786 
1721987481337.00, -43641, -461065, -782 
1721987481359.00, -43779, -461999, -763 
1721987481381.00, -43681, -462943, -778 
1721987481403.00, -43635, -463891, -785 
1721987481424.00, -43691, -464838, -775 
1721987481446.00, -43986, -465776, -755 
1721987481468.00, -43432, -466732, -780 
1721987481489.00, -43507, -467687, -796 
1721987481511.00, -43588, -468626, -787 
1721987481532.00, -43670, -469566, -789 
1721987481554.00, -43700, -470517, -808 
1721987481575.00, -43812, -471463, -808 
1721987481597.00, -43430, -472400, -787 
1721987481619.00, -43548, -473351, -804 
1721987481641.00, -43677, -474300, -806 
1721987481662.00, -43567, -475238, -805 
1721987481684.00, -43599, -476183, -805 
1721987481705.00, -43761, -477138, -804 
1721987481727.00, -43417, -478083, -814 
1721987481749.00, -43394, -479021, -803 
1721987481770.00, -43629, -479969, -811 
1721987481793.00, -43597, -480915, -823 
1721987481814.00, -43683, -481848, -786 
1721987481835.00, -43793, -482794, -770 
1721987481858.00, -43651, -483753, -797 
1721987481878.00, -43655, -484699, -784 
1721987481901.00, -43714, -485637, -756 
1721987481922.00, -43602, -486590, -767 
1721987481943.00, -43567, -487539, -774 
1721987481965.00, -43741, -488473, -762 
1721987481986.00, -43766, -489418, -765 
1721987482009.00, -43584, -490374, -781 
1721987482030.00, -43711, -491321, -797 
1721987482052.00, -43685, -492261, -770 
1721987482074.00, -43783, -493217, -788 
1721987482095.00, -43757, -494166, -806 
1721987482121.00, -43611, -495100, -780 
1721987482138.00, -43471, -496046, -781 
1721987482160.00, -43705, -497000, -783 
1721987482181.00, -43673, -497936, -788 
1721987482203.00, -43648, -498880, -790 
1721987482227.00, -43698, -499838, -791 
1721987482247.00, -43639, -500788, -813 
1721987482268.00, -43728, -501728, -811 
1721987482289.00, -43580, -502675, -810 
1721987482312.00, -43797, -503630, -800 
1721987482333.00, -43747, -504569, -811 
1721987482355.00, -43636, -505508, -807 
1721987482377.00, -43791, -506464, -798 
1721987482398.00, -43806, -507409, -810 
1721987482420.00, -43429, -508352, -817 
1721987482441.00, -43513, -509301, -827 
1721987482463.00, -43671, -510253, -817 
1721987482485.00, -43627, -511193, -839 
1721987482506.00, -43601, -512137, -848 
1721987482528.00, -43739, -513088, -843 
1721987482553.00, -43661, -514032, -845 
1721987482572.00, -43859, -514971, -865 
1721987482593.00, -43768, -515922, -865 
1721987482614.00, -43757, -516879, -852 
1721987482636.00, -43641, -517820, -864 
1721987482659.00, -43756, -518767, -866 
1721987482680.00, -43655, -519722, -863 
1721987482701.00, -43557, -520659, -848 
1721987482722.00, -43799, -521600, -872 
1721987482744.00, -43716, -522551, -876 
1721987482766.00, -43524, -523504, -872 
1721987482788.00, -43617, -524442, -871 
1721987482809.00, -43685, -525392, -881 
1721987482831.00, -43685, -526343, -871 
1721987482852.00, -43851, -527283, -857 
1721987482874.00, -43582, -528225, -879 
1721987482896.00, -43530, -529176, -887 
1721987482918.00, -43446, -530123, -862 
1721987482939.00, -43570, -531059, -845 
1721987482960.00, -43505, -532005, -869 
1721987482988.00, -43751, -532961, -874 
1721987483004.00, -43795, -533902, -869 
1721987483026.00, -43670, -534845, -854 
1721987483047.00, -43611, -535800, -864 
1721987483069.00, -43799, -536747, -855 
1721987483091.00, -43759, -537685, -843 
1721987483112.00, -43530, -538631, -844 
1721987483133.00, -43670, -539583, -844 
1721987483155.00, -43700, -540523, -836 
1721987483177.00, -43551, -541468, -838 
1721987483200.00, -43647, -542422, -851 
1721987483220.00, -43761, -543371, -855 
1721987483242.00, -43681, -544308, -843 
1721987483263.00, -43706, -545255, -841 
1721987483284.00, -43627, -546204, -862 
1721987483309.00, -43458, -547145, -846 
1721987483328.00, -43528, -548088, -836 
1721987483350.00, -43682, -549043, -846 
1721987483372.00, -43615, -549989, -844 
1721987483394.00, -43510, -550930, -828 
1721987483418.00, -43611, -551877, -824 
1721987483437.00, -43583, -552825, -830 
1721987483458.00, -43696, -553763, -829 
1721987483480.00, -43846, -554705, -812 
1721987483501.00, -43779, -555661, -839 
1721987483525.00, -43632, -556604, -849 
1721987483545.00, -43683, -557548, -835 
1721987483566.00, -43631, -558497, -832 
1721987483588.00, -43643, -559448, -842 
1721987483610.00, -43736, -560385, -837 
1721987483632.00, -43834, -561332, -816 
1721987483653.00, -43703, -562285, -830 
1721987483675.00, -43554, -563228, -833 
1721987483696.00, -43604, -564168, -822 
1721987483718.00, -43584, -565120, -829 
1721987483740.00, -43660, -566071, -840 
1721987483761.00, -43796, -567009, -824 
1721987483783.00, -43574, -567957, -814 
1721987483805.00, -43600, -568909, -825 
1721987483826.00, -43707, -569848, -805 
1721987483848.00, -43745, -570788, -789 
1721987483869.00, -43476, -571736, -804 
1721987483890.00, -43677, -572685, -794 
1721987483912.00, -43625, -573625, -780 
1721987483934.00, -43474, -574572, -796 
1721987483956.00, -43544, -575527, -799 
1721987483977.00, -43718, -576462, -774 
1721987483999.00, -43665, -577402, -773 
1721987484021.00, -43771, -578349, -778 
1721987484042.00, -43616, -579299, -773 
1721987484064.00, -43361, -580238, -765 
1721987484085.00, -43576, -581184, -760 
1721987484108.00, -43592, -582139, -760 
1721987484129.00, -43510, -583079, -763 
1721987484151.00, -43567, -584020, -752 
1721987484173.00, -43543, -584967, -733 
1721987484199.00, -43569, -585911, -707 
1721987484215.00, -43681, -586847, -698 
1721987484237.00, -43663, -587795, -687 
1721987484259.00, -43603, -588744, -676 
1721987484280.00, -43740, -589685, -680 
1721987484302.00, -43638, -590626, -657 
1721987484324.00, -43577, -591575, -641 
1721987484346.00, -43577, -592519, -620 
1721987484367.00, -43609, -593456, -577 
1721987484388.00, -24737, -594394, -525 
1721987484410.00, -13536, -594956, -496 
1721987484432.00, -6540, -595259, -452 
1721987484454.00, -2636, -595412, -390 
1721987484475.00, -374, -595469, -332 
1721987484497.00, 199, -595478, -266 
1721987484518.00, 1085, -595471, -173 
1721987484540.00, 1641, -595443, -64 
1721987484560.00, 2029, -595403, 22 
1721987484583.00, 3564, -595351, 103 
1721987484604.00, 9374, -595263, 202 
1721987484626.00, 18584, -595065, 265 
1721987484647.00, 28033, -594663, 310 
1721987484669.00, 36312, -594064, 358 
1721987484691.00, 41103, -593290, 386 
1721987484713.00, 43715, -592407, 380 
1721987484734.00, 43773, -591457, 410 
1721987484755.00, 43582, -590502, 427 
1721987484777.00, 43739, -589562, 434 
1721987484799.00, 43670, -588616, 446 
1721987484820.00, 43682, -587664, 469 
1721987484843.00, 43702, -586713, 489 
1721987484864.00, 43831, -585772, 501 
1721987484886.00, 43669, -584824, 516 
1721987484908.00, 43729, -583877, 532 
1721987484929.00, 43823, -582929, 566 
1721987484952.00, 43683, -581982, 612 
1721987484971.00, 43772, -581025, 607 
1721987484994.00, 43838, -580072, 653 
1721987485015.00, 43619, -579128, 684 
1721987485036.00, 43575, -578181, 697 
1721987485058.00, 43793, -577231, 725 
1721987485080.00, 43693, -576292, 755 
1721987485102.00, 43766, -575347, 772 
1721987485124.00, 43748, -574394, 781 
1721987485145.00, 43782, -573445, 804 
1721987485168.00, 43420, -572499, 800 
1721987485188.00, 43400, -571551, 811 
1721987485210.00, 43563, -570606, 819 
1721987485231.00, 43574, -569671, 801 
1721987485253.00, 43435, -568727, 812 
1721987485277.00, 43588, -567778, 815 
1721987485296.00, 43524, -566835, 804 
1721987485318.00, 43656, -565894, 802 
1721987485340.00, 43704, -564946, 793 
1721987485362.00, 43622, -563995, 819 
1721987485383.00, 43631, -563050, 823 
1721987485404.00, 43782, -562106, 842 
1721987485426.00, 43598, -561157, 849 
1721987485448.00, 43449, -560206, 875 
1721987485470.00, 43687, -559269, 897 
1721987485491.00, 43753, -558321, 887 
1721987485512.00, 43512, -557371, 907 
1721987485534.00, 43700, -556423, 922 
1721987485557.00, 43669, -555480, 920 
1721987485578.00, 43621, -554527, 937 
1721987485600.00, 43828, -553580, 948 
1721987485621.00, 43757, -552646, 953 
1721987485643.00, 43553, -551693, 946 
1721987485665.00, 43606, -550746, 944 
1721987485685.00, 43587, -549804, 925 
1721987485708.00, 43509, -548857, 933 
1721987485729.00, 43785, -547904, 927 
1721987485750.00, 43722, -546962, 910 
1721987485772.00, 43653, -546026, 900 
1721987485794.00, 43569, -545075, 901 
1721987485815.00, 43624, -544128, 886 
1721987485841.00, 43517, -543189, 881 
1721987485859.00, 43792, -542246, 857 
1721987485880.00, 43698, -541291, 850 
1721987485902.00, 43644, -540346, 835 
1721987485924.00, 43567, -539406, 834 
1721987485946.00, 43614, -538454, 848 
1721987485968.00, 43689, -537508, 845 
1721987485988.00, 43594, -536568, 858 
1721987486011.00, 43626, -535622, 838 
1721987486032.00, 43667, -534670, 861 
1721987486053.00, 43734, -533722, 867 
1721987486075.00, 43677, -532780, 872 
1721987486097.00, 43726, -531824, 890 
1721987486118.00, 43701, -530870, 917 
1721987486140.00, 43732, -529933, 914 
1721987486162.00, 43794, -528979, 946 
1721987486183.00, 43638, -528031, 955 
1721987486205.00, 43399, -527091, 954 
1721987486227.00, 43561, -526149, 978 
1721987486248.00, 43821, -525199, 988 
1721987486275.00, 43585, -524252, 1003 
1721987486292.00, 43716, -523301, 1004 
1721987486314.00, 43737, -522348, 1032 
1721987486335.00, 43523, -521394, 1025 
1721987486357.00, 43610, -520448, 1026 
1721987486382.00, 43888, -519509, 1020 
1721987486400.00, 43738, -518552, 1019 
1721987486422.00, 43682, -517600, 1017 
1721987486444.00, 43397, -516657, 1011 
1721987486466.00, 43469, -515696, 997 
1721987486488.00, 43686, -514750, 985 
1721987486509.00, 43677, -513814, 978 
1721987486530.00, 43630, -512869, 983 
1721987486552.00, 43707, -511921, 973 
1721987486574.00, 43555, -510975, 971 
1721987486596.00, 43342, -510037, 975 
1721987486617.00, 43558, -509079, 993 
1721987486638.00, 43621, -508138, 980 
1721987486661.00, 43711, -507195, 993 
1721987486682.00, 43699, -506247, 995 
1721987486706.00, 43556, -505295, 996 
1721987486725.00, 43588, -504350, 1009 
1721987486746.00, 43919, -503410, 1020 
1721987486769.00, 43871, -502450, 1041 
1721987486791.00, 43655, -501499, 1063 
1721987486817.00, 43508, -500553, 1077 
1721987486834.00, 43522, -499598, 1092 
1721987486855.00, 43625, -498642, 1096 
1721987486877.00, 43787, -497693, 1093 
1721987486899.00, 43749, -496751, 1092 
1721987486921.00, 43593, -495793, 1080 
1721987486943.00, 43809, -494847, 1077 
1721987486964.00, 43660, -493906, 1079 
1721987486986.00, 43538, -492950, 1073 
1721987487007.00, 43742, -491997, 1077 
1721987487030.00, 43834, -491046, 1073 
1721987487052.00, 43768, -490098, 1070 
1721987487073.00, 43584, -489145, 1069 
1721987487095.00, 43388, -488193, 1076 
1721987487117.00, 43577, -487255, 1085 
1721987487139.00, 43803, -486304, 1084 
1721987487160.00, 43694, -485350, 1092 
1721987487181.00, 43561, -484399, 1102 
1721987487204.00, 43639, -483448, 1106 
1721987487225.00, 43591, -482491, 1113 
1721987487250.00, 43763, -481538, 1119 
1721987487269.00, 43848, -480601, 1121 
1721987487291.00, 43731, -479644, 1131 
1721987487312.00, 43776, -478695, 1131 
1721987487333.00, 43604, -477747, 1150 
1721987487356.00, 43590, -476798, 1144 
1721987487376.00, 43723, -475839, 1155 
1721987487399.00, 43915, -474890, 1145 
1721987487421.00, 43625, -473947, 1147 
1721987487442.00, 43513, -472991, 1147 
1721987487464.00, 43437, -472040, 1146 
1721987487486.00, 43537, -471101, 1132 
1721987487507.00, 43706, -470153, 1121 
1721987487529.00, 43624, -469203, 1108 
1721987487551.00, 43862, -468254, 1093 
1721987487577.00, 43732, -467307, 1094 
1721987487595.00, 43550, -466349, 1072 
1721987487616.00, 43410, -465397, 1054 
1721987487638.00, 43688, -464456, 1055 
1721987487659.00, 43803, -463503, 1042 
1721987487681.00, 43655, -462557, 1036 
1721987487703.00, 43487, -461612, 1038 
1721987487724.00, 43626, -460667, 1027 
1721987487747.00, 43735, -459714, 1028 
1721987487768.00, 43738, -458764, 1025 
1721987487790.00, 43453, -457817, 1013 
1721987487811.00, 43604, -456862, 1014 
1721987487833.00, 43671, -455913, 1006 
1721987487855.00, 43511, -454969, 995 
1721987487876.00, 43518, -454029, 990 
1721987487900.00, 43791, -453083, 973 
1721987487920.00, 43873, -452139, 956 
1721987487941.00, 43470, -451194, 951 
1721987487967.00, 43567, -450242, 933 
1721987487985.00, 43445, -449299, 919 
1721987488007.00, 43453, -448358, 914 
1721987488029.00, 43711, -447416, 908 
1721987488049.00, 43626, -446471, 903 
1721987488071.00, 43600, -445523, 895 
1721987488093.00, 43688, -444586, 899 
1721987488114.00, 43516, -443635, 897 
1721987488136.00, 43682, -442688, 893 
1721987488157.00, 43863, -441748, 884 
1721987488179.00, 43483, -440801, 867 
1721987488201.00, 43534, -439853, 856 
1721987488222.00, 43521, -438909, 858 
1721987488244.00, 43386, -437971, 856 
1721987488266.00, 43614, -437024, 842 
1721987488287.00, 43677, -436081, 836 
1721987488309.00, 43562, -435140, 824 
1721987488331.00, 43616, -434191, 816 
1721987488352.00, 43703, -433245, 813 
1721987488375.00, 43718, -432299, 803 
1721987488396.00, 24823, -431363, 793 
1721987488418.00, 13743, -430795, 795 
1721987488439.00, 6979, -430485, 797 
1721987488463.00, 3153, -430324, 812 
1721987488482.00, 789, -430254, 847 
1721987488504.00, -61, -430237, 838 
1721987488525.00, -670, -430238, 797 
1721987488546.00, -1539, -430247, 717 
1721987488568.00, -2194, -430282, 585 
1721987488589.00, -2582, -430334, 440 
1721987488610.00, -2709, -430401, 283 
1721987488631.00, -2720, -430465, 169 
1721987488653.00, -2632, -430532, 60 
1721987488674.00, -2585, -430607, -46 
1721987488696.00, -5124, -430669, -146 
1721987488718.00, -12499, -430780, -192 
1721987488739.00, -19575, -431053, -269 
1721987488761.00, -28304, -431481, -306 
1721987488783.00, -35930, -432090, -317 
1721987488804.00, -40866, -432860, -414 
1721987488826.00, -43759, -433743, -387 
1721987488847.00, -43891, -434702, -439 
1721987488869.00, -43688, -435646, -459 
1721987488894.00, -43674, -436591, -494 
1721987488912.00, -43847, -437547, -537 
1721987488934.00, -43696, -438498, -548 
1721987488956.00, -43767, -439436, -557 
1721987488978.00, -43468, -440385, -569 
1721987489000.00, -43862, -441339, -585 
1721987489022.00, -43688, -442280, -601 
1721987489042.00, -43392, -443227, -589 
1721987489064.00, -43696, -444179, -561 
1721987489086.00, -43788, -445126, -570 
1721987489107.00, -43575, -446062, -560 
1721987489129.00, -43737, -447009, -566 
1721987489151.00, -43761, -447966, -592 
1721987489172.00, -43638, -448903, -613 
1721987489194.00, -43637, -449850, -614 
1721987489218.00, -43796, -450808, -624 
1721987489237.00, -43828, -451757, -640 
1721987489258.00, -43646, -452700, -658 
1721987489280.00, -43669, -453652, -665 
1721987489302.00, -43691, -454602, -664 
1721987489326.00, -43774, -455538, -675 
1721987489346.00, -43609, -456483, -673 
1721987489366.00, -43788, -457438, -680 
1721987489388.00, -43743, -458385, -683 
1721987489410.00, -43596, -459326, -706 
1721987489432.00, -43742, -460276, -689 
1721987489453.00, -43720, -461232, -699 
1721987489476.00, -43603, -462166, -694 
1721987489496.00, -43935, -463108, -681 
1721987489518.00, -43739, -464063, -705 
1721987489540.00, -43626, -465007, -718 
1721987489562.00, -43699, -465951, -720 
1721987489584.00, -43812, -466909, -734 
1721987489605.00, -43604, -467862, -757 
1721987489627.00, -43604, -468800, -758 
1721987489648.00, -43814, -469743, -749 
1721987489670.00, -43686, -470702, -764 
1721987489692.00, -43516, -471642, -751 
1721987489713.00, -43698, -472580, -737 
1721987489735.00, -43734, -473535, -774 
1721987489757.00, -43695, -474483, -769 
1721987489779.00, -43703, -475420, -762 
1721987489799.00, -43604, -476375, -765 
1721987489821.00, -43686, -477329, -758 
1721987489842.00, -43548, -478269, -761 
1721987489864.00, -43720, -479208, -732 
1721987489886.00, -43609, -480160, -725 
1721987489908.00, -43736, -481102, -720 
1721987489930.00, -43781, -482041, -710 
1721987489950.00, -43662, -482990, -716 
1721987489972.00, -43584, -483946, -723 
1721987489994.00, -43758, -484890, -725 
1721987490016.00, -43758, -485832, -724 
1721987490038.00, -43542, -486787, -733 
1721987490059.00, -43703, -487730, -724 
1721987490080.00, -43795, -488672, -728 
1721987490103.00, -43581, -489619, -747 
1721987490124.00, -43677, -490570, -752 
1721987490145.00, -43751, -491516, -756 
1721987490167.00, -43710, -492462, -750 
1721987490189.00, -43480, -493418, -755 
1721987490219.00, -43546, -494361, -749 
1721987490233.00, -43636, -495296, -750 
1721987490254.00, -43638, -496243, -775 
1721987490276.00, -43764, -497196, -773 
1721987490297.00, -43698, -498131, -769 
1721987490319.00, -43440, -499079, -777 
1721987490341.00, -43560, -500037, -781 
1721987490362.00, -43632, -500979, -780 
1721987490384.00, -43483, -501921, -772 
1721987490406.00, -43620, -502867, -771 
1721987490428.00, -43807, -503818, -764 
1721987490449.00, -43600, -504754, -754 
1721987490471.00, -43668, -505698, -763 
1721987490492.00, -43724, -506649, -740 
1721987490514.00, -43597, -507593, -741 
1721987490535.00, -43597, -508537, -754 
1721987490557.00, -43624, -509491, -764 
1721987490578.00, -43733, -510439, -758 
1721987490601.00, -43558, -511379, -756 
1721987490621.00, -43582, -512325, -771 
1721987490643.00, -43617, -513273, -760 
1721987490665.00, -43595, -514212, -761 
1721987490687.00, -43723, -515156, -764 
1721987490709.00, -43705, -516112, -771 
1721987490730.00, -43601, -517062, -762 
1721987490754.00, -43750, -518003, -763 
1721987490774.00, -43776, -518952, -776 
1721987490795.00, -43539, -519904, -770 
1721987490817.00, -43705, -520840, -761 
1721987490838.00, -43707, -521784, -785 
1721987490863.00, -43418, -522739, -788 
1721987490881.00, -43483, -523684, -769 
1721987490903.00, -43799, -524625, -792 
1721987490925.00, -43607, -525575, -824 
1721987490946.00, -43799, -526529, -809 
1721987490969.00, -43659, -527464, -790 
1721987490990.00, -43500, -528410, -817 
1721987491011.00, -43577, -529361, -823 
1721987491033.00, -43690, -530305, -826 
1721987491055.00, -43656, -531246, -854 
1721987491078.00, -43498, -532198, -852 
1721987491098.00, -43742, -533149, -824 
1721987491119.00, -43662, -534091, -850 
1721987491141.00, -43549, -535038, -863 
1721987491163.00, -43733, -535993, -861 
1721987491186.00, -43687, -536934, -849 
1721987491207.00, -43720, -537877, -863 
1721987491228.00, -43654, -538827, -866 
1721987491250.00, -43641, -539776, -851 
1721987491271.00, -43534, -540716, -852 
1721987491300.00, -43623, -541666, -858 
1721987491314.00, -43706, -542617, -864 
1721987491336.00, -43805, -543559, -841 
1721987491358.00, -43469, -544500, -848 
1721987491379.00, -43537, -545451, -877 
1721987491401.00, -43502, -546397, -881 
1721987491423.00, -43799, -547331, -850 
1721987491444.00, -43721, -548279, -867 
1721987491466.00, -43777, -549234, -878 
1721987491487.00, -43408, -550181, -854 
1721987491509.00, -43626, -551122, -847 
1721987491530.00, -43722, -552071, -884 
1721987491552.00, -43436, -553019, -890 
1721987491574.00, -43568, -553957, -865 
1721987491595.00, -43706, -554900, -858 
1721987491617.00, -43425, -555854, -869 
1721987491638.00, -43516, -556793, -861 
1721987491660.00, -43674, -557734, -827 
1721987491682.00, -43733, -558681, -838 
1721987491704.00, -43705, -559632, -848 
1721987491726.00, -43687, -560573, -848 
1721987491747.00, -43614, -561519, -830 
1721987491768.00, -43688, -562472, -841 
1721987491790.00, -43681, -563410, -848 
1721987491812.00, -43567, -564354, -835 
1721987491833.00, -43702, -565305, -833 
1721987491855.00, -43772, -566254, -831 
1721987491877.00, -43655, -567194, -812 
1721987491898.00, -43515, -568139, -793 
1721987491920.00, -43697, -569092, -797 
1721987491942.00, -43494, -570027, -791 
1721987491964.00, -43603, -570971, -767 
1721987491985.00, -43787, -571916, -765 
1721987492007.00, -43411, -572864, -779 
1721987492028.00, -43296, -573806, -758 
1721987492050.00, -43595, -574750, -730 
1721987492071.00, -43490, -575695, -729 
1721987492093.00, -43501, -576634, -708 
1721987492115.00, -43604, -577573, -682 
1721987492136.00, -43485, -578521, -672 
1721987492158.00, -43622, -579463, -680 
1721987492180.00, -43710, -580403, -676 
1721987492202.00, -43572, -581356, -666 
1721987492224.00, -43678, -582308, -678 
1721987492245.00, -43776, -583248, -678 
1721987492266.00, -43612, -584196, -667 
1721987492287.00, -43706, -585146, -686 
1721987492310.00, -43701, -586089, -691 
1721987492331.00, -43723, -587028, -679 
1721987492353.00, -43625, -587981, -682 
1721987492374.00, -43767, -588929, -665 
1721987492396.00, -43592, -589870, -654 
1721987492418.00, -43612, -590811, -628 
1721987492439.00, -43654, -591759, -603 
1721987492461.00, -43675, -592697, -558 
1721987492483.00, -43552, -593634, -499 
1721987492505.00, -24610, -594576, -472 
1721987492526.00, -13225, -595138, -419 
1721987492548.00, -6576, -595440, -385 
1721987492569.00, -2698, -595591, -362 
1721987492590.00, -368, -595653, -352 
1721987492613.00, 114, -595665, -310 
1721987492634.00, 1008, -595662, -257 
1721987492655.00, 1660, -595641, -177 
1721987492677.00, 2155, -595601, -89 
1721987492698.00, 2346, -595550, -5 
1721987492721.00, 2490, -595493, 85 
1721987492741.00, 7282, -595426, 188 
1721987492763.00, 16289, -595264, 261 
1721987492784.00, 26132, -594912, 314 
1721987492806.00, 35298, -594346, 366 
1721987492829.00, 40852, -593594, 370 
1721987492850.00, 43732, -592714, 498 
1721987492871.00, 43760, -591773, 464 
1721987492892.00, 43977, -590818, 483 
1721987492915.00, 43630, -589869, 538 
1721987492938.00, 43751, -588925, 557 
1721987492958.00, 43674, -587972, 580 
1721987492979.00, 43719, -587022, 621 
1721987493000.00, 43725, -586075, 649 
1721987493023.00, 43570, -585132, 667 
1721987493048.00, 43768, -584179, 679 
1721987493066.00, 43700, -583233, 693 
1721987493087.00, 43549, -582291, 712 
1721987493109.00, 43602, -581337, 721 
1721987493131.00, 43754, -580384, 726 
1721987493156.00, 43525, -579442, 740 
1721987493174.00, 43823, -578498, 754 
1721987493196.00, 43722, -577548, 743 
1721987493217.00, 43611, -576604, 754 
1721987493239.00, 43758, -575663, 763 
1721987493262.00, 43849, -574711, 772 
1721987493282.00, 43672, -573759, 777 
1721987493304.00, 43513, -572812, 792 
1721987493325.00, 43833, -571869, 794 
1721987493347.00, 43729, -570921, 800 
1721987493369.00, 43582, -569975, 804 
1721987493390.00, 43761, -569036, 813 
1721987493412.00, 43681, -568084, 806 
1721987493433.00, 43579, -567137, 783 
1721987493455.00, 43730, -566195, 770 
1721987493477.00, 43768, -565254, 734 
1721987493499.00, 43585, -564300, 748 
1721987493520.00, 43727, -563354, 736 
1721987493542.00, 43601, -562417, 725 
1721987493563.00, 43643, -561467, 727 
1721987493585.00, 43638, -560515, 756 
1721987493607.00, 43662, -559577, 757 
1721987493629.00, 43814, -558633, 763 
1721987493650.00, 43576, -557681, 801 
1721987493671.00, 43771, -556733, 812 
1721987493693.00, 43769, -555790, 834 
1721987493715.00, 43542, -554837, 874 
1721987493737.00, 43665, -553889, 881 
1721987493758.00, 43754, -552951, 894 
1721987493779.00, 43518, -552004, 909 
1721987493802.00, 43706, -551054, 899 
1721987493823.00, 43757, -550108, 911 
1721987493844.00, 43597, -549166, 910 
1721987493866.00, 43697, -548216, 879 
1721987493888.00, 43594, -547266, 865 
1721987493909.00, 43479, -546332, 819 
1721987493931.00, 43743, -545390, 789 
1721987493953.00, 43725, -544445, 779 
1721987493974.00, 43590, -543501, 771 
1721987493996.00, 43780, -542561, 796 
1721987494018.00, 43700, -541607, 804 
1721987494039.00, 43775, -540657, 816 
1721987494060.00, 43715, -539715, 837 
1721987494083.00, 43766, -538766, 855 
1721987494104.00, 43747, -537813, 878 
1721987494126.00, 43577, -536872, 876 
1721987494148.00, 43597, -535931, 885 
1721987494169.00, 43675, -534974, 888 
1721987494191.00, 43598, -534029, 876 
1721987494213.00, 43704, -533089, 883 
1721987494234.00, 43707, -532138, 866 
1721987494256.00, 43456, -531187, 871 
1721987494277.00, 43584, -530244, 871 
1721987494299.00, 43639, -529304, 861 
1721987494321.00, 43486, -528353, 873 
1721987494342.00, 43766, -527406, 882 
1721987494366.00, 43716, -526472, 901 
1721987494386.00, 43513, -525520, 905 
1721987494407.00, 43596, -524570, 921 
1721987494429.00, 43830, -523625, 936 
1721987494450.00, 43816, -522677, 941 
1721987494474.00, 43685, -521724, 950 
1721987494494.00, 43829, -520781, 947 
1721987494515.00, 43659, -519844, 952 
1721987494536.00, 43455, -518893, 951 
1721987494558.00, 43732, -517945, 965 
1721987494580.00, 43691, -517003, 973 
1721987494602.00, 43583, -516055, 953 
1721987494623.00, 43705, -515097, 967 
1721987494645.00, 43475, -514152, 976 
1721987494667.00, 43377, -513217, 969 
1721987494689.00, 43749, -512269, 969 
1721987494710.00, 43711, -511322, 976 
1721987494732.00, 43435, -510380, 972 
1721987494753.00, 43634, -509431, 984 
1721987494775.00, 43673, -508484, 991 
1721987494798.00, 43542, -507535, 989 
1721987494819.00, 43817, -506595, 983 
1721987494840.00, 43750, -505643, 999 
1721987494862.00, 43661, -504694, 1005 
1721987494884.00, 43561, -503752, 1013 
1721987494907.00, 43590, -502797, 1013 
1721987494927.00, 43719, -501849, 1012 
1721987494948.00, 43773, -500898, 1009 
1721987494970.00, 43555, -499950, 1016 
1721987494992.00, 43451, -498990, 1022 
1721987495014.00, 43631, -498036, 1022 
1721987495035.00, 43732, -497099, 1034 
1721987495057.00, 43652, -496144, 1047 
1721987495078.00, 43815, -495191, 1059 
1721987495100.00, 43863, -494245, 1064 
1721987495122.00, 43708, -493300, 1079 
1721987495144.00, 43448, -492340, 1085 
1721987495166.00, 43556, -491386, 1089 
1721987495188.00, 43753, -490442, 1098 
1721987495209.00, 43712, -489489, 1089 
1721987495231.00, 43633, -488538, 1095 
1721987495253.00, 43497, -487592, 1089 
1721987495274.00, 43704, -486646, 1061 
1721987495296.00, 43601, -485699, 1044 
1721987495318.00, 43689, -484744, 1029 
1721987495342.00, 43745, -483802, 1010 
1721987495361.00, 43688, -482840, 996 
1721987495383.00, 43714, -481896, 982 
1721987495405.00, 43526, -480953, 983 
1721987495426.00, 43705, -480009, 973 
1721987495448.00, 43733, -479065, 971 
1721987495469.00, 43720, -478119, 966 
1721987495491.00, 43746, -477178, 951 
1721987495513.00, 43678, -476224, 955 
1721987495535.00, 43368, -475278, 946 
1721987495556.00, 43465, -474337, 948 
1721987495578.00, 43700, -473392, 941 
1721987495599.00, 43677, -472446, 927 
1721987495620.00, 43547, -471500, 934 
1721987495643.00, 43621, -470562, 927 
1721987495664.00, 43515, -469609, 942 
1721987495685.00, 43713, -468666, 943 
1721987495707.00, 43784, -467725, 944 
1721987495729.00, 43617, -466772, 943 
1721987495750.00, 43598, -465821, 949 
1721987495772.00, 43729, -464873, 935 
1721987495793.00, 43557, -463937, 936 
1721987495816.00, 43541, -462987, 924 
1721987495838.00, 43757, -462044, 916 
1721987495859.00, 43715, -461109, 907 
1721987495881.00, 43576, -460158, 887 
1721987495902.00, 43717, -459210, 889 
1721987495924.00, 43736, -458266, 892 
1721987495946.00, 43626, -457322, 895 
1721987495967.00, 43854, -456372, 888 
1721987495988.00, 43617, -455428, 882 
1721987496010.00, 43482, -454489, 872 
1721987496032.00, 43719, -453538, 862 
1721987496053.00, 43522, -452593, 859 
1721987496075.00, 43333, -451648, 859 
1721987496097.00, 43646, -450703, 863 
1721987496119.00, 43677, -449756, 855 
1721987496140.00, 43712, -448810, 849 
1721987496162.00, 43729, -447872, 844 
1721987496183.00, 43540, -446922, 838 
1721987496204.00, 43439, -445974, 836 
1721987496227.00, 43647, -445036, 833 
1721987496249.00, 43545, -444096, 814 
1721987496270.00, 43517, -443148, 808 
1721987496292.00, 43624, -442203, 804 
1721987496313.00, 43567, -441262, 800 
1721987496336.00, 43525, -440312, 801 
1721987496357.00, 43743, -439368, 799 
1721987496378.00, 43714, -438426, 805 
1721987496400.00, 43516, -437478, 796 
1721987496421.00, 43752, -436533, 793 
1721987496445.00, 43655, -435589, 789 
1721987496465.00, 43518, -434645, 781 
1721987496487.00, 43702, -433692, 770 
1721987496508.00, 43700, -432750, 762 
1721987496529.00, 43591, -431807, 756 
1721987496554.00, 24647, -430862, 741 
1721987496572.00, 13424, -430299, 733 
1721987496594.00, 6886, -429992, 744 
1721987496615.00, 2963, -429840, 749 
1721987496638.00, 618, -429774, 744 
1721987496658.00, -61, -429760, 714 
1721987496680.00, -926, -429762, 653 
1721987496701.00, -1657, -429777, 573 
1721987496722.00, -2199, -429815, 458 
1721987496745.00, -2325, -429866, 338 
1721987496765.00, -2430, -429923, 219 
1721987496787.00, -2465, -429981, 125 
1721987496809.00, -2448, -430044, 26 
1721987496830.00, -2452, -430107, -61 
1721987496852.00, -5776, -430163, -152 
1721987496878.00, -13332, -430293, -195 
1721987496895.00, -20434, -430580, -253 
1721987496916.00, -28079, -431022, -304 
1721987496938.00, -35830, -431629, -318 
1721987496960.00, -40624, -432394, -352 
1721987496982.00, -43584, -433272, -428 
1721987497003.00, -43615, -434217, -418 
1721987497024.00, -43673, -435168, -439 
1721987497046.00, -43792, -436110, -466 
1721987497068.00, -43686, -437062, -484 
1721987497089.00, -43539, -438017, -506 
1721987497111.00, -43811, -438956, -490 
1721987497133.00, -43679, -439900, -506 
1721987497155.00, -43554, -440850, -515 
1721987497177.00, -43660, -441800, -514 
1721987497197.00, -43900, -442732, -503 
1721987497220.00, -43703, -443685, -517 
1721987497241.00, -43702, -444641, -540 
1721987497263.00, -43767, -445579, -563 
1721987497284.00, -43882, -446527, -567 
1721987497306.00, -43638, -447480, -594 
1721987497328.00, -43771, -448426, -593 
1721987497349.00, -43691, -449361, -598 
1721987497371.00, -43539, -450314, -617 
1721987497392.00, -43714, -451273, -616 
1721987497414.00, -43686, -452210, -623 
1721987497436.00, -43497, -453160, -643 
1721987497457.00, -43563, -454110, -639 
1721987497479.00, -43697, -455049, -627 
1721987497500.00, -43578, -455986, -631 
1721987497522.00, -43657, -456938, -646 
1721987497544.00, -43802, -457889, -649 
1721987497565.00, -43464, -458828, -635 
1721987497586.00, -43697, -459773, -623 
1721987497609.00, -43748, -460723, -639 
1721987497630.00, -43613, -461666, -628 
1721987497652.00, -43611, -462602, -615 
1721987497673.00, -43738, -463553, -643 
1721987497695.00, -43594, -464504, -644 
1721987497717.00, -43616, -465440, -641 
1721987497738.00, -43720, -466390, -641 
1721987497760.00, -43550, -467347, -644 
1721987497782.00, -43544, -468289, -647 
1721987497804.00, -43712, -469232, -651 
1721987497825.00, -43632, -470182, -651 
1721987497847.00, -43550, -471131, -661 
1721987497868.00, -43673, -472067, -678 
1721987497890.00, -43732, -473009, -669 
1721987497912.00, -43530, -473962, -661 
1721987497933.00, -43683, -474905, -671 
1721987497954.00, -43677, -475849, -663 
1721987497977.00, -43739, -476800, -645 
1721987497998.00, -43767, -477752, -692 
1721987498019.00, -43709, -478690, -661 
1721987498041.00, -43512, -479636, -637 
1721987498063.00, -43577, -480588, -676 
1721987498085.00, -43564, -481527, -704 
1721987498106.00, -43436, -482465, -679 
1721987498128.00, -43630, -483420, -678 
1721987498149.00, -43801, -484372, -713 
1721987498171.00, -43468, -485311, -714 
1721987498193.00, -43685, -486256, -669 
1721987498215.00, -43688, -487208, -679 
1721987498236.00, -43558, -488146, -679 
1721987498258.00, -43615, -489083, -621 
1721987498279.00, -43690, -490035, -596 
1721987498302.00, -43645, -490979, -591 
1721987498323.00, -43785, -491923, -579 
1721987498345.00, -43687, -492875, -606 
1721987498366.00, -43641, -493827, -606 
1721987498387.00, -43660, -494765, -615 
1721987498415.00, -43773, -495709, -638 
1721987498431.00, -43737, -496664, -664 
1721987498453.00, -43697, -497609, -671 
1721987498474.00, -43840, -498548, -664 
1721987498495.00, -43757, -499506, -720 
1721987498520.00, -43385, -500461, -719 
1721987498539.00, -43686, -501401, -692 
1721987498561.00, -43698, -502343, -730 
1721987498582.00, -43407, -503303, -750 
1721987498604.00, -43546, -504244, -725 
1721987498628.00, -43800, -505178, -722 
1721987498648.00, -43595, -506128, -766 
1721987498669.00, -43646, -507085, -792 
1721987498690.00, -43646, -508022, -764 
1721987498712.00, -43589, -508968, -751 
1721987498734.00, -43585, -509925, -789 
1721987498756.00, -43733, -510865, -768 
1721987498777.00, -43688, -511804, -717 
1721987498798.00, -43433, -512754, -737 
1721987498820.00, -43672, -513698, -719 
1721987498844.00, -43734, -514632, -695 
1721987498864.00, -43549, -515580, -706 
1721987498885.00, -43735, -516539, -707 
1721987498907.00, -43749, -517481, -712 
1721987498928.00, -43661, -518427, -716 
1721987498955.00, -43707, -519381, -732 
1721987498971.00, -43689, -520325, -731 
1721987498993.00, -43582, -521264, -717 
1721987499015.00, -43628, -522210, -729 
1721987499037.00, -43688, -523165, -738 
1721987499060.00, -43767, -524106, -738 
1721987499080.00, -43464, -525052, -722 
1721987499102.00, -43618, -526006, -748 
1721987499123.00, -43596, -526951, -756 
1721987499144.00, -43733, -527888, -752 
1721987499167.00, -43711, -528837, -767 
1721987499188.00, -43845, -529790, -775 
1721987499210.00, -43415, -530726, -772 
1721987499231.00, -43611, -531671, -772 
1721987499253.00, -43717, -532626, -788 
1721987499279.00, -43501, -533573, -772 
1721987499296.00, -43621, -534513, -740 
1721987499318.00, -43746, -535463, -767 
1721987499340.00, -43481, -536418, -755 
1721987499361.00, -43487, -537352, -732 
1721987499385.00, -43706, -538293, -740 
1721987499405.00, -43600, -539246, -769 
1721987499426.00, -43669, -540192, -756 
1721987499447.00, -43759, -541133, -740 
1721987499469.00, -43631, -542088, -781 
1721987499491.00, -43621, -543040, -782 
1721987499513.00, -43816, -543978, -750 
1721987499535.00, -43726, -544919, -746 
1721987499556.00, -43569, -545874, -748 
1721987499578.00, -43801, -546812, -739 
1721987499599.00, -43703, -547756, -728 
1721987499621.00, -43507, -548708, -738 
1721987499642.00, -43747, -549663, -731 
1721987499664.00, -43765, -550603, -719 
1721987499685.00, -43781, -551546, -731 
1721987499707.00, -43750, -552502, -743 
1721987499729.00, -43719, -553441, -747 
1721987499751.00, -43740, -554386, -774 
1721987499773.00, -43645, -555337, -806 
1721987499794.00, -43801, -556286, -784 
1721987499815.00, -43813, -557229, -791 
1721987499838.00, -43473, -558178, -805 
1721987499859.00, -43606, -559131, -793 
1721987499881.00, -43765, -560069, -772 
1721987499902.00, -43397, -561009, -788 
1721987499924.00, -43517, -561959, -780 
1721987499945.00, -43650, -562902, -751 
1721987499967.00, -43574, -563841, -761 
1721987499989.00, -43671, -564789, -777 
1721987500011.00, -43782, -565744, -768 
1721987500033.00, -43509, -566687, -770 
1721987500054.00, -43602, -567630, -803 
1721987500075.00, -43778, -568582, -818 
1721987500097.00, -43615, -569530, -810 
1721987500119.00, -43483, -570471, -816 
1721987500141.00, -43683, -571415, -811 
1721987500162.00, -43692, -572364, -809 
1721987500183.00, -43688, -573310, -817 
1721987500205.00, -43721, -574254, -815 
1721987500227.00, -43790, -575207, -802 
1721987500249.00, -43640, -576152, -810 
1721987500270.00, -43574, -577093, -830 
1721987500291.00, -43634, -578038, -821 
1721987500313.00, -43545, -578986, -804 
1721987500335.00, -43617, -579922, -807 
1721987500357.00, -43675, -580868, -792 
1721987500378.00, -43516, -581823, -780 
1721987500400.00, -43587, -582769, -779 
1721987500422.00, -43665, -583707, -769 
1721987500443.00, -43649, -584655, -745 
1721987500465.00, -43635, -585604, -730 
1721987500487.00, -43637, -586541, -714 
1721987500508.00, -43633, -587484, -692 
1721987500530.00, -43640, -588433, -692 
1721987500551.00, -43671, -589377, -672 
1721987500573.00, -43648, -590316, -656 
1721987500595.00, -43736, -591265, -670 
1721987500616.00, -43747, -592215, -688 
1721987500638.00, -43799, -593156, -670 
1721987500660.00, -24995, -594095, -669 
1721987500681.00, -13655, -594666, -673 
1721987500702.00, -6998, -594978, -671 
1721987500724.00, -2954, -595138, -686 
1721987500746.00, -496, -595210, -695 
1721987500767.00, 54, -595224, -674 
1721987500789.00, 827, -595223, -623 
1721987500810.00, 1634, -595210, -535 
1721987500831.00, 2275, -595168, -396 
1721987500853.00, 2666, -595113, -233 
1721987500875.00, 2641, -595045, -82 
1721987500897.00, 2559, -594977, 37 
1721987500923.00, 4728, -594909, 134 
1721987500939.00, 11808, -594799, 215 
1721987500961.00, 20778, -594544, 277 
1721987500983.00, 29939, -594098, 345 
1721987501005.00, 37239, -593458, 377 
1721987501031.00, 41844, -592665, 371 
1721987501048.00, 43776, -591761, 473 
1721987501069.00, 43800, -590811, 435 
1721987501091.00, 43792, -589866, 426 
1721987501113.00, 43827, -588926, 444 
1721987501135.00, 43400, -587972, 453 
1721987501156.00, 43756, -587019, 463 
1721987501178.00, 43776, -586078, 499 
1721987501199.00, 43564, -585129, 531 
1721987501222.00, 43813, -584178, 555 
1721987501247.00, 43863, -583231, 584 
1721987501264.00, 43648, -582288, 608 
1721987501286.00, 43441, -581330, 643 
1721987501307.00, 43802, -580376, 673 
1721987501329.00, 43656, -579433, 692 
1721987501351.00, 43681, -578486, 719 
1721987501372.00, 43756, -577534, 737 
1721987501394.00, 43740, -576591, 762 
1721987501416.00, 43675, -575650, 784 
1721987501437.00, 43767, -574699, 789 
1721987501459.00, 43692, -573749, 795 
1721987501481.00, 43622, -572801, 811 
1721987501502.00, 43437, -571854, 803 
1721987501524.00, 43569, -570909, 773 
1721987501545.00, 43547, -569970, 771 
1721987501567.00, 43680, -569034, 731 
1721987501589.00, 43757, -568087, 715 
1721987501610.00, 43569, -567139, 712 
1721987501632.00, 43705, -566195, 716 
1721987501654.00, 43740, -565247, 730 
1721987501675.00, 43626, -564294, 732 
1721987501697.00, 43568, -563350, 754 
1721987501718.00, 43758, -562408, 762 
1721987501741.00, 43741, -561457, 786 
1721987501762.00, 43690, -560507, 805 
1721987501783.00, 43526, -559564, 825 
1721987501806.00, 43673, -558620, 818 
1721987501827.00, 43566, -557671, 822 
1721987501849.00, 43814, -556728, 821 
1721987501870.00, 43740, -555785, 815 
1721987501892.00, 43606, -554833, 823 
1721987501914.00, 43586, -553882, 832 
1721987501935.00, 43735, -552944, 838 
1721987501956.00, 43602, -552001, 851 
1721987501978.00, 43530, -551051, 858 
1721987502000.00, 43710, -550103, 865 
1721987502022.00, 43731, -549157, 873 
1721987502043.00, 43463, -548204, 891 
1721987502065.00, 43564, -547254, 877 
1721987502086.00, 43647, -546319, 894 
1721987502108.00, 43788, -545372, 887 
1721987502129.00, 43747, -544424, 906 
1721987502152.00, 43670, -543479, 933 
1721987502173.00, 43811, -542537, 937 
1721987502194.00, 43704, -541580, 957 
1721987502216.00, 43879, -540633, 978 
1721987502238.00, 43715, -539689, 970 
1721987502260.00, 43478, -538740, 987 
1721987502282.00, 43632, -537791, 995 
1721987502303.00, 43530, -536852, 985 
1721987502324.00, 43329, -535906, 999 
1721987502346.00, 43651, -534956, 989 
1721987502367.00, 43664, -534011, 994 
1721987502389.00, 43674, -533074, 983 
1721987502411.00, 43720, -532121, 966 
1721987502432.00, 43512, -531172, 969 
1721987502455.00, 43445, -530226, 982 
1721987502476.00, 43761, -529282, 984 
1721987502497.00, 43652, -528339, 968 
1721987502519.00, 43485, -527392, 966 
1721987502540.00, 43604, -526457, 961 
1721987502564.00, 43518, -525507, 944 
1721987502584.00, 43469, -524558, 939 
1721987502606.00, 43769, -523615, 931 
1721987502627.00, 43797, -522674, 926 
1721987502649.00, 43478, -521722, 930 
1721987502672.00, 43811, -520777, 925 
1721987502692.00, 43676, -519842, 910 
1721987502714.00, 43550, -518889, 926 
1721987502736.00, 43803, -517941, 934 
1721987502757.00, 43852, -516998, 952 
1721987502782.00, 43619, -516048, 959 
1721987502800.00, 43572, -515093, 978 
1721987502822.00, 43566, -514146, 986 
1721987502844.00, 43632, -513210, 1009 
1721987502866.00, 43822, -512255, 1001 
1721987502890.00, 43796, -511302, 1015 
1721987502909.00, 43727, -510358, 1030 
1721987502931.00, 43685, -509404, 1041 
1721987502953.00, 43397, -508449, 1047 
1721987502975.00, 43676, -507501, 1037 
1721987503000.00, 43928, -506557, 1031 
1721987503018.00, 43566, -505601, 1035 
1721987503039.00, 43480, -504653, 1027 
1721987503061.00, 43518, -503710, 1028 
1721987503083.00, 43618, -502758, 1021 
1721987503110.00, 43739, -501809, 1014 
1721987503126.00, 43727, -500862, 1015 
1721987503148.00, 43732, -499914, 1014 
1721987503170.00, 43685, -498951, 1019 
1721987503191.00, 43564, -498001, 1017 
1721987503213.00, 43330, -497057, 1027 
1721987503236.00, 43521, -496100, 1042 
1721987503257.00, 43829, -495159, 1052 
1721987503282.00, 43756, -494215, 1069 
1721987503300.00, 43565, -493266, 1074 
1721987503323.00, 43490, -492308, 1080 
1721987503343.00, 43630, -491354, 1086 
1721987503365.00, 43696, -490411, 1073 
1721987503387.00, 43523, -489457, 1065 
1721987503409.00, 43643, -488510, 1054 
1721987503436.00, 43707, -487564, 1049 
1721987503453.00, 43610, -486617, 1046 
1721987503474.00, 43545, -485666, 1041 
1721987503496.00, 43748, -484715, 1030 
1721987503517.00, 43666, -483769, 1027 
1721987503541.00, 43602, -482809, 1005 
1721987503560.00, 43679, -481858, 995 
1721987503582.00, 43641, -480920, 988 
1721987503605.00, 43660, -479976, 975 
1721987503626.00, 43699, -479028, 972 
1721987503649.00, 43762, -478084, 957 
1721987503669.00, 43736, -477143, 942 
1721987503690.00, 43616, -476188, 934 
1721987503712.00, 43409, -475241, 928 
1721987503734.00, 43583, -474299, 937 
1721987503756.00, 43713, -473358, 935 
1721987503777.00, 43627, -472409, 930 
1721987503799.00, 43793, -471464, 922 
1721987503820.00, 43675, -470523, 935 
1721987503842.00, 43415, -469571, 930 
1721987503863.00, 43701, -468628, 906 
1721987503885.00, 43662, -467690, 891 
1721987503907.00, 43425, -466738, 873 
1721987503929.00, 43637, -465788, 866 
1721987503951.00, 43603, -464846, 863 
1721987503972.00, 43488, -463901, 861 
1721987503994.00, 43670, -462954, 864 
1721987504015.00, 43812, -462010, 864 
1721987504036.00, 43509, -461074, 868 
1721987504059.00, 43626, -460120, 870 
1721987504079.00, 43692, -459174, 871 
1721987504101.00, 43565, -458230, 883 
1721987504123.00, 43725, -457282, 881 
1721987504145.00, 43819, -456335, 881 
1721987504167.00, 43582, -455389, 873 
1721987504188.00, 43650, -454452, 864 
1721987504210.00, 43696, -453501, 843 
1721987504232.00, 43518, -452558, 818 
1721987504254.00, 43660, -451615, 795 
1721987504275.00, 43776, -450668, 766 
1721987504297.00, 43633, -449718, 748 
1721987504318.00, 43827, -448773, 734 
1721987504339.00, 43729, -447834, 726 
1721987504361.00, 43563, -446886, 723 
1721987504383.00, 43617, -445936, 717 
1721987504404.00, 43681, -444999, 718 
1721987504426.00, 43663, -444054, 713 
1721987504448.00, 43687, -443104, 715 
1721987504469.00, 43708, -442158, 714 
1721987504491.00, 43716, -441214, 714 
1721987504513.00, 43558, -440262, 714 
1721987504534.00, 43674, -439315, 703 
1721987504556.00, 43700, -438378, 700 
1721987504578.00, 43655, -437426, 694 
1721987504599.00, 43675, -436484, 684 
1721987504621.00, 43762, -435537, 683 
1721987504643.00, 43624, -434595, 677 
1721987504665.00, 43550, -433640, 681 
1721987504685.00, 43691, -432693, 675 
1721987504707.00, 43648, -431752, 673 
1721987504729.00, 24702, -430807, 672 
1721987504751.00, 13690, -430242, 672 
1721987504773.00, 6846, -429936, 702 
1721987504793.00, 3011, -429781, 698 
1721987504815.00, 617, -429711, 708 
1721987504837.00, -52, -429699, 676 
1721987504863.00, -882, -429700, 623 
1721987504879.00, -1588, -429713, 559 
1721987504900.00, -2168, -429750, 452 
1721987504922.00, -2468, -429800, 337 
1721987504944.00, -2423, -429858, 230 
1721987504965.00, -2402, -429918, 132 
1721987504987.00, -2387, -429977, 44 
1721987505008.00, -2296, -430039, -32 
1721987505030.00, -3952, -430097, -109 
1721987505051.00, -9865, -430186, -153 
1721987505078.00, -15764, -430392, -190 
1721987505095.00, -21529, -430737, -237 
1721987505116.00, -27834, -431204, -267 
1721987505138.00, -33342, -431803, -297 
1721987505159.00, -38586, -432509, -306 
1721987505181.00, -41880, -433340, -334 
1721987505203.00, -43615, -434249, -359 
1721987505224.00, -43744, -435200, -350 
1721987505246.00, -43807, -436142, -370 
1721987505267.00, -43611, -437093, -395 
1721987505290.00, -43635, -438049, -400 
1721987505311.00, -43744, -438990, -429 
1721987505332.00, -43611, -439930, -430 
1721987505354.00, -43700, -440884, -438 
1721987505375.00, -43773, -441837, -464 
1721987505397.00, -43809, -442776, -489 
1721987505419.00, -43457, -443727, -505 
1721987505441.00, -43720, -444685, -521 
1721987505462.00, -43937, -445623, -546 
1721987505484.00, -43645, -446571, -575 
1721987505505.00, -43637, -447524, -616 
1721987505527.00, -43779, -448467, -586 
1721987505549.00, -43656, -449407, -612 
1721987505571.00, -43578, -450359, -618 
1721987505592.00, -43679, -451316, -632 
1721987505614.00, -43710, -452255, -623 
1721987505636.00, -43524, -453204, -636 
1721987505657.00, -43676, -454155, -632 
1721987505679.00, -43671, -455095, -620 
1721987505700.00, -43614, -456031, -613 
1721987505722.00, -43796, -456981, -619 
1721987505743.00, -43646, -457937, -619 
1721987505765.00, -43481, -458875, -621 
1721987505787.00, -43579, -459820, -597 
1721987505808.00, -43673, -460772, -606 
1721987505830.00, -43581, -461709, -607 
1721987505852.00, -43640, -462648, -601 
1721987505873.00, -43666, -463598, -615 
1721987505895.00, -43522, -464549, -614 
1721987505917.00, -43626, -465482, -601 
1721987505938.00, -43698, -466431, -602 
1721987505960.00, -43453, -467386, -608 
1721987505982.00, -43621, -468331, -611 
1721987506003.00, -43750, -469271, -594 
1721987506025.00, -43584, -470223, -621 
1721987506046.00, -43509, -471175, -644 
1721987506068.00, -43655, -472108, -614 
1721987506090.00, -43726, -473056, -629 
1721987506110.00, -43783, -474006, -651 
1721987506132.00, -43747, -474950, -658 
1721987506154.00, -43548, -475893, -647 
1721987506177.00, -43655, -476847, -651 
1721987506198.00, -43750, -477797, -675 
1721987506219.00, -43836, -478737, -682 
1721987506241.00, -43403, -479685, -677 
1721987506263.00, -43630, -480634, -674 
1721987506288.00, -43656, -481566, -677 
1721987506306.00, -43754, -482511, -669 
1721987506327.00, -43770, -483466, -665 
1721987506349.00, -43836, -484419, -674 
1721987506371.00, -43516, -485362, -689 
1721987506394.00, -43584, -486310, -705 
1721987506415.00, -43714, -487260, -700 
1721987506435.00, -43505, -488198, -703 
1721987506457.00, -43561, -489141, -685 
1721987506479.00, -43702, -490091, -683 
1721987506501.00, -43397, -491038, -699 
1721987506523.00, -43405, -491978, -684 
1721987506544.00, -43601, -492928, -680 
1721987506565.00, -43620, -493878, -697 
1721987506587.00, -43702, -494814, -692 
1721987506608.00, -43798, -495757, -690 
1721987506630.00, -43747, -496711, -707 
1721987506652.00, -43744, -497655, -702 
1721987506673.00, -43804, -498599, -701 
1721987506696.00, -43657, -499548, -708 
1721987506719.00, -43583, -500502, -708 
1721987506738.00, -43800, -501444, -722 
1721987506761.00, -43663, -502390, -724 
1721987506782.00, -43515, -503345, -716 
1721987506804.00, -43656, -504288, -721 
1721987506827.00, -43688, -505228, -733 
1721987506848.00, -43749, -506175, -719 
1721987506868.00, -43638, -507129, -702 
1721987506890.00, -43626, -508065, -707 
1721987506912.00, -43628, -509015, -704 
1721987506933.00, -43717, -509969, -674 
1721987506955.00, -43796, -510908, -692 
1721987506977.00, -43832, -511852, -698 
1721987506998.00, -43514, -512801, -703 
1721987507020.00, -43607, -513750, -699 
1721987507042.00, -43709, -514687, -721 
1721987507063.00, -43453, -515634, -725 
1721987507085.00, -43685, -516599, -733 
1721987507106.00, -43715, -517536, -745 
1721987507128.00, -43570, -518480, -737 
1721987507149.00, -43742, -519432, -733 
1721987507171.00, -43907, -520376, -734 
1721987507193.00, -43455, -521315, -741 
1721987507214.00, -43503, -522263, -739 
1721987507237.00, -43772, -523214, -727 
1721987507258.00, -43666, -524155, -758 
1721987507280.00, -43477, -525105, -769 
1721987507302.00, -43670, -526057, -766 
1721987507323.00, -43731, -527001, -774 
1721987507344.00, -43821, -527939, -784 
1721987507369.00, -43732, -528883, -755 
1721987507387.00, -43784, -529837, -758 
1721987507410.00, -43556, -530775, -753 
1721987507431.00, -43717, -531719, -720 
1721987507453.00, -43678, -532673, -703 
1721987507475.00, -43581, -533619, -694 
1721987507496.00, -43627, -534563, -689 
1721987507518.00, -43654, -535512, -688 
1721987507539.00, -43547, -536462, -690 
1721987507561.00, -43581, -537398, -693 
1721987507583.00, -43596, -538343, -701 
1721987507604.00, -43636, -539297, -702 
1721987507627.00, -43672, -540240, -704 
1721987507647.00, -43650, -541184, -713 
1721987507669.00, -43690, -542138, -717 
1721987507690.00, -43590, -543084, -713 
1721987507713.00, -43730, -544028, -708 
1721987507734.00, -43714, -544968, -727 
1721987507756.00, -43596, -545923, -730 
1721987507777.00, -43705, -546859, -718 
1721987507799.00, -43702, -547804, -720 
1721987507821.00, -43422, -548757, -714 
1721987507842.00, -43575, -549710, -697 
1721987507864.00, -43660, -550647, -684 
1721987507886.00, -43466, -551589, -682 
1721987507907.00, -43567, -552545, -690 
1721987507929.00, -43762, -553480, -686 
1721987507951.00, -43589, -554421, -678 
1721987507972.00, -43730, -555370, -688 
1721987507994.00, -43756, -556321, -690 
1721987508015.00, -43506, -557262, -678 
1721987508037.00, -43597, -558210, -672 
1721987508058.00, -43666, -559163, -679 
1721987508081.00, -43488, -560098, -675 
1721987508102.00, -43600, -561040, -657 
1721987508124.00, -43767, -561990, -644 
1721987508145.00, -43604, -562934, -641 
1721987508167.00, -43537, -563873, -636 
1721987508189.00, -43747, -564822, -631 
1721987508211.00, -43635, -565776, -643 
1721987508232.00, -43529, -566717, -647 
1721987508254.00, -43705, -567661, -639 
1721987508275.00, -43726, -568612, -651 
1721987508297.00, -43641, -569560, -657 
1721987508318.00, -43810, -570498, -652 
1721987508340.00, -43733, -571445, -644 
1721987508361.00, -43619, -572396, -664 
1721987508383.00, -43596, -573338, -667 
1721987508405.00, -43604, -574284, -658 
1721987508427.00, -43655, -575237, -674 
1721987508448.00, -43708, -576183, -682 
1721987508470.00, -43724, -577122, -681 
1721987508492.00, -43637, -578067, -669 
1721987508513.00, -43755, -579013, -659 
1721987508535.00, -43771, -579956, -662 
1721987508556.00, -43661, -580902, -657 
1721987508579.00, -43660, -581856, -645 
1721987508600.00, -43702, -582804, -636 
1721987508621.00, -43729, -583745, -628 
1721987508643.00, -43479, -584692, -627 
1721987508664.00, -43724, -585642, -634 
1721987508689.00, -43677, -586577, -635 
1721987508708.00, -43485, -587525, -638 
1721987508729.00, -43638, -588477, -655 
1721987508751.00, -43773, -589415, -667 
1721987508772.00, -43608, -590359, -638 
1721987508797.00, -43682, -591304, -622 
1721987508816.00, -43633, -592249, -611 
1721987508837.00, -43352, -593188, -566 
1721987508859.00, -24682, -594122, -506 
1721987508881.00, -13482, -594685, -497 
1721987508906.00, -6908, -594992, -481 
1721987508924.00, -2899, -595142, -427 
1721987508946.00, -445, -595207, -371 
1721987508967.00, 94, -595220, -336 
1721987508988.00, 968, -595216, -279 
1721987509010.00, 1577, -595194, -177 
1721987509032.00, 2037, -595155, -67 
1721987509053.00, 2271, -595106, 16 
1721987509074.00, 3334, -595053, 66 
1721987509096.00, 7073, -594973, 144 
1721987509117.00, 13682, -594818, 214 
1721987509139.00, 21895, -594520, 267 
1721987509160.00, 29993, -594053, 311 
1721987509183.00, 37164, -593410, 344 
1721987509204.00, 41520, -592612, 364 
1721987509226.00, 43894, -591722, 353 
1721987509247.00, 43855, -590760, 459 
1721987509269.00, 43894, -589814, 432 
1721987509291.00, 43797, -588875, 439 
1721987509312.00, 43750, -587920, 459 
1721987509334.00, 43726, -586963, 486 
1721987509355.00, 43732, -586024, 507 
1721987509377.00, 43613, -585079, 511 
1721987509398.00, 43808, -584126, 533 
1721987509420.00, 43923, -583177, 564 
1721987509442.00, 43620, -582235, 580 
1721987509463.00, 43411, -581277, 604 
1721987509485.00, 43922, -580324, 624 
1721987509507.00, 43664, -579379, 652 
1721987509529.00, 43752, -578435, 678 
1721987509550.00, 43686, -577483, 681 
1721987509572.00, 43781, -576538, 710 
1721987509593.00, 43576, -575597, 726 
1721987509616.00, 43751, -574644, 729 
1721987509637.00, 43703, -573693, 745 
1721987509659.00, 43731, -572748, 746 
1721987509680.00, 43560, -571800, 728 
1721987509702.00, 43728, -570853, 746 
1721987509724.00, 43675, -569909, 725 
1721987509744.00, 43589, -568971, 709 
1721987509767.00, 43562, -568020, 712 
1721987509788.00, 43816, -567069, 702 
1721987509810.00, 43701, -566128, 695 
1721987509832.00, 43628, -565182, 692 
1721987509853.00, 43787, -564224, 702 
1721987509875.00, 43716, -563283, 704 
1721987509897.00, 43708, -562342, 709 
1721987509918.00, 43729, -561389, 720 
1721987509940.00, 43660, -560439, 709 
1721987509961.00, 43512, -559500, 717 
1721987509983.00, 43607, -558554, 731 
1721987510005.00, 43778, -557606, 729 
1721987510026.00, 43593, -556658, 750 
1721987510048.00, 43639, -555711, 742 
1721987510070.00, 43729, -554760, 751 
1721987510091.00, 43719, -553813, 763 
1721987510113.00, 43644, -552875, 762 
1721987510134.00, 43958, -551926, 757 
1721987510156.00, 43602, -550977, 772 
1721987510178.00, 43617, -550031, 787 
1721987510199.00, 43592, -549084, 793 
1721987510221.00, 43706, -548129, 788 
1721987510243.00, 43709, -547181, 807 
1721987510265.00, 43556, -546238, 829 
1721987510286.00, 43805, -545291, 803 
1721987510308.00, 43681, -544345, 807 
1721987510331.00, 43496, -543404, 810 
1721987510351.00, 43576, -542459, 798 
1721987510373.00, 43591, -541508, 813 
1721987510394.00, 43375, -540561, 813 
1721987510416.00, 43665, -539622, 804 
1721987510440.00, 43697, -538677, 802 
1721987510459.00, 43432, -537726, 808 
1721987510481.00, 43696, -536785, 796 
1721987510502.00, 43695, -535846, 791 
1721987510524.00, 43554, -534890, 794 
1721987510550.00, 43732, -533946, 780 
1721987510567.00, 43757, -533006, 775 
1721987510589.00, 43520, -532053, 768 
1721987510610.00, 43676, -531103, 759 
1721987510632.00, 43714, -530162, 774 
1721987510659.00, 43603, -529219, 769 
1721987510676.00, 43544, -528268, 768 
1721987510697.00, 43774, -527323, 767 
1721987510719.00, 43577, -526382, 794 
1721987510741.00, 43609, -525434, 791 
1721987510762.00, 43783, -524483, 809 
1721987510784.00, 43572, -523542, 813 
1721987510805.00, 43634, -522591, 826 
1721987510827.00, 43758, -521639, 851 
1721987510849.00, 43587, -520697, 835 
1721987510872.00, 43761, -519760, 844 
1721987510892.00, 43786, -518806, 870 
1721987510914.00, 43719, -517859, 876 
1721987510935.00, 43603, -516916, 880 
1721987510957.00, 43613, -515964, 860 
1721987510979.00, 43631, -515012, 865 
1721987511001.00, 43701, -514066, 882 
1721987511022.00, 43636, -513130, 880 
1721987511043.00, 43716, -512179, 884 
1721987511064.00, 43701, -511229, 890 
1721987511088.00, 43643, -510291, 887 
1721987511108.00, 43723, -509341, 884 
1721987511130.00, 43638, -508392, 884 
1721987511152.00, 43597, -507444, 893 
1721987511173.00, 43966, -506501, 899 
1721987511194.00, 43601, -505549, 920 
1721987511216.00, 43560, -504605, 900 
1721987511238.00, 43759, -503668, 910 
1721987511260.00, 43713, -502713, 922 
1721987511282.00, 43697, -501767, 920 
1721987511303.00, 43823, -500824, 923 
1721987511324.00, 43730, -499880, 927 
1721987511347.00, 43620, -498922, 918 
1721987511368.00, 43573, -497976, 915 
1721987511389.00, 43563, -497038, 922 
1721987511411.00, 43623, -496085, 911 
1721987511433.00, 43619, -495142, 922 
1721987511455.00, 43804, -494203, 918 
1721987511476.00, 43634, -493260, 906 
1721987511497.00, 43381, -492308, 906 
1721987511519.00, 43531, -491359, 897 
1721987511541.00, 43577, -490420, 902 
1721987511563.00, 43423, -489470, 888 
1721987511584.00, 43698, -488527, 890 
1721987511606.00, 43625, -487587, 891 
1721987511627.00, 43539, -486642, 894 
1721987511649.00, 43655, -485693, 892 
1721987511670.00, 43825, -484749, 901 
1721987511692.00, 43761, -483802, 900 
1721987511715.00, 43766, -482846, 909 
1721987511735.00, 43655, -481897, 915 
1721987511757.00, 43604, -480959, 923 
1721987511779.00, 43658, -480015, 925 
1721987511800.00, 43784, -479066, 936 
1721987511822.00, 43774, -478121, 931 
1721987511844.00, 43657, -477180, 933 
1721987511865.00, 43735, -476224, 926 
1721987511887.00, 43360, -475277, 924 
1721987511909.00, 43423, -474337, 914 
1721987511931.00, 43682, -473395, 896 
1721987511952.00, 43631, -472451, 892 
1721987511974.00, 43499, -471505, 881 
1721987511995.00, 43576, -470565, 879 
1721987512017.00, 43442, -469615, 878 
1721987512038.00, 43682, -468670, 877 
1721987512060.00, 43628, -467732, 878 
1721987512081.00, 43536, -466781, 870 
1721987512103.00, 43694, -465830, 865 
1721987512125.00, 43799, -464884, 878 
1721987512147.00, 43528, -463942, 889 
1721987512168.00, 43515, -462990, 898 
1721987512190.00, 43717, -462049, 886 
1721987512212.00, 43715, -461113, 885 
1721987512233.00, 43684, -460161, 873 
1721987512255.00, 43710, -459212, 877 
1721987512277.00, 43723, -458269, 862 
1721987512298.00, 43625, -457324, 858 
1721987512320.00, 43825, -456373, 855 
1721987512342.00, 43636, -455430, 849 
1721987512363.00, 43523, -454495, 834 
1721987512385.00, 43712, -453542, 815 
1721987512409.00, 43643, -452599, 805 
1721987512427.00, 43386, -451657, 798 
1721987512449.00, 43629, -450708, 789 
1721987512471.00, 43615, -449762, 789 
1721987512492.00, 43656, -448815, 797 
1721987512517.00, 43682, -447874, 790 
1721987512536.00, 43585, -446927, 776 
1721987512558.00, 43472, -445980, 774 
1721987512579.00, 43727, -445042, 777 
1721987512601.00, 43623, -444099, 771 
1721987512624.00, 43641, -443149, 767 
1721987512644.00, 43802, -442204, 783 
1721987512666.00, 43643, -441260, 801 
1721987512687.00, 43647, -440306, 820 
1721987512710.00, 43865, -439359, 831 
1721987512734.00, 43697, -438418, 840 
1721987512752.00, 43573, -437470, 833 
1721987512774.00, 43813, -436526, 829 
1721987512795.00, 43692, -435581, 830 
1721987512817.00, 43592, -434639, 824 
1721987512841.00, 43724, -433683, 813 
1721987512861.00, 43833, -432739, 806 
1721987512882.00, 43616, -431799, 796 
1721987512904.00, 24767, -430852, 776 
1721987512925.00, 13747, -430288, 778 
1721987512947.00, 6862, -429983, 791 
1721987512969.00, 2937, -429826, 790 
1721987512990.00, 584, -429760, 787 
1721987513011.00, -61, -429745, 757 
1721987513033.00, -929, -429749, 693 
1721987513054.00, -1660, -429765, 608 
1721987513075.00, -2199, -429803, 482 
1721987513097.00, -2338, -429855, 357 
1721987513119.00, -2421, -429913, 242 
1721987513140.00, -2435, -429973, 141 
1721987513161.00, -2307, -430033, 45 
1721987513183.00, -2279, -430096, -32 
1721987513204.00, -4144, -430150, -107 
1721987513225.00, -9735, -430243, -162 
1721987513247.00, -16172, -430450, -202 
1721987513269.00, -22585, -430803, -259 
1721987513291.00, -29555, -431292, -288 
1721987513312.00, -35792, -431927, -294 
1721987513334.00, -39553, -432695, -395 
1721987513355.00, -42963, -433546, -347 
1721987513377.00, -43893, -434484, -409 
1721987513399.00, -43731, -435432, -435 
1721987513421.00, -43728, -436376, -460 
1721987513442.00, -43805, -437329, -490 
1721987513464.00, -43736, -438287, -539 
1721987513485.00, -43556, -439225, -567 
1721987513508.00, -43779, -440174, -564 
1721987513529.00, -43681, -441128, -582 
1721987513550.00, -43753, -442070, -581 
1721987513572.00, -43686, -443014, -581 
1721987513593.00, -43608, -443963, -594 
1721987513615.00, -43681, -444914, -606 
1721987513637.00, -43561, -445851, -608 
1721987513659.00, -43660, -446801, -613 
1721987513680.00, -43698, -447751, -623 
1721987513702.00, -43667, -448691, -627 
1721987513723.00, -43821, -449635, -636 
1721987513745.00, -43766, -450586, -647 
1721987513767.00, -43498, -451541, -643 
1721987513788.00, -43678, -452480, -648 
1721987513810.00, -43744, -453425, -657 
1721987513832.00, -43507, -454379, -648 
1721987513853.00, -43587, -455317, -657 
1721987513874.00, -43754, -456257, -665 
1721987513896.00, -43591, -457208, -664 
1721987513918.00, -43733, -458156, -648 
1721987513940.00, -43756, -459095, -658 
1721987513962.00, -43528, -460043, -668 
1721987513982.00, -43620, -461001, -649 
1721987514005.00, -43664, -461933, -656 
1721987514027.00, -43537, -462874, -643 
1721987514048.00, -43679, -463827, -676 
1721987514069.00, -43746, -464773, -679 
1721987514091.00, -43674, -465708, -637 
1721987514113.00, -43604, -466661, -657 
1721987514134.00, -43681, -467618, -658 
1721987514157.00, -43631, -468557, -635 
1721987514178.00, -43547, -469500, -635 
1721987514200.00, -43732, -470450, -634 
1721987514221.00, -43647, -471396, -651 
1721987514243.00, -43668, -472333, -641 
1721987514267.00, -43772, -473285, -639 
1721987514286.00, -43671, -474235, -651 
1721987514307.00, -43668, -475173, -654 
1721987514330.00, -43655, -476122, -645 
1721987514351.00, -43664, -477076, -653 
1721987514378.00, -43674, -478019, -659 
1721987514394.00, -43707, -478960, -653 
1721987514416.00, -43731, -479907, -645 
1721987514438.00, -43603, -480860, -654 
1721987514459.00, -43714, -481793, -657 
1721987514482.00, -43813, -482737, -651 
1721987514503.00, -43668, -483696, -641 
1721987514524.00, -43719, -484644, -655 
1721987514546.00, -43808, -485586, -644 
1721987514567.00, -43825, -486535, -651 
1721987514590.00, -43510, -487483, -649 
1721987514611.00, -43694, -488424, -665 
1721987514631.00, -43676, -489367, -668 
1721987514654.00, -43464, -490322, -666 
1721987514675.00, -43646, -491268, -692 
1721987514697.00, -43837, -492209, -698 
1721987514719.00, -43653, -493163, -705 
1721987514741.00, -43825, -494114, -698 
1721987514761.00, -43759, -495049, -725 
1721987514783.00, -43399, -495997, -736 
1721987514805.00, -43658, -496952, -711 
1721987514826.00, -43753, -497887, -734 
1721987514849.00, -43533, -498829, -721 
1721987514871.00, -43603, -499786, -706 
1721987514892.00, -43738, -500733, -717 
1721987514914.00, -43713, -501674, -715 
1721987514935.00, -43674, -502617, -704 
1721987514957.00, -43869, -503574, -703 
1721987514978.00, -43666, -504513, -720 
1721987515000.00, -43636, -505454, -709 
1721987515022.00, -43737, -506410, -697 
1721987515044.00, -43604, -507354, -705 
1721987515065.00, -43378, -508297, -699 
1721987515086.00, -43596, -509241, -699 
1721987515108.00, -43610, -510196, -700 
1721987515130.00, -43609, -511132, -699 
1721987515151.00, -43627, -512078, -711 
1721987515173.00, -43564, -513028, -714 
1721987515195.00, -43467, -513972, -716 
1721987515216.00, -43826, -514911, -732 
1721987515238.00, -43666, -515861, -742 
1721987515260.00, -43693, -516818, -736 
1721987515281.00, -43496, -517760, -735 
1721987515303.00, -43707, -518707, -740 
1721987515325.00, -43692, -519656, -734 
1721987515346.00, -43663, -520598, -727 
1721987515368.00, -43690, -521538, -731 
1721987515389.00, -43618, -522490, -749 
1721987515411.00, -43397, -523441, -737 
1721987515433.00, -43504, -524382, -722 
1721987515455.00, -43772, -525326, -755 
1721987515476.00, -43651, -526279, -764 
1721987515498.00, -43795, -527221, -751 
1721987515519.00, -43641, -528161, -742 
1721987515541.00, -43541, -529112, -754 
1721987515562.00, -43676, -530061, -753 
1721987515584.00, -43764, -530998, -738 
1721987515606.00, -43513, -531945, -760 
1721987515627.00, -43549, -532904, -761 
1721987515649.00, -43742, -533845, -761 
1721987515671.00, -43645, -534784, -758 
1721987515693.00, -43549, -535739, -769 
1721987515714.00, -43733, -536689, -776 
1721987515736.00, -43529, -537624, -767 
1721987515757.00, -43716, -538571, -763 
1721987515779.00, -43740, -539522, -777 
1721987515801.00, -43539, -540465, -763 
1721987515822.00, -43461, -541407, -755 
1721987515844.00, -43641, -542362, -764 
1721987515865.00, -43688, -543308, -766 
1721987515887.00, -43625, -544244, -760 
1721987515909.00, -43705, -545192, -765 
1721987515931.00, -43584, -546141, -768 
1721987515952.00, -43580, -547082, -752 
1721987515973.00, -43697, -548024, -771 
1721987515995.00, -43720, -548981, -780 
1721987516017.00, -43630, -549925, -762 
1721987516039.00, -43785, -550869, -751 
1721987516061.00, -43762, -551820, -767 
1721987516084.00, -43766, -552771, -767 
1721987516104.00, -43649, -553708, -746 
1721987516125.00, -43770, -554650, -749 
1721987516147.00, -43615, -555604, -750 
1721987516168.00, -43609, -556549, -738 
1721987516190.00, -43662, -557491, -720 
1721987516211.00, -43684, -558438, -719 
1721987516234.00, -43645, -559388, -732 
1721987516255.00, -43855, -560328, -743 
1721987516276.00, -43759, -561272, -729 
1721987516298.00, -43599, -562229, -747 
1721987516321.00, -43690, -563170, -751 
1721987516342.00, -43822, -564110, -746 
1721987516363.00, -43485, -565063, -745 
1721987516385.00, -43525, -566015, -747 
1721987516406.00, -43654, -566952, -727 
1721987516428.00, -43541, -567892, -688 
1721987516453.00, -43629, -568842, -683 
1721987516471.00, -43689, -569788, -680 
1721987516493.00, -43554, -570724, -668 
1721987516514.00, -43705, -571675, -675 
1721987516536.00, -43738, -572622, -676 
1721987516558.00, -43388, -573564, -657 
1721987516579.00, -43507, -574513, -648 
1721987516602.00, -43713, -575458, -645 
1721987516623.00, -43640, -576399, -643 
1721987516644.00, -43672, -577341, -643 
1721987516666.00, -43799, -578287, -655 
1721987516688.00, -43669, -579238, -661 
1721987516709.00, -43692, -580181, -663 
1721987516731.00, -43680, -581128, -660 
1721987516752.00, -43727, -582083, -661 
1721987516775.00, -43544, -583025, -638 
1721987516796.00, -43679, -583965, -605 
1721987516818.00, -43729, -584914, -590 
1721987516839.00, -43626, -585856, -564 
1721987516860.00, -43750, -586798, -537 
1721987516884.00, -43793, -587741, -539 
1721987516905.00, -43586, -588692, -536 
1721987516926.00, -43704, -589634, -535 
1721987516947.00, -43730, -590580, -541 
1721987516970.00, -43514, -591530, -553 
1721987516990.00, -43328, -592472, -545 
1721987517012.00, -43506, -593416, -528 
1721987517035.00, -24705, -594354, -525 
1721987517055.00, -13432, -594917, -519 
1721987517077.00, -6732, -595224, -504 
1721987517099.00, -2767, -595379, -482 
1721987517120.00, -429, -595439, -427 
1721987517142.00, 108, -595448, -373 
1721987517164.00, 987, -595446, -307 
1721987517185.00, 1631, -595422, -218 
1721987517206.00, 2035, -595384, -121 
1721987517228.00, 2156, -595334, -40 
1721987517250.00, 2337, -595282, 28 
1721987517271.00, 3968, -595225, 113 
1721987517293.00, 10194, -595129, 184 
1721987517315.00, 18007, -594912, 236 
1721987517336.00, 25766, -594522, 283 
1721987517357.00, 33073, -593973, 313 
1721987517379.00, 39307, -593260, 332 
1721987517401.00, 42844, -592424, 350 
1721987517423.00, 43907, -591496, 362 
1721987517444.00, 43750, -590543, 369 
1721987517465.00, 43461, -589600, 363 
1721987517488.00, 43760, -588659, 407 
1721987517510.00, 43731, -587700, 414 
1721987517531.00, 43491, -586755, 435 
1721987517553.00, 43815, -585812, 469 
1721987517574.00, 43908, -584860, 518 
1721987517596.00, 43664, -583910, 542 
1721987517617.00, 43736, -582964, 574 
1721987517639.00, 43953, -582015, 617 
1721987517661.00, 43710, -581056, 652 
1721987517682.00, 43560, -580106, 678 
1721987517704.00, 43860, -579165, 693 
1721987517725.00, 43600, -578216, 707 
1721987517747.00, 43578, -577267, 712 
1721987517768.00, 43756, -576327, 713 
1721987517790.00, 43669, -575384, 707 
1721987517812.00, 43590, -574432, 704 
1721987517833.00, 43694, -573484, 689 
1721987517855.00, 43567, -572538, 714 
1721987517876.00, 43880, -571593, 713 
1721987517899.00, 43598, -570643, 707 
1721987517920.00, 43803, -569702, 724 
1721987517942.00, 43727, -568756, 734 
1721987517963.00, 43550, -567810, 717 
1721987517987.00, 43762, -566860, 715 
1721987518007.00, 43820, -565919, 720 
1721987518028.00, 43472, -564967, 720 
1721987518050.00, 43709, -564016, 740 
1721987518072.00, 43757, -563071, 755 
1721987518093.00, 43746, -562129, 749 
1721987518114.00, 43637, -561174, 770 
1721987518136.00, 43735, -560230, 769 
1721987518158.00, 43677, -559295, 763 
1721987518180.00, 43743, -558342, 771 
1721987518203.00, 43743, -557391, 758 
1721987518223.00, 43735, -556450, 765 
1721987518244.00, 43658, -555501, 773 
1721987518266.00, 43753, -554551, 768 
1721987518287.00, 43695, -553608, 769 
1721987518312.00, 43568, -552673, 762 
1721987518331.00, 43527, -551720, 759 
1721987518353.00, 43595, -550774, 755 
1721987518374.00, 43457, -549833, 769 
1721987518396.00, 43558, -548886, 747 
1721987518422.00, 43711, -547935, 764 
1721987518440.00, 43624, -546989, 766 
1721987518461.00, 43812, -546053, 757 
1721987518483.00, 43656, -545101, 767 
1721987518504.00, 43612, -544155, 781 
1721987518529.00, 43605, -543213, 806 
1721987518547.00, 43868, -542267, 793 
1721987518569.00, 43518, -541313, 808 
1721987518590.00, 43568, -540368, 817 
1721987518612.00, 43655, -539427, 835 
1721987518636.00, 43606, -538476, 816 
1721987518656.00, 43531, -537527, 828 
1721987518678.00, 43750, -536592, 835 
1721987518699.00, 43712, -535642, 834 
1721987518720.00, 43578, -534691, 837 
1721987518743.00, 43840, -533746, 834 
1721987518764.00, 43695, -532803, 837 
1721987518786.00, 43504, -531850, 842 
1721987518807.00, 43757, -530900, 846 
1721987518829.00, 43750, -529962, 847 
1721987518850.00, 43646, -529013, 837 
1721987518872.00, 43680, -528062, 856 
1721987518894.00, 43581, -527122, 860 
1721987518916.00, 43557, -526180, 860 
1721987518937.00, 43761, -525231, 880 
1721987518958.00, 43765, -524280, 880 
1721987518980.00, 43632, -523336, 890 
1721987519002.00, 43571, -522390, 883 
1721987519024.00, 43641, -521436, 903 
1721987519045.00, 43609, -520494, 916 
1721987519066.00, 43634, -519557, 901 
1721987519088.00, 43603, -518604, 908 
1721987519110.00, 43664, -517657, 894 
1721987519131.00, 43591, -516720, 897 
1721987519153.00, 43552, -515762, 882 
1721987519175.00, 43581, -514815, 882 
1721987519197.00, 43630, -513874, 881 
1721987519219.00, 43745, -512935, 866 
1721987519240.00, 43658, -511982, 877 
1721987519261.00, 43695, -511036, 877 
1721987519283.00, 43514, -510099, 884 
1721987519304.00, 43583, -509143, 875 
1721987519327.00, 43763, -508198, 876 
1721987519348.00, 43546, -507255, 886 
1721987519369.00, 43677, -506306, 866 
1721987519391.00, 43665, -505358, 864 
1721987519413.00, 43617, -504412, 880 
1721987519434.00, 43797, -503473, 873 
1721987519457.00, 43778, -502520, 885 
1721987519478.00, 43569, -501573, 881 
1721987519500.00, 43781, -500630, 895 
1721987519527.00, 43683, -499683, 898 
1721987519542.00, 43445, -498731, 893 
1721987519564.00, 43719, -497784, 910 
1721987519587.00, 43874, -496846, 918 
1721987519608.00, 43635, -495889, 927 
1721987519631.00, 43714, -494944, 944 
1721987519651.00, 43684, -494008, 933 
1721987519672.00, 43550, -493055, 948 
1721987519695.00, 43616, -492106, 934 
1721987519716.00, 43828, -491158, 947 
1721987519742.00, 43577, -490216, 951 
1721987519760.00, 43508, -489264, 950 
1721987519781.00, 43615, -488316, 954 
1721987519803.00, 43496, -487380, 948 
1721987519825.00, 43485, -486437, 942 
1721987519846.00, 43770, -485491, 925 
1721987519867.00, 43781, -484547, 913 
1721987519889.00, 43580, -483605, 899 
1721987519910.00, 43593, -482641, 909 
1721987519932.00, 43572, -481696, 905 
1721987519955.00, 43388, -480766, 906 
1721987519975.00, 43695, -479816, 902 
1721987519997.00, 43697, -478873, 891 
1721987520019.00, 43584, -477928, 897 
1721987520040.00, 43633, -476984, 893 
1721987520066.00, 43609, -476033, 896 
1721987520084.00, 43734, -475084, 892 
1721987520105.00, 43851, -474142, 905 
1721987520127.00, 43638, -473193, 895 
1721987520149.00, 43653, -472246, 898 
1721987520175.00, 43458, -471302, 909 
1721987520192.00, 43567, -470358, 890 
1721987520214.00, 43622, -469411, 896 
1721987520236.00, 43744, -468466, 885 
1721987520257.00, 43693, -467523, 893 
1721987520279.00, 43642, -466568, 880 
1721987520300.00, 43545, -465620, 877 
1721987520322.00, 43652, -464675, 884 
1721987520344.00, 43662, -463731, 873 
1721987520366.00, 43629, -462783, 873 
1721987520389.00, 43843, -461838, 872 
1721987520409.00, 43649, -460899, 871 
1721987520430.00, 43452, -459947, 873 
1721987520452.00, 43616, -459000, 874 
1721987520473.00, 43762, -458058, 875 
1721987520497.00, 43609, -457107, 872 
1721987520517.00, 43739, -456159, 867 
1721987520538.00, 43783, -455214, 871 
1721987520560.00, 43539, -454278, 863 
1721987520582.00, 43595, -453326, 855 
1721987520606.00, 43890, -452381, 853 
1721987520625.00, 43753, -451437, 852 
1721987520646.00, 43516, -450486, 855 
1721987520668.00, 43729, -449537, 850 
1721987520690.00, 43612, -448594, 848 
1721987520711.00, 43495, -447653, 844 
1721987520733.00, 43707, -446702, 834 
1721987520755.00, 43578, -445760, 825 
1721987520777.00, 43557, -444821, 823 
1721987520798.00, 43803, -443871, 810 
1721987520820.00, 43598, -442925, 806 
1721987520841.00, 43718, -441984, 793 
1721987520863.00, 43751, -441039, 782 
1721987520884.00, 43699, -440088, 766 
1721987520906.00, 43605, -439142, 751 
1721987520928.00, 43604, -438205, 747 
1721987520950.00, 43549, -437254, 737 
1721987520971.00, 43636, -436307, 730 
1721987520993.00, 43626, -435366, 723 
1721987521014.00, 43701, -434424, 717 
1721987521036.00, 43648, -433472, 697 
1721987521058.00, 43787, -432522, 683 
1721987521079.00, 43704, -431585, 674 
1721987521101.00, 24977, -430639, 654 
1721987521122.00, 13535, -430075, 654 
1721987521144.00, 6863, -429767, 655 
1721987521165.00, 2927, -429608, 664 
1721987521186.00, 563, -429541, 657 
1721987521208.00, -58, -429527, 628 
1721987521229.00, -886, -429530, 572 
1721987521251.00, -1585, -429546, 486 
1721987521273.00, -2128, -429584, 366 
1721987521294.00, -2293, -429634, 256 
1721987521315.00, -2397, -429692, 158 
1721987521337.00, -2481, -429751, 51 
1721987521358.00, -2313, -429818, -41 
1721987521380.00, -4643, -429878, -128 
1721987521402.00, -11171, -429979, -186 
1721987521424.00, -18944, -430219, -253 
1721987521445.00, -27542, -430620, -274 
1721987521472.00, -33604, -431213, -354 
1721987521488.00, -39477, -431934, -365 
1721987521510.00, -42890, -432779, -401 
1721987521531.00, -43726, -433705, -421 
1721987521553.00, -43839, -434665, -433 
1721987521575.00, -43778, -435610, -468 
1721987521596.00, -43703, -436554, -490 
1721987521618.00, -43594, -437504, -472 
1721987521639.00, -43699, -438457, -497 
1721987521661.00, -43749, -439394, -522 
1721987521683.00, -43738, -440343, -518 
1721987521704.00, -43736, -441300, -525 
1721987521726.00, -43800, -442241, -534 
1721987521747.00, -43573, -443186, -546 
1721987521769.00, -43427, -444139, -562 
1721987521791.00, -43791, -445089, -553 
1721987521812.00, -43780, -446025, -567 
1721987521834.00, -43572, -446975, -574 
1721987521856.00, -43592, -447925, -577 
1721987521878.00, -43749, -448862, -586 
1721987521899.00, -43691, -449811, -589 
1721987521921.00, -43589, -450769, -614 
1721987521943.00, -43802, -451717, -620 
1721987521964.00, -43629, -452662, -626 
1721987521986.00, -43624, -453613, -636 
1721987522008.00, -43811, -454564, -644 
1721987522030.00, -43653, -455500, -638 
1721987522051.00, -43389, -456446, -640 
1721987522072.00, -43743, -457398, -642 
1721987522094.00, -43692, -458345, -637 
1721987522115.00, -43736, -459285, -644 
1721987522144.00, -43455, -460238, -661 
1721987522158.00, -43737, -461187, -644 
1721987522180.00, -43702, -462124, -631 
1721987522201.00, -43811, -463068, -649 
1721987522223.00, -43803, -464023, -662 
1721987522252.00, -43765, -464965, -678 
1721987522267.00, -43536, -465910, -670 
1721987522288.00, -43805, -466866, -708 
1721987522310.00, -43722, -467823, -721 
1721987522333.00, -43637, -468760, -693 
1721987522355.00, -43675, -469705, -728 
1721987522375.00, -43799, -470661, -733 
1721987522397.00, -43626, -471601, -725 
1721987522419.00, -43484, -472544, -731 
1721987522440.00, -43718, -473496, -739 
1721987522462.00, -43730, -474445, -732 
1721987522483.00, -43561, -475384, -728 
1721987522505.00, -43641, -476334, -729 
1721987522527.00, -43800, -477292, -738 
1721987522548.00, -43669, -478232, -736 
1721987522570.00, -43747, -479175, -732 
1721987522591.00, -43780, -480124, -753 
1721987522613.00, -43687, -481074, -763 
1721987522634.00, -43701, -482012, -760 
1721987522656.00, -43643, -482961, -773 
1721987522679.00, -43741, -483918, -797 
1721987522700.00, -43636, -484864, -818 
1721987522722.00, -43671, -485805, -796 
1721987522743.00, -43778, -486759, -815 
1721987522764.00, -43688, -487708, -818 
1721987522787.00, -43651, -488644, -801 
1721987522808.00, -43669, -489591, -786 
1721987522830.00, -43763, -490546, -794 
1721987522851.00, -43562, -491489, -791 
1721987522873.00, -43831, -492432, -769 
1721987522895.00, -43746, -493387, -773 
1721987522917.00, -43431, -494333, -791 
1721987522938.00, -43652, -495270, -785 
1721987522960.00, -43733, -496219, -794 
1721987522981.00, -43643, -497172, -816 
1721987523003.00, -43778, -498111, -826 
1721987523024.00, -43737, -499060, -846 
1721987523046.00, -43639, -500021, -889 
1721987523068.00, -43592, -500963, -849 
1721987523089.00, -43782, -501906, -849 
1721987523111.00, -43770, -502859, -907 
1721987523132.00, -43630, -503808, -877 
1721987523154.00, -43795, -504743, -833 
1721987523176.00, -43674, -505688, -862 
1721987523198.00, -43554, -506643, -842 
1721987523219.00, -43747, -507584, -819 
1721987523241.00, -43747, -508525, -820 
1721987523262.00, -43653, -509484, -836 
1721987523284.00, -43626, -510431, -830 
1721987523305.00, -43765, -511366, -801 
1721987523327.00, -43705, -512316, -846 
1721987523349.00, -43605, -513272, -863 
1721987523371.00, -43762, -514209, -842 
1721987523393.00, -43826, -515152, -827 
1721987523414.00, -43675, -516109, -848 
1721987523435.00, -43623, -517058, -843 
1721987523457.00, -43806, -517996, -799 
1721987523479.00, -43755, -518946, -824 
1721987523500.00, -43601, -519898, -835 
1721987523522.00, -43784, -520834, -829 
1721987523544.00, -43555, -521777, -807 
1721987523565.00, -43420, -522736, -860 
1721987523587.00, -43637, -523682, -847 
1721987523609.00, -43847, -524619, -808 
1721987523630.00, -43572, -525571, -833 
1721987523652.00, -43927, -526526, -830 
1721987523673.00, -43605, -527460, -805 
1721987523694.00, -43506, -528402, -776 
1721987523716.00, -43762, -529357, -809 
1721987523738.00, -43715, -530301, -817 
1721987523760.00, -43575, -531237, -788 
1721987523782.00, -43557, -532190, -788 
1721987523803.00, -43730, -533147, -818 
1721987523825.00, -43656, -534089, -819 
1721987523846.00, -43559, -535032, -797 
1721987523869.00, -43833, -535987, -806 
1721987523889.00, -43719, -536933, -828 
1721987523911.00, -43676, -537873, -818 
1721987523933.00, -43756, -538822, -807 
1721987523954.00, -43666, -539773, -823 
1721987523976.00, -43452, -540715, -831 
1721987524003.00, -43638, -541660, -817 
1721987524020.00, -43699, -542612, -845 
1721987524041.00, -43783, -543554, -866 
1721987524063.00, -43553, -544497, -856 
1721987524084.00, -43566, -545446, -850 
1721987524108.00, -43461, -546395, -884 
1721987524128.00, -43739, -547329, -884 
1721987524149.00, -43727, -548273, -859 
1721987524171.00, -43654, -549229, -857 
1721987524192.00, -43556, -550175, -871 
1721987524215.00, -43668, -551114, -868 
1721987524236.00, -43610, -552066, -851 
1721987524257.00, -43567, -553012, -857 
1721987524279.00, -43554, -553952, -865 
1721987524301.00, -43718, -554893, -854 
1721987524323.00, -43474, -555847, -862 
1721987524344.00, -43561, -556791, -868 
1721987524366.00, -43574, -557731, -863 
1721987524387.00, -43708, -558678, -858 
1721987524409.00, -43659, -559625, -847 
1721987524431.00, -43584, -560565, -830 
1721987524452.00, -43522, -561507, -806 
1721987524474.00, -43610, -562457, -808 
1721987524496.00, -43576, -563396, -799 
1721987524517.00, -43547, -564337, -786 
1721987524539.00, -43683, -565291, -792 
1721987524560.00, -43803, -566238, -805 
1721987524582.00, -43685, -567181, -807 
1721987524604.00, -43686, -568128, -792 
1721987524626.00, -43731, -569080, -809 
1721987524646.00, -43424, -570019, -812 
1721987524668.00, -43585, -570961, -802 
1721987524690.00, -43769, -571908, -807 
1721987524711.00, -43409, -572853, -812 
1721987524733.00, -43411, -573797, -796 
1721987524755.00, -43501, -574739, -766 
1721987524777.00, -43566, -575687, -765 
1721987524798.00, -43563, -576623, -745 
1721987524820.00, -43529, -577560, -708 
1721987524842.00, -43592, -578513, -713 
1721987524864.00, -43611, -579453, -710 
1721987524890.00, -43621, -580394, -699 
1721987524907.00, -43569, -581344, -705 
1721987524928.00, -43671, -582299, -729 
1721987524949.00, -43731, -583238, -721 
1721987524972.00, -43771, -584186, -714 
1721987524993.00, -43757, -585137, -747 
1721987525014.00, -43589, -586082, -755 
1721987525036.00, -43549, -587022, -720 
1721987525058.00, -43660, -587968, -716 
1721987525079.00, -43806, -588915, -696 
1721987525101.00, -43406, -589853, -671 
1721987525123.00, -43519, -590799, -662 
1721987525144.00, -43499, -591743, -659 
1721987525168.00, -43713, -592685, -630 
1721987525188.00, -43743, -593626, -636 
1721987525209.00, -25135, -594571, -632 
1721987525231.00, -13707, -595136, -623 
1721987525252.00, -6980, -595452, -622 
1721987525275.00, -3112, -595611, -651 
1721987525296.00, -707, -595683, -674 
1721987525317.00, 62, -595700, -637 
1721987525339.00, 821, -595698, -591 
1721987525360.00, 1559, -595686, -508 
1721987525382.00, 2204, -595650, -406 
1721987525404.00, 2487, -595602, -332 
1721987525425.00, 2548, -595541, -230 
1721987525447.00, 2481, -595481, -147 
1721987525468.00, 2310, -595424, -97 
1721987525490.00, 2181, -595375, -89 
1721987525511.00, 1990, -595328, -74 
1721987525532.00, 1911, -595282, -58 
1721987525554.00, 1857, -595239, -41 
1721987525575.00, 1689, -595199, -47 
1721987525597.00, 1665, -595160, -49 
1721987525620.00, 1675, -595125, -49 
1721987525641.00, 1658, -595088, -42 
1721987525663.00, 1609, -595052, -43 
1721987525684.00, 1548, -595016, -50 
1721987525706.00, 1513, -594983, -51 
1721987525788.00, 1514, -594948, -49 
1721987525788.00, 1552, -594917, -46 
1721987525789.00, 1491, -594882, -20 
1721987525791.00, 1463, -594851, -29 
1721987525813.00, 0, -594818, -78 
1721987525834.00, 0, -594813, -81 
1721987525855.00, -3, -594813, -85 
1721987525876.00, 0, -594813, -92 
1721987525897.00, 0, -594813, -87 
1721987525918.00, 0, -594813, -79 
1721987525939.00, 0, -594813, -70 
1721987525960.00, 0, -594813, -66 
1721987525982.00, 0, -594812, -61 
1721987526002.00, 0, -594813, -57 
1721987526024.00, 0, -594812, -63 
1721987526045.00, 0, -594812, -66 
1721987526065.00, 0, -594812, -62 
1721987526086.00, 0, -594811, -61 
1721987526107.00, 0, -594812, -59 
1721987526128.00, 0, -594812, -67 
1721987526150.00, 0, -594812, -73 
1721987526170.00, 0, -594812, -76 
1721987526191.00, 0, -594811, -62 
1721987526212.00, -6, -594811, -49 
1721987526233.00, 0, -594811, -50 
1721987526254.00, 3, -594812, -57 
1721987526276.00, 0, -594810, -53 
1721987526297.00, 0, -594811, -52 
1721987526317.00, 4, -594812, -50 
1721987526339.00, 27, -594811, -55 
1721987526360.00, 8, -594811, -55 
1721987526384.00, 0, -594811, -48 
1721987526414.00, 0, -594811, -55 
1721987526423.00, 0, -594812, -52 
1721987526444.00, 0, -594810, -52 
1721987526467.00, 0, -594810, -52 
1721987526486.00, 0, -594811, -52 
1721987526508.00, 0, -594811, -54 
1721987526529.00, 0, -594811, -52 
1721987526549.00, 0, -594812, -52 
1721987526570.00, 0, -594811, -53 
1721987526591.00, 0, -594811, -53 
1721987526612.00, 0, -594811, -52 
1721987526633.00, 0, -594812, -53 
1721987526654.00, 0, -594812, -53 
1721987526676.00, 0, -594812, -52 
1721987526697.00, 0, -594811, -53 
1721987526718.00, 0, -594811, -53 
1721987526739.00, 0, -594812, -52 
1721987526759.00, 0, -594811, -52 
1721987526781.00, 0, -594811, -53 
1721987526802.00, 0, -594811, -53 
1721987526823.00, 0, -594812, -52 
1721987526844.00, 0, -594811, -53 
1721987526865.00, 0, -594812, -53 
1721987526886.00, 0, -594811, -52 
1721987526907.00, 0, -594811, -53 
1721987526928.00, 0, -594811, -53 
1721987526949.00, 0, -594811, -52 
1721987526970.00, 0, -594812, -53 
1721987526991.00, -30, -594812, -53 
1721987527012.00, 0, -594812, -52 
1721987527033.00, 0, -594812, -53 
1721987527054.00, 0, -594811, -53 
1721987527075.00, 0, -594812, -52 
1721987527096.00, 0, -594811, -52 
1721987527118.00, 0, -594812, -53 
1721987527138.00, 0, -594812, -53 
1721987527159.00, 0, -594811, -53 
1721987527180.00, -3, -594812, -53 
1721987527201.00, -1, -594811, -53 
1721987527222.00, 0, -594812, -53 
1721987527243.00, 0, -594812, -53 
1721987527265.00, 0, -594811, -53 
1721987527285.00, 0, -594812, -52 
1721987527307.00, 0, -594812, -53 
1721987527328.00, 0, -594811, -53 
1721987527348.00, 0, -594811, -52 
1721987527369.00, 0, -594812, -53 
1721987527390.00, 0, -594812, -53 
1721987527411.00, 0, -594811, -53 
1721987527432.00, 0, -594811, -53 
1721987527453.00, 1, -594811, -53 
1721987527474.00, -1, -594812, -53 
1721987527495.00, 0, -594812, -52 
1721987527517.00, 0, -594812, -53 
1721987527538.00, 0, -594812, -53 
1721987527558.00, 0, -594812, -52 
1721987527579.00, 0, -594811, -53 
1721987527601.00, 0, -594811, -53 
1721987527622.00, 0, -594811, -52 
1721987527661.00, 0, -594812, -53 
1721987527664.00, -58, -594812, -53 
1721987527685.00, 0, -594812, -53 
1721987527706.00, 0, -594811, -53 
1721987527727.00, 0, -594812, -53 
1721987527747.00, 0, -594811, -53 
1721987527769.00, 0, -594811, -53 
1721987527790.00, 0, -594811, -53 
1721987527811.00, 0, -594811, -53 
1721987527832.00, 0, -594812, -53 
1721987527853.00, -3, -594811, -53 
1721987527875.00, 0, -594812, -53 
1721987527896.00, 0, -594811, -53 
1721987527917.00, 0, -594812, -53 
1721987527937.00, 0, -594811, -53 
1721987527959.00, 0, -594812, -53 
1721987527980.00, 0, -594811, -53 
1721987528001.00, 0, -594811, -53 
1721987528021.00, 0, -594812, -53 
1721987528043.00, 0, -594811, -53 
1721987528064.00, 0, -594811, -53 
1721987528084.00, 0, -594811, -53 
1721987528106.00, -2, -594812, -53 
1721987528126.00, 0, -594812, -53 
1721987528147.00, 0, -594811, -53 
1721987528169.00, 0, -594811, -53 
1721987528189.00, 0, -594811, -53 
1721987528210.00, 0, -594811, -53 
1721987528232.00, 0, -594811, -53 
1721987528253.00, 0, -594812, -53 
1721987528274.00, 0, -594812, -53 
1721987528295.00, 0, -594812, -53 
1721987528316.00, 0, -594812, -53 
1721987528337.00, 0, -594813, -53 
1721987528358.00, 0, -594811, -53 
1721987528379.00, 0, -594811, -53 
1721987528400.00, 0, -594812, -53 
1721987528421.00, 0, -594812, -53 
1721987528442.00, 0, -594812, -53 
1721987528463.00, 0, -594812, -53 
1721987528484.00, 0, -594812, -53 
1721987528505.00, 0, -594812, -53 
1721987528527.00, 0, -594812, -53 
1721987528547.00, 0, -594811, -53 
1721987528569.00, 0, -594811, -53 
1721987528589.00, 0, -594811, -53 
1721987528610.00, 0, -594811, -53 
1721987528631.00, 0, -594813, -53 
1721987528652.00, 0, -594812, -53 
1721987528673.00, 0, -594811, -53 
1721987528694.00, 0, -594811, -53 
