1720184704254.00, 532, -593335, -86 
1720184704276.00, 526, -593323, -85 
1720184704298.00, 531, -593313, -85 
1720184704319.00, 492, -593301, -85 
1720184704340.00, 486, -593290, -86 
1720184704363.00, 494, -593280, -86 
1720184704384.00, 443, -593270, -86 
1720184704405.00, 423, -593259, -86 
1720184704426.00, 407, -593250, -86 
1720184704448.00, 395, -593242, -87 
1720184704469.00, 377, -593233, -88 
1720184704491.00, 388, -593224, -87 
1720184704512.00, 403, -593217, -87 
1720184704534.00, 424, -593209, -88 
1720184704555.00, 426, -593200, -89 
1720184704577.00, 385, -593191, -89 
1720184704598.00, 346, -593182, -90 
1720184704620.00, 347, -593175, -91 
1720184704641.00, 329, -593169, -92 
1720184704663.00, 315, -593162, -93 
1720184704686.00, 312, -593155, -94 
1720184704705.00, 299, -593149, -95 
1720184704727.00, 296, -593143, -96 
1720184704748.00, 281, -593136, -97 
1720184704770.00, 280, -593129, -98 
1720184704794.00, 262, -593123, -99 
1720184704813.00, 260, -593118, -100 
1720184704834.00, 245, -593113, -102 
1720184704856.00, 232, -593107, -103 
1720184704877.00, 227, -593102, -104 
1720184704899.00, 220, -593098, -104 
1720184704921.00, 219, -593094, -104 
1720184704942.00, 198, -593090, -104 
1720184704964.00, 197, -593085, -105 
1720184704985.00, 206, -593081, -105 
1720184705006.00, 199, -593076, -106 
1720184705029.00, 185, -593073, -106 
1720184705050.00, 176, -593068, -106 
1720184705071.00, 166, -593065, -106 
1720184705093.00, 163, -593060, -105 
1720184705115.00, 159, -593055, -105 
1720184705136.00, 156, -593052, -104 
1720184705158.00, 149, -593049, -103 
1720184705179.00, 151, -593046, -102 
1720184705201.00, 148, -593042, -100 
1720184705222.00, 148, -593039, -99 
1720184705243.00, 152, -593036, -99 
1720184705265.00, 131, -593032, -97 
1720184705286.00, 123, -593030, -96 
1720184705308.00, 126, -593028, -96 
1720184705330.00, 127, -593026, -96 
1720184705356.00, 123, -593022, -97 
1720184705372.00, 112, -593019, -98 
1720184705393.00, 116, -593016, -98 
1720184705415.00, 112, -593015, -98 
1720184705437.00, 116, -593013, -99 
1720184705458.00, 122, -593010, -98 
1720184705480.00, 119, -593007, -98 
1720184705501.00, 108, -593004, -98 
1720184705523.00, 124, -593001, -98 
1720184705544.00, 121, -593000, -98 
1720184705571.00, 118, -592996, -97 
1720184705587.00, 105, -592995, -98 
1720184705609.00, 79, -592992, -98 
1720184705630.00, 78, -592989, -97 
1720184705651.00, 84, -592987, -96 
1720184705673.00, 91, -592985, -96 
1720184705693.00, 101, -592983, -96 
1720184705715.00, 94, -592982, -96 
1720184705737.00, 71, -592980, -96 
1720184705757.00, 79, -592979, -96 
1720184705780.00, 80, -592977, -96 
1720184705801.00, 79, -592974, -96 
1720184705822.00, 83, -592972, -96 
1720184705844.00, 104, -592969, -97 
1720184705864.00, 93, -592969, -97 
1720184705889.00, 82, -592965, -97 
1720184705907.00, 85, -592964, -97 
1720184705929.00, 90, -592962, -98 
1720184705951.00, 73, -592961, -98 
1720184705972.00, 74, -592959, -98 
1720184705993.00, 69, -592958, -98 
1720184706015.00, 65, -592957, -98 
1720184706036.00, 67, -592954, -98 
1720184706057.00, 61, -592953, -97 
1720184706078.00, 59, -592951, -97 
1720184706100.00, 62, -592950, -97 
1720184706121.00, 59, -592949, -97 
1720184706143.00, 57, -592947, -97 
1720184706164.00, 55, -592946, -97 
1720184706186.00, 56, -592945, -96 
1720184706207.00, 59, -592944, -96 
1720184706228.00, 47, -592942, -96 
1720184706250.00, 46, -592942, -96 
1720184706271.00, 42, -592941, -95 
1720184706293.00, 65, -592940, -94 
1720184706314.00, 55, -592937, -94 
1720184706335.00, 63, -592937, -94 
1720184706357.00, 41, -592936, -93 
1720184706378.00, 67, -592935, -94 
1720184706399.00, 41, -592934, -94 
1720184706421.00, 19, -592933, -94 
1720184706442.00, 53, -592932, -94 
1720184706464.00, 68, -592932, -95 
1720184706484.00, 58, -592931, -95 
1720184706506.00, 54, -592931, -96 
1720184706527.00, 51, -592929, -96 
1720184706549.00, 63, -592929, -95 
1720184706570.00, 37, -592927, -94 
1720184706592.00, 60, -592926, -95 
1720184706613.00, 50, -592926, -95 
1720184706634.00, 59, -592924, -96 
1720184706656.00, 13, -592923, -95 
1720184706677.00, 28, -592924, -95 
1720184706699.00, 17, -592922, -95 
1720184706719.00, 67, -592922, -96 
1720184706741.00, 12, -592921, -96 
1720184706763.00, 0, -592920, -95 
1720184706784.00, 0, -592920, -95 
1720184706805.00, 32, -592920, -95 
1720184706826.00, 25, -592919, -95 
1720184706848.00, 1, -592920, -96 
1720184706869.00, 0, -592919, -95 
1720184706890.00, 0, -592918, -95 
1720184706912.00, 0, -592918, -95 
1720184706933.00, 0, -592918, -96 
1720184706954.00, 0, -592918, -95 
1720184706975.00, 0, -592918, -96 
1720184706996.00, 0, -592918, -96 
1720184707017.00, 0, -592918, -95 
1720184707038.00, 0, -592918, -96 
1720184707059.00, 0, -592918, -96 
1720184707081.00, 0, -592917, -96 
1720184707102.00, 0, -592917, -96 
1720184707123.00, 0, -592917, -97 
1720184707145.00, 0, -592917, -96 
1720184707164.00, 0, -592917, -96 
1720184707187.00, 0, -592917, -96 
1720184707212.00, 0, -592917, -95 
1720184707229.00, 0, -592917, -95 
1720184707250.00, 0, -592917, -95 
1720184707272.00, 22, -592917, -94 
1720184707293.00, 0, -592917, -93 
1720184707319.00, 0, -592917, -92 
1720184707335.00, 0, -592918, -92 
1720184707357.00, -2, -592917, -91 
1720184707378.00, 3, -592918, -91 
1720184707399.00, 0, -592916, -90 
1720184707421.00, 0, -592917, -90 
1720184707442.00, 0, -592916, -90 
1720184707463.00, 0, -592916, -88 
1720184707484.00, 0, -592916, -86 
1720184707505.00, 0, -592916, -83 
1720184707526.00, 0, -592915, -79 
1720184707548.00, 0, -592915, -75 
1720184707569.00, 0, -592915, -68 
1720184707590.00, 34, -592915, -66 
1720184707611.00, 0, -592914, -63 
1720184707633.00, 0, -592915, -61 
1720184707654.00, -2, -592914, -63 
1720184707675.00, 0, -592914, -64 
1720184707696.00, 0, -592914, -62 
1720184707717.00, 0, -592914, -64 
1720184707738.00, 0, -592914, -65 
1720184707759.00, 0, -592914, -66 
1720184707781.00, 0, -592914, -66 
1720184707802.00, -37, -592914, -67 
1720184707823.00, 8, -592914, -69 
1720184707845.00, 0, -592915, -72 
1720184707866.00, -57, -592914, -76 
1720184707887.00, 0, -592914, -76 
1720184707909.00, 0, -592915, -76 
1720184707929.00, 0, -592914, -79 
1720184707951.00, -1, -592916, -83 
1720184707972.00, 0, -592914, -85 
1720184707993.00, 1, -592914, -86 
1720184708014.00, 0, -592914, -85 
1720184708035.00, 0, -592915, -86 
1720184708056.00, 0, -592915, -87 
1720184708080.00, 0, -592915, -88 
1720184708098.00, 0, -592915, -88 
1720184708120.00, 0, -592915, -87 
1720184708142.00, 0, -592915, -88 
1720184708163.00, 5, -592914, -87 
1720184708185.00, 0, -592915, -84 
1720184708205.00, 0, -592915, -82 
1720184708226.00, 0, -592915, -81 
1720184708248.00, 64, -592914, -76 
1720184708268.00, 0, -592914, -69 
1720184708290.00, 0, -592915, -65 
1720184708311.00, 0, -592914, -64 
1720184708332.00, 0, -592913, -62 
1720184708353.00, 0, -592914, -62 
1720184708375.00, 0, -592914, -65 
1720184708396.00, -41, -592914, -69 
1720184708417.00, 0, -592914, -76 
1720184708438.00, 0, -592913, -82 
1720184708460.00, 0, -592915, -85 
1720184708481.00, 0, -592915, -88 
1720184708501.00, 13, -592915, -89 
1720184708525.00, 0, -592914, -87 
1720184708545.00, 0, -592915, -86 
1720184708567.00, 0, -592914, -87 
1720184708588.00, 0, -592914, -92 
1720184708609.00, 0, -592914, -93 
1720184708630.00, 0, -592915, -91 
1720184708652.00, 0, -592916, -92 
1720184708673.00, 0, -592914, -93 
1720184708693.00, 0, -592915, -94 
1720184708716.00, 0, -592915, -93 
1720184708736.00, 0, -592915, -91 
1720184708757.00, 42, -592915, -95 
1720184708779.00, 0, -592914, -96 
1720184708800.00, 0, -592914, -95 
1720184708821.00, 0, -592916, -98 
1720184708843.00, 0, -592915, -102 
1720184708864.00, 0, -592915, -106 
1720184708885.00, 0, -592916, -111 
1720184708906.00, 0, -592915, -118 
1720184708927.00, -2, -592916, -124 
1720184708952.00, 5, -592916, -124 
1720184708971.00, 0, -592916, -125 
1720184708992.00, 1, -592917, -124 
1720184709013.00, 2, -592916, -128 
1720184709034.00, -55, -592916, -129 
1720184709061.00, 0, -592916, -127 
1720184709077.00, 0, -592916, -126 
1720184709098.00, 0, -592916, -125 
1720184709119.00, 0, -592916, -121 
1720184709141.00, 0, -592915, -115 
1720184709162.00, 0, -592916, -113 
1720184709183.00, 0, -592915, -112 
1720184709205.00, 0, -592916, -108 
1720184709227.00, 0, -592915, -101 
1720184709247.00, 0, -592915, -97 
1720184709268.00, 0, -592915, -94 
1720184709289.00, 1, -592914, -90 
1720184709311.00, 0, -592915, -85 
1720184709332.00, 0, -592915, -76 
1720184709353.00, 0, -592913, -72 
1720184709375.00, 0, -592914, -71 
1720184709396.00, 0, -592913, -68 
1720184709417.00, 0, -592913, -62 
1720184709438.00, 0, -592913, -58 
1720184709459.00, 0, -592913, -55 
1720184709481.00, 0, -592913, -52 
1720184709502.00, 0, -592912, -47 
1720184709523.00, 0, -592913, -40 
1720184709544.00, 0, -592912, -34 
1720184709565.00, 0, -592912, -29 
1720184709586.00, 0, -592911, -19 
1720184709607.00, 0, -592910, -8 
1720184709628.00, 0, -592909, -2 
1720184709650.00, 0, -592909, 6 
1720184709671.00, 0, -592909, 16 
1720184709693.00, 1134, -592908, 20 
1720184709714.00, 1971, -592887, 27 
1720184709736.00, 2822, -592846, 41 
1720184709757.00, 4271, -592785, 54 
1720184709778.00, 5853, -592696, 66 
1720184709800.00, 7670, -592569, 91 
1720184709821.00, 10362, -592409, 124 
1720184709843.00, 13460, -592184, 159 
1720184709865.00, 17814, -591891, 184 
1720184709887.00, 21908, -591508, 211 
1720184709908.00, 25722, -591036, 242 
1720184709930.00, 29905, -590475, 275 
1720184709952.00, 34284, -589837, 310 
1720184709972.00, 39180, -589097, 346 
1720184709995.00, 44246, -588256, 377 
1720184710016.00, 48989, -587298, 423 
1720184710038.00, 54592, -586241, 449 
1720184710059.00, 59307, -585060, 464 
1720184710081.00, 63110, -583773, 489 
1720184710102.00, 66804, -582413, 503 
1720184710124.00, 69592, -580957, 504 
1720184710146.00, 71384, -579453, 523 
1720184710168.00, 73289, -577896, 531 
1720184710189.00, 75057, -576309, 514 
1720184710211.00, 75060, -574677, 616 
1720184710233.00, 81228, -573046, 601 
1720184710253.00, 84006, -571282, 647 
1720184710276.00, 88506, -569467, 667 
1720184710297.00, 92233, -567549, 692 
1720184710319.00, 95912, -565550, 711 
1720184710340.00, 99203, -563469, 719 
1720184710362.00, 101431, -561306, 732 
1720184710384.00, 103593, -559111, 747 
1720184710406.00, 105868, -556848, 740 
1720184710427.00, 106738, -554548, 745 
1720184710449.00, 107382, -552229, 774 
1720184710471.00, 109676, -549886, 787 
1720184710492.00, 111633, -547497, 781 
1720184710514.00, 112354, -545070, 805 
1720184710536.00, 114220, -542630, 818 
1720184710558.00, 116252, -540134, 826 
1720184710579.00, 117755, -537617, 854 
1720184710601.00, 120182, -535048, 872 
1720184710623.00, 122662, -532429, 873 
1720184710645.00, 124110, -529763, 873 
1720184710667.00, 125007, -527055, 843 
1720184710688.00, 123754, -524329, 834 
1720184710712.00, 122376, -521643, 847 
1720184710732.00, 122303, -518982, 854 
1720184710753.00, 122529, -516320, 864 
1720184710774.00, 123325, -513654, 872 
1720184710797.00, 124355, -510965, 894 
1720184710819.00, 126134, -508261, 909 
1720184710840.00, 128100, -505510, 925 
1720184710862.00, 130154, -502724, 934 
1720184710883.00, 131919, -499885, 948 
1720184710905.00, 133694, -497018, 930 
1720184710927.00, 133694, -494107, 928 
1720184710949.00, 133466, -491193, 924 
1720184710970.00, 133057, -488289, 910 
1720184710992.00, 132141, -485398, 899 
1720184711014.00, 130834, -482522, 891 
1720184711036.00, 129639, -479675, 883 
1720184711058.00, 128187, -476869, 890 
1720184711079.00, 127678, -474080, 886 
1720184711100.00, 127220, -471295, 868 
1720184711122.00, 125807, -468528, 861 
1720184711144.00, 124490, -465793, 846 
1720184711166.00, 122946, -463088, 825 
1720184711188.00, 120598, -460411, 800 
1720184711210.00, 117664, -457805, 776 
1720184711231.00, 114510, -455246, 750 
1720184711253.00, 111139, -452759, 722 
1720184711275.00, 107434, -450336, 725 
1720184711296.00, 105326, -448014, 718 
1720184711318.00, 103666, -445719, 726 
1720184711340.00, 103294, -443464, 738 
1720184711364.00, 103571, -441228, 750 
1720184711383.00, 104433, -438969, 750 
1720184711404.00, 105105, -436694, 768 
1720184711427.00, 106454, -434406, 770 
1720184711449.00, 107423, -432094, 750 
1720184711471.00, 61347, -429771, 738 
1720184711492.00, 33601, -428448, 772 
1720184711513.00, 17530, -427699, 745 
1720184711535.00, 7969, -427302, 740 
1720184711556.00, 2336, -427123, 671 
1720184711578.00, -179, -427070, 562 
1720184711599.00, -2109, -427073, 428 
1720184711621.00, -3512, -427119, 326 
1720184711642.00, -4229, -427194, 265 
1720184711664.00, -4755, -427292, 180 
1720184711685.00, -4873, -427397, 91 
1720184711707.00, -4816, -427512, -1 
1720184711728.00, -4846, -427626, -97 
1720184711749.00, -10552, -427739, -208 
1720184711771.00, -20770, -427968, -287 
1720184711798.00, -31438, -428404, -332 
1720184711815.00, -40327, -429065, -335 
1720184711836.00, -45777, -429931, -442 
1720184711858.00, -55339, -430917, -370 
1720184711879.00, -56791, -432115, -420 
1720184711901.00, -60242, -433333, -439 
1720184711922.00, -63355, -434657, -440 
1720184711944.00, -65498, -436024, -446 
1720184711966.00, -66928, -437440, -466 
1720184711987.00, -68890, -438897, -482 
1720184712009.00, -70900, -440376, -478 
1720184712031.00, -71616, -441925, -503 
1720184712052.00, -73689, -443476, -480 
1720184712074.00, -73495, -445084, -484 
1720184712096.00, -73410, -446665, -477 
1720184712117.00, -72948, -448258, -474 
1720184712138.00, -72421, -449825, -449 
1720184712160.00, -70641, -451418, -456 
1720184712182.00, -70037, -452933, -435 
1720184712204.00, -68143, -454459, -476 
1720184712226.00, -69528, -455922, -475 
1720184712247.00, -70147, -457435, -474 
1720184712269.00, -70394, -458961, -488 
1720184712290.00, -71333, -460490, -493 
1720184712312.00, -72374, -462032, -499 
1720184712334.00, -73213, -463597, -533 
1720184712355.00, -75791, -465184, -562 
1720184712377.00, -78736, -466830, -553 
1720184712399.00, -80062, -468540, -534 
1720184712420.00, -79692, -470282, -537 
1720184712442.00, -79574, -472003, -563 
1720184712463.00, -81085, -473725, -533 
1720184712485.00, -80331, -475481, -546 
1720184712506.00, -80357, -477228, -559 
1720184712528.00, -81083, -478956, -549 
1720184712549.00, -80786, -480716, -507 
1720184712571.00, -78125, -482461, -507 
1720184712593.00, -76426, -484169, -519 
1720184712615.00, -76186, -485813, -495 
1720184712636.00, -74528, -487480, -515 
1720184712658.00, -74796, -489080, -500 
1720184712680.00, -73999, -490716, -524 
1720184712701.00, -74974, -492317, -538 
1720184712723.00, -76406, -493947, -544 
1720184712745.00, -77373, -495596, -551 
1720184712766.00, -78510, -497283, -558 
1720184712788.00, -79709, -498975, -575 
1720184712809.00, -81174, -500722, -613 
1720184712831.00, -84402, -502477, -605 
1720184712853.00, -85697, -504307, -603 
1720184712875.00, -86499, -506161, -569 
1720184712899.00, -84627, -508034, -553 
1720184712918.00, -82674, -509879, -519 
1720184712939.00, -79520, -511655, -487 
1720184712961.00, -75629, -513389, -526 
1720184712983.00, -75673, -515013, -491 
1720184713006.00, -73707, -516677, -528 
1720184713026.00, -74640, -518264, -608 
1720184713048.00, -80006, -519892, -607 
1720184713069.00, -83156, -521617, -606 
1720184713091.00, -84809, -523427, -628 
1720184713113.00, -87227, -525263, -652 
1720184713134.00, -90226, -527154, -637 
1720184713155.00, -90855, -529101, -648 
1720184713177.00, -91883, -531065, -659 
1720184713199.00, -92860, -533072, -630 
1720184713224.00, -92085, -535088, -642 
1720184713243.00, -92128, -537080, -672 
1720184713263.00, -93940, -539070, -638 
1720184713285.00, -93026, -541108, -655 
1720184713307.00, -93473, -543137, -673 
1720184713332.00, -94684, -545142, -634 
1720184713350.00, -93161, -547190, -675 
1720184713372.00, -94458, -549229, -661 
1720184713394.00, -94704, -551270, -661 
1720184713415.00, -94751, -553324, -685 
1720184713442.00, -96173, -555366, -649 
1720184713459.00, -94798, -557452, -672 
1720184713480.00, -95449, -559510, -709 
1720184713502.00, -97834, -561572, -687 
1720184713524.00, -97897, -563685, -716 
1720184713550.00, -100115, -565828, -705 
1720184713567.00, -100338, -567998, -694 
1720184713589.00, -99780, -570171, -699 
1720184713610.00, -99892, -572333, -682 
1720184713632.00, -98722, -574505, -678 
1720184713657.00, -97734, -576643, -710 
1720184713675.00, -99350, -578754, -687 
1720184713697.00, -98777, -580899, -667 
1720184713718.00, -97113, -583047, -693 
1720184713740.00, -97507, -585148, -677 
1720184713767.00, -96903, -587257, -651 
1720184713784.00, -95055, -589351, -609 
1720184713805.00, -91146, -591409, -568 
1720184713826.00, -86550, -593389, -546 
1720184713848.00, -49391, -595239, -493 
1720184713875.00, -27236, -596310, -430 
1720184713892.00, -13767, -596924, -382 
1720184713913.00, -5929, -597240, -329 
1720184713935.00, -1440, -597377, -253 
1720184713957.00, 577, -597408, -133 
1720184713978.00, 2029, -597399, 12 
1720184713999.00, 3571, -597350, 127 
1720184714021.00, 11587, -597267, 171 
1720184714043.00, 18760, -597024, 209 
1720184714064.00, 25499, -596619, 282 
1720184714086.00, 33774, -596084, 325 
1720184714108.00, 41338, -595365, 370 
1720184714129.00, 48293, -594478, 438 
1720184714151.00, 56746, -593435, 471 
1720184714172.00, 63288, -592207, 590 
1720184714194.00, 74421, -590832, 585 
1720184714215.00, 80587, -589221, 612 
1720184714236.00, 85696, -587475, 677 
1720184714258.00, 92675, -585608, 677 
1720184714280.00, 96739, -583599, 696 
1720184714302.00, 100142, -581502, 709 
1720184714324.00, 103008, -579321, 723 
1720184714345.00, 105391, -577075, 736 
1720184714367.00, 107489, -574790, 759 
1720184714389.00, 110074, -572450, 766 
1720184714411.00, 111860, -570045, 790 
1720184714432.00, 114338, -567614, 823 
1720184714454.00, 117604, -565118, 848 
1720184714476.00, 121011, -562553, 874 
1720184714498.00, 124670, -559914, 896 
1720184714520.00, 128081, -557197, 928 
1720184714542.00, 131862, -554410, 932 
1720184714563.00, 134240, -551538, 907 
1720184714585.00, 134107, -548614, 934 
1720184714607.00, 135648, -545690, 950 
1720184714628.00, 137441, -542748, 956 
1720184714650.00, 138750, -539755, 955 
1720184714671.00, 139547, -536735, 966 
1720184714693.00, 140416, -533695, 970 
1720184714715.00, 141158, -530635, 970 
1720184714737.00, 141694, -527556, 965 
1720184714759.00, 141637, -524480, 988 
1720184714779.00, 142746, -521406, 1003 
1720184714802.00, 144067, -518281, 993 
1720184714822.00, 144477, -515142, 1001 
1720184714846.00, 145142, -511982, 999 
1720184714868.00, 145349, -508827, 987 
1720184714889.00, 144631, -505667, 976 
1720184714910.00, 143666, -502518, 971 
1720184714933.00, 142827, -499398, 969 
1720184714954.00, 141901, -496303, 994 
1720184714976.00, 142745, -493215, 994 
1720184714997.00, 143119, -490115, 984 
1720184715019.00, 142794, -486993, 987 
1720184715040.00, 142598, -483883, 1002 
1720184715062.00, 143519, -480771, 1002 
1720184715085.00, 143858, -477642, 958 
1720184715106.00, 141295, -474501, 942 
1720184715129.00, 138882, -471433, 919 
1720184715150.00, 136109, -468415, 909 
1720184715172.00, 133742, -465455, 903 
1720184715193.00, 131964, -462544, 913 
1720184715215.00, 131448, -459675, 899 
1720184715237.00, 130388, -456819, 877 
1720184715259.00, 128213, -453989, 834 
1720184715280.00, 124228, -451208, 785 
1720184715302.00, 119068, -448509, 759 
1720184715323.00, 114450, -445917, 744 
1720184715345.00, 110715, -443437, 732 
1720184715367.00, 107797, -441037, 736 
1720184715388.00, 106275, -438693, 717 
1720184715411.00, 104455, -436383, 727 
1720184715432.00, 103726, -434115, 715 
1720184715454.00, 102528, -431861, 718 
1720184715476.00, 58688, -429649, 707 
1720184715497.00, 32143, -428385, 708 
1720184715523.00, 16637, -427667, 670 
1720184715540.00, 7592, -427288, 654 
1720184715562.00, 2397, -427116, 608 
1720184715583.00, -67, -427065, 512 
1720184715605.00, -1958, -427068, 387 
1720184715626.00, -3277, -427110, 268 
1720184715648.00, -3866, -427183, 183 
1720184715669.00, -4414, -427273, 111 
1720184715691.00, -4642, -427370, 38 
1720184715712.00, -4609, -427480, -39 
1720184715736.00, -6896, -427583, -107 
1720184715755.00, -12242, -427737, -209 
1720184715777.00, -21358, -428005, -271 
1720184715798.00, -30863, -428456, -304 
1720184715820.00, -38211, -429126, -479 
1720184715843.00, -52922, -429936, -430 
1720184715863.00, -58801, -431079, -483 
1720184715885.00, -65227, -432352, -482 
1720184715906.00, -69048, -433765, -475 
1720184715928.00, -70834, -435273, -499 
1720184715953.00, -73259, -436804, -492 
1720184715972.00, -74285, -438399, -497 
1720184715993.00, -75101, -439992, -516 
1720184716014.00, -76612, -441637, -548 
1720184716037.00, -79146, -443291, -578 
1720184716065.00, -82448, -445024, -601 
1720184716080.00, -85878, -446803, -604 
1720184716101.00, -88114, -448664, -600 
1720184716123.00, -89017, -450577, -604 
1720184716145.00, -89899, -452505, -593 
1720184716168.00, -89548, -454457, -578 
1720184716188.00, -88251, -456377, -582 
1720184716209.00, -87833, -458308, -578 
1720184716231.00, -87027, -460199, -534 
1720184716253.00, -84149, -462087, -560 
1720184716276.00, -83925, -463910, -571 
1720184716296.00, -84386, -465723, -612 
1720184716317.00, -86857, -467563, -616 
1720184716339.00, -88548, -469442, -625 
1720184716361.00, -90209, -471376, -639 
1720184716382.00, -91913, -473314, -617 
1720184716404.00, -91727, -475306, -569 
1720184716426.00, -88463, -477307, -585 
1720184716447.00, -87451, -479215, -610 
1720184716469.00, -88451, -481108, -607 
1720184716491.00, -88750, -483023, -620 
1720184716513.00, -89818, -484954, -637 
1720184716534.00, -91189, -486902, -624 
1720184716556.00, -91170, -488867, -603 
1720184716577.00, -90018, -490854, -590 
1720184716599.00, -88410, -492803, -606 
1720184716621.00, -88676, -494715, -628 
1720184716642.00, -89983, -496632, -584 
1720184716664.00, -87984, -498571, -593 
1720184716685.00, -87254, -500489, -594 
1720184716707.00, -86717, -502371, -542 
1720184716728.00, -83214, -504257, -559 
1720184716750.00, -82142, -506055, -569 
1720184716772.00, -82346, -507841, -598 
1720184716793.00, -84062, -509632, -566 
1720184716815.00, -83214, -511450, -615 
1720184716838.00, -85558, -513253, -637 
1720184716859.00, -88308, -515099, -664 
1720184716880.00, -91416, -517030, -668 
1720184716902.00, -93595, -519009, -683 
1720184716924.00, -95589, -521032, -681 
1720184716945.00, -96798, -523112, -631 
1720184716967.00, -94448, -525204, -667 
1720184716988.00, -94931, -527249, -627 
1720184717010.00, -93044, -529304, -594 
1720184717032.00, -90021, -531307, -592 
1720184717058.00, -87864, -533275, -655 
1720184717075.00, -90421, -535176, -660 
1720184717097.00, -91997, -537139, -674 
1720184717119.00, -94094, -539128, -676 
1720184717140.00, -95289, -541175, -712 
1720184717162.00, -98233, -543249, -731 
1720184717184.00, -100945, -545368, -739 
1720184717205.00, -103057, -547556, -723 
1720184717227.00, -103323, -549821, -709 
1720184717248.00, -102823, -552069, -724 
1720184717270.00, -103209, -554295, -774 
1720184717292.00, -106365, -556545, -742 
1720184717314.00, -106484, -558863, -725 
1720184717335.00, -105550, -561175, -774 
1720184717357.00, -107626, -563461, -798 
1720184717379.00, -110253, -565823, -769 
1720184717400.00, -110357, -568224, -760 
1720184717422.00, -109766, -570608, -789 
1720184717444.00, -111066, -573000, -745 
1720184717466.00, -109285, -575415, -702 
1720184717487.00, -105492, -577775, -700 
1720184717509.00, -102964, -580063, -694 
1720184717530.00, -101048, -582311, -651 
1720184717553.00, -97496, -584506, -648 
1720184717574.00, -94969, -586617, -680 
1720184717600.00, -95587, -588679, -696 
1720184717618.00, -96814, -590749, -684 
1720184717639.00, -96745, -592850, -694 
1720184717661.00, -55415, -594930, -668 
1720184717683.00, -30375, -596137, -701 
1720184717708.00, -15776, -596819, -609 
1720184717726.00, -7255, -597179, -573 
1720184717747.00, -2213, -597342, -525 
1720184717769.00, 75, -597391, -420 
1720184717790.00, 1631, -597390, -315 
1720184717814.00, 2841, -597356, -205 
1720184717834.00, 3689, -597294, -104 
1720184717855.00, 3913, -597212, -28 
1720184717877.00, 4019, -597120, 47 
1720184717898.00, 6700, -597020, 145 
1720184717924.00, 14162, -596873, 188 
1720184717942.00, 21216, -596566, 271 
1720184717963.00, 30566, -596111, 373 
1720184717984.00, 42308, -595464, 417 
1720184718006.00, 51998, -594563, 466 
1720184718030.00, 60385, -593438, 528 
1720184718050.00, 68937, -592141, 587 
1720184718071.00, 77629, -590639, 576 
1720184718093.00, 81910, -588963, 629 
1720184718115.00, 87550, -587182, 621 
1720184718137.00, 90213, -585289, 659 
1720184718158.00, 94078, -583325, 672 
1720184718179.00, 97068, -581290, 682 
1720184718201.00, 96332, -579186, 708 
1720184718223.00, 97622, -577086, 725 
1720184718249.00, 99281, -574976, 753 
1720184718266.00, 102064, -572826, 780 
1720184718288.00, 105340, -570599, 780 
1720184718309.00, 107280, -568304, 812 
1720184718331.00, 110379, -565972, 847 
1720184718360.00, 114106, -563571, 853 
1720184718374.00, 117020, -561076, 869 
1720184718396.00, 119360, -558535, 890 
1720184718418.00, 122043, -555935, 912 
1720184718440.00, 125060, -553274, 931 
1720184718463.00, 128125, -550552, 932 
1720184718483.00, 129778, -547758, 943 
1720184718505.00, 131528, -544928, 944 
1720184718527.00, 132445, -542068, 955 
1720184718548.00, 133698, -539191, 948 
1720184718573.00, 134184, -536278, 975 
1720184718591.00, 135905, -533357, 984 
1720184718613.00, 137394, -530404, 982 
1720184718634.00, 138255, -527403, 1002 
1720184718655.00, 139950, -524384, 1030 
1720184718678.00, 142757, -521320, 1039 
1720184718700.00, 144847, -518198, 1040 
1720184718721.00, 145944, -515032, 1054 
1720184718743.00, 147452, -511841, 1065 
1720184718765.00, 149002, -508606, 1081 
1720184718787.00, 151026, -505360, 1077 
1720184718809.00, 152088, -502072, 1074 
1720184718830.00, 152369, -498739, 1082 
1720184718852.00, 153059, -495411, 1084 
1720184718874.00, 153382, -492068, 1073 
1720184718896.00, 152887, -488724, 1035 
1720184718919.00, 150223, -485381, 989 
1720184718940.00, 145836, -482129, 949 
1720184718962.00, 140890, -478949, 914 
1720184718984.00, 135770, -475899, 878 
1720184719006.00, 130663, -472956, 851 
1720184719028.00, 125987, -470118, 843 
1720184719049.00, 122669, -467386, 833 
1720184719071.00, 120148, -464722, 811 
1720184719093.00, 117171, -462109, 811 
1720184719114.00, 115410, -459554, 797 
1720184719136.00, 113678, -457053, 797 
1720184719158.00, 112442, -454588, 818 
1720184719180.00, 112973, -452135, 787 
1720184719201.00, 111513, -449669, 784 
1720184719223.00, 110498, -447243, 782 
1720184719245.00, 109619, -444846, 793 
1720184719267.00, 109891, -442453, 772 
1720184719288.00, 109042, -440066, 765 
1720184719310.00, 108028, -437698, 757 
1720184719331.00, 106903, -435352, 730 
1720184719353.00, 104608, -433032, 722 
1720184719375.00, 102694, -430755, 704 
1720184719397.00, 57463, -428548, 642 
1720184719418.00, 30724, -427295, 577 
1720184719440.00, 14907, -426601, 569 
1720184719464.00, 6031, -426260, 552 
1720184719483.00, 748, -426124, 532 
1720184719505.00, -1655, -426108, 433 
1720184719526.00, -3626, -426139, 324 
1720184719547.00, -4949, -426220, 231 
1720184719570.00, -5576, -426327, 158 
1720184719590.00, -5717, -426451, 68 
1720184719612.00, -5806, -426586, -21 
1720184719633.00, -7085, -426719, -103 
1720184719654.00, -12633, -426881, -238 
1720184719676.00, -23753, -427155, -305 
1720184719698.00, -34362, -427666, -300 
1720184719720.00, -40556, -428415, -447 
1720184719741.00, -52807, -429288, -450 
1720184719763.00, -60792, -430425, -475 
1720184719785.00, -66591, -431741, -487 
1720184719807.00, -70631, -433180, -506 
1720184719828.00, -73950, -434724, -530 
1720184719850.00, -77461, -436326, -545 
1720184719872.00, -80266, -438014, -565 
1720184719899.00, -83334, -439747, -574 
1720184719915.00, -85397, -441553, -563 
1720184719936.00, -85838, -443401, -558 
1720184719958.00, -85692, -445271, -562 
1720184719979.00, -85982, -447120, -561 
1720184720002.00, -85792, -448967, -551 
1720184720023.00, -85107, -450847, -557 
1720184720045.00, -85091, -452684, -590 
1720184720066.00, -86710, -454538, -585 
1720184720087.00, -87328, -456403, -600 
1720184720110.00, -88625, -458309, -618 
1720184720131.00, -90344, -460228, -610 
1720184720153.00, -90796, -462182, -620 
1720184720174.00, -91762, -464154, -566 
1720184720196.00, -88972, -466137, -567 
1720184720218.00, -87247, -468074, -580 
1720184720241.00, -86927, -469958, -528 
1720184720261.00, -83570, -471834, -524 
1720184720283.00, -81341, -473652, -538 
1720184720304.00, -81203, -475418, -576 
1720184720329.00, -82987, -477178, -590 
1720184720348.00, -84603, -478962, -591 
1720184720369.00, -85804, -480811, -600 
1720184720391.00, -87067, -482656, -588 
1720184720412.00, -86915, -484564, -602 
1720184720439.00, -87772, -486440, -595 
1720184720456.00, -87914, -488335, -612 
1720184720477.00, -88562, -490247, -620 
1720184720499.00, -89591, -492164, -636 
1720184720521.00, -91096, -494114, -589 
1720184720548.00, -89145, -496079, -622 
1720184720564.00, -89931, -498011, -653 
1720184720585.00, -92153, -499973, -642 
1720184720607.00, -93040, -501965, -668 
1720184720629.00, -94795, -503994, -680 
1720184720651.00, -96794, -506034, -681 
1720184720672.00, -97827, -508138, -683 
1720184720694.00, -98433, -510265, -720 
1720184720715.00, -101033, -512390, -707 
1720184720737.00, -101665, -514584, -665 
1720184720758.00, -99570, -516815, -643 
1720184720780.00, -97043, -518966, -643 
1720184720802.00, -95330, -521065, -662 
1720184720824.00, -95505, -523139, -627 
1720184720845.00, -93627, -525208, -647 
1720184720867.00, -93404, -527237, -681 
1720184720889.00, -95509, -529257, -631 
1720184720910.00, -93478, -531321, -719 
1720184720932.00, -97673, -533370, -722 
1720184720953.00, -100404, -535484, -695 
1720184720978.00, -100345, -537664, -664 
1720184720997.00, -98430, -539854, -718 
1720184721019.00, -100473, -541991, -719 
1720184721040.00, -101616, -544169, -692 
1720184721062.00, -101025, -546385, -717 
1720184721083.00, -101934, -548577, -730 
1720184721106.00, -103139, -550798, -731 
1720184721127.00, -103766, -553044, -726 
1720184721149.00, -104058, -555297, -687 
1720184721171.00, -101852, -557567, -721 
1720184721193.00, -102328, -559783, -716 
1720184721215.00, -102445, -562006, -698 
1720184721236.00, -101474, -564226, -707 
1720184721258.00, -101176, -566448, -690 
1720184721279.00, -100194, -568649, -655 
1720184721301.00, -97567, -570809, -686 
1720184721323.00, -97582, -572931, -682 
1720184721344.00, -97407, -575048, -651 
1720184721365.00, -95417, -577151, -675 
1720184721388.00, -95682, -579214, -666 
1720184721409.00, -95403, -581287, -635 
1720184721431.00, -93245, -583361, -638 
1720184721452.00, -92408, -585378, -627 
1720184721474.00, -90864, -587367, -610 
1720184721495.00, -88890, -589333, -596 
1720184721517.00, -86892, -591264, -553 
1720184721539.00, -82993, -593141, -543 
1720184721560.00, -47398, -594923, -470 
1720184721582.00, -25609, -595957, -410 
1720184721604.00, -12898, -596536, -329 
1720184721626.00, -5642, -596828, -236 
1720184721647.00, -1331, -596956, -168 
1720184721669.00, 393, -596989, -112 
1720184721690.00, 1692, -596985, -61 
1720184721717.00, 2671, -596950, -13 
1720184721733.00, 3244, -596890, 59 
1720184721754.00, 7049, -596808, 144 
1720184721776.00, 14478, -596655, 197 
1720184721798.00, 22220, -596346, 263 
1720184721819.00, 30486, -595878, 359 
1720184721841.00, 40893, -595221, 436 
1720184721862.00, 52337, -594343, 447 
1720184721884.00, 59354, -593213, 582 
1720184721906.00, 71812, -591935, 575 
1720184721928.00, 78589, -590371, 601 
1720184721949.00, 84145, -588673, 665 
1720184721972.00, 90978, -586849, 655 
1720184721993.00, 94364, -584876, 687 
1720184722014.00, 98477, -582832, 684 
1720184722036.00, 100354, -580699, 688 
1720184722058.00, 101611, -578518, 709 
1720184722082.00, 103631, -576301, 722 
1720184722101.00, 105396, -574042, 725 
1720184722123.00, 106793, -571752, 754 
1720184722145.00, 109210, -569431, 766 
1720184722166.00, 111258, -567045, 776 
1720184722189.00, 112960, -564621, 790 
1720184722210.00, 114698, -562167, 815 
1720184722231.00, 117333, -559667, 821 
1720184722253.00, 119171, -557112, 822 
1720184722275.00, 120257, -554521, 857 
1720184722297.00, 122861, -551902, 861 
1720184722319.00, 124484, -549229, 876 
1720184722340.00, 126341, -546506, 890 
1720184722362.00, 128463, -543761, 897 
1720184722383.00, 129983, -540960, 916 
1720184722407.00, 131927, -538131, 929 
1720184722427.00, 133641, -535256, 947 
1720184722449.00, 135849, -532346, 954 
1720184722471.00, 137353, -529398, 950 
1720184722492.00, 137953, -526406, 955 
1720184722514.00, 138668, -523396, 959 
1720184722535.00, 139236, -520381, 962 
1720184722558.00, 139748, -517344, 970 
1720184722579.00, 140441, -514297, 979 
1720184722600.00, 141338, -511237, 996 
1720184722623.00, 142970, -508171, 1009 
1720184722643.00, 144574, -505042, 1023 
1720184722665.00, 146364, -501889, 1035 
1720184722687.00, 148057, -498689, 1022 
1720184722708.00, 148363, -495449, 1011 
1720184722733.00, 147755, -492212, 1019 
1720184722753.00, 147640, -488985, 1022 
1720184722775.00, 147914, -485769, 991 
1720184722797.00, 145872, -482552, 977 
1720184722818.00, 143644, -479386, 961 
1720184722843.00, 141528, -476252, 924 
1720184722862.00, 138002, -473179, 892 
1720184722884.00, 133786, -470186, 879 
1720184722906.00, 130459, -467277, 843 
1720184722928.00, 126280, -464443, 796 
1720184722949.00, 120990, -461705, 772 
1720184722971.00, 116437, -459072, 749 
1720184722992.00, 112589, -456545, 733 
1720184723014.00, 109106, -454109, 729 
1720184723036.00, 106603, -451738, 730 
1720184723058.00, 105304, -449413, 725 
1720184723080.00, 104155, -447121, 728 
1720184723102.00, 103719, -444864, 710 
1720184723123.00, 102401, -442605, 669 
1720184723145.00, 99051, -440383, 667 
1720184723166.00, 96903, -438238, 654 
1720184723188.00, 94907, -436143, 598 
1720184723210.00, 90258, -434095, 551 
1720184723231.00, 84599, -432143, 486 
1720184723253.00, 48162, -430318, 456 
1720184723279.00, 26217, -429279, 398 
1720184723296.00, 13562, -428689, 440 
1720184723317.00, 6080, -428387, 454 
1720184723339.00, 1597, -428259, 412 
1720184723360.00, -565, -428225, 359 
1720184723383.00, -2200, -428234, 272 
1720184723404.00, -3175, -428286, 169 
1720184723425.00, -3876, -428361, 81 
1720184723446.00, -4229, -428448, -2 
1720184723468.00, -4365, -428548, -110 
1720184723490.00, -11215, -428647, -190 
1720184723511.00, -20001, -428883, -260 
1720184723533.00, -29674, -429300, -323 
1720184723554.00, -38814, -429936, -505 
1720184723576.00, -54809, -430757, -416 
1720184723598.00, -59266, -431942, -463 
1720184723619.00, -64472, -433223, -530 
1720184723641.00, -71329, -434636, -552 
1720184723662.00, -76684, -436180, -571 
1720184723683.00, -80965, -437858, -573 
1720184723706.00, -83799, -439606, -594 
1720184723733.00, -86569, -441426, -594 
1720184723749.00, -88169, -443297, -589 
1720184723771.00, -88724, -445214, -577 
1720184723792.00, -88306, -447130, -566 
1720184723814.00, -87223, -449034, -618 
1720184723836.00, -89602, -450942, -620 
1720184723857.00, -91037, -452873, -624 
1720184723879.00, -92192, -454856, -615 
1720184723900.00, -92290, -456844, -606 
1720184723922.00, -91546, -458848, -637 
1720184723943.00, -93010, -460839, -628 
1720184723966.00, -93230, -462844, -638 
1720184723987.00, -94111, -464868, -614 
1720184724009.00, -92979, -466902, -602 
1720184724030.00, -91511, -468918, -626 
1720184724052.00, -92035, -470913, -606 
1720184724074.00, -91313, -472892, -647 
1720184724095.00, -92980, -474880, -695 
1720184724116.00, -97003, -476901, -666 
1720184724138.00, -97529, -478992, -680 
1720184724160.00, -98449, -481103, -660 
1720184724182.00, -97984, -483244, -673 
1720184724204.00, -98252, -485376, -728 
1720184724225.00, -101699, -487511, -679 
1720184724246.00, -100822, -489711, -682 
1720184724269.00, -100431, -491917, -686 
1720184724290.00, -100324, -494108, -696 
1720184724312.00, -100923, -496281, -720 
1720184724334.00, -102677, -498473, -735 
1720184724355.00, -104377, -500721, -695 
1720184724377.00, -103135, -502994, -641 
1720184724399.00, -99165, -505222, -676 
1720184724420.00, -98431, -507386, -696 
1720184724442.00, -99473, -509523, -669 
1720184724464.00, -98574, -511672, -676 
1720184724486.00, -98155, -513807, -665 
1720184724507.00, -97498, -515940, -642 
1720184724529.00, -95752, -518048, -647 
1720184724550.00, -94698, -520134, -643 
1720184724572.00, -93945, -522170, -675 
1720184724594.00, -95357, -524216, -694 
1720184724615.00, -97265, -526292, -709 
1720184724637.00, -99385, -528387, -731 
1720184724658.00, -101804, -530546, -747 
1720184724681.00, -104287, -532773, -758 
1720184724701.00, -106354, -535038, -773 
1720184724723.00, -108591, -537353, -750 
1720184724746.00, -108601, -539720, -733 
1720184724767.00, -107329, -542080, -730 
1720184724789.00, -106220, -544407, -763 
1720184724811.00, -107443, -546714, -742 
1720184724832.00, -106993, -549065, -708 
1720184724854.00, -104802, -551391, -733 
1720184724876.00, -104931, -553667, -769 
1720184724898.00, -107250, -555962, -754 
1720184724925.00, -107737, -558282, -727 
1720184724941.00, -106237, -560630, -752 
1720184724963.00, -106640, -562932, -777 
1720184724985.00, -108518, -565262, -742 
1720184725006.00, -107575, -567621, -742 
1720184725027.00, -106832, -569960, -766 
1720184725050.00, -107973, -572287, -741 
1720184725071.00, -107158, -574642, -726 
1720184725094.00, -105684, -576961, -728 
1720184725115.00, -104687, -579250, -718 
1720184725137.00, -103590, -581534, -670 
1720184725158.00, -100256, -583787, -676 
1720184725180.00, -98203, -585961, -667 
1720184725202.00, -96435, -588088, -638 
1720184725224.00, -94060, -590176, -630 
1720184725245.00, -91780, -592214, -626 
1720184725266.00, -90215, -594197, -558 
1720184725288.00, -51250, -596125, -502 
1720184725310.00, -28024, -597256, -475 
1720184725331.00, -14201, -597889, -383 
1720184725353.00, -6327, -598212, -303 
1720184725375.00, -1676, -598357, -273 
1720184725396.00, 177, -598399, -211 
1720184725417.00, 1825, -598397, -137 
1720184725439.00, 2825, -598360, -63 
1720184725465.00, 3356, -598292, 11 
1720184725482.00, 4550, -598216, 61 
1720184725504.00, 8188, -598112, 144 
1720184725525.00, 14995, -597931, 242 
1720184725547.00, 25238, -597605, 305 
1720184725569.00, 34930, -597068, 357 
1720184725590.00, 43692, -596319, 427 
1720184725612.00, 53044, -595395, 406 
1720184725634.00, 57180, -594235, 486 
1720184725654.00, 64453, -592993, 512 
1720184725677.00, 70440, -591601, 537 
1720184725698.00, 75148, -590065, 608 
1720184725720.00, 82175, -588442, 609 
1720184725742.00, 86353, -586650, 632 
1720184725764.00, 90305, -584775, 665 
1720184725785.00, 94549, -582817, 680 
1720184725807.00, 97663, -580768, 694 
1720184725828.00, 100531, -578646, 705 
1720184725850.00, 102853, -576456, 718 
1720184725871.00, 104841, -574218, 718 
1720184725893.00, 105922, -571942, 750 
1720184725915.00, 108442, -569637, 756 
1720184725937.00, 110047, -567269, 762 
1720184725959.00, 111409, -564866, 785 
1720184725980.00, 113545, -562443, 799 
1720184726002.00, 115707, -559966, 824 
1720184726024.00, 118262, -557445, 829 
1720184726045.00, 120059, -554875, 839 
1720184726067.00, 121652, -552255, 857 
1720184726089.00, 123674, -549610, 876 
1720184726111.00, 126008, -546915, 877 
1720184726133.00, 127371, -544169, 866 
1720184726154.00, 127374, -541392, 872 
1720184726176.00, 127755, -538633, 874 
1720184726198.00, 127848, -535859, 884 
1720184726220.00, 128579, -533065, 908 
1720184726241.00, 130349, -530265, 934 
1720184726263.00, 132986, -527418, 933 
1720184726285.00, 134418, -524532, 927 
1720184726306.00, 134826, -521605, 941 
1720184726328.00, 135941, -518666, 946 
1720184726350.00, 136775, -515708, 957 
1720184726371.00, 137943, -512730, 957 
1720184726393.00, 138525, -509741, 949 
1720184726415.00, 138258, -506726, 935 
1720184726437.00, 137168, -503720, 934 
1720184726459.00, 136440, -500729, 923 
1720184726480.00, 135372, -497760, 910 
1720184726502.00, 133703, -494814, 896 
1720184726524.00, 131948, -491901, 867 
1720184726545.00, 129180, -489042, 840 
1720184726567.00, 125795, -486235, 846 
1720184726589.00, 124197, -483499, 850 
1720184726610.00, 123277, -480798, 857 
1720184726632.00, 123288, -478115, 839 
1720184726654.00, 122154, -475433, 838 
1720184726675.00, 121370, -472778, 810 
1720184726697.00, 119214, -470139, 783 
1720184726720.00, 116100, -467551, 754 
1720184726741.00, 112501, -465030, 746 
1720184726762.00, 109792, -462581, 721 
1720184726784.00, 106865, -460185, 698 
1720184726806.00, 103653, -457883, 688 
1720184726827.00, 101202, -455621, 683 
1720184726849.00, 99367, -453419, 666 
1720184726871.00, 97179, -451271, 670 
1720184726893.00, 96153, -449165, 622 
1720184726914.00, 92663, -447080, 601 
1720184726936.00, 89316, -445085, 588 
1720184726958.00, 86804, -443149, 581 
1720184726979.00, 84513, -441277, 571 
1720184727001.00, 82453, -439447, 543 
1720184727023.00, 79777, -437662, 523 
1720184727044.00, 76952, -435938, 471 
1720184727066.00, 72073, -434276, 419 
1720184727087.00, 65869, -432714, 385 
1720184727111.00, 60379, -431295, 339 
1720184727130.00, 33708, -429990, 303 
1720184727152.00, 18102, -429244, 256 
1720184727173.00, 8854, -428841, 259 
1720184727195.00, 3395, -428641, 273 
1720184727217.00, 42, -428562, 287 
1720184727238.00, -1273, -428553, 282 
1720184727260.00, -2503, -428573, 243 
1720184727281.00, -3332, -428629, 160 
1720184727302.00, -3970, -428704, 91 
1720184727324.00, -4168, -428797, -18 
1720184727345.00, -5296, -428897, -137 
1720184727367.00, -13101, -429018, -254 
1720184727389.00, -24543, -429291, -305 
1720184727410.00, -34777, -429803, -311 
1720184727432.00, -40960, -430557, -530 
1720184727453.00, -57554, -431441, -490 
1720184727475.00, -65194, -432673, -543 
1720184727497.00, -72692, -434090, -554 
1720184727519.00, -77790, -435672, -546 
1720184727540.00, -80327, -437355, -563 
1720184727562.00, -82657, -439099, -611 
1720184727584.00, -86762, -440888, -604 
1720184727605.00, -88625, -442765, -606 
1720184727627.00, -89878, -444702, -622 
1720184727649.00, -91469, -446641, -618 
1720184727670.00, -92151, -448624, -627 
1720184727691.00, -92977, -450626, -603 
1720184727714.00, -92019, -452642, -620 
1720184727735.00, -92261, -454642, -610 
1720184727757.00, -91974, -456629, -603 
1720184727778.00, -91156, -458626, -610 
1720184727799.00, -91266, -460607, -597 
1720184727821.00, -90240, -462572, -617 
1720184727843.00, -90876, -464541, -636 
1720184727865.00, -92290, -466501, -660 
1720184727887.00, -94343, -468513, -671 
1720184727908.00, -96439, -470568, -639 
1720184727930.00, -95750, -472638, -633 
1720184727951.00, -94574, -474721, -655 
1720184727972.00, -95508, -476777, -593 
1720184727995.00, -91867, -478835, -592 
1720184728016.00, -89964, -480841, -604 
1720184728038.00, -89320, -482777, -610 
1720184728060.00, -89283, -484727, -609 
1720184728081.00, -89451, -486660, -617 
1720184728103.00, -89879, -488595, -680 
1720184728124.00, -93809, -490554, -674 
1720184728146.00, -95719, -492578, -633 
1720184728168.00, -94621, -494652, -650 
1720184728189.00, -94727, -496694, -614 
1720184728210.00, -92670, -498734, -591 
1720184728233.00, -89795, -500763, -607 
1720184728254.00, -89173, -502705, -654 
1720184728276.00, -91585, -504636, -672 
1720184728297.00, -94159, -506623, -637 
1720184728319.00, -93374, -508659, -684 
1720184728341.00, -95745, -510698, -698 
1720184728363.00, -97841, -512759, -636 
1720184728384.00, -95614, -514873, -643 
1720184728406.00, -94449, -516960, -668 
1720184728428.00, -95392, -519007, -666 
1720184728449.00, -95672, -521065, -693 
1720184728471.00, -97554, -523148, -682 
1720184728492.00, -97949, -525258, -682 
1720184728514.00, -98168, -527380, -688 
1720184728536.00, -98596, -529505, -709 
1720184728557.00, -100083, -531629, -680 
1720184728579.00, -99293, -533822, -670 
1720184728601.00, -98139, -535974, -697 
1720184728622.00, -98906, -538082, -715 
1720184728646.00, -100415, -540231, -659 
1720184728666.00, -98015, -542423, -664 
1720184728687.00, -96882, -544538, -665 
1720184728709.00, -96116, -546627, -682 
1720184728731.00, -96703, -548720, -655 
1720184728756.00, -95198, -550817, -695 
1720184728773.00, -97176, -552890, -689 
1720184728795.00, -97784, -554975, -647 
1720184728817.00, -95787, -557092, -676 
1720184728838.00, -95851, -559174, -655 
1720184728860.00, -94868, -561240, -632 
1720184728882.00, -92891, -563290, -646 
1720184728903.00, -92448, -565313, -630 
1720184728926.00, -91108, -567314, -630 
1720184728947.00, -90443, -569293, -643 
1720184728973.00, -90619, -571233, -623 
1720184728990.00, -89684, -573214, -639 
1720184729011.00, -90085, -575161, -631 
1720184729033.00, -89855, -577097, -614 
1720184729055.00, -88710, -579050, -631 
1720184729082.00, -88801, -580964, -616 
1720184729098.00, -88100, -582899, -619 
1720184729120.00, -87864, -584809, -603 
1720184729141.00, -86763, -586702, -601 
1720184729163.00, -86001, -588582, -594 
1720184729186.00, -85106, -590438, -571 
1720184729206.00, -82858, -592281, -551 
1720184729228.00, -80391, -594081, -516 
1720184729250.00, -45806, -595806, -481 
1720184729271.00, -24916, -596807, -431 
1720184729294.00, -12831, -597369, -343 
1720184729314.00, -5466, -597660, -327 
1720184729336.00, -1239, -597787, -276 
1720184729357.00, 498, -597818, -219 
1720184729379.00, 1874, -597813, -158 
1720184729400.00, 2683, -597773, -89 
1720184729422.00, 3239, -597710, -13 
1720184729443.00, 3628, -597635, 62 
1720184729465.00, 7685, -597546, 143 
1720184729487.00, 14950, -597380, 223 
1720184729509.00, 23741, -597062, 280 
1720184729530.00, 32538, -596553, 366 
1720184729552.00, 42683, -595864, 431 
1720184729574.00, 52741, -594953, 434 
1720184729595.00, 58614, -593802, 515 
1720184729617.00, 67226, -592534, 557 
1720184729638.00, 74757, -591076, 551 
1720184729660.00, 78656, -589456, 643 
1720184729682.00, 86304, -587752, 655 
1720184729703.00, 91686, -585878, 676 
1720184729725.00, 96026, -583891, 681 
1720184729746.00, 98859, -581810, 697 
1720184729768.00, 101218, -579664, 706 
1720184729790.00, 103189, -577452, 701 
1720184729811.00, 103991, -575214, 724 
1720184729834.00, 105861, -572955, 727 
1720184729855.00, 107069, -570647, 734 
1720184729877.00, 108084, -568317, 756 
1720184729898.00, 110036, -565972, 767 
1720184729920.00, 111655, -563576, 785 
1720184729942.00, 113704, -561136, 816 
1720184729964.00, 116644, -558668, 825 
1720184729986.00, 118830, -556131, 832 
1720184730007.00, 120396, -553540, 832 
1720184730029.00, 121503, -550910, 825 
1720184730051.00, 121632, -548270, 836 
1720184730072.00, 122156, -545625, 848 
1720184730093.00, 123254, -542970, 851 
1720184730116.00, 124123, -540280, 859 
1720184730138.00, 125108, -537586, 877 
1720184730159.00, 126554, -534865, 889 
1720184730180.00, 128113, -532099, 893 
1720184730203.00, 129138, -529323, 897 
1720184730224.00, 129885, -526522, 907 
1720184730246.00, 130842, -523684, 915 
1720184730268.00, 131968, -520826, 901 
1720184730290.00, 131770, -517961, 912 
1720184730311.00, 132297, -515093, 922 
1720184730333.00, 133291, -512206, 926 
1720184730355.00, 133955, -509318, 929 
1720184730377.00, 134427, -506415, 935 
1720184730398.00, 134907, -503486, 938 
1720184730419.00, 135235, -500552, 934 
1720184730441.00, 135008, -497602, 934 
1720184730464.00, 135044, -494659, 909 
1720184730485.00, 133587, -491716, 900 
1720184730507.00, 131958, -488818, 900 
1720184730529.00, 131107, -485940, 895 
1720184730550.00, 130195, -483094, 889 
1720184730572.00, 129283, -480265, 855 
1720184730594.00, 126469, -477461, 825 
1720184730622.00, 123021, -474698, 807 
1720184730637.00, 119844, -472032, 764 
1720184730659.00, 115472, -469419, 748 
1720184730681.00, 111866, -466915, 753 
1720184730703.00, 110041, -464490, 759 
1720184730729.00, 109222, -462086, 756 
1720184730746.00, 108663, -459706, 746 
1720184730768.00, 107635, -457355, 741 
1720184730789.00, 106658, -455016, 702 
1720184730811.00, 103720, -452695, 677 
1720184730833.00, 100449, -450440, 663 
1720184730855.00, 97695, -448260, 661 
1720184730876.00, 95743, -446143, 642 
1720184730898.00, 93740, -444070, 635 
1720184730919.00, 91926, -442037, 634 
1720184730941.00, 90810, -440047, 639 
1720184730962.00, 90257, -438083, 644 
1720184730985.00, 90730, -436118, 635 
1720184731006.00, 90190, -434157, 632 
1720184731027.00, 89631, -432205, 634 
1720184731050.00, 51191, -430271, 650 
1720184731071.00, 28023, -429162, 636 
1720184731093.00, 14455, -428529, 648 
1720184731114.00, 6533, -428208, 644 
1720184731135.00, 1882, -428062, 623 
1720184731158.00, -171, -428022, 543 
1720184731178.00, -1931, -428027, 418 
1720184731200.00, -3041, -428069, 323 
1720184731221.00, -3820, -428139, 220 
1720184731243.00, -4180, -428228, 118 
1720184731264.00, -4288, -428326, 20 
1720184731286.00, -4175, -428422, -64 
1720184731307.00, -7807, -428520, -148 
1720184731329.00, -15156, -428693, -208 
1720184731350.00, -23084, -429016, -266 
1720184731372.00, -31058, -429504, -334 
1720184731393.00, -40052, -430162, -310 
1720184731415.00, -43836, -431037, -442 
1720184731436.00, -54037, -431986, -389 
1720184731458.00, -56902, -433138, -409 
1720184731482.00, -59634, -434384, -449 
1720184731502.00, -63397, -435677, -458 
1720184731524.00, -66135, -437054, -470 
1720184731545.00, -68572, -438500, -502 
1720184731567.00, -71992, -439974, -513 
1720184731590.00, -74663, -441541, -510 
1720184731610.00, -76026, -443153, -546 
1720184731631.00, -78856, -444804, -540 
1720184731654.00, -79974, -446502, -538 
1720184731675.00, -80316, -448240, -522 
1720184731697.00, -79612, -449976, -524 
1720184731718.00, -79337, -451717, -520 
1720184731740.00, -78857, -453426, -531 
1720184731761.00, -79277, -455138, -520 
1720184731783.00, -78883, -456841, -530 
1720184731805.00, -79149, -458552, -551 
1720184731828.00, -80203, -460267, -560 
1720184731847.00, -81356, -462012, -566 
1720184731870.00, -82518, -463767, -544 
1720184731891.00, -81973, -465555, -570 
1720184731913.00, -83121, -467343, -604 
1720184731935.00, -85447, -469137, -633 
1720184731956.00, -88694, -471006, -625 
1720184731978.00, -90405, -472912, -645 
1720184732000.00, -92360, -474876, -652 
1720184732021.00, -93902, -476877, -618 
1720184732042.00, -92717, -478909, -648 
1720184732064.00, -93889, -480924, -671 
1720184732086.00, -95709, -482945, -650 
1720184732108.00, -95658, -485032, -654 
1720184732128.00, -95706, -487104, -653 
1720184732151.00, -95489, -489162, -631 
1720184732172.00, -94158, -491241, -597 
1720184732194.00, -91240, -493286, -577 
1720184732215.00, -88171, -495252, -571 
1720184732237.00, -86140, -497168, -552 
1720184732259.00, -83712, -499023, -562 
1720184732281.00, -82565, -500852, -594 
1720184732302.00, -83921, -502642, -581 
1720184732323.00, -84126, -504468, -658 
1720184732345.00, -88743, -506284, -693 
1720184732367.00, -93572, -508211, -655 
1720184732388.00, -94146, -510244, -663 
1720184732410.00, -94984, -512274, -626 
1720184732432.00, -93000, -514328, -649 
1720184732454.00, -93320, -516361, -622 
1720184732475.00, -91789, -518373, -632 
1720184732497.00, -91381, -520376, -648 
1720184732518.00, -92268, -522354, -679 
1720184732540.00, -94506, -524353, -705 
1720184732561.00, -97454, -526410, -653 
1720184732584.00, -96228, -528512, -670 
1720184732606.00, -96140, -530587, -698 
1720184732626.00, -97963, -532686, -675 
1720184732649.00, -97634, -534806, -664 
1720184732671.00, -96761, -536928, -697 
1720184732694.00, -98203, -539010, -644 
1720184732713.00, -95933, -541138, -637 
1720184732735.00, -94052, -543228, -694 
1720184732757.00, -96003, -545252, -686 
1720184732778.00, -97000, -547330, -676 
1720184732800.00, -96633, -549448, -644 
1720184732822.00, -94778, -551534, -648 
1720184732843.00, -93685, -553591, -653 
1720184732865.00, -93572, -555626, -629 
1720184732887.00, -92033, -557644, -647 
1720184732908.00, -92065, -559645, -673 
1720184732930.00, -93595, -561631, -642 
1720184732951.00, -92767, -563660, -681 
1720184732973.00, -94434, -565687, -696 
1720184732994.00, -96438, -567725, -668 
1720184733027.00, -95875, -569813, -683 
1720184733038.00, -96207, -571885, -665 
1720184733059.00, -95651, -573981, -659 
1720184733081.00, -94714, -576059, -648 
1720184733103.00, -93716, -578100, -638 
1720184733126.00, -92521, -580122, -628 
1720184733146.00, -91220, -582135, -616 
1720184733168.00, -89424, -584093, -581 
1720184733189.00, -86295, -586036, -580 
1720184733211.00, -84368, -587901, -548 
1720184733233.00, -81616, -589729, -527 
1720184733255.00, -78355, -591485, -470 
1720184733276.00, -72907, -593180, -442 
1720184733298.00, -41086, -594748, -403 
1720184733319.00, -22309, -595657, -327 
1720184733340.00, -10951, -596154, -234 
1720184733362.00, -4372, -596405, -215 
1720184733384.00, -609, -596511, -205 
1720184733406.00, 924, -596528, -158 
1720184733427.00, 2189, -596519, -98 
1720184733449.00, 3171, -596473, -28 
1720184733470.00, 3709, -596402, 53 
1720184733492.00, 6875, -596316, 141 
1720184733513.00, 13872, -596162, 234 
1720184733534.00, 23907, -595866, 288 
1720184733557.00, 33225, -595359, 351 
1720184733578.00, 42169, -594646, 416 
1720184733600.00, 51428, -593735, 432 
1720184733622.00, 57892, -592626, 479 
1720184733643.00, 64312, -591368, 550 
1720184733665.00, 72477, -589972, 529 
1720184733687.00, 75888, -588404, 579 
1720184733708.00, 80950, -586753, 606 
1720184733730.00, 85693, -584998, 616 
1720184733751.00, 88785, -583142, 640 
1720184733773.00, 92089, -581213, 656 
1720184733794.00, 94972, -579223, 687 
1720184733816.00, 98462, -577157, 691 
1720184733838.00, 100622, -575032, 689 
1720184733860.00, 101775, -572836, 708 
1720184733881.00, 103555, -570625, 720 
1720184733903.00, 105008, -568373, 731 
1720184733925.00, 106685, -566083, 733 
1720184733947.00, 107682, -563758, 747 
1720184733968.00, 108983, -561411, 759 
1720184733990.00, 110393, -559044, 764 
1720184734011.00, 111411, -556634, 775 
1720184734034.00, 112723, -554209, 783 
1720184734054.00, 113982, -551749, 787 
1720184734077.00, 114957, -549275, 813 
1720184734098.00, 117158, -546774, 810 
1720184734120.00, 118025, -544222, 801 
1720184734142.00, 118165, -541653, 832 
1720184734164.00, 119751, -539085, 837 
1720184734186.00, 120938, -536485, 822 
1720184734207.00, 120816, -533840, 798 
1720184734228.00, 119194, -531214, 777 
1720184734251.00, 117102, -528622, 796 
1720184734272.00, 116624, -526089, 794 
1720184734294.00, 116369, -523553, 813 
1720184734316.00, 117099, -521012, 834 
1720184734338.00, 118950, -518462, 843 
1720184734359.00, 120546, -515869, 852 
1720184734381.00, 121791, -513247, 853 
1720184734402.00, 122620, -510594, 855 
1720184734425.00, 123324, -507920, 847 
1720184734446.00, 123092, -505242, 821 
1720184734468.00, 121330, -502563, 803 
1720184734490.00, 119190, -499926, 789 
1720184734511.00, 116879, -497343, 778 
1720184734533.00, 115131, -494785, 776 
1720184734554.00, 113768, -492280, 797 
1720184734576.00, 114216, -489819, 809 
1720184734598.00, 115038, -487329, 809 
1720184734620.00, 115579, -484822, 782 
1720184734642.00, 114344, -482307, 773 
1720184734663.00, 113026, -479814, 785 
1720184734685.00, 112682, -477372, 792 
1720184734707.00, 112960, -474902, 784 
1720184734729.00, 112557, -472448, 777 
1720184734751.00, 111996, -469992, 783 
1720184734772.00, 112087, -467559, 779 
1720184734793.00, 111772, -465127, 752 
1720184734816.00, 110056, -462685, 735 
1720184734837.00, 107883, -460300, 718 
1720184734859.00, 105568, -457961, 705 
1720184734881.00, 103485, -455658, 675 
1720184734902.00, 100360, -453407, 663 
1720184734924.00, 97693, -451235, 666 
1720184734946.00, 96336, -449114, 656 
1720184734968.00, 94876, -447023, 649 
1720184734989.00, 93461, -444980, 646 
1720184735011.00, 92723, -442945, 628 
1720184735033.00, 91114, -440944, 634 
1720184735054.00, 90375, -438972, 631 
1720184735076.00, 89847, -437007, 617 
1720184735100.00, 88654, -435070, 608 
1720184735119.00, 87369, -433148, 606 
1720184735141.00, 86426, -431261, 606 
1720184735162.00, 49314, -429396, 582 
1720184735184.00, 27108, -428333, 609 
1720184735206.00, 13933, -427714, 644 
1720184735227.00, 6400, -427394, 673 
1720184735249.00, 1862, -427253, 643 
1720184735270.00, -93, -427213, 561 
1720184735291.00, -1650, -427214, 448 
1720184735313.00, -2786, -427250, 389 
1720184735334.00, -3546, -427313, 304 
1720184735355.00, -3859, -427392, 236 
1720184735377.00, -4008, -427482, 148 
1720184735399.00, -3970, -427572, 87 
1720184735420.00, -4072, -427663, 18 
1720184735441.00, -3951, -427762, -62 
1720184735463.00, -7659, -427853, -127 
1720184735484.00, -13730, -428021, -192 
1720184735506.00, -20979, -428321, -283 
1720184735529.00, -30903, -428769, -327 
1720184735549.00, -39413, -429417, -327 
1720184735571.00, -44075, -430258, -354 
1720184735593.00, -48715, -431219, -331 
1720184735614.00, -50096, -432274, -355 
1720184735637.00, -52064, -433351, -352 
1720184735657.00, -53237, -434493, -403 
1720184735679.00, -56808, -435649, -428 
1720184735701.00, -60723, -436876, -454 
1720184735723.00, -64240, -438200, -473 
1720184735744.00, -67291, -439583, -502 
1720184735765.00, -70787, -441046, -520 
1720184735788.00, -74070, -442590, -531 
1720184735809.00, -76544, -444199, -525 
1720184735830.00, -77544, -445855, -577 
1720184735852.00, -81220, -447543, -577 
1720184735874.00, -83300, -449291, -570 
1720184735895.00, -84160, -451114, -550 
1720184735917.00, -83454, -452928, -540 
1720184735938.00, -82236, -454747, -554 
1720184735960.00, -82437, -456519, -554 
1720184735981.00, -82460, -458312, -561 
1720184736004.00, -83058, -460093, -557 
1720184736025.00, -82871, -461892, -594 
1720184736047.00, -84828, -463684, -565 
1720184736069.00, -84536, -465517, -567 
1720184736091.00, -84296, -467364, -538 
1720184736112.00, -82139, -469176, -536 
1720184736133.00, -80656, -470968, -499 
1720184736155.00, -77809, -472699, -462 
1720184736177.00, -73569, -474397, -479 
1720184736198.00, -72294, -475983, -467 
1720184736220.00, -70761, -477560, -452 
1720184736242.00, -68867, -479082, -463 
1720184736263.00, -68331, -480582, -527 
1720184736285.00, -72213, -482050, -525 
1720184736306.00, -74203, -483625, -507 
1720184736328.00, -74290, -485226, -543 
1720184736350.00, -76523, -486841, -581 
1720184736371.00, -79962, -488484, -600 
1720184736393.00, -83127, -490221, -559 
1720184736415.00, -82396, -492017, -556 
1720184736436.00, -81745, -493814, -563 
1720184736457.00, -81774, -495576, -564 
1720184736480.00, -81765, -497349, -558 
1720184736501.00, -81411, -499118, -527 
1720184736522.00, -79251, -500895, -559 
1720184736545.00, -79853, -502605, -559 
1720184736567.00, -80045, -504342, -610 
1720184736588.00, -83524, -506074, -596 
1720184736610.00, -84803, -507889, -600 
1720184736634.00, -85629, -509735, -615 
1720184736652.00, -87054, -511581, -673 
1720184736674.00, -91226, -513469, -661 
1720184736695.00, -92954, -515441, -643 
1720184736718.00, -92947, -517465, -671 
1720184736740.00, -94638, -519484, -642 
1720184736761.00, -93827, -521520, -677 
1720184736783.00, -95154, -523561, -681 
1720184736804.00, -96409, -525632, -666 
1720184736826.00, -96219, -527718, -682 
1720184736848.00, -96795, -529803, -665 
1720184736869.00, -96421, -531894, -660 
1720184736891.00, -95639, -533988, -671 
1720184736913.00, -95957, -536074, -645 
1720184736934.00, -94610, -538134, -661 
1720184736963.00, -94618, -540191, -686 
1720184736977.00, -96142, -542244, -656 
1720184736999.00, -95086, -544325, -687 
1720184737020.00, -96599, -546391, -675 
1720184737042.00, -96628, -548476, -645 
1720184737067.00, -94903, -550576, -683 
1720184737086.00, -95954, -552632, -670 
1720184737106.00, -95863, -554697, -638 
1720184737129.00, -93854, -556779, -651 
1720184737151.00, -93281, -558816, -600 
1720184737176.00, -89943, -560824, -570 
1720184737194.00, -86268, -562769, -546 
1720184737215.00, -82554, -564633, -515 
1720184737237.00, -78321, -566426, -523 
1720184737258.00, -76243, -568129, -547 
1720184737280.00, -76416, -569779, -551 
1720184737302.00, -76729, -571430, -541 
1720184737323.00, -76450, -573097, -539 
1720184737346.00, -76151, -574763, -547 
1720184737367.00, -76588, -576416, -545 
1720184737388.00, -76735, -578068, -547 
1720184737409.00, -76760, -579719, -554 
1720184737432.00, -77278, -581394, -540 
1720184737453.00, -76824, -583073, -562 
1720184737475.00, -77875, -584740, -560 
1720184737501.00, -78563, -586416, -552 
1720184737519.00, -78301, -588114, -554 
1720184737540.00, -78409, -589813, -567 
1720184737562.00, -79010, -591511, -562 
1720184737583.00, -79197, -593215, -547 
1720184737606.00, -45260, -594914, -541 
1720184737626.00, -24696, -595910, -530 
1720184737648.00, -12641, -596466, -468 
1720184737670.00, -5406, -596751, -419 
1720184737691.00, -1319, -596878, -411 
1720184737713.00, 175, -596911, -352 
1720184737734.00, 1632, -596908, -278 
1720184737756.00, 2709, -596875, -207 
1720184737777.00, 3386, -596814, -114 
1720184737799.00, 3755, -596738, -33 
1720184737821.00, 3809, -596654, 46 
1720184737842.00, 6627, -596566, 123 
1720184737864.00, 12591, -596416, 202 
1720184737886.00, 20879, -596147, 270 
1720184737906.00, 30157, -595699, 345 
1720184737928.00, 39950, -595055, 418 
1720184737950.00, 50256, -594192, 452 
1720184737972.00, 58192, -593107, 560 
1720184737994.00, 69667, -591849, 553 
1720184738015.00, 75916, -590334, 586 
1720184738037.00, 81391, -588700, 636 
1720184738058.00, 87525, -586922, 636 
1720184738080.00, 91298, -585026, 679 
1720184738102.00, 95968, -583049, 686 
1720184738124.00, 99084, -580967, 701 
1720184738145.00, 101724, -578819, 741 
1720184738167.00, 105480, -576601, 746 
1720184738189.00, 108030, -574309, 766 
1720184738210.00, 110676, -571958, 789 
1720184738231.00, 113515, -569544, 806 
1720184738255.00, 116129, -567063, 807 
1720184738276.00, 117833, -564538, 840 
1720184738297.00, 120820, -561974, 837 
1720184738319.00, 122094, -559351, 854 
1720184738341.00, 124007, -556690, 866 
1720184738363.00, 125826, -553989, 894 
1720184738384.00, 128232, -551255, 882 
1720184738406.00, 128943, -548459, 901 
1720184738427.00, 130499, -545657, 905 
1720184738449.00, 131580, -542819, 910 
1720184738471.00, 132408, -539946, 928 
1720184738493.00, 133931, -537061, 917 
1720184738514.00, 134168, -534151, 914 
1720184738536.00, 134152, -531218, 924 
1720184738558.00, 134589, -528313, 928 
1720184738580.00, 135058, -525384, 929 
1720184738601.00, 135428, -522452, 927 
1720184738623.00, 135391, -519509, 929 
1720184738645.00, 135243, -516558, 919 
1720184738667.00, 134563, -513612, 904 
1720184738688.00, 133229, -510688, 900 
1720184738710.00, 132192, -507789, 900 
1720184738732.00, 131523, -504914, 906 
1720184738753.00, 131385, -502062, 902 
1720184738775.00, 131220, -499193, 870 
1720184738797.00, 128928, -496342, 854 
1720184738819.00, 126603, -493552, 838 
1720184738841.00, 124276, -490800, 825 
1720184738862.00, 121910, -488089, 805 
1720184738884.00, 119156, -485448, 790 
1720184738905.00, 116723, -482844, 799 
1720184738927.00, 115923, -480314, 770 
1720184738948.00, 113465, -477797, 761 
1720184738970.00, 111556, -475323, 751 
1720184738992.00, 109948, -472901, 734 
1720184739014.00, 107806, -470517, 732 
1720184739036.00, 106347, -468169, 716 
1720184739058.00, 104504, -465854, 698 
1720184739080.00, 102631, -463585, 694 
1720184739102.00, 100929, -461370, 685 
1720184739122.00, 99185, -459163, 666 
1720184739144.00, 97377, -457021, 662 
1720184739166.00, 95929, -454917, 666 
1720184739188.00, 95362, -452839, 657 
1720184739210.00, 94256, -450774, 657 
1720184739231.00, 93606, -448730, 666 
1720184739255.00, 93980, -446692, 673 
1720184739275.00, 94371, -444673, 667 
1720184739296.00, 94452, -442621, 660 
1720184739317.00, 93918, -440577, 666 
1720184739339.00, 93869, -438543, 687 
1720184739360.00, 95384, -436505, 677 
1720184739382.00, 95543, -434446, 691 
1720184739404.00, 96237, -432376, 678 
1720184739425.00, 55117, -430296, 683 
1720184739447.00, 30237, -429097, 733 
1720184739469.00, 16039, -428421, 720 
1720184739490.00, 7403, -428070, 729 
1720184739512.00, 2444, -427900, 705 
1720184739533.00, -45, -427847, 633 
1720184739555.00, -1746, -427849, 510 
1720184739576.00, -2956, -427884, 379 
1720184739597.00, -3618, -427951, 292 
1720184739619.00, -4156, -428037, 201 
1720184739640.00, -4287, -428133, 102 
1720184739662.00, -4136, -428233, 13 
1720184739687.00, -4020, -428335, -57 
1720184739704.00, -7194, -428420, -110 
1720184739727.00, -12255, -428581, -167 
1720184739748.00, -19077, -428847, -215 
1720184739770.00, -25680, -429248, -249 
1720184739791.00, -31601, -429793, -267 
1720184739814.00, -36270, -430472, -295 
1720184739835.00, -40420, -431261, -322 
1720184739857.00, -44972, -432132, -304 
1720184739878.00, -46303, -433102, -426 
1720184739900.00, -54174, -434101, -359 
1720184739921.00, -54909, -435281, -389 
1720184739943.00, -56998, -436464, -389 
1720184739964.00, -58352, -437709, -419 
1720184739986.00, -60712, -438970, -435 
1720184740008.00, -63081, -440280, -450 
1720184740030.00, -65508, -441661, -483 
1720184740051.00, -68632, -443070, -485 
1720184740073.00, -70539, -444572, -474 
1720184740094.00, -71043, -446090, -481 
1720184740116.00, -71610, -447632, -469 
1720184740137.00, -71146, -449174, -461 
1720184740159.00, -70413, -450732, -444 
1720184740181.00, -69133, -452259, -451 
1720184740202.00, -68612, -453751, -462 
1720184740224.00, -68911, -455237, -484 
1720184740246.00, -70307, -456720, -482 
1720184740267.00, -70967, -458260, -508 
1720184740289.00, -72804, -459794, -510 
1720184740311.00, -73821, -461377, -518 
1720184740333.00, -75165, -462965, -487 
1720184740354.00, -73806, -464601, -510 
1720184740376.00, -74271, -466193, -499 
1720184740398.00, -73936, -467824, -499 
1720184740419.00, -73852, -469417, -478 
1720184740441.00, -72547, -471029, -500 
1720184740463.00, -73009, -472582, -492 
1720184740484.00, -72747, -474173, -509 
1720184740506.00, -73505, -475747, -506 
1720184740527.00, -73743, -477353, -507 
1720184740549.00, -74052, -478936, -491 
1720184740571.00, -73199, -480552, -498 
1720184740592.00, -73094, -482121, -504 
1720184740614.00, -73277, -483724, -523 
1720184740635.00, -74599, -485301, -524 
1720184740657.00, -75437, -486925, -522 
1720184740679.00, -75803, -488549, -538 
1720184740700.00, -76855, -490201, -565 
1720184740722.00, -79148, -491862, -557 
1720184740743.00, -79829, -493589, -551 
1720184740765.00, -79944, -495304, -549 
1720184740789.00, -79753, -497046, -559 
1720184740809.00, -80250, -498763, -542 
1720184740830.00, -79630, -500525, -558 
1720184740852.00, -80200, -502236, -539 
1720184740873.00, -79276, -503978, -547 
1720184740898.00, -79079, -505677, -521 
1720184740917.00, -77435, -507407, -537 
1720184740938.00, -77378, -509082, -516 
1720184740960.00, -76170, -510762, -544 
1720184740981.00, -77031, -512404, -533 
1720184741003.00, -76946, -514072, -554 
1720184741024.00, -78017, -515742, -546 
1720184741047.00, -78300, -517439, -564 
1720184741068.00, -79531, -519143, -570 
1720184741089.00, -80729, -520856, -603 
1720184741111.00, -83262, -522607, -615 
1720184741133.00, -85478, -524412, -643 
1720184741154.00, -88424, -526270, -634 
1720184741176.00, -89462, -528173, -620 
1720184741198.00, -89156, -530111, -597 
1720184741223.00, -87797, -532045, -553 
1720184741241.00, -84121, -533944, -548 
1720184741262.00, -81644, -535777, -498 
1720184741285.00, -77220, -537532, -513 
1720184741306.00, -75570, -539216, -544 
1720184741328.00, -76317, -540847, -568 
1720184741350.00, -78184, -542517, -608 
1720184741370.00, -81803, -544203, -639 
1720184741392.00, -85749, -545979, -661 
1720184741414.00, -89335, -547826, -653 
1720184741437.00, -91206, -549782, -662 
1720184741458.00, -92428, -551749, -640 
1720184741479.00, -92210, -553748, -646 
1720184741501.00, -92202, -555749, -617 
1720184741523.00, -90486, -557740, -582 
1720184741546.00, -87389, -559705, -587 
1720184741565.00, -85564, -561595, -575 
1720184741587.00, -83914, -563436, -570 
1720184741609.00, -82738, -565267, -553 
1720184741631.00, -80910, -567054, -562 
1720184741654.00, -80399, -568815, -558 
1720184741676.00, -79704, -570543, -545 
1720184741696.00, -78536, -572274, -554 
1720184741717.00, -78245, -573981, -543 
1720184741739.00, -77502, -575679, -549 
1720184741762.00, -77599, -577353, -540 
1720184741782.00, -76982, -579032, -562 
1720184741804.00, -77976, -580700, -560 
1720184741825.00, -78611, -582399, -572 
1720184741847.00, -79518, -584090, -566 
1720184741868.00, -79586, -585816, -574 
1720184741890.00, -80217, -587539, -539 
1720184741912.00, -78452, -589275, -553 
1720184741934.00, -78170, -590978, -539 
1720184741955.00, -77053, -592672, -537 
1720184741976.00, -76287, -594340, -525 
1720184741998.00, -43599, -595984, -499 
1720184742020.00, -23970, -596943, -504 
1720184742042.00, -12377, -597484, -469 
1720184742063.00, -5482, -597763, -435 
1720184742085.00, -1410, -597891, -427 
1720184742106.00, 168, -597925, -376 
1720184742128.00, 1539, -597922, -315 
1720184742150.00, 2463, -597892, -268 
1720184742171.00, 3001, -597840, -208 
1720184742193.00, 3263, -597769, -135 
1720184742214.00, 3430, -597695, -73 
1720184742236.00, 3565, -597619, -17 
1720184742257.00, 3554, -597539, 47 
1720184742279.00, 6378, -597455, 113 
1720184742300.00, 11931, -597307, 213 
1720184742322.00, 21258, -597048, 259 
1720184742344.00, 29681, -596597, 318 
1720184742365.00, 37920, -595968, 409 
1720184742386.00, 48249, -595154, 440 
1720184742409.00, 56350, -594112, 463 
1720184742430.00, 62290, -592892, 478 
1720184742452.00, 66704, -591543, 558 
1720184742474.00, 74038, -590089, 534 
1720184742495.00, 76895, -588486, 578 
1720184742517.00, 81212, -586811, 605 
1720184742538.00, 85431, -585054, 606 
1720184742560.00, 87907, -583196, 631 
1720184742582.00, 90763, -581291, 640 
1720184742603.00, 93094, -579325, 658 
1720184742625.00, 95343, -577305, 660 
1720184742647.00, 96751, -575248, 674 
1720184742668.00, 98205, -573151, 670 
1720184742690.00, 98941, -571015, 672 
1720184742712.00, 99357, -568873, 702 
1720184742733.00, 101241, -566714, 703 
1720184742755.00, 102439, -564507, 710 
1720184742777.00, 103608, -562285, 729 
1720184742799.00, 105390, -560026, 730 
1720184742820.00, 106425, -557726, 740 
1720184742842.00, 107597, -555425, 763 
1720184742864.00, 109697, -553071, 775 
1720184742885.00, 111665, -550683, 777 
1720184742907.00, 112766, -548251, 794 
1720184742929.00, 114421, -545810, 812 
1720184742950.00, 116426, -543316, 818 
1720184742972.00, 117809, -540772, 825 
1720184742994.00, 119153, -538206, 841 
1720184743016.00, 120839, -535620, 843 
1720184743037.00, 121800, -532986, 853 
1720184743059.00, 123045, -530337, 841 
1720184743081.00, 122811, -527662, 843 
1720184743103.00, 123006, -524981, 863 
1720184743125.00, 124303, -522313, 882 
1720184743146.00, 126055, -519619, 882 
1720184743168.00, 126790, -516873, 881 
1720184743189.00, 127242, -514102, 878 
1720184743211.00, 127447, -511330, 898 
1720184743233.00, 128630, -508553, 891 
1720184743254.00, 128854, -505764, 887 
1720184743276.00, 128888, -502966, 891 
1720184743298.00, 128840, -500165, 894 
1720184743319.00, 129038, -497366, 894 
1720184743342.00, 129161, -494553, 868 
1720184743362.00, 127510, -491736, 919 
1720184743385.00, 129691, -488970, 842 
1720184743407.00, 126367, -486149, 859 
1720184743428.00, 125435, -483411, 814 
1720184743450.00, 121922, -480692, 774 
1720184743472.00, 117318, -478048, 740 
1720184743494.00, 112413, -475499, 695 
1720184743517.00, 106888, -473061, 679 
1720184743537.00, 102500, -470749, 662 
1720184743559.00, 98913, -468512, 661 
1720184743580.00, 96842, -466363, 644 
1720184743602.00, 94672, -464283, 646 
1720184743626.00, 93067, -462224, 666 
1720184743646.00, 93562, -460204, 662 
1720184743667.00, 93521, -458189, 664 
1720184743689.00, 93800, -456154, 665 
1720184743710.00, 93918, -454124, 690 
1720184743734.00, 95473, -452091, 683 
1720184743753.00, 95914, -450011, 693 
1720184743775.00, 96753, -447938, 687 
1720184743797.00, 96916, -445842, 684 
1720184743818.00, 96843, -443739, 678 
1720184743844.00, 96481, -441649, 655 
1720184743862.00, 94891, -439554, 650 
1720184743883.00, 93774, -437500, 661 
1720184743905.00, 93578, -435478, 651 
1720184743927.00, 92897, -433454, 608 
1720184743948.00, 89593, -431448, 564 
1720184743970.00, 51025, -429519, 492 
1720184743991.00, 28080, -428417, 446 
1720184744013.00, 14474, -427783, 467 
1720184744034.00, 6626, -427453, 461 
1720184744056.00, 2087, -427305, 480 
1720184744078.00, -72, -427258, 444 
1720184744099.00, -1754, -427262, 359 
1720184744121.00, -2970, -427298, 277 
1720184744142.00, -3579, -427364, 208 
1720184744164.00, -3856, -427445, 145 
1720184744185.00, -4097, -427536, 66 
1720184744206.00, -4170, -427631, -5 
1720184744227.00, -4115, -427730, -89 
1720184744249.00, -9190, -427827, -159 
1720184744271.00, -16709, -428031, -222 
1720184744292.00, -25007, -428386, -276 
1720184744314.00, -32830, -428913, -299 
1720184744336.00, -39084, -429609, -305 
1720184744357.00, -42972, -430448, -367 
1720184744379.00, -49119, -431382, -340 
1720184744401.00, -50889, -432435, -354 
1720184744422.00, -52642, -433529, -353 
1720184744444.00, -53665, -434685, -350 
1720184744465.00, -53845, -435843, -385 
1720184744487.00, -56428, -437013, -421 
1720184744509.00, -59779, -438242, -433 
1720184744530.00, -62511, -439528, -451 
1720184744552.00, -65221, -440883, -452 
1720184744573.00, -66673, -442299, -452 
1720184744595.00, -67400, -443740, -460 
1720184744616.00, -68306, -445212, -468 
1720184744639.00, -69344, -446682, -471 
1720184744660.00, -70067, -448189, -477 
1720184744682.00, -71103, -449704, -483 
1720184744704.00, -71843, -451252, -478 
1720184744725.00, -72061, -452795, -449 
1720184744747.00, -70194, -454363, -468 
1720184744768.00, -70134, -455866, -487 
1720184744790.00, -71104, -457392, -495 
1720184744811.00, -72036, -458932, -477 
1720184744833.00, -71449, -460505, -483 
1720184744855.00, -71647, -462047, -502 
1720184744876.00, -72677, -463599, -513 
1720184744898.00, -73989, -465169, -521 
1720184744920.00, -75152, -466779, -495 
1720184744942.00, -74329, -468416, -494 
1720184744963.00, -73659, -470022, -476 
1720184744984.00, -72222, -471622, -467 
1720184745006.00, -70908, -473175, -445 
1720184745028.00, -68713, -474715, -480 
1720184745050.00, -69358, -476200, -471 
1720184745071.00, -69133, -477714, -483 
1720184745093.00, -69610, -479202, -497 
1720184745114.00, -70826, -480725, -541 
1720184745136.00, -74128, -482251, -537 
1720184745159.00, -76021, -483874, -546 
1720184745179.00, -77547, -485510, -556 
1720184745201.00, -78889, -487206, -561 
1720184745222.00, -80065, -488898, -539 
1720184745244.00, -79336, -490646, -537 
1720184745268.00, -78966, -492360, -510 
1720184745287.00, -77016, -494076, -518 
1720184745310.00, -76332, -495736, -509 
1720184745331.00, -75284, -497395, -518 
1720184745352.00, -75214, -499010, -510 
1720184745376.00, -74730, -500661, -529 
1720184745396.00, -75611, -502268, -538 
1720184745417.00, -76573, -503913, -554 
1720184745439.00, -78235, -505555, -535 
1720184745461.00, -77684, -507256, -566 
1720184745482.00, -79247, -508945, -560 
1720184745504.00, -79816, -510666, -569 
1720184745525.00, -80779, -512385, -558 
1720184745548.00, -80464, -514136, -569 
1720184745569.00, -81230, -515888, -533 
1720184745594.00, -79355, -517648, -569 
1720184745612.00, -80356, -519371, -554 
1720184745633.00, -79900, -521098, -545 
1720184745656.00, -79090, -522842, -547 
1720184745677.00, -78864, -524555, -544 
1720184745702.00, -78512, -526272, -543 
1720184745720.00, -78029, -527960, -531 
1720184745742.00, -77146, -529653, -487 
1720184745763.00, -74022, -531311, -474 
1720184745785.00, -71306, -532933, -499 
1720184745807.00, -71162, -534473, -489 
1720184745828.00, -70550, -536026, -508 
1720184745850.00, -71164, -537542, -551 
1720184745872.00, -74168, -539087, -587 
1720184745893.00, -78290, -540704, -592 
1720184745915.00, -80911, -542404, -610 
1720184745937.00, -83654, -544149, -633 
1720184745958.00, -86454, -545965, -644 
1720184745980.00, -88841, -547830, -610 
1720184746001.00, -88262, -549770, -620 
1720184746023.00, -88493, -551669, -604 
1720184746045.00, -87488, -553588, -634 
1720184746067.00, -88894, -555484, -589 
1720184746088.00, -86814, -557401, -592 
1720184746110.00, -85781, -559286, -593 
1720184746131.00, -85208, -561137, -581 
1720184746153.00, -84090, -562983, -599 
1720184746174.00, -84340, -564806, -574 
1720184746196.00, -83017, -566644, -578 
1720184746218.00, -82636, -568445, -559 
1720184746240.00, -81292, -570226, -558 
1720184746261.00, -80333, -571985, -555 
1720184746283.00, -79549, -573728, -543 
1720184746305.00, -78242, -575457, -544 
1720184746326.00, -77709, -577145, -531 
1720184746348.00, -76577, -578825, -536 
1720184746369.00, -75998, -580478, -504 
1720184746390.00, -73850, -582137, -491 
1720184746413.00, -71883, -583732, -448 
1720184746434.00, -67926, -585292, -451 
1720184746455.00, -65871, -586752, -442 
1720184746478.00, -64137, -588183, -428 
1720184746498.00, -62183, -589569, -420 
1720184746521.00, -60540, -590920, -402 
1720184746543.00, -58452, -592229, -403 
1720184746564.00, -57310, -593498, -369 
1720184746591.00, -32341, -594734, -374 
1720184746607.00, -17601, -595461, -344 
1720184746629.00, -8384, -595855, -326 
1720184746650.00, -3197, -596052, -321 
1720184746672.00, -129, -596129, -316 
1720184746695.00, 985, -596138, -283 
1720184746715.00, 1943, -596126, -247 
1720184746736.00, 2672, -596086, -204 
1720184746758.00, 3162, -596027, -150 
1720184746780.00, 3314, -595958, -89 
1720184746805.00, 3395, -595884, -37 
1720184746823.00, 3281, -595810, 20 
1720184746844.00, 4490, -595734, 79 
1720184746866.00, 8667, -595638, 120 
1720184746888.00, 13791, -595450, 160 
1720184746914.00, 18947, -595154, 209 
1720184746931.00, 25102, -594743, 253 
1720184746953.00, 31430, -594202, 306 
1720184746974.00, 38212, -593526, 358 
1720184746996.00, 45321, -592708, 395 
1720184747024.00, 51741, -591735, 446 
1720184747039.00, 58041, -590607, 480 
1720184747061.00, 64329, -589339, 486 
1720184747082.00, 68267, -587944, 583 
1720184747104.00, 76335, -586460, 568 
1720184747128.00, 80337, -584801, 623 
1720184747147.00, 85928, -583063, 645 
1720184747169.00, 90433, -581197, 670 
1720184747190.00, 94562, -579239, 691 
1720184747218.00, 98185, -577180, 689 
1720184747235.00, 100144, -575059, 716 
1720184747256.00, 102821, -572875, 735 
1720184747277.00, 105603, -570637, 733 
1720184747299.00, 106997, -568339, 747 
1720184747321.00, 108712, -566006, 760 
1720184747344.00, 110463, -563637, 757 
1720184747364.00, 111032, -561235, 758 
1720184747386.00, 111430, -558824, 764 
1720184747408.00, 112102, -556399, 762 
1720184747430.00, 112050, -553954, 765 
1720184747452.00, 112236, -551513, 791 
1720184747473.00, 113769, -549075, 798 
1720184747495.00, 115320, -546593, 816 
1720184747516.00, 117205, -544084, 814 
1720184747538.00, 118133, -541528, 819 
1720184747561.00, 118774, -538968, 831 
1720184747582.00, 119996, -536383, 821 
1720184747603.00, 120140, -533760, 840 
1720184747625.00, 121309, -531149, 845 
1720184747647.00, 122139, -528506, 859 
1720184747673.00, 123385, -525855, 874 
1720184747691.00, 125144, -523172, 881 
1720184747712.00, 126439, -520440, 889 
1720184747734.00, 127628, -517690, 894 
1720184747755.00, 128603, -514905, 899 
1720184747780.00, 129624, -512110, 906 
1720184747799.00, 130287, -509293, 905 
1720184747820.00, 130704, -506464, 895 
1720184747842.00, 130190, -503629, 889 
1720184747864.00, 129494, -500785, 879 
1720184747899.00, 128496, -497965, 863 
1720184747908.00, 126772, -495166, 827 
1720184747929.00, 123604, -492419, 797 
1720184747951.00, 119913, -489738, 800 
1720184747973.00, 117843, -487130, 803 
1720184747995.00, 116650, -484561, 798 
1720184748016.00, 115694, -482021, 789 
1720184748037.00, 114660, -479497, 803 
1720184748059.00, 114774, -477013, 825 
1720184748081.00, 116200, -474513, 822 
1720184748108.00, 116805, -471987, 795 
1720184748125.00, 115618, -469444, 758 
1720184748147.00, 112493, -466932, 764 
1720184748168.00, 110979, -464487, 799 
1720184748190.00, 112148, -462064, 810 
1720184748212.00, 113768, -459623, 815 
1720184748234.00, 114822, -457164, 820 
1720184748254.00, 115695, -454662, 804 
1720184748277.00, 115137, -452136, 796 
1720184748299.00, 114298, -449634, 768 
1720184748320.00, 112221, -447143, 757 
1720184748342.00, 110181, -444718, 743 
1720184748364.00, 108078, -442316, 705 
1720184748385.00, 104774, -439966, 670 
1720184748407.00, 100625, -437696, 664 
1720184748429.00, 97661, -435512, 652 
1720184748450.00, 95389, -433397, 618 
1720184748472.00, 91755, -431344, 591 
1720184748494.00, 52161, -429364, 558 
1720184748515.00, 28792, -428234, 591 
1720184748537.00, 14838, -427586, 591 
1720184748558.00, 6855, -427250, 569 
1720184748580.00, 2117, -427096, 563 
1720184748601.00, -85, -427053, 511 
1720184748623.00, -1913, -427056, 414 
1720184748644.00, -3055, -427093, 310 
1720184748666.00, -3670, -427160, 238 
1720184748687.00, -4148, -427245, 182 
1720184748709.00, -4273, -427339, 105 
1720184748730.00, -4131, -427439, 31 
1720184748751.00, -4209, -427541, -32 
1720184748773.00, -6130, -427636, -102 
1720184748795.00, -11601, -427773, -163 
1720184748816.00, -18083, -428023, -249 
1720184748838.00, -27080, -428412, -288 
1720184748860.00, -35017, -428990, -306 
1720184748883.00, -40757, -429738, -362 
1720184748903.00, -47533, -430609, -344 
1720184748925.00, -50178, -431638, -368 
1720184748946.00, -53239, -432716, -365 
1720184748967.00, -54713, -433868, -376 
1720184748994.00, -56261, -435068, -390 
1720184749011.00, -57920, -436280, -420 
1720184749032.00, -60704, -437543, -442 
1720184749054.00, -63447, -438857, -449 
1720184749076.00, -65518, -440232, -461 
1720184749098.00, -67653, -441661, -475 
1720184749119.00, -69499, -443120, -459 
1720184749140.00, -69541, -444637, -473 
1720184749162.00, -70355, -446131, -479 
1720184749184.00, -71218, -447662, -481 
1720184749206.00, -71676, -449198, -495 
1720184749227.00, -72803, -450766, -499 
1720184749249.00, -73695, -452345, -510 
1720184749270.00, -74667, -453943, -522 
1720184749292.00, -76077, -455562, -554 
1720184749315.00, -78701, -457208, -557 
1720184749336.00, -80331, -458919, -559 
1720184749357.00, -81470, -460668, -528 
1720184749379.00, -80528, -462417, -511 
1720184749400.00, -78616, -464167, -503 
1720184749422.00, -77052, -465862, -505 
1720184749444.00, -76022, -467543, -491 
1720184749466.00, -74762, -469182, -493 
1720184749487.00, -73962, -470816, -518 
1720184749509.00, -74989, -472396, -517 
1720184749532.00, -75486, -474038, -541 
1720184749551.00, -77194, -475664, -553 
1720184749573.00, -78927, -477354, -571 
1720184749595.00, -80782, -479047, -585 
1720184749617.00, -82814, -480813, -603 
1720184749638.00, -85187, -482590, -577 
1720184749660.00, -84841, -484454, -572 
1720184749682.00, -84292, -486289, -558 
1720184749703.00, -82993, -488108, -564 
1720184749725.00, -82679, -489908, -524 
1720184749747.00, -80115, -491701, -535 
1720184749768.00, -79142, -493447, -532 
1720184749790.00, -78174, -495150, -531 
1720184749811.00, -77764, -496857, -518 
1720184749833.00, -76558, -498527, -519 
1720184749855.00, -75815, -500204, -523 
1720184749877.00, -75842, -501840, -522 
1720184749898.00, -75635, -503489, -516 
1720184749920.00, -75171, -505118, -526 
1720184749941.00, -75312, -506760, -537 
1720184749963.00, -76128, -508387, -533 
1720184749985.00, -76530, -510053, -542 
1720184750006.00, -77214, -511696, -543 
1720184750028.00, -77679, -513375, -536 
1720184750050.00, -77422, -515042, -517 
1720184750071.00, -76213, -516738, -556 
1720184750093.00, -77862, -518376, -541 
1720184750115.00, -77840, -520073, -555 
1720184750136.00, -78670, -521746, -537 
1720184750158.00, -78016, -523458, -560 
1720184750180.00, -78836, -525149, -552 
1720184750201.00, -78745, -526864, -581 
1720184750223.00, -80469, -528568, -567 
1720184750245.00, -80781, -530310, -576 
1720184750266.00, -81614, -532065, -569 
1720184750288.00, -81693, -533834, -580 
1720184750309.00, -82183, -535605, -543 
1720184750331.00, -80135, -537379, -537 
1720184750353.00, -78672, -539118, -539 
1720184750374.00, -77856, -540827, -542 
1720184750395.00, -77495, -542522, -531 
1720184750417.00, -76763, -544194, -528 
1720184750439.00, -76093, -545856, -531 
1720184750461.00, -75879, -547494, -510 
1720184750482.00, -74467, -549150, -509 
1720184750504.00, -73619, -550757, -499 
1720184750525.00, -72384, -552357, -507 
1720184750547.00, -72133, -553915, -503 
1720184750569.00, -71771, -555479, -492 
1720184750590.00, -70909, -557030, -488 
1720184750611.00, -69985, -558571, -489 
1720184750634.00, -69506, -560087, -488 
1720184750655.00, -69152, -561592, -485 
1720184750677.00, -68982, -563088, -490 
1720184750698.00, -68990, -564583, -500 
1720184750721.00, -69591, -566091, -503 
1720184750741.00, -70180, -567591, -483 
1720184750763.00, -69339, -569118, -505 
1720184750785.00, -70026, -570608, -491 
1720184750807.00, -69695, -572131, -484 
1720184750828.00, -69303, -573643, -482 
1720184750850.00, -68743, -575145, -485 
1720184750872.00, -68641, -576624, -457 
1720184750893.00, -66736, -578108, -456 
1720184750915.00, -65581, -579553, -465 
1720184750937.00, -65474, -580977, -450 
1720184750958.00, -64372, -582403, -461 
1720184750980.00, -64418, -583791, -451 
1720184751001.00, -63910, -585194, -460 
1720184751023.00, -64173, -586574, -449 
1720184751045.00, -63660, -587962, -432 
1720184751068.00, -62281, -589339, -435 
1720184751088.00, -61775, -590689, -420 
1720184751109.00, -60413, -592024, -391 
1720184751131.00, -58018, -593328, -363 
1720184751153.00, -32971, -594573, -310 
1720184751174.00, -17647, -595313, -276 
1720184751196.00, -8830, -595714, -232 
1720184751218.00, -3601, -595910, -219 
1720184751239.00, -389, -595996, -233 
1720184751261.00, 569, -596012, -219 
1720184751285.00, 1589, -596008, -201 
1720184751303.00, 2308, -595979, -185 
1720184751325.00, 2773, -595927, -138 
1720184751347.00, 3112, -595867, -79 
1720184751369.00, 3203, -595801, -25 
1720184751389.00, 3221, -595728, 34 
1720184751412.00, 5393, -595655, 96 
1720184751433.00, 10307, -595538, 156 
1720184751455.00, 16549, -595318, 207 
1720184751476.00, 23502, -594956, 270 
1720184751498.00, 31403, -594447, 347 
1720184751520.00, 40967, -593773, 398 
1720184751541.00, 49414, -592902, 443 
1720184751563.00, 57284, -591844, 462 
1720184751585.00, 62642, -590592, 578 
1720184751606.00, 72950, -589239, 551 
1720184751627.00, 77413, -587659, 588 
1720184751649.00, 82197, -585979, 634 
1720184751671.00, 87731, -584195, 629 
1720184751692.00, 90655, -582294, 674 
1720184751719.00, 94918, -580332, 665 
1720184751736.00, 96854, -578267, 690 
1720184751758.00, 99494, -576172, 712 
1720184751780.00, 102297, -574016, 716 
1720184751801.00, 104008, -571793, 739 
1720184751823.00, 106270, -569524, 753 
1720184751844.00, 108505, -567199, 763 
1720184751867.00, 110310, -564833, 778 
1720184751888.00, 112341, -562439, 791 
1720184751910.00, 114385, -559989, 786 
1720184751934.00, 114999, -557502, 796 
1720184751954.00, 115983, -555003, 814 
1720184751975.00, 117743, -552473, 828 
1720184751997.00, 119494, -549910, 846 
1720184752018.00, 121574, -547305, 856 
1720184752040.00, 123202, -544663, 869 
1720184752062.00, 124930, -541979, 880 
1720184752084.00, 126589, -539265, 885 
1720184752105.00, 127821, -536507, 895 
1720184752127.00, 129127, -533718, 897 
1720184752149.00, 130035, -530908, 912 
1720184752171.00, 131224, -528079, 922 
1720184752192.00, 132495, -525219, 930 
1720184752214.00, 133618, -522338, 932 
1720184752235.00, 134572, -519429, 928 
1720184752257.00, 134694, -516498, 928 
1720184752279.00, 134680, -513569, 922 
1720184752301.00, 134241, -510641, 890 
1720184752323.00, 131980, -507713, 865 
1720184752345.00, 129318, -504843, 829 
1720184752366.00, 125426, -502048, 821 
1720184752387.00, 122392, -499309, 816 
1720184752410.00, 120302, -496656, 802 
1720184752431.00, 118293, -494041, 785 
1720184752453.00, 116139, -491458, 784 
1720184752474.00, 114792, -488939, 780 
1720184752496.00, 113541, -486447, 790 
1720184752518.00, 113322, -483979, 783 
1720184752539.00, 112843, -481511, 766 
1720184752561.00, 111602, -479052, 747 
1720184752583.00, 109757, -476631, 750 
1720184752605.00, 108608, -474253, 761 
1720184752627.00, 108604, -471885, 777 
1720184752649.00, 109705, -469518, 793 
1720184752671.00, 111255, -467135, 824 
1720184752692.00, 114068, -464715, 812 
1720184752714.00, 114884, -462233, 805 
1720184752735.00, 115054, -459733, 801 
1720184752757.00, 114721, -457243, 801 
1720184752779.00, 114261, -454745, 778 
1720184752801.00, 112766, -452250, 754 
1720184752822.00, 110468, -449806, 744 
1720184752844.00, 108382, -447403, 731 
1720184752866.00, 106520, -445046, 708 
1720184752887.00, 104040, -442738, 676 
1720184752909.00, 100492, -440481, 664 
1720184752930.00, 97687, -438301, 643 
1720184752952.00, 94821, -436185, 620 
1720184752974.00, 91623, -434136, 617 
1720184752996.00, 89547, -432148, 621 
1720184753017.00, 51024, -430216, 628 
1720184753039.00, 28116, -429113, 608 
1720184753061.00, 14430, -428479, 664 
1720184753082.00, 6573, -428156, 711 
1720184753104.00, 1979, -428009, 732 
1720184753125.00, -102, -427963, 708 
1720184753146.00, -1786, -427965, 622 
1720184753167.00, -3094, -428003, 540 
1720184753189.00, -3841, -428072, 447 
1720184753210.00, -4206, -428159, 347 
1720184753232.00, -4295, -428253, 272 
1720184753253.00, -4220, -428350, 205 
1720184753275.00, -4176, -428441, 139 
1720184753297.00, -4101, -428536, 75 
1720184753318.00, -4109, -428628, 34 
1720184753339.00, -3995, -428725, -29 
1720184753361.00, -5662, -428817, -87 
1720184753382.00, -9970, -428939, -119 
1720184753404.00, -14363, -429151, -148 
1720184753426.00, -18748, -429458, -192 
1720184753447.00, -23882, -429862, -221 
1720184753469.00, -28626, -430375, -242 
1720184753491.00, -32721, -431000, -274 
1720184753512.00, -37239, -431717, -302 
1720184753533.00, -41412, -432512, -333 
1720184753555.00, -45731, -433405, -352 
1720184753577.00, -49473, -434400, -375 
1720184753599.00, -53096, -435476, -410 
1720184753621.00, -57164, -436616, -418 
1720184753642.00, -59996, -437867, -438 
1720184753664.00, -62919, -439163, -466 
1720184753685.00, -66186, -440522, -460 
1720184753707.00, -67662, -441968, -476 
1720184753729.00, -69365, -443430, -485 
1720184753750.00, -70911, -444949, -480 
1720184753772.00, -71555, -446472, -458 
1720184753795.00, -70685, -448030, -447 
1720184753815.00, -69219, -449545, -436 
1720184753837.00, -67678, -451060, -426 
1720184753858.00, -66288, -452525, -452 
1720184753880.00, -66897, -453966, -482 
1720184753902.00, -69094, -455413, -520 
1720184753923.00, -72731, -456906, -519 
1720184753945.00, -74735, -458483, -534 
1720184753967.00, -76694, -460097, -508 
1720184753988.00, -76293, -461766, -517 
1720184754010.00, -76452, -463403, -491 
1720184754031.00, -74934, -465059, -485 
1720184754053.00, -73671, -466684, -464 
1720184754075.00, -71593, -468287, -477 
1720184754097.00, -71097, -469829, -472 
1720184754118.00, -70459, -471377, -476 
1720184754139.00, -70241, -472893, -480 
1720184754161.00, -70250, -474424, -520 
1720184754183.00, -72748, -475945, -527 
1720184754205.00, -74477, -477537, -529 
1720184754227.00, -75546, -479139, -521 
1720184754248.00, -75726, -480788, -557 
1720184754269.00, -77927, -482416, -558 
1720184754291.00, -79295, -484128, -555 
1720184754313.00, -79959, -485837, -529 
1720184754335.00, -78876, -487582, -535 
1720184754356.00, -78617, -489276, -511 
1720184754378.00, -76890, -490986, -537 
1720184754400.00, -77464, -492649, -545 
1720184754421.00, -78091, -494337, -602 
1720184754443.00, -81917, -496023, -584 
1720184754465.00, -82863, -497794, -586 
1720184754486.00, -83781, -499599, -532 
1720184754507.00, -81157, -501411, -521 
1720184754530.00, -78711, -503176, -500 
1720184754551.00, -76045, -504864, -491 
1720184754572.00, -73846, -506524, -494 
1720184754594.00, -72717, -508117, -514 
1720184754616.00, -73274, -509701, -540 
1720184754638.00, -75254, -511284, -545 
1720184754659.00, -76633, -512911, -565 
1720184754681.00, -78473, -514563, -577 
1720184754703.00, -80428, -516282, -581 
1720184754724.00, -81709, -518023, -611 
1720184754746.00, -84403, -519805, -610 
1720184754767.00, -85921, -521614, -618 
1720184754789.00, -87003, -523491, -657 
1720184754810.00, -90026, -525377, -679 
1720184754833.00, -92971, -527332, -656 
1720184754854.00, -93526, -529353, -623 
1720184754876.00, -91762, -531362, -632 
1720184754897.00, -91139, -533374, -628 
1720184754919.00, -90713, -535344, -584 
1720184754940.00, -87710, -537306, -603 
1720184754962.00, -87154, -539209, -578 
1720184754984.00, -85276, -541089, -567 
1720184755005.00, -83368, -542940, -566 
1720184755027.00, -82108, -544745, -547 
1720184755049.00, -80300, -546521, -556 
1720184755070.00, -79902, -548257, -520 
1720184755091.00, -77491, -549999, -540 
1720184755114.00, -77315, -551666, -515 
1720184755135.00, -75717, -553339, -526 
1720184755157.00, -75153, -554974, -503 
1720184755179.00, -73514, -556599, -503 
1720184755200.00, -72630, -558193, -489 
1720184755223.00, -71038, -559762, -502 
1720184755244.00, -70920, -561299, -484 
1720184755265.00, -69649, -562836, -492 
1720184755287.00, -69471, -564344, -481 
1720184755308.00, -68754, -565860, -485 
1720184755332.00, -68453, -567343, -469 
1720184755352.00, -67588, -568834, -489 
1720184755372.00, -68095, -570284, -479 
1720184755395.00, -67898, -571755, -470 
1720184755416.00, -67146, -573227, -462 
1720184755438.00, -66169, -574689, -452 
1720184755460.00, -65060, -576122, -456 
1720184755481.00, -64599, -577524, -443 
1720184755503.00, -63521, -578919, -442 
1720184755525.00, -62766, -580289, -440 
1720184755547.00, -62210, -581661, -434 
1720184755568.00, -61531, -583003, -418 
1720184755589.00, -60453, -584334, -404 
1720184755611.00, -58606, -585642, -405 
1720184755632.00, -57692, -586902, -395 
1720184755657.00, -56476, -588153, -394 
1720184755676.00, -55726, -589377, -395 
1720184755698.00, -55246, -590584, -391 
1720184755720.00, -54844, -591786, -384 
1720184755741.00, -54250, -592973, -378 
1720184755764.00, -30586, -594137, -373 
1720184755784.00, -16405, -594831, -368 
1720184755806.00, -8050, -595208, -361 
1720184755827.00, -3027, -595390, -336 
1720184755849.00, -165, -595465, -321 
1720184755871.00, 888, -595473, -285 
1720184755892.00, 1865, -595462, -251 
1720184755913.00, 2572, -595424, -200 
1720184755935.00, 2970, -595367, -137 
1720184755956.00, 3272, -595299, -56 
1720184755979.00, 3192, -595226, 4 
1720184756000.00, 3274, -595150, 97 
1720184756021.00, 9017, -595069, 193 
1720184756043.00, 18339, -594870, 273 
1720184756064.00, 28630, -594478, 343 
1720184756088.00, 38364, -593869, 418 
1720184756108.00, 49232, -593037, 425 
1720184756129.00, 55870, -591981, 556 
1720184756151.00, 67656, -590760, 545 
1720184756172.00, 73951, -589291, 630 
1720184756194.00, 82713, -587687, 658 
1720184756216.00, 89589, -585891, 676 
1720184756237.00, 94668, -583945, 703 
1720184756259.00, 99312, -581896, 720 
1720184756281.00, 102865, -579739, 719 
1720184756303.00, 104918, -577491, 709 
1720184756324.00, 105446, -575219, 743 
1720184756346.00, 107709, -572925, 749 
1720184756367.00, 109323, -570572, 750 
1720184756389.00, 110352, -568200, 774 
1720184756411.00, 112248, -565798, 788 
1720184756433.00, 114280, -563349, 792 
1720184756454.00, 115434, -560861, 800 
1720184756477.00, 116731, -558344, 802 
1720184756498.00, 117568, -555820, 811 
1720184756520.00, 118497, -553256, 841 
1720184756541.00, 120682, -550675, 828 
1720184756563.00, 121126, -548050, 838 
1720184756585.00, 121994, -545408, 859 
1720184756606.00, 123691, -542762, 884 
1720184756628.00, 126105, -540057, 907 
1720184756650.00, 129063, -537307, 894 
1720184756672.00, 129876, -534505, 897 
1720184756693.00, 130417, -531676, 894 
1720184756716.00, 130708, -528828, 883 
1720184756737.00, 129993, -526007, 879 
1720184756759.00, 129257, -523180, 887 
1720184756781.00, 129189, -520359, 886 
1720184756802.00, 128988, -517550, 873 
1720184756823.00, 127928, -514738, 835 
1720184756845.00, 125073, -511959, 807 
1720184756867.00, 121818, -509235, 809 
1720184756889.00, 119906, -506594, 823 
1720184756910.00, 119498, -503988, 820 
1720184756933.00, 119082, -501384, 811 
1720184756954.00, 118301, -498794, 809 
1720184756977.00, 117838, -496225, 826 
1720184756998.00, 118200, -493670, 830 
1720184757019.00, 118683, -491089, 823 
1720184757041.00, 118610, -488508, 819 
1720184757063.00, 118279, -485931, 811 
1720184757085.00, 117659, -483355, 809 
1720184757106.00, 116857, -480799, 800 
1720184757128.00, 115965, -478253, 799 
1720184757150.00, 115458, -475730, 793 
1720184757171.00, 114668, -473227, 788 
1720184757196.00, 113784, -470732, 780 
1720184757215.00, 112889, -468258, 774 
1720184757237.00, 111953, -465800, 764 
1720184757258.00, 110752, -463362, 753 
1720184757280.00, 109353, -460972, 751 
1720184757302.00, 108302, -458585, 741 
1720184757323.00, 107152, -456235, 738 
1720184757345.00, 106163, -453906, 720 
1720184757367.00, 104556, -451600, 704 
1720184757389.00, 102737, -449322, 687 
1720184757410.00, 100335, -447088, 681 
1720184757432.00, 98807, -444914, 652 
1720184757453.00, 95965, -442770, 637 
1720184757475.00, 93400, -440703, 645 
1720184757497.00, 92222, -438673, 646 
1720184757521.00, 91809, -436673, 634 
1720184757540.00, 90604, -434693, 618 
1720184757562.00, 89089, -432724, 600 
1720184757584.00, 86946, -430793, 604 
1720184757605.00, 49648, -428925, 575 
1720184757631.00, 27373, -427852, 569 
1720184757649.00, 14122, -427234, 591 
1720184757669.00, 6427, -426915, 591 
1720184757691.00, 1881, -426771, 581 
1720184757713.00, -135, -426731, 511 
1720184757734.00, -1816, -426736, 420 
1720184757756.00, -3127, -426771, 365 
1720184757777.00, -3706, -426836, 298 
1720184757799.00, -4131, -426919, 236 
1720184757820.00, -4253, -427008, 163 
1720184757841.00, -4305, -427101, 110 
1720184757863.00, -4387, -427197, 58 
1720184757884.00, -4213, -427296, 0 
1720184757905.00, -4028, -427397, -68 
1720184757927.00, -8001, -427489, -115 
1720184757952.00, -13030, -427659, -159 
1720184757971.00, -19014, -427946, -211 
1720184757992.00, -25150, -428353, -243 
1720184758013.00, -30702, -428891, -278 
1720184758036.00, -36239, -429554, -321 
1720184758056.00, -41775, -430329, -327 
1720184758079.00, -45689, -431244, -337 
1720184758101.00, -48512, -432228, -359 
1720184758122.00, -51468, -433272, -361 
1720184758144.00, -53321, -434395, -365 
1720184758166.00, -54617, -435556, -371 
1720184758187.00, -55680, -436733, -390 
1720184758208.00, -57277, -437954, -411 
1720184758231.00, -59681, -439191, -433 
1720184758252.00, -62109, -440478, -441 
1720184758274.00, -64193, -441838, -450 
1720184758295.00, -65898, -443224, -448 
1720184758317.00, -66629, -444662, -454 
1720184758338.00, -67453, -446097, -455 
1720184758359.00, -67721, -447560, -461 
1720184758381.00, -68383, -449020, -465 
1720184758404.00, -69132, -450510, -457 
1720184758425.00, -68951, -452016, -469 
1720184758446.00, -69429, -453504, -476 
1720184758468.00, -69956, -455013, -487 
1720184758491.00, -71134, -456525, -473 
1720184758513.00, -70869, -458072, -488 
1720184758533.00, -71639, -459608, -497 
1720184758554.00, -72544, -461166, -501 
1720184758577.00, -73356, -462721, -482 
1720184758598.00, -72550, -464317, -496 
1720184758620.00, -72899, -465874, -487 
1720184758641.00, -72682, -467469, -493 
1720184758663.00, -72887, -469033, -488 
1720184758685.00, -72598, -470618, -494 
1720184758707.00, -72653, -472180, -513 
1720184758728.00, -73708, -473756, -514 
1720184758750.00, -74296, -475351, -513 
1720184758771.00, -74728, -476977, -489 
1720184758793.00, -73380, -478581, -488 
1720184758815.00, -72605, -480178, -497 
1720184758837.00, -72615, -481741, -516 
1720184758858.00, -73522, -483326, -515 
1720184758880.00, -74151, -484921, -515 
1720184758901.00, -74426, -486530, -494 
1720184758923.00, -73435, -488137, -483 
1720184758947.00, -72062, -489721, -466 
1720184758966.00, -70161, -491290, -500 
1720184758987.00, -71055, -492818, -498 
1720184759009.00, -71523, -494359, -530 
1720184759031.00, -73724, -495905, -545 
1720184759055.00, -75969, -497508, -569 
1720184759074.00, -78533, -499145, -558 
1720184759096.00, -79438, -500865, -586 
1720184759118.00, -81573, -502581, -578 
1720184759139.00, -82338, -504353, -606 
1720184759163.00, -84788, -506131, -586 
1720184759183.00, -84690, -507972, -612 
1720184759204.00, -86150, -509815, -597 
1720184759225.00, -86247, -511675, -598 
1720184759247.00, -86175, -513547, -576 
1720184759269.00, -84760, -515401, -528 
1720184759291.00, -81018, -517255, -530 
1720184759312.00, -78934, -519004, -494 
1720184759334.00, -75463, -520714, -517 
1720184759355.00, -74812, -522351, -521 
1720184759377.00, -74604, -523970, -532 
1720184759399.00, -75113, -525596, -519 
1720184759420.00, -74655, -527224, -545 
1720184759442.00, -76065, -528842, -562 
1720184759464.00, -78023, -530488, -577 
1720184759489.00, -80034, -532177, -557 
1720184759508.00, -79929, -533911, -575 
1720184759528.00, -80812, -535648, -558 
1720184759550.00, -80208, -537391, -547 
1720184759572.00, -79239, -539132, -530 
1720184759596.00, -77630, -540846, -492 
1720184759615.00, -74349, -542537, -477 
1720184759637.00, -71496, -544144, -474 
1720184759659.00, -69489, -545692, -475 
1720184759681.00, -68383, -547189, -456 
1720184759705.00, -66659, -548689, -470 
1720184759724.00, -66783, -550131, -472 
1720184759745.00, -66731, -551571, -452 
1720184759767.00, -65384, -553021, -465 
1720184759788.00, -65374, -554431, -449 
1720184759812.00, -64584, -555858, -446 
1720184759832.00, -63883, -557252, -442 
1720184759853.00, -63062, -558638, -440 
1720184759874.00, -62834, -560002, -431 
1720184759896.00, -61815, -561355, -427 
1720184759921.00, -61032, -562698, -433 
1720184759940.00, -61082, -564007, -414 
1720184759962.00, -59670, -565342, -419 
1720184759983.00, -59212, -566635, -421 
1720184760004.00, -59009, -567921, -401 
1720184760028.00, -57848, -569203, -410 
1720184760048.00, -57753, -570447, -416 
1720184760070.00, -57752, -571695, -416 
1720184760091.00, -58002, -572953, -397 
1720184760113.00, -56920, -574210, -399 
1720184760134.00, -56488, -575448, -411 
1720184760156.00, -56690, -576667, -394 
1720184760177.00, -56135, -577894, -392 
1720184760199.00, -55452, -579108, -398 
1720184760221.00, -55673, -580308, -397 
1720184760243.00, -55648, -581520, -395 
1720184760264.00, -55809, -582724, -385 
1720184760286.00, -54858, -583918, -385 
1720184760307.00, -54367, -585113, -397 
1720184760329.00, -54627, -586286, -376 
1720184760351.00, -53762, -587474, -379 
1720184760372.00, -53379, -588636, -388 
1720184760394.00, -53662, -589790, -379 
1720184760416.00, -53433, -590954, -379 
1720184760438.00, -52985, -592109, -373 
1720184760459.00, -52489, -593259, -366 
1720184760481.00, -30018, -594391, -369 
1720184760503.00, -16122, -595066, -365 
1720184760524.00, -7997, -595436, -352 
1720184760546.00, -3191, -595618, -341 
1720184760567.00, -274, -595692, -346 
1720184760588.00, 540, -595708, -324 
1720184760610.00, 1600, -595701, -293 
1720184760632.00, 2476, -595673, -256 
1720184760653.00, 2798, -595622, -211 
1720184760675.00, 3006, -595558, -150 
1720184760696.00, 3016, -595491, -87 
1720184760718.00, 3106, -595422, -26 
1720184760739.00, 2956, -595353, 44 
1720184760760.00, 5461, -595283, 123 
1720184760782.00, 11982, -595155, 197 
1720184760804.00, 20312, -594899, 271 
1720184760826.00, 29583, -594464, 347 
1720184760847.00, 39605, -593835, 389 
1720184760869.00, 47900, -592985, 496 
1720184760891.00, 59316, -591955, 543 
1720184760913.00, 68889, -590661, 552 
1720184760934.00, 74935, -589176, 609 
1720184760955.00, 81996, -587547, 621 
1720184760977.00, 86948, -585772, 653 
1720184760999.00, 91499, -583884, 657 
1720184761021.00, 94593, -581903, 683 
1720184761042.00, 97735, -579852, 703 
1720184761064.00, 100794, -577731, 703 
1720184761085.00, 102617, -575544, 732 
1720184761107.00, 105138, -573306, 734 
1720184761129.00, 106772, -571016, 742 
1720184761151.00, 108118, -568697, 771 
1720184761173.00, 110681, -566339, 755 
1720184761194.00, 111039, -563930, 760 
1720184761216.00, 111478, -561512, 776 
1720184761238.00, 112626, -559085, 791 
1720184761259.00, 114134, -556628, 781 
1720184761281.00, 114431, -554140, 778 
1720184761303.00, 114467, -551650, 798 
1720184761324.00, 115551, -549160, 827 
1720184761346.00, 118038, -546643, 827 
1720184761368.00, 119522, -544072, 837 
1720184761390.00, 120852, -541470, 856 
1720184761411.00, 122702, -538846, 895 
1720184761433.00, 126107, -536173, 893 
1720184761455.00, 127963, -533427, 901 
1720184761476.00, 129539, -530644, 878 
1720184761498.00, 129048, -527809, 894 
1720184761520.00, 129627, -525014, 899 
1720184761542.00, 130139, -522199, 906 
1720184761567.00, 130872, -519363, 899 
1720184761586.00, 130575, -516512, 897 
1720184761607.00, 130397, -513671, 885 
1720184761628.00, 129548, -510833, 859 
1720184761650.00, 127532, -508017, 840 
1720184761674.00, 125085, -505253, 814 
1720184761694.00, 121943, -502535, 789 
1720184761715.00, 118439, -499887, 773 
1720184761737.00, 115277, -497314, 769 
1720184761759.00, 113300, -494802, 765 
1720184761781.00, 111978, -492332, 767 
1720184761803.00, 111183, -489907, 774 
1720184761824.00, 110939, -487485, 794 
1720184761846.00, 112159, -485069, 790 
1720184761868.00, 112559, -482619, 782 
1720184761889.00, 112445, -480181, 790 
1720184761911.00, 112594, -477736, 806 
1720184761933.00, 113853, -475271, 815 
1720184761954.00, 114992, -472808, 800 
1720184761976.00, 114905, -470306, 798 
1720184762000.00, 114494, -467809, 791 
1720184762020.00, 113864, -465316, 793 
1720184762042.00, 113601, -462830, 788 
1720184762063.00, 113072, -460364, 782 
1720184762086.00, 112198, -457913, 767 
1720184762107.00, 110776, -455461, 742 
1720184762128.00, 108802, -453052, 728 
1720184762150.00, 106707, -450691, 712 
1720184762172.00, 104305, -448376, 694 
1720184762194.00, 101875, -446105, 671 
1720184762216.00, 98940, -443897, 659 
1720184762237.00, 96559, -441758, 663 
1720184762259.00, 95196, -439666, 653 
1720184762280.00, 93988, -437600, 661 
1720184762302.00, 93611, -435569, 645 
1720184762324.00, 92503, -433539, 653 
1720184762345.00, 92074, -431535, 668 
1720184762366.00, 52607, -429550, 668 
1720184762388.00, 28960, -428409, 715 
1720184762410.00, 15139, -427752, 764 
1720184762431.00, 6894, -427411, 790 
1720184762452.00, 2103, -427255, 793 
1720184762474.00, -66, -427210, 740 
1720184762496.00, -1758, -427211, 642 
1720184762517.00, -3152, -427249, 513 
1720184762539.00, -4008, -427314, 413 
1720184762560.00, -4394, -427404, 316 
1720184762581.00, -4336, -427502, 215 
1720184762603.00, -4410, -427604, 118 
1720184762625.00, -4352, -427707, 23 
1720184762646.00, -4170, -427813, -69 
1720184762667.00, -8248, -427914, -174 
1720184762689.00, -16583, -428095, -233 
1720184762711.00, -25462, -428441, -193 
1720184762732.00, -28166, -428996, -374 
1720184762754.00, -40638, -429599, -326 
1720184762775.00, -45115, -430463, -366 
1720184762797.00, -50209, -431449, -412 
1720184762819.00, -55792, -432526, -430 
1720184762840.00, -60107, -433731, -429 
1720184762862.00, -62661, -435051, -440 
1720184762884.00, -64571, -436401, -452 
1720184762905.00, -66392, -437813, -435 
1720184762927.00, -66638, -439246, -460 
1720184762949.00, -68051, -440683, -456 
1720184762970.00, -68739, -442166, -454 
1720184762992.00, -68987, -443649, -444 
1720184763014.00, -68340, -445158, -465 
1720184763035.00, -69230, -446628, -464 
1720184763057.00, -69575, -448131, -485 
1720184763079.00, -71268, -449626, -484 
1720184763100.00, -72023, -451189, -501 
1720184763122.00, -73398, -452738, -513 
1720184763143.00, -74764, -454332, -530 
1720184763165.00, -76475, -455940, -530 
1720184763186.00, -77660, -457610, -530 
1720184763213.00, -78356, -459284, -520 
1720184763230.00, -77886, -460987, -520 
1720184763251.00, -77613, -462660, -499 
1720184763273.00, -76046, -464347, -478 
1720184763295.00, -73817, -465982, -452 
1720184763316.00, -70925, -467599, -452 
1720184763338.00, -69539, -469128, -433 
1720184763360.00, -67254, -470640, -449 
1720184763382.00, -66807, -472086, -461 
1720184763403.00, -67065, -473534, -467 
1720184763425.00, -67640, -474988, -475 
1720184763446.00, -68678, -476461, -497 
1720184763468.00, -70473, -477958, -524 
1720184763490.00, -73057, -479475, -527 
1720184763511.00, -74754, -481056, -525 
1720184763533.00, -75536, -482669, -501 
1720184763555.00, -74435, -484325, -497 
1720184763576.00, -73642, -485928, -462 
1720184763598.00, -70972, -487529, -476 
1720184763619.00, -70110, -489055, -464 
1720184763644.00, -68791, -490592, -484 
1720184763662.00, -69377, -492077, -477 
1720184763685.00, -69306, -493593, -482 
1720184763706.00, -69935, -495084, -489 
1720184763728.00, -70473, -496597, -489 
1720184763751.00, -70631, -498110, -496 
1720184763771.00, -71048, -499653, -488 
1720184763793.00, -70750, -501191, -488 
1720184763814.00, -70543, -502726, -478 
1720184763836.00, -69802, -504256, -488 
1720184763858.00, -69841, -505759, -468 
1720184763879.00, -68761, -507289, -477 
1720184763901.00, -68846, -508771, -454 
1720184763923.00, -67293, -510276, -479 
1720184763944.00, -67818, -511722, -477 
1720184763966.00, -67914, -513201, -493 
1720184763987.00, -69091, -514660, -485 
1720184764009.00, -69454, -516177, -489 
1720184764031.00, -70033, -517674, -495 
1720184764052.00, -70475, -519191, -484 
1720184764074.00, -70060, -520709, -490 
1720184764096.00, -70053, -522224, -467 
1720184764117.00, -68671, -523747, -477 
1720184764139.00, -68324, -525234, -458 
1720184764160.00, -67141, -526722, -468 
1720184764182.00, -66937, -528166, -446 
1720184764203.00, -65377, -529620, -452 
1720184764226.00, -64939, -531029, -444 
1720184764247.00, -64392, -532450, -452 
1720184764269.00, -64314, -533837, -453 
1720184764290.00, -64256, -535234, -450 
1720184764311.00, -64128, -536634, -458 
1720184764333.00, -64686, -538008, -455 
1720184764355.00, -64667, -539412, -460 
1720184764377.00, -64817, -540811, -456 
1720184764398.00, -64723, -542227, -464 
1720184764420.00, -65263, -543624, -473 
1720184764442.00, -65943, -545037, -470 
1720184764463.00, -66170, -546466, -478 
1720184764485.00, -66800, -547899, -463 
1720184764507.00, -66331, -549360, -467 
1720184764529.00, -66278, -550790, -451 
1720184764550.00, -65114, -552229, -449 
1720184764571.00, -64464, -553635, -433 
1720184764593.00, -63162, -555031, -427 
1720184764615.00, -61986, -556401, -433 
1720184764636.00, -61535, -557738, -425 
1720184764658.00, -60947, -559079, -425 
1720184764680.00, -60586, -560392, -412 
1720184764701.00, -59511, -561705, -419 
1720184764723.00, -59144, -562989, -422 
1720184764745.00, -59126, -564269, -410 
1720184764767.00, -58463, -565567, -411 
1720184764788.00, -57890, -566826, -408 
1720184764810.00, -57647, -568091, -405 
1720184764831.00, -57349, -569340, -409 
1720184764853.00, -57467, -570571, -392 
1720184764875.00, -56303, -571817, -402 
1720184764896.00, -56606, -573041, -397 
1720184764918.00, -56158, -574264, -395 
1720184764939.00, -55894, -575488, -406 
1720184764961.00, -56125, -576687, -398 
1720184764983.00, -56111, -577905, -391 
1720184765004.00, -55358, -579117, -390 
1720184765026.00, -55242, -580317, -379 
1720184765047.00, -54250, -581518, -398 
1720184765069.00, -55005, -582694, -388 
1720184765091.00, -54644, -583879, -378 
1720184765113.00, -53764, -585066, -386 
1720184765134.00, -53752, -586229, -370 
1720184765156.00, -52745, -587396, -364 
1720184765177.00, -52031, -588545, -377 
1720184765199.00, -52166, -589662, -366 
1720184765221.00, -51718, -590800, -354 
1720184765243.00, -50566, -591922, -357 
1720184765264.00, -50331, -593017, -344 
1720184765286.00, -28525, -594097, -336 
1720184765307.00, -15633, -594746, -349 
1720184765329.00, -7801, -595097, -332 
1720184765351.00, -3120, -595276, -317 
1720184765372.00, -282, -595351, -326 
1720184765394.00, 395, -595363, -308 
1720184765415.00, 1407, -595359, -282 
1720184765437.00, 2107, -595336, -256 
1720184765458.00, 2626, -595291, -210 
1720184765480.00, 2690, -595233, -148 
1720184765504.00, 2956, -595171, -98 
1720184765523.00, 2955, -595105, -32 
1720184765544.00, 2923, -595036, 33 
1720184765566.00, 4801, -594968, 98 
1720184765588.00, 9909, -594859, 157 
1720184765609.00, 16279, -594645, 211 
1720184765631.00, 23420, -594291, 286 
1720184765652.00, 32123, -593787, 347 
1720184765673.00, 41029, -593105, 381 
1720184765696.00, 48233, -592219, 490 
1720184765726.00, 58958, -591176, 518 
1720184765739.00, 67010, -589896, 550 
1720184765761.00, 73679, -588450, 605 
1720184765782.00, 80739, -586841, 613 
1720184765803.00, 85724, -585093, 639 
1720184765826.00, 90019, -583233, 661 
1720184765848.00, 93817, -581281, 677 
1720184765869.00, 96902, -579256, 707 
1720184765890.00, 100505, -577146, 712 
1720184765912.00, 102951, -574962, 740 
1720184765938.00, 105823, -572727, 760 
1720184765956.00, 108736, -570418, 768 
1720184765976.00, 110859, -568049, 785 
1720184765999.00, 113071, -565641, 804 
1720184766020.00, 115380, -563173, 808 
1720184766045.00, 116997, -560650, 821 
1720184766065.00, 118787, -558110, 832 
1720184766086.00, 120538, -555532, 836 
1720184766107.00, 121459, -552905, 845 
1720184766130.00, 122599, -550254, 835 
1720184766151.00, 122636, -547592, 852 
1720184766173.00, 123527, -544918, 851 
1720184766195.00, 123959, -542230, 846 
1720184766216.00, 123868, -539539, 861 
1720184766238.00, 124713, -536840, 868 
1720184766260.00, 125462, -534119, 867 
1720184766282.00, 125785, -531386, 884 
1720184766303.00, 127038, -528653, 897 
1720184766324.00, 128637, -525888, 907 
1720184766347.00, 130174, -523091, 913 
1720184766369.00, 131296, -520252, 912 
1720184766390.00, 131806, -517400, 916 
1720184766412.00, 132437, -514529, 928 
1720184766434.00, 133154, -511652, 926 
1720184766455.00, 133681, -508743, 923 
1720184766477.00, 133667, -505836, 922 
1720184766498.00, 133581, -502930, 908 
1720184766520.00, 132707, -500034, 880 
1720184766542.00, 130386, -497148, 856 
1720184766564.00, 127476, -494310, 844 
1720184766585.00, 125008, -491531, 819 
1720184766607.00, 122167, -488821, 808 
1720184766628.00, 119683, -486165, 800 
1720184766651.00, 117492, -483572, 787 
1720184766672.00, 115509, -481019, 774 
1720184766694.00, 113515, -478503, 751 
1720184766716.00, 111032, -476032, 728 
1720184766738.00, 108148, -473637, 721 
1720184766760.00, 105799, -471286, 708 
1720184766781.00, 103509, -468983, 693 
1720184766802.00, 101315, -466721, 695 
1720184766825.00, 100184, -464530, 702 
1720184766846.00, 99863, -462338, 704 
1720184766868.00, 99932, -460175, 711 
1720184766890.00, 100429, -458015, 718 
1720184766911.00, 100992, -455823, 715 
1720184766933.00, 101156, -453628, 710 
1720184766955.00, 101071, -451434, 705 
1720184766977.00, 100757, -449231, 698 
1720184766998.00, 99926, -447043, 704 
1720184767020.00, 99816, -444885, 704 
1720184767041.00, 99781, -442714, 686 
1720184767063.00, 98516, -440561, 675 
1720184767085.00, 97256, -438427, 679 
1720184767106.00, 96598, -436312, 670 
1720184767128.00, 95636, -434222, 658 
1720184767150.00, 94255, -432150, 634 
1720184767172.00, 53678, -430113, 601 
1720184767192.00, 29780, -428953, 569 
1720184767214.00, 15428, -428292, 593 
1720184767236.00, 7253, -427941, 586 
1720184767258.00, 2238, -427781, 590 
1720184767279.00, -68, -427729, 549 
1720184767300.00, -1673, -427730, 454 
1720184767322.00, -2887, -427765, 379 
1720184767343.00, -3644, -427828, 323 
1720184767365.00, -4076, -427908, 270 
1720184767386.00, -4343, -428000, 203 
1720184767407.00, -4225, -428096, 140 
1720184767429.00, -4345, -428195, 76 
1720184767450.00, -4166, -428294, 14 
1720184767472.00, -4211, -428390, -66 
1720184767493.00, -8014, -428480, -120 
1720184767515.00, -13666, -428653, -172 
1720184767536.00, -19576, -428942, -226 
1720184767558.00, -26304, -429365, -262 
1720184767584.00, -32629, -429929, -217 
1720184767602.00, -33670, -430634, -315 
1720184767624.00, -40273, -431377, -323 
1720184767645.00, -44702, -432236, -310 
1720184767667.00, -46375, -433191, -332 
1720184767690.00, -48435, -434196, -333 
1720184767710.00, -49811, -435258, -336 
1720184767732.00, -50859, -436330, -333 
1720184767753.00, -51303, -437436, -379 
1720184767775.00, -54278, -438557, -404 
1720184767796.00, -57320, -439720, -433 
1720184767818.00, -60925, -440968, -461 
1720184767840.00, -64624, -442290, -475 
1720184767861.00, -67708, -443685, -462 
1720184767883.00, -68609, -445163, -459 
1720184767905.00, -68874, -446639, -440 
1720184767926.00, -68047, -448135, -440 
1720184767948.00, -67264, -449591, -429 
1720184767969.00, -65959, -451072, -437 
1720184767991.00, -65781, -452498, -435 
1720184768015.00, -65696, -453926, -436 
1720184768034.00, -65600, -455342, -450 
1720184768056.00, -66156, -456758, -446 
1720184768078.00, -66229, -458204, -450 
1720184768099.00, -66469, -459633, -427 
1720184768122.00, -65383, -461083, -424 
1720184768143.00, -64393, -462480, -413 
1720184768165.00, -63104, -463881, -426 
1720184768186.00, -63088, -465241, -439 
1720184768208.00, -63881, -466613, -424 
1720184768229.00, -63295, -468006, -414 
1720184768251.00, -62330, -469369, -407 
1720184768272.00, -61336, -470732, -424 
1720184768294.00, -61707, -472049, -428 
1720184768316.00, -62285, -473386, -429 
1720184768337.00, -62589, -474739, -456 
1720184768359.00, -64369, -476094, -470 
1720184768381.00, -66112, -477502, -484 
1720184768402.00, -68178, -478922, -468 
1720184768423.00, -68251, -480404, -457 
1720184768445.00, -67614, -481863, -436 
1720184768467.00, -65963, -483344, -435 
1720184768488.00, -64872, -484776, -438 
1720184768510.00, -64516, -486177, -420 
1720184768532.00, -63038, -487577, -433 
1720184768553.00, -62806, -488933, -446 
1720184768575.00, -63618, -490313, -470 
1720184768597.00, -65460, -491679, -476 
1720184768619.00, -66851, -493110, -494 
1720184768640.00, -68870, -494556, -494 
1720184768662.00, -69962, -496041, -488 
1720184768684.00, -70224, -497564, -497 
1720184768705.00, -70969, -499082, -474 
1720184768727.00, -69982, -500630, -485 
1720184768749.00, -69904, -502136, -480 
1720184768770.00, -69588, -503662, -507 
1720184768791.00, -70893, -505160, -500 
1720184768813.00, -71239, -506710, -505 
1720184768835.00, -71723, -508247, -491 
1720184768856.00, -71221, -509816, -486 
1720184768878.00, -70721, -511349, -479 
1720184768901.00, -70162, -512882, -478 
1720184768921.00, -69471, -514386, -472 
1720184768944.00, -68680, -515904, -467 
1720184768964.00, -68066, -517399, -488 
1720184768986.00, -68560, -518867, -490 
1720184769008.00, -69177, -520365, -505 
1720184769030.00, -70453, -521854, -504 
1720184769052.00, -71291, -523394, -523 
1720184769073.00, -72904, -524931, -521 
1720184769095.00, -73637, -526521, -546 
1720184769116.00, -75670, -528107, -538 
1720184769137.00, -76346, -529744, -527 
1720184769160.00, -76031, -531383, -514 
1720184769181.00, -75041, -533054, -531 
1720184769203.00, -75524, -534664, -503 
1720184769226.00, -74045, -536310, -506 
1720184769246.00, -73354, -537898, -493 
1720184769268.00, -72139, -539491, -503 
1720184769289.00, -71850, -541043, -479 
1720184769311.00, -70227, -542616, -483 
1720184769332.00, -69535, -544122, -476 
1720184769354.00, -68490, -545635, -472 
1720184769376.00, -67769, -547108, -461 
1720184769397.00, -66731, -548590, -470 
1720184769419.00, -66651, -550039, -478 
1720184769441.00, -66939, -551479, -452 
1720184769462.00, -65618, -552936, -461 
1720184769484.00, -65425, -554348, -446 
1720184769506.00, -64364, -555773, -446 
1720184769527.00, -63701, -557161, -427 
1720184769549.00, -62114, -558549, -424 
1720184769571.00, -60920, -559892, -411 
1720184769592.00, -59528, -561209, -380 
1720184769614.00, -56941, -562501, -388 
1720184769636.00, -55718, -563728, -414 
1720184769657.00, -56812, -564946, -442 
1720184769679.00, -59093, -566176, -401 
1720184769701.00, -57913, -567454, -406 
1720184769722.00, -57383, -568717, -433 
1720184769744.00, -58742, -569952, -412 
1720184769766.00, -58279, -571219, -401 
1720184769787.00, -57431, -572494, -417 
1720184769809.00, -57977, -573736, -402 
1720184769831.00, -57367, -574994, -392 
1720184769852.00, -56620, -576230, -402 
1720184769874.00, -56359, -577444, -396 
1720184769895.00, -56061, -578669, -386 
1720184769917.00, -55121, -579873, -384 
1720184769939.00, -54594, -581078, -384 
1720184769960.00, -54221, -582260, -378 
1720184769984.00, -53634, -583430, -373 
1720184770004.00, -52839, -584595, -372 
1720184770025.00, -52505, -585738, -364 
1720184770047.00, -51951, -586871, -361 
1720184770068.00, -51212, -587996, -360 
1720184770090.00, -50724, -589103, -354 
1720184770111.00, -50141, -590197, -352 
1720184770133.00, -49519, -591287, -347 
1720184770155.00, -48952, -592362, -347 
1720184770176.00, -48692, -593420, -340 
1720184770197.00, -27648, -594468, -326 
1720184770220.00, -14811, -595093, -326 
1720184770241.00, -7017, -595435, -327 
1720184770263.00, -2644, -595598, -307 
1720184770284.00, -95, -595662, -328 
1720184770306.00, 700, -595671, -314 
1720184770328.00, 1737, -595665, -292 
1720184770349.00, 2296, -595635, -274 
1720184770370.00, 2542, -595586, -234 
1720184770392.00, 2812, -595526, -180 
1720184770414.00, 2809, -595465, -128 
1720184770436.00, 2880, -595398, -74 
1720184770456.00, 2913, -595333, 0 
1720184770479.00, 2810, -595266, 86 
1720184770500.00, 7984, -595196, 157 
1720184770521.00, 15476, -595022, 227 
1720184770543.00, 23791, -594692, 286 
1720184770565.00, 32400, -594180, 354 
1720184770586.00, 41572, -593483, 390 
1720184770608.00, 49104, -592593, 474 
1720184770630.00, 58482, -591530, 505 
1720184770651.00, 66023, -590255, 538 
1720184770672.00, 72449, -588831, 598 
1720184770695.00, 79892, -587254, 610 
1720184770716.00, 84866, -585532, 646 
1720184770738.00, 89794, -583685, 657 
1720184770760.00, 93531, -581739, 680 
1720184770780.00, 96932, -579715, 701 
1720184770803.00, 100026, -577606, 711 
1720184770824.00, 102613, -575438, 722 
1720184770846.00, 104656, -573196, 724 
1720184770868.00, 105854, -570919, 733 
1720184770890.00, 107136, -568615, 769 
1720184770912.00, 109849, -566284, 754 
1720184770933.00, 110468, -563891, 767 
1720184770955.00, 111628, -561486, 782 
1720184770977.00, 113168, -559056, 804 
1720184770998.00, 115422, -556589, 798 
1720184771020.00, 116261, -554074, 799 
1720184771042.00, 116914, -551542, 808 
1720184771064.00, 117819, -549008, 826 
1720184771087.00, 119149, -546444, 821 
1720184771107.00, 119428, -543845, 819 
1720184771129.00, 119629, -541245, 818 
1720184771151.00, 119731, -538646, 830 
1720184771172.00, 120472, -536044, 834 
1720184771193.00, 120934, -533420, 843 
1720184771216.00, 121788, -530792, 827 
1720184771238.00, 121157, -528138, 822 
1720184771259.00, 120532, -525500, 817 
1720184771281.00, 119751, -522891, 826 
1720184771302.00, 119768, -520286, 803 
1720184771325.00, 118497, -517665, 798 
1720184771346.00, 117228, -515096, 794 
1720184771368.00, 116325, -512537, 801 
1720184771389.00, 116184, -510022, 802 
1720184771410.00, 116076, -507491, 794 
1720184771432.00, 115468, -504963, 791 
1720184771455.00, 114864, -502447, 804 
1720184771476.00, 115298, -499954, 809 
1720184771498.00, 115885, -497450, 803 
1720184771520.00, 115887, -494921, 793 
1720184771542.00, 115389, -492399, 810 
1720184771563.00, 115760, -489900, 816 
1720184771585.00, 116341, -487380, 807 
1720184771607.00, 116114, -484846, 804 
1720184771629.00, 115823, -482315, 803 
1720184771650.00, 115501, -479794, 816 
1720184771672.00, 115886, -477295, 800 
1720184771694.00, 115397, -474759, 778 
1720184771715.00, 113772, -472255, 764 
1720184771742.00, 111845, -469781, 754 
1720184771759.00, 110072, -467362, 754 
1720184771780.00, 108863, -464965, 732 
1720184771802.00, 106951, -462591, 720 
1720184771824.00, 105059, -460269, 715 
1720184771846.00, 103768, -457995, 713 
1720184771868.00, 102807, -455732, 691 
1720184771889.00, 100829, -453503, 685 
1720184771911.00, 99171, -451313, 692 
1720184771932.00, 98688, -449158, 686 
1720184771954.00, 97949, -447023, 667 
1720184771975.00, 96600, -444908, 664 
1720184771997.00, 95313, -442809, 655 
1720184772019.00, 94130, -440752, 664 
1720184772041.00, 93919, -438713, 641 
1720184772062.00, 92496, -436677, 644 
1720184772084.00, 91699, -434672, 654 
1720184772106.00, 91792, -432678, 639 
1720184772127.00, 90862, -430692, 615 
1720184772148.00, 51869, -428739, 610 
1720184772173.00, 28623, -427609, 617 
1720184772192.00, 14754, -426969, 628 
1720184772214.00, 6769, -426630, 620 
1720184772235.00, 2079, -426480, 624 
1720184772256.00, -83, -426439, 573 
1720184772278.00, -1810, -426441, 465 
1720184772300.00, -2975, -426478, 370 
1720184772320.00, -3777, -426543, 277 
1720184772342.00, -3947, -426626, 208 
1720184772364.00, -4146, -426722, 123 
1720184772385.00, -4201, -426815, 51 
1720184772407.00, -4268, -426915, -16 
1720184772427.00, -5001, -427009, -89 
1720184772450.00, -9937, -427125, -153 
1720184772471.00, -16577, -427339, -206 
1720184772493.00, -24088, -427696, -248 
1720184772515.00, -31353, -428209, -275 
1720184772536.00, -36416, -428875, -380 
1720184772558.00, -45849, -429645, -294 
1720184772579.00, -46428, -430628, -362 
1720184772601.00, -50402, -431636, -337 
1720184772623.00, -51397, -432726, -369 
1720184772645.00, -53802, -433841, -410 
1720184772666.00, -57567, -435020, -429 
1720184772688.00, -60920, -436259, -433 
1720184772709.00, -63264, -437587, -441 
1720184772730.00, -64932, -438960, -451 
1720184772752.00, -66379, -440359, -460 
1720184772774.00, -67806, -441806, -466 
1720184772796.00, -69181, -443275, -448 
1720184772818.00, -68816, -444777, -451 
1720184772839.00, -68539, -446253, -447 
1720184772861.00, -68058, -447746, -450 
1720184772883.00, -67914, -449205, -448 
1720184772904.00, -67680, -450690, -443 
1720184772926.00, -67346, -452158, -448 
1720184772947.00, -67325, -453614, -457 
1720184772968.00, -67680, -455073, -472 
1720184772990.00, -68753, -456534, -475 
1720184773012.00, -69544, -458033, -502 
1720184773034.00, -71663, -459541, -504 
1720184773055.00, -73038, -461099, -514 
1720184773077.00, -74406, -462667, -504 
1720184773099.00, -74482, -464287, -508 
1720184773120.00, -74785, -465885, -483 
1720184773142.00, -73350, -467522, -485 
1720184773164.00, -73045, -469100, -467 
1720184773185.00, -71396, -470686, -449 
1720184773207.00, -69244, -472212, -430 
1720184773229.00, -66657, -473714, -443 
1720184773250.00, -65910, -475159, -469 
1720184773274.00, -67024, -476600, -460 
1720184773293.00, -67209, -478051, -471 
1720184773315.00, -67963, -479501, -474 
1720184773338.00, -68380, -480974, -517 
1720184773359.00, -71283, -482448, -507 
1720184773380.00, -72474, -484019, -525 
1720184773402.00, -74142, -485573, -513 
1720184773423.00, -74211, -487191, -522 
1720184773445.00, -74821, -488785, -516 
1720184773467.00, -74968, -490426, -535 
1720184773489.00, -75946, -492040, -541 
1720184773509.00, -76851, -493702, -534 
1720184773532.00, -77198, -495357, -519 
1720184773553.00, -76426, -497034, -529 
1720184773574.00, -76491, -498675, -516 
1720184773597.00, -75759, -500353, -517 
1720184773618.00, -75244, -501980, -493 
1720184773640.00, -73578, -503627, -520 
1720184773661.00, -74132, -505205, -511 
1720184773683.00, -73898, -506820, -530 
1720184773704.00, -74792, -508421, -521 
1720184773726.00, -74870, -510054, -531 
1720184773747.00, -75457, -511663, -516 
1720184773770.00, -75022, -513309, -532 
1720184773791.00, -75534, -514918, -555 
1720184773813.00, -77178, -516580, -551 
1720184773835.00, -78019, -518243, -532 
1720184773856.00, -77380, -519941, -549 
1720184773878.00, -78104, -521605, -537 
1720184773899.00, -77732, -523303, -540 
1720184773922.00, -77666, -524979, -506 
1720184773943.00, -75422, -526666, -519 
1720184773964.00, -74889, -528291, -485 
1720184773986.00, -72539, -529915, -494 
1720184774007.00, -71765, -531477, -475 
1720184774033.00, -70142, -533049, -487 
1720184774051.00, -69708, -534555, -456 
1720184774072.00, -67563, -536076, -464 
1720184774094.00, -66767, -537528, -456 
1720184774116.00, -65797, -538974, -455 
1720184774151.00, -65211, -540401, -450 
1720184774159.00, -64359, -541821, -449 
1720184774180.00, -63973, -543224, -453 
1720184774202.00, -64122, -544600, -442 
1720184774223.00, -63473, -545991, -449 
1720184774249.00, -63410, -547354, -433 
1720184774267.00, -62332, -548742, -432 
1720184774288.00, -61693, -550089, -419 
1720184774311.00, -60465, -551424, -402 
1720184774332.00, -58918, -552743, -410 
1720184774353.00, -58446, -554008, -396 
1720184774376.00, -57336, -555273, -388 
1720184774397.00, -56127, -556512, -383 
1720184774419.00, -55090, -557730, -379 
1720184774441.00, -54141, -558928, -367 
1720184774462.00, -52954, -560094, -363 
1720184774484.00, -52000, -561240, -361 
1720184774505.00, -51349, -562371, -371 
1720184774527.00, -51517, -563470, -364 
1720184774548.00, -51117, -564593, -356 
1720184774570.00, -50379, -565711, -370 
1720184774592.00, -50825, -566799, -361 
1720184774613.00, -50585, -567909, -360 
1720184774635.00, -50545, -569011, -369 
1720184774657.00, -50783, -570092, -369 
1720184774678.00, -50917, -571195, -369 
1720184774700.00, -51269, -572305, -382 
1720184774722.00, -51904, -573412, -369 
1720184774743.00, -51677, -574548, -364 
1720184774765.00, -51262, -575668, -366 
1720184774787.00, -50988, -576773, -366 
1720184774808.00, -50910, -577882, -344 
1720184774829.00, -49610, -578988, -351 
1720184774852.00, -49332, -580061, -343 
1720184774873.00, -48801, -581131, -329 
1720184774894.00, -47606, -582193, -338 
1720184774917.00, -47167, -583218, -329 
1720184774937.00, -46319, -584246, -327 
1720184774960.00, -46058, -585257, -331 
1720184774982.00, -46201, -586247, -330 
1720184775003.00, -45864, -587243, -319 
1720184775024.00, -45275, -588244, -323 
1720184775046.00, -45093, -589225, -321 
1720184775067.00, -45071, -590203, -318 
1720184775090.00, -44703, -591179, -322 
1720184775111.00, -44911, -592150, -305 
1720184775133.00, -43927, -593117, -296 
1720184775154.00, -24845, -594067, -285 
1720184775176.00, -13417, -594634, -291 
1720184775198.00, -6680, -594940, -275 
1720184775219.00, -2782, -595094, -288 
1720184775241.00, -295, -595160, -282 
1720184775264.00, 109, -595173, -262 
1720184775283.00, 939, -595172, -251 
1720184775305.00, 1568, -595160, -237 
1720184775327.00, 2055, -595130, -208 
1720184775349.00, 2327, -595086, -174 
1720184775370.00, 2427, -595033, -123 
1720184775392.00, 2509, -594977, -75 
1720184775413.00, 2444, -594922, -25 
1720184775435.00, 2327, -594864, 23 
1720184775456.00, 3798, -594809, 86 
1720184775478.00, 8073, -594725, 145 
1720184775499.00, 14541, -594543, 185 
1720184775521.00, 20690, -594236, 232 
1720184775543.00, 26963, -593787, 302 
1720184775564.00, 34997, -593208, 353 
1720184775585.00, 42856, -592461, 376 
1720184775608.00, 48973, -591539, 432 
1720184775629.00, 55738, -590475, 482 
1720184775651.00, 62694, -589273, 505 
1720184775672.00, 68254, -587912, 545 
1720184775694.00, 73797, -586424, 586 
1720184775716.00, 79614, -584827, 595 
1720184775737.00, 83429, -583097, 625 
1720184775759.00, 87490, -581286, 629 
1720184775781.00, 90198, -579388, 659 
1720184775802.00, 93533, -577428, 670 
1720184775824.00, 96221, -575414, 685 
1720184775846.00, 98475, -573330, 699 
1720184775867.00, 100598, -571192, 702 
1720184775892.00, 101983, -569007, 724 
1720184775911.00, 104013, -566777, 731 
1720184775932.00, 105619, -564510, 740 
1720184775954.00, 106957, -562222, 756 
1720184775976.00, 108901, -559885, 745 
1720184775999.00, 109180, -557511, 741 
1720184776027.00, 109094, -555150, 754 
1720184776041.00, 109692, -552771, 758 
1720184776063.00, 110263, -550383, 743 
1720184776084.00, 109885, -547987, 741 
1720184776106.00, 109212, -545600, 746 
1720184776128.00, 109081, -543224, 744 
1720184776150.00, 108839, -540850, 726 
1720184776171.00, 107689, -538484, 731 
1720184776193.00, 107161, -536146, 743 
1720184776216.00, 107295, -533806, 744 
1720184776237.00, 107559, -531470, 744 
1720184776259.00, 107731, -529129, 756 
1720184776280.00, 108480, -526787, 760 
1720184776302.00, 109147, -524424, 754 
1720184776327.00, 109439, -522048, 762 
1720184776345.00, 109906, -519672, 787 
1720184776367.00, 111474, -517278, 791 
1720184776388.00, 112758, -514849, 795 
1720184776410.00, 113696, -512394, 804 
1720184776432.00, 114586, -509927, 808 
1720184776454.00, 115406, -507426, 792 
1720184776476.00, 114757, -504919, 766 
1720184776497.00, 112987, -502419, 760 
1720184776519.00, 111428, -499964, 763 
1720184776541.00, 110617, -497544, 750 
1720184776563.00, 109355, -495128, 744 
1720184776584.00, 108381, -492749, 765 
1720184776606.00, 108856, -490405, 789 
1720184776628.00, 110613, -488025, 787 
1720184776649.00, 111548, -485616, 801 
1720184776671.00, 113126, -483180, 821 
1720184776693.00, 114929, -480731, 827 
1720184776714.00, 116305, -478219, 827 
1720184776736.00, 117029, -475682, 832 
1720184776758.00, 117892, -473139, 841 
1720184776780.00, 119020, -470577, 846 
1720184776801.00, 119842, -467984, 847 
1720184776823.00, 120421, -465369, 842 
1720184776845.00, 120222, -462743, 832 
1720184776868.00, 119853, -460127, 819 
1720184776889.00, 118562, -457537, 804 
1720184776910.00, 116932, -454949, 777 
1720184776932.00, 114351, -452403, 756 
1720184776953.00, 111518, -449921, 752 
1720184776975.00, 109551, -447499, 738 
1720184776997.00, 107660, -445121, 705 
1720184777019.00, 104394, -442777, 672 
1720184777041.00, 100524, -440520, 662 
1720184777062.00, 97475, -438340, 659 
1720184777083.00, 95673, -436223, 647 
1720184777105.00, 93753, -434154, 638 
1720184777127.00, 91909, -432125, 631 
1720184777149.00, 52287, -430141, 632 
1720184777171.00, 28662, -429005, 673 
1720184777192.00, 14944, -428361, 689 
1720184777213.00, 6605, -428024, 713 
1720184777236.00, 1981, -427871, 723 
1720184777257.00, -113, -427825, 684 
1720184777277.00, -1840, -427829, 574 
1720184777299.00, -3163, -427866, 487 
1720184777322.00, -3836, -427935, 407 
1720184777342.00, -4367, -428021, 332 
1720184777363.00, -4480, -428119, 244 
1720184777385.00, -4390, -428220, 168 
1720184777407.00, -4419, -428323, 100 
1720184777428.00, -4284, -428416, 32 
1720184777449.00, -4069, -428516, -24 
1720184777471.00, -5327, -428611, -90 
1720184777492.00, -9969, -428732, -157 
1720184777514.00, -16839, -428949, -227 
1720184777536.00, -25328, -429304, -270 
1720184777557.00, -32733, -429849, -423 
1720184777579.00, -46316, -430539, -307 
1720184777601.00, -47374, -431536, -346 
1720184777622.00, -50121, -432552, -323 
1720184777644.00, -50319, -433631, -321 
1720184777665.00, -50220, -434737, -319 
1720184777687.00, -49994, -435820, -322 
1720184777709.00, -49845, -436903, -337 
1720184777730.00, -50857, -437998, -345 
1720184777751.00, -51916, -439095, -371 
1720184777773.00, -54085, -440212, -399 
1720184777795.00, -56884, -441394, -432 
1720184777817.00, -60587, -442623, -451 
1720184777838.00, -63850, -443937, -447 
1720184777860.00, -65390, -445330, -469 
1720184777882.00, -67614, -446735, -456 
1720184777903.00, -68063, -448204, -456 
1720184777925.00, -68528, -449671, -438 
1720184777947.00, -67468, -451166, -427 
1720184777969.00, -66158, -452618, -407 
1720184777990.00, -64011, -454056, -404 
1720184778012.00, -62677, -455438, -426 
1720184778033.00, -63011, -456785, -432 
1720184778055.00, -63513, -458168, -434 
1720184778079.00, -64032, -459537, -433 
1720184778099.00, -64143, -460935, -453 
1720184778120.00, -65252, -462314, -467 
1720184778141.00, -66805, -463732, -471 
1720184778164.00, -68026, -465177, -475 
1720184778186.00, -68990, -466654, -460 
1720184778207.00, -68481, -468157, -445 
1720184778228.00, -67250, -469634, -414 
1720184778250.00, -64612, -471108, -429 
1720184778271.00, -64126, -472487, -433 
1720184778300.00, -63867, -473884, -442 
1720184778314.00, -64104, -475261, -436 
1720184778336.00, -64048, -476665, -446 
1720184778357.00, -64642, -478054, -462 
1720184778379.00, -65772, -479448, -454 
1720184778401.00, -65905, -480876, -456 
1720184778423.00, -66240, -482297, -454 
1720184778445.00, -66278, -483747, -479 
1720184778466.00, -67698, -485178, -487 
1720184778488.00, -68991, -486646, -481 
1720184778509.00, -69272, -488137, -490 
1720184778531.00, -69939, -489640, -474 
1720184778553.00, -69484, -491164, -484 
1720184778574.00, -69776, -492670, -474 
1720184778596.00, -69431, -494191, -486 
1720184778617.00, -69735, -495680, -471 
1720184778639.00, -69049, -497201, -488 
1720184778661.00, -69435, -498686, -475 
1720184778683.00, -69001, -500215, -478 
1720184778703.00, -69040, -501700, -458 
1720184778726.00, -67981, -503207, -449 
1720184778748.00, -66678, -504662, -442 
1720184778769.00, -65377, -506104, -441 
1720184778790.00, -64513, -507525, -453 
1720184778813.00, -64842, -508926, -447 
1720184778834.00, -64517, -510338, -452 
1720184778856.00, -64430, -511722, -431 
1720184778877.00, -63274, -513132, -434 
1720184778899.00, -62708, -514485, -424 
1720184778921.00, -61809, -515855, -417 
1720184778942.00, -60941, -517203, -403 
1720184778964.00, -59432, -518514, -388 
1720184778985.00, -57570, -519813, -392 
1720184779007.00, -56800, -521049, -393 
1720184779028.00, -56337, -522284, -404 
1720184779050.00, -56841, -523516, -418 
1720184779072.00, -57893, -524740, -416 
1720184779094.00, -58590, -526002, -427 
1720184779115.00, -59584, -527261, -433 
1720184779136.00, -60331, -528547, -423 
1720184779158.00, -60301, -529859, -421 
1720184779180.00, -60112, -531153, -409 
1720184779202.00, -59432, -532471, -415 
1720184779224.00, -59248, -533753, -411 
1720184779245.00, -58857, -535037, -404 
1720184779267.00, -58161, -536321, -412 
1720184779288.00, -58174, -537566, -407 
1720184779310.00, -57911, -538828, -401 
1720184779332.00, -57398, -540084, -393 
1720184779353.00, -56659, -541328, -390 
1720184779375.00, -55929, -542571, -402 
1720184779397.00, -56462, -543773, -388 
1720184779418.00, -55583, -544986, -375 
1720184779440.00, -54448, -546199, -385 
1720184779461.00, -54327, -547368, -380 
1720184779483.00, -54006, -548557, -383 
1720184779505.00, -54029, -549730, -383 
1720184779526.00, -53981, -550895, -377 
1720184779548.00, -53823, -552069, -376 
1720184779569.00, -53341, -553227, -371 
1720184779590.00, -52836, -554377, -357 
1720184779613.00, -51642, -555529, -354 
1720184779634.00, -50860, -556642, -334 
1720184779656.00, -49406, -557743, -324 
1720184779678.00, -47654, -558815, -336 
1720184779699.00, -47041, -559843, -328 
1720184779721.00, -46394, -560865, -318 
1720184779743.00, -45665, -561878, -322 
1720184779765.00, -45250, -562865, -331 
1720184779786.00, -45646, -563837, -331 
1720184779808.00, -45700, -564832, -334 
1720184779830.00, -46130, -565836, -346 
1720184779851.00, -46895, -566826, -335 
1720184779872.00, -46650, -567850, -336 
1720184779894.00, -46641, -568869, -349 
1720184779916.00, -47633, -569877, -342 
1720184779938.00, -47858, -570901, -342 
1720184779959.00, -47762, -571938, -350 
1720184779981.00, -48168, -572975, -342 
1720184780003.00, -48345, -574023, -339 
1720184780027.00, -47795, -575068, -351 
1720184780058.00, -48308, -576105, -339 
1720184780067.00, -47996, -577145, -334 
1720184780089.00, -47455, -578186, -339 
1720184780111.00, -47340, -579213, -339 
1720184780132.00, -47225, -580238, -335 
1720184780154.00, -47204, -581270, -329 
1720184780176.00, -46776, -582291, -328 
1720184780197.00, -46270, -583299, -339 
1720184780219.00, -46674, -584305, -329 
1720184780241.00, -46423, -585317, -326 
1720184780262.00, -46069, -586318, -321 
1720184780284.00, -45400, -587317, -320 
1720184780305.00, -45110, -588304, -320 
1720184780327.00, -45049, -589278, -314 
1720184780349.00, -44549, -590252, -311 
1720184780370.00, -44016, -591218, -311 
1720184780391.00, -43803, -592172, -305 
1720184780414.00, -43176, -593121, -308 
1720184780435.00, -24461, -594053, -299 
1720184780457.00, -13116, -594607, -308 
1720184780478.00, -6495, -594906, -298 
1720184780500.00, -2527, -595058, -301 
1720184780521.00, -186, -595120, -301 
1720184780543.00, 165, -595129, -290 
1720184780565.00, 1112, -595128, -276 
1720184780586.00, 1738, -595110, -252 
1720184780608.00, 2141, -595074, -214 
1720184780630.00, 2340, -595026, -175 
1720184780651.00, 2478, -594972, -133 
1720184780672.00, 2520, -594916, -80 
1720184780694.00, 2557, -594856, -24 
1720184780716.00, 2619, -594799, 30 
1720184780737.00, 4285, -594740, 89 
1720184780759.00, 8862, -594643, 148 
1720184780780.00, 15292, -594450, 206 
1720184780802.00, 22329, -594125, 270 
1720184780858.00, 30575, -593643, 334 
1720184780858.00, 39326, -592996, 364 
1720184780865.00, 46242, -592157, 427 
1720184780888.00, 1, -591134, 371 
1720184780909.00, 0, -590911, 561 
1720184780930.00, 0, -590920, 393 
1720184780952.00, 0, -590911, 552 
1720184780973.00, 0, -590913, 531 
1720184780993.00, 0, -590911, 579 
1720184781015.00, 0, -590910, 632 
1720184781036.00, 0, -590910, 631 
1720184781056.00, 0, -590909, 652 
1720184781077.00, 0, -590909, 648 
1720184781099.00, 0, -590910, 641 
1720184781119.00, 0, -590911, 604 
1720184781140.00, 0, -590911, 573 
1720184781162.00, 0, -590914, 520 
1720184781183.00, 0, -590916, 474 
1720184781204.00, 0, -590918, 421 
1720184781225.00, 0, -590921, 360 
1720184781246.00, 0, -590922, 318 
1720184781267.00, 0, -590925, 281 
1720184781288.00, 0, -590928, 234 
1720184781309.00, 0, -590930, 198 
1720184781330.00, 0, -590932, 169 
1720184781351.00, 0, -590932, 151 
1720184781372.00, 0, -590932, 139 
1720184781392.00, 0, -590935, 116 
1720184781414.00, 0, -590936, 93 
1720184781435.00, 0, -590937, 69 
1720184781456.00, -48, -590940, 43 
1720184781477.00, 10, -590944, 18 
1720184781498.00, 0, -590947, -6 
1720184781519.00, 0, -590950, -29 
1720184781539.00, 0, -590954, -46 
1720184781561.00, 0, -590959, -62 
1720184781582.00, -4, -590959, -75 
1720184781603.00, -5, -590960, -87 
1720184781624.00, 0, -590960, -97 
1720184781645.00, 0, -590960, -106 
1720184781666.00, 0, -590960, -111 
1720184781688.00, 6, -590962, -115 
1720184781709.00, 0, -590961, -117 
1720184781730.00, 0, -590962, -118 
1720184781751.00, 0, -590962, -120 
1720184781772.00, 6, -590962, -122 
1720184781793.00, 0, -590962, -126 
1720184781814.00, 0, -590961, -127 
1720184781835.00, 0, -590961, -127 
1720184781856.00, 0, -590962, -127 
1720184781877.00, -41, -590962, -126 
1720184781899.00, 0, -590963, -126 
1720184781920.00, 0, -590962, -125 
1720184781941.00, 0, -590962, -127 
1720184781963.00, 20, -590962, -127 
1720184781983.00, 0, -590962, -122 
1720184782004.00, 0, -590961, -107 
1720184782025.00, 0, -590962, -119 
1720184782047.00, 0, -590962, -129 
1720184782068.00, -43, -590962, -130 
1720184782089.00, 0, -590962, -125 
1720184782110.00, 0, -590961, -118 
1720184782131.00, 0, -590962, -115 
1720184782152.00, 0, -590963, -117 
1720184782174.00, 11, -590963, -118 
1720184782196.00, 0, -590962, -117 
1720184782216.00, 0, -590962, -114 
1720184782237.00, 0, -590961, -109 
1720184782259.00, 18, -590961, -110 
1720184782279.00, 0, -590963, -113 
1720184782300.00, 0, -590961, -119 
1720184782322.00, 0, -590962, -117 
1720184782343.00, 0, -590962, -103 
1720184782364.00, 0, -590961, -100 
1720184782385.00, 0, -590962, -100 
1720184782407.00, 0, -590962, -101 
1720184782427.00, 0, -590963, -109 
1720184782448.00, 0, -590962, -108 
1720184782470.00, 0, -590961, -101 
1720184782491.00, 0, -590961, -100 
1720184782511.00, 0, -590962, -100 
1720184782533.00, 0, -590961, -99 
1720184782554.00, 0, -590962, -101 
1720184782575.00, 0, -590962, -99 
1720184782596.00, -14, -590961, -91 
1720184782617.00, 0, -590961, -97 
1720184782655.00, 0, -590961, -98 
1720184782659.00, 0, -590962, -93 
1720184782679.00, 0, -590961, -94 
1720184782701.00, 0, -590961, -94 
1720184782723.00, 11, -590960, -97 
1720184782743.00, 0, -590961, -99 
1720184782764.00, 0, -590961, -99 
1720184782786.00, 0, -590960, -98 
1720184782807.00, 17, -590961, -93 
1720184782827.00, 0, -590961, -87 
1720184782848.00, 0, -590960, -88 
1720184782870.00, 0, -590960, -92 
1720184782890.00, 3, -590962, -98 
1720184782912.00, 0, -590961, -99 
1720184782933.00, 0, -590961, -100 
1720184782954.00, 0, -590961, -100 
1720184782975.00, 0, -590961, -98 
1720184782996.00, 0, -590961, -92 
1720184783017.00, 0, -590960, -91 
1720184783038.00, 0, -590962, -96 
1720184783059.00, 0, -590961, -98 
1720184783080.00, 0, -590961, -99 
1720184783102.00, 0, -590961, -100 
1720184783122.00, -1, -590961, -99 
1720184783143.00, 0, -590961, -100 
1720184783165.00, -3, -590961, -100 
1720184783186.00, 0, -590961, -99 
1720184783207.00, 0, -590961, -100 
1720184783228.00, 0, -590961, -99 
1720184783249.00, 7, -590961, -100 
1720184783270.00, 0, -590962, -100 
1720184783291.00, 0, -590961, -99 
1720184783312.00, 54, -590962, -100 
1720184783333.00, 0, -590961, -99 
1720184783354.00, 0, -590962, -100 
1720184783376.00, 0, -590960, -100 
1720184783397.00, 0, -590961, -100 
1720184783418.00, 0, -590960, -100 
1720184783439.00, 34, -590961, -99 
1720184783460.00, -4, -590960, -100 
1720184783486.00, 0, -590962, -100 
1720184783502.00, 0, -590962, -99 
1720184783523.00, 0, -590960, -100 
1720184783544.00, 0, -590961, -100 
1720184783566.00, 0, -590962, -100 
1720184783587.00, 4, -590961, -100 
1720184783608.00, 0, -590963, -100 
1720184783629.00, 0, -590962, -100 
1720184783650.00, 0, -590962, -100 
1720184783671.00, 0, -590962, -100 
1720184783692.00, 0, -590961, -100 
1720184783713.00, 0, -590962, -100 
1720184783735.00, 0, -590961, -100 
1720184783756.00, 0, -590962, -100 
1720184783777.00, 0, -590962, -100 
1720184783798.00, 0, -590961, -100 
