1721989733202.00, 660, -595705, -464 
1721989733223.00, 655, -595691, -452 
1721989733245.00, 634, -595676, -452 
1721989733266.00, 599, -595663, -461 
1721989733288.00, 620, -595650, -464 
1721989733314.00, 715, -595639, -465 
1721989733331.00, 644, -595624, -468 
1721989733352.00, 572, -595610, -473 
1721989733374.00, 539, -595597, -471 
1721989733395.00, 487, -595586, -458 
1721989733420.00, 454, -595573, -452 
1721989733439.00, 412, -595563, -462 
1721989733460.00, 432, -595555, -471 
1721989733481.00, 422, -595545, -463 
1721989733503.00, 368, -595535, -455 
1721989733531.00, 346, -595528, -458 
1721989733546.00, 366, -595520, -461 
1721989733568.00, 358, -595512, -463 
1721989733590.00, 364, -595504, -463 
1721989733611.00, 378, -595497, -464 
1721989733636.00, 405, -595488, -462 
1721989733654.00, 395, -595480, -458 
1721989733676.00, 364, -595471, -454 
1721989733697.00, 309, -595464, -454 
1721989733719.00, 308, -595457, -460 
1721989733741.00, 303, -595451, -463 
1721989733762.00, 306, -595444, -464 
1721989733784.00, 293, -595437, -464 
1721989733805.00, 271, -595429, -464 
1721989733827.00, 273, -595423, -466 
1721989733849.00, 264, -595419, -468 
1721989733869.00, 231, -595414, -468 
1721989733891.00, 236, -595408, -470 
1721989733913.00, 247, -595403, -472 
1721989733934.00, 239, -595398, -472 
1721989733955.00, 247, -595393, -469 
1721989733978.00, 243, -595387, -465 
1721989733998.00, 281, -595381, -461 
1721989734021.00, 283, -595376, -458 
1721989734042.00, 245, -595370, -452 
1721989734063.00, 220, -595362, -448 
1721989734085.00, 213, -595358, -444 
1721989734107.00, 211, -595352, -442 
1721989734128.00, 211, -595348, -442 
1721989734149.00, 214, -595345, -438 
1721989734172.00, 206, -595341, -436 
1721989734193.00, 196, -595336, -434 
1721989734214.00, 162, -595332, -436 
1721989734235.00, 175, -595328, -441 
1721989734257.00, 172, -595324, -436 
1721989734279.00, 177, -595320, -430 
1721989734304.00, 184, -595316, -427 
1721989734323.00, 178, -595312, -422 
1721989734344.00, 163, -595308, -421 
1721989734365.00, 148, -595304, -420 
1721989734387.00, 153, -595299, -420 
1721989734410.00, 176, -595297, -419 
1721989734430.00, 168, -595293, -417 
1721989734451.00, 156, -595290, -416 
1721989734472.00, 156, -595286, -416 
1721989734495.00, 141, -595283, -413 
1721989734516.00, 132, -595280, -412 
1721989734538.00, 132, -595277, -411 
1721989734560.00, 128, -595274, -408 
1721989734581.00, 123, -595272, -403 
1721989734603.00, 124, -595267, -398 
1721989734627.00, 118, -595264, -394 
1721989734647.00, 124, -595261, -388 
1721989734668.00, 149, -595258, -380 
1721989734689.00, 148, -595255, -369 
1721989734711.00, 130, -595251, -363 
1721989734735.00, 123, -595248, -363 
1721989734754.00, 124, -595246, -359 
1721989734776.00, 120, -595243, -351 
1721989734797.00, 107, -595240, -345 
1721989734818.00, 108, -595238, -340 
1721989734840.00, 107, -595234, -337 
1721989734862.00, 108, -595231, -333 
1721989734883.00, 109, -595229, -328 
1721989734905.00, 104, -595227, -326 
1721989734926.00, 95, -595224, -323 
1721989734948.00, 89, -595222, -323 
1721989734969.00, 38, -595221, -326 
1721989734991.00, 42, -595220, -332 
1721989735012.00, 63, -595219, -334 
1721989735034.00, 62, -595217, -332 
1721989735055.00, 53, -595217, -331 
1721989735077.00, 62, -595216, -327 
1721989735098.00, 69, -595215, -324 
1721989735119.00, 74, -595213, -317 
1721989735141.00, 98, -595211, -307 
1721989735163.00, 107, -595208, -296 
1721989735184.00, 91, -595206, -291 
1721989735206.00, 67, -595202, -291 
1721989735227.00, 62, -595201, -292 
1721989735248.00, 13, -595201, -293 
1721989735270.00, 18, -595199, -298 
1721989735291.00, -4, -595198, -295 
1721989735312.00, 64, -595197, -291 
1721989735334.00, 67, -595197, -290 
1721989735355.00, 66, -595197, -291 
1721989735377.00, 66, -595196, -293 
1721989735398.00, 46, -595196, -293 
1721989735420.00, 65, -595196, -293 
1721989735441.00, 44, -595195, -290 
1721989735463.00, 7, -595194, -288 
1721989735483.00, -5, -595194, -287 
1721989735505.00, 0, -595193, -282 
1721989735527.00, 63, -595192, -280 
1721989735548.00, -6, -595192, -277 
1721989735569.00, 0, -595191, -272 
1721989735591.00, 61, -595190, -266 
1721989735612.00, 67, -595189, -255 
1721989735634.00, 61, -595187, -244 
1721989735655.00, 91, -595186, -233 
1721989735676.00, 131, -595183, -214 
1721989735698.00, 163, -595180, -196 
1721989735720.00, 177, -595175, -168 
1721989735741.00, 137, -595168, -138 
1721989735763.00, 113, -595164, -113 
1721989735784.00, 105, -595159, -93 
1721989735806.00, 123, -595155, -64 
1721989735827.00, 124, -595151, -35 
1721989735848.00, 107, -595146, -9 
1721989735869.00, 91, -595142, 10 
1721989735891.00, 50, -595138, 28 
1721989735912.00, 1768, -595135, 40 
1721989735934.00, 3593, -595100, 49 
1721989735956.00, 5086, -595022, 68 
1721989735976.00, 7015, -594908, 97 
1721989735999.00, 10061, -594753, 131 
1721989736020.00, 13878, -594530, 161 
1721989736042.00, 18409, -594226, 187 
1721989736064.00, 22208, -593837, 220 
1721989736085.00, 26466, -593355, 260 
1721989736107.00, 31331, -592787, 293 
1721989736128.00, 36268, -592114, 325 
1721989736150.00, 41405, -591327, 354 
1721989736172.00, 45737, -590440, 384 
1721989736194.00, 50129, -589452, 422 
1721989736215.00, 55200, -588365, 447 
1721989736237.00, 59641, -587167, 460 
1721989736258.00, 62829, -585875, 489 
1721989736280.00, 66590, -584504, 506 
1721989736302.00, 69778, -583066, 486 
1721989736323.00, 70678, -581546, 565 
1721989736344.00, 75579, -580013, 562 
1721989736367.00, 78391, -578377, 546 
1721989736388.00, 79156, -576673, 604 
1721989736410.00, 83104, -574961, 609 
1721989736431.00, 85435, -573160, 637 
1721989736453.00, 88451, -571304, 655 
1721989736475.00, 91500, -569390, 678 
1721989736496.00, 94516, -567396, 711 
1721989736518.00, 98279, -565343, 742 
1721989736540.00, 102427, -563213, 751 
1721989736561.00, 105327, -560978, 759 
1721989736583.00, 107599, -558683, 778 
1721989736604.00, 110188, -556343, 798 
1721989736627.00, 112644, -553937, 809 
1721989736648.00, 114885, -551485, 851 
1721989736669.00, 118603, -548989, 887 
1721989736692.00, 122876, -546400, 908 
1721989736713.00, 126866, -543723, 927 
1721989736736.00, 130136, -540956, 919 
1721989736757.00, 131425, -538132, 924 
1721989736779.00, 132532, -535259, 927 
1721989736801.00, 133419, -532380, 924 
1721989736822.00, 133586, -529481, 926 
1721989736844.00, 133698, -526574, 933 
1721989736865.00, 134206, -523661, 941 
1721989736887.00, 134826, -520736, 934 
1721989736909.00, 134912, -517790, 935 
1721989736931.00, 134877, -514863, 936 
1721989736952.00, 134864, -511927, 934 
1721989736974.00, 134871, -508984, 929 
1721989736996.00, 134510, -506068, 935 
1721989737018.00, 134461, -503137, 932 
1721989737039.00, 134301, -500203, 938 
1721989737061.00, 134478, -497286, 938 
1721989737083.00, 134541, -494359, 936 
1721989737105.00, 134439, -491423, 915 
1721989737126.00, 133168, -488504, 934 
1721989737149.00, 133432, -485607, 948 
1721989737169.00, 134371, -482690, 960 
1721989737192.00, 135860, -479772, 978 
1721989737213.00, 137699, -476824, 970 
1721989737235.00, 138203, -473830, 946 
1721989737260.00, 136972, -470822, 929 
1721989737278.00, 135238, -467838, 915 
1721989737300.00, 133359, -464901, 924 
1721989737322.00, 132802, -461985, 923 
1721989737344.00, 132212, -459104, 919 
1721989737365.00, 131901, -456234, 902 
1721989737387.00, 130716, -453370, 901 
1721989737409.00, 129660, -450525, 895 
1721989737429.00, 128593, -447723, 868 
1721989737452.00, 126254, -444927, 843 
1721989737474.00, 123412, -442176, 809 
1721989737495.00, 119702, -439493, 779 
1721989737518.00, 115664, -436899, 777 
1721989737539.00, 113128, -434389, 756 
1721989737561.00, 110120, -431933, 711 
1721989737583.00, 62384, -429557, 654 
1721989737604.00, 34206, -428207, 702 
1721989737625.00, 17755, -427439, 719 
1721989737647.00, 8359, -427039, 714 
1721989737669.00, 2562, -426857, 720 
1721989737693.00, -419, -426803, 590 
1721989737712.00, -2483, -426814, 429 
1721989737732.00, -3853, -426867, 320 
1721989737754.00, -4518, -426948, 242 
1721989737776.00, -4958, -427050, 151 
1721989737800.00, -5125, -427158, 84 
1721989737818.00, -4937, -427277, 24 
1721989737840.00, -4707, -427399, -60 
1721989737862.00, -8381, -427509, -127 
1721989737883.00, -14254, -427695, -234 
1721989737905.00, -24547, -428009, -282 
1721989737927.00, -33341, -428534, -415 
1721989737948.00, -46670, -429240, -397 
1721989737970.00, -53457, -430233, -485 
1721989737992.00, -62505, -431396, -512 
1721989738020.00, -69504, -432745, -550 
1721989738035.00, -76083, -434261, -568 
1721989738056.00, -80781, -435904, -599 
1721989738078.00, -85260, -437661, -620 
1721989738100.00, -89300, -439504, -616 
1721989738123.00, -91196, -441444, -626 
1721989738142.00, -92693, -443419, -648 
1721989738164.00, -94879, -445436, -660 
1721989738186.00, -96991, -447486, -620 
1721989738208.00, -95806, -449581, -639 
1721989738234.00, -96070, -451670, -627 
1721989738251.00, -95431, -453749, -602 
1721989738272.00, -93515, -455802, -632 
1721989738294.00, -93997, -457839, -604 
1721989738316.00, -92778, -459870, -582 
1721989738340.00, -90466, -461872, -616 
1721989738360.00, -91004, -463834, -587 
1721989738381.00, -89525, -465795, -637 
1721989738403.00, -91638, -467757, -631 
1721989738424.00, -92474, -469732, -603 
1721989738445.00, -91118, -471745, -646 
1721989738467.00, -93013, -473723, -633 
1721989738489.00, -93104, -475735, -656 
1721989738511.00, -94656, -477768, -685 
1721989738532.00, -97262, -479814, -690 
1721989738553.00, -99298, -481912, -696 
1721989738576.00, -100543, -484085, -703 
1721989738597.00, -101745, -486273, -692 
1721989738619.00, -101668, -488470, -692 
1721989738641.00, -101558, -490690, -675 
1721989738663.00, -100533, -492906, -660 
1721989738684.00, -98916, -495084, -650 
1721989738706.00, -97335, -497229, -666 
1721989738728.00, -97325, -499337, -706 
1721989738749.00, -99451, -501448, -712 
1721989738771.00, -101260, -503616, -658 
1721989738792.00, -99131, -505803, -665 
1721989738814.00, -98032, -507954, -703 
1721989738835.00, -99684, -510092, -664 
1721989738858.00, -98354, -512247, -656 
1721989738879.00, -97136, -514359, -645 
1721989738901.00, -95629, -516484, -590 
1721989738923.00, -91399, -518545, -618 
1721989738944.00, -90522, -520530, -651 
1721989738966.00, -92037, -522483, -608 
1721989738988.00, -90285, -524478, -642 
1721989739020.00, -91127, -526443, -607 
1721989739031.00, -89524, -528402, -629 
1721989739052.00, -89907, -530346, -641 
1721989739075.00, -90678, -532300, -604 
1721989739095.00, -89021, -534264, -630 
1721989739117.00, -89617, -536207, -641 
1721989739139.00, -90618, -538135, -647 
1721989739161.00, -91710, -540097, -649 
1721989739183.00, -92275, -542095, -641 
1721989739204.00, -92074, -544086, -656 
1721989739225.00, -92775, -546084, -656 
1721989739247.00, -93234, -548089, -632 
1721989739268.00, -91989, -550118, -642 
1721989739291.00, -91918, -552115, -640 
1721989739312.00, -91728, -554094, -641 
1721989739333.00, -91751, -556089, -637 
1721989739356.00, -91299, -558077, -632 
1721989739377.00, -90760, -560049, -652 
1721989739399.00, -91658, -562021, -623 
1721989739420.00, -90480, -563998, -633 
1721989739442.00, -90530, -565972, -651 
1721989739463.00, -91287, -567922, -610 
1721989739485.00, -89390, -569904, -634 
1721989739507.00, -89628, -571834, -634 
1721989739529.00, -89665, -573783, -636 
1721989739555.00, -90083, -575734, -626 
1721989739572.00, -89393, -577669, -600 
1721989739593.00, -87484, -579604, -609 
1721989739615.00, -87136, -581504, -582 
1721989739637.00, -85019, -583391, -569 
1721989739658.00, -83115, -585236, -586 
1721989739680.00, -83026, -587033, -596 
1721989739702.00, -83499, -588832, -597 
1721989739723.00, -83761, -590639, -571 
1721989739745.00, -82392, -592458, -605 
1721989739766.00, -83660, -594239, -582 
1721989739788.00, -48028, -596034, -604 
1721989739810.00, -26190, -597088, -657 
1721989739831.00, -13420, -597682, -598 
1721989739853.00, -5950, -597990, -576 
1721989739875.00, -1502, -598130, -563 
1721989739896.00, 262, -598161, -462 
1721989739918.00, 1854, -598154, -326 
1721989739939.00, 2709, -598112, -185 
1721989739961.00, 3274, -598052, -154 
1721989739983.00, 3744, -597976, -84 
1721989740004.00, 3670, -597893, -2 
1721989740025.00, 3757, -597808, 58 
1721989740047.00, 7039, -597725, 104 
1721989740069.00, 11875, -597567, 153 
1721989740090.00, 17711, -597306, 224 
1721989740112.00, 25591, -596923, 286 
1721989740133.00, 33886, -596382, 321 
1721989740155.00, 40952, -595668, 365 
1721989740177.00, 47507, -594782, 448 
1721989740198.00, 56062, -593750, 506 
1721989740219.00, 64875, -592534, 518 
1721989740242.00, 70757, -591123, 624 
1721989740263.00, 80583, -589590, 600 
1721989740285.00, 84909, -587847, 632 
1721989740307.00, 89210, -585998, 671 
1721989740328.00, 94064, -584064, 666 
1721989740352.00, 96756, -582026, 680 
1721989740372.00, 98962, -579921, 692 
1721989740394.00, 101000, -577777, 712 
1721989740415.00, 103326, -575585, 735 
1721989740436.00, 105826, -573327, 751 
1721989740458.00, 108411, -571021, 787 
1721989740479.00, 112051, -568662, 820 
1721989740502.00, 116035, -566214, 835 
1721989740524.00, 119343, -563689, 838 
1721989740544.00, 121460, -561092, 854 
1721989740566.00, 123519, -558448, 874 
1721989740588.00, 125754, -555767, 881 
1721989740610.00, 127489, -553029, 892 
1721989740632.00, 129287, -550241, 894 
1721989740653.00, 130215, -547430, 908 
1721989740676.00, 131538, -544598, 911 
1721989740697.00, 132516, -541730, 918 
1721989740719.00, 133539, -538852, 951 
1721989740740.00, 135871, -535948, 966 
1721989740762.00, 138082, -532986, 986 
1721989740784.00, 140530, -529977, 981 
1721989740806.00, 141635, -526916, 979 
1721989740827.00, 142270, -523827, 983 
1721989740849.00, 142535, -520731, 990 
1721989740870.00, 143186, -517623, 997 
1721989740893.00, 144117, -514509, 988 
1721989740914.00, 143959, -511371, 1006 
1721989740935.00, 145068, -508214, 1029 
1721989740957.00, 146947, -505060, 1043 
1721989740979.00, 148982, -501840, 1038 
1721989741000.00, 149772, -498586, 1053 
1721989741022.00, 151093, -495319, 1022 
1721989741044.00, 149801, -492013, 1030 
1721989741065.00, 149479, -488744, 1037 
1721989741088.00, 149733, -485482, 1050 
1721989741109.00, 150519, -482199, 1075 
1721989741131.00, 152482, -478904, 1074 
1721989741154.00, 153383, -475578, 1081 
1721989741175.00, 154336, -472220, 1065 
1721989741197.00, 154036, -468846, 1047 
1721989741220.00, 152567, -465489, 972 
1721989741242.00, 147174, -462163, 945 
1721989741264.00, 142395, -458967, 897 
1721989741285.00, 136542, -455883, 888 
1721989741307.00, 132619, -452924, 886 
1721989741329.00, 130167, -450023, 899 
1721989741350.00, 129456, -447211, 867 
1721989741371.00, 126889, -444404, 847 
1721989741393.00, 124094, -441643, 805 
1721989741415.00, 119978, -438939, 772 
1721989741437.00, 115547, -436337, 774 
1721989741459.00, 112975, -433821, 759 
1721989741481.00, 110569, -431377, 724 
1721989741502.00, 62815, -428989, 679 
1721989741524.00, 34661, -427627, 663 
1721989741546.00, 18032, -426852, 710 
1721989741567.00, 8386, -426450, 649 
1721989741588.00, 2601, -426262, 605 
1721989741610.00, -151, -426205, 492 
1721989741631.00, -2173, -426210, 363 
1721989741653.00, -3249, -426254, 283 
1721989741674.00, -4111, -426327, 215 
1721989741696.00, -4360, -426416, 165 
1721989741718.00, -4489, -426514, 100 
1721989741739.00, -4405, -426618, 47 
1721989741760.00, -4615, -426722, 5 
1721989741782.00, -4650, -426827, -85 
1721989741803.00, -9525, -426933, -184 
1721989741825.00, -18568, -427137, -239 
1721989741846.00, -27544, -427528, -257 
1721989741868.00, -33496, -428128, -411 
1721989741889.00, -46286, -428837, -376 
1721989741912.00, -51722, -429816, -409 
1721989741933.00, -56648, -430937, -425 
1721989741955.00, -60441, -432171, -473 
1721989741976.00, -65783, -433477, -456 
1721989741997.00, -67672, -434915, -495 
1721989742019.00, -71167, -436373, -505 
1721989742041.00, -73589, -437923, -521 
1721989742065.00, -76014, -439514, -517 
1721989742085.00, -77219, -441165, -540 
1721989742106.00, -79066, -442839, -575 
1721989742127.00, -82401, -444568, -590 
1721989742149.00, -85275, -446338, -613 
1721989742171.00, -88132, -448186, -604 
1721989742193.00, -89426, -450093, -572 
1721989742214.00, -88077, -452033, -601 
1721989742236.00, -88893, -453949, -606 
1721989742257.00, -89736, -455866, -646 
1721989742279.00, -92484, -457814, -645 
1721989742301.00, -94146, -459817, -626 
1721989742322.00, -93832, -461850, -666 
1721989742344.00, -95891, -463890, -668 
1721989742365.00, -97244, -465954, -640 
1721989742387.00, -96245, -468076, -637 
1721989742409.00, -95646, -470162, -635 
1721989742430.00, -94773, -472223, -676 
1721989742452.00, -96874, -474291, -667 
1721989742473.00, -97472, -476385, -685 
1721989742497.00, -98886, -478495, -714 
1721989742516.00, -101396, -480648, -698 
1721989742539.00, -101928, -482840, -643 
1721989742560.00, -98772, -485066, -698 
1721989742582.00, -100208, -487212, -646 
1721989742604.00, -97972, -489374, -655 
1721989742625.00, -97079, -491510, -695 
1721989742647.00, -98855, -493622, -693 
1721989742668.00, -99937, -495753, -669 
1721989742690.00, -98975, -497912, -741 
1721989742711.00, -102584, -500079, -749 
1721989742734.00, -105330, -502301, -740 
1721989742755.00, -106339, -504592, -769 
1721989742777.00, -108592, -506915, -762 
1721989742799.00, -109553, -509275, -748 
1721989742821.00, -108980, -511661, -770 
1721989742843.00, -109965, -514030, -741 
1721989742864.00, -108989, -516434, -670 
1721989742886.00, -104090, -518796, -672 
1721989742907.00, -101010, -521056, -705 
1721989742929.00, -101291, -523258, -692 
1721989742951.00, -100710, -525465, -702 
1721989742972.00, -101013, -527653, -690 
1721989742994.00, -100155, -529847, -737 
1721989743016.00, -102599, -532026, -742 
1721989743038.00, -104240, -534267, -759 
1721989743060.00, -106285, -536542, -729 
1721989743081.00, -105769, -538846, -721 
1721989743103.00, -104782, -541152, -793 
1721989743124.00, -108452, -543444, -795 
1721989743146.00, -110825, -545799, -723 
1721989743168.00, -107995, -548196, -670 
1721989743190.00, -102850, -550557, -694 
1721989743212.00, -101544, -552803, -678 
1721989743233.00, -99514, -554991, -713 
1721989743255.00, -100208, -557152, -677 
1721989743277.00, -98917, -559339, -619 
1721989743298.00, -94588, -561469, -694 
1721989743320.00, -96423, -563513, -721 
1721989743342.00, -98885, -565610, -674 
1721989743363.00, -97882, -567754, -677 
1721989743385.00, -97255, -569868, -705 
1721989743407.00, -98604, -571973, -725 
1721989743427.00, -100639, -574113, -699 
1721989743450.00, -100247, -576301, -695 
1721989743471.00, -99656, -578472, -723 
1721989743493.00, -101123, -580628, -723 
1721989743515.00, -101952, -582833, -721 
1721989743537.00, -101843, -585051, -683 
1721989743558.00, -99931, -587264, -675 
1721989743580.00, -98263, -589427, -703 
1721989743601.00, -98628, -591560, -707 
1721989743623.00, -99246, -593689, -678 
1721989743644.00, -56888, -595827, -677 
1721989743666.00, -31382, -597067, -731 
1721989743688.00, -16248, -597770, -692 
1721989743710.00, -7410, -598154, -754 
1721989743731.00, -2344, -598327, -745 
1721989743753.00, 33, -598384, -696 
1721989743774.00, 1380, -598389, -687 
1721989743796.00, 2731, -598367, -672 
1721989743817.00, 3751, -598305, -556 
1721989743839.00, 4164, -598214, -352 
1721989743861.00, 4157, -598112, -199 
1721989743882.00, 4320, -598013, -103 
1721989743904.00, 3968, -597913, -4 
1721989743925.00, 4013, -597815, 84 
1721989743946.00, 8818, -597716, 170 
1721989743968.00, 17225, -597525, 235 
1721989743990.00, 25902, -597161, 297 
1721989744012.00, 34694, -596606, 378 
1721989744034.00, 44568, -595873, 402 
1721989744055.00, 52053, -594913, 440 
1721989744077.00, 58562, -593777, 493 
1721989744098.00, 65826, -592521, 487 
1721989744120.00, 69355, -591083, 640 
1721989744142.00, 80726, -589580, 579 
1721989744163.00, 83737, -587826, 634 
1721989744184.00, 88753, -586014, 691 
1721989744206.00, 94998, -584086, 673 
1721989744228.00, 97803, -582026, 704 
1721989744249.00, 101001, -579900, 699 
1721989744271.00, 102500, -577691, 712 
1721989744293.00, 104189, -575470, 728 
1721989744315.00, 105933, -573199, 723 
1721989744337.00, 106688, -570891, 730 
1721989744359.00, 107619, -568566, 767 
1721989744380.00, 110184, -566225, 787 
1721989744402.00, 112942, -563820, 779 
1721989744423.00, 111365, -561357, 804 
1721989744445.00, 111859, -558944, 841 
1721989744467.00, 114431, -556505, 837 
1721989744489.00, 115532, -554021, 831 
1721989744510.00, 116072, -551501, 842 
1721989744532.00, 116943, -548978, 857 
1721989744554.00, 118296, -546440, 869 
1721989744576.00, 119818, -543857, 864 
1721989744597.00, 120578, -541237, 901 
1721989744619.00, 123134, -538628, 942 
1721989744641.00, 127125, -535943, 918 
1721989744663.00, 128103, -533175, 923 
1721989744699.00, 128920, -530389, 917 
1721989744706.00, 128964, -527576, 890 
1721989744727.00, 127351, -524774, 873 
1721989744750.00, 125383, -522005, 864 
1721989744772.00, 123860, -519276, 882 
1721989744795.00, 123893, -516587, 893 
1721989744815.00, 124529, -513885, 902 
1721989744836.00, 125624, -511173, 916 
1721989744858.00, 126925, -508440, 935 
1721989744880.00, 128875, -505678, 951 
1721989744901.00, 131115, -502869, 936 
1721989744923.00, 131384, -500023, 906 
1721989744944.00, 129784, -497161, 896 
1721989744966.00, 128292, -494338, 900 
1721989744988.00, 127581, -491543, 873 
1721989745010.00, 125474, -488767, 888 
1721989745032.00, 125303, -486037, 903 
1721989745054.00, 126022, -483312, 924 
1721989745075.00, 127657, -480581, 923 
1721989745097.00, 128658, -477795, 940 
1721989745119.00, 130217, -474991, 968 
1721989745141.00, 132824, -472156, 981 
1721989745162.00, 135257, -469268, 985 
1721989745184.00, 136612, -466320, 963 
1721989745205.00, 136386, -463336, 980 
1721989745227.00, 137322, -460380, 995 
1721989745250.00, 138560, -457406, 982 
1721989745271.00, 138395, -454387, 970 
1721989745293.00, 137492, -451367, 946 
1721989745314.00, 135586, -448381, 913 
1721989745338.00, 132450, -445431, 874 
1721989745358.00, 128323, -442550, 853 
1721989745379.00, 124543, -439774, 835 
1721989745401.00, 121241, -437056, 792 
1721989745423.00, 116787, -434433, 772 
1721989745445.00, 112744, -431901, 751 
1721989745466.00, 63018, -429460, 684 
1721989745488.00, 33769, -428101, 633 
1721989745509.00, 16669, -427339, 632 
1721989745531.00, 6616, -426957, 613 
1721989745553.00, 884, -426805, 550 
1721989745574.00, -1868, -426784, 436 
1721989745595.00, -3768, -426825, 311 
1721989745617.00, -4789, -426908, 227 
1721989745638.00, -5624, -427015, 163 
1721989745659.00, -5974, -427143, 57 
1721989745681.00, -6107, -427286, -25 
1721989745703.00, -7546, -427427, -119 
1721989745724.00, -14056, -427592, -197 
1721989745746.00, -22586, -427914, -425 
1721989745767.00, -41395, -428397, -401 
1721989745789.00, -50859, -429261, -449 
1721989745811.00, -59745, -430357, -472 
1721989745833.00, -65824, -431653, -492 
1721989745854.00, -70682, -433072, -498 
1721989745876.00, -73782, -434619, -524 
1721989745897.00, -77079, -436209, -530 
1721989745919.00, -79320, -437896, -536 
1721989745941.00, -80991, -439604, -574 
1721989745963.00, -84125, -441368, -603 
1721989745984.00, -87700, -443190, -641 
1721989746005.00, -91864, -445105, -664 
1721989746027.00, -95702, -447088, -672 
1721989746049.00, -98635, -449154, -689 
1721989746070.00, -100981, -451310, -688 
1721989746092.00, -102480, -453502, -691 
1721989746114.00, -103377, -455721, -721 
1721989746136.00, -105625, -457982, -688 
1721989746157.00, -104825, -460279, -688 
1721989746179.00, -104269, -462544, -712 
1721989746201.00, -105426, -464819, -682 
1721989746223.00, -104215, -467122, -703 
1721989746244.00, -104732, -469377, -737 
1721989746266.00, -106934, -471659, -728 
1721989746288.00, -107559, -473990, -716 
1721989746309.00, -107227, -476324, -728 
1721989746332.00, -107789, -478659, -746 
1721989746353.00, -109078, -481006, -776 
1721989746375.00, -111529, -483388, -825 
1721989746396.00, -116038, -485807, -772 
1721989746418.00, -115228, -488326, -803 
1721989746440.00, -116580, -490838, -773 
1721989746462.00, -115570, -493385, -730 
1721989746483.00, -112351, -495878, -723 
1721989746505.00, -109776, -498315, -733 
1721989746526.00, -108663, -500722, -719 
1721989746550.00, -107323, -503086, -684 
1721989746570.00, -104474, -505403, -737 
1721989746592.00, -105793, -507692, -759 
1721989746613.00, -107880, -510001, -736 
1721989746636.00, -107886, -512342, -727 
1721989746657.00, -106979, -514677, -794 
1721989746679.00, -110658, -517028, -750 
1721989746701.00, -110011, -519432, -747 
1721989746722.00, -109441, -521809, -726 
1721989746744.00, -107680, -524194, -697 
1721989746766.00, -104880, -526549, -663 
1721989746788.00, -101200, -528821, -690 
1721989746809.00, -100794, -531010, -660 
1721989746831.00, -98288, -533210, -655 
1721989746853.00, -96963, -535346, -645 
1721989746875.00, -95274, -537436, -714 
1721989746896.00, -98279, -539507, -674 
1721989746918.00, -97837, -541636, -652 
1721989746938.00, -96245, -543759, -678 
1721989746961.00, -96673, -545840, -677 
1721989746983.00, -96758, -547929, -714 
1721989747004.00, -99032, -550039, -698 
1721989747025.00, -99504, -552194, -670 
1721989747047.00, -98063, -554340, -709 
1721989747069.00, -99321, -556466, -687 
1721989747090.00, -98979, -558627, -645 
1721989747113.00, -96225, -560768, -694 
1721989747134.00, -97399, -562848, -694 
1721989747156.00, -98161, -564961, -668 
1721989747177.00, -96918, -567090, -677 
1721989747199.00, -96880, -569196, -638 
1721989747221.00, -94513, -571279, -614 
1721989747242.00, -91574, -573324, -628 
1721989747264.00, -90559, -575316, -592 
1721989747285.00, -87876, -577270, -596 
1721989747307.00, -86405, -579175, -625 
1721989747329.00, -87318, -581049, -605 
1721989747350.00, -86688, -582949, -624 
1721989747371.00, -87428, -584829, -591 
1721989747394.00, -85857, -586714, -596 
1721989747415.00, -85209, -588578, -612 
1721989747437.00, -85753, -590420, -651 
1721989747459.00, -88452, -592288, -639 
1721989747480.00, -89352, -594194, -616 
1721989747501.00, -51211, -596114, -637 
1721989747524.00, -28269, -597242, -694 
1721989747545.00, -14862, -597875, -622 
1721989747566.00, -6857, -598209, -574 
1721989747587.00, -2090, -598370, -572 
1721989747610.00, 97, -598420, -528 
1721989747631.00, 1632, -598419, -436 
1721989747653.00, 2673, -598385, -269 
1721989747674.00, 3198, -598324, -175 
1721989747696.00, 3525, -598253, -160 
1721989747717.00, 3712, -598169, -76 
1721989747738.00, 3628, -598085, 0 
1721989747760.00, 3521, -598001, 67 
1721989747782.00, 7472, -597916, 115 
1721989747804.00, 12736, -597748, 167 
1721989747825.00, 19382, -597475, 207 
1721989747847.00, 25136, -597067, 248 
1721989747868.00, 30951, -596523, 283 
1721989747890.00, 36628, -595864, 311 
1721989747912.00, 41742, -595077, 339 
1721989747933.00, 46289, -594172, 375 
1721989747955.00, 51183, -593170, 408 
1721989747977.00, 55862, -592075, 438 
1721989747998.00, 60604, -590856, 411 
1721989748020.00, 61402, -589542, 515 
1721989748042.00, 68017, -588218, 438 
1721989748063.00, 67505, -586727, 457 
1721989748084.00, 68370, -585274, 482 
1721989748106.00, 70336, -583792, 470 
1721989748127.00, 70681, -582265, 499 
1721989748150.00, 72361, -580730, 509 
1721989748172.00, 74066, -579165, 530 
1721989748193.00, 76131, -577550, 541 
1721989748214.00, 78119, -575906, 570 
1721989748236.00, 81167, -574200, 579 
1721989748258.00, 83462, -572450, 604 
1721989748279.00, 86167, -570634, 631 
1721989748301.00, 89366, -568776, 684 
1721989748323.00, 94313, -566827, 707 
1721989748344.00, 98585, -564777, 742 
1721989748366.00, 103202, -562650, 769 
1721989748388.00, 107493, -560388, 759 
1721989748409.00, 109564, -558054, 760 
1721989748432.00, 110712, -555677, 786 
1721989748453.00, 112697, -553260, 775 
1721989748475.00, 113204, -550805, 767 
1721989748496.00, 113071, -548337, 775 
1721989748518.00, 113505, -545890, 804 
1721989748540.00, 115493, -543419, 816 
1721989748562.00, 117190, -540903, 819 
1721989748583.00, 118113, -538354, 847 
1721989748605.00, 120437, -535783, 848 
1721989748630.00, 121946, -533160, 857 
1721989748649.00, 123357, -530501, 876 
1721989748670.00, 125143, -527813, 896 
1721989748692.00, 127419, -525088, 896 
1721989748713.00, 128914, -522320, 915 
1721989748735.00, 130630, -519520, 939 
1721989748757.00, 133074, -516668, 938 
1721989748779.00, 134429, -513765, 955 
1721989748799.00, 136219, -510835, 1001 
1721989748821.00, 139941, -507844, 1025 
1721989748843.00, 143622, -504793, 1029 
1721989748865.00, 146103, -501646, 1047 
1721989748886.00, 148482, -498455, 1037 
1721989748909.00, 149356, -495211, 1007 
1721989748930.00, 147935, -491946, 1026 
1721989748953.00, 148186, -488720, 999 
1721989748974.00, 146621, -485496, 1010 
1721989748997.00, 146413, -482294, 989 
1721989749019.00, 144888, -479110, 979 
1721989749040.00, 143425, -475958, 992 
1721989749066.00, 143048, -472845, 1011 
1721989749083.00, 144254, -469710, 1017 
1721989749105.00, 145166, -466567, 1027 
1721989749126.00, 146259, -463385, 1028 
1721989749148.00, 146966, -460200, 1050 
1721989749171.00, 148567, -456992, 1085 
1721989749192.00, 151773, -453742, 1066 
1721989749214.00, 152481, -450415, 1067 
1721989749235.00, 152572, -447095, 1054 
1721989749256.00, 151823, -443759, 1027 
1721989749279.00, 149942, -440448, 989 
1721989749302.00, 146300, -437189, 956 
1721989749324.00, 142001, -434014, 925 
1721989749345.00, 137771, -430925, 878 
1721989749366.00, 78297, -427956, 823 
1721989749388.00, 43310, -426255, 832 
1721989749410.00, 23187, -425314, 781 
1721989749432.00, 11036, -424803, 720 
1721989749453.00, 4024, -424552, 628 
1721989749474.00, 1, -424459, 499 
1721989749496.00, -1997, -424457, 383 
1721989749517.00, -1167, -424500, 273 
1721989749539.00, -746, -424525, 215 
1721989749561.00, -560, -424548, 131 
1721989749582.00, -382, -424568, 49 
1721989749603.00, -336, -424588, -11 
1721989749625.00, -1045, -424600, -91 
1721989749646.00, -6185, -424631, -193 
1721989749668.00, -15000, -424766, -259 
1721989749690.00, -24769, -425085, -235 
1721989749711.00, -29133, -425621, -446 
1721989749733.00, -44271, -426238, -381 
1721989749754.00, -49271, -427183, -442 
1721989749776.00, -55656, -428261, -512 
1721989749798.00, -63785, -429461, -529 
1721989749819.00, -69628, -430839, -546 
1721989749841.00, -74056, -432354, -581 
1721989749863.00, -78677, -433965, -606 
1721989749884.00, -83011, -435682, -631 
1721989749905.00, -87032, -437476, -622 
1721989749926.00, -88675, -439360, -654 
1721989749949.00, -91720, -441292, -662 
1721989749971.00, -93753, -443270, -627 
1721989749992.00, -93037, -445309, -626 
1721989750014.00, -92525, -447322, -640 
1721989750035.00, -93009, -449311, -683 
1721989750057.00, -95755, -451350, -641 
1721989750079.00, -94836, -453413, -683 
1721989750100.00, -96555, -455465, -707 
1721989750122.00, -99250, -457572, -691 
1721989750144.00, -99876, -459721, -699 
1721989750166.00, -100375, -461879, -723 
1721989750187.00, -102518, -464073, -717 
1721989750208.00, -103190, -466292, -748 
1721989750231.00, -105401, -468555, -793 
1721989750252.00, -109293, -470855, -779 
1721989750274.00, -111058, -473221, -745 
1721989750295.00, -109810, -475628, -739 
1721989750317.00, -108633, -478024, -696 
1721989750339.00, -105291, -480388, -646 
1721989750361.00, -100336, -482660, -655 
1721989750381.00, -97887, -484845, -669 
1721989750404.00, -97317, -486973, -647 
1721989750425.00, -95532, -489058, -677 
1721989750447.00, -96016, -491140, -720 
1721989750469.00, -99091, -493237, -691 
1721989750490.00, -99157, -495372, -707 
1721989750512.00, -99988, -497523, -739 
1721989750534.00, -102521, -499699, -709 
1721989750556.00, -102132, -501929, -772 
1721989750577.00, -105719, -504161, -756 
1721989750599.00, -106857, -506452, -677 
1721989750621.00, -102788, -508780, -633 
1721989750643.00, -97632, -511013, -717 
1721989750664.00, -99607, -513138, -729 
1721989750686.00, -101507, -515281, -705 
1721989750708.00, -101108, -517506, -725 
1721989750729.00, -102148, -519720, -730 
1721989750751.00, -103015, -521925, -800 
1721989750773.00, -107586, -524175, -759 
1721989750795.00, -107792, -526526, -743 
1721989750819.00, -107158, -528865, -686 
1721989750838.00, -103161, -531185, -650 
1721989750860.00, -98930, -533438, -598 
1721989750881.00, -93202, -535573, -622 
1721989750903.00, -91080, -537585, -682 
1721989750924.00, -93210, -539559, -621 
1721989750946.00, -91170, -541579, -599 
1721989750968.00, -88455, -543557, -634 
1721989750990.00, -89058, -545473, -622 
1721989751011.00, -88645, -547385, -646 
1721989751032.00, -89621, -549322, -643 
1721989751054.00, -90144, -551256, -627 
1721989751075.00, -89371, -553215, -662 
1721989751098.00, -91068, -555140, -617 
1721989751119.00, -89561, -557118, -630 
1721989751146.00, -89208, -559063, -617 
1721989751162.00, -88277, -560988, -630 
1721989751184.00, -88526, -562909, -678 
1721989751205.00, -91631, -564824, -696 
1721989751227.00, -94507, -566809, -661 
1721989751249.00, -93987, -568861, -608 
1721989751271.00, -90580, -570883, -644 
1721989751292.00, -90648, -572853, -662 
1721989751313.00, -91805, -574823, -651 
1721989751336.00, -91864, -576803, -610 
1721989751359.00, -89137, -578780, -600 
1721989751378.00, -87186, -580722, -616 
1721989751400.00, -86802, -582618, -643 
1721989751421.00, -88319, -584499, -611 
1721989751443.00, -87398, -586403, -604 
1721989751469.00, -86278, -588305, -697 
1721989751487.00, -91179, -590176, -656 
1721989751509.00, -91545, -592145, -636 
1721989751530.00, -90599, -594127, -590 
1721989751552.00, -51408, -596067, -498 
1721989751577.00, -27694, -597190, -414 
1721989751595.00, -14225, -597819, -350 
1721989751617.00, -5927, -598146, -370 
1721989751638.00, -1399, -598293, -376 
1721989751660.00, 289, -598333, -398 
1721989751684.00, 1824, -598332, -412 
1721989751703.00, 2895, -598297, -399 
1721989751725.00, 3545, -598234, -354 
1721989751746.00, 3989, -598152, -280 
1721989751768.00, 4155, -598058, -171 
1721989751790.00, 4240, -597962, -73 
1721989751811.00, 4085, -597865, -1 
1721989751833.00, 4022, -597771, 60 
1721989751854.00, 7697, -597680, 110 
1721989751875.00, 12894, -597510, 188 
1721989751899.00, 20363, -597234, 234 
1721989751919.00, 27818, -596797, 271 
1721989751940.00, 34401, -596207, 331 
1721989751962.00, 41738, -595475, 375 
1721989751984.00, 48693, -594568, 417 
1721989752005.00, 55268, -593515, 473 
1721989752027.00, 62443, -592328, 487 
1721989752049.00, 67463, -590962, 557 
1721989752070.00, 74735, -589499, 591 
1721989752092.00, 81043, -587881, 576 
1721989752113.00, 83801, -586127, 631 
1721989752136.00, 88585, -584309, 621 
1721989752157.00, 90800, -582394, 662 
1721989752178.00, 94347, -580413, 677 
1721989752200.00, 97408, -578371, 688 
1721989752221.00, 99608, -576258, 714 
1721989752243.00, 102530, -574093, 711 
1721989752266.00, 104182, -571863, 728 
1721989752287.00, 106159, -569602, 740 
1721989752309.00, 107976, -567284, 730 
1721989752330.00, 108190, -564937, 736 
1721989752352.00, 108666, -562594, 751 
1721989752373.00, 109880, -560217, 750 
1721989752395.00, 110420, -557826, 772 
1721989752417.00, 111873, -555439, 793 
1721989752439.00, 114016, -552996, 818 
1721989752461.00, 116641, -550506, 849 
1721989752482.00, 120019, -547962, 862 
1721989752504.00, 122904, -545345, 884 
1721989752525.00, 125839, -542678, 881 
1721989752548.00, 127143, -539933, 889 
1721989752571.00, 128601, -537161, 900 
1721989752591.00, 129900, -534360, 918 
1721989752613.00, 131905, -531529, 916 
1721989752635.00, 132708, -528658, 917 
1721989752657.00, 133246, -525777, 919 
1721989752680.00, 133687, -522878, 949 
1721989752700.00, 135470, -519969, 968 
1721989752721.00, 137658, -517011, 941 
1721989752743.00, 137454, -514015, 930 
1721989752765.00, 136556, -511019, 967 
1721989752787.00, 138383, -508046, 986 
1721989752808.00, 140464, -505035, 998 
1721989752829.00, 142162, -501988, 1007 
1721989752851.00, 143560, -498871, 1000 
1721989752874.00, 144103, -495725, 994 
1721989752895.00, 143983, -492594, 989 
1721989752917.00, 143775, -489461, 973 
1721989752939.00, 142612, -486341, 974 
1721989752961.00, 141879, -483233, 970 
1721989752982.00, 141003, -480162, 959 
1721989753007.00, 139940, -477088, 949 
1721989753026.00, 138637, -474046, 941 
1721989753048.00, 137332, -471042, 949 
1721989753068.00, 136831, -468036, 957 
1721989753091.00, 136980, -465059, 965 
1721989753118.00, 137674, -462073, 973 
1721989753134.00, 138477, -459076, 958 
1721989753156.00, 137964, -456071, 945 
1721989753178.00, 137082, -453070, 943 
1721989753200.00, 136348, -450089, 926 
1721989753223.00, 134787, -447133, 948 
1721989753243.00, 135033, -444203, 933 
1721989753265.00, 134136, -441267, 905 
1721989753286.00, 131865, -438352, 862 
1721989753308.00, 127827, -435472, 842 
1721989753334.00, 124295, -432696, 797 
1721989753352.00, 119572, -429997, 724 
1721989753373.00, 67818, -427426, 613 
1721989753395.00, 37563, -425960, 495 
1721989753417.00, 19555, -425143, 420 
1721989753438.00, 9404, -424699, 342 
1721989753459.00, 3441, -424483, 357 
1721989753480.00, -23, -424405, 314 
1721989753502.00, -1805, -424404, 273 
1721989753524.00, -2979, -424439, 236 
1721989753550.00, -3616, -424504, 188 
1721989753567.00, -4186, -424590, 136 
1721989753588.00, -4491, -424683, 89 
1721989753610.00, -4384, -424780, 56 
1721989753631.00, -4438, -424881, 47 
1721989753657.00, -4406, -424983, 11 
1721989753674.00, -4410, -425084, -52 
1721989753695.00, -7304, -425183, -130 
1721989753717.00, -13924, -425346, -235 
1721989753739.00, -23814, -425641, -279 
1721989753764.00, -32641, -426144, -284 
1721989753782.00, -38107, -426846, -375 
1721989753803.00, -46591, -427667, -337 
1721989753825.00, -49405, -428675, -382 
1721989753846.00, -53807, -429732, -375 
1721989753869.00, -55806, -430894, -398 
1721989753890.00, -58167, -432107, -413 
1721989753911.00, -60443, -433371, -451 
1721989753933.00, -63997, -434702, -493 
1721989753955.00, -68684, -436083, -534 
1721989753979.00, -73780, -437577, -547 
1721989753998.00, -77731, -439173, -562 
1721989754020.00, -80750, -440860, -574 
1721989754042.00, -83196, -442609, -598 
1721989754063.00, -86220, -444427, -581 
1721989754085.00, -86694, -446275, -593 
1721989754106.00, -87634, -448165, -593 
1721989754127.00, -88225, -450053, -585 
1721989754150.00, -88124, -451982, -624 
1721989754171.00, -90242, -453892, -637 
1721989754193.00, -92325, -455834, -644 
1721989754214.00, -93802, -457846, -632 
1721989754236.00, -94023, -459879, -635 
1721989754258.00, -94148, -461907, -644 
1721989754279.00, -94779, -463950, -634 
1721989754301.00, -94585, -465998, -645 
1721989754323.00, -94931, -468058, -686 
1721989754344.00, -97696, -470116, -675 
1721989754366.00, -98528, -472220, -667 
1721989754387.00, -98382, -474366, -673 
1721989754409.00, -98647, -476497, -624 
1721989754431.00, -95800, -478629, -666 
1721989754453.00, -96579, -480718, -632 
1721989754474.00, -95068, -482795, -627 
1721989754496.00, -93818, -484867, -684 
1721989754517.00, -96289, -486908, -722 
1721989754540.00, -100027, -488973, -696 
1721989754561.00, -100672, -491157, -668 
1721989754582.00, -99360, -493361, -670 
1721989754604.00, -98623, -495502, -669 
1721989754626.00, -98171, -497636, -616 
1721989754653.00, -94520, -499766, -588 
1721989754669.00, -90645, -501810, -617 
1721989754691.00, -90089, -503787, -630 
1721989754712.00, -90684, -505726, -593 
1721989754734.00, -88830, -507693, -644 
1721989754756.00, -90354, -509628, -642 
1721989754777.00, -91383, -511580, -612 
1721989754799.00, -90046, -513565, -613 
1721989754821.00, -89298, -515507, -601 
1721989754842.00, -88292, -517449, -591 
1721989754864.00, -86800, -519371, -560 
1721989754885.00, -84168, -521238, -593 
1721989754907.00, -84586, -523069, -570 
1721989754929.00, -83592, -524895, -560 
1721989754950.00, -82175, -526715, -628 
1721989754974.00, -85297, -528489, -633 
1721989754993.00, -87734, -530337, -628 
1721989755015.00, -88556, -532240, -624 
1721989755037.00, -88856, -534157, -612 
1721989755059.00, -88245, -536098, -596 
1721989755084.00, -86981, -538001, -611 
1721989755102.00, -86883, -539886, -620 
1721989755123.00, -87560, -541776, -563 
1721989755145.00, -84543, -543679, -596 
1721989755166.00, -84787, -545511, -593 
1721989755194.00, -84784, -547333, -613 
1721989755210.00, -85853, -549180, -568 
1721989755232.00, -83829, -551036, -598 
1721989755253.00, -84260, -552863, -628 
1721989755275.00, -86503, -554678, -598 
1721989755299.00, -85957, -556550, -610 
1721989755318.00, -86323, -558417, -589 
1721989755340.00, -85391, -560286, -604 
1721989755362.00, -85507, -562137, -616 
1721989755383.00, -86361, -563977, -560 
1721989755406.00, -83412, -565860, -555 
1721989755426.00, -81558, -567664, -563 
1721989755454.00, -80685, -569431, -599 
1721989755470.00, -82422, -571172, -578 
1721989755491.00, -82187, -572960, -595 
1721989755513.00, -82942, -574749, -589 
1721989755535.00, -83132, -576542, -582 
1721989755557.00, -82851, -578337, -542 
1721989755577.00, -80122, -580130, -592 
1721989755600.00, -81434, -581881, -594 
1721989755621.00, -82491, -583648, -585 
1721989755642.00, -82499, -585436, -565 
1721989755665.00, -81283, -587219, -588 
1721989755685.00, -82094, -588984, -582 
1721989755708.00, -82136, -590763, -591 
1721989755730.00, -82274, -592547, -656 
1721989755750.00, -86717, -594328, -529 
1721989755773.00, -49475, -596182, -507 
1721989755794.00, -26895, -597274, -525 
1721989755816.00, -13756, -597889, -459 
1721989755838.00, -6068, -598209, -461 
1721989755859.00, -1748, -598352, -435 
1721989755881.00, 104, -598397, -410 
1721989755902.00, 1460, -598398, -370 
1721989755924.00, 2588, -598368, -300 
1721989755947.00, 3152, -598310, -203 
1721989755967.00, 3251, -598235, -123 
1721989755989.00, 3300, -598160, -97 
1721989756010.00, 3302, -598083, -56 
1721989756032.00, 3386, -598008, -17 
1721989756053.00, 3316, -597931, 23 
1721989756074.00, 4678, -597854, 67 
1721989756097.00, 7976, -597752, 111 
1721989756117.00, 12660, -597573, 155 
1721989756140.00, 18069, -597297, 195 
1721989756161.00, 23917, -596906, 225 
1721989756183.00, 29066, -596402, 254 
1721989756205.00, 33720, -595787, 295 
1721989756225.00, 38698, -595058, 328 
1721989756247.00, 43862, -594215, 358 
1721989756269.00, 48474, -593270, 400 
1721989756290.00, 53753, -592226, 429 
1721989756312.00, 58816, -591056, 455 
1721989756334.00, 62917, -589783, 485 
1721989756356.00, 67195, -588422, 461 
1721989756378.00, 68474, -586947, 578 
1721989756403.00, 76320, -585470, 544 
1721989756421.00, 78814, -583819, 577 
1721989756442.00, 82304, -582116, 616 
1721989756464.00, 86478, -580320, 635 
1721989756486.00, 90073, -578455, 656 
1721989756509.00, 93197, -576505, 673 
1721989756529.00, 96239, -574481, 675 
1721989756551.00, 97827, -572398, 705 
1721989756572.00, 100714, -570266, 706 
1721989756593.00, 102512, -568077, 721 
1721989756616.00, 104433, -565851, 771 
1721989756637.00, 108469, -563573, 792 
1721989756659.00, 112034, -561204, 807 
1721989756681.00, 115000, -558772, 827 
1721989756703.00, 117883, -556269, 826 
1721989756723.00, 119496, -553699, 829 
1721989756746.00, 120432, -551099, 819 
1721989756768.00, 120538, -548482, 827 
1721989756789.00, 120882, -545859, 831 
1721989756811.00, 121225, -543236, 834 
1721989756833.00, 121597, -540589, 829 
1721989756854.00, 121377, -537946, 810 
1721989756876.00, 120162, -535306, 818 
1721989756898.00, 119750, -532694, 850 
1721989756920.00, 121463, -530087, 856 
1721989756941.00, 122903, -527432, 866 
1721989756964.00, 124104, -524766, 883 
1721989756985.00, 125888, -522053, 912 
1721989757007.00, 128809, -519318, 925 
1721989757028.00, 131079, -516516, 943 
1721989757050.00, 133488, -513656, 947 
1721989757072.00, 135050, -510743, 933 
1721989757094.00, 135114, -507793, 916 
1721989757115.00, 134251, -504867, 930 
1721989757137.00, 134455, -501936, 948 
1721989757159.00, 135514, -499008, 953 
1721989757181.00, 136537, -496060, 977 
1721989757201.00, 138499, -493092, 1008 
1721989757222.00, 141386, -490056, 1028 
1721989757245.00, 144288, -486964, 1036 
1721989757267.00, 146518, -483799, 1026 
1721989757291.00, 147152, -480612, 1021 
1721989757310.00, 147163, -477392, 1002 
1721989757332.00, 146024, -474177, 1002 
1721989757353.00, 145251, -470986, 1014 
1721989757375.00, 145524, -467803, 1006 
1721989757402.00, 145062, -464634, 1015 
1721989757420.00, 145272, -461453, 1023 
1721989757442.00, 145928, -458280, 999 
1721989757463.00, 144826, -455104, 961 
1721989757486.00, 141826, -451947, 943 
1721989757511.00, 138884, -448868, 938 
1721989757529.00, 136783, -445843, 927 
1721989757550.00, 134864, -442871, 908 
1721989757573.00, 132699, -439950, 885 
1721989757594.00, 130072, -437057, 887 
1721989757616.00, 128602, -434239, 871 
1721989757638.00, 126456, -431449, 846 
1721989757660.00, 72010, -428717, 785 
1721989757681.00, 39779, -427146, 808 
1721989757703.00, 20901, -426276, 772 
1721989757724.00, 10253, -425803, 773 
1721989757745.00, 3771, -425582, 692 
1721989757767.00, 1, -425504, 571 
1721989757788.00, -1867, -425505, 428 
1721989757809.00, -1127, -425548, 312 
1721989757833.00, -688, -425577, 228 
1721989757853.00, -466, -425597, 160 
1721989757874.00, -326, -425612, 87 
1721989757895.00, -245, -425629, 24 
1721989757917.00, -232, -425639, -31 
1721989757941.00, -2221, -425650, -106 
1721989757960.00, -7779, -425703, -205 
1721989757981.00, -16759, -425865, -258 
1721989758003.00, -25950, -426218, -261 
1721989758024.00, -31343, -426780, -437 
1721989758046.00, -44914, -427450, -372 
1721989758068.00, -49232, -428412, -407 
1721989758089.00, -53661, -429469, -443 
1721989758111.00, -58337, -430628, -475 
1721989758133.00, -63191, -431902, -507 
1721989758155.00, -67813, -433267, -542 
1721989758175.00, -72846, -434758, -574 
1721989758198.00, -77568, -436325, -602 
1721989758220.00, -82059, -438022, -695 
1721989758241.00, -90357, -439799, -725 
1721989758263.00, -96986, -441761, -723 
1721989758284.00, -100862, -443864, -756 
1721989758306.00, -105072, -446056, -776 
1721989758328.00, -108576, -448346, -749 
1721989758349.00, -109042, -450710, -752 
1721989758375.00, -109623, -453079, -742 
1721989758393.00, -109237, -455452, -727 
1721989758415.00, -107849, -457830, -678 
1721989758436.00, -104206, -460177, -711 
1721989758458.00, -103830, -462428, -741 
1721989758480.00, -105445, -464696, -713 
1721989758502.00, -104756, -466993, -739 
1721989758524.00, -105822, -469267, -756 
1721989758545.00, -107436, -471576, -762 
1721989758566.00, -108646, -473905, -714 
1721989758588.00, -106499, -476273, -736 
1721989758610.00, -106356, -478584, -714 
1721989758632.00, -104939, -480900, -683 
1721989758653.00, -102223, -483181, -687 
1721989758675.00, -100780, -485410, -704 
1721989758698.00, -100958, -487600, -661 
1721989758718.00, -98694, -489794, -673 
1721989758740.00, -97725, -491933, -739 
1721989758762.00, -101116, -494064, -728 
1721989758783.00, -102635, -496255, -732 
1721989758805.00, -103701, -498474, -702 
1721989758827.00, -102213, -500755, -682 
1721989758849.00, -100394, -502977, -664 
1721989758870.00, -98245, -505154, -733 
1721989758892.00, -100726, -507282, -682 
1721989758918.00, -99470, -509488, -715 
1721989758936.00, -100595, -511636, -731 
1721989758957.00, -102235, -513829, -674 
1721989758978.00, -99853, -516048, -631 
1721989759001.00, -95731, -518209, -668 
1721989759022.00, -95224, -520295, -672 
1721989759044.00, -95520, -522346, -609 
1721989759065.00, -91834, -524421, -664 
1721989759087.00, -92801, -526420, -640 
1721989759109.00, -91857, -528420, -626 
1721989759130.00, -90598, -530407, -642 
1721989759152.00, -90726, -532374, -596 
1721989759174.00, -88301, -534343, -604 
1721989759196.00, -87274, -536261, -627 
1721989759217.00, -88073, -538138, -635 
1721989759239.00, -89116, -540044, -660 
1721989759261.00, -91081, -541973, -622 
1721989759282.00, -89760, -543939, -665 
1721989759303.00, -91538, -545888, -666 
1721989759325.00, -92687, -547864, -640 
1721989759347.00, -91815, -549885, -660 
1721989759369.00, -92577, -551870, -621 
1721989759390.00, -90601, -553870, -635 
1721989759412.00, -90325, -555839, -650 
1721989759433.00, -90945, -557793, -695 
1721989759455.00, -94079, -559763, -678 
1721989759477.00, -94751, -561799, -654 
1721989759498.00, -93990, -563848, -687 
1721989759520.00, -95441, -565898, -700 
1721989759541.00, -96988, -567960, -702 
1721989759563.00, -97933, -570053, -700 
1721989759585.00, -98079, -572175, -684 
1721989759607.00, -97376, -574308, -669 
1721989759628.00, -96345, -576417, -614 
1721989759650.00, -92359, -578500, -664 
1721989759671.00, -92792, -580497, -760 
1721989759693.00, -98772, -582525, -738 
1721989759715.00, -101043, -584660, -696 
1721989759736.00, -100023, -586846, -607 
1721989759758.00, -93975, -589027, -610 
1721989759780.00, -90533, -591055, -600 
1721989759802.00, -87686, -593009, -559 
1721989759823.00, -49837, -594895, -491 
1721989759845.00, -27156, -595979, -413 
1721989759867.00, -13612, -596582, -350 
1721989759888.00, -5699, -596897, -351 
1721989759910.00, -1192, -597033, -325 
1721989759930.00, 742, -597061, -295 
1721989759953.00, 2186, -597054, -268 
1721989759974.00, 3191, -597008, -197 
1721989759995.00, 3794, -596935, -109 
1721989760018.00, 3894, -596849, -47 
1721989760039.00, 4157, -596760, -7 
1721989760060.00, 4088, -596669, 44 
1721989760082.00, 6774, -596572, 111 
1721989760103.00, 12203, -596419, 171 
1721989760128.00, 19249, -596155, 244 
1721989760147.00, 27491, -595748, 322 
1721989760168.00, 37378, -595149, 407 
1721989760190.00, 48156, -594345, 478 
1721989760212.00, 58672, -593306, 520 
1721989760233.00, 67681, -592044, 526 
1721989760255.00, 73104, -590561, 628 
1721989760277.00, 82606, -588991, 591 
1721989760298.00, 85927, -587193, 638 
1721989760320.00, 90355, -585336, 668 
1721989760341.00, 94797, -583373, 660 
1721989760363.00, 97044, -581315, 681 
1721989760385.00, 99305, -579212, 711 
1721989760407.00, 102546, -577048, 713 
1721989760428.00, 104370, -574822, 735 
1721989760450.00, 106713, -572550, 758 
1721989760472.00, 109422, -570223, 759 
1721989760493.00, 111020, -567845, 757 
1721989760515.00, 111812, -565431, 761 
1721989760536.00, 112456, -563001, 751 
1721989760558.00, 112162, -560541, 753 
1721989760580.00, 112034, -558100, 778 
1721989760602.00, 113439, -555671, 792 
1721989760623.00, 115143, -553206, 794 
1721989760645.00, 116183, -550693, 805 
1721989760667.00, 117211, -548161, 827 
1721989760689.00, 119082, -545617, 845 
1721989760711.00, 121235, -543032, 852 
1721989760732.00, 123128, -540375, 864 
1721989760753.00, 124696, -537703, 885 
1721989760775.00, 126801, -534986, 877 
1721989760797.00, 127586, -532230, 852 
1721989760819.00, 126480, -529458, 829 
1721989760841.00, 124425, -526716, 818 
1721989760862.00, 122435, -524000, 818 
1721989760885.00, 121102, -521339, 831 
1721989760906.00, 121100, -518705, 871 
1721989760927.00, 123425, -516061, 888 
1721989760950.00, 125737, -513382, 902 
1721989760971.00, 127953, -510636, 915 
1721989760992.00, 130071, -507836, 939 
1721989761015.00, 132590, -505011, 941 
1721989761037.00, 134234, -502122, 918 
1721989761058.00, 133983, -499197, 897 
1721989761080.00, 132396, -496287, 907 
1721989761102.00, 132079, -493417, 922 
1721989761124.00, 132511, -490544, 929 
1721989761145.00, 133064, -487651, 934 
1721989761167.00, 133861, -484744, 937 
1721989761189.00, 134313, -481831, 942 
1721989761210.00, 134934, -478909, 948 
1721989761232.00, 135578, -475964, 953 
1721989761253.00, 136412, -473016, 963 
1721989761275.00, 137390, -470054, 963 
1721989761297.00, 137919, -467056, 984 
1721989761319.00, 139351, -464055, 976 
1721989761341.00, 139652, -461031, 939 
1721989761363.00, 137542, -457986, 913 
1721989761384.00, 134765, -454986, 898 
1721989761406.00, 132208, -452060, 889 
1721989761427.00, 130121, -449185, 887 
1721989761449.00, 128719, -446351, 888 
1721989761471.00, 127938, -443554, 868 
1721989761493.00, 126342, -440787, 829 
1721989761514.00, 122864, -438045, 769 
1721989761536.00, 117090, -435374, 724 
1721989761557.00, 111049, -432830, 692 
1721989761579.00, 105563, -430421, 676 
1721989761601.00, 60059, -428159, 624 
1721989761622.00, 33192, -426850, 543 
1721989761644.00, 17363, -426112, 558 
1721989761666.00, 7900, -425721, 549 
1721989761687.00, 2451, -425540, 556 
1721989761709.00, -86, -425484, 507 
1721989761730.00, -2060, -425488, 399 
1721989761752.00, -3272, -425529, 314 
1721989761774.00, -3998, -425601, 244 
1721989761794.00, -4247, -425685, 199 
1721989761816.00, -4424, -425781, 135 
1721989761837.00, -4368, -425878, 75 
1721989761859.00, -4193, -425976, 32 
1721989761882.00, -4282, -426075, -20 
1721989761901.00, -5257, -426171, -82 
1721989761924.00, -9695, -426290, -141 
1721989761945.00, -15792, -426500, -218 
1721989761967.00, -23838, -426840, -278 
1721989761993.00, -32313, -427357, -288 
1721989762010.00, -38044, -428065, -438 
1721989762032.00, -50207, -428885, -453 
1721989762053.00, -58404, -429954, -465 
1721989762075.00, -63884, -431225, -508 
1721989762101.00, -69803, -432606, -526 
1721989762118.00, -74296, -434128, -536 
1721989762140.00, -77514, -435741, -553 
1721989762161.00, -80403, -437423, -561 
1721989762183.00, -82466, -439162, -576 
1721989762205.00, -84465, -440952, -585 
1721989762226.00, -85943, -442775, -625 
1721989762248.00, -89468, -444655, -640 
1721989762269.00, -92317, -446588, -685 
1721989762291.00, -96656, -448583, -717 
1721989762322.00, -100961, -450687, -718 
1721989762335.00, -103690, -452883, -735 
1721989762356.00, -106196, -455146, -731 
1721989762378.00, -107165, -457450, -706 
1721989762400.00, -106273, -459791, -671 
1721989762425.00, -103884, -462099, -687 
1721989762443.00, -103101, -464355, -682 
1721989762464.00, -102418, -466591, -685 
1721989762486.00, -102032, -468821, -726 
1721989762508.00, -104062, -471055, -732 
1721989762531.00, -105872, -473302, -721 
1721989762552.00, -105907, -475612, -738 
1721989762574.00, -106833, -477926, -738 
1721989762595.00, -107596, -480256, -729 
1721989762617.00, -107576, -482580, -762 
1721989762638.00, -109217, -484930, -788 
1721989762660.00, -111602, -487318, -755 
1721989762682.00, -111301, -489738, -759 
1721989762704.00, -111019, -492164, -767 
1721989762725.00, -111399, -494580, -721 
1721989762750.00, -108849, -497008, -709 
1721989762769.00, -106650, -499369, -724 
1721989762790.00, -106176, -501691, -731 
1721989762812.00, -106170, -504003, -713 
1721989762834.00, -105117, -506307, -718 
1721989762859.00, -104812, -508589, -703 
1721989762878.00, -103689, -510877, -717 
1721989762899.00, -103702, -513136, -764 
1721989762921.00, -106482, -515385, -769 
1721989762942.00, -108456, -517711, -743 
1721989762966.00, -107887, -520078, -709 
1721989762986.00, -105764, -522413, -715 
1721989763007.00, -104630, -524721, -702 
1721989763030.00, -103170, -526997, -701 
1721989763052.00, -102196, -529244, -698 
1721989763073.00, -101616, -531449, -681 
1721989763095.00, -99952, -533673, -710 
1721989763117.00, -100761, -535846, -719 
1721989763138.00, -101738, -538026, -724 
1721989763160.00, -102598, -540247, -724 
1721989763182.00, -103385, -542485, -696 
1721989763203.00, -102025, -544724, -692 
1721989763225.00, -100625, -546927, -689 
1721989763247.00, -99769, -549132, -622 
1721989763269.00, -95339, -551286, -638 
1721989763290.00, -93481, -553349, -668 
1721989763312.00, -94158, -555370, -621 
1721989763333.00, -91894, -557407, -650 
1721989763355.00, -92216, -559405, -693 
1721989763377.00, -94847, -561396, -674 
1721989763398.00, -95300, -563447, -700 
1721989763420.00, -97136, -565521, -681 
1721989763442.00, -97093, -567621, -671 
1721989763463.00, -96386, -569727, -681 
1721989763485.00, -96591, -571810, -676 
1721989763506.00, -96277, -573905, -662 
1721989763528.00, -95373, -575998, -648 
1721989763550.00, -93932, -578052, -661 
1721989763572.00, -93655, -580083, -692 
1721989763593.00, -95464, -582126, -628 
1721989763615.00, -92657, -584188, -610 
1721989763636.00, -90071, -586188, -596 
1721989763657.00, -87427, -588132, -546 
1721989763680.00, -82818, -590025, -470 
1721989763702.00, -75588, -591819, -430 
1721989763722.00, -68874, -593449, -436 
1721989763744.00, -38973, -594931, -437 
1721989763765.00, -20925, -595803, -454 
1721989763788.00, -10294, -596272, -467 
1721989763809.00, -4151, -596509, -465 
1721989763831.00, -459, -596606, -448 
1721989763853.00, 864, -596625, -481 
1721989763874.00, 2066, -596614, -451 
1721989763895.00, 3011, -596572, -392 
1721989763917.00, 3381, -596505, -314 
1721989763939.00, 3763, -596423, -251 
1721989763964.00, 3854, -596337, -172 
1721989763982.00, 3719, -596249, -104 
1721989764004.00, 3689, -596168, -67 
1721989764025.00, 3523, -596084, -11 
1721989764047.00, 3485, -596004, 47 
1721989764071.00, 6140, -595921, 106 
1721989764090.00, 11361, -595785, 148 
1721989764111.00, 16798, -595539, 201 
1721989764133.00, 23345, -595169, 259 
1721989764155.00, 30918, -594663, 310 
1721989764176.00, 38389, -594003, 353 
1721989764198.00, 45368, -593178, 398 
1721989764219.00, 52169, -592204, 447 
1721989764241.00, 59072, -591074, 511 
1721989764263.00, 66681, -589796, 543 
1721989764286.00, 73184, -588355, 512 
1721989764306.00, 74860, -586744, 689 
1721989764328.00, 86718, -585121, 603 
1721989764349.00, 88481, -583236, 647 
1721989764371.00, 92135, -581317, 678 
1721989764393.00, 96209, -579320, 686 
1721989764414.00, 98894, -577229, 694 
1721989764436.00, 100938, -575091, 710 
1721989764458.00, 103012, -572884, 712 
1721989764479.00, 104295, -570645, 703 
1721989764505.00, 104462, -568373, 719 
1721989764523.00, 105284, -566095, 739 
1721989764544.00, 106975, -563796, 733 
1721989764567.00, 107698, -561468, 765 
1721989764588.00, 109969, -559126, 794 
1721989764617.00, 113017, -556730, 784 
1721989764632.00, 114145, -554265, 784 
1721989764654.00, 114869, -551777, 802 
1721989764675.00, 116209, -549283, 810 
1721989764697.00, 117587, -546755, 800 
1721989764721.00, 117588, -544191, 793 
1721989764740.00, 117208, -541627, 824 
1721989764762.00, 118556, -539089, 847 
1721989764783.00, 120744, -536506, 856 
1721989764805.00, 122826, -533865, 847 
1721989764827.00, 123185, -531195, 867 
1721989764848.00, 124567, -528509, 855 
1721989764871.00, 124757, -525802, 849 
1721989764892.00, 124416, -523102, 833 
1721989764914.00, 123081, -520392, 752 
1721989764936.00, 117511, -517715, 746 
1721989764957.00, 113700, -515161, 784 
1721989764979.00, 113767, -512683, 829 
1721989765000.00, 116259, -510221, 866 
1721989765023.00, 120120, -507673, 892 
1721989765045.00, 123836, -505060, 930 
1721989765066.00, 128375, -502353, 958 
1721989765088.00, 132773, -499554, 961 
1721989765109.00, 135448, -496669, 981 
1721989765130.00, 138200, -493718, 1002 
1721989765156.00, 140927, -490689, 1016 
1721989765173.00, 143294, -487596, 1004 
1721989765195.00, 143872, -484468, 1009 
1721989765218.00, 144446, -481309, 993 
1721989765240.00, 143948, -478171, 971 
1721989765262.00, 142288, -475031, 955 
1721989765284.00, 140299, -471941, 953 
1721989765305.00, 138950, -468886, 942 
1721989765327.00, 137537, -465867, 942 
1721989765349.00, 136662, -462872, 929 
1721989765370.00, 135401, -459902, 949 
1721989765392.00, 135806, -456963, 953 
1721989765414.00, 136253, -454007, 936 
1721989765436.00, 135353, -451041, 916 
1721989765457.00, 133577, -448109, 891 
1721989765479.00, 130872, -445193, 868 
1721989765501.00, 127822, -442353, 854 
1721989765523.00, 125244, -439577, 830 
1721989765544.00, 122218, -436846, 814 
1721989765566.00, 119580, -434199, 784 
1721989765587.00, 115961, -431606, 738 
1721989765609.00, 65936, -429102, 684 
1721989765631.00, 36556, -427672, 672 
1721989765652.00, 19441, -426864, 685 
1721989765673.00, 9051, -426429, 665 
1721989765695.00, 3092, -426223, 621 
1721989765717.00, -16, -426153, 537 
1721989765739.00, -1725, -426151, 461 
1721989765760.00, -3191, -426188, 395 
1721989765782.00, -3976, -426257, 307 
1721989765803.00, -4381, -426344, 240 
1721989765824.00, -4456, -426440, 186 
1721989765846.00, -4444, -426535, 165 
1721989765867.00, -4329, -426630, 166 
1721989765888.00, -4022, -426728, 130 
1721989765910.00, -3954, -426821, 95 
1721989765931.00, -4099, -426900, 139 
1721989765953.00, -3870, -426989, 90 
1721989765974.00, -3955, -427077, 34 
1721989765996.00, -3897, -427171, 0 
1721989766017.00, -3672, -427256, -25 
1721989766039.00, -4996, -427347, -115 
1721989766060.00, -11141, -427463, -197 
1721989766081.00, -19874, -427706, -251 
1721989766104.00, -28338, -428132, -284 
1721989766125.00, -35304, -428750, -485 
1721989766147.00, -51495, -429492, -374 
1721989766168.00, -54371, -430593, -432 
1721989766190.00, -59397, -431780, -491 
1721989766211.00, -65816, -433062, -548 
1721989766233.00, -72963, -434511, -596 
1721989766255.00, -80160, -436094, -610 
1721989766277.00, -85205, -437843, -611 
1721989766298.00, -88231, -439675, -616 
1721989766320.00, -90143, -441600, -643 
1721989766341.00, -92876, -443554, -647 
1721989766363.00, -94779, -445567, -675 
1721989766385.00, -97427, -447622, -652 
1721989766407.00, -97501, -449725, -682 
1721989766428.00, -99288, -451850, -717 
1721989766450.00, -102353, -454008, -723 
1721989766471.00, -104499, -456223, -720 
1721989766493.00, -105536, -458505, -720 
1721989766515.00, -106164, -460814, -732 
1721989766537.00, -107183, -463119, -763 
1721989766558.00, -109534, -465438, -721 
1721989766580.00, -108367, -467845, -734 
1721989766602.00, -108320, -470200, -697 
1721989766624.00, -106203, -472539, -683 
1721989766645.00, -103674, -474853, -671 
1721989766667.00, -101529, -477119, -637 
1721989766689.00, -98194, -479323, -645 
1721989766710.00, -96568, -481439, -652 
1721989766732.00, -96306, -483549, -661 
1721989766754.00, -96578, -485627, -690 
1721989766775.00, -98490, -487725, -724 
1721989766798.00, -101566, -489857, -715 
1721989766818.00, -102878, -492067, -713 
1721989766840.00, -103027, -494307, -697 
1721989766862.00, -102555, -496557, -690 
1721989766884.00, -101498, -498774, -716 
1721989766905.00, -102585, -501001, -696 
1721989766927.00, -101937, -503237, -658 
1721989766949.00, -99287, -505437, -663 
1721989766971.00, -98067, -507593, -685 
1721989766992.00, -98413, -509723, -631 
1721989767014.00, -95357, -511846, -614 
1721989767035.00, -92310, -513912, -657 
1721989767057.00, -93506, -515923, -630 
1721989767079.00, -92353, -517951, -672 
1721989767100.00, -94133, -519961, -675 
1721989767126.00, -95384, -521990, -685 
1721989767144.00, -96712, -524061, -721 
1721989767165.00, -99534, -526171, -691 
1721989767187.00, -99514, -528314, -649 
1721989767208.00, -96793, -530460, -639 
1721989767235.00, -94727, -532575, -576 
1721989767252.00, -89612, -534617, -583 
1721989767273.00, -86677, -536568, -590 
1721989767295.00, -85745, -538441, -556 
1721989767317.00, -83057, -540301, -614 
1721989767339.00, -84934, -542102, -580 
1721989767360.00, -84030, -543942, -610 
1721989767381.00, -85129, -545765, -624 
1721989767403.00, -86740, -547599, -647 
1721989767425.00, -88933, -549495, -626 
1721989767454.00, -89139, -551421, -628 
1721989767469.00, -89313, -553345, -650 
1721989767490.00, -90685, -555281, -639 
1721989767512.00, -90781, -557251, -672 
1721989767533.00, -92727, -559229, -681 
1721989767557.00, -94593, -561236, -696 
1721989767577.00, -96424, -563280, -691 
1721989767598.00, -97203, -565383, -645 
1721989767619.00, -95143, -567477, -599 
1721989767641.00, -90737, -569542, -607 
1721989767664.00, -88722, -571501, -560 
1721989767685.00, -84888, -573418, -534 
1721989767706.00, -80898, -575267, -553 
1721989767727.00, -79600, -577011, -560 
1721989767749.00, -79307, -578734, -526 
1721989767771.00, -77176, -580446, -502 
1721989767793.00, -74234, -582128, -540 
1721989767814.00, -74858, -583736, -495 
1721989767836.00, -72524, -585357, -436 
1721989767858.00, -67677, -586918, -433 
1721989767880.00, -64520, -588386, -451 
1721989767901.00, -63763, -589779, -418 
1721989767923.00, -61281, -591166, -403 
1721989767945.00, -58837, -592495, -415 
1721989767966.00, -58139, -593767, -404 
1721989767988.00, -32769, -595022, -412 
1721989768010.00, -17262, -595764, -427 
1721989768031.00, -8186, -596155, -411 
1721989768052.00, -3041, -596346, -416 
1721989768074.00, -60, -596419, -423 
1721989768096.00, 1290, -596425, -378 
1721989768122.00, 2185, -596407, -317 
1721989768139.00, 2944, -596358, -253 
1721989768160.00, 3147, -596288, -181 
1721989768181.00, 3387, -596216, -106 
1721989768204.00, 3388, -596142, -36 
1721989768230.00, 3421, -596064, 16 
1721989768246.00, 4231, -595988, 67 
1721989768268.00, 7881, -595890, 123 
1721989768290.00, 13310, -595719, 176 
1721989768311.00, 19777, -595431, 217 
1721989768333.00, 25931, -595006, 266 
1721989768355.00, 32670, -594439, 317 
1721989768376.00, 39860, -593737, 333 
1721989768398.00, 44855, -592887, 371 
1721989768419.00, 49980, -591922, 415 
1721989768441.00, 55724, -590833, 464 
1721989768463.00, 61906, -589624, 521 
1721989768484.00, 68739, -588283, 551 
1721989768506.00, 74914, -586784, 514 
1721989768527.00, 76079, -585159, 669 
1721989768549.00, 85953, -583502, 590 
1721989768570.00, 87266, -581636, 635 
1721989768593.00, 90584, -579740, 664 
1721989768614.00, 94265, -577775, 671 
1721989768636.00, 96753, -575741, 699 
1721989768660.00, 100096, -573626, 703 
1721989768679.00, 102021, -571462, 718 
1721989768700.00, 104109, -569243, 736 
1721989768722.00, 106323, -566969, 738 
1721989768744.00, 107704, -564657, 750 
1721989768770.00, 109118, -562323, 767 
1721989768788.00, 111037, -559937, 770 
1721989768809.00, 112156, -557515, 772 
1721989768831.00, 112927, -555088, 784 
1721989768853.00, 113984, -552634, 792 
1721989768880.00, 115033, -550139, 797 
1721989768896.00, 115940, -547629, 809 
1721989768918.00, 117232, -545113, 806 
1721989768940.00, 117552, -542571, 816 
1721989768961.00, 118406, -540003, 823 
1721989768985.00, 119443, -537426, 836 
1721989769005.00, 120640, -534827, 846 
1721989769027.00, 121976, -532202, 849 
1721989769048.00, 122798, -529553, 857 
1721989769070.00, 123510, -526875, 853 
1721989769096.00, 124028, -524172, 844 
1721989769113.00, 123572, -521483, 843 
1721989769135.00, 123244, -518796, 839 
1721989769157.00, 122645, -516120, 815 
1721989769179.00, 120763, -513452, 806 
1721989769203.00, 119106, -510824, 774 
1721989769223.00, 116220, -508230, 746 
1721989769243.00, 112713, -505708, 716 
1721989769266.00, 108824, -503270, 707 
1721989769288.00, 105917, -500895, 700 
1721989769310.00, 103711, -498593, 692 
1721989769331.00, 102011, -496340, 714 
1721989769353.00, 102212, -494131, 720 
1721989769374.00, 102712, -491892, 715 
1721989769396.00, 102686, -489661, 731 
1721989769418.00, 103767, -487429, 758 
1721989769440.00, 105715, -485165, 768 
1721989769462.00, 107619, -482858, 766 
1721989769483.00, 108492, -480530, 796 
1721989769505.00, 110793, -478154, 810 
1721989769530.00, 113009, -475729, 858 
1721989769548.00, 117199, -473279, 899 
1721989769570.00, 122051, -470719, 941 
1721989769592.00, 127434, -468050, 946 
1721989769614.00, 131102, -465270, 945 
1721989769635.00, 132955, -462406, 925 
1721989769657.00, 133005, -459516, 916 
1721989769679.00, 132242, -456626, 901 
1721989769700.00, 131153, -453750, 867 
1721989769722.00, 128180, -450910, 840 
1721989769744.00, 124712, -448122, 830 
1721989769765.00, 121922, -445408, 809 
1721989769787.00, 119019, -442749, 776 
1721989769809.00, 115591, -440166, 743 
1721989769831.00, 111342, -437663, 745 
1721989769852.00, 108899, -435241, 729 
1721989769874.00, 106507, -432876, 706 
1721989769896.00, 103553, -430556, 674 
1721989769917.00, 58938, -428329, 659 
1721989769938.00, 32488, -427040, 640 
1721989769960.00, 17225, -426315, 670 
1721989769982.00, 8147, -425933, 645 
1721989770004.00, 2703, -425758, 600 
1721989770025.00, -36, -425698, 533 
1721989770046.00, -1819, -425703, 438 
1721989770068.00, -3058, -425741, 358 
1721989770089.00, -3737, -425803, 299 
1721989770110.00, -3922, -425885, 243 
1721989770132.00, -4139, -425974, 195 
1721989770154.00, -4040, -426065, 152 
1721989770175.00, -4277, -426155, 133 
1721989770197.00, -4121, -426244, 98 
1721989770217.00, -4178, -426339, 52 
1721989770239.00, -3966, -426429, 26 
1721989770260.00, -3927, -426522, -12 
1721989770282.00, -4422, -426614, -84 
1721989770304.00, -8864, -426715, -135 
1721989770325.00, -14723, -426910, -167 
1721989770347.00, -20090, -427229, -216 
1721989770369.00, -26124, -427668, -264 
1721989770391.00, -32725, -428236, -261 
1721989770412.00, -36517, -428941, -379 
1721989770434.00, -45683, -429722, -388 
1721989770455.00, -51653, -430710, -466 
1721989770477.00, -59798, -431837, -511 
1721989770498.00, -67365, -433117, -502 
1721989770520.00, -71083, -434598, -494 
1721989770542.00, -72812, -436132, -491 
1721989770564.00, -73576, -437717, -474 
1721989770585.00, -73033, -439302, -489 
1721989770606.00, -73546, -440892, -514 
1721989770630.00, -75287, -442482, -543 
1721989770650.00, -77906, -444120, -537 
1721989770672.00, -79106, -445801, -557 
1721989770693.00, -81036, -447524, -574 
1721989770715.00, -82888, -449270, -603 
1721989770737.00, -85865, -451087, -597 
1721989770759.00, -87112, -452943, -592 
1721989770780.00, -87562, -454840, -608 
1721989770801.00, -88810, -456720, -586 
1721989770823.00, -88246, -458653, -633 
1721989770846.00, -90656, -460576, -636 
1721989770866.00, -92165, -462524, -674 
1721989770887.00, -95202, -464532, -695 
1721989770910.00, -98350, -466593, -675 
1721989770931.00, -99063, -468727, -673 
1721989770953.00, -99058, -470879, -624 
1721989770975.00, -96031, -473005, -608 
1721989770997.00, -93429, -475092, -597 
1721989771018.00, -91303, -477124, -563 
1721989771039.00, -87826, -479087, -608 
1721989771061.00, -88236, -480995, -653 
1721989771082.00, -91216, -482905, -640 
1721989771105.00, -92335, -484882, -620 
1721989771126.00, -91669, -486890, -605 
1721989771148.00, -90155, -488861, -618 
1721989771174.00, -90087, -490822, -611 
1721989771191.00, -89723, -492780, -560 
1721989771212.00, -86637, -494722, -641 
1721989771234.00, -89373, -496591, -588 
1721989771256.00, -87664, -498511, -575 
1721989771279.00, -85890, -500426, -541 
1721989771299.00, -82659, -502275, -550 
1721989771321.00, -81168, -504077, -585 
1721989771343.00, -82558, -505826, -509 
1721989771364.00, -78679, -507614, -572 
1721989771385.00, -80123, -509336, -589 
1721989771407.00, -82145, -511070, -587 
1721989771429.00, -83096, -512848, -560 
1721989771451.00, -82202, -514639, -599 
1721989771471.00, -83825, -516439, -584 
1721989771493.00, -83732, -518250, -614 
1721989771516.00, -85543, -520072, -627 
1721989771537.00, -87274, -521914, -574 
1721989771559.00, -85524, -523811, -567 
1721989771580.00, -83768, -525662, -540 
1721989771602.00, -80839, -527470, -535 
1721989771623.00, -78935, -529229, -506 
1721989771646.00, -75962, -530930, -512 
1721989771666.00, -74497, -532594, -509 
1721989771688.00, -73703, -534201, -522 
1721989771710.00, -73912, -535811, -507 
1721989771732.00, -73172, -537405, -507 
1721989771753.00, -72620, -538991, -531 
1721989771775.00, -73723, -540567, -526 
1721989771796.00, -74125, -542172, -551 
1721989771819.00, -75868, -543776, -530 
1721989771840.00, -75614, -545417, -498 
1721989771861.00, -73444, -547046, -520 
1721989771883.00, -73501, -548652, -536 
1721989771905.00, -74636, -550244, -522 
1721989771926.00, -74318, -551865, -509 
1721989771951.00, -73353, -553469, -512 
1721989771970.00, -72905, -555061, -483 
1721989771992.00, -70984, -556639, -500 
1721989772013.00, -71015, -558187, -510 
1721989772035.00, -71422, -559718, -513 
1721989772057.00, -71894, -561265, -489 
1721989772078.00, -70528, -562815, -487 
1721989772100.00, -69670, -564341, -430 
1721989772122.00, -65696, -565867, -437 
1721989772143.00, -63837, -567285, -436 
1721989772164.00, -62695, -568676, -436 
1721989772186.00, -61935, -570025, -440 
1721989772208.00, -61830, -571367, -450 
1721989772230.00, -62336, -572710, -467 
1721989772251.00, -63788, -574065, -455 
1721989772272.00, -63946, -575453, -492 
1721989772294.00, -66256, -576826, -494 
1721989772316.00, -67625, -578266, -507 
1721989772337.00, -69165, -579722, -507 
1721989772359.00, -70066, -581226, -465 
1721989772381.00, -68256, -582751, -441 
1721989772402.00, -65769, -584227, -432 
1721989772424.00, -63544, -585646, -449 
1721989772446.00, -63219, -587020, -450 
1721989772468.00, -63143, -588396, -485 
1721989772489.00, -65097, -589766, -500 
1721989772511.00, -67480, -591181, -497 
1721989772533.00, -68644, -592637, -500 
1721989772554.00, -69373, -594118, -479 
1721989772576.00, -39697, -595611, -459 
1721989772597.00, -21776, -596485, -479 
1721989772619.00, -11099, -596980, -492 
1721989772641.00, -4821, -597237, -499 
1721989772662.00, -1225, -597350, -488 
1721989772684.00, 107, -597380, -479 
1721989772705.00, 1242, -597381, -454 
1721989772727.00, 2124, -597358, -397 
1721989772749.00, 2770, -597312, -335 
1721989772770.00, 3198, -597251, -269 
1721989772792.00, 3211, -597178, -200 
1721989772814.00, 3246, -597100, -123 
1721989772835.00, 3206, -597023, -36 
1721989772856.00, 3098, -596951, 7 
1721989772877.00, 3104, -596882, 48 
1721989772899.00, 6069, -596806, 116 
1721989772921.00, 12020, -596666, 229 
1721989772943.00, 22242, -596409, 323 
1721989772964.00, 33914, -595942, 385 
1721989772986.00, 44533, -595223, 443 
1721989773008.00, 54187, -594264, 484 
1721989773029.00, 62345, -593095, 476 
1721989773051.00, 66555, -591744, 588 
1721989773072.00, 75813, -590292, 575 
1721989773094.00, 80496, -588664, 578 
1721989773116.00, 83186, -586904, 609 
1721989773137.00, 86813, -585107, 640 
1721989773159.00, 90655, -583218, 649 
1721989773181.00, 93530, -581250, 675 
1721989773202.00, 96716, -579231, 692 
1721989773224.00, 99457, -577123, 693 
1721989773251.00, 101050, -574976, 714 
1721989773268.00, 103233, -572773, 739 
1721989773289.00, 105912, -570528, 732 
1721989773310.00, 107113, -568224, 743 
1721989773332.00, 108424, -565893, 756 
1721989773357.00, 109941, -563530, 769 
1721989773376.00, 111370, -561137, 776 
1721989773398.00, 112643, -558714, 790 
1721989773419.00, 114306, -556268, 804 
1721989773441.00, 115991, -553776, 802 
1721989773463.00, 116828, -551255, 813 
1721989773485.00, 117883, -548706, 815 
1721989773507.00, 118573, -546151, 814 
1721989773528.00, 119029, -543561, 807 
1721989773550.00, 118683, -540970, 806 
1721989773572.00, 118327, -538395, 823 
1721989773593.00, 119126, -535816, 821 
1721989773615.00, 119407, -533233, 810 
1721989773637.00, 118978, -530633, 800 
1721989773658.00, 117859, -528039, 811 
1721989773680.00, 117896, -525478, 816 
1721989773703.00, 118064, -522914, 815 
1721989773724.00, 118127, -520342, 811 
1721989773745.00, 117774, -517770, 822 
1721989773767.00, 118392, -515203, 847 
1721989773789.00, 120214, -512620, 864 
1721989773811.00, 122340, -510019, 878 
1721989773832.00, 124377, -507348, 873 
1721989773854.00, 125169, -504638, 870 
1721989773876.00, 125427, -501917, 890 
1721989773897.00, 126734, -499177, 893 
1721989773919.00, 127698, -496426, 889 
1721989773941.00, 127931, -493653, 898 
1721989773962.00, 128549, -490861, 905 
1721989773985.00, 129391, -488052, 902 
1721989774006.00, 129625, -485238, 912 
1721989774028.00, 130365, -482417, 915 
1721989774050.00, 130755, -479580, 930 
1721989774071.00, 132038, -476732, 938 
1721989774093.00, 133145, -473866, 919 
1721989774115.00, 132663, -470963, 878 
1721989774136.00, 129800, -468075, 858 
1721989774158.00, 126959, -465254, 841 
1721989774180.00, 124201, -462488, 840 
1721989774202.00, 122468, -459794, 815 
1721989774223.00, 119919, -457137, 824 
1721989774245.00, 118916, -454527, 827 
1721989774267.00, 118312, -451933, 817 
1721989774289.00, 117550, -449363, 791 
1721989774310.00, 115424, -446806, 782 
1721989774332.00, 113801, -444307, 780 
1721989774354.00, 112444, -441841, 754 
1721989774376.00, 110116, -439390, 719 
1721989774397.00, 106797, -436998, 706 
1721989774419.00, 103821, -434693, 695 
1721989774441.00, 101202, -432431, 674 
1721989774462.00, 57359, -430240, 649 
1721989774484.00, 31654, -428995, 645 
1721989774505.00, 16492, -428293, 671 
1721989774527.00, 7554, -427921, 656 
1721989774548.00, 2345, -427750, 661 
1721989774570.00, -117, -427696, 608 
1721989774591.00, -1951, -427701, 509 
1721989774613.00, -3171, -427742, 411 
1721989774634.00, -3822, -427812, 339 
1721989774656.00, -4325, -427898, 278 
1721989774677.00, -4406, -427995, 207 
1721989774698.00, -4327, -428095, 155 
1721989774720.00, -4261, -428194, 107 
1721989774742.00, -4329, -428292, 67 
1721989774763.00, -4190, -428390, -3 
1721989774785.00, -4001, -428482, -60 
1721989774806.00, -7420, -428573, -95 
1721989774827.00, -11994, -428734, -146 
1721989774849.00, -17149, -428986, -207 
1721989774871.00, -24106, -429356, -270 
1721989774901.00, -32007, -429868, -260 
1721989774914.00, -36061, -430567, -437 
1721989774936.00, -49051, -431356, -440 
1721989774957.00, -57084, -432397, -456 
1721989774979.00, -62528, -433626, -461 
1721989775001.00, -65935, -434995, -444 
1721989775022.00, -66913, -436414, -428 
1721989775044.00, -66412, -437877, -428 
1721989775065.00, -66165, -439303, -443 
1721989775087.00, -66922, -440739, -461 
1721989775109.00, -68331, -442194, -485 
1721989775130.00, -70456, -443678, -528 
1721989775152.00, -74343, -445210, -537 
1721989775174.00, -77182, -446816, -549 
1721989775195.00, -79384, -448491, -613 
1721989775217.00, -84645, -450209, -607 
1721989775239.00, -87254, -452055, -656 
1721989775261.00, -91766, -453949, -665 
1721989775282.00, -94655, -455931, -702 
1721989775304.00, -98694, -457997, -705 
1721989775330.00, -101413, -460138, -708 
1721989775347.00, -102980, -462335, -736 
1721989775369.00, -105505, -464577, -706 
1721989775391.00, -105275, -466873, -656 
1721989775412.00, -101871, -469154, -623 
1721989775433.00, -97766, -471375, -594 
1721989775455.00, -93781, -473488, -598 
1721989775477.00, -91433, -475513, -614 
1721989775498.00, -90905, -477509, -607 
1721989775520.00, -90136, -479472, -645 
1721989775542.00, -91862, -481422, -665 
1721989775564.00, -94193, -483420, -638 
1721989775585.00, -94033, -485461, -669 
1721989775606.00, -95577, -487510, -713 
1721989775628.00, -99141, -489571, -711 
1721989775650.00, -101189, -491722, -704 
1721989775672.00, -101827, -493931, -687 
1721989775694.00, -101228, -496139, -668 
1721989775715.00, -99589, -498332, -674 
1721989775737.00, -98819, -500507, -660 
1721989775758.00, -97590, -502642, -635 
1721989775780.00, -95329, -504753, -662 
1721989775802.00, -95506, -506828, -634 
1721989775823.00, -93944, -508894, -614 
1721989775845.00, -91831, -510934, -648 
1721989775869.00, -92623, -512929, -639 
1721989775889.00, -92500, -514919, -694 
1721989775910.00, -95606, -516947, -735 
1721989775931.00, -100127, -519021, -718 
1721989775953.00, -101724, -521190, -736 
1721989775975.00, -103210, -523405, -682 
1721989775997.00, -101020, -525660, -589 
1721989776019.00, -94284, -527844, -575 
1721989776040.00, -89194, -529884, -550 
1721989776062.00, -84862, -531815, -551 
1721989776084.00, -82507, -533667, -617 
1721989776105.00, -84855, -535444, -574 
1721989776127.00, -83445, -537285, -619 
1721989776148.00, -85575, -539098, -610 
1721989776170.00, -86250, -540951, -617 
1721989776191.00, -87123, -542831, -637 
1721989776213.00, -88765, -544705, -623 
1721989776235.00, -88884, -546631, -646 
1721989776256.00, -90275, -548558, -626 
1721989776278.00, -89918, -550513, -635 
1721989776300.00, -90142, -552472, -618 
1721989776323.00, -89262, -554406, -596 
1721989776343.00, -87424, -556350, -617 
1721989776365.00, -87415, -558242, -611 
1721989776387.00, -87170, -560137, -633 
1721989776408.00, -88350, -562026, -612 
1721989776430.00, -87860, -563929, -603 
1721989776451.00, -86781, -565842, -612 
1721989776472.00, -86762, -567722, -596 
1721989776494.00, -85674, -569610, -625 
1721989776516.00, -86833, -571455, -591 
1721989776537.00, -85625, -573343, -582 
1721989776559.00, -84335, -575201, -553 
1721989776581.00, -81908, -577017, -577 
1721989776602.00, -81771, -578791, -609 
1721989776624.00, -83548, -580556, -613 
1721989776646.00, -84905, -582383, -623 
1721989776668.00, -86084, -584215, -572 
1721989776689.00, -83855, -586078, -564 
1721989776711.00, -82072, -587892, -551 
1721989776733.00, -80329, -589673, -555 
1721989776754.00, -79318, -591405, -518 
1721989776776.00, -76538, -593124, -486 
1721989776797.00, -43719, -594769, -475 
1721989776819.00, -23743, -595733, -463 
1721989776840.00, -11939, -596264, -438 
1721989776862.00, -5081, -596542, -419 
1721989776883.00, -1095, -596660, -412 
1721989776905.00, 284, -596688, -385 
1721989776927.00, 1637, -596685, -353 
1721989776949.00, 2618, -596654, -311 
1721989776973.00, 3102, -596596, -247 
1721989776992.00, 3359, -596526, -190 
1721989777013.00, 3529, -596450, -139 
1721989777035.00, 3609, -596370, -89 
1721989777056.00, 3394, -596286, -31 
1721989777082.00, 3354, -596208, 5 
1721989777099.00, 3335, -596139, 28 
1721989777120.00, 5134, -596066, 61 
1721989777142.00, 7955, -595958, 99 
1721989777163.00, 12232, -595789, 137 
1721989777190.00, 16726, -595530, 164 
1721989777207.00, 20872, -595172, 174 
1721989777229.00, 23912, -594717, 204 
1721989777250.00, 27536, -594195, 235 
1721989777272.00, 31660, -593599, 254 
1721989777296.00, 35214, -592923, 282 
1721989777315.00, 38976, -592166, 310 
1721989777337.00, 42892, -591327, 317 
1721989777359.00, 45524, -590403, 325 
1721989777380.00, 47406, -589423, 349 
1721989777404.00, 49943, -588401, 368 
1721989777424.00, 52542, -587312, 371 
1721989777445.00, 54275, -586176, 404 
1721989777466.00, 57101, -585000, 433 
1721989777488.00, 60509, -583758, 463 
1721989777512.00, 64194, -582446, 499 
1721989777532.00, 68786, -581048, 468 
1721989777554.00, 69477, -579555, 602 
1721989777575.00, 77831, -578046, 582 
1721989777598.00, 81685, -576353, 606 
1721989777619.00, 85373, -574578, 649 
1721989777640.00, 90127, -572732, 671 
1721989777661.00, 94129, -570776, 692 
1721989777683.00, 97705, -568735, 719 
1721989777705.00, 101334, -566615, 740 
1721989777727.00, 104676, -564405, 755 
1721989777749.00, 107581, -562127, 774 
1721989777771.00, 110306, -559781, 788 
1721989777792.00, 112647, -557377, 795 
1721989777814.00, 114488, -554926, 801 
1721989777836.00, 116080, -552433, 805 
1721989777857.00, 117131, -549908, 810 
1721989777879.00, 117968, -547362, 811 
1721989777900.00, 118351, -544791, 814 
1721989777922.00, 118667, -542227, 813 
1721989777944.00, 118828, -539646, 809 
1721989777965.00, 118755, -537058, 809 
1721989777987.00, 118522, -534462, 806 
1721989778009.00, 118035, -531888, 823 
1721989778031.00, 118839, -529318, 836 
1721989778052.00, 120025, -526738, 850 
1721989778074.00, 121577, -524121, 847 
1721989778096.00, 122261, -521476, 823 
1721989778117.00, 121139, -518823, 803 
1721989778139.00, 119106, -516192, 775 
1721989778161.00, 116335, -513606, 749 
1721989778182.00, 113149, -511070, 750 
1721989778204.00, 111194, -508611, 771 
1721989778226.00, 111204, -506205, 784 
1721989778248.00, 112016, -503785, 796 
1721989778270.00, 113175, -501336, 806 
1721989778291.00, 114608, -498868, 828 
1721989778313.00, 116513, -496377, 852 
1721989778335.00, 119089, -493856, 855 
1721989778356.00, 120764, -491247, 849 
1721989778379.00, 121277, -488614, 856 
1721989778400.00, 122162, -485971, 868 
1721989778422.00, 123437, -483318, 864 
1721989778443.00, 123785, -480645, 882 
1721989778466.00, 124849, -477942, 868 
1721989778487.00, 124627, -475219, 857 
1721989778511.00, 123808, -472508, 840 
1721989778531.00, 122391, -469810, 854 
1721989778552.00, 122345, -467154, 865 
1721989778574.00, 122828, -464501, 851 
1721989778596.00, 122463, -461813, 846 
1721989778625.00, 121898, -459148, 847 
1721989778639.00, 121607, -456506, 855 
1721989778661.00, 121804, -453858, 866 
1721989778683.00, 122536, -451209, 854 
1721989778704.00, 122198, -448540, 839 
1721989778730.00, 121055, -445886, 824 
1721989778748.00, 119411, -443249, 807 
1721989778770.00, 117583, -440669, 794 
1721989778791.00, 115532, -438107, 794 
1721989778813.00, 114301, -435589, 788 
1721989778834.00, 113223, -433102, 753 
1721989778856.00, 110468, -430649, 705 
1721989778878.00, 62609, -428277, 642 
1721989778899.00, 34338, -426904, 591 
1721989778921.00, 18224, -426136, 591 
1721989778943.00, 8461, -425733, 555 
1721989778964.00, 2789, -425542, 533 
1721989778986.00, -50, -425480, 463 
1721989779007.00, -1995, -425481, 375 
1721989779029.00, -3133, -425522, 286 
1721989779053.00, -3790, -425591, 221 
1721989779071.00, -4255, -425678, 143 
1721989779092.00, -4196, -425772, 76 
1721989779114.00, -4148, -425870, 26 
1721989779136.00, -4215, -425964, -16 
1721989779158.00, -5184, -426056, -57 
1721989779179.00, -7906, -426170, -104 
1721989779200.00, -12515, -426344, -139 
1721989779222.00, -17304, -426617, -188 
1721989779243.00, -23165, -426994, -245 
1721989779267.00, -29899, -427493, -275 
1721989779287.00, -35591, -428149, -310 
1721989779308.00, -41257, -428914, -383 
1721989779330.00, -48780, -429797, -411 
1721989779352.00, -54957, -430853, -439 
1721989779376.00, -60268, -432047, -454 
1721989779395.00, -64244, -433349, -461 
1721989779416.00, -66927, -434760, -481 
1721989779438.00, -69703, -436203, -509 
1721989779460.00, -72868, -437724, -521 
1721989779487.00, -75511, -439300, -556 
1721989779503.00, -79115, -440946, -579 
1721989779525.00, -82683, -442656, -591 
1721989779546.00, -85425, -444458, -585 
1721989779568.00, -86640, -446293, -578 
1721989779591.00, -86742, -448178, -590 
1721989779612.00, -87547, -450050, -567 
1721989779633.00, -86561, -451954, -590 
1721989779654.00, -87249, -453834, -581 
1721989779676.00, -86939, -455710, -604 
1721989779698.00, -88146, -457608, -605 
1721989779719.00, -88962, -459519, -595 
1721989779741.00, -88857, -461452, -604 
1721989779763.00, -89159, -463364, -572 
1721989779785.00, -87334, -465292, -579 
1721989779806.00, -86768, -467203, -572 
1721989779827.00, -85757, -469069, -561 
1721989779850.00, -84515, -470945, -566 
1721989779871.00, -83933, -472763, -563 
1721989779893.00, -83483, -474594, -586 
1721989779915.00, -84492, -476398, -546 
1721989779936.00, -82767, -478235, -589 
1721989779958.00, -84134, -480031, -593 
1721989779980.00, -85361, -481842, -600 
1721989780001.00, -86496, -483715, -607 
1721989780023.00, -87520, -485577, -636 
1721989780044.00, -89684, -487487, -670 
1721989780066.00, -92964, -489415, -630 
1721989780088.00, -92632, -491436, -664 
1721989780109.00, -94346, -493457, -640 
1721989780131.00, -94010, -495492, -618 
1721989780152.00, -92192, -497528, -622 
1721989780174.00, -91526, -499528, -606 
1721989780195.00, -90086, -501513, -639 
1721989780218.00, -91115, -503472, -621 
1721989780239.00, -90656, -505435, -612 
1721989780261.00, -89680, -507406, -627 
1721989780283.00, -90159, -509352, -569 
1721989780304.00, -86665, -511299, -598 
1721989780325.00, -86510, -513185, -560 
1721989780347.00, -84195, -515041, -537 
1721989780368.00, -81339, -516884, -557 
1721989780390.00, -80686, -518643, -563 
1721989780412.00, -80713, -520394, -578 
1721989780433.00, -81611, -522131, -530 
1721989780456.00, -79498, -523907, -560 
1721989780477.00, -80018, -525637, -571 
1721989780498.00, -80858, -527357, -575 
1721989780521.00, -81419, -529109, -544 
1721989780542.00, -79881, -530860, -545 
1721989780564.00, -79037, -532613, -568 
1721989780586.00, -79863, -534321, -582 
1721989780606.00, -81137, -536063, -601 
1721989780628.00, -83230, -537814, -583 
1721989780650.00, -83258, -539622, -579 
1721989780671.00, -82914, -541424, -563 
1721989780694.00, -81760, -543224, -566 
1721989780715.00, -81400, -544995, -551 
1721989780737.00, -80282, -546750, -590 
1721989780758.00, -81880, -548498, -568 
1721989780780.00, -81338, -550271, -602 
1721989780802.00, -83217, -552046, -584 
1721989780823.00, -83202, -553837, -586 
1721989780845.00, -83378, -555642, -580 
1721989780866.00, -82888, -557443, -586 
1721989780889.00, -83036, -559250, -596 
1721989780910.00, -83780, -561038, -571 
1721989780931.00, -82770, -562855, -591 
1721989780953.00, -83303, -564642, -551 
1721989780975.00, -80998, -566448, -562 
1721989780996.00, -80471, -568210, -507 
1721989781018.00, -76867, -569948, -549 
1721989781040.00, -77092, -571606, -558 
1721989781062.00, -77820, -573280, -548 
1721989781083.00, -77569, -574976, -551 
1721989781105.00, -77689, -576656, -570 
1721989781127.00, -78802, -578334, -555 
1721989781148.00, -78682, -580036, -554 
1721989781170.00, -78586, -581753, -539 
1721989781192.00, -77450, -583455, -554 
1721989781213.00, -77655, -585136, -558 
1721989781234.00, -78126, -586812, -530 
1721989781256.00, -76773, -588503, -521 
1721989781278.00, -75327, -590167, -517 
1721989781299.00, -74323, -591801, -521 
1721989781320.00, -73803, -593405, -556 
1721989781342.00, -42180, -594999, -569 
1721989781364.00, -23226, -595922, -521 
1721989781386.00, -11684, -596441, -520 
1721989781408.00, -4810, -596718, -568 
1721989781429.00, -975, -596831, -524 
1721989781450.00, 176, -596858, -484 
1721989781472.00, 1439, -596857, -478 
1721989781493.00, 2488, -596829, -435 
1721989781515.00, 3011, -596778, -387 
1721989781537.00, 3213, -596712, -351 
1721989781559.00, 3380, -596638, -317 
1721989781580.00, 3623, -596559, -247 
1721989781602.00, 3581, -596480, -168 
1721989781623.00, 3545, -596397, -100 
1721989781645.00, 3357, -596316, -40 
1721989781667.00, 3298, -596237, 28 
1721989781688.00, 5004, -596165, 96 
1721989781710.00, 9898, -596053, 161 
1721989781731.00, 16739, -595844, 190 
1721989781752.00, 22549, -595487, 233 
1721989781774.00, 28590, -594998, 304 
1721989781796.00, 36479, -594379, 354 
1721989781818.00, 44063, -593596, 393 
1721989781839.00, 50830, -592649, 441 
1721989781861.00, 57606, -591555, 473 
1721989781882.00, 63767, -590296, 483 
1721989781904.00, 67830, -588925, 587 
1721989781925.00, 76401, -587444, 588 
1721989781947.00, 81507, -585798, 588 
1721989781969.00, 84371, -584025, 627 
1721989781991.00, 88415, -582191, 646 
1721989782012.00, 91826, -580267, 653 
1721989782034.00, 94196, -578281, 676 
1721989782056.00, 96883, -576236, 700 
1721989782077.00, 99944, -574127, 709 
1721989782099.00, 102225, -571965, 739 
1721989782121.00, 105347, -569732, 749 
1721989782142.00, 107802, -567438, 752 
1721989782164.00, 109446, -565090, 778 
1721989782185.00, 111803, -562718, 789 
1721989782208.00, 113866, -560274, 786 
1721989782230.00, 114863, -557795, 801 
1721989782251.00, 116277, -555309, 804 
1721989782272.00, 117059, -552779, 813 
1721989782294.00, 117841, -550217, 830 
1721989782316.00, 119509, -547646, 840 
1721989782338.00, 121054, -545051, 863 
1721989782360.00, 123298, -542416, 848 
1721989782382.00, 123678, -539733, 838 
1721989782403.00, 123208, -537039, 837 
1721989782425.00, 122750, -534346, 826 
1721989782447.00, 121798, -531678, 830 
1721989782468.00, 121518, -529036, 841 
1721989782490.00, 121864, -526394, 867 
1721989782511.00, 123621, -523732, 878 
1721989782534.00, 125292, -521037, 893 
1721989782555.00, 127143, -518316, 905 
1721989782576.00, 128948, -515535, 921 
1721989782599.00, 130905, -512729, 928 
1721989782621.00, 132389, -509890, 903 
1721989782642.00, 131686, -507003, 859 
1721989782664.00, 128759, -504139, 821 
1721989782686.00, 124678, -501332, 818 
1721989782707.00, 121967, -498628, 825 
1721989782729.00, 120790, -495971, 841 
1721989782751.00, 120940, -493354, 861 
1721989782772.00, 122128, -490719, 868 
1721989782794.00, 123122, -488057, 860 
1721989782815.00, 123401, -485370, 850 
1721989782838.00, 123059, -482684, 847 
1721989782859.00, 122416, -480013, 858 
1721989782881.00, 122609, -477355, 843 
1721989782903.00, 121895, -474681, 812 
1721989782924.00, 119561, -472025, 806 
1721989782946.00, 117787, -469434, 804 
1721989782968.00, 116731, -466861, 818 
1721989782990.00, 116607, -464333, 804 
1721989783011.00, 115899, -461789, 785 
1721989783033.00, 114421, -459262, 792 
1721989783054.00, 113853, -456783, 811 
1721989783077.00, 114621, -454319, 804 
1721989783098.00, 114525, -451820, 783 
1721989783120.00, 113299, -449324, 784 
1721989783142.00, 112461, -446864, 776 
1721989783164.00, 111428, -444423, 775 
1721989783185.00, 110870, -441995, 756 
1721989783207.00, 109332, -439579, 742 
1721989783229.00, 107521, -437201, 729 
1721989783250.00, 105630, -434872, 711 
1721989783272.00, 103452, -432571, 687 
1721989783294.00, 100796, -430320, 667 
1721989783315.00, 57075, -428155, 636 
1721989783337.00, 31406, -426902, 590 
1721989783359.00, 16369, -426196, 643 
1721989783380.00, 7551, -425827, 623 
1721989783402.00, 2487, -425659, 623 
1721989783423.00, -58, -425605, 578 
1721989783445.00, -1896, -425611, 476 
1721989783466.00, -3017, -425649, 394 
1721989783488.00, -3549, -425715, 330 
1721989783509.00, -4065, -425797, 271 
1721989783531.00, -4076, -425884, 211 
1721989783552.00, -4200, -425978, 150 
1721989783573.00, -4057, -426071, 100 
1721989783595.00, -4260, -426167, 43 
1721989783616.00, -4063, -426265, -17 
1721989783641.00, -5125, -426356, -41 
1721989783659.00, -7106, -426464, -62 
1721989783680.00, -9445, -426616, -94 
1721989783702.00, -12653, -426820, -134 
1721989783724.00, -16988, -427095, -183 
1721989783746.00, -22499, -427467, -245 
1721989783767.00, -29350, -427956, -289 
1721989783789.00, -35666, -428591, -350 
1721989783810.00, -43506, -429361, -409 
1721989783831.00, -51663, -430295, -420 
1721989783853.00, -57013, -431419, -419 
1721989783875.00, -60245, -432648, -450 
1721989783897.00, -63813, -433956, -469 
1721989783918.00, -67103, -435356, -477 
1721989783940.00, -69486, -436798, -465 
1721989783962.00, -70184, -438316, -486 
1721989783983.00, -71963, -439824, -511 
1721989784005.00, -74271, -441393, -538 
1721989784027.00, -77312, -442992, -547 
1721989784048.00, -79414, -444675, -548 
1721989784072.00, -80642, -446384, -520 
1721989784092.00, -79443, -448136, -505 
1721989784113.00, -77950, -449849, -467 
1721989784134.00, -74670, -451547, -480 
1721989784156.00, -73380, -453163, -494 
1721989784181.00, -73482, -454766, -513 
1721989784200.00, -74691, -456346, -546 
1721989784222.00, -77348, -457980, -582 
1721989784243.00, -81011, -459652, -581 
1721989784265.00, -83178, -461414, -581 
1721989784286.00, -84458, -463202, -561 
1721989784308.00, -83964, -465029, -599 
1721989784330.00, -85785, -466862, -583 
1721989784351.00, -85781, -468721, -626 
1721989784373.00, -88421, -470590, -600 
1721989784394.00, -88352, -472493, -588 
1721989784416.00, -87562, -474421, -578 
1721989784437.00, -86397, -476309, -566 
1721989784459.00, -85019, -478187, -585 
1721989784481.00, -85191, -480028, -554 
1721989784503.00, -83679, -481867, -590 
1721989784524.00, -84734, -483691, -583 
1721989784547.00, -84950, -485524, -594 
1721989784567.00, -85484, -487376, -624 
1721989784590.00, -87681, -489212, -592 
1721989784611.00, -87080, -491121, -590 
1721989784637.00, -86558, -493018, -594 
1721989784654.00, -86584, -494882, -621 
1721989784676.00, -88155, -496768, -593 
1721989784697.00, -87311, -498662, -608 
1721989784719.00, -87559, -500574, -643 
1721989784749.00, -89741, -502464, -598 
1721989784762.00, -88576, -504409, -610 
1721989784783.00, -88354, -506329, -566 
1721989784806.00, -85606, -508238, -564 
1721989784827.00, -83741, -510105, -545 
1721989784849.00, -81717, -511907, -531 
1721989784871.00, -79375, -513682, -572 
1721989784892.00, -80546, -515395, -551 
1721989784914.00, -79908, -517153, -569 
1721989784936.00, -80645, -518886, -543 
1721989784957.00, -79286, -520625, -575 
1721989784979.00, -80552, -522348, -541 
1721989785001.00, -79347, -524096, -569 
1721989785022.00, -80320, -525826, -578 
1721989785044.00, -81224, -527556, -573 
1721989785068.00, -81503, -529318, -542 
1721989785087.00, -79973, -531074, -544 
1721989785108.00, -79046, -532826, -542 
1721989785130.00, -78572, -534524, -511 
1721989785152.00, -76261, -536234, -553 
1721989785179.00, -77358, -537877, -537 
1721989785196.00, -76932, -539557, -552 
1721989785216.00, -77614, -541215, -505 
1721989785238.00, -75135, -542904, -519 
1721989785260.00, -74475, -544529, -492 
1721989785284.00, -72413, -546145, -516 
1721989785304.00, -72755, -547703, -499 
1721989785325.00, -71880, -549298, -522 
1721989785347.00, -72688, -550848, -508 
1721989785368.00, -72425, -552432, -519 
1721989785390.00, -72797, -553990, -519 
1721989785412.00, -73069, -555574, -549 
1721989785433.00, -75012, -557160, -553 
1721989785454.00, -76434, -558795, -548 
1721989785477.00, -77122, -560437, -541 
1721989785498.00, -76980, -562114, -555 
1721989785520.00, -77652, -563767, -549 
1721989785542.00, -77717, -565467, -542 
1721989785563.00, -77377, -567145, -552 
1721989785584.00, -77744, -568828, -567 
1721989785612.00, -78707, -570502, -559 
1721989785628.00, -78879, -572212, -545 
1721989785650.00, -78112, -573921, -554 
1721989785672.00, -78024, -575623, -547 
1721989785693.00, -77855, -577309, -522 
1721989785715.00, -75963, -578990, -539 
1721989785736.00, -76109, -580633, -512 
1721989785758.00, -74567, -582296, -503 
1721989785780.00, -72970, -583904, -509 
1721989785801.00, -72289, -585493, -539 
1721989785823.00, -73854, -587053, -529 
1721989785845.00, -74018, -588658, -568 
1721989785866.00, -76599, -590262, -556 
1721989785887.00, -77214, -591926, -557 
1721989785909.00, -77950, -593598, -538 
1721989785931.00, -44495, -595271, -529 
1721989785953.00, -24476, -596249, -530 
1721989785974.00, -12542, -596792, -426 
1721989785995.00, -5627, -597084, -438 
1721989786018.00, -1522, -597211, -413 
1721989786039.00, 106, -597246, -354 
1721989786061.00, 1378, -597249, -340 
1721989786081.00, 2349, -597224, -295 
1721989786104.00, 2941, -597172, -223 
1721989786125.00, 3168, -597105, -165 
1721989786147.00, 3310, -597030, -108 
1721989786168.00, 3372, -596956, -50 
1721989786190.00, 3336, -596880, 5 
1721989786211.00, 3228, -596804, 56 
1721989786233.00, 6430, -596727, 112 
1721989786254.00, 12018, -596578, 166 
1721989786276.00, 18278, -596326, 207 
1721989786298.00, 24650, -595939, 253 
1721989786320.00, 30914, -595415, 297 
1721989786341.00, 37500, -594741, 340 
1721989786363.00, 43680, -593935, 388 
1721989786384.00, 50364, -592988, 431 
1721989786405.00, 56835, -591908, 457 
1721989786428.00, 62221, -590669, 498 
1721989786449.00, 67803, -589317, 567 
1721989786471.00, 75327, -587844, 609 
1721989786492.00, 82133, -586218, 614 
1721989786514.00, 86333, -584436, 647 
1721989786536.00, 90624, -582562, 670 
1721989786558.00, 94547, -580583, 663 
1721989786579.00, 96462, -578534, 695 
1721989786601.00, 99466, -576442, 701 
1721989786622.00, 101428, -574282, 700 
1721989786644.00, 102603, -572078, 711 
1721989786666.00, 103806, -569846, 724 
1721989786688.00, 105248, -567581, 739 
1721989786709.00, 107186, -565290, 760 
1721989786731.00, 109357, -562961, 766 
1721989786753.00, 111006, -560566, 765 
1721989786775.00, 111850, -558153, 786 
1721989786796.00, 113573, -555731, 797 
1721989786818.00, 115143, -553257, 797 
1721989786839.00, 116177, -550745, 787 
1721989786861.00, 115956, -548218, 788 
1721989786883.00, 115846, -545699, 804 
1721989786905.00, 116689, -543178, 797 
1721989786928.00, 116706, -540639, 801 
1721989786948.00, 116894, -538099, 810 
1721989786970.00, 117524, -535550, 812 
1721989786992.00, 118043, -532999, 828 
1721989787013.00, 119239, -530431, 849 
1721989787035.00, 121071, -527827, 857 
1721989787057.00, 122582, -525199, 853 
1721989787078.00, 123183, -522544, 873 
1721989787100.00, 124703, -519853, 864 
1721989787122.00, 125031, -517134, 852 
1721989787143.00, 124657, -514405, 850 
1721989787166.00, 124000, -511697, 859 
1721989787187.00, 124218, -508998, 876 
1721989787209.00, 125348, -506303, 877 
1721989787231.00, 125969, -503571, 880 
1721989787252.00, 126620, -500819, 867 
1721989787275.00, 126050, -498068, 876 
1721989787296.00, 126261, -495323, 876 
1721989787317.00, 126494, -492579, 844 
1721989787339.00, 124758, -489843, 813 
1721989787361.00, 121579, -487130, 832 
1721989787383.00, 120892, -484481, 841 
1721989787404.00, 120890, -481852, 840 
1721989787426.00, 120794, -479219, 834 
1721989787448.00, 120372, -476587, 863 
1721989787471.00, 121688, -473978, 891 
1721989787491.00, 124191, -471324, 880 
1721989787513.00, 124936, -468613, 848 
1721989787535.00, 123670, -465889, 852 
1721989787557.00, 122993, -463194, 842 
1721989787582.00, 121894, -460541, 818 
1721989787600.00, 119676, -457882, 804 
1721989787622.00, 117778, -455274, 802 
1721989787644.00, 116453, -452724, 802 
1721989787665.00, 115471, -450187, 795 
1721989787687.00, 114479, -447685, 792 
1721989787709.00, 113662, -445190, 793 
1721989787730.00, 113244, -442716, 774 
1721989787752.00, 111876, -440257, 752 
1721989787774.00, 109681, -437828, 718 
1721989787798.00, 106249, -435444, 694 
1721989787817.00, 102931, -433136, 674 
1721989787839.00, 99620, -430895, 663 
1721989787861.00, 56458, -428760, 658 
1721989787882.00, 31032, -427529, 648 
1721989787907.00, 16076, -426830, 669 
1721989787925.00, 7352, -426467, 643 
1721989787947.00, 2166, -426298, 636 
1721989787969.00, -179, -426251, 585 
1721989787990.00, -2050, -426255, 494 
1721989788015.00, -3307, -426296, 396 
1721989788032.00, -3765, -426368, 328 
1721989788054.00, -4253, -426453, 275 
1721989788075.00, -4473, -426545, 220 
1721989788097.00, -4327, -426641, 172 
1721989788118.00, -4287, -426739, 118 
1721989788140.00, -4163, -426835, 73 
1721989788161.00, -4193, -426935, 20 
1721989788183.00, -4212, -427034, -75 
1721989788204.00, -8425, -427128, -138 
1721989788228.00, -14807, -427312, -171 
1721989788248.00, -20514, -427632, -242 
1721989788269.00, -27974, -428081, -280 
1721989788291.00, -35178, -428680, -291 
1721989788313.00, -39446, -429425, -362 
1721989788334.00, -46612, -430280, -386 
1721989788356.00, -52306, -431294, -442 
1721989788377.00, -58718, -432413, -465 
1721989788399.00, -63995, -433689, -487 
1721989788420.00, -68569, -435094, -511 
1721989788442.00, -72523, -436564, -504 
1721989788464.00, -74437, -438150, -530 
1721989788486.00, -77096, -439745, -531 
1721989788507.00, -78624, -441427, -555 
1721989788529.00, -80944, -443115, -536 
1721989788550.00, -80975, -444879, -541 
1721989788574.00, -81275, -446628, -544 
1721989788594.00, -81449, -448390, -593 
1721989788615.00, -84623, -450151, -592 
1721989788637.00, -86438, -451994, -629 
1721989788659.00, -89623, -453870, -652 
1721989788680.00, -92819, -455796, -656 
1721989788702.00, -94819, -457814, -620 
1721989788723.00, -93938, -459869, -617 
1721989788745.00, -93053, -461894, -636 
1721989788767.00, -93600, -463910, -593 
1721989788789.00, -91389, -465930, -628 
1721989788810.00, -91817, -467925, -678 
1721989788832.00, -95149, -469912, -682 
1721989788853.00, -97331, -471968, -707 
1721989788874.00, -100045, -474090, -701 
1721989788897.00, -101275, -476269, -690 
1721989788918.00, -101436, -478470, -682 
1721989788940.00, -100824, -480676, -665 
1721989788962.00, -99455, -482863, -660 
1721989788983.00, -98383, -485019, -669 
1721989789005.00, -98054, -487159, -626 
1721989789026.00, -95406, -489272, -622 
1721989789048.00, -93546, -491347, -655 
1721989789070.00, -94229, -493377, -605 
1721989789091.00, -91809, -495403, -626 
1721989789113.00, -91370, -497394, -622 
1721989789135.00, -90834, -499374, -593 
1721989789157.00, -88859, -501346, -607 
1721989789178.00, -88364, -503283, -594 
1721989789199.00, -87296, -505179, -578 
1721989789222.00, -85709, -507088, -587 
1721989789243.00, -85392, -508942, -578 
1721989789265.00, -84431, -510791, -607 
1721989789287.00, -85663, -512621, -576 
1721989789308.00, -84423, -514466, -589 
1721989789330.00, -84516, -516317, -569 
1721989789351.00, -83278, -518139, -566 
1721989789373.00, -82413, -519959, -569 
1721989789394.00, -82166, -521727, -549 
1721989789416.00, -80672, -523515, -589 
1721989789442.00, -82217, -525262, -545 
1721989789460.00, -80417, -527049, -561 
1721989789481.00, -80376, -528789, -579 
1721989789503.00, -81354, -530526, -626 
1721989789524.00, -84736, -532297, -616 
1721989789548.00, -86208, -534135, -611 
1721989789568.00, -86706, -536011, -606 
1721989789589.00, -86653, -537881, -609 
1721989789611.00, -86717, -539767, -610 
1721989789632.00, -86909, -541638, -553 
1721989789656.00, -83605, -543527, -546 
1721989789676.00, -81088, -545336, -534 
1721989789698.00, -79004, -547084, -575 
1721989789718.00, -80117, -548803, -560 
1721989789741.00, -79948, -550544, -560 
1721989789770.00, -79742, -552284, -576 
1721989789784.00, -80698, -553996, -565 
1721989789805.00, -80469, -555750, -557 
1721989789827.00, -79820, -557489, -561 
1721989789849.00, -79592, -559227, -577 
1721989789873.00, -80481, -560947, -558 
1721989789893.00, -79821, -562693, -584 
1721989789914.00, -80979, -564422, -564 
1721989789935.00, -80628, -566185, -579 
1721989789957.00, -81252, -567933, -562 
1721989789978.00, -80460, -569693, -590 
1721989790001.00, -81756, -571432, -573 
1721989790022.00, -81493, -573203, -609 
1721989790044.00, -83568, -574975, -559 
1721989790065.00, -81767, -576776, -537 
1721989790090.00, -79241, -578543, -527 
1721989790108.00, -77111, -580253, -497 
1721989790130.00, -74023, -581930, -432 
1721989790151.00, -68279, -583531, -388 
1721989790174.00, -62304, -585010, -400 
1721989790195.00, -59556, -586357, -390 
1721989790217.00, -57094, -587642, -380 
1721989790238.00, -55183, -588889, -393 
1721989790260.00, -54905, -590077, -368 
1721989790282.00, -53121, -591268, -380 
1721989790303.00, -52726, -592420, -374 
1721989790325.00, -52103, -593558, -332 
1721989790347.00, -29289, -594682, -326 
1721989790368.00, -15469, -595350, -313 
1721989790390.00, -7451, -595701, -307 
1721989790411.00, -2774, -595872, -305 
1721989790433.00, -50, -595937, -313 
1721989790454.00, 877, -595942, -308 
1721989790476.00, 1836, -595931, -297 
1721989790498.00, 2549, -595896, -268 
1721989790519.00, 3017, -595842, -228 
1721989790541.00, 3210, -595774, -179 
1721989790562.00, 3421, -595701, -122 
1721989790584.00, 3595, -595626, -58 
1721989790605.00, 3520, -595545, 24 
1721989790626.00, 4683, -595466, 80 
1721989790649.00, 8667, -595363, 117 
1721989790670.00, 13302, -595166, 178 
1721989790692.00, 19859, -594870, 281 
1721989790714.00, 30071, -594444, 318 
1721989790735.00, 38252, -593805, 334 
1721989790758.00, 44176, -592988, 396 
1721989790778.00, 50928, -592045, 423 
1721989790800.00, 56642, -590936, 460 
1721989790822.00, 62241, -589704, 491 
1721989790843.00, 67572, -588360, 517 
1721989790865.00, 71932, -586893, 553 
1721989790886.00, 77026, -585340, 556 
1721989790908.00, 79841, -583664, 633 
1721989790930.00, 86131, -581936, 657 
1721989790951.00, 91289, -580063, 630 
1721989790973.00, 92583, -578084, 676 
1721989790994.00, 96073, -576081, 678 
1721989791016.00, 98254, -573994, 684 
1721989791038.00, 99716, -571871, 700 
1721989791059.00, 101557, -569707, 708 
1721989791081.00, 103072, -567497, 718 
1721989791103.00, 104658, -565256, 734 
1721989791125.00, 106109, -562984, 740 
1721989791146.00, 107421, -560662, 739 
1721989791168.00, 108125, -558319, 768 
1721989791190.00, 110268, -555978, 762 
1721989791212.00, 111183, -553575, 760 
1721989791234.00, 111471, -551162, 773 
1721989791255.00, 112327, -548728, 781 
1721989791277.00, 113250, -546292, 769 
1721989791301.00, 113260, -543818, 761 
1721989791321.00, 112550, -541353, 781 
1721989791342.00, 113097, -538918, 807 
1721989791363.00, 115015, -536446, 806 
1721989791385.00, 116007, -533935, 807 
1721989791408.00, 116681, -531409, 816 
1721989791429.00, 117619, -528869, 821 
1721989791451.00, 118368, -526310, 826 
1721989791472.00, 119109, -523730, 802 
1721989791494.00, 118163, -521137, 790 
1721989791521.00, 116792, -518576, 788 
1721989791538.00, 115833, -516028, 808 
1721989791559.00, 116334, -513514, 816 
1721989791581.00, 117190, -510973, 820 
1721989791603.00, 117917, -508424, 824 
1721989791633.00, 118515, -505863, 830 
1721989791646.00, 119011, -503290, 833 
1721989791668.00, 119614, -500690, 830 
1721989791690.00, 119726, -498091, 822 
1721989791712.00, 119233, -495478, 831 
1721989791736.00, 119503, -492891, 846 
1721989791755.00, 120348, -490300, 837 
1721989791776.00, 120416, -487668, 827 
1721989791798.00, 119799, -485043, 852 
1721989791819.00, 120837, -482435, 873 
1721989791847.00, 122653, -479802, 872 
1721989791864.00, 123680, -477130, 846 
1721989791885.00, 122694, -474446, 824 
1721989791907.00, 120765, -471764, 786 
1721989791929.00, 117194, -469144, 763 
1721989791952.00, 113881, -466590, 753 
1721989791972.00, 111115, -464126, 759 
1721989791993.00, 109861, -461707, 730 
1721989792016.00, 107273, -459314, 714 
1721989792038.00, 104925, -456986, 715 
1721989792061.00, 103530, -454707, 734 
1721989792081.00, 103770, -452444, 720 
1721989792102.00, 103208, -450187, 730 
1721989792124.00, 103374, -447950, 734 
1721989792146.00, 103642, -445696, 702 
1721989792173.00, 101992, -443438, 689 
1721989792190.00, 100100, -441237, 692 
1721989792211.00, 99135, -439049, 671 
1721989792232.00, 97334, -436901, 649 
1721989792254.00, 94873, -434805, 640 
1721989792277.00, 92893, -432748, 617 
1721989792297.00, 90198, -430738, 592 
1721989792319.00, 51180, -428800, 556 
1721989792341.00, 28047, -427687, 491 
1721989792362.00, 14157, -427049, 520 
1721989792385.00, 6191, -426725, 488 
1721989792406.00, 1689, -426582, 482 
1721989792427.00, -530, -426545, 438 
1721989792449.00, -2146, -426554, 366 
1721989792470.00, -3045, -426599, 292 
1721989792491.00, -3727, -426668, 240 
1721989792513.00, -3959, -426744, 185 
1721989792534.00, -3922, -426833, 129 
1721989792556.00, -4061, -426926, 77 
1721989792577.00, -3999, -427016, 30 
1721989792599.00, -3946, -427110, -14 
1721989792619.00, -4788, -427202, -59 
1721989792642.00, -7811, -427310, -124 
1721989792663.00, -13693, -427481, -165 
1721989792684.00, -19700, -427774, -192 
1721989792707.00, -24481, -428198, -244 
1721989792728.00, -30599, -428725, -297 
1721989792750.00, -37435, -429371, -293 
1721989792771.00, -41318, -430179, -417 
1721989792793.00, -50788, -431075, -393 
1721989792814.00, -54849, -432168, -417 
1721989792839.00, -58681, -433354, -456 
1721989792857.00, -63085, -434645, -496 
1721989792879.00, -68263, -436011, -482 
1721989792901.00, -70620, -437494, -495 
1721989792923.00, -72617, -439024, -527 
1721989792945.00, -75695, -440592, -531 
1721989792966.00, -77711, -442236, -543 
1721989792987.00, -79537, -443917, -537 
1721989793009.00, -80195, -445638, -537 
1721989793031.00, -80347, -447377, -535 
1721989793053.00, -80339, -449108, -549 
1721989793074.00, -81023, -450861, -536 
1721989793096.00, -80959, -452616, -532 
1721989793118.00, -80364, -454375, -548 
1721989793139.00, -80951, -456096, -571 
1721989793161.00, -82700, -457866, -596 
1721989793182.00, -85121, -459652, -596 
1721989793204.00, -86428, -461504, -622 
1721989793225.00, -88828, -463369, -622 
1721989793247.00, -89996, -465286, -635 
1721989793270.00, -91590, -467255, -604 
1721989793291.00, -90615, -469231, -609 
1721989793312.00, -90121, -471208, -607 
1721989793334.00, -89844, -473150, -566 
1721989793355.00, -86937, -475092, -601 
1721989793378.00, -87563, -476995, -578 
1721989793399.00, -86371, -478876, -590 
1721989793420.00, -86353, -480753, -595 
1721989793441.00, -86766, -482616, -575 
1721989793464.00, -85703, -484507, -623 
1721989793490.00, -87906, -486366, -615 
1721989793506.00, -88739, -488263, -631 
1721989793528.00, -90002, -490193, -617 
1721989793549.00, -89945, -492139, -630 
1721989793571.00, -90615, -494096, -642 
1721989793598.00, -91765, -496052, -619 
1721989793615.00, -91063, -498036, -641 
1721989793636.00, -91903, -500031, -617 
1721989793658.00, -90950, -502005, -620 
1721989793680.00, -90420, -503986, -624 
1721989793703.00, -90373, -505938, -586 
1721989793723.00, -87928, -507891, -606 
1721989793745.00, -87719, -509813, -589 
1721989793766.00, -86605, -511705, -586 
1721989793788.00, -85723, -513583, -615 
1721989793811.00, -86894, -515432, -578 
1721989793831.00, -85595, -517331, -609 
1721989793853.00, -86461, -519181, -575 
1721989793875.00, -84954, -521040, -587 
1721989793896.00, -84593, -522888, -569 
1721989793918.00, -83374, -524713, -570 
1721989793939.00, -82514, -526537, -593 
1721989793961.00, -83563, -528314, -553 
1721989793983.00, -81636, -530122, -580 
1721989794005.00, -82074, -531888, -534 
1721989794027.00, -79648, -533671, -550 
1721989794048.00, -79040, -535399, -506 
1721989794070.00, -76092, -537108, -509 
1721989794091.00, -74506, -538756, -476 
1721989794113.00, -71949, -540369, -478 
1721989794134.00, -70261, -541923, -475 
1721989794156.00, -68881, -543443, -480 
1721989794178.00, -68355, -544935, -476 
1721989794199.00, -67819, -546416, -492 
1721989794221.00, -68515, -547885, -447 
1721989794243.00, -66240, -549381, -475 
1721989794264.00, -66598, -550809, -464 
1721989794286.00, -65977, -552258, -464 
1721989794307.00, -65517, -553677, -434 
1721989794329.00, -63641, -555101, -428 
1721989794350.00, -62048, -556481, -433 
1721989794372.00, -61405, -557828, -433 
1721989794394.00, -61099, -559170, -440 
1721989794415.00, -61346, -560486, -435 
1721989794437.00, -61182, -561818, -446 
1721989794459.00, -62052, -563142, -452 
1721989794480.00, -62580, -564482, -453 
1721989794502.00, -63051, -565849, -456 
1721989794524.00, -63694, -567205, -434 
1721989794545.00, -62590, -568593, -446 
1721989794567.00, -62592, -569939, -461 
1721989794589.00, -63744, -571292, -458 
1721989794611.00, -63964, -572670, -464 
1721989794632.00, -64449, -574060, -473 
1721989794653.00, -65356, -575469, -490 
1721989794675.00, -66900, -576875, -486 
1721989794699.00, -67489, -578323, -480 
1721989794719.00, -67418, -579774, -471 
1721989794741.00, -67101, -581249, -464 
1721989794762.00, -66332, -582706, -470 
1721989794784.00, -66308, -584140, -472 
1721989794807.00, -66231, -585579, -488 
1721989794826.00, -67251, -587006, -473 
1721989794849.00, -66995, -588468, -467 
1721989794870.00, -66524, -589913, -450 
1721989794892.00, -65173, -591356, -414 
1721989794913.00, -62231, -592758, -390 
1721989794935.00, -35586, -594101, -399 
1721989794956.00, -19316, -594890, -433 
1721989794978.00, -9804, -595330, -398 
1721989795000.00, -4274, -595553, -407 
1721989795021.00, -861, -595653, -445 
1721989795043.00, 205, -595677, -436 
1721989795064.00, 1313, -595674, -396 
1721989795086.00, 2304, -595650, -381 
1721989795108.00, 2839, -595604, -347 
1721989795129.00, 2935, -595538, -278 
1721989795151.00, 3004, -595470, -235 
1721989795172.00, 3227, -595400, -192 
1721989795193.00, 3102, -595328, -105 
1721989795216.00, 2997, -595253, -33 
1721989795238.00, 2988, -595183, 11 
1721989795259.00, 3679, -595113, 83 
1721989795279.00, 8355, -595031, 140 
1721989795302.00, 14441, -594846, 175 
1721989795324.00, 20095, -594532, 222 
1721989795349.00, 26141, -594097, 276 
1721989795366.00, 33125, -593528, 328 
1721989795388.00, 40489, -592816, 366 
1721989795409.00, 47170, -591952, 421 
1721989795432.00, 54412, -590926, 480 
1721989795461.00, 61872, -589750, 521 
1721989795475.00, 69016, -588412, 498 
1721989795496.00, 71662, -586904, 639 
1721989795519.00, 81613, -585354, 586 
1721989795540.00, 84328, -583575, 635 
1721989795566.00, 88866, -581744, 670 
1721989795583.00, 93612, -579809, 676 
1721989795605.00, 96634, -577782, 699 
1721989795627.00, 99980, -575695, 722 
1721989795648.00, 103053, -573516, 723 
1721989795670.00, 104961, -571274, 734 
1721989795691.00, 106615, -568997, 753 
1721989795713.00, 108748, -566668, 767 
1721989795735.00, 110818, -564292, 776 
1721989795757.00, 112481, -561893, 797 
1721989795779.00, 114643, -559443, 811 
1721989795800.00, 116697, -556939, 831 
1721989795822.00, 118976, -554401, 848 
1721989795844.00, 121463, -551806, 846 
1721989795865.00, 122706, -549167, 850 
1721989795892.00, 123583, -546495, 855 
1721989795909.00, 124321, -543803, 851 
1721989795931.00, 124534, -541090, 846 
1721989795952.00, 124259, -538385, 852 
1721989795974.00, 124427, -535685, 856 
1721989795995.00, 124702, -532978, 871 
1721989796018.00, 125680, -530256, 872 
1721989796039.00, 126373, -527518, 872 
1721989796061.00, 126746, -524770, 890 
1721989796083.00, 127977, -522014, 927 
1721989796104.00, 130783, -519225, 964 
1721989796126.00, 134660, -516377, 983 
1721989796148.00, 137901, -513448, 988 
1721989796168.00, 140336, -510434, 1013 
1721989796189.00, 143196, -507358, 1007 
1721989796213.00, 144256, -504243, 977 
1721989796235.00, 143341, -501091, 959 
1721989796257.00, 141517, -497975, 963 
1721989796279.00, 140503, -494896, 966 
1721989796299.00, 140171, -491835, 955 
1721989796322.00, 139435, -488791, 939 
1721989796343.00, 137644, -485763, 930 
1721989796365.00, 136220, -482751, 954 
1721989796387.00, 136875, -479798, 972 
1721989796409.00, 138133, -476828, 950 
1721989796436.00, 137509, -473823, 930 
1721989796452.00, 135813, -470828, 914 
1721989796474.00, 133984, -467872, 886 
1721989796495.00, 131050, -464965, 878 
1721989796517.00, 128750, -462107, 858 
1721989796539.00, 126139, -459313, 858 
1721989796561.00, 124702, -456574, 850 
1721989796583.00, 123300, -453858, 858 
1721989796605.00, 122732, -451181, 846 
1721989796626.00, 121817, -448506, 820 
1721989796647.00, 119557, -445850, 782 
1721989796669.00, 116052, -443262, 752 
1721989796691.00, 112012, -440754, 740 
1721989796713.00, 108759, -438313, 701 
1721989796735.00, 104510, -435943, 637 
1721989796758.00, 98238, -433677, 592 
1721989796778.00, 91734, -431563, 571 
1721989796799.00, 52173, -429578, 521 
1721989796821.00, 28523, -428457, 495 
1721989796843.00, 14407, -427814, 491 
1721989796864.00, 6255, -427485, 444 
1721989796886.00, 1593, -427343, 422 
1721989796907.00, -612, -427310, 379 
1721989796929.00, -2225, -427320, 324 
1721989796950.00, -3282, -427367, 285 
1721989796972.00, -3679, -427438, 250 
1721989796996.00, -4125, -427522, 220 
1721989797014.00, -4241, -427612, 182 
1721989797036.00, -4217, -427709, 140 
1721989797057.00, -4297, -427805, 107 
1721989797079.00, -4193, -427898, 71 
1721989797100.00, -4335, -427999, 25 
1721989797121.00, -4222, -428099, -28 
1721989797143.00, -5625, -428194, -82 
1721989797164.00, -9898, -428320, -125 
1721989797186.00, -15103, -428524, -177 
1721989797207.00, -21161, -428847, -237 
1721989797230.00, -28165, -429295, -283 
1721989797251.00, -35284, -429896, -277 
1721989797273.00, -38781, -430649, -268 
1721989797295.00, -40624, -431498, -273 
1721989797316.00, -41719, -432367, -302 
1721989797338.00, -44207, -433264, -280 
1721989797359.00, -44015, -434232, -412 
1721989797381.00, -52054, -435193, -365 
1721989797402.00, -53935, -436312, -419 
1721989797424.00, -58188, -437488, -465 
1721989797446.00, -63469, -438750, -490 
1721989797468.00, -68031, -440118, -484 
1721989797489.00, -70296, -441600, -494 
1721989797510.00, -72436, -443123, -507 
1721989797538.00, -74274, -444696, -512 
1721989797554.00, -75598, -446292, -511 
1721989797576.00, -76457, -447938, -524 
1721989797597.00, -77467, -449576, -521 
1721989797619.00, -77725, -451268, -526 
1721989797641.00, -78127, -452940, -496 
1721989797662.00, -76486, -454645, -486 
1721989797684.00, -74793, -456283, -488 
1721989797705.00, -73984, -457918, -530 
1721989797727.00, -75969, -459520, -529 
1721989797749.00, -76981, -461175, -565 
1721989797770.00, -79930, -462832, -564 
1721989797791.00, -81299, -464566, -589 
1721989797814.00, -83616, -466324, -563 
1721989797836.00, -83413, -468147, -602 
1721989797861.00, -85598, -469957, -578 
1721989797879.00, -85306, -471806, -600 
1721989797900.00, -86772, -473659, -583 
1721989797922.00, -86339, -475529, -578 
1721989797943.00, -85778, -477420, -623 
1721989797968.00, -87903, -479266, -640 
1721989797987.00, -90359, -481173, -629 
1721989798008.00, -90994, -483130, -598 
1721989798030.00, -89659, -485111, -631 
1721989798052.00, -90697, -487058, -602 
1721989798076.00, -89639, -489005, -578 
1721989798095.00, -87392, -490951, -600 
1721989798117.00, -87278, -492853, -572 
1721989798138.00, -85984, -494736, -605 
1721989798159.00, -86777, -496596, -583 
1721989798181.00, -85926, -498465, -591 
1721989798203.00, -85711, -500343, -582 
1721989798225.00, -85088, -502191, -577 
1721989798246.00, -84198, -504043, -587 
1721989798268.00, -84358, -505865, -537 
1721989798290.00, -81522, -507688, -553 
1721989798311.00, -80728, -509466, -531 
1721989798333.00, -78941, -511209, -553 
1721989798354.00, -79143, -512923, -557 
1721989798376.00, -79669, -514627, -583 
1721989798400.00, -81422, -516374, -608 
1721989798419.00, -83809, -518130, -605 
1721989798441.00, -85097, -519957, -610 
1721989798463.00, -86203, -521789, -567 
1721989798484.00, -84046, -523662, -586 
1721989798506.00, -84018, -525490, -544 
1721989798528.00, -81545, -527306, -570 
1721989798549.00, -81519, -529075, -532 
1721989798571.00, -79110, -530830, -540 
1721989798593.00, -78076, -532559, -531 
1721989798614.00, -77044, -534251, -532 
1721989798636.00, -76552, -535929, -530 
1721989798658.00, -76170, -537575, -531 
1721989798679.00, -75894, -539231, -541 
1721989798701.00, -76419, -540872, -515 
1721989798722.00, -75108, -542537, -536 
1721989798744.00, -75711, -544156, -541 
1721989798766.00, -76171, -545800, -569 
1721989798788.00, -78318, -547435, -547 
1721989798809.00, -78167, -549149, -547 
1721989798831.00, -78046, -550833, -536 
1721989798852.00, -77254, -552532, -539 
1721989798874.00, -76928, -554194, -523 
1721989798896.00, -75799, -555865, -537 
1721989798917.00, -75897, -557505, -537 
1721989798939.00, -75892, -559161, -550 
1721989798960.00, -76668, -560791, -515 
1721989798981.00, -75091, -562457, -532 
1721989799004.00, -75041, -564079, -528 
1721989799025.00, -74911, -565718, -549 
1721989799047.00, -76051, -567337, -536 
1721989799069.00, -75863, -568994, -554 
1721989799090.00, -76875, -570622, -527 
1721989799112.00, -76035, -572293, -514 
1721989799135.00, -74711, -573940, -513 
1721989799155.00, -73713, -575559, -520 
1721989799176.00, -73558, -577147, -484 
1721989799198.00, -71314, -578740, -489 
1721989799220.00, -70171, -580277, -483 
1721989799241.00, -69181, -581813, -491 
1721989799263.00, -69134, -583311, -471 
1721989799285.00, -67797, -584810, -485 
1721989799307.00, -67841, -586274, -481 
1721989799328.00, -67677, -587745, -461 
1721989799350.00, -66352, -589210, -449 
1721989799372.00, -64968, -590651, -451 
1721989799393.00, -64148, -592052, -454 
1721989799415.00, -63893, -593442, -431 
1721989799436.00, -36092, -594814, -430 
1721989799457.00, -19460, -595630, -429 
1721989799480.00, -9639, -596069, -401 
1721989799503.00, -3993, -596289, -406 
1721989799523.00, -726, -596383, -406 
1721989799544.00, 511, -596400, -391 
1721989799566.00, 1634, -596395, -362 
1721989799588.00, 2468, -596362, -309 
1721989799609.00, 2799, -596305, -234 
1721989799631.00, 2964, -596240, -187 
1721989799652.00, 3144, -596176, -148 
1721989799674.00, 3134, -596106, -95 
1721989799695.00, 3139, -596033, -36 
1721989799717.00, 3176, -595962, 11 
1721989799738.00, 3836, -595890, 74 
1721989799759.00, 7916, -595801, 152 
1721989799781.00, 15159, -595633, 178 
1721989799803.00, 20657, -595311, 209 
1721989799824.00, 25779, -594860, 249 
1721989799846.00, 31352, -594300, 276 
1721989799868.00, 36408, -593619, 307 
1721989799890.00, 41250, -592841, 348 
1721989799911.00, 46255, -591961, 373 
1721989799937.00, 50935, -590954, 404 
1721989799955.00, 55457, -589851, 451 
1721989799976.00, 60965, -588651, 488 
1721989799998.00, 66106, -587325, 519 
1721989800020.00, 71270, -585892, 499 
1721989800041.00, 72839, -584339, 609 
1721989800062.00, 80282, -582762, 578 
1721989800084.00, 82957, -581009, 588 
1721989800106.00, 85224, -579211, 631 
1721989800128.00, 88950, -577357, 615 
1721989800149.00, 90294, -575436, 647 
1721989800171.00, 92847, -573470, 655 
1721989800193.00, 94834, -571467, 665 
1721989800215.00, 96621, -569411, 680 
1721989800236.00, 98376, -567314, 672 
1721989800258.00, 98944, -565183, 690 
1721989800279.00, 100374, -563044, 704 
1721989800301.00, 101919, -560852, 709 
1721989800323.00, 103071, -558642, 720 
1721989800345.00, 104236, -556399, 730 
1721989800366.00, 105580, -554130, 726 
1721989800388.00, 106072, -551828, 742 
1721989800410.00, 107199, -549518, 759 
1721989800431.00, 108987, -547184, 750 
1721989800453.00, 109376, -544815, 752 
1721989800475.00, 109564, -542435, 779 
1721989800497.00, 111475, -540047, 777 
1721989800518.00, 112162, -537619, 762 
1721989800540.00, 111861, -535171, 771 
1721989800561.00, 112131, -532735, 796 
1721989800583.00, 113622, -530298, 792 
1721989800605.00, 114466, -527819, 780 
1721989800627.00, 114163, -525335, 786 
1721989800651.00, 114183, -522858, 807 
1721989800670.00, 115329, -520373, 797 
1721989800692.00, 115407, -517861, 786 
1721989800714.00, 114870, -515338, 791 
1721989800735.00, 114706, -512849, 809 
1721989800757.00, 115768, -510362, 800 
1721989800779.00, 115822, -507835, 787 
1721989800801.00, 115022, -505312, 777 
1721989800823.00, 113847, -502816, 785 
1721989800844.00, 113464, -500348, 798 
1721989800865.00, 114048, -497869, 792 
1721989800887.00, 114180, -495383, 793 
1721989800909.00, 114200, -492905, 802 
1721989800931.00, 114653, -490420, 803 
1721989800953.00, 114885, -487922, 789 
1721989800975.00, 114256, -485423, 785 
1721989800996.00, 113626, -482932, 792 
1721989801018.00, 113638, -480466, 804 
1721989801039.00, 114309, -477991, 798 
1721989801061.00, 114275, -475501, 788 
1721989801083.00, 113629, -473012, 788 
1721989801105.00, 113177, -470545, 799 
1721989801126.00, 113570, -468077, 810 
1721989801148.00, 114419, -465601, 813 
1721989801170.00, 115211, -463106, 803 
1721989801192.00, 115032, -460609, 785 
1721989801213.00, 113812, -458109, 759 
1721989801235.00, 111382, -455629, 716 
1721989801257.00, 107302, -453208, 695 
1721989801278.00, 103687, -450880, 683 
1721989801301.00, 100784, -448628, 668 
1721989801322.00, 98171, -446432, 658 
1721989801343.00, 95890, -444314, 671 
1721989801369.00, 95297, -442231, 672 
1721989801387.00, 95286, -440160, 676 
1721989801409.00, 95334, -438110, 695 
1721989801430.00, 96441, -436027, 680 
1721989801452.00, 96322, -433941, 672 
1721989801474.00, 95758, -431864, 676 
1721989801495.00, 54476, -429795, 653 
1721989801516.00, 30281, -428611, 674 
1721989801538.00, 15638, -427939, 716 
1721989801560.00, 7237, -427580, 712 
1721989801581.00, 2301, -427412, 756 
1721989801603.00, -67, -427361, 729 
1721989801624.00, -1724, -427364, 644 
1721989801645.00, -3001, -427398, 556 
1721989801667.00, -3670, -427463, 466 
1721989801689.00, -4102, -427543, 375 
1721989801710.00, -4099, -427634, 284 
1721989801732.00, -4176, -427730, 217 
1721989801752.00, -4118, -427825, 152 
1721989801774.00, -4250, -427919, 92 
1721989801799.00, -4108, -428015, 29 
1721989801817.00, -4025, -428116, -32 
1721989801839.00, -5639, -428206, -87 
1721989801860.00, -9816, -428331, -137 
1721989801882.00, -15457, -428538, -167 
1721989801903.00, -20395, -428868, -206 
1721989801925.00, -25956, -429304, -247 
1721989801947.00, -31667, -429859, -264 
1721989801968.00, -36143, -430536, -280 
1721989801989.00, -39391, -431328, -355 
1721989802011.00, -46012, -432171, -322 
1721989802033.00, -47771, -433156, -374 
1721989802055.00, -51781, -434199, -397 
1721989802076.00, -55757, -435328, -420 
1721989802098.00, -59326, -436525, -438 
1721989802119.00, -62475, -437826, -454 
1721989802142.00, -65261, -439168, -468 
1721989802163.00, -67686, -440585, -466 
1721989802185.00, -68834, -442054, -466 
1721989802206.00, -69605, -443544, -475 
1721989802228.00, -70525, -445066, -495 
1721989802250.00, -72282, -446580, -503 
1721989802271.00, -73673, -448152, -541 
1721989802292.00, -76597, -449733, -529 
1721989802314.00, -77726, -451410, -531 
1721989802338.00, -78329, -453083, -512 
1721989802358.00, -77387, -454793, -537 
1721989802379.00, -78314, -456456, -525 
1721989802401.00, -78139, -458172, -553 
1721989802423.00, -79737, -459858, -532 
1721989802453.00, -79523, -461597, -563 
1721989802466.00, -81127, -463305, -541 
1721989802487.00, -80703, -465057, -579 
1721989802509.00, -82632, -466817, -556 
1721989802531.00, -82422, -468609, -565 
1721989802552.00, -82886, -470401, -536 
1721989802574.00, -81441, -472177, -547 
1721989802596.00, -81012, -473951, -550 
1721989802617.00, -80859, -475698, -547 
1721989802639.00, -80598, -477465, -573 
1721989802660.00, -82031, -479196, -560 
1721989802683.00, -82083, -480978, -588 
1721989802704.00, -83538, -482747, -551 
1721989802726.00, -82264, -484564, -564 
1721989802746.00, -82179, -486352, -548 
1721989802768.00, -81176, -488133, -590 
1721989802790.00, -83086, -489891, -580 
1721989802812.00, -83745, -491691, -577 
1721989802834.00, -83747, -493517, -584 
1721989802856.00, -84083, -495321, -573 
1721989802876.00, -83669, -497147, -557 
1721989802899.00, -82599, -498950, -513 
1721989802920.00, -79121, -500748, -526 
1721989802942.00, -77755, -502459, -486 
1721989802964.00, -74545, -504146, -527 
1721989802985.00, -74935, -505755, -516 
1721989803006.00, -74672, -507387, -546 
1721989803027.00, -76276, -509005, -546 
1721989803050.00, -77097, -510664, -578 
1721989803072.00, -79497, -512339, -541 
1721989803093.00, -78765, -514053, -558 
1721989803115.00, -79397, -515766, -520 
1721989803136.00, -77683, -517485, -521 
1721989803158.00, -76604, -519171, -492 
1721989803180.00, -74274, -520815, -497 
1721989803202.00, -72998, -522421, -492 
1721989803223.00, -71899, -524001, -505 
1721989803245.00, -71951, -525568, -496 
1721989803266.00, -71473, -527120, -500 
1721989803288.00, -71330, -528669, -491 
1721989803309.00, -70591, -530211, -506 
1721989803331.00, -70976, -531743, -482 
1721989803353.00, -69958, -533296, -490 
1721989803375.00, -69817, -534802, -466 
1721989803396.00, -68302, -536329, -469 
1721989803418.00, -67675, -537794, -451 
1721989803439.00, -65963, -539266, -467 
1721989803461.00, -65915, -540689, -446 
1721989803483.00, -64747, -542134, -453 
1721989803504.00, -64402, -543528, -452 
1721989803526.00, -64165, -544925, -455 
1721989803548.00, -64168, -546314, -465 
1721989803569.00, -64959, -547699, -453 
1721989803591.00, -64519, -549115, -457 
1721989803612.00, -64473, -550511, -437 
1721989803635.00, -63205, -551914, -436 
1721989803656.00, -62362, -553278, -436 
1721989803677.00, -61983, -554628, -425 
1721989803699.00, -61089, -555979, -436 
1721989803721.00, -61319, -557297, -443 
1721989803743.00, -61650, -558634, -476 
1721989803767.00, -64234, -559968, -488 
1721989803786.00, -66175, -561354, -478 
1721989803807.00, -66721, -562786, -488 
1721989803829.00, -67542, -564228, -477 
1721989803851.00, -67414, -565706, -475 
1721989803874.00, -67319, -567162, -478 
1721989803894.00, -67284, -568629, -484 
1721989803916.00, -67744, -570075, -453 
1721989803937.00, -66004, -571539, -447 
1721989803959.00, -64684, -572978, -479 
1721989803981.00, -65903, -574384, -463 
1721989804002.00, -65489, -575810, -444 
1721989804023.00, -64146, -577226, -430 
1721989804046.00, -62662, -578616, -456 
1721989804067.00, -63214, -579963, -447 
1721989804089.00, -63050, -581343, -425 
1721989804110.00, -61520, -582716, -427 
1721989804132.00, -60787, -584048, -436 
1721989804154.00, -60868, -585370, -425 
1721989804175.00, -60411, -586679, -411 
1721989804196.00, -59155, -587984, -400 
1721989804218.00, -57674, -589271, -400 
1721989804240.00, -56853, -590520, -391 
1721989804262.00, -55955, -591754, -367 
1721989804283.00, -53959, -592962, -367 
1721989804305.00, -30458, -594120, -356 
1721989804327.00, -16397, -594810, -354 
1721989804348.00, -8075, -595188, -348 
1721989804370.00, -3182, -595376, -361 
1721989804391.00, -325, -595451, -359 
1721989804413.00, 530, -595464, -355 
1721989804434.00, 1438, -595458, -365 
1721989804456.00, 2049, -595431, -352 
1721989804477.00, 2440, -595389, -325 
1721989804499.00, 2578, -595334, -308 
1721989804521.00, 2707, -595278, -304 
1721989804543.00, 2731, -595216, -274 
1721989804564.00, 2783, -595155, -247 
1721989804586.00, 2806, -595093, -236 
1721989804607.00, 2752, -595033, -231 
1721989804629.00, 2651, -594971, -210 
1721989804651.00, 2595, -594912, -198 
1721989804672.00, 2506, -594854, -188 
1721989804694.00, 2450, -594799, -193 
1721989804715.00, 2426, -594746, -188 
1721989804738.00, 2323, -594693, -177 
1721989804758.00, 2168, -594642, -176 
1721989804782.00, 2111, -594595, -180 
1721989804802.00, 2058, -594550, -179 
1721989804824.00, 1941, -594504, -172 
1721989804845.00, 1917, -594461, -171 
1721989804914.00, 1869, -594421, -171 
1721989804914.00, 1826, -594380, -170 
1721989804914.00, 1747, -594340, -168 
1721989804931.00, 1710, -594300, -167 
1721989804954.00, 0, -594263, -218 
1721989804975.00, 0, -594256, -216 
1721989804995.00, 0, -594257, -214 
1721989805017.00, 0, -594256, -214 
1721989805038.00, 0, -594257, -210 
1721989805059.00, 0, -594256, -209 
1721989805081.00, 0, -594255, -207 
1721989805101.00, 0, -594256, -205 
1721989805122.00, 0, -594255, -204 
1721989805143.00, 0, -594256, -202 
1721989805165.00, 0, -594256, -198 
1721989805186.00, 0, -594255, -194 
1721989805206.00, 0, -594256, -192 
1721989805228.00, 0, -594256, -191 
1721989805249.00, 0, -594256, -191 
1721989805271.00, 0, -594255, -186 
1721989805292.00, 0, -594255, -186 
1721989805313.00, 0, -594255, -187 
1721989805334.00, 0, -594255, -188 
1721989805355.00, 0, -594256, -188 
1721989805376.00, 0, -594255, -184 
1721989805397.00, 0, -594254, -186 
1721989805418.00, 0, -594255, -187 
1721989805440.00, 0, -594255, -194 
1721989805461.00, 0, -594256, -198 
1721989805482.00, 0, -594255, -205 
1721989805502.00, 0, -594256, -199 
1721989805524.00, 0, -594255, -195 
1721989805545.00, 0, -594256, -188 
1721989805565.00, 0, -594255, -181 
1721989805587.00, 0, -594256, -179 
1721989805608.00, 0, -594254, -175 
1721989805630.00, 0, -594254, -168 
1721989805650.00, 0, -594254, -163 
1721989805672.00, 0, -594254, -155 
1721989805693.00, 0, -594254, -154 
1721989805718.00, 0, -594254, -150 
1721989805743.00, 0, -594253, -148 
1721989805755.00, 0, -594253, -149 
1721989805777.00, 0, -594253, -146 
1721989805799.00, 0, -594253, -141 
1721989805819.00, 0, -594254, -140 
1721989805840.00, 0, -594253, -130 
1721989805861.00, 0, -594253, -121 
1721989805883.00, 0, -594251, -118 
1721989805903.00, 0, -594251, -114 
1721989805925.00, 0, -594251, -104 
1721989805946.00, 0, -594250, -91 
1721989805967.00, 0, -594250, -84 
1721989805988.00, 0, -594249, -73 
1721989806009.00, 0, -594250, -74 
1721989806030.00, 0, -594250, -74 
1721989806051.00, 0, -594248, -66 
1721989806072.00, 0, -594249, -59 
1721989806093.00, 0, -594249, -56 
1721989806114.00, 0, -594248, -53 
1721989806135.00, 0, -594248, -52 
1721989806155.00, 0, -594248, -51 
1721989806177.00, 0, -594248, -49 
1721989806197.00, 0, -594248, -47 
1721989806219.00, 0, -594247, -45 
1721989806240.00, 0, -594248, -45 
1721989806262.00, 0, -594248, -45 
1721989806283.00, 0, -594247, -44 
1721989806303.00, 0, -594248, -44 
1721989806327.00, 0, -594248, -45 
1721989806345.00, 0, -594248, -44 
1721989806366.00, 0, -594247, -44 
1721989806388.00, 0, -594247, -45 
1721989806409.00, 0, -594248, -45 
1721989806430.00, 0, -594247, -45 
1721989806450.00, 0, -594247, -44 
1721989806471.00, 0, -594248, -42 
1721989806493.00, 0, -594248, -40 
1721989806513.00, 0, -594247, -41 
1721989806535.00, 0, -594247, -43 
1721989806555.00, 0, -594247, -45 
1721989806577.00, 0, -594247, -45 
1721989806598.00, 0, -594248, -44 
1721989806619.00, 0, -594247, -45 
1721989806640.00, 0, -594246, -45 
1721989806661.00, 0, -594247, -44 
1721989806681.00, 0, -594247, -45 
1721989806703.00, 0, -594247, -45 
1721989806724.00, 0, -594248, -45 
1721989806745.00, 0, -594247, -45 
1721989806766.00, 0, -594248, -45 
1721989806787.00, 0, -594247, -44 
1721989806808.00, 0, -594248, -45 
1721989806829.00, 0, -594248, -45 
1721989806850.00, 0, -594247, -45 
1721989806870.00, 0, -594248, -45 
1721989806892.00, 0, -594248, -45 
1721989806913.00, 0, -594247, -45 
1721989806934.00, 0, -594248, -45 
1721989806955.00, 0, -594247, -45 
1721989806976.00, 0, -594247, -45 
1721989806997.00, 0, -594247, -45 
1721989807019.00, 0, -594248, -45 
1721989807039.00, 0, -594247, -45 
1721989807060.00, 0, -594248, -45 
1721989807082.00, 0, -594247, -45 
1721989807102.00, 0, -594248, -45 
1721989807123.00, 0, -594247, -45 
1721989807145.00, 0, -594248, -45 
1721989807165.00, 0, -594247, -45 
1721989807186.00, 0, -594247, -44 
1721989807208.00, 0, -594247, -44 
1721989807228.00, 0, -594247, -45 
1721989807249.00, 0, -594247, -45 
1721989807271.00, 0, -594247, -45 
1721989807291.00, 0, -594247, -45 
1721989807312.00, 0, -594247, -45 
1721989807333.00, 0, -594247, -45 
1721989807355.00, 0, -594247, -45 
1721989807375.00, 0, -594247, -45 
1721989807397.00, 0, -594247, -45 
1721989807418.00, 0, -594247, -45 
1721989807439.00, 0, -594247, -45 
1721989807460.00, 0, -594248, -45 
1721989807481.00, 0, -594248, -45 
1721989807502.00, 0, -594248, -45 
1721989807523.00, 0, -594246, -45 
1721989807544.00, 0, -594246, -45 
1721989807565.00, 0, -594248, -45 
1721989807586.00, 0, -594248, -45 
1721989807608.00, 0, -594247, -45 
1721989807628.00, 0, -594247, -45 
1721989807649.00, 0, -594247, -45 
1721989807670.00, 0, -594248, -45 
1721989807691.00, 0, -594246, -45 
1721989807712.00, 0, -594247, -45 
1721989807733.00, 0, -594248, -45 
1721989807754.00, 0, -594248, -45 
1721989807775.00, 0, -594247, -45 
1721989807796.00, 0, -594247, -45 
1721989807817.00, 0, -594247, -45 
1721989807838.00, 0, -594247, -45 
1721989807859.00, 0, -594247, -45 
