1718974683044.00, 0, -598824, 9 
1718974683065.00, 0, -598823, 9 
1718974683087.00, 0, -598824, 8 
1718974683107.00, 0, -598824, 9 
1718974683128.00, 0, -598825, 9 
1718974683151.00, 0, -598823, 9 
1718974683171.00, 40, -598824, 9 
1718974683192.00, 7, -598822, 9 
1718974683212.00, 0, -598823, 8 
1718974683233.00, 0, -598824, 9 
1718974683256.00, 0, -598824, 9 
1718974683275.00, 43, -598824, 9 
1718974683297.00, 0, -598823, 9 
1718974683318.00, 0, -598822, 9 
1718974683339.00, 0, -598822, 9 
1718974683363.00, 0, -598823, 9 
1718974683381.00, 0, -598824, 9 
1718974683401.00, 1, -598823, 10 
1718974683423.00, 67, -598823, 9 
1718974683444.00, 0, -598823, 9 
1718974683466.00, 65, -598823, 9 
1718974683487.00, 0, -598822, 9 
1718974683507.00, 0, -598822, 9 
1718974683529.00, 0, -598823, 9 
1718974683550.00, -4, -598823, 8 
1718974683571.00, 0, -598823, 8 
1718974683592.00, 0, -598823, 8 
1718974683613.00, 1, -598823, 8 
1718974683633.00, 0, -598823, 8 
1718974683655.00, 0, -598822, 8 
1718974683676.00, 0, -598823, 8 
1718974683700.00, 1, -598822, 9 
1718974683718.00, 0, -598823, 9 
1718974683739.00, 0, -598822, 9 
1718974683760.00, 0, -598822, 9 
1718974683781.00, 24, -598822, 9 
1718974683802.00, 0, -598822, 8 
1718974683823.00, 0, -598822, 8 
1718974683844.00, 0, -598822, 7 
1718974683866.00, 0, -598822, 7 
1718974683887.00, 11, -598822, 7 
1718974683908.00, 8, -598822, 7 
1718974683929.00, -5, -598822, 6 
1718974683950.00, 0, -598822, 6 
1718974683970.00, 0, -598822, 5 
1718974683992.00, 18, -598822, 5 
1718974684014.00, 9, -598822, 4 
1718974684034.00, 59, -598822, 4 
1718974684055.00, 0, -598822, 4 
1718974684076.00, 0, -598822, 4 
1718974684097.00, 0, -598822, 4 
1718974684119.00, 0, -598822, 3 
1718974684139.00, 0, -598822, 3 
1718974684161.00, 1, -598822, 3 
1718974684182.00, -33, -598822, 3 
1718974684203.00, 0, -598822, 2 
1718974684224.00, 0, -598822, 2 
1718974684244.00, 0, -598822, 2 
1718974684266.00, 0, -598822, 1 
1718974684286.00, 0, -598822, 2 
1718974684308.00, 0, -598822, 2 
1718974684328.00, 0, -598822, 2 
1718974684353.00, 0, -598821, 2 
1718974684371.00, 0, -598821, 2 
1718974684392.00, 0, -598822, 1 
1718974684413.00, -24, -598822, 1 
1718974684434.00, 0, -598822, 1 
1718974684455.00, 0, -598821, 2 
1718974684476.00, 0, -598822, 2 
1718974684497.00, -3, -598822, 3 
1718974684519.00, 0, -598822, 4 
1718974684539.00, 0, -598821, 4 
1718974684560.00, -3, -598822, 4 
1718974684581.00, 0, -598822, 3 
1718974684603.00, 0, -598822, 3 
1718974684623.00, 0, -598822, 2 
1718974684644.00, 16, -598822, 1 
1718974684665.00, 0, -598822, 1 
1718974684686.00, 0, -598822, 1 
1718974684707.00, 0, -598821, 1 
1718974684729.00, 0, -598821, 1 
1718974684749.00, 0, -598822, 2 
1718974684771.00, 0, -598822, 2 
1718974684792.00, 0, -598822, 2 
1718974684813.00, 0, -598821, 2 
1718974684834.00, 0, -598822, 2 
1718974684854.00, 0, -598822, 2 
1718974684876.00, 45, -598822, 2 
1718974684897.00, 0, -598822, 2 
1718974684918.00, 0, -598822, 3 
1718974684939.00, 0, -598822, 4 
1718974684959.00, 0, -598821, 4 
1718974684981.00, -58, -598822, 4 
1718974685008.00, 0, -598821, 4 
1718974685023.00, 0, -598822, 4 
1718974685044.00, 41, -598822, 4 
1718974685065.00, 0, -598821, 4 
1718974685087.00, -5, -598822, 5 
1718974685108.00, 0, -598822, 5 
1718974685128.00, 0, -598822, 5 
1718974685150.00, 0, -598822, 6 
1718974685171.00, 0, -598822, 7 
1718974685191.00, 0, -598822, 8 
1718974685213.00, 0, -598822, 8 
1718974685234.00, -2, -598820, 8 
1718974685254.00, 0, -598821, 8 
1718974685275.00, 0, -598821, 8 
1718974685296.00, 0, -598821, 7 
1718974685318.00, 5, -598822, 7 
1718974685339.00, 0, -598821, 7 
1718974685360.00, 0, -598822, 8 
1718974685381.00, 2, -598821, 8 
1718974685402.00, -5, -598821, 8 
1718974685423.00, 0, -598821, 9 
1718974685446.00, 0, -598821, 9 
1718974685465.00, 0, -598821, 9 
1718974685486.00, 42, -598821, 9 
1718974685508.00, -17, -598821, 9 
1718974685529.00, 0, -598821, 9 
1718974685556.00, 0, -598822, 9 
1718974685571.00, 0, -598821, 9 
1718974685592.00, 0, -598821, 10 
1718974685613.00, 0, -598821, 10 
1718974685634.00, 0, -598821, 10 
1718974685654.00, -6, -598821, 10 
1718974685676.00, 0, -598821, 10 
1718974685697.00, 0, -598820, 10 
1718974685718.00, 2, -598822, 11 
1718974685740.00, 790, -598821, 11 
1718974685761.00, 1167, -598810, 10 
1718974685782.00, 0, -598785, 9 
1718974685803.00, 0, -598782, 13 
1718974685825.00, 693, -598781, 12 
1718974685846.00, 1115, -598770, 10 
1718974685867.00, 0, -598745, 9 
1718974685889.00, 58, -598742, 13 
1718974685909.00, 758, -598741, 12 
1718974685931.00, 1204, -598728, 9 
1718974685953.00, 708, -598704, 9 
1718974685974.00, 377, -598688, 11 
1718974685995.00, 901, -598680, 11 
1718974686017.00, 1244, -598661, 9 
1718974686037.00, 743, -598636, 8 
1718974686058.00, 373, -598619, 9 
1718974686081.00, 178, -598610, 9 
1718974686102.00, 92, -598606, 8 
1718974686123.00, 51, -598603, 7 
1718974686144.00, 18, -598601, 7 
1718974686165.00, 46, -598602, 7 
1718974686186.00, -4, -598601, 7 
1718974686211.00, -5, -598601, 7 
1718974686228.00, 0, -598600, 7 
1718974686250.00, 0, -598601, 6 
1718974686270.00, 0, -598600, 6 
1718974686292.00, -23, -598599, 6 
1718974686313.00, 0, -598598, 6 
1718974686333.00, 0, -598600, 6 
1718974686354.00, 0, -598599, 6 
1718974686375.00, 0, -598599, 5 
1718974686397.00, 0, -598600, 5 
1718974686417.00, 0, -598600, 5 
1718974686438.00, 0, -598599, 5 
1718974686460.00, 0, -598599, 5 
1718974686480.00, 0, -598600, 5 
1718974686502.00, 0, -598599, 5 
1718974686523.00, 0, -598598, 5 
1718974686544.00, 0, -598599, 4 
1718974686579.00, -1, -598598, 4 
1718974686585.00, 0, -598600, 4 
1718974686607.00, 0, -598599, 4 
1718974686628.00, -5, -598599, 4 
1718974686649.00, 0, -598599, 4 
1718974686670.00, 0, -598599, 4 
1718974686690.00, 0, -598598, 4 
1718974686712.00, 0, -598600, 4 
1718974686733.00, 0, -598599, 4 
1718974686755.00, 0, -598599, 4 
1718974686775.00, 57, -598599, 4 
1718974686796.00, 67, -598599, 4 
1718974686817.00, 0, -598598, 4 
1718974686839.00, 0, -598599, 4 
1718974686862.00, 0, -598598, 4 
1718974686881.00, 0, -598599, 4 
1718974686902.00, 0, -598598, 4 
1718974686923.00, 0, -598600, 4 
1718974686944.00, 0, -598598, 4 
1718974686965.00, 0, -598598, 4 
1718974686986.00, 0, -598598, 4 
1718974687007.00, 0, -598599, 4 
1718974687028.00, -3, -598598, 4 
1718974687049.00, -36, -598598, 4 
1718974687070.00, -43, -598598, 4 
1718974687091.00, -2, -598598, 4 
1718974687111.00, 0, -598598, 4 
1718974687133.00, 0, -598599, 4 
1718974687154.00, 0, -598598, 4 
1718974687175.00, 0, -598599, 3 
1718974687203.00, 0, -598599, 3 
1718974687217.00, 0, -598598, 4 
1718974687238.00, 0, -598598, 4 
1718974687259.00, 0, -598597, 3 
1718974687280.00, 0, -598599, 3 
1718974687301.00, 0, -598598, 3 
1718974687322.00, 0, -598598, 3 
1718974687344.00, 0, -598597, 3 
1718974687364.00, 0, -598598, 3 
1718974687385.00, 0, -598598, 3 
1718974687412.00, 0, -598598, 4 
1718974687428.00, 0, -598597, 3 
1718974687448.00, -39, -598599, 3 
1718974687469.00, 0, -598598, 3 
1718974687490.00, 0, -598598, 4 
1718974687511.00, 63, -598599, 4 
1718974687532.00, -2, -598598, 4 
1718974687553.00, 0, -598598, 4 
1718974687575.00, 0, -598598, 4 
1718974687596.00, 67, -598599, 4 
1718974687617.00, 0, -598599, 5 
1718974687638.00, 0, -598598, 5 
1718974687659.00, 0, -598598, 5 
1718974687680.00, 0, -598597, 5 
1718974687701.00, 0, -598596, 6 
1718974687722.00, 0, -598597, 6 
1718974687743.00, 0, -598598, 6 
1718974687764.00, 0, -598596, 6 
1718974687785.00, 0, -598598, 6 
1718974687806.00, 0, -598597, 7 
1718974687827.00, 0, -598597, 7 
1718974687853.00, -41, -598598, 7 
1718974687870.00, 0, -598598, 7 
1718974687891.00, 0, -598597, 7 
1718974687912.00, 0, -598597, 7 
1718974687932.00, 0, -598597, 7 
1718974687954.00, 0, -598597, 7 
1718974687975.00, 0, -598597, 7 
1718974687996.00, 0, -598597, 7 
1718974688016.00, 0, -598597, 7 
1718974688037.00, 0, -598597, 8 
1718974688060.00, 0, -598598, 7 
1718974688080.00, 5, -598597, 7 
1718974688101.00, 0, -598597, 8 
1718974688122.00, 0, -598597, 8 
1718974688142.00, 0, -598597, 8 
1718974688164.00, -6, -598597, 8 
1718974688185.00, 0, -598597, 8 
1718974688205.00, 0, -598597, 8 
1718974688227.00, 0, -598597, 8 
1718974688248.00, 0, -598598, 8 
1718974688269.00, -41, -598597, 8 
1718974688290.00, 0, -598597, 7 
1718974688311.00, 0, -598598, 7 
1718974688332.00, 0, -598597, 7 
1718974688353.00, 0, -598598, 7 
1718974688374.00, 0, -598597, 7 
1718974688395.00, -55, -598597, 7 
1718974688416.00, 0, -598597, 7 
1718974688437.00, 0, -598598, 7 
1718974688459.00, 0, -598597, 6 
1718974688480.00, 0, -598597, 6 
1718974688502.00, 0, -598598, 6 
1718974688521.00, 0, -598596, 6 
1718974688542.00, 0, -598597, 6 
1718974688564.00, 0, -598597, 6 
1718974688585.00, 0, -598596, 6 
1718974688606.00, 0, -598597, 6 
1718974688627.00, 0, -598598, 6 
1718974688648.00, 0, -598597, 5 
1718974688669.00, 0, -598597, 6 
1718974688690.00, 0, -598598, 6 
1718974688711.00, 0, -598598, 6 
1718974688732.00, 0, -598597, 6 
1718974688753.00, 0, -598597, 6 
1718974688774.00, 0, -598597, 6 
1718974688795.00, 0, -598597, 6 
1718974688816.00, 0, -598597, 5 
1718974688837.00, 0, -598597, 5 
1718974688858.00, 0, -598597, 5 
1718974688879.00, 0, -598596, 5 
1718974688900.00, 0, -598597, 5 
1718974688921.00, 0, -598597, 5 
1718974688943.00, 0, -598598, 5 
1718974688964.00, 0, -598597, 5 
1718974688984.00, 0, -598598, 5 
1718974689005.00, 0, -598597, 4 
1718974689026.00, 0, -598597, 4 
1718974689047.00, 0, -598597, 5 
1718974689068.00, 0, -598597, 5 
1718974689089.00, 0, -598598, 5 
1718974689110.00, 0, -598597, 4 
1718974689131.00, 0, -598598, 4 
1718974689152.00, 0, -598597, 4 
1718974689174.00, 0, -598597, 5 
1718974689194.00, 0, -598597, 5 
1718974689215.00, 0, -598597, 5 
1718974689236.00, 0, -598597, 5 
1718974689257.00, 0, -598598, 5 
1718974689279.00, 0, -598598, 5 
1718974689300.00, 0, -598596, 5 
1718974689320.00, 0, -598597, 5 
1718974689341.00, 0, -598597, 5 
1718974689362.00, 0, -598597, 5 
1718974689384.00, 0, -598598, 6 
1718974689405.00, 0, -598598, 6 
1718974689426.00, 1, -598598, 6 
1718974689446.00, 0, -598598, 6 
1718974689468.00, 3, -598597, 6 
1718974689493.00, -50, -598597, 6 
1718974689509.00, 0, -598596, 7 
1718974689531.00, 0, -598597, 6 
1718974689552.00, 0, -598598, 6 
1718974689573.00, 0, -598598, 7 
1718974689594.00, 0, -598597, 7 
1718974689615.00, 0, -598597, 7 
1718974689636.00, 0, -598598, 7 
1718974689657.00, 0, -598597, 7 
1718974689678.00, 0, -598597, 7 
1718974689699.00, 0, -598597, 7 
1718974689720.00, 0, -598597, 7 
1718974689741.00, 0, -598597, 8 
1718974689762.00, 0, -598597, 7 
1718974689784.00, 0, -598596, 7 
1718974689805.00, 0, -598597, 7 
1718974689827.00, 0, -598597, 8 
1718974689847.00, 0, -598598, 7 
1718974689867.00, 0, -598597, 7 
1718974689889.00, 0, -598597, 8 
1718974689910.00, 0, -598597, 8 
1718974689935.00, 0, -598597, 8 
1718974689952.00, 0, -598598, 8 
1718974689972.00, 0, -598598, 8 
1718974689993.00, 0, -598597, 8 
1718974690014.00, 0, -598597, 8 
1718974690036.00, 0, -598597, 8 
1718974690057.00, 0, -598597, 8 
1718974690078.00, 0, -598597, 8 
1718974690099.00, 0, -598596, 8 
1718974690119.00, 0, -598597, 8 
1718974690141.00, 0, -598597, 8 
1718974690162.00, 0, -598598, 8 
1718974690183.00, 0, -598598, 8 
1718974690204.00, 0, -598597, 8 
1718974690225.00, 0, -598598, 8 
1718974690246.00, 0, -598598, 8 
1718974690267.00, 0, -598597, 8 
1718974690288.00, 0, -598597, 8 
1718974690309.00, 0, -598597, 8 
1718974690330.00, 0, -598598, 8 
1718974690351.00, 0, -598597, 7 
1718974690371.00, 0, -598597, 7 
1718974690393.00, 0, -598598, 7 
1718974690414.00, 0, -598597, 7 
1718974690435.00, 0, -598597, 7 
1718974690456.00, 0, -598598, 7 
1718974690484.00, 0, -598597, 7 
1718974690498.00, 0, -598597, 7 
1718974690520.00, 0, -598597, 7 
1718974690540.00, 0, -598596, 7 
1718974690562.00, 0, -598596, 6 
1718974690583.00, 0, -598598, 7 
1718974690603.00, 0, -598596, 7 
1718974690624.00, 0, -598598, 6 
1718974690645.00, 0, -598597, 6 
1718974690667.00, 0, -598596, 7 
1718974690691.00, 0, -598597, 7 
1718974690709.00, 0, -598597, 6 
1718974690730.00, 0, -598597, 6 
1718974690751.00, 0, -598598, 7 
1718974690771.00, 0, -598597, 7 
1718974690796.00, 0, -598597, 7 
1718974690813.00, 0, -598597, 6 
1718974690834.00, 0, -598597, 6 
1718974690855.00, 0, -598596, 7 
1718974690876.00, 0, -598597, 6 
1718974690898.00, 0, -598596, 6 
1718974690919.00, 0, -598597, 6 
1718974690940.00, 0, -598598, 6 
1718974690961.00, 0, -598597, 6 
1718974690982.00, 0, -598598, 6 
1718974691003.00, 0, -598598, 6 
1718974691024.00, 0, -598597, 6 
1718974691045.00, 0, -598598, 6 
1718974691066.00, 0, -598598, 6 
1718974691087.00, 0, -598598, 6 
1718974691108.00, 0, -598597, 6 
1718974691134.00, 0, -598598, 6 
1718974691150.00, 0, -598598, 6 
1718974691171.00, 0, -598597, 6 
1718974691192.00, 0, -598597, 5 
1718974691213.00, 0, -598597, 5 
1718974691234.00, 0, -598597, 5 
1718974691255.00, 0, -598597, 5 
1718974691276.00, 0, -598597, 5 
1718974691297.00, 0, -598598, 5 
1718974691318.00, 0, -598597, 5 
1718974691339.00, 0, -598597, 5 
1718974691360.00, 0, -598597, 5 
1718974691381.00, 0, -598598, 5 
1718974691402.00, 0, -598598, 5 
1718974691424.00, 0, -598596, 5 
1718974691444.00, 0, -598597, 5 
1718974691466.00, 0, -598597, 6 
1718974691487.00, 0, -598597, 6 
1718974691508.00, 0, -598597, 6 
1718974691528.00, 0, -598597, 6 
1718974691549.00, 0, -598597, 6 
1718974691571.00, 0, -598597, 7 
1718974691591.00, 0, -598596, 7 
1718974691612.00, 0, -598597, 7 
1718974691633.00, 0, -598597, 6 
1718974691654.00, 0, -598597, 7 
1718974691676.00, 0, -598597, 7 
1718974691697.00, 0, -598597, 7 
1718974691718.00, 0, -598597, 7 
1718974691739.00, 0, -598598, 7 
1718974691760.00, 0, -598598, 8 
1718974691781.00, 0, -598598, 8 
1718974691802.00, 0, -598597, 8 
1718974691823.00, 0, -598597, 8 
1718974691844.00, 0, -598598, 8 
1718974691865.00, 0, -598597, 9 
1718974691886.00, 0, -598598, 9 
1718974691907.00, 0, -598596, 8 
1718974691928.00, 0, -598597, 8 
1718974691949.00, 0, -598597, 8 
1718974691970.00, 0, -598598, 8 
1718974691991.00, 0, -598596, 8 
1718974692014.00, 0, -598598, 8 
1718974692033.00, 0, -598597, 8 
1718974692054.00, 0, -598597, 8 
1718974692075.00, 0, -598596, 8 
1718974692096.00, 0, -598598, 8 
1718974692119.00, 0, -598597, 8 
1718974692139.00, 0, -598597, 8 
1718974692159.00, 0, -598598, 8 
1718974692180.00, 0, -598596, 8 
1718974692202.00, 0, -598596, 8 
1718974692222.00, 0, -598598, 8 
1718974692244.00, 0, -598597, 8 
1718974692265.00, 0, -598597, 8 
1718974692285.00, 0, -598598, 8 
1718974692307.00, 0, -598597, 8 
1718974692327.00, 0, -598597, 8 
1718974692348.00, 0, -598598, 8 
1718974692370.00, 0, -598598, 8 
1718974692391.00, 0, -598597, 8 
1718974692411.00, 0, -598596, 8 
1718974692433.00, 0, -598597, 8 
1718974692453.00, 0, -598597, 9 
1718974692474.00, 0, -598596, 9 
1718974692496.00, 0, -598597, 9 
1718974692517.00, 0, -598597, 8 
1718974692538.00, 0, -598597, 8 
1718974692559.00, 0, -598596, 8 
1718974692580.00, 0, -598597, 8 
1718974692601.00, 0, -598597, 8 
1718974692622.00, 0, -598596, 8 
1718974692643.00, 0, -598597, 7 
1718974692664.00, 0, -598597, 7 
1718974692685.00, 0, -598597, 7 
1718974692706.00, 0, -598597, 7 
1718974692727.00, 0, -598597, 7 
1718974692748.00, 0, -598597, 6 
1718974692770.00, 0, -598596, 6 
1718974692790.00, 0, -598596, 6 
1718974692811.00, 0, -598598, 6 
1718974692832.00, 0, -598597, 5 
1718974692853.00, 0, -598597, 5 
1718974692879.00, 0, -598598, 5 
1718974692895.00, 0, -598598, 5 
1718974692916.00, 0, -598597, 4 
1718974692937.00, 0, -598598, 4 
1718974692959.00, 0, -598597, 4 
1718974692979.00, 0, -598598, 4 
1718974693000.00, 0, -598597, 4 
1718974693021.00, 0, -598596, 4 
1718974693043.00, 0, -598598, 4 
1718974693063.00, 0, -598597, 4 
1718974693084.00, 0, -598598, 4 
1718974693105.00, 0, -598598, 3 
1718974693126.00, 0, -598597, 4 
1718974693147.00, 0, -598597, 4 
1718974693169.00, 0, -598597, 4 
1718974693190.00, 0, -598597, 4 
1718974693211.00, 0, -598598, 4 
1718974693232.00, 0, -598598, 4 
1718974693253.00, 0, -598597, 4 
1718974693274.00, 0, -598598, 3 
1718974693294.00, 0, -598598, 4 
1718974693316.00, 0, -598597, 4 
1718974693337.00, 0, -598597, 4 
1718974693358.00, 0, -598598, 4 
1718974693379.00, 0, -598597, 4 
1718974693400.00, 0, -598597, 4 
1718974693424.00, 0, -598597, 4 
1718974693443.00, 0, -598597, 3 
1718974693464.00, 0, -598596, 3 
1718974693486.00, 0, -598597, 4 
1718974693506.00, 0, -598597, 4 
1718974693526.00, 0, -598597, 3 
1718974693548.00, 0, -598598, 3 
1718974693569.00, 0, -598598, 4 
1718974693590.00, 0, -598597, 4 
1718974693611.00, 0, -598597, 4 
1718974693632.00, 0, -598597, 5 
1718974693652.00, 0, -598597, 5 
1718974693674.00, 0, -598596, 6 
1718974693695.00, 0, -598597, 6 
1718974693716.00, 0, -598598, 6 
1718974693737.00, 0, -598598, 6 
1718974693758.00, 0, -598597, 6 
1718974693778.00, 0, -598597, 6 
1718974693800.00, 0, -598597, 6 
1718974693821.00, 0, -598596, 7 
1718974693842.00, 0, -598598, 7 
1718974693863.00, 0, -598597, 6 
1718974693884.00, 0, -598596, 6 
1718974693904.00, 0, -598597, 6 
1718974693926.00, 0, -598598, 7 
1718974693947.00, 0, -598596, 9 
1718974693973.00, 0, -598596, 13 
1718974693990.00, 957, -598596, 21 
1718974694011.00, 1955, -598587, 32 
1718974694033.00, 3230, -598542, 48 
1718974694054.00, 4789, -598468, 82 
1718974694083.00, 7804, -598359, 186 
1718974694098.00, 15907, -598184, 212 
1718974694119.00, 22600, -597834, 292 
1718974694141.00, 30822, -597347, 386 
1718974694162.00, 41836, -596689, 358 
1718974694184.00, 46419, -595793, 523 
1718974694205.00, 55961, -594786, 543 
1718974694228.00, 61484, -593573, 586 
1718974694249.00, 64668, -592249, 654 
1718974694270.00, 65676, -590840, 664 
1718974694291.00, 65524, -589411, 712 
1718974694314.00, 65644, -587996, 752 
1718974694335.00, 65417, -586569, 784 
1718974694357.00, 65354, -585150, 810 
1718974694379.00, 65466, -583728, 828 
1718974694400.00, 65451, -582312, 847 
1718974694421.00, 65510, -580891, 859 
1718974694444.00, 65463, -579472, 899 
1718974694465.00, 65449, -578052, 918 
1718974694486.00, 65425, -576630, 937 
1718974694508.00, 65337, -575211, 953 
1718974694533.00, 65313, -573788, 970 
1718974694552.00, 65598, -572373, 988 
1718974694573.00, 65620, -570953, 997 
1718974694595.00, 65460, -569541, 1019 
1718974694616.00, 65449, -568113, 1010 
1718974694643.00, 65543, -566685, 1017 
1718974694660.00, 65712, -565262, 1012 
1718974694682.00, 65533, -563835, 1008 
1718974694704.00, 65662, -562415, 1001 
1718974694725.00, 65620, -560988, 992 
1718974694747.00, 65436, -559569, 1007 
1718974694769.00, 65491, -558140, 992 
1718974694790.00, 65563, -556722, 991 
1718974694812.00, 65496, -555311, 991 
1718974694834.00, 65586, -553886, 1004 
1718974694855.00, 65487, -552464, 1024 
1718974694877.00, 65439, -551033, 1036 
1718974694899.00, 65531, -549609, 1051 
1718974694920.00, 65553, -548185, 1053 
1718974694942.00, 65583, -546755, 1086 
1718974694963.00, 65456, -545330, 1106 
1718974694986.00, 65521, -543900, 1119 
1718974695007.00, 65595, -542475, 1146 
1718974695029.00, 65733, -541045, 1172 
1718974695051.00, 65622, -539626, 1181 
1718974695076.00, 65559, -538194, 1190 
1718974695094.00, 65398, -536773, 1215 
1718974695116.00, 65572, -535345, 1232 
1718974695138.00, 65500, -533914, 1239 
1718974695159.00, 65359, -532489, 1250 
1718974695181.00, 65463, -531061, 1253 
1718974695203.00, 65624, -529641, 1273 
1718974695225.00, 65416, -528217, 1268 
1718974695246.00, 65433, -526793, 1274 
1718974695268.00, 65374, -525367, 1285 
1718974695290.00, 65650, -523938, 1302 
1718974695311.00, 65411, -522525, 1301 
1718974695333.00, 65282, -521090, 1309 
1718974695355.00, 65266, -519670, 1330 
1718974695376.00, 65493, -518246, 1335 
1718974695399.00, 65524, -516822, 1327 
1718974695420.00, 65466, -515394, 1312 
1718974695442.00, 65395, -513966, 1306 
1718974695464.00, 65358, -512542, 1314 
1718974695485.00, 65651, -511118, 1330 
1718974695509.00, 65462, -509697, 1335 
1718974695528.00, 65510, -508271, 1334 
1718974695551.00, 65619, -506841, 1330 
1718974695573.00, 65685, -505417, 1331 
1718974695594.00, 65366, -503994, 1343 
1718974695616.00, 65439, -502562, 1360 
1718974695638.00, 65501, -501134, 1389 
1718974695659.00, 65643, -499708, 1411 
1718974695681.00, 65532, -498282, 1404 
1718974695703.00, 65528, -496862, 1429 
1718974695728.00, 65571, -495430, 1442 
1718974695746.00, 65756, -494006, 1462 
1718974695768.00, 65586, -492577, 1480 
1718974695790.00, 65525, -491146, 1476 
1718974695811.00, 65466, -489730, 1486 
1718974695833.00, 65657, -488295, 1488 
1718974695855.00, 65521, -486873, 1511 
1718974695877.00, 65404, -485448, 1506 
1718974695898.00, 65289, -484019, 1520 
1718974695920.00, 65448, -482589, 1502 
1718974695946.00, 65395, -481168, 1512 
1718974695963.00, 65326, -479746, 1513 
1718974695985.00, 65396, -478323, 1528 
1718974696007.00, 65450, -476901, 1550 
1718974696029.00, 65574, -475472, 1541 
1718974696054.00, 65415, -474050, 1570 
1718974696072.00, 65327, -472625, 1551 
1718974696093.00, 65242, -471199, 1520 
1718974696115.00, 65495, -469778, 1474 
1718974696137.00, 65610, -468352, 1445 
1718974696163.00, 65478, -466932, 1456 
1718974696180.00, 65490, -465508, 1414 
1718974696203.00, 65727, -464083, 1430 
1718974696224.00, 65551, -462654, 1417 
1718974696246.00, 65479, -461231, 1431 
1718974696272.00, 65455, -459806, 1408 
1718974696290.00, 65627, -458373, 1409 
1718974696311.00, 65440, -456959, 1400 
1718974696333.00, 65387, -455529, 1412 
1718974696354.00, 65364, -454109, 1422 
1718974696377.00, 65535, -452684, 1414 
1718974696397.00, 65484, -451256, 1444 
1718974696420.00, 65329, -449830, 1454 
1718974696441.00, 65392, -448402, 1441 
1718974696463.00, 65745, -446983, 1458 
1718974696486.00, 65497, -445555, 1478 
1718974696506.00, 65514, -444128, 1511 
1718974696528.00, 65594, -442703, 1533 
1718974696550.00, 65416, -441276, 1550 
1718974696572.00, 65674, -439851, 1549 
1718974696598.00, 65476, -438423, 1562 
1718974696615.00, 65475, -437000, 1553 
1718974696637.00, 65507, -435573, 1550 
1718974696658.00, 65567, -434151, 1516 
1718974696680.00, 65489, -432727, 1484 
1718974696702.00, 65386, -431309, 1475 
1718974696724.00, 37095, -429894, 1392 
1718974696746.00, 19967, -429062, 1367 
1718974696767.00, 9909, -428609, 1307 
1718974696789.00, 4184, -428383, 1321 
1718974696810.00, 734, -428292, 1287 
1718974696832.00, -292, -428276, 1181 
1718974696853.00, -1603, -428283, 1019 
1718974696875.00, -2667, -428317, 889 
1718974696896.00, -3573, -428377, 685 
1718974696918.00, -3724, -428455, 469 
1718974696939.00, -3692, -428546, 289 
1718974696960.00, -3635, -428634, 162 
1718974696982.00, -3626, -428722, 33 
1718974697003.00, -3428, -428820, -111 
1718974697026.00, -10071, -428907, -230 
1718974697047.00, -21101, -429134, -480 
1718974697068.00, -41785, -429583, -532 
1718974697090.00, -54154, -430470, -619 
1718974697112.00, -61533, -431645, -672 
1718974697134.00, -65719, -432971, -708 
1718974697155.00, -65508, -434403, -726 
1718974697177.00, -65497, -435824, -727 
1718974697199.00, -65621, -437244, -731 
1718974697220.00, -65652, -438666, -742 
1718974697242.00, -65541, -440081, -754 
1718974697263.00, -65602, -441506, -758 
1718974697285.00, -65673, -442922, -734 
1718974697307.00, -65548, -444349, -743 
1718974697328.00, -65605, -445767, -769 
1718974697350.00, -65524, -447182, -775 
1718974697371.00, -65506, -448598, -769 
1718974697393.00, -65417, -450016, -759 
1718974697415.00, -65462, -451452, -764 
1718974697436.00, -65425, -452862, -753 
1718974697458.00, -65495, -454284, -759 
1718974697479.00, -65643, -455695, -749 
1718974697501.00, -65632, -457115, -763 
1718974697523.00, -65519, -458538, -768 
1718974697544.00, -65514, -459960, -763 
1718974697566.00, -65501, -461383, -763 
1718974697588.00, -65588, -462797, -776 
1718974697610.00, -65536, -464219, -777 
1718974697631.00, -65507, -465629, -781 
1718974697653.00, -65407, -467060, -781 
1718974697674.00, -65425, -468483, -789 
1718974697701.00, -65272, -469896, -780 
1718974697718.00, -65335, -471321, -780 
1718974697739.00, -65541, -472728, -783 
1718974697761.00, -65518, -474154, -802 
1718974697783.00, -65379, -475573, -812 
1718974697804.00, -65354, -476999, -801 
1718974697826.00, -65582, -478416, -801 
1718974697848.00, -65543, -479826, -804 
1718974697869.00, -65473, -481248, -825 
1718974697890.00, -65332, -482663, -812 
1718974697912.00, -65509, -484094, -816 
1718974697934.00, -65561, -485506, -818 
1718974697956.00, -65567, -486932, -833 
1718974697977.00, -65526, -488347, -849 
1718974697998.00, -65544, -489762, -841 
1718974698022.00, -65534, -491189, -851 
1718974698042.00, -65409, -492610, -850 
1718974698064.00, -65395, -494036, -862 
1718974698086.00, -65404, -495447, -859 
1718974698107.00, -65389, -496869, -870 
1718974698136.00, -65448, -498280, -883 
1718974698151.00, -65491, -499708, -879 
1718974698172.00, -65524, -501133, -897 
1718974698193.00, -65503, -502550, -902 
1718974698215.00, -65506, -503978, -913 
1718974698239.00, -65471, -505380, -898 
1718974698259.00, -65521, -506809, -913 
1718974698283.00, -65535, -508231, -931 
1718974698302.00, -65518, -509658, -938 
1718974698323.00, -65459, -511075, -933 
1718974698346.00, -65492, -512487, -933 
1718974698366.00, -65430, -513908, -955 
1718974698389.00, -65490, -515327, -935 
1718974698410.00, -65518, -516757, -937 
1718974698432.00, -65541, -518170, -939 
1718974698454.00, -65578, -519594, -937 
1718974698475.00, -65479, -521004, -944 
1718974698497.00, -65426, -522429, -937 
1718974698518.00, -65469, -523850, -951 
1718974698540.00, -65626, -525269, -942 
1718974698561.00, -65566, -526692, -955 
1718974698583.00, -65389, -528104, -959 
1718974698605.00, -65572, -529529, -976 
1718974698626.00, -65661, -530940, -977 
1718974698648.00, -65548, -532367, -974 
1718974698671.00, -65515, -533791, -986 
1718974698691.00, -65562, -535212, -989 
1718974698713.00, -65701, -536639, -1005 
1718974698735.00, -65502, -538052, -1011 
1718974698757.00, -65558, -539481, -1025 
1718974698779.00, -65678, -540906, -1021 
1718974698800.00, -65614, -542336, -1029 
1718974698821.00, -65457, -543765, -1040 
1718974698843.00, -65459, -545179, -1030 
1718974698865.00, -65503, -546608, -1043 
1718974698890.00, -65565, -548029, -1038 
1718974698909.00, -65537, -549468, -1058 
1718974698930.00, -65499, -550885, -1064 
1718974698952.00, -65431, -552320, -1046 
1718974698974.00, -65444, -553733, -1052 
1718974698996.00, -65481, -555161, -1042 
1718974699017.00, -65375, -556581, -1036 
1718974699041.00, -65389, -558005, -1031 
1718974699061.00, -65528, -559437, -1039 
1718974699083.00, -65429, -560853, -1020 
1718974699104.00, -65405, -562282, -1008 
1718974699125.00, -65379, -563696, -990 
1718974699147.00, -65467, -565117, -993 
1718974699169.00, -65489, -566539, -984 
1718974699190.00, -65524, -567958, -972 
1718974699213.00, -65346, -569379, -981 
1718974699234.00, -65396, -570792, -968 
1718974699255.00, -65420, -572208, -959 
1718974699277.00, -65364, -573625, -931 
1718974699299.00, -65349, -575050, -910 
1718974699320.00, -65378, -576460, -886 
1718974699342.00, -65394, -577876, -868 
1718974699364.00, -65206, -579289, -868 
1718974699385.00, -65189, -580702, -828 
1718974699407.00, -65386, -582128, -809 
1718974699429.00, -65438, -583533, -785 
1718974699451.00, -65474, -584952, -751 
1718974699472.00, -65302, -586368, -714 
1718974699494.00, -65389, -587779, -673 
1718974699515.00, -65296, -589195, -634 
1718974699536.00, -65276, -590603, -550 
1718974699559.00, -65258, -592020, -487 
1718974699580.00, -65175, -593429, -420 
1718974699602.00, -36785, -594828, -330 
1718974699623.00, -20184, -595655, -285 
1718974699645.00, -10202, -596105, -271 
1718974699667.00, -4389, -596330, -226 
1718974699689.00, -985, -596433, -246 
1718974699710.00, 247, -596457, -218 
1718974699732.00, 1636, -596453, -150 
1718974699752.00, 2598, -596418, -65 
1718974699777.00, 3042, -596356, 45 
1718974699796.00, 6028, -596269, 196 
1718974699818.00, 17118, -596137, 374 
1718974699839.00, 33936, -595770, 605 
1718974699861.00, 49870, -595050, 660 
1718974699885.00, 59344, -593979, 749 
1718974699904.00, 64624, -592688, 896 
1718974699926.00, 65692, -591287, 907 
1718974699948.00, 65532, -589855, 955 
1718974699969.00, 65516, -588442, 986 
1718974699991.00, 65500, -587019, 992 
1718974700012.00, 65552, -585599, 1029 
1718974700034.00, 65468, -584171, 997 
1718974700055.00, 65413, -582751, 1026 
1718974700078.00, 65468, -581329, 1009 
1718974700100.00, 65499, -579899, 1024 
1718974700120.00, 65453, -578482, 1037 
1718974700143.00, 65387, -577053, 1033 
1718974700165.00, 65340, -575639, 1051 
1718974700186.00, 65443, -574207, 1051 
1718974700208.00, 65392, -572780, 1077 
1718974700229.00, 65453, -571357, 1065 
1718974700251.00, 65489, -569929, 1079 
1718974700273.00, 65607, -568511, 1084 
1718974700295.00, 65511, -567081, 1083 
1718974700318.00, 65509, -565656, 1077 
1718974700339.00, 65437, -564229, 1090 
1718974700361.00, 65613, -562808, 1078 
1718974700382.00, 65519, -561383, 1061 
1718974700403.00, 65369, -559956, 1075 
1718974700428.00, 65349, -558536, 1070 
1718974700446.00, 65502, -557105, 1054 
1718974700469.00, 65637, -555689, 1071 
1718974700490.00, 65396, -554262, 1088 
1718974700512.00, 65402, -552837, 1094 
1718974700535.00, 65467, -551412, 1093 
1718974700556.00, 65623, -549985, 1110 
1718974700577.00, 65417, -548561, 1107 
1718974700599.00, 65608, -547132, 1137 
1718974700620.00, 65606, -545708, 1174 
1718974700642.00, 65690, -544274, 1187 
1718974700664.00, 65341, -542853, 1200 
1718974700685.00, 65309, -541423, 1190 
1718974700708.00, 65390, -539998, 1209 
1718974700729.00, 65688, -538578, 1225 
1718974700751.00, 65353, -537154, 1245 
1718974700773.00, 65440, -535731, 1222 
1718974700794.00, 65482, -534301, 1235 
1718974700816.00, 65796, -532873, 1244 
1718974700837.00, 65542, -531446, 1245 
1718974700860.00, 65645, -530026, 1244 
1718974700881.00, 65566, -528598, 1261 
1718974700903.00, 65594, -527169, 1263 
1718974700924.00, 65574, -525750, 1244 
1718974700946.00, 65434, -524320, 1245 
1718974700972.00, 65467, -522901, 1248 
1718974700990.00, 65579, -521474, 1243 
1718974701012.00, 65494, -520052, 1252 
1718974701034.00, 65464, -518621, 1255 
1718974701055.00, 65423, -517197, 1237 
1718974701077.00, 65456, -515768, 1249 
1718974701098.00, 65608, -514343, 1264 
1718974701120.00, 65426, -512920, 1277 
1718974701142.00, 65491, -511496, 1279 
1718974701163.00, 65508, -510077, 1276 
1718974701185.00, 65739, -508644, 1280 
1718974701207.00, 65598, -507219, 1298 
1718974701229.00, 65480, -505791, 1300 
1718974701251.00, 65462, -504363, 1314 
1718974701272.00, 65549, -502940, 1336 
1718974701294.00, 65524, -501515, 1313 
1718974701316.00, 65410, -500091, 1319 
1718974701338.00, 65492, -498658, 1332 
1718974701359.00, 65707, -497238, 1348 
1718974701381.00, 65423, -495807, 1356 
1718974701403.00, 65357, -494386, 1358 
1718974701425.00, 65370, -492958, 1357 
1718974701446.00, 65694, -491531, 1372 
1718974701468.00, 65502, -490114, 1393 
1718974701489.00, 65338, -488685, 1394 
1718974701512.00, 65293, -487263, 1394 
1718974701533.00, 65531, -485839, 1398 
1718974701555.00, 65573, -484412, 1398 
1718974701577.00, 65411, -482983, 1413 
1718974701599.00, 65393, -481556, 1424 
1718974701620.00, 65296, -480135, 1449 
1718974701642.00, 65541, -478709, 1432 
1718974701663.00, 65448, -477292, 1443 
1718974701685.00, 65541, -475862, 1448 
1718974701707.00, 65490, -474431, 1475 
1718974701729.00, 65622, -473013, 1467 
1718974701750.00, 65341, -471583, 1446 
1718974701772.00, 65391, -470160, 1454 
1718974701794.00, 65600, -468735, 1460 
1718974701815.00, 65683, -467313, 1463 
1718974701837.00, 65559, -465886, 1437 
1718974701859.00, 65430, -464457, 1442 
1718974701880.00, 65508, -463030, 1473 
1718974701902.00, 65744, -461606, 1498 
1718974701924.00, 65518, -460185, 1482 
1718974701946.00, 65498, -458757, 1445 
1718974701967.00, 65464, -457334, 1475 
1718974701989.00, 65608, -455914, 1470 
1718974702011.00, 65505, -454487, 1481 
1718974702032.00, 65550, -453065, 1468 
1718974702054.00, 65321, -451631, 1479 
1718974702077.00, 65506, -450203, 1488 
1718974702098.00, 65440, -448776, 1500 
1718974702120.00, 65320, -447357, 1506 
1718974702142.00, 65320, -445928, 1492 
1718974702163.00, 65353, -444517, 1488 
1718974702185.00, 65503, -443091, 1455 
1718974702207.00, 65341, -441666, 1427 
1718974702228.00, 65267, -440249, 1386 
1718974702250.00, 65332, -438825, 1337 
1718974702271.00, 65343, -437407, 1299 
1718974702293.00, 65243, -435988, 1224 
1718974702315.00, 65183, -434571, 1142 
1718974702336.00, 65362, -433156, 1013 
1718974702358.00, 65380, -431743, 904 
1718974702380.00, 36987, -430333, 863 
1718974702402.00, 20113, -429509, 824 
1718974702423.00, 10486, -429057, 759 
1718974702444.00, 4495, -428826, 707 
1718974702467.00, 998, -428727, 663 
1718974702488.00, -374, -428708, 559 
1718974702509.00, -1829, -428718, 394 
1718974702531.00, -2823, -428763, 216 
1718974702552.00, -3220, -428832, 74 
1718974702574.00, -3270, -428921, -61 
1718974702596.00, -7389, -429004, -179 
1718974702619.00, -16701, -429174, -450 
1718974702639.00, -38492, -429532, -608 
1718974702660.00, -52520, -430339, -701 
1718974702682.00, -60556, -431471, -784 
1718974702703.00, -65314, -432782, -841 
1718974702728.00, -65614, -434203, -871 
1718974702746.00, -65414, -435633, -913 
1718974702768.00, -65435, -437052, -919 
1718974702790.00, -65549, -438475, -908 
1718974702811.00, -65441, -439886, -898 
1718974702836.00, -65566, -441306, -909 
1718974702855.00, -65606, -442726, -914 
1718974702876.00, -65605, -444148, -917 
1718974702897.00, -65568, -445570, -893 
1718974702920.00, -65475, -446983, -882 
1718974702942.00, -65622, -448398, -887 
1718974702962.00, -65769, -449819, -878 
1718974702985.00, -65516, -451247, -867 
1718974703006.00, -65566, -452660, -864 
1718974703028.00, -65544, -454084, -872 
1718974703052.00, -65577, -455499, -881 
1718974703071.00, -65392, -456913, -873 
1718974703092.00, -65351, -458339, -865 
1718974703115.00, -65584, -459758, -869 
1718974703135.00, -65657, -461179, -893 
1718974703161.00, -65391, -462593, -905 
1718974703179.00, -65455, -464015, -895 
1718974703201.00, -65611, -465425, -903 
1718974703223.00, -65552, -466851, -900 
1718974703244.00, -65465, -468274, -900 
1718974703268.00, -65415, -469690, -891 
1718974703288.00, -65549, -471119, -906 
1718974703309.00, -65493, -472528, -923 
1718974703330.00, -65419, -473950, -921 
1718974703352.00, -65396, -475368, -924 
1718974703374.00, -65408, -476790, -914 
1718974703395.00, -65455, -478210, -912 
1718974703417.00, -65417, -479620, -890 
1718974703439.00, -65374, -481038, -884 
1718974703461.00, -65400, -482453, -878 
1718974703482.00, -65310, -483884, -896 
1718974703503.00, -65410, -485299, -906 
1718974703525.00, -65415, -486717, -922 
1718974703547.00, -65591, -488139, -935 
1718974703569.00, -65459, -489552, -925 
1718974703592.00, -65461, -490978, -947 
1718974703612.00, -65487, -492399, -963 
1718974703634.00, -65700, -493822, -979 
1718974703655.00, -65515, -495236, -986 
1718974703677.00, -65610, -496656, -953 
1718974703698.00, -65404, -498072, -976 
1718974703720.00, -65409, -499493, -974 
1718974703742.00, -65442, -500921, -978 
1718974703763.00, -65356, -502340, -961 
1718974703785.00, -65465, -503763, -977 
1718974703807.00, -65551, -505172, -981 
1718974703828.00, -65539, -506593, -972 
1718974703850.00, -65381, -508015, -987 
1718974703871.00, -65349, -509442, -981 
1718974703893.00, -65506, -510858, -994 
1718974703915.00, -65595, -512273, -977 
1718974703936.00, -65498, -513690, -990 
1718974703958.00, -65385, -515108, -990 
1718974703980.00, -65651, -516539, -998 
1718974704002.00, -65476, -517954, -985 
1718974704023.00, -65506, -519379, -989 
1718974704045.00, -65545, -520789, -994 
1718974704066.00, -65591, -522205, -995 
1718974704088.00, -65671, -523635, -1004 
1718974704110.00, -65577, -525057, -994 
1718974704131.00, -65703, -526483, -1008 
1718974704153.00, -65545, -527907, -1028 
1718974704175.00, -65662, -529335, -1051 
1718974704196.00, -65539, -530751, -1090 
1718974704220.00, -65480, -532182, -1063 
1718974704240.00, -65379, -533619, -1095 
1718974704263.00, -65485, -535040, -1085 
1718974704284.00, -65529, -536469, -1092 
1718974704305.00, -65371, -537886, -1093 
1718974704327.00, -65429, -539310, -1086 
1718974704349.00, -65488, -540735, -1069 
1718974704370.00, -65542, -542166, -1054 
1718974704392.00, -65421, -543585, -1047 
1718974704414.00, -65606, -545003, -1029 
1718974704436.00, -65643, -546434, -1027 
1718974704457.00, -65533, -547855, -987 
1718974704478.00, -65498, -549284, -972 
1718974704501.00, -65546, -550694, -930 
1718974704522.00, -65657, -552114, -902 
1718974704544.00, -65648, -553528, -886 
1718974704565.00, -65415, -554943, -865 
1718974704587.00, -65419, -556365, -874 
1718974704608.00, -65450, -557781, -856 
1718974704630.00, -65496, -559209, -862 
1718974704651.00, -65425, -560620, -843 
1718974704674.00, -65430, -562042, -841 
1718974704697.00, -65579, -563446, -842 
1718974704717.00, -65559, -564869, -829 
1718974704739.00, -65380, -566298, -832 
1718974704760.00, -65374, -567714, -820 
1718974704782.00, -65510, -569138, -840 
1718974704804.00, -65508, -570544, -811 
1718974704826.00, -65508, -571959, -777 
1718974704846.00, -65375, -573382, -753 
1718974704868.00, -65484, -574802, -717 
1718974704890.00, -65467, -576220, -690 
1718974704912.00, -65462, -577629, -665 
1718974704934.00, -65477, -579050, -660 
1718974704955.00, -65423, -580462, -627 
1718974704977.00, -65410, -581887, -615 
1718974704998.00, -65322, -583301, -593 
1718974705020.00, -65408, -584716, -567 
1718974705042.00, -65223, -586135, -561 
1718974705063.00, -65144, -587547, -539 
1718974705085.00, -65406, -588963, -514 
1718974705106.00, -65444, -590374, -489 
1718974705129.00, -65439, -591799, -467 
1718974705149.00, -65353, -593212, -434 
1718974705171.00, -37276, -594614, -386 
1718974705192.00, -20397, -595441, -353 
1718974705215.00, -10149, -595896, -301 
1718974705237.00, -4381, -596125, -232 
1718974705258.00, -924, -596218, -201 
1718974705279.00, 360, -596238, -146 
1718974705301.00, 1612, -596232, -65 
1718974705322.00, 2578, -596201, 14 
1718974705346.00, 3883, -596136, 154 
1718974705365.00, 12683, -596038, 302 
1718974705387.00, 27191, -595769, 335 
1718974705409.00, 37869, -595178, 581 
1718974705430.00, 52001, -594369, 606 
1718974705451.00, 60527, -593250, 606 
1718974705474.00, 65270, -591941, 696 
1718974705495.00, 65645, -590513, 748 
1718974705517.00, 65568, -589095, 781 
1718974705538.00, 65496, -587674, 784 
1718974705559.00, 65487, -586248, 805 
1718974705582.00, 65391, -584834, 817 
1718974705603.00, 65508, -583411, 807 
1718974705625.00, 65514, -581995, 809 
1718974705646.00, 65464, -580575, 800 
1718974705668.00, 65480, -579151, 831 
1718974705690.00, 65571, -577731, 816 
1718974705712.00, 65553, -576314, 824 
1718974705733.00, 65535, -574894, 820 
1718974705755.00, 65663, -573472, 841 
1718974705777.00, 65657, -572056, 855 
1718974705797.00, 65576, -570635, 825 
1718974705820.00, 65514, -569216, 850 
1718974705842.00, 65674, -567792, 863 
1718974705863.00, 65545, -566372, 893 
1718974705885.00, 65502, -564946, 890 
1718974705907.00, 65575, -563527, 885 
1718974705928.00, 65656, -562111, 914 
1718974705950.00, 65439, -560686, 916 
1718974705971.00, 65425, -559271, 947 
1718974705993.00, 65534, -557847, 945 
1718974706014.00, 65483, -556429, 951 
1718974706036.00, 65524, -555011, 945 
1718974706058.00, 65548, -553586, 960 
1718974706079.00, 65522, -552172, 964 
1718974706101.00, 65552, -550748, 975 
1718974706123.00, 65294, -549330, 993 
1718974706144.00, 65288, -547905, 982 
1718974706166.00, 65442, -546495, 983 
1718974706188.00, 65609, -545072, 990 
1718974706209.00, 65365, -543650, 1009 
1718974706231.00, 65432, -542228, 994 
1718974706252.00, 65450, -540808, 996 
1718974706274.00, 65615, -539391, 1006 
1718974706296.00, 65570, -537966, 1028 
1718974706318.00, 65505, -536538, 1050 
1718974706342.00, 65579, -535112, 1054 
1718974706361.00, 65568, -533683, 1065 
1718974706383.00, 65571, -532254, 1079 
1718974706405.00, 65457, -530827, 1080 
1718974706427.00, 65502, -529408, 1079 
1718974706448.00, 65543, -527977, 1081 
1718974706470.00, 65428, -526560, 1077 
1718974706492.00, 65401, -525124, 1077 
1718974706513.00, 65439, -523701, 1110 
1718974706535.00, 65490, -522276, 1109 
1718974706557.00, 65667, -520845, 1118 
1718974706578.00, 65466, -519428, 1132 
1718974706600.00, 65506, -517998, 1115 
1718974706622.00, 65556, -516570, 1129 
1718974706643.00, 65729, -515144, 1140 
1718974706665.00, 65660, -513715, 1158 
1718974706687.00, 65486, -512290, 1151 
1718974706708.00, 65437, -510865, 1164 
1718974706731.00, 65618, -509439, 1173 
1718974706752.00, 65516, -508012, 1185 
1718974706774.00, 65334, -506593, 1185 
1718974706795.00, 65385, -505162, 1146 
1718974706818.00, 65535, -503742, 1149 
1718974706839.00, 65386, -502320, 1137 
1718974706861.00, 65343, -500890, 1140 
1718974706883.00, 65348, -499464, 1143 
1718974706905.00, 65553, -498040, 1145 
1718974706926.00, 65462, -496620, 1146 
1718974706948.00, 65345, -495188, 1166 
1718974706969.00, 65413, -493773, 1195 
1718974706991.00, 65679, -492335, 1224 
1718974707013.00, 65490, -490912, 1247 
1718974707035.00, 65475, -489485, 1270 
1718974707057.00, 65421, -488056, 1287 
1718974707078.00, 65401, -486632, 1295 
1718974707100.00, 65626, -485210, 1289 
1718974707122.00, 65436, -483782, 1315 
1718974707144.00, 65554, -482354, 1335 
1718974707165.00, 65694, -480931, 1348 
1718974707186.00, 65599, -479501, 1375 
1718974707208.00, 65427, -478070, 1403 
1718974707230.00, 65433, -476648, 1413 
1718974707252.00, 65630, -475218, 1418 
1718974707274.00, 65674, -473797, 1423 
1718974707296.00, 65510, -472377, 1411 
1718974707327.00, 65394, -470950, 1413 
1718974707339.00, 65420, -469525, 1398 
1718974707361.00, 65536, -468096, 1389 
1718974707383.00, 65503, -466676, 1345 
1718974707404.00, 65386, -465248, 1316 
1718974707428.00, 65352, -463824, 1311 
1718974707447.00, 65581, -462397, 1318 
1718974707469.00, 65610, -460980, 1348 
1718974707491.00, 65508, -459551, 1366 
1718974707513.00, 65411, -458123, 1375 
1718974707535.00, 65618, -456697, 1383 
1718974707557.00, 65476, -455267, 1405 
1718974707578.00, 65457, -453851, 1414 
1718974707600.00, 65489, -452422, 1409 
1718974707621.00, 65551, -450995, 1425 
1718974707644.00, 65689, -449569, 1416 
1718974707665.00, 65483, -448141, 1453 
1718974707687.00, 65441, -446722, 1460 
1718974707709.00, 65465, -445288, 1475 
1718974707730.00, 65614, -443866, 1465 
1718974707754.00, 65575, -442440, 1446 
1718974707774.00, 65466, -441024, 1449 
1718974707795.00, 65527, -439599, 1424 
1718974707817.00, 65738, -438176, 1420 
1718974707839.00, 65566, -436748, 1396 
1718974707860.00, 65401, -435318, 1367 
1718974707882.00, 65408, -433903, 1317 
1718974707904.00, 65611, -432478, 1284 
1718974707926.00, 37326, -431071, 1228 
1718974707947.00, 20150, -430238, 1199 
1718974707969.00, 10140, -429782, 1174 
1718974707991.00, 4286, -429551, 1151 
1718974708012.00, 686, -429459, 1031 
1718974708034.00, -746, -429449, 821 
1718974708055.00, -2361, -429469, 504 
1718974708076.00, -3071, -429528, 239 
1718974708098.00, -3542, -429607, 53 
1718974708120.00, -3463, -429704, -117 
1718974708141.00, -10464, -429792, -240 
1718974708163.00, -22050, -430025, -459 
1718974708184.00, -41994, -430496, -528 
1718974708205.00, -54535, -431393, -601 
1718974708228.00, -61841, -432558, -630 
1718974708249.00, -65643, -433904, -667 
1718974708271.00, -65570, -435335, -678 
1718974708292.00, -65373, -436748, -679 
1718974708314.00, -65567, -438179, -703 
1718974708336.00, -65555, -439593, -712 
1718974708357.00, -65648, -441010, -721 
1718974708379.00, -65593, -442434, -706 
1718974708401.00, -65455, -443858, -724 
1718974708422.00, -65594, -445277, -733 
1718974708444.00, -65500, -446693, -718 
1718974708466.00, -65565, -448108, -698 
1718974708487.00, -65578, -449519, -690 
1718974708509.00, -65487, -450953, -703 
1718974708531.00, -65568, -452367, -685 
1718974708552.00, -65457, -453788, -652 
1718974708573.00, -65586, -455205, -655 
1718974708595.00, -65531, -456619, -662 
1718974708617.00, -65560, -458050, -665 
1718974708638.00, -65489, -459461, -661 
1718974708660.00, -65571, -460886, -672 
1718974708681.00, -65443, -462298, -676 
1718974708704.00, -65418, -463722, -686 
1718974708725.00, -65508, -465137, -686 
1718974708746.00, -65476, -466556, -675 
1718974708768.00, -65541, -467985, -672 
1718974708789.00, -65614, -469398, -675 
1718974708811.00, -65545, -470828, -702 
1718974708833.00, -65489, -472241, -691 
1718974708855.00, -65656, -473654, -698 
1718974708876.00, -65567, -475079, -712 
1718974708898.00, -65551, -476505, -710 
1718974708920.00, -65395, -477925, -715 
1718974708942.00, -65370, -479341, -696 
1718974708963.00, -65611, -480761, -696 
1718974708984.00, -65732, -482173, -706 
1718974709006.00, -65545, -483604, -721 
1718974709027.00, -65501, -485023, -733 
1718974709049.00, -65464, -486446, -732 
1718974709071.00, -65586, -487865, -742 
1718974709092.00, -65422, -489278, -726 
1718974709115.00, -65509, -490706, -741 
1718974709136.00, -65718, -492121, -722 
1718974709158.00, -65674, -493551, -739 
1718974709180.00, -65439, -494963, -752 
1718974709201.00, -65581, -496383, -739 
1718974709223.00, -65653, -497799, -754 
1718974709244.00, -65589, -499220, -769 
1718974709265.00, -65374, -500651, -777 
1718974709290.00, -65678, -502066, -750 
1718974709309.00, -65631, -503492, -751 
1718974709330.00, -65563, -504906, -777 
1718974709352.00, -65445, -506323, -776 
1718974709374.00, -65589, -507747, -771 
1718974709400.00, -65514, -509170, -758 
1718974709417.00, -65545, -510595, -794 
1718974709439.00, -65481, -512008, -797 
1718974709460.00, -65408, -513431, -771 
1718974709483.00, -65603, -514840, -770 
1718974709505.00, -65534, -516275, -794 
1718974709525.00, -65560, -517693, -799 
1718974709547.00, -65470, -519113, -790 
1718974709569.00, -65596, -520531, -802 
1718974709590.00, -65396, -521946, -785 
1718974709617.00, -65535, -523373, -789 
1718974709634.00, -65531, -524787, -793 
1718974709655.00, -65591, -526218, -798 
1718974709677.00, -65544, -527630, -796 
1718974709699.00, -65514, -529048, -789 
1718974709721.00, -65535, -530464, -799 
1718974709741.00, -65437, -531881, -794 
1718974709763.00, -65563, -533316, -801 
1718974709785.00, -65396, -534729, -778 
1718974709807.00, -65525, -536159, -777 
1718974709829.00, -65619, -537564, -779 
1718974709850.00, -65427, -538988, -776 
1718974709871.00, -65380, -540411, -780 
1718974709893.00, -65282, -541831, -784 
1718974709915.00, -65502, -543255, -761 
1718974709937.00, -65577, -544665, -717 
1718974709959.00, -65508, -546085, -724 
1718974709980.00, -65408, -547500, -698 
1718974710002.00, -65658, -548926, -670 
1718974710023.00, -65562, -550347, -674 
1718974710045.00, -65527, -551760, -664 
1718974710066.00, -65524, -553182, -670 
1718974710088.00, -65665, -554599, -678 
1718974710110.00, -65658, -556025, -696 
1718974710131.00, -65613, -557442, -708 
1718974710153.00, -65624, -558866, -730 
1718974710174.00, -65461, -560282, -728 
1718974710196.00, -65537, -561702, -719 
1718974710217.00, -65705, -563117, -737 
1718974710239.00, -65600, -564535, -721 
1718974710262.00, -65449, -565968, -737 
1718974710283.00, -65518, -567383, -724 
1718974710304.00, -65530, -568803, -724 
1718974710326.00, -65495, -570217, -718 
1718974710348.00, -65457, -571631, -712 
1718974710369.00, -65491, -573054, -702 
1718974710391.00, -65471, -574474, -682 
1718974710413.00, -65373, -575899, -661 
1718974710434.00, -65336, -577302, -605 
1718974710456.00, -65380, -578718, -579 
1718974710477.00, -65536, -580128, -546 
1718974710499.00, -65497, -581552, -513 
1718974710521.00, -65352, -582968, -481 
1718974710542.00, -65352, -584383, -442 
1718974710564.00, -63818, -585798, -424 
1718974710585.00, -61781, -587175, -403 
1718974710607.00, -59309, -588518, -379 
1718974710629.00, -56446, -589799, -347 
1718974710651.00, -52743, -591019, -315 
1718974710673.00, -48565, -592163, -291 
1718974710694.00, -44691, -593218, -273 
1718974710716.00, -25094, -594185, -231 
1718974710738.00, -13177, -594748, -229 
1718974710759.00, -6056, -595049, -189 
1718974710780.00, -1980, -595187, -161 
1718974710802.00, 51, -595238, -194 
1718974710827.00, 1155, -595241, -193 
1718974710845.00, 2036, -595222, -157 
1718974710867.00, 2635, -595181, -117 
1718974710889.00, 3149, -595121, -75 
1718974710910.00, 3886, -595048, 17 
1718974710935.00, 5282, -594941, 321 
1718974710953.00, 23572, -594821, 536 
1718974710975.00, 43880, -594330, 584 
1718974710996.00, 55780, -593405, 621 
1718974711018.00, 62454, -592197, 798 
1718974711044.00, 65937, -590835, 768 
1718974711062.00, 65550, -589410, 837 
1718974711083.00, 65685, -587992, 863 
1718974711105.00, 65390, -586567, 861 
1718974711126.00, 65443, -585148, 893 
1718974711148.00, 65468, -583727, 869 
1718974711169.00, 65404, -582313, 868 
1718974711191.00, 65521, -580891, 844 
1718974711213.00, 65426, -579477, 853 
1718974711234.00, 65408, -578051, 840 
1718974711261.00, 65375, -576639, 847 
1718974711278.00, 65330, -575221, 855 
1718974711299.00, 65324, -573801, 853 
1718974711321.00, 65451, -572386, 857 
1718974711343.00, 65493, -570965, 850 
1718974711367.00, 65523, -569552, 879 
1718974711386.00, 65659, -568129, 877 
1718974711407.00, 65572, -566708, 902 
1718974711429.00, 65585, -565289, 911 
1718974711451.00, 65618, -563863, 915 
1718974711475.00, 65640, -562447, 949 
1718974711494.00, 65631, -561022, 943 
1718974711515.00, 65563, -559608, 951 
1718974711537.00, 65547, -558185, 957 
1718974711559.00, 65528, -556766, 961 
1718974711582.00, 65484, -555350, 949 
1718974711602.00, 65516, -553924, 954 
1718974711623.00, 65403, -552514, 969 
1718974711645.00, 65385, -551090, 980 
1718974711667.00, 65438, -549674, 1014 
1718974711689.00, 65406, -548239, 1028 
1718974711711.00, 65525, -546819, 1034 
1718974711733.00, 65512, -545391, 1035 
1718974711753.00, 65493, -543964, 1056 
1718974711775.00, 65457, -542544, 1056 
1718974711799.00, 65591, -541112, 1037 
1718974711819.00, 65521, -539696, 1031 
1718974711841.00, 65539, -538263, 1045 
1718974711863.00, 65673, -536841, 1066 
1718974711884.00, 65680, -535413, 1063 
1718974711906.00, 65526, -533985, 1076 
1718974711928.00, 65430, -532557, 1095 
1718974711950.00, 65538, -531133, 1087 
1718974711971.00, 65757, -529708, 1092 
1718974711993.00, 65411, -528278, 1090 
1718974712019.00, 65346, -526860, 1103 
1718974712036.00, 65343, -525434, 1090 
1718974712058.00, 65525, -524009, 1083 
1718974712079.00, 65444, -522589, 1113 
1718974712101.00, 65341, -521157, 1110 
1718974712123.00, 65344, -519742, 1097 
1718974712145.00, 65558, -518317, 1099 
1718974712166.00, 65358, -516891, 1119 
1718974712189.00, 65338, -515459, 1119 
1718974712211.00, 65505, -514040, 1111 
1718974712233.00, 65646, -512617, 1109 
1718974712254.00, 65613, -511188, 1131 
1718974712276.00, 65516, -509768, 1145 
1718974712298.00, 65587, -508332, 1162 
1718974712319.00, 65656, -506911, 1172 
1718974712341.00, 65589, -505483, 1180 
1718974712362.00, 65557, -504055, 1203 
1718974712384.00, 65589, -502630, 1203 
1718974712406.00, 65595, -501202, 1209 
1718974712428.00, 65535, -499776, 1220 
1718974712449.00, 65585, -498345, 1225 
1718974712471.00, 65477, -496927, 1246 
1718974712492.00, 65505, -495494, 1257 
1718974712515.00, 65518, -494071, 1283 
1718974712536.00, 65493, -492638, 1281 
1718974712558.00, 65465, -491211, 1288 
1718974712580.00, 65380, -489793, 1292 
1718974712601.00, 65584, -488360, 1288 
1718974712623.00, 65460, -486942, 1292 
1718974712645.00, 65424, -485515, 1275 
1718974712667.00, 65393, -484089, 1292 
1718974712688.00, 65573, -482659, 1298 
1718974712710.00, 65444, -481234, 1321 
1718974712731.00, 65380, -479809, 1325 
1718974712754.00, 65332, -478384, 1333 
1718974712775.00, 65454, -476963, 1350 
1718974712797.00, 65695, -475531, 1347 
1718974712818.00, 65425, -474111, 1365 
1718974712841.00, 65424, -472687, 1355 
1718974712862.00, 65622, -471262, 1345 
1718974712884.00, 65561, -469831, 1344 
1718974712905.00, 65439, -468407, 1349 
1718974712927.00, 65372, -466983, 1372 
1718974712949.00, 65713, -465552, 1361 
1718974712970.00, 65573, -464137, 1364 
1718974712992.00, 65425, -462704, 1357 
1718974713014.00, 65375, -461279, 1390 
1718974713036.00, 65522, -459852, 1390 
1718974713058.00, 65705, -458426, 1385 
1718974713079.00, 65457, -457011, 1380 
1718974713101.00, 65360, -455578, 1388 
1718974713123.00, 65447, -454161, 1388 
1718974713144.00, 65576, -452735, 1391 
1718974713166.00, 65445, -451304, 1382 
1718974713188.00, 65453, -449881, 1374 
1718974713210.00, 65408, -448455, 1378 
1718974713232.00, 65510, -447033, 1365 
1718974713253.00, 65386, -445608, 1367 
1718974713275.00, 65292, -444182, 1362 
1718974713297.00, 65435, -442758, 1354 
1718974713319.00, 65553, -441342, 1332 
1718974713341.00, 65623, -439917, 1318 
1718974713362.00, 65382, -438490, 1308 
1718974713384.00, 65400, -437066, 1280 
1718974713405.00, 65750, -435639, 1259 
1718974713427.00, 65512, -434219, 1249 
1718974713449.00, 65523, -432795, 1199 
1718974713471.00, 65432, -431378, 1150 
1718974713492.00, 37076, -429966, 1079 
1718974713514.00, 20082, -429139, 1030 
1718974713536.00, 9910, -428686, 956 
1718974713557.00, 3959, -428463, 829 
1718974713579.00, 477, -428383, 688 
1718974713600.00, -986, -428377, 494 
1718974713621.00, -2313, -428401, 263 
1718974713642.00, -2951, -428459, 57 
1718974713664.00, -3342, -428546, -119 
1718974713686.00, -10339, -428630, -276 
1718974713708.00, -24606, -428867, -476 
1718974713729.00, -44384, -429389, -707 
1718974713750.00, -55826, -430323, -756 
1718974713773.00, -62679, -431538, -833 
1718974713794.00, -65860, -432894, -873 
1718974713816.00, -65651, -434322, -856 
1718974713837.00, -65603, -435744, -856 
1718974713859.00, -65464, -437160, -840 
1718974713880.00, -65605, -438580, -792 
1718974713902.00, -65722, -439994, -774 
1718974713924.00, -65588, -441415, -788 
1718974713946.00, -65467, -442834, -782 
1718974713967.00, -65560, -444256, -759 
1718974713988.00, -65529, -445669, -733 
1718974714011.00, -65567, -447087, -720 
1718974714032.00, -65498, -448508, -699 
1718974714053.00, -65556, -449920, -672 
1718974714075.00, -65616, -451353, -665 
1718974714099.00, -65491, -452769, -692 
1718974714118.00, -65436, -454198, -718 
1718974714140.00, -65565, -455604, -703 
1718974714161.00, -65531, -457023, -703 
1718974714183.00, -65461, -458446, -715 
1718974714206.00, -65460, -459873, -723 
1718974714227.00, -65522, -461292, -732 
1718974714248.00, -65683, -462706, -727 
1718974714270.00, -65430, -464128, -738 
1718974714292.00, -65432, -465539, -730 
1718974714318.00, -65437, -466967, -709 
1718974714335.00, -65437, -468389, -699 
1718974714357.00, -65452, -469799, -671 
1718974714378.00, -65372, -471227, -667 
1718974714399.00, -65484, -472636, -664 
1718974714421.00, -65491, -474062, -674 
1718974714443.00, -65496, -475479, -680 
1718974714465.00, -65612, -476902, -676 
1718974714486.00, -65611, -478323, -688 
1718974714508.00, -65388, -479740, -702 
1718974714529.00, -65444, -481157, -710 
1718974714551.00, -65555, -482574, -710 
1718974714572.00, -65565, -484006, -721 
1718974714597.00, -65497, -485423, -739 
1718974714616.00, -65551, -486847, -749 
1718974714642.00, -65465, -488260, -749 
1718974714660.00, -65397, -489676, -752 
1718974714681.00, -65509, -491100, -741 
1718974714703.00, -65526, -492520, -730 
1718974714725.00, -65385, -493945, -744 
1718974714746.00, -65397, -495358, -737 
1718974714767.00, -65496, -496778, -733 
1718974714789.00, -65496, -498189, -739 
1718974714811.00, -65557, -499613, -728 
1718974714833.00, -65577, -501037, -739 
1718974714855.00, -65581, -502460, -725 
1718974714876.00, -65589, -503884, -730 
1718974714897.00, -65551, -505290, -711 
1718974714920.00, -65639, -506717, -702 
1718974714940.00, -65748, -508136, -744 
1718974714962.00, -65565, -509564, -741 
1718974714984.00, -65583, -510982, -747 
1718974715005.00, -65559, -512397, -749 
1718974715028.00, -65562, -513816, -763 
1718974715049.00, -65381, -515237, -779 
1718974715071.00, -65408, -516670, -788 
1718974715092.00, -65593, -518080, -796 
1718974715114.00, -65557, -519507, -809 
1718974715136.00, -65366, -520919, -825 
1718974715157.00, -65452, -522339, -814 
1718974715179.00, -65647, -523759, -819 
1718974715200.00, -65456, -525178, -828 
1718974715222.00, -65428, -526600, -839 
1718974715244.00, -65459, -528012, -816 
1718974715265.00, -65623, -529437, -826 
1718974715287.00, -65492, -530847, -831 
1718974715308.00, -65455, -532276, -830 
1718974715330.00, -65412, -533698, -820 
1718974715352.00, -65453, -535116, -802 
1718974715373.00, -65437, -536537, -805 
1718974715395.00, -65416, -537946, -798 
1718974715417.00, -65317, -539368, -782 
1718974715438.00, -65312, -540786, -773 
1718974715460.00, -65287, -542210, -774 
1718974715482.00, -65389, -543622, -765 
1718974715503.00, -65422, -545035, -760 
1718974715525.00, -65609, -546456, -765 
1718974715547.00, -65528, -547871, -763 
1718974715567.00, -65499, -549302, -779 
1718974715590.00, -65528, -550718, -790 
1718974715612.00, -65545, -552141, -815 
1718974715633.00, -65424, -553561, -836 
1718974715655.00, -65443, -554976, -824 
1718974715676.00, -65435, -556399, -830 
1718974715698.00, -65427, -557815, -805 
1718974715720.00, -65510, -559236, -806 
1718974715742.00, -65297, -560650, -775 
1718974715763.00, -65370, -562067, -764 
1718974715785.00, -65469, -563474, -745 
1718974715806.00, -65414, -564896, -729 
1718974715828.00, -65275, -566316, -714 
1718974715852.00, -65265, -567734, -668 
1718974715871.00, -65407, -569152, -648 
1718974715892.00, -65425, -570554, -604 
1718974715915.00, -65448, -571972, -587 
1718974715936.00, -65431, -573391, -569 
1718974715961.00, -65503, -574815, -554 
1718974715979.00, -65458, -576231, -539 
1718974716000.00, -65431, -577641, -518 
1718974716023.00, -65433, -579060, -513 
1718974716044.00, -65462, -580475, -484 
1718974716069.00, -65481, -581900, -471 
1718974716087.00, -65507, -583314, -450 
1718974716109.00, -64430, -584736, -444 
1718974716131.00, -63300, -586130, -426 
1718974716153.00, -61800, -587498, -395 
1718974716177.00, -58896, -588832, -370 
1718974716196.00, -55702, -590099, -331 
1718974716218.00, -51353, -591308, -296 
1718974716239.00, -46740, -592420, -262 
1718974716261.00, -41899, -593433, -237 
1718974716287.00, -23185, -594340, -215 
1718974716304.00, -12064, -594869, -228 
1718974716325.00, -5522, -595145, -205 
1718974716347.00, -1685, -595272, -192 
1718974716368.00, 67, -595313, -186 
1718974716390.00, 1197, -595315, -176 
1718974716412.00, 2070, -595296, -159 
1718974716434.00, 2515, -595253, -118 
1718974716454.00, 2929, -595193, -53 
1718974716476.00, 3356, -595126, 4 
1718974716499.00, 3201, -595046, 141 
1718974716519.00, 11805, -594938, 394 
1718974716541.00, 32092, -594680, 626 
1718974716562.00, 49005, -594011, 588 
1718974716584.00, 58663, -592963, 780 
1718974716606.00, 64207, -591695, 847 
1718974716628.00, 65846, -590293, 843 
1718974716649.00, 65581, -588876, 931 
1718974716671.00, 65549, -587458, 889 
1718974716693.00, 65568, -586030, 920 
1718974716714.00, 65615, -584611, 901 
1718974716736.00, 65550, -583193, 897 
1718974716757.00, 65355, -581777, 898 
1718974716779.00, 65564, -580355, 883 
1718974716800.00, 65533, -578937, 884 
1718974716822.00, 65650, -577518, 856 
1718974716844.00, 65559, -576105, 852 
1718974716866.00, 65481, -574686, 831 
1718974716887.00, 65492, -573262, 840 
1718974716908.00, 65431, -571843, 828 
1718974716930.00, 65614, -570420, 834 
1718974716952.00, 65542, -569008, 846 
1718974716973.00, 65488, -567582, 836 
1718974716996.00, 65524, -566165, 841 
1718974717017.00, 65594, -564739, 831 
1718974717039.00, 65522, -563321, 834 
1718974717060.00, 65477, -561907, 820 
1718974717082.00, 65523, -560482, 829 
1718974717104.00, 65593, -559067, 835 
1718974717125.00, 65482, -557640, 823 
1718974717147.00, 65442, -556228, 840 
1718974717168.00, 65463, -554808, 846 
1718974717190.00, 65433, -553391, 858 
1718974717212.00, 65467, -551970, 851 
1718974717233.00, 65447, -550546, 882 
1718974717255.00, 65600, -549129, 891 
1718974717277.00, 65505, -547706, 901 
1718974717299.00, 65537, -546288, 922 
1718974717320.00, 65494, -544862, 921 
1718974717342.00, 65455, -543441, 956 
1718974717364.00, 65458, -542022, 974 
1718974717385.00, 65417, -540599, 1007 
1718974717407.00, 65349, -539179, 1036 
1718974717429.00, 65493, -537751, 1033 
1718974717450.00, 65430, -536327, 1051 
1718974717472.00, 65469, -534900, 1053 
1718974717493.00, 65608, -533471, 1081 
1718974717515.00, 65566, -532044, 1075 
1718974717537.00, 65628, -530624, 1064 
1718974717559.00, 65454, -529196, 1085 
1718974717581.00, 65519, -527765, 1089 
1718974717603.00, 65625, -526346, 1097 
1718974717624.00, 65579, -524916, 1082 
1718974717645.00, 65488, -523496, 1064 
1718974717667.00, 65569, -522072, 1050 
1718974717689.00, 65544, -520644, 1035 
1718974717711.00, 65611, -519223, 1034 
1718974717733.00, 65543, -517794, 1041 
1718974717754.00, 65486, -516368, 1057 
1718974717776.00, 65454, -514941, 1066 
1718974717798.00, 65484, -513516, 1071 
1718974717821.00, 65508, -512088, 1072 
1718974717842.00, 65461, -510668, 1087 
1718974717863.00, 65335, -509241, 1101 
1718974717885.00, 65477, -507812, 1097 
1718974717907.00, 65523, -506394, 1105 
1718974717931.00, 65415, -504966, 1112 
1718974717950.00, 65446, -503545, 1127 
1718974717971.00, 65638, -502117, 1136 
1718974717993.00, 65505, -500682, 1175 
1718974718015.00, 65381, -499252, 1180 
1718974718041.00, 65344, -497830, 1199 
1718974718058.00, 65430, -496404, 1209 
1718974718080.00, 65731, -494979, 1225 
1718974718102.00, 65448, -493559, 1243 
1718974718124.00, 65450, -492131, 1254 
1718974718147.00, 65638, -490706, 1252 
1718974718167.00, 65603, -489278, 1267 
1718974718189.00, 65460, -487855, 1271 
1718974718210.00, 65441, -486429, 1291 
1718974718232.00, 65666, -485001, 1307 
1718974718254.00, 65683, -483572, 1327 
1718974718276.00, 65449, -482149, 1322 
1718974718298.00, 65348, -480725, 1344 
1718974718319.00, 65461, -479301, 1346 
1718974718341.00, 65623, -477874, 1346 
1718974718363.00, 65401, -476448, 1322 
1718974718384.00, 65414, -475021, 1292 
1718974718406.00, 65462, -473606, 1293 
1718974718428.00, 65655, -472178, 1279 
1718974718449.00, 65469, -470759, 1293 
1718974718474.00, 65490, -469335, 1276 
1718974718493.00, 65470, -467906, 1280 
1718974718514.00, 65575, -466473, 1273 
1718974718537.00, 65359, -465049, 1269 
1718974718558.00, 65280, -463624, 1289 
1718974718581.00, 65542, -462203, 1300 
1718974718602.00, 65670, -460783, 1319 
1718974718624.00, 65509, -459353, 1318 
1718974718645.00, 65387, -457927, 1327 
1718974718666.00, 65476, -456504, 1327 
1718974718689.00, 65849, -455077, 1331 
1718974718711.00, 65512, -453655, 1332 
1718974718732.00, 65536, -452229, 1312 
1718974718753.00, 65550, -450803, 1324 
1718974718775.00, 65549, -449371, 1320 
1718974718797.00, 65494, -447951, 1322 
1718974718819.00, 65539, -446528, 1299 
1718974718841.00, 65367, -445101, 1289 
1718974718862.00, 65524, -443675, 1258 
1718974718884.00, 65509, -442250, 1260 
1718974718906.00, 65376, -440833, 1261 
1718974718928.00, 65312, -439407, 1226 
1718974718949.00, 65272, -437990, 1174 
1718974718971.00, 65391, -436570, 1100 
1718974718993.00, 65222, -435150, 1037 
1718974719015.00, 65374, -433729, 962 
1718974719036.00, 65344, -432318, 907 
1718974719057.00, 37198, -430912, 827 
1718974719079.00, 20149, -430093, 755 
1718974719101.00, 10236, -429637, 733 
1718974719123.00, 4408, -429404, 710 
1718974719144.00, 913, -429306, 658 
1718974719165.00, -523, -429291, 540 
1718974719187.00, -1973, -429305, 342 
1718974719208.00, -2779, -429353, 162 
1718974719230.00, -3399, -429423, 34 
1718974719252.00, -3559, -429511, -126 
1718974719273.00, -11076, -429599, -250 
1718974719295.00, -23337, -429847, -476 
1718974719316.00, -43253, -430343, -582 
1718974719338.00, -55283, -431262, -640 
1718974719359.00, -62280, -432451, -691 
1718974719381.00, -65918, -433804, -705 
1718974719403.00, -65646, -435236, -686 
1718974719425.00, -65392, -436650, -703 
1718974719446.00, -65597, -438075, -706 
1718974719467.00, -65721, -439488, -702 
1718974719489.00, -65477, -440910, -712 
1718974719510.00, -65559, -442329, -718 
1718974719532.00, -65588, -443754, -722 
1718974719554.00, -65498, -445174, -735 
1718974719576.00, -65486, -446590, -701 
1718974719597.00, -65472, -448000, -662 
1718974719619.00, -65669, -449415, -669 
1718974719641.00, -65473, -450850, -701 
1718974719662.00, -65609, -452268, -694 
1718974719685.00, -65507, -453688, -688 
1718974719706.00, -65462, -455105, -709 
1718974719727.00, -65370, -456522, -707 
1718974719749.00, -65449, -457947, -710 
1718974719770.00, -65549, -459363, -713 
1718974719791.00, -65475, -460789, -726 
1718974719813.00, -65565, -462202, -730 
1718974719836.00, -65455, -463618, -726 
1718974719857.00, -65520, -465037, -725 
1718974719879.00, -65559, -466460, -737 
1718974719900.00, -65539, -467883, -732 
1718974719921.00, -65474, -469301, -725 
1718974719943.00, -65567, -470727, -752 
1718974719965.00, -65474, -472142, -778 
1718974719987.00, -65376, -473555, -776 
1718974720010.00, -65453, -474978, -777 
1718974720030.00, -65368, -476397, -777 
1718974720051.00, -65441, -477824, -780 
1718974720073.00, -65497, -479235, -774 
1718974720094.00, -65497, -480655, -781 
1718974720122.00, -65328, -482065, -783 
1718974720138.00, -65298, -483489, -780 
1718974720160.00, -65420, -484910, -783 
1718974720181.00, -65459, -486329, -773 
1718974720203.00, -65521, -487748, -784 
1718974720228.00, -65342, -489157, -795 
1718974720246.00, -65470, -490590, -800 
1718974720267.00, -65433, -492004, -774 
1718974720289.00, -65364, -493429, -773 
1718974720311.00, -65414, -494840, -763 
1718974720337.00, -65411, -496258, -771 
1718974720355.00, -65489, -497677, -770 
1718974720376.00, -65415, -499092, -756 
1718974720398.00, -65461, -500523, -778 
1718974720419.00, -65493, -501938, -775 
1718974720441.00, -65508, -503361, -781 
1718974720462.00, -65588, -504778, -796 
1718974720484.00, -65570, -506192, -813 
1718974720506.00, -65469, -507620, -833 
1718974720527.00, -65519, -509038, -798 
1718974720554.00, -65492, -510464, -807 
1718974720571.00, -65582, -511879, -813 
1718974720592.00, -65523, -513302, -823 
1718974720614.00, -65643, -514711, -830 
1718974720636.00, -65597, -516142, -849 
1718974720661.00, -65383, -517563, -860 
1718974720679.00, -65378, -518982, -875 
1718974720701.00, -65358, -520402, -873 
1718974720723.00, -65529, -521812, -868 
1718974720744.00, -65473, -523239, -869 
1718974720771.00, -65515, -524651, -852 
1718974720787.00, -65556, -526081, -836 
1718974720809.00, -65464, -527495, -839 
1718974720831.00, -65383, -528911, -830 
1718974720852.00, -65422, -530327, -805 
1718974720875.00, -65621, -531739, -797 
1718974720896.00, -65476, -533172, -828 
1718974720917.00, -65359, -534589, -808 
1718974720939.00, -65557, -536015, -816 
1718974720960.00, -65612, -537424, -814 
1718974720982.00, -65540, -538841, -813 
1718974721004.00, -65387, -540264, -822 
1718974721025.00, -65462, -541685, -810 
1718974721047.00, -65544, -543106, -815 
1718974721069.00, -65493, -544520, -807 
1718974721092.00, -65506, -545946, -817 
1718974721112.00, -65541, -547353, -792 
1718974721133.00, -65571, -548784, -774 
1718974721155.00, -65489, -550202, -785 
1718974721177.00, -65462, -551622, -772 
1718974721201.00, -65428, -553044, -768 
1718974721220.00, -65426, -554452, -765 
1718974721242.00, -65451, -555879, -761 
1718974721263.00, -65438, -557289, -754 
1718974721285.00, -65417, -558715, -747 
1718974721306.00, -65540, -560132, -745 
1718974721328.00, -65484, -561548, -732 
1718974721349.00, -65389, -562966, -738 
1718974721371.00, -65420, -564377, -723 
1718974721393.00, -65471, -565808, -719 
1718974721415.00, -65543, -567224, -707 
1718974721436.00, -65426, -568646, -687 
1718974721458.00, -65255, -570055, -657 
1718974721480.00, -65392, -571470, -628 
1718974721501.00, -65617, -572886, -623 
1718974721523.00, -65477, -574308, -607 
1718974721544.00, -65494, -575731, -616 
1718974721566.00, -65431, -577144, -608 
1718974721588.00, -65448, -578567, -616 
1718974721610.00, -65397, -579975, -601 
1718974721631.00, -65378, -581399, -588 
1718974721653.00, -65385, -582822, -582 
1718974721675.00, -65505, -584234, -558 
1718974721696.00, -65412, -585655, -546 
1718974721717.00, -65448, -587063, -508 
1718974721739.00, -65469, -588482, -486 
1718974721761.00, -65499, -589899, -449 
1718974721783.00, -64253, -591318, -405 
1718974721804.00, -60772, -592706, -350 
1718974721826.00, -55638, -594021, -307 
1718974721848.00, -31652, -595217, -268 
1718974721870.00, -17199, -595917, -229 
1718974721890.00, -8473, -596295, -182 
1718974721913.00, -3368, -596483, -124 
1718974721934.00, -285, -596558, -92 
1718974721955.00, 795, -596569, -48 
1718974721977.00, 1924, -596556, 13 
1718974721998.00, 3671, -596515, 96 
1718974722019.00, 9320, -596414, 309 
1718974722041.00, 25467, -596217, 321 
1718974722063.00, 35926, -595680, 488 
1718974722085.00, 50832, -594904, 567 
1718974722106.00, 59720, -593813, 598 
1718974722128.00, 65064, -592520, 653 
1718974722149.00, 65767, -591106, 707 
1718974722171.00, 65501, -589680, 731 
1718974722195.00, 65339, -588268, 739 
1718974722215.00, 65695, -586843, 726 
1718974722236.00, 65491, -585426, 733 
1718974722257.00, 65661, -584009, 699 
1718974722279.00, 65587, -582587, 725 
1718974722301.00, 65475, -581166, 723 
1718974722323.00, 65486, -579747, 730 
1718974722343.00, 65489, -578329, 741 
1718974722365.00, 65518, -576906, 735 
1718974722387.00, 65586, -575492, 759 
1718974722411.00, 65471, -574067, 751 
1718974722431.00, 65547, -572651, 770 
1718974722452.00, 65604, -571233, 777 
1718974722474.00, 65519, -569813, 798 
1718974722495.00, 65586, -568395, 803 
1718974722519.00, 65576, -566967, 820 
1718974722539.00, 65555, -565551, 827 
1718974722561.00, 65488, -564126, 820 
1718974722582.00, 65436, -562716, 825 
1718974722604.00, 65501, -561292, 809 
1718974722625.00, 65500, -559877, 821 
1718974722647.00, 65469, -558453, 806 
1718974722669.00, 65621, -557035, 818 
1718974722691.00, 65597, -555621, 846 
1718974722712.00, 65510, -554193, 871 
1718974722737.00, 65437, -552777, 887 
1718974722755.00, 65532, -551355, 885 
1718974722776.00, 65389, -549938, 900 
1718974722799.00, 65408, -548517, 899 
1718974722820.00, 65439, -547100, 911 
1718974722846.00, 65480, -545685, 893 
1718974722863.00, 65451, -544259, 903 
1718974722885.00, 65324, -542845, 916 
1718974722907.00, 65299, -541422, 904 
1718974722928.00, 65442, -540007, 903 
1718974722952.00, 65584, -538589, 893 
1718974722972.00, 65510, -537167, 912 
1718974722993.00, 65497, -535752, 909 
1718974723015.00, 65564, -534325, 929 
1718974723037.00, 65641, -532909, 943 
1718974723057.00, 65599, -531483, 942 
1718974723079.00, 65508, -530071, 963 
1718974723101.00, 65585, -528645, 971 
1718974723123.00, 65550, -527226, 964 
1718974723144.00, 65416, -525807, 971 
1718974723166.00, 65426, -524385, 977 
1718974723188.00, 65497, -522968, 988 
1718974723210.00, 65588, -521543, 1010 
1718974723232.00, 65474, -520122, 1017 
1718974723253.00, 65515, -518698, 1003 
1718974723274.00, 65454, -517268, 1017 
1718974723296.00, 65356, -515842, 1024 
1718974723318.00, 65565, -514415, 1024 
1718974723340.00, 65383, -512996, 1023 
1718974723362.00, 65469, -511569, 1014 
1718974723383.00, 65436, -510153, 1004 
1718974723405.00, 65612, -508718, 993 
1718974723427.00, 65392, -507300, 1010 
1718974723448.00, 65470, -505876, 1009 
1718974723470.00, 65601, -504449, 1008 
1718974723492.00, 65560, -503024, 1014 
1718974723514.00, 65448, -501600, 1026 
1718974723535.00, 65386, -500175, 1049 
1718974723557.00, 65593, -498743, 1062 
1718974723579.00, 65756, -497320, 1087 
1718974723601.00, 65435, -495890, 1090 
1718974723622.00, 65370, -494465, 1091 
1718974723645.00, 65419, -493043, 1106 
1718974723666.00, 65547, -491617, 1104 
1718974723688.00, 65492, -490193, 1109 
1718974723709.00, 65529, -488768, 1097 
1718974723731.00, 65499, -487339, 1124 
1718974723752.00, 65639, -485916, 1106 
1718974723774.00, 65341, -484486, 1091 
1718974723796.00, 65303, -483063, 1082 
1718974723818.00, 65498, -481640, 1062 
1718974723839.00, 65614, -480218, 1082 
1718974723861.00, 65617, -478794, 1088 
1718974723883.00, 65464, -477369, 1098 
1718974723905.00, 65568, -475942, 1096 
1718974723926.00, 65705, -474510, 1114 
1718974723952.00, 65576, -473092, 1123 
1718974723970.00, 65479, -471657, 1125 
1718974723992.00, 65514, -470239, 1136 
1718974724013.00, 65561, -468810, 1140 
1718974724035.00, 65559, -467381, 1165 
1718974724061.00, 65535, -465954, 1175 
1718974724078.00, 65393, -464527, 1194 
1718974724101.00, 65490, -463095, 1209 
1718974724122.00, 65525, -461675, 1206 
1718974724144.00, 65495, -460247, 1215 
1718974724166.00, 65587, -458822, 1213 
1718974724187.00, 65472, -457401, 1245 
1718974724209.00, 65650, -455973, 1251 
1718974724231.00, 65458, -454544, 1287 
1718974724253.00, 65419, -453119, 1305 
1718974724274.00, 65465, -451687, 1332 
1718974724296.00, 65581, -450260, 1339 
1718974724318.00, 65549, -448838, 1340 
1718974724339.00, 65418, -447415, 1355 
1718974724361.00, 65415, -445989, 1354 
1718974724385.00, 65519, -444567, 1378 
1718974724404.00, 65726, -443137, 1369 
1718974724426.00, 65370, -441712, 1374 
1718974724447.00, 65387, -440290, 1364 
1718974724470.00, 65566, -438860, 1352 
1718974724492.00, 65599, -437444, 1327 
1718974724513.00, 65366, -436020, 1284 
1718974724534.00, 65316, -434599, 1238 
1718974724557.00, 65542, -433176, 1169 
1718974724579.00, 65403, -431759, 1110 
1718974724600.00, 37161, -430348, 986 
1718974724622.00, 19733, -429537, 848 
1718974724643.00, 9768, -429087, 703 
1718974724664.00, 4025, -428874, 534 
1718974724686.00, 590, -428788, 434 
1718974724708.00, -802, -428776, 331 
1718974724729.00, -2111, -428795, 192 
1718974724751.00, -2927, -428848, 22 
1718974724772.00, -3267, -428929, -139 
1718974724794.00, -11538, -429015, -308 
1718974724817.00, -27058, -429269, -489 
1718974724837.00, -45826, -429844, -640 
1718974724859.00, -56790, -430816, -710 
1718974724880.00, -63212, -432047, -763 
1718974724901.00, -65662, -433414, -786 
1718974724925.00, -65644, -434850, -812 
1718974724945.00, -65572, -436267, -823 
1718974724966.00, -65575, -437688, -812 
1718974724988.00, -65579, -439106, -813 
1718974725010.00, -65475, -440521, -813 
1718974725033.00, -65458, -441944, -806 
1718974725053.00, -65605, -443365, -795 
1718974725075.00, -65550, -444785, -803 
1718974725096.00, -65530, -446201, -814 
1718974725118.00, -65382, -447620, -824 
1718974725140.00, -65584, -449033, -801 
1718974725161.00, -65317, -450460, -814 
1718974725182.00, -65520, -451887, -822 
1718974725205.00, -65611, -453304, -788 
1718974725226.00, -65429, -454726, -813 
1718974725248.00, -65286, -456135, -795 
1718974725270.00, -65298, -457561, -807 
1718974725291.00, -65474, -458978, -823 
1718974725313.00, -65490, -460394, -810 
1718974725334.00, -65480, -461816, -802 
1718974725356.00, -65343, -463227, -807 
1718974725378.00, -65445, -464650, -824 
1718974725399.00, -65470, -466065, -808 
1718974725421.00, -65440, -467491, -821 
1718974725442.00, -65463, -468910, -831 
1718974725464.00, -65534, -470329, -826 
1718974725486.00, -65497, -471747, -833 
1718974725508.00, -65411, -473161, -822 
1718974725529.00, -65512, -474584, -836 
1718974725551.00, -65439, -476004, -839 
1718974725573.00, -65416, -477432, -833 
1718974725594.00, -65595, -478840, -815 
1718974725615.00, -65527, -480262, -843 
1718974725637.00, -65472, -481674, -862 
1718974725659.00, -65453, -483098, -813 
1718974725680.00, -65517, -484524, -799 
1718974725702.00, -65523, -485941, -810 
1718974725724.00, -65585, -487368, -840 
1718974725746.00, -65579, -488777, -837 
1718974725767.00, -65656, -490202, -828 
1718974725788.00, -65392, -491623, -838 
1718974725810.00, -65375, -493046, -851 
1718974725832.00, -65440, -494464, -865 
1718974725853.00, -65397, -495874, -850 
1718974725875.00, -65393, -497298, -868 
1718974725897.00, -65433, -498708, -850 
1718974725919.00, -65503, -500140, -839 
1718974725940.00, -65408, -501552, -842 
1718974725962.00, -65430, -502979, -845 
1718974725983.00, -65553, -504393, -850 
1718974726005.00, -65675, -505806, -835 
1718974726031.00, -65537, -507231, -850 
1718974726048.00, -65400, -508649, -841 
1718974726070.00, -65654, -510079, -849 
1718974726091.00, -65549, -511487, -848 
1718974726114.00, -65549, -512910, -856 
1718974726138.00, -65507, -514319, -847 
1718974726157.00, -65604, -515743, -822 
1718974726178.00, -65635, -517172, -851 
1718974726199.00, -65510, -518587, -840 
1718974726221.00, -65610, -520010, -825 
1718974726243.00, -65574, -521423, -825 
1718974726264.00, -65521, -522849, -833 
1718974726286.00, -65561, -524267, -827 
1718974726308.00, -65561, -525685, -807 
1718974726329.00, -65505, -527108, -822 
1718974726351.00, -65453, -528525, -820 
1718974726373.00, -65455, -529945, -830 
1718974726394.00, -65461, -531354, -826 
1718974726417.00, -65400, -532788, -830 
1718974726437.00, -65567, -534199, -819 
1718974726460.00, -65510, -535625, -819 
1718974726481.00, -65378, -537042, -818 
1718974726503.00, -65440, -538449, -786 
1718974726524.00, -65501, -539874, -809 
1718974726546.00, -65508, -541292, -792 
1718974726568.00, -65471, -542721, -775 
1718974726590.00, -65409, -544128, -766 
1718974726611.00, -65461, -545550, -750 
1718974726632.00, -65681, -546963, -738 
1718974726654.00, -65384, -548380, -740 
1718974726678.00, -65358, -549810, -754 
1718974726698.00, -65487, -551222, -741 
1718974726718.00, -65602, -552648, -748 
1718974726741.00, -65412, -554057, -742 
1718974726763.00, -65327, -555480, -745 
1718974726787.00, -65455, -556899, -738 
1718974726806.00, -65578, -558315, -730 
1718974726828.00, -65466, -559733, -744 
1718974726848.00, -65521, -561146, -727 
1718974726871.00, -65623, -562569, -743 
1718974726892.00, -65463, -563983, -739 
1718974726914.00, -65436, -565409, -732 
1718974726935.00, -65489, -566822, -720 
1718974726957.00, -65533, -568243, -710 
1718974726979.00, -65450, -569664, -708 
1718974727003.00, -65423, -571067, -678 
1718974727022.00, -65270, -572491, -660 
1718974727044.00, -65274, -573913, -626 
1718974727065.00, -65294, -575329, -606 
1718974727086.00, -65387, -576734, -574 
1718974727110.00, -65442, -578147, -546 
1718974727129.00, -65385, -579562, -535 
1718974727152.00, -65403, -580978, -509 
1718974727173.00, -65417, -582405, -495 
1718974727195.00, -65463, -583817, -466 
1718974727218.00, -65262, -585238, -459 
1718974727238.00, -65012, -586646, -434 
1718974727260.00, -63163, -588045, -410 
1718974727282.00, -60590, -589412, -387 
1718974727303.00, -57645, -590724, -346 
1718974727325.00, -53430, -591973, -319 
1718974727346.00, -49205, -593130, -294 
1718974727368.00, -27514, -594193, -244 
1718974727390.00, -14687, -594813, -218 
1718974727411.00, -7003, -595145, -194 
1718974727433.00, -2549, -595305, -175 
1718974727454.00, 67, -595364, -180 
1718974727476.00, 1057, -595371, -168 
1718974727498.00, 2031, -595354, -130 
1718974727519.00, 2725, -595312, -72 
1718974727540.00, 3229, -595249, 8 
1718974727562.00, 3543, -595166, 162 
1718974727584.00, 13463, -595075, 336 
1718974727606.00, 29318, -594777, 570 
1718974727627.00, 47005, -594153, 582 
1718974727649.00, 57531, -593146, 695 
1718974727670.00, 63603, -591903, 792 
1718974727692.00, 65821, -590513, 789 
1718974727714.00, 65539, -589097, 831 
1718974727735.00, 65557, -587677, 812 
1718974727757.00, 65484, -586251, 820 
1718974727779.00, 65457, -584838, 815 
1718974727800.00, 65481, -583415, 814 
1718974727822.00, 65567, -581999, 808 
1718974727843.00, 65587, -580575, 790 
1718974727865.00, 65529, -579158, 814 
1718974727887.00, 65565, -577734, 800 
1718974727908.00, 65438, -576323, 810 
1718974727930.00, 65466, -574901, 797 
1718974727952.00, 65612, -573473, 801 
1718974727973.00, 65649, -572062, 807 
1718974727995.00, 65581, -570639, 785 
1718974728016.00, 65417, -569225, 795 
1718974728038.00, 65658, -567803, 769 
1718974728060.00, 65544, -566384, 761 
1718974728082.00, 65572, -564965, 739 
1718974728103.00, 65512, -563544, 741 
1718974728124.00, 65660, -562131, 731 
1718974728146.00, 65405, -560704, 741 
1718974728168.00, 65537, -559290, 760 
1718974728190.00, 65655, -557862, 763 
1718974728213.00, 65440, -556446, 778 
1718974728233.00, 65582, -555029, 786 
1718974728254.00, 65589, -553604, 809 
1718974728275.00, 65458, -552186, 815 
1718974728298.00, 65526, -550764, 822 
1718974728324.00, 65401, -549342, 847 
1718974728341.00, 65503, -547919, 867 
1718974728363.00, 65519, -546499, 890 
1718974728385.00, 65597, -545078, 890 
1718974728405.00, 65423, -543658, 909 
1718974728430.00, 65462, -542238, 917 
1718974728449.00, 65565, -540813, 923 
1718974728471.00, 65667, -539400, 940 
1718974728493.00, 65581, -537974, 947 
1718974728514.00, 65371, -536562, 953 
1718974728536.00, 65418, -535138, 938 
1718974728558.00, 65366, -533719, 938 
1718974728578.00, 65419, -532299, 906 
1718974728601.00, 65382, -530880, 914 
1718974728622.00, 65523, -529469, 919 
1718974728644.00, 65467, -528046, 921 
1718974728666.00, 65538, -526628, 932 
1718974728688.00, 65474, -525202, 939 
1718974728709.00, 65410, -523780, 961 
1718974728731.00, 65350, -522364, 970 
1718974728759.00, 65389, -520942, 976 
1718974728774.00, 65429, -519528, 977 
1718974728795.00, 65494, -518108, 975 
1718974728817.00, 65674, -516689, 985 
1718974728839.00, 65502, -515265, 993 
1718974728861.00, 65508, -513847, 999 
1718974728882.00, 65458, -512422, 1016 
1718974728904.00, 65780, -510996, 1029 
1718974728926.00, 65484, -509573, 1055 
1718974728948.00, 65323, -508144, 1058 
1718974728970.00, 65345, -506718, 1079 
1718974728991.00, 65631, -505290, 1085 
1718974729012.00, 65530, -503866, 1097 
1718974729035.00, 65494, -502440, 1105 
1718974729056.00, 65498, -501010, 1122 
1718974729080.00, 65474, -499583, 1148 
1718974729099.00, 65711, -498158, 1140 
1718974729121.00, 65441, -496731, 1161 
1718974729143.00, 65670, -495305, 1164 
1718974729165.00, 65604, -493887, 1186 
1718974729188.00, 65652, -492451, 1191 
1718974729208.00, 65321, -491026, 1206 
1718974729230.00, 65324, -489599, 1221 
1718974729251.00, 65484, -488174, 1230 
1718974729273.00, 65633, -486756, 1243 
1718974729295.00, 65516, -485327, 1240 
1718974729317.00, 65493, -483899, 1258 
1718974729339.00, 65525, -482472, 1250 
1718974729361.00, 65717, -481045, 1287 
1718974729382.00, 65619, -479622, 1292 
1718974729404.00, 65539, -478193, 1292 
1718974729426.00, 65546, -476767, 1309 
1718974729447.00, 65701, -475338, 1319 
1718974729469.00, 65556, -473917, 1350 
1718974729490.00, 65485, -472486, 1348 
1718974729513.00, 65391, -471066, 1367 
1718974729534.00, 65632, -469631, 1369 
1718974729556.00, 65445, -468207, 1386 
1718974729578.00, 65358, -466779, 1405 
1718974729599.00, 65423, -465350, 1413 
1718974729621.00, 65535, -463928, 1426 
1718974729643.00, 65599, -462504, 1428 
1718974729664.00, 65449, -461083, 1445 
1718974729685.00, 65503, -459656, 1420 
1718974729708.00, 65493, -458230, 1439 
1718974729730.00, 65773, -456804, 1462 
1718974729752.00, 65681, -455376, 1472 
1718974729773.00, 65511, -453954, 1490 
1718974729794.00, 65472, -452529, 1481 
1718974729817.00, 65657, -451102, 1489 
1718974729839.00, 65590, -449679, 1478 
1718974729859.00, 65415, -448247, 1483 
1718974729882.00, 65324, -446828, 1465 
1718974729904.00, 65596, -445400, 1451 
1718974729925.00, 65362, -443980, 1447 
1718974729947.00, 65282, -442553, 1424 
1718974729968.00, 65222, -441137, 1407 
1718974729990.00, 65396, -439715, 1377 
1718974730012.00, 65251, -438296, 1341 
1718974730034.00, 65132, -436876, 1285 
1718974730056.00, 65158, -435451, 1233 
1718974730077.00, 65359, -434034, 1169 
1718974730098.00, 65255, -432620, 1103 
1718974730121.00, 65258, -431206, 1027 
1718974730142.00, 37204, -429796, 947 
1718974730164.00, 20082, -428977, 885 
1718974730185.00, 10096, -428516, 852 
1718974730207.00, 4247, -428296, 801 
1718974730229.00, 796, -428202, 724 
1718974730250.00, -626, -428187, 612 
1718974730271.00, -2037, -428201, 447 
1718974730292.00, -2851, -428251, 253 
1718974730315.00, -3219, -428325, 83 
1718974730335.00, -3372, -428408, -68 
1718974730357.00, -7832, -428490, -173 
1718974730379.00, -16719, -428670, -442 
1718974730401.00, -37952, -429026, -574 
1718974730422.00, -52075, -429822, -656 
1718974730445.00, -60192, -430943, -712 
1718974730465.00, -65205, -432253, -755 
1718974730487.00, -65517, -433665, -763 
1718974730509.00, -65476, -435097, -785 
1718974730530.00, -65366, -436508, -777 
1718974730552.00, -65443, -437932, -749 
1718974730573.00, -65540, -439346, -764 
1718974730595.00, -65399, -440759, -778 
1718974730617.00, -65465, -442187, -759 
1718974730639.00, -65336, -443604, -737 
1718974730660.00, -65362, -445026, -749 
1718974730682.00, -65427, -446439, -756 
1718974730704.00, -65475, -447852, -737 
1718974730725.00, -65550, -449266, -713 
1718974730747.00, -65450, -450693, -722 
1718974730768.00, -65428, -452119, -717 
1718974730790.00, -65469, -453534, -705 
1718974730811.00, -65459, -454954, -714 
1718974730834.00, -65517, -456369, -728 
1718974730856.00, -65571, -457795, -750 
1718974730876.00, -65384, -459214, -754 
1718974730898.00, -65404, -460636, -770 
1718974730920.00, -65434, -462051, -774 
1718974730945.00, -65455, -463466, -766 
1718974730963.00, -65443, -464887, -770 
1718974730985.00, -65465, -466303, -762 
1718974731007.00, -65563, -467730, -763 
1718974731028.00, -65459, -469148, -779 
1718974731052.00, -65461, -470572, -783 
1718974731071.00, -65651, -471987, -782 
1718974731093.00, -65732, -473404, -803 
1718974731115.00, -65573, -474827, -822 
1718974731136.00, -65380, -476251, -797 
1718974731158.00, -65706, -477676, -816 
1718974731180.00, -65580, -479091, -846 
1718974731201.00, -65558, -480511, -866 
1718974731223.00, -65516, -481922, -867 
1718974731245.00, -65654, -483351, -883 
1718974731270.00, -65522, -484779, -890 
1718974731288.00, -65521, -486195, -878 
1718974731309.00, -65527, -487613, -886 
1718974731331.00, -65565, -489028, -886 
1718974731353.00, -65568, -490455, -880 
1718974731376.00, -65600, -491872, -872 
1718974731396.00, -65487, -493297, -875 
1718974731417.00, -65329, -494711, -871 
1718974731439.00, -65341, -496128, -856 
1718974731461.00, -65428, -497548, -856 
1718974731483.00, -65414, -498959, -846 
1718974731504.00, -65453, -500393, -860 
1718974731525.00, -65597, -501809, -871 
1718974731547.00, -65498, -503230, -871 
1718974731569.00, -65414, -504644, -877 
1718974731591.00, -65510, -506061, -878 
1718974731612.00, -65643, -507485, -890 
1718974731634.00, -65564, -508909, -891 
1718974731656.00, -65350, -510335, -910 
1718974731677.00, -65240, -511746, -910 
1718974731699.00, -65456, -513166, -915 
1718974731720.00, -65673, -514575, -925 
1718974731742.00, -65409, -516001, -936 
1718974731764.00, -65389, -517424, -924 
1718974731785.00, -65375, -518842, -934 
1718974731806.00, -65358, -520266, -945 
1718974731829.00, -65407, -521674, -939 
1718974731850.00, -65409, -523102, -957 
1718974731872.00, -65549, -524516, -964 
1718974731894.00, -65559, -525941, -965 
1718974731916.00, -65422, -527359, -972 
1718974731936.00, -65524, -528780, -1009 
1718974731958.00, -65755, -530203, -1040 
1718974731980.00, -65458, -531624, -1099 
1718974732002.00, -65479, -533061, -1096 
1718974732024.00, -65551, -534483, -1101 
1718974732046.00, -65658, -535913, -1090 
1718974732067.00, -65410, -537332, -1087 
1718974732089.00, -65282, -538748, -1045 
1718974732110.00, -65296, -540176, -1035 
1718974732132.00, -65450, -541601, -995 
1718974732154.00, -65440, -543019, -1002 
1718974732176.00, -65384, -544441, -1008 
1718974732198.00, -65335, -545866, -995 
1718974732219.00, -65339, -547277, -956 
1718974732241.00, -65346, -548699, -921 
1718974732263.00, -65402, -550119, -923 
1718974732284.00, -65375, -551533, -909 
1718974732306.00, -65519, -552955, -913 
1718974732327.00, -65481, -554366, -892 
1718974732349.00, -65486, -555787, -896 
1718974732371.00, -65439, -557205, -882 
1718974732392.00, -65518, -558627, -865 
1718974732414.00, -65406, -560045, -865 
1718974732435.00, -65521, -561461, -850 
1718974732458.00, -65429, -562878, -854 
1718974732479.00, -65427, -564290, -840 
1718974732500.00, -65366, -565719, -826 
1718974732522.00, -65275, -567129, -790 
1718974732544.00, -65325, -568553, -768 
1718974732565.00, -65455, -569963, -768 
1718974732587.00, -65347, -571374, -759 
1718974732609.00, -65239, -572797, -764 
1718974732630.00, -65162, -574213, -729 
1718974732652.00, -65403, -575635, -719 
1718974732674.00, -65421, -577040, -706 
1718974732703.00, -65447, -578460, -695 
1718974732717.00, -65351, -579864, -673 
1718974732739.00, -65504, -581290, -638 
1718974732760.00, -65450, -582714, -627 
1718974732782.00, -65396, -584126, -608 
1718974732804.00, -65424, -585545, -590 
1718974732825.00, -65379, -586958, -556 
1718974732847.00, -65478, -588377, -540 
1718974732868.00, -65460, -589786, -493 
1718974732890.00, -65412, -591207, -459 
1718974732912.00, -64654, -592622, -423 
1718974732933.00, -62318, -594024, -376 
1718974732955.00, -35278, -595358, -307 
1718974732977.00, -18851, -596144, -247 
1718974732997.00, -9512, -596567, -170 
1718974733019.00, -3949, -596774, -85 
1718974733041.00, -575, -596863, -68 
1718974733062.00, 746, -596878, -15 
1718974733083.00, 2043, -596863, 102 
1718974733105.00, 8861, -596802, 313 
1718974733127.00, 25629, -596614, 358 
1718974733149.00, 38153, -596072, 584 
1718974733170.00, 52308, -595257, 644 
1718974733192.00, 60619, -594122, 742 
1718974733213.00, 65476, -592804, 814 
1718974733235.00, 65580, -591390, 811 
1718974733256.00, 65530, -589959, 842 
1718974733279.00, 65534, -588552, 841 
1718974733300.00, 65473, -587127, 827 
1718974733322.00, 65618, -585707, 836 
1718974733347.00, 65541, -584290, 808 
1718974733365.00, 65461, -582869, 807 
1718974733386.00, 65674, -581450, 806 
1718974733408.00, 65537, -580028, 812 
1718974733430.00, 65500, -578614, 795 
1718974733451.00, 65456, -577194, 766 
1718974733473.00, 65521, -575781, 777 
1718974733495.00, 65566, -574357, 769 
1718974733517.00, 65400, -572934, 783 
1718974733539.00, 65399, -571521, 760 
1718974733560.00, 65426, -570093, 793 
1718974733582.00, 65498, -568682, 780 
1718974733603.00, 65544, -567260, 774 
1718974733624.00, 65499, -565844, 777 
1718974733646.00, 65417, -564420, 758 
1718974733668.00, 65474, -563003, 746 
1718974733690.00, 65518, -561588, 724 
1718974733711.00, 65593, -560166, 747 
1718974733733.00, 65581, -558747, 761 
1718974733754.00, 65573, -557323, 792 
1718974733776.00, 65645, -555907, 802 
1718974733797.00, 65615, -554482, 820 
1718974733819.00, 65455, -553061, 867 
1718974733841.00, 65479, -551642, 873 
1718974733862.00, 65518, -550217, 897 
1718974733885.00, 65535, -548804, 897 
1718974733906.00, 65552, -547377, 918 
1718974733928.00, 65448, -545961, 936 
1718974733949.00, 65457, -544532, 948 
1718974733971.00, 65503, -543117, 971 
1718974733993.00, 65495, -541692, 962 
1718974734015.00, 65615, -540272, 976 
1718974734036.00, 65414, -538859, 980 
1718974734058.00, 65424, -537436, 990 
1718974734080.00, 65443, -536023, 1003 
1718974734101.00, 65703, -534591, 998 
1718974734123.00, 65622, -533171, 1009 
1718974734144.00, 65606, -531742, 1020 
1718974734166.00, 65501, -530318, 1030 
1718974734187.00, 65663, -528894, 1026 
1718974734209.00, 65466, -527465, 1034 
1718974734231.00, 65491, -526046, 1039 
1718974734253.00, 65578, -524614, 1055 
1718974734275.00, 65666, -523194, 1066 
1718974734296.00, 65399, -521759, 1076 
1718974734318.00, 65232, -520339, 1079 
1718974734339.00, 65232, -518917, 1060 
1718974734362.00, 65334, -517494, 1016 
1718974734384.00, 65258, -516079, 963 
1718974734405.00, 65351, -514658, 939 
1718974734427.00, 65371, -513244, 937 
1718974734448.00, 65444, -511828, 931 
1718974734470.00, 65382, -510408, 938 
1718974734491.00, 65421, -508985, 939 
1718974734512.00, 65520, -507567, 958 
1718974734535.00, 65634, -506151, 977 
1718974734557.00, 65629, -504725, 1008 
1718974734578.00, 65473, -503303, 1041 
1718974734600.00, 65614, -501873, 1047 
1718974734622.00, 65687, -500444, 1055 
1718974734643.00, 65633, -499013, 1060 
1718974734665.00, 65512, -497593, 1075 
1718974734687.00, 65595, -496162, 1094 
1718974734710.00, 65508, -494732, 1122 
1718974734730.00, 65645, -493315, 1138 
1718974734752.00, 65507, -491880, 1145 
1718974734774.00, 65399, -490459, 1161 
1718974734796.00, 65583, -489034, 1173 
1718974734817.00, 65458, -487605, 1205 
1718974734839.00, 65413, -486178, 1229 
1718974734860.00, 65459, -484753, 1242 
1718974734885.00, 65427, -483329, 1248 
1718974734904.00, 65682, -481900, 1238 
1718974734926.00, 65519, -480483, 1266 
1718974734947.00, 65487, -479052, 1268 
1718974734969.00, 65407, -477630, 1270 
1718974734991.00, 65558, -476198, 1271 
1718974735013.00, 65554, -474771, 1277 
1718974735034.00, 65373, -473353, 1287 
1718974735056.00, 65415, -471924, 1289 
1718974735077.00, 65577, -470499, 1317 
1718974735099.00, 65564, -469077, 1303 
1718974735122.00, 65382, -467646, 1323 
1718974735143.00, 65473, -466224, 1309 
1718974735164.00, 65696, -464799, 1287 
1718974735186.00, 65506, -463373, 1257 
1718974735208.00, 65456, -461953, 1227 
1718974735230.00, 65357, -460533, 1204 
1718974735252.00, 65598, -459105, 1170 
1718974735274.00, 65466, -457691, 1171 
1718974735295.00, 65386, -456261, 1162 
1718974735320.00, 65296, -454838, 1175 
1718974735339.00, 65470, -453411, 1185 
1718974735360.00, 65578, -451987, 1194 
1718974735382.00, 65379, -450562, 1207 
1718974735404.00, 65342, -449137, 1195 
1718974735429.00, 65384, -447715, 1207 
1718974735447.00, 65613, -446289, 1204 
1718974735469.00, 65422, -444867, 1200 
1718974735491.00, 65627, -443441, 1173 
1718974735512.00, 65502, -442020, 1162 
1718974735535.00, 65641, -440597, 1154 
1718974735556.00, 65287, -439172, 1135 
1718974735578.00, 65265, -437749, 1102 
1718974735599.00, 65378, -436329, 1056 
1718974735621.00, 65521, -434907, 1013 
1718974735643.00, 65331, -433490, 943 
1718974735664.00, 65210, -432073, 859 
1718974735686.00, 36988, -430672, 749 
1718974735707.00, 20027, -429858, 646 
1718974735729.00, 9966, -429404, 587 
1718974735751.00, 4310, -429176, 569 
1718974735772.00, 942, -429083, 503 
1718974735793.00, -642, -429069, 388 
1718974735814.00, -2028, -429088, 205 
1718974735836.00, -2693, -429148, 4 
1718974735858.00, -3581, -429221, -157 
1718974735880.00, -13022, -429313, -430 
1718974735901.00, -35146, -429595, -568 
1718974735923.00, -50567, -430333, -698 
1718974735944.00, -59524, -431421, -797 
1718974735971.00, -64778, -432710, -859 
1718974735987.00, -65590, -434116, -868 
1718974736010.00, -65512, -435541, -856 
1718974736031.00, -65606, -436956, -813 
1718974736052.00, -65545, -438382, -826 
1718974736074.00, -65398, -439790, -810 
1718974736096.00, -65441, -441216, -775 
1718974736117.00, -65541, -442632, -767 
1718974736139.00, -65482, -444049, -772 
1718974736160.00, -65567, -445470, -746 
1718974736182.00, -65532, -446882, -726 
1718974736204.00, -65480, -448307, -746 
1718974736225.00, -65496, -449719, -743 
1718974736247.00, -65547, -451151, -741 
1718974736269.00, -65541, -452571, -760 
1718974736291.00, -65607, -453991, -779 
1718974736311.00, -65552, -455404, -787 
1718974736334.00, -65429, -456820, -795 
1718974736355.00, -65580, -458247, -824 
1718974736377.00, -65493, -459666, -828 
1718974736398.00, -65556, -461092, -831 
1718974736420.00, -65471, -462502, -837 
1718974736441.00, -65632, -463923, -850 
1718974736463.00, -65597, -465337, -855 
1718974736484.00, -65473, -466765, -856 
1718974736507.00, -65523, -468189, -870 
1718974736529.00, -65556, -469606, -866 
1718974736549.00, -65573, -471033, -855 
1718974736572.00, -65492, -472437, -834 
1718974736593.00, -65503, -473858, -828 
1718974736615.00, -65338, -475279, -835 
1718974736637.00, -65354, -476703, -827 
1718974736658.00, -65433, -478123, -824 
1718974736680.00, -65395, -479532, -812 
1718974736701.00, -65446, -480952, -818 
1718974736722.00, -65582, -482366, -824 
1718974736745.00, -65593, -483798, -853 
1718974736766.00, -65426, -485214, -862 
1718974736787.00, -65423, -486630, -839 
1718974736810.00, -65605, -488049, -849 
1718974736831.00, -65567, -489466, -827 
1718974736853.00, -65414, -490888, -817 
1718974736874.00, -65238, -492305, -790 
1718974736896.00, -65479, -493733, -793 
1718974736918.00, -65589, -495142, -815 
1718974736939.00, -65516, -496560, -799 
1718974736961.00, -65475, -497975, -812 
1718974736983.00, -65464, -499396, -825 
1718974737004.00, -65371, -500831, -856 
1718974737026.00, -65352, -502242, -849 
1718974737048.00, -65340, -503668, -850 
1718974737070.00, -65609, -505080, -881 
1718974737091.00, -65701, -506502, -919 
1718974737112.00, -65341, -507921, -935 
1718974737133.00, -65407, -509347, -925 
1718974737155.00, -65582, -510771, -952 
1718974737177.00, -65458, -512183, -959 
1718974737199.00, -65485, -513603, -979 
1718974737221.00, -65584, -515019, -989 
1718974737243.00, -65658, -516451, -996 
1718974737264.00, -65544, -517870, -995 
1718974737285.00, -65455, -519289, -982 
1718974737307.00, -65569, -520705, -984 
1718974737329.00, -65599, -522117, -971 
1718974737351.00, -65543, -523547, -966 
1718974737372.00, -65512, -524965, -958 
1718974737399.00, -65402, -526389, -953 
1718974737416.00, -65390, -527798, -916 
1718974737437.00, -65407, -529214, -890 
1718974737459.00, -65294, -530629, -874 
1718974737481.00, -65434, -532047, -847 
1718974737503.00, -65600, -533471, -854 
1718974737524.00, -65531, -534885, -852 
1718974737545.00, -65538, -536313, -859 
1718974737567.00, -65481, -537724, -851 
1718974737589.00, -65643, -539143, -847 
1718974737613.00, -65660, -540566, -842 
1718974737632.00, -65564, -541988, -836 
1718974737654.00, -65501, -543407, -840 
1718974737675.00, -65579, -544824, -833 
1718974737697.00, -65512, -546247, -850 
1718974737722.00, -65417, -547662, -849 
1718974737739.00, -65450, -549090, -859 
1718974737762.00, -65559, -550509, -870 
1718974737784.00, -65511, -551932, -878 
1718974737805.00, -65320, -553348, -888 
1718974737826.00, -65269, -554761, -867 
1718974737848.00, -65409, -556185, -843 
1718974737870.00, -65464, -557588, -789 
1718974737891.00, -65473, -559012, -748 
1718974737913.00, -65440, -560424, -724 
1718974737936.00, -65481, -561843, -695 
1718974737957.00, -65391, -563252, -676 
1718974737978.00, -65399, -564673, -654 
1718974738000.00, -65490, -566099, -653 
1718974738022.00, -65468, -567510, -631 
1718974738043.00, -65475, -568936, -620 
1718974738065.00, -65459, -570346, -609 
1718974738087.00, -65475, -571760, -612 
1718974738108.00, -65328, -573186, -599 
1718974738130.00, -65299, -574609, -583 
1718974738151.00, -65467, -576029, -592 
1718974738173.00, -65532, -577435, -569 
1718974738194.00, -65523, -578857, -563 
1718974738216.00, -65523, -580266, -527 
1718974738238.00, -65550, -581692, -499 
1718974738259.00, -65449, -583110, -482 
1718974738281.00, -65386, -584530, -468 
1718974738302.00, -65396, -585943, -452 
1718974738324.00, -64507, -587357, -423 
1718974738346.00, -62104, -588755, -401 
1718974738367.00, -59437, -590096, -370 
1718974738390.00, -55960, -591385, -345 
1718974738411.00, -52588, -592594, -299 
1718974738433.00, -47512, -593722, -255 
1718974738454.00, -26572, -594748, -209 
1718974738476.00, -13927, -595351, -175 
1718974738499.00, -6487, -595667, -139 
1718974738519.00, -2199, -595811, -84 
1718974738540.00, 12, -595862, -63 
1718974738562.00, 1173, -595866, -40 
1718974738583.00, 2224, -595848, -7 
1718974738605.00, 2937, -595797, 102 
1718974738626.00, 9616, -595715, 272 
1718974738648.00, 23825, -595515, 360 
1718974738670.00, 37277, -595000, 626 
1718974738690.00, 51716, -594203, 676 
1718974738713.00, 60353, -593093, 727 
1718974738735.00, 65499, -591780, 827 
1718974738756.00, 65578, -590361, 839 
1718974738778.00, 65717, -588947, 855 
1718974738799.00, 65561, -587524, 863 
1718974738821.00, 65556, -586104, 857 
1718974738843.00, 65531, -584683, 856 
1718974738865.00, 65494, -583266, 849 
1718974738886.00, 65566, -581850, 850 
1718974738907.00, 65568, -580426, 840 
1718974738929.00, 65389, -579007, 856 
1718974738950.00, 65583, -577584, 838 
1718974738972.00, 65475, -576170, 834 
1718974738994.00, 65479, -574752, 819 
1718974739015.00, 65452, -573329, 818 
1718974739037.00, 65420, -571916, 814 
1718974739059.00, 65459, -570494, 807 
1718974739080.00, 65589, -569081, 811 
1718974739102.00, 65502, -567657, 807 
1718974739124.00, 65493, -566232, 830 
1718974739146.00, 65510, -564813, 812 
1718974739167.00, 65492, -563397, 839 
1718974739189.00, 65458, -561979, 834 
1718974739210.00, 65549, -560557, 843 
1718974739232.00, 65560, -559140, 861 
1718974739265.00, 65548, -557711, 866 
1718974739275.00, 65641, -556298, 888 
1718974739297.00, 65587, -554877, 886 
1718974739318.00, 65480, -553458, 900 
1718974739340.00, 65458, -552040, 904 
1718974739363.00, 65618, -550619, 904 
1718974739384.00, 65538, -549197, 903 
1718974739405.00, 65396, -547776, 913 
1718974739426.00, 65445, -546361, 931 
1718974739448.00, 65597, -544936, 918 
1718974739472.00, 65482, -543516, 930 
1718974739491.00, 65469, -542100, 921 
1718974739513.00, 65650, -540673, 928 
1718974739535.00, 65594, -539259, 933 
1718974739557.00, 65666, -537838, 929 
1718974739579.00, 65387, -536421, 950 
1718974739600.00, 65542, -534998, 958 
1718974739622.00, 65539, -533574, 957 
1718974739643.00, 65546, -532155, 936 
1718974739665.00, 65584, -530737, 926 
1718974739687.00, 65485, -529323, 908 
1718974739708.00, 65490, -527898, 914 
1718974739730.00, 65498, -526484, 917 
1718974739751.00, 65548, -525059, 904 
1718974739773.00, 65571, -523641, 919 
1718974739795.00, 65516, -522224, 918 
1718974739816.00, 65534, -520800, 923 
1718974739838.00, 65468, -519384, 933 
1718974739859.00, 65574, -517960, 937 
1718974739882.00, 65540, -516540, 966 
1718974739902.00, 65704, -515115, 975 
1718974739924.00, 65540, -513694, 989 
1718974739946.00, 65551, -512272, 987 
1718974739968.00, 65466, -510854, 1006 
1718974739990.00, 65568, -509426, 1013 
1718974740011.00, 65504, -508001, 1010 
1718974740033.00, 65410, -506580, 1038 
1718974740055.00, 65463, -505150, 1041 
1718974740076.00, 65659, -503731, 1040 
1718974740099.00, 65484, -502298, 1050 
1718974740120.00, 65425, -500873, 1066 
1718974740142.00, 65451, -499442, 1072 
1718974740163.00, 65680, -498019, 1086 
1718974740186.00, 65495, -496598, 1096 
1718974740206.00, 65405, -495169, 1098 
1718974740229.00, 65361, -493752, 1112 
1718974740250.00, 65631, -492318, 1121 
1718974740272.00, 65570, -490895, 1139 
1718974740294.00, 65469, -489468, 1171 
1718974740316.00, 65374, -488039, 1185 
1718974740337.00, 65409, -486617, 1207 
1718974740358.00, 65599, -485190, 1214 
1718974740381.00, 65465, -483768, 1228 
1718974740402.00, 65583, -482340, 1234 
1718974740423.00, 65636, -480916, 1237 
1718974740446.00, 65696, -479487, 1250 
1718974740468.00, 65377, -478060, 1264 
1718974740490.00, 65341, -476637, 1283 
1718974740511.00, 65547, -475207, 1297 
1718974740533.00, 65744, -473788, 1312 
1718974740555.00, 65535, -472364, 1319 
1718974740576.00, 65456, -470936, 1339 
1718974740597.00, 65511, -469510, 1341 
1718974740619.00, 65767, -468079, 1346 
1718974740642.00, 65613, -466652, 1353 
1718974740663.00, 65527, -465225, 1365 
1718974740684.00, 65462, -463802, 1386 
1718974740706.00, 65632, -462371, 1397 
1718974740728.00, 65597, -460952, 1416 
1718974740750.00, 65465, -459521, 1404 
1718974740771.00, 65375, -458098, 1412 
1718974740794.00, 65485, -456677, 1405 
1718974740814.00, 65378, -455246, 1392 
1718974740836.00, 65282, -453827, 1388 
1718974740858.00, 65382, -452397, 1385 
1718974740880.00, 65438, -450983, 1387 
1718974740902.00, 65573, -449556, 1366 
1718974740924.00, 65372, -448131, 1350 
1718974740945.00, 65379, -446710, 1335 
1718974740967.00, 65479, -445286, 1318 
1718974740989.00, 65566, -443863, 1287 
1718974741011.00, 65627, -442439, 1240 
1718974741032.00, 65462, -441018, 1217 
1718974741054.00, 65458, -439598, 1177 
1718974741076.00, 65589, -438172, 1157 
1718974741098.00, 65552, -436749, 1103 
1718974741119.00, 65308, -435323, 1051 
1718974741141.00, 65363, -433903, 998 
1718974741163.00, 65413, -432490, 932 
1718974741184.00, 36945, -431092, 852 
1718974741205.00, 19915, -430266, 768 
1718974741227.00, 10201, -429819, 678 
1718974741249.00, 4265, -429592, 601 
1718974741270.00, 815, -429496, 547 
1718974741292.00, -483, -429479, 473 
1718974741313.00, -1919, -429489, 351 
1718974741335.00, -2729, -429536, 156 
1718974741356.00, -3200, -429618, -41 
1718974741378.00, -6206, -429701, -189 
1718974741400.00, -16275, -429848, -473 
1718974741422.00, -39316, -430198, -531 
1718974741442.00, -53098, -431034, -684 
1718974741464.00, -61057, -432175, -756 
1718974741486.00, -65690, -433495, -792 
1718974741507.00, -65628, -434924, -818 
1718974741529.00, -65552, -436343, -823 
1718974741551.00, -65581, -437768, -807 
1718974741572.00, -65554, -439183, -816 
1718974741594.00, -65576, -440598, -809 
1718974741616.00, -65451, -442022, -786 
1718974741637.00, -65486, -443438, -784 
1718974741659.00, -65619, -444866, -794 
1718974741680.00, -65376, -446278, -785 
1718974741702.00, -65493, -447697, -770 
1718974741724.00, -65577, -449112, -790 
1718974741745.00, -65555, -450536, -791 
1718974741768.00, -65580, -451960, -763 
1718974741789.00, -65365, -453376, -735 
1718974741811.00, -65577, -454798, -748 
1718974741833.00, -65418, -456213, -742 
1718974741854.00, -65475, -457634, -745 
1718974741877.00, -65449, -459052, -732 
1718974741896.00, -65545, -460474, -747 
1718974741919.00, -65537, -461894, -763 
1718974741940.00, -65423, -463305, -766 
1718974741962.00, -65532, -464728, -762 
1718974741984.00, -65528, -466145, -757 
1718974742005.00, -65625, -467576, -754 
1718974742027.00, -65465, -468988, -744 
1718974742048.00, -65595, -470414, -759 
1718974742069.00, -65483, -471832, -771 
1718974742092.00, -65476, -473244, -753 
1718974742113.00, -65527, -474669, -754 
1718974742135.00, -65640, -476090, -761 
1718974742156.00, -65606, -477516, -775 
1718974742178.00, -65520, -478928, -772 
1718974742200.00, -65579, -480347, -777 
1718974742221.00, -65402, -481758, -767 
1718974742244.00, -65392, -483184, -768 
1718974742265.00, -65436, -484610, -780 
1718974742287.00, -65443, -486023, -773 
1718974742308.00, -65409, -487445, -783 
1718974742330.00, -65529, -488857, -776 
1718974742352.00, -65497, -490282, -794 
1718974742373.00, -65468, -491702, -803 
1718974742395.00, -65490, -493125, -799 
1718974742416.00, -65574, -494543, -800 
1718974742438.00, -65631, -495958, -808 
1718974742459.00, -65411, -497383, -828 
1718974742481.00, -65337, -498795, -820 
1718974742503.00, -65486, -500231, -823 
1718974742525.00, -65763, -501642, -831 
1718974742546.00, -65563, -503066, -837 
1718974742567.00, -65521, -504483, -845 
1718974742590.00, -65457, -505898, -834 
1718974742611.00, -65426, -507324, -831 
1718974742632.00, -65389, -508737, -798 
1718974742655.00, -65434, -510165, -787 
1718974742676.00, -65636, -511572, -778 
1718974742698.00, -65710, -512992, -778 
1718974742719.00, -65303, -514402, -773 
1718974742741.00, -65449, -515829, -769 
1718974742763.00, -65593, -517256, -782 
1718974742785.00, -65452, -518672, -785 
1718974742806.00, -65401, -520097, -797 
1718974742827.00, -65629, -521506, -792 
1718974742849.00, -65710, -522933, -811 
1718974742871.00, -65579, -524351, -818 
1718974742892.00, -65417, -525774, -813 
1718974742914.00, -65498, -527193, -823 
1718974742935.00, -65532, -528610, -822 
1718974742957.00, -65556, -530029, -838 
1718974742979.00, -65463, -531441, -832 
1718974743000.00, -65459, -532874, -831 
1718974743021.00, -65458, -534291, -832 
1718974743044.00, -65539, -535714, -810 
1718974743065.00, -65405, -537125, -802 
1718974743087.00, -65443, -538538, -781 
1718974743108.00, -65601, -539963, -792 
1718974743130.00, -65585, -541382, -784 
1718974743152.00, -65530, -542808, -791 
1718974743174.00, -65549, -544219, -793 
1718974743195.00, -65554, -545638, -788 
1718974743217.00, -65580, -547052, -783 
1718974743238.00, -65567, -548476, -765 
1718974743260.00, -65462, -549898, -767 
1718974743281.00, -65511, -551316, -759 
1718974743304.00, -65568, -552740, -774 
1718974743325.00, -65292, -554154, -764 
1718974743347.00, -65420, -555578, -778 
1718974743368.00, -65584, -556992, -786 
1718974743390.00, -65432, -558411, -784 
1718974743412.00, -65316, -559836, -808 
1718974743433.00, -65217, -561247, -797 
1718974743455.00, -65424, -562662, -793 
1718974743477.00, -65521, -564069, -781 
1718974743497.00, -65531, -565500, -787 
1718974743520.00, -65367, -566917, -784 
1718974743541.00, -65462, -568336, -754 
1718974743563.00, -65427, -569754, -733 
1718974743585.00, -65429, -571159, -708 
1718974743607.00, -65394, -572583, -700 
1718974743631.00, -65370, -574004, -679 
1718974743649.00, -65401, -575421, -656 
1718974743671.00, -65340, -576829, -626 
1718974743693.00, -65408, -578245, -588 
1718974743714.00, -65266, -579653, -557 
1718974743739.00, -65166, -581073, -519 
1718974743757.00, -65261, -582494, -506 
1718974743780.00, -65323, -583901, -474 
1718974743801.00, -65469, -585320, -448 
1718974743823.00, -64430, -586727, -425 
1718974743845.00, -62172, -588125, -419 
1718974743866.00, -60428, -589467, -397 
1718974743887.00, -58380, -590779, -368 
1718974743910.00, -55202, -592040, -357 
1718974743931.00, -52489, -593237, -345 
1718974743953.00, -29312, -594374, -323 
1718974743975.00, -15880, -595041, -334 
1718974743995.00, -7631, -595398, -319 
1718974744017.00, -2842, -595571, -288 
1718974744038.00, -2, -595640, -298 
1718974744061.00, 1090, -595647, -273 
1718974744082.00, 610, -595631, -229 
1718974744103.00, 395, -595616, -175 
1718974744125.00, 327, -595605, -100 
1718974744146.00, 479, -595594, -22 
1718974744167.00, 391, -595572, 142 
1718974744189.00, 9049, -595545, 289 
1718974744211.00, 22913, -595356, 359 
1718974744233.00, 35327, -594862, 534 
1718974744254.00, 49271, -594101, 631 
1718974744276.00, 57520, -593047, 646 
1718974744298.00, 62414, -591800, 720 
1718974744319.00, 65296, -590436, 764 
1718974744341.00, 65569, -589033, 763 
1718974744362.00, 65590, -587608, 771 
1718974744384.00, 65486, -586183, 785 
1718974744406.00, 65597, -584765, 784 
1718974744428.00, 65588, -583345, 777 
1718974744449.00, 65372, -581929, 797 
1718974744471.00, 65549, -580504, 796 
1718974744492.00, 65453, -579089, 813 
1718974744514.00, 65651, -577666, 799 
1718974744536.00, 65456, -576249, 819 
1718974744557.00, 65508, -574833, 807 
1718974744579.00, 65383, -573406, 818 
1718974744600.00, 65556, -571992, 812 
1718974744622.00, 65522, -570573, 811 
1718974744643.00, 65440, -569158, 821 
1718974744665.00, 65415, -567730, 815 
1718974744687.00, 65441, -566310, 836 
1718974744709.00, 65329, -564889, 830 
1718974744731.00, 65336, -563475, 836 
1718974744752.00, 65426, -562064, 816 
1718974744774.00, 65354, -560641, 787 
1718974744795.00, 65338, -559230, 791 
1718974744817.00, 65447, -557808, 791 
1718974744840.00, 65455, -556393, 814 
1718974744860.00, 65574, -554978, 807 
1718974744881.00, 65411, -553553, 827 
1718974744903.00, 65436, -552139, 825 
1718974744925.00, 65445, -550716, 836 
1718974744949.00, 65437, -549297, 849 
1718974744968.00, 65489, -547875, 861 
1718974744990.00, 65555, -546460, 882 
1718974745011.00, 65542, -545033, 869 
1718974745032.00, 65439, -543618, 869 
1718974745055.00, 65407, -542198, 861 
1718974745076.00, 65445, -540777, 840 
1718974745098.00, 65672, -539368, 821 
1718974745120.00, 65525, -537944, 813 
1718974745141.00, 65675, -536534, 813 
1718974745165.00, 65642, -535105, 809 
1718974745184.00, 65513, -533683, 827 
1718974745206.00, 65661, -532262, 836 
1718974745228.00, 65527, -530842, 849 
1718974745250.00, 65530, -529428, 859 
1718974745275.00, 65536, -527998, 866 
1718974745292.00, 65446, -526590, 880 
1718974745314.00, 65565, -525162, 882 
1718974745336.00, 65425, -523745, 890 
1718974745358.00, 65366, -522327, 887 
1718974745380.00, 65521, -520904, 878 
1718974745401.00, 65507, -519488, 883 
1718974745423.00, 65593, -518066, 886 
1718974745444.00, 65641, -516649, 903 
1718974745465.00, 65556, -515223, 918 
1718974745490.00, 65426, -513804, 930 
1718974745508.00, 65428, -512379, 936 
1718974745532.00, 65609, -510961, 951 
1718974745553.00, 65511, -509547, 965 
1718974745574.00, 65368, -508119, 956 
1718974745596.00, 65353, -506707, 969 
1718974745617.00, 65609, -505280, 976 
1718974745639.00, 65516, -503865, 999 
1718974745661.00, 65397, -502442, 994 
1718974745682.00, 65361, -501026, 989 
1718974745708.00, 65290, -499603, 1004 
1718974745725.00, 65530, -498176, 1008 
1718974745747.00, 65499, -496759, 1029 
1718974745769.00, 65607, -495328, 1035 
1718974745791.00, 65528, -493911, 1050 
1718974745816.00, 65651, -492476, 1058 
1718974745835.00, 65325, -491044, 1076 
1718974745856.00, 65423, -489627, 1085 
1718974745878.00, 65568, -488195, 1098 
1718974745899.00, 65676, -486776, 1110 
1718974745921.00, 65627, -485353, 1115 
1718974745943.00, 65425, -483918, 1138 
1718974745964.00, 65461, -482495, 1134 
1718974745986.00, 65661, -481072, 1132 
1718974746008.00, 65531, -479645, 1124 
1718974746029.00, 65418, -478224, 1115 
1718974746051.00, 65473, -476798, 1129 
1718974746073.00, 65676, -475371, 1143 
1718974746095.00, 65482, -473948, 1165 
1718974746117.00, 65464, -472522, 1160 
1718974746138.00, 65435, -471097, 1175 
1718974746160.00, 65650, -469670, 1182 
1718974746182.00, 65498, -468244, 1190 
1718974746203.00, 65377, -466816, 1193 
1718974746225.00, 65344, -465388, 1192 
1718974746247.00, 65453, -463970, 1183 
1718974746269.00, 65585, -462543, 1158 
1718974746290.00, 65358, -461127, 1171 
1718974746311.00, 65360, -459699, 1157 
1718974746333.00, 65401, -458272, 1147 
1718974746356.00, 65515, -456853, 1136 
1718974746378.00, 65486, -455426, 1129 
1718974746399.00, 65468, -454007, 1141 
1718974746421.00, 65574, -452580, 1136 
1718974746442.00, 65721, -451153, 1149 
1718974746464.00, 65532, -449725, 1135 
1718974746485.00, 65426, -448298, 1145 
1718974746507.00, 65552, -446879, 1138 
1718974746529.00, 65665, -445450, 1136 
1718974746551.00, 65430, -444023, 1141 
1718974746573.00, 65321, -442598, 1143 
1718974746594.00, 65323, -441175, 1156 
1718974746617.00, 65490, -439752, 1150 
1718974746638.00, 65447, -438329, 1159 
1718974746660.00, 65367, -436905, 1150 
1718974746682.00, 65286, -435476, 1141 
1718974746706.00, 65449, -434055, 1131 
1718974746725.00, 65344, -432632, 1107 
1718974746746.00, 65347, -431215, 1097 
1718974746769.00, 37356, -429798, 1052 
1718974746790.00, 20204, -428970, 1033 
1718974746811.00, 10153, -428508, 1021 
1718974746834.00, 4427, -428285, 995 
1718974746855.00, 929, -428189, 950 
1718974746876.00, -293, -428170, 842 
1718974746898.00, -1766, -428181, 691 
1718974746921.00, -2902, -428226, 465 
1718974746941.00, -3341, -428299, 241 
1718974746962.00, -3715, -428384, 43 
1718974746984.00, -4163, -428479, -156 
1718974747005.00, -13530, -428579, -386 
1718974747027.00, -32766, -428871, -579 
1718974747049.00, -49085, -429553, -657 
1718974747070.00, -58609, -430601, -728 
1718974747092.00, -64128, -431875, -790 
1718974747113.00, -65643, -433260, -791 
1718974747135.00, -65447, -434692, -791 
1718974747157.00, -65577, -436109, -792 
1718974747179.00, -65341, -437533, -788 
1718974747200.00, -65561, -438945, -772 
1718974747222.00, -65461, -440360, -772 
1718974747245.00, -65445, -441787, -778 
1718974747265.00, -65335, -443207, -762 
1718974747286.00, -65446, -444631, -760 
1718974747308.00, -65574, -446042, -761 
1718974747330.00, -65596, -447460, -749 
1718974747354.00, -65533, -448868, -749 
1718974747373.00, -65326, -450295, -745 
1718974747394.00, -65586, -451724, -740 
1718974747416.00, -65600, -453141, -717 
1718974747438.00, -65497, -454562, -721 
1718974747463.00, -65583, -455969, -726 
1718974747481.00, -65604, -457391, -703 
1718974747503.00, -65616, -458815, -714 
1718974747525.00, -65525, -460238, -736 
1718974747546.00, -65644, -461658, -743 
1718974747570.00, -65495, -463069, -728 
1718974747589.00, -65571, -464492, -725 
1718974747611.00, -65725, -465905, -743 
1718974747632.00, -65592, -467333, -752 
1718974747654.00, -65609, -468751, -750 
1718974747676.00, -65456, -470175, -756 
1718974747698.00, -65544, -471592, -760 
1718974747719.00, -65548, -473006, -756 
1718974747741.00, -65483, -474430, -744 
1718974747763.00, -65600, -475849, -733 
1718974747791.00, -65604, -477277, -755 
1718974747806.00, -65426, -478690, -764 
1718974747827.00, -65438, -480108, -769 
1718974747849.00, -65553, -481518, -762 
1718974747871.00, -65561, -482944, -763 
1718974747894.00, -65426, -484374, -785 
1718974747914.00, -65362, -485784, -776 
1718974747935.00, -65591, -487216, -772 
1718974747957.00, -65628, -488624, -778 
1718974747979.00, -65463, -490046, -782 
1718974748005.00, -65507, -491468, -772 
1718974748022.00, -65487, -492886, -764 
1718974748044.00, -65511, -494314, -769 
1718974748065.00, -65423, -495724, -770 
1718974748087.00, -65590, -497148, -769 
1718974748108.00, -65588, -498560, -771 
1718974748130.00, -65678, -499994, -781 
1718974748152.00, -65463, -501410, -787 
1718974748174.00, -65551, -502832, -771 
1718974748195.00, -65652, -504255, -772 
1718974748217.00, -65480, -505667, -785 
1718974748238.00, -65533, -507091, -807 
1718974748260.00, -65681, -508513, -816 
1718974748282.00, -65619, -509944, -825 
1718974748303.00, -65481, -511353, -812 
1718974748327.00, -65474, -512771, -813 
1718974748347.00, -65502, -514189, -827 
1718974748368.00, -65511, -515609, -831 
1718974748390.00, -65612, -517040, -821 
1718974748412.00, -65519, -518450, -804 
1718974748434.00, -65459, -519878, -809 
1718974748455.00, -65512, -521288, -799 
1718974748476.00, -65471, -522711, -800 
1718974748497.00, -65431, -524134, -811 
1718974748519.00, -65505, -525550, -803 
1718974748541.00, -65551, -526969, -806 
1718974748563.00, -65608, -528386, -790 
1718974748585.00, -65547, -529807, -784 
1718974748606.00, -65512, -531216, -758 
1718974748628.00, -65587, -532645, -738 
1718974748649.00, -65718, -534060, -724 
1718974748671.00, -65454, -535485, -701 
1718974748693.00, -65504, -536904, -700 
1718974748715.00, -65503, -538313, -692 
1718974748736.00, -65526, -539741, -698 
1718974748758.00, -65478, -541155, -691 
1718974748779.00, -65488, -542587, -693 
1718974748801.00, -65648, -543999, -692 
1718974748823.00, -65552, -545415, -698 
1718974748844.00, -65395, -546836, -715 
1718974748866.00, -65392, -548256, -727 
1718974748887.00, -65577, -549685, -764 
1718974748909.00, -65632, -551096, -766 
1718974748931.00, -65568, -552522, -779 
1718974748952.00, -65410, -553934, -769 
1718974748974.00, -65524, -555354, -755 
1718974748996.00, -65493, -556772, -761 
1718974749017.00, -65393, -558196, -747 
1718974749039.00, -65493, -559619, -760 
1718974749060.00, -65495, -561027, -742 
1718974749082.00, -65502, -562450, -733 
1718974749104.00, -65497, -563857, -719 
1718974749126.00, -65408, -565288, -712 
1718974749147.00, -65311, -566703, -687 
1718974749169.00, -65326, -568121, -665 
1718974749190.00, -65403, -569537, -657 
1718974749212.00, -65550, -570943, -634 
1718974749234.00, -65502, -572366, -628 
1718974749255.00, -65449, -573785, -590 
1718974749277.00, -65444, -575210, -574 
1718974749298.00, -65480, -576618, -557 
1718974749324.00, -65402, -578031, -535 
1718974749342.00, -65418, -579449, -511 
1718974749363.00, -65464, -580867, -479 
1718974749385.00, -65434, -582292, -494 
1718974749407.00, -65337, -583703, -463 
1718974749429.00, -65104, -585124, -437 
1718974749450.00, -63411, -586527, -424 
1718974749472.00, -61563, -587900, -403 
1718974749494.00, -59315, -589229, -372 
1718974749515.00, -56070, -590515, -346 
1718974749538.00, -52532, -591732, -336 
1718974749558.00, -49712, -592863, -306 
1718974749580.00, -27950, -593937, -263 
1718974749602.00, -14618, -594567, -238 
1718974749622.00, -6997, -594902, -219 
1718974749645.00, -2477, -595064, -196 
1718974749666.00, 2, -595119, -181 
1718974749688.00, 1038, -595124, -165 
1718974749709.00, 664, -595109, -116 
1718974749730.00, 789, -595092, -7 
1718974749753.00, 497, -595056, 213 
1718974749774.00, 13047, -595039, 262 
1718974749796.00, 23999, -594759, 360 
1718974749817.00, 36198, -594234, 627 
1718974749839.00, 49846, -593464, 650 
1718974749861.00, 58045, -592400, 681 
1718974749882.00, 62855, -591135, 796 
1718974749904.00, 65448, -589777, 766 
1718974749925.00, 65794, -588368, 787 
1718974749947.00, 65673, -586939, 776 
1718974749968.00, 65565, -585521, 789 
1718974749990.00, 65585, -584099, 764 
1718974750012.00, 65449, -582683, 782 
1718974750034.00, 65463, -581262, 770 
1718974750055.00, 65444, -579838, 774 
1718974750076.00, 65435, -578423, 766 
1718974750098.00, 65478, -576999, 766 
1718974750120.00, 65523, -575589, 764 
1718974750142.00, 65439, -574163, 748 
1718974750163.00, 65537, -572747, 746 
1718974750187.00, 65513, -571330, 715 
1718974750207.00, 65527, -569911, 727 
1718974750228.00, 65479, -568497, 723 
1718974750250.00, 65508, -567069, 724 
1718974750271.00, 65467, -565657, 719 
1718974750293.00, 65544, -564230, 722 
1718974750314.00, 65648, -562815, 744 
1718974750336.00, 65624, -561392, 745 
1718974750358.00, 65379, -559971, 770 
1718974750379.00, 65373, -558555, 763 
1718974750401.00, 65398, -557133, 782 
1718974750423.00, 65533, -555723, 776 
1718974750445.00, 65435, -554301, 782 
1718974750466.00, 65401, -552882, 799 
1718974750488.00, 65329, -551466, 773 
1718974750510.00, 65426, -550045, 790 
1718974750530.00, 65511, -548625, 767 
1718974750552.00, 65530, -547207, 777 
1718974750574.00, 65530, -545792, 765 
1718974750595.00, 65562, -544366, 766 
1718974750618.00, 65610, -542953, 771 
1718974750639.00, 65656, -541526, 771 
1718974750661.00, 65392, -540108, 793 
1718974750683.00, 65485, -538694, 788 
1718974750704.00, 65513, -537269, 802 
1718974750726.00, 65486, -535856, 800 
1718974750752.00, 65554, -534432, 800 
1718974750769.00, 65484, -533014, 808 
1718974750790.00, 65443, -531588, 818 
1718974750812.00, 65483, -530171, 838 
1718974750834.00, 65481, -528752, 835 
1718974750856.00, 65480, -527330, 848 
1718974750877.00, 65545, -525914, 854 
1718974750899.00, 65524, -524487, 878 
1718974750920.00, 65510, -523071, 895 
1718974750942.00, 65680, -521647, 907 
1718974750963.00, 65600, -520226, 937 
1718974750985.00, 65584, -518807, 942 
1718974751007.00, 65600, -517382, 955 
1718974751029.00, 65665, -515961, 970 
1718974751050.00, 65595, -514539, 990 
1718974751072.00, 65476, -513118, 1002 
1718974751094.00, 65558, -511697, 1001 
1718974751115.00, 65626, -510278, 1011 
1718974751137.00, 65430, -508840, 1003 
1718974751158.00, 65373, -507419, 1008 
1718974751182.00, 65372, -505997, 1014 
1718974751203.00, 65488, -504571, 1019 
1718974751224.00, 65476, -503147, 1035 
1718974751246.00, 65392, -501717, 1047 
1718974751267.00, 65350, -500294, 1061 
1718974751294.00, 65558, -498865, 1069 
1718974751311.00, 65457, -497445, 1071 
1718974751332.00, 65507, -496016, 1072 
1718974751355.00, 65578, -494591, 1083 
1718974751376.00, 65581, -493168, 1083 
1718974751399.00, 65628, -491735, 1078 
1718974751420.00, 65407, -490315, 1082 
1718974751441.00, 65482, -488890, 1063 
1718974751463.00, 65581, -487460, 1078 
1718974751485.00, 65567, -486038, 1093 
1718974751510.00, 65552, -484606, 1101 
1718974751528.00, 65567, -483180, 1118 
1718974751550.00, 65601, -481752, 1130 
1718974751571.00, 65630, -480331, 1154 
1718974751594.00, 65618, -478905, 1162 
1718974751617.00, 65473, -477485, 1172 
1718974751637.00, 65592, -476054, 1177 
1718974751658.00, 65472, -474622, 1187 
1718974751680.00, 65413, -473204, 1194 
1718974751702.00, 65404, -471769, 1205 
1718974751727.00, 65351, -470353, 1221 
1718974751746.00, 65564, -468925, 1215 
1718974751767.00, 65530, -467498, 1237 
1718974751789.00, 65432, -466067, 1251 
1718974751811.00, 65368, -464644, 1268 
1718974751837.00, 65509, -463218, 1266 
1718974751854.00, 65475, -461793, 1259 
1718974751875.00, 65368, -460370, 1268 
1718974751897.00, 65301, -458946, 1266 
1718974751919.00, 65424, -457529, 1271 
1718974751945.00, 65700, -456102, 1266 
1718974751963.00, 65444, -454678, 1270 
1718974751984.00, 65391, -453258, 1248 
1718974752006.00, 65532, -451824, 1238 
1718974752028.00, 65466, -450403, 1225 
1718974752052.00, 65326, -448977, 1202 
1718974752074.00, 65283, -447557, 1168 
1718974752093.00, 65535, -446135, 1130 
1718974752115.00, 65451, -444718, 1107 
1718974752137.00, 65296, -443295, 1059 
1718974752159.00, 65197, -441869, 1008 
1718974752180.00, 65315, -440456, 942 
1718974752202.00, 65348, -439041, 881 
1718974752223.00, 65247, -437630, 818 
1718974752245.00, 65278, -436218, 719 
1718974752267.00, 65106, -434810, 621 
1718974752288.00, 65318, -433396, 508 
1718974752310.00, 65284, -431985, 445 
1718974752331.00, 37042, -430577, 397 
1718974752353.00, 19941, -429762, 352 
1718974752375.00, 10024, -429305, 316 
1718974752397.00, 4187, -429085, 240 
1718974752418.00, 739, -428994, 155 
1718974752439.00, -772, -428987, 52 
1718974752460.00, -1812, -429010, -88 
1718974752484.00, -7982, -429053, -168 
1718974752503.00, -16286, -429235, -445 
1718974752525.00, -37955, -429592, -597 
1718974752547.00, -52241, -430387, -682 
1718974752569.00, -60568, -431520, -781 
1718974752592.00, -65438, -432829, -849 
1718974752612.00, -65532, -434252, -870 
1718974752633.00, -65421, -435677, -883 
1718974752655.00, -65405, -437096, -886 
1718974752677.00, -65378, -438526, -881 
1718974752698.00, -65512, -439930, -856 
1718974752720.00, -65393, -441350, -821 
1718974752741.00, -65604, -442770, -802 
1718974752764.00, -65486, -444190, -778 
1718974752785.00, -65534, -445606, -746 
1718974752807.00, -65528, -447022, -730 
1718974752828.00, -65519, -448442, -736 
1718974752850.00, -65416, -449859, -736 
1718974752872.00, -65492, -451290, -740 
1718974752893.00, -65495, -452702, -733 
1718974752915.00, -65447, -454124, -725 
1718974752937.00, -65513, -455539, -743 
1718974752958.00, -65296, -456953, -738 
1718974752980.00, -65375, -458380, -723 
1718974753001.00, -65462, -459794, -713 
1718974753023.00, -65414, -461216, -717 
1718974753045.00, -65305, -462626, -712 
1718974753066.00, -65299, -464047, -721 
1718974753087.00, -65364, -465456, -723 
1718974753110.00, -65512, -466881, -720 
1718974753131.00, -65481, -468305, -732 
1718974753152.00, -65430, -469717, -724 
1718974753174.00, -65569, -471144, -716 
1718974753196.00, -65428, -472553, -717 
1718974753218.00, -65483, -473980, -736 
1718974753239.00, -65539, -475396, -723 
1718974753264.00, -65528, -476825, -728 
1718974753282.00, -65549, -478245, -740 
1718974753303.00, -65491, -479659, -736 
1718974753326.00, -65494, -481079, -734 
1718974753348.00, -65484, -482494, -732 
1718974753372.00, -65498, -483925, -740 
1718974753391.00, -65728, -485337, -736 
1718974753412.00, -65643, -486763, -745 
1718974753434.00, -65501, -488181, -743 
1718974753456.00, -65547, -489595, -743 
1718974753482.00, -65433, -491022, -756 
1718974753499.00, -65509, -492437, -750 
1718974753520.00, -65528, -493862, -751 
1718974753542.00, -65673, -495276, -754 
1718974753564.00, -65649, -496698, -769 
1718974753586.00, -65404, -498113, -786 
1718974753607.00, -65382, -499537, -783 
1718974753628.00, -65466, -500963, -790 
1718974753651.00, -65510, -502380, -784 
1718974753672.00, -65490, -503803, -797 
1718974753696.00, -65473, -505212, -790 
1718974753716.00, -65507, -506639, -794 
1718974753737.00, -65471, -508055, -786 
1718974753759.00, -65401, -509483, -783 
1718974753780.00, -65434, -510899, -791 
1718974753806.00, -65581, -512313, -785 
1718974753824.00, -65488, -513734, -798 
1718974753845.00, -65415, -515148, -800 
1718974753866.00, -65504, -516582, -813 
1718974753888.00, -65573, -517997, -817 
1718974753910.00, -65588, -519419, -822 
1718974753932.00, -65497, -520837, -819 
1718974753953.00, -65515, -522248, -826 
1718974753975.00, -65543, -523677, -838 
1718974753997.00, -65538, -525095, -817 
1718974754018.00, -65441, -526518, -827 
1718974754040.00, -65586, -527929, -820 
1718974754061.00, -65618, -529353, -829 
1718974754083.00, -65460, -530765, -828 
1718974754105.00, -65463, -532187, -827 
1718974754126.00, -65384, -533618, -827 
1718974754149.00, -65451, -535033, -821 
1718974754170.00, -65413, -536457, -820 
1718974754191.00, -65394, -537862, -809 
1718974754213.00, -65481, -539289, -818 
1718974754238.00, -65525, -540707, -820 
1718974754256.00, -65466, -542126, -802 
1718974754278.00, -65391, -543545, -796 
1718974754300.00, -65516, -544958, -798 
1718974754321.00, -65508, -546378, -795 
1718974754343.00, -65573, -547792, -769 
1718974754365.00, -65501, -549222, -773 
1718974754387.00, -65397, -550641, -772 
1718974754408.00, -65469, -552060, -758 
1718974754430.00, -65686, -553472, -748 
1718974754451.00, -65518, -554887, -741 
1718974754473.00, -65401, -556311, -734 
1718974754494.00, -65456, -557723, -716 
1718974754516.00, -65525, -559147, -706 
1718974754538.00, -65421, -560561, -693 
1718974754559.00, -65314, -561976, -677 
1718974754581.00, -65380, -563386, -666 
1718974754602.00, -65553, -564805, -646 
1718974754625.00, -65447, -566229, -656 
1718974754646.00, -65447, -567644, -634 
1718974754667.00, -65503, -569069, -613 
1718974754689.00, -65517, -570472, -579 
1718974754711.00, -65474, -571892, -578 
1718974754732.00, -65592, -573313, -580 
1718974754754.00, -65471, -574740, -560 
1718974754776.00, -65409, -576153, -534 
1718974754797.00, -65405, -577563, -517 
1718974754818.00, -65420, -578979, -506 
1718974754840.00, -65444, -580394, -486 
1718974754862.00, -65457, -581818, -482 
1718974754884.00, -65536, -583232, -467 
1718974754905.00, -65346, -584652, -448 
1718974754927.00, -64158, -586067, -433 
1718974754948.00, -62659, -587457, -416 
1718974754970.00, -60641, -588809, -384 
1718974754991.00, -57573, -590121, -357 
1718974755013.00, -54034, -591369, -342 
1718974755035.00, -51203, -592539, -316 
1718974755057.00, -47576, -593642, -276 
1718974755078.00, -26451, -594670, -229 
1718974755100.00, -14204, -595274, -180 
1718974755121.00, -6549, -595589, -150 
1718974755143.00, -2240, -595737, -100 
1718974755164.00, 68, -595788, -62 
1718974755186.00, 1264, -595792, -39 
1718974755207.00, 2444, -595766, 67 
1718974755229.00, 6924, -595690, 356 
1718974755250.00, 26680, -595543, 339 
1718974755272.00, 37937, -594977, 426 
1718974755293.00, 49724, -594155, 626 
1718974755315.00, 59116, -593085, 652 
1718974755337.00, 64647, -591807, 700 
1718974755359.00, 65748, -590401, 759 
1718974755381.00, 65527, -588985, 770 
1718974755402.00, 65506, -587565, 763 
1718974755424.00, 65561, -586141, 776 
1718974755446.00, 65725, -584724, 771 
1718974755467.00, 65588, -583298, 793 
1718974755489.00, 65622, -581882, 789 
1718974755510.00, 65670, -580460, 787 
1718974755532.00, 65430, -579040, 803 
1718974755553.00, 65622, -577619, 808 
1718974755575.00, 65524, -576205, 806 
1718974755597.00, 65487, -574783, 790 
1718974755619.00, 65439, -573359, 796 
1718974755640.00, 65324, -571947, 795 
1718974755661.00, 65387, -570526, 776 
1718974755684.00, 65428, -569114, 781 
1718974755705.00, 65405, -567694, 772 
1718974755726.00, 65521, -566272, 776 
1718974755748.00, 65525, -564851, 778 
1718974755770.00, 65532, -563429, 791 
1718974755791.00, 65550, -562017, 786 
1718974755813.00, 65616, -560592, 786 
1718974755835.00, 65566, -559177, 803 
1718974755856.00, 65507, -557750, 807 
1718974755881.00, 65458, -556336, 826 
1718974755899.00, 65565, -554917, 817 
1718974755922.00, 65403, -553491, 838 
1718974755943.00, 65352, -552074, 845 
1718974755965.00, 65461, -550655, 842 
1718974755988.00, 65515, -549235, 867 
1718974756008.00, 65488, -547815, 871 
1718974756030.00, 65401, -546398, 873 
1718974756052.00, 65329, -544971, 867 
1718974756072.00, 65450, -543553, 886 
1718974756095.00, 65491, -542139, 888 
1718974756117.00, 65577, -540715, 909 
1718974756138.00, 65537, -539302, 917 
1718974756160.00, 65618, -537876, 926 
1718974756181.00, 65531, -536456, 963 
1718974756202.00, 65698, -535036, 970 
1718974756224.00, 65478, -533612, 977 
1718974756246.00, 65538, -532188, 979 
1718974756268.00, 65462, -530774, 977 
1718974756289.00, 65485, -529354, 967 
1718974756316.00, 65524, -527929, 971 
1718974756332.00, 65472, -526522, 974 
1718974756354.00, 65390, -525093, 971 
1718974756376.00, 65367, -523674, 978 
1718974756398.00, 65402, -522258, 972 
1718974756419.00, 65542, -520836, 966 
1718974756440.00, 65512, -519424, 964 
1718974756462.00, 65514, -518000, 974 
1718974756484.00, 65552, -516579, 993 
1718974756506.00, 65612, -515152, 991 
1718974756528.00, 65687, -513733, 1004 
1718974756549.00, 65563, -512311, 1004 
1718974756571.00, 65498, -510887, 994 
1718974756592.00, 65720, -509465, 996 
1718974756614.00, 65584, -508043, 1011 
1718974756635.00, 65517, -506619, 1029 
1718974756657.00, 65503, -505189, 1048 
1718974756680.00, 65678, -503767, 1048 
1718974756702.00, 65484, -502338, 1055 
1718974756723.00, 65406, -500907, 1079 
1718974756744.00, 65330, -499481, 1090 
1718974756766.00, 65522, -498054, 1104 
1718974756788.00, 65463, -496631, 1138 
1718974756810.00, 65342, -495203, 1158 
1718974756831.00, 65322, -493778, 1176 
1718974756853.00, 65618, -492351, 1185 
1718974756875.00, 65462, -490926, 1193 
1718974756896.00, 65523, -489501, 1203 
1718974756918.00, 65462, -488075, 1219 
1718974756940.00, 65427, -486651, 1222 
1718974756962.00, 65635, -485224, 1231 
1718974756984.00, 65439, -483797, 1252 
1718974757005.00, 65511, -482368, 1262 
1718974757027.00, 65526, -480942, 1283 
1718974757048.00, 65591, -479517, 1297 
1718974757071.00, 65368, -478090, 1313 
1718974757093.00, 65396, -476664, 1320 
1718974757114.00, 65554, -475238, 1324 
1718974757136.00, 65672, -473818, 1332 
1718974757158.00, 65585, -472389, 1335 
1718974757179.00, 65427, -470967, 1363 
1718974757201.00, 65402, -469537, 1354 
1718974757222.00, 65573, -468108, 1336 
1718974757245.00, 65538, -466684, 1345 
1718974757266.00, 65407, -465256, 1349 
1718974757288.00, 65375, -463832, 1367 
1718974757309.00, 65627, -462409, 1344 
1718974757331.00, 65441, -460989, 1362 
1718974757353.00, 65385, -459557, 1351 
1718974757374.00, 65311, -458132, 1356 
1718974757396.00, 65512, -456712, 1338 
1718974757419.00, 65375, -455284, 1328 
1718974757441.00, 65274, -453867, 1312 
1718974757462.00, 65358, -452439, 1289 
1718974757483.00, 65385, -451023, 1283 
1718974757505.00, 65648, -449598, 1242 
1718974757527.00, 65377, -448173, 1233 
1718974757548.00, 65344, -446748, 1207 
1718974757570.00, 65395, -445324, 1183 
1718974757592.00, 65593, -443908, 1149 
1718974757614.00, 65352, -442484, 1118 
1718974757636.00, 65327, -441061, 1089 
1718974757657.00, 65579, -439643, 1035 
1718974757679.00, 65435, -438224, 983 
1718974757701.00, 65283, -436804, 891 
1718974757722.00, 65166, -435391, 810 
1718974757744.00, 65192, -433981, 699 
1718974757766.00, 65310, -432576, 578 
1718974757787.00, 65236, -431168, 502 
1718974757808.00, 37141, -429764, 420 
1718974757831.00, 20235, -428947, 339 
1718974757851.00, 10101, -428494, 312 
1718974757873.00, 4242, -428278, 196 
1718974757895.00, 698, -428190, 90 
1718974757916.00, -691, -428184, -37 
1718974757937.00, -4069, -428205, -202 
1718974757959.00, -16214, -428293, -286 
1718974757981.00, -28421, -428651, -592 
1718974758003.00, -46702, -429254, -668 
1718974758024.00, -57378, -430242, -762 
1718974758046.00, -63555, -431491, -832 
1718974758068.00, -65706, -432868, -870 
1718974758089.00, -65463, -434297, -894 
1718974758111.00, -65548, -435721, -916 
1718974758132.00, -65393, -437139, -903 
1718974758154.00, -65466, -438559, -881 
1718974758178.00, -65627, -439972, -858 
1718974758197.00, -65542, -441392, -861 
1718974758219.00, -65518, -442811, -851 
1718974758241.00, -65564, -444238, -851 
1718974758262.00, -65544, -445654, -840 
1718974758284.00, -65577, -447070, -831 
1718974758306.00, -65518, -448491, -839 
1718974758328.00, -65507, -449904, -825 
1718974758349.00, -65594, -451332, -813 
1718974758371.00, -65417, -452752, -812 
1718974758395.00, -65451, -454172, -817 
1718974758413.00, -65505, -455583, -812 
1718974758436.00, -65542, -457001, -804 
1718974758457.00, -65561, -458424, -805 
1718974758479.00, -65473, -459847, -814 
1718974758504.00, -65425, -461271, -825 
1718974758523.00, -65377, -462680, -823 
1718974758543.00, -65415, -464101, -831 
1718974758565.00, -65488, -465512, -840 
1718974758587.00, -65690, -466941, -840 
1718974758609.00, -65580, -468365, -844 
1718974758630.00, -65384, -469779, -853 
1718974758651.00, -65580, -471210, -861 
1718974758674.00, -65596, -472613, -862 
1718974758695.00, -65615, -474041, -868 
1718974758717.00, -65507, -475460, -872 
1718974758738.00, -65583, -476886, -882 
1718974758761.00, -65591, -478307, -884 
1718974758782.00, -65492, -479723, -876 
1718974758804.00, -65426, -481140, -885 
1718974758825.00, -65575, -482557, -879 
1718974758847.00, -65601, -483987, -886 
1718974758868.00, -65520, -485403, -890 
1718974758890.00, -65498, -486828, -902 
1718974758911.00, -65372, -488242, -902 
1718974758933.00, -65444, -489659, -899 
1718974758955.00, -65446, -491081, -900 
1718974758976.00, -65349, -492499, -887 
1718974758998.00, -65367, -493922, -893 
1718974759019.00, -65555, -495332, -876 
1718974759042.00, -65503, -496753, -877 
1718974759063.00, -65414, -498164, -875 
1718974759084.00, -65415, -499590, -858 
1718974759107.00, -65498, -501016, -861 
1718974759128.00, -65627, -502433, -850 
1718974759149.00, -65451, -503853, -857 
1718974759171.00, -65411, -505267, -852 
1718974759192.00, -65533, -506691, -860 
1718974759214.00, -65653, -508107, -862 
1718974759236.00, -65476, -509531, -855 
1718974759257.00, -65386, -510948, -847 
1718974759279.00, -65419, -512367, -827 
1718974759301.00, -65482, -513780, -815 
1718974759323.00, -65417, -515192, -783 
1718974759344.00, -65474, -516624, -787 
1718974759366.00, -65589, -518038, -773 
1718974759388.00, -65662, -519461, -761 
1718974759409.00, -65414, -520874, -761 
1718974759431.00, -65502, -522294, -750 
1718974759453.00, -65650, -523713, -750 
1718974759474.00, -65500, -525132, -735 
1718974759496.00, -65477, -526557, -739 
1718974759517.00, -65671, -527971, -726 
1718974759539.00, -65600, -529394, -732 
1718974759561.00, -65574, -530807, -736 
1718974759582.00, -65438, -532231, -732 
1718974759605.00, -65465, -533654, -725 
1718974759625.00, -65461, -535070, -698 
1718974759647.00, -65495, -536496, -698 
1718974759669.00, -65623, -537902, -684 
1718974759691.00, -65477, -539324, -684 
1718974759712.00, -65454, -540744, -679 
1718974759734.00, -65386, -542166, -671 
1718974759756.00, -65398, -543587, -666 
1718974759777.00, -65515, -544999, -656 
1718974759798.00, -65558, -546420, -679 
1718974759820.00, -65617, -547838, -675 
1718974759842.00, -65557, -549265, -687 
1718974759864.00, -65521, -550684, -692 
1718974759885.00, -65598, -552107, -696 
1718974759907.00, -65624, -553520, -706 
1718974759929.00, -65495, -554939, -702 
1718974759950.00, -65516, -556364, -725 
1718974759972.00, -65541, -557778, -721 
1718974759993.00, -65539, -559208, -735 
1718974760015.00, -65462, -560620, -729 
1718974760040.00, -65467, -562042, -726 
1718974760059.00, -65531, -563446, -722 
1718974760080.00, -65465, -564871, -706 
1718974760102.00, -65311, -566297, -705 
1718974760124.00, -65326, -567709, -687 
1718974760147.00, -65475, -569134, -689 
1718974760167.00, -65504, -570537, -671 
1718974760188.00, -65443, -571959, -650 
1718974760210.00, -65384, -573377, -623 
1718974760232.00, -65499, -574798, -607 
1718974760253.00, -65476, -576215, -598 
1718974760275.00, -65486, -577627, -580 
1718974760296.00, -65577, -579046, -586 
1718974760318.00, -65465, -580457, -559 
1718974760339.00, -65488, -581883, -550 
1718974760361.00, -65438, -583299, -533 
1718974760383.00, -65413, -584718, -528 
1718974760405.00, -65208, -586133, -496 
1718974760426.00, -65209, -587545, -450 
1718974760448.00, -64295, -588961, -432 
1718974760472.00, -62594, -590343, -392 
1718974760491.00, -59312, -591706, -373 
1718974760513.00, -55774, -592980, -333 
1718974760535.00, -31307, -594186, -283 
1718974760591.00, -16579, -594890, -248 
1718974760591.00, -7759, -595270, -187 
1718974760600.00, -2808, -595447, -99 
1718974760620.00, 51, -595508, -25 
1718974760642.00, 1324, -595507, 107 
1718974760663.00, 8693, -595473, 232 
1718974760685.00, 20559, -595280, 429 
1718974760706.00, 39273, -594826, 677 
1718974760728.00, 53114, -593994, 653 
1718974760750.00, 61193, -592844, 766 
1718974760772.00, 65818, -591518, 819 
1718974760793.00, 65620, -590091, 799 
1718974760815.00, 65526, -588677, 818 
1718974760837.00, 65661, -587255, 793 
1718974760858.00, 65514, -585835, 806 
1718974760880.00, 65509, -584410, 782 
1718974760902.00, 65505, -582996, 778 
1718974760923.00, 65682, -581580, 778 
1718974760945.00, 65452, -580152, 770 
1718974760966.00, 65457, -578741, 769 
1718974760988.00, 65594, -577317, 752 
1718974761010.00, 65529, -575904, 747 
1718974761031.00, 65560, -574484, 738 
1718974761053.00, 65538, -573059, 750 
1718974761074.00, 65620, -571643, 740 
1718974761096.00, 65534, -570220, 737 
1718974761118.00, 65410, -568803, 746 
1718974761142.00, 65519, -567386, 742 
1718974761161.00, 65552, -565964, 761 
1718974761183.00, 65689, -564538, 764 
1718974761205.00, 65526, -563120, 788 
1718974761226.00, 65577, -561700, 785 
1718974761247.00, 65609, -560279, 812 
1718974761269.00, 65484, -558858, 808 
1718974761291.00, 65575, -557432, 807 
1718974761313.00, 65481, -556024, 814 
1718974761334.00, 65480, -554601, 809 
1718974761356.00, 65395, -553182, 816 
1718974761377.00, 65439, -551765, 810 
1718974761399.00, 65401, -550341, 825 
1718974761421.00, 65479, -548927, 818 
1718974761442.00, 65469, -547504, 824 
1718974761464.00, 65524, -546093, 840 
1718974761486.00, 65471, -544663, 840 
1718974761507.00, 65346, -543249, 852 
1718974761529.00, 65339, -541824, 840 
1718974761551.00, 65365, -540406, 848 
1718974761573.00, 65322, -538992, 847 
1718974761593.00, 65378, -537571, 848 
1718974761615.00, 65502, -536159, 841 
1718974761637.00, 65503, -534741, 821 
1718974761658.00, 65444, -533320, 817 
1718974761681.00, 65444, -531897, 803 
1718974761702.00, 65368, -530483, 801 
1718974761724.00, 65399, -529063, 790 
1718974761746.00, 65422, -527640, 792 
1718974761767.00, 65483, -526228, 813 
1718974761793.00, 65485, -524804, 816 
1718974761810.00, 65447, -523390, 836 
1718974761832.00, 65479, -521963, 854 
1718974761854.00, 65584, -520543, 866 
1718974761875.00, 65544, -519129, 872 
1718974761901.00, 65579, -517701, 877 
1718974761918.00, 65485, -516285, 881 
1718974761940.00, 65625, -514861, 884 
1718974761962.00, 65601, -513445, 889 
1718974761983.00, 65615, -512027, 886 
1718974762005.00, 65602, -510606, 896 
1718974762027.00, 65623, -509179, 899 
1718974762048.00, 65600, -507754, 906 
1718974762070.00, 65591, -506341, 926 
1718974762092.00, 65528, -504920, 946 
1718974762116.00, 65504, -503504, 970 
1718974762135.00, 65593, -502083, 970 
1718974762157.00, 65423, -500654, 988 
1718974762178.00, 65445, -499229, 1000 
1718974762200.00, 65435, -497806, 1009 
1718974762222.00, 65392, -496377, 1023 
1718974762244.00, 65620, -494954, 1030 
1718974762265.00, 65397, -493534, 1048 
1718974762287.00, 65429, -492103, 1054 
1718974762309.00, 65459, -490681, 1062 
1718974762332.00, 65629, -489249, 1056 
1718974762352.00, 65453, -487830, 1060 
1718974762373.00, 65417, -486406, 1065 
1718974762395.00, 65507, -484974, 1067 
1718974762417.00, 65666, -483551, 1080 
1718974762439.00, 65645, -482121, 1083 
1718974762461.00, 65496, -480697, 1103 
1718974762482.00, 65617, -479273, 1113 
1718974762504.00, 65680, -477846, 1122 
1718974762526.00, 65406, -476417, 1131 
1718974762548.00, 65326, -474986, 1135 
1718974762569.00, 65320, -473568, 1145 
1718974762591.00, 65511, -472142, 1130 
1718974762612.00, 65527, -470725, 1136 
1718974762634.00, 65472, -469301, 1129 
1718974762663.00, 65435, -467865, 1140 
1718974762678.00, 65647, -466440, 1137 
1718974762699.00, 65434, -465014, 1138 
1718974762722.00, 65459, -463589, 1142 
1718974762743.00, 65636, -462163, 1148 
1718974762771.00, 65538, -460741, 1151 
1718974762787.00, 65620, -459315, 1147 
1718974762808.00, 65358, -457889, 1163 
1718974762830.00, 65443, -456467, 1153 
1718974762851.00, 65543, -455035, 1159 
1718974762873.00, 65517, -453615, 1160 
1718974762895.00, 65461, -452186, 1154 
1718974762917.00, 65522, -450758, 1169 
1718974762939.00, 65610, -449334, 1169 
1718974762960.00, 65677, -447913, 1172 
1718974762982.00, 65572, -446485, 1155 
1718974763004.00, 65433, -445064, 1152 
1718974763026.00, 65411, -443636, 1135 
1718974763048.00, 65494, -442209, 1099 
1718974763068.00, 65449, -440794, 1094 
1718974763093.00, 65421, -439369, 1059 
1718974763113.00, 65409, -437951, 1032 
1718974763134.00, 65554, -436529, 1002 
1718974763156.00, 65389, -435099, 991 
1718974763177.00, 65339, -433685, 947 
1718974763199.00, 65328, -432268, 910 
1718974763221.00, 37245, -430862, 859 
1718974763243.00, 20285, -430042, 834 
1718974763264.00, 10171, -429582, 824 
1718974763286.00, 4396, -429348, 812 
1718974763306.00, 937, -429251, 775 
1718974763329.00, -212, -429231, 700 
1718974763350.00, -1649, -429240, 568 
1718974763372.00, -2660, -429278, 411 
1718974763393.00, -3221, -429342, 249 
1718974763414.00, -3550, -429422, 93 
1718974763435.00, -3613, -429517, -55 
1718974763457.00, -6608, -429607, -204 
1718974763478.00, -17633, -429759, -274 
1718974763501.00, -28489, -430147, -556 
1718974763522.00, -46578, -430755, -618 
1718974763544.00, -57168, -431746, -672 
1718974763566.00, -63401, -432976, -732 
1718974763587.00, -65662, -434360, -781 
1718974763608.00, -65608, -435785, -782 
1718974763630.00, -65633, -437206, -773 
1718974763652.00, -65589, -438633, -797 
1718974763674.00, -65478, -440043, -798 
1718974763695.00, -65480, -441464, -808 
1718974763717.00, -65476, -442882, -803 
1718974763739.00, -65438, -444309, -815 
1718974763762.00, -65604, -445727, -822 
1718974763782.00, -65438, -447144, -823 
1718974763803.00, -65418, -448562, -840 
1718974763825.00, -65493, -449983, -834 
1718974763846.00, -65498, -451414, -834 
1718974763870.00, -65458, -452826, -830 
1718974763890.00, -65573, -454250, -844 
1718974763911.00, -65630, -455659, -838 
1718974763933.00, -65516, -457083, -833 
1718974763955.00, -65462, -458504, -829 
1718974763976.00, -65440, -459924, -824 
1718974763998.00, -65587, -461345, -839 
1718974764019.00, -65701, -462755, -827 
1718974764041.00, -65526, -464179, -833 
1718974764063.00, -65636, -465593, -832 
1718974764089.00, -65530, -467024, -831 
1718974764106.00, -65544, -468444, -836 
1718974764127.00, -65418, -469863, -828 
1718974764150.00, -65439, -471290, -837 
1718974764171.00, -65637, -472696, -836 
1718974764204.00, -65667, -474122, -833 
1718974764215.00, -65416, -475539, -819 
1718974764236.00, -65494, -476964, -795 
1718974764258.00, -65705, -478377, -793 
1718974764280.00, -65539, -479792, -781 
1718974764302.00, -65476, -481211, -788 
1718974764323.00, -65500, -482625, -781 
1718974764344.00, -65570, -484060, -793 
1718974764366.00, -65550, -485474, -789 
1718974764388.00, -65494, -486899, -796 
1718974764411.00, -65533, -488314, -814 
1718974764431.00, -65550, -489730, -825 
1718974764452.00, -65496, -491160, -839 
1718974764474.00, -65434, -492578, -837 
1718974764496.00, -65391, -494001, -841 
1718974764520.00, -65349, -495413, -830 
1718974764539.00, -65387, -496832, -814 
1718974764560.00, -65453, -498243, -804 
1718974764583.00, -65517, -499665, -791 
1718974764604.00, -65546, -501089, -794 
1718974764631.00, -65489, -502507, -781 
1718974764647.00, -65487, -503934, -776 
1718974764668.00, -65437, -505340, -769 
1718974764691.00, -65581, -506771, -778 
1718974764712.00, -65540, -508184, -785 
1718974764738.00, -65548, -509611, -787 
1718974764756.00, -65469, -511025, -781 
1718974764777.00, -65455, -512440, -766 
1718974764799.00, -65532, -513863, -772 
1718974764820.00, -65317, -515277, -750 
1718974764841.00, -65366, -516709, -753 
1718974764864.00, -65515, -518121, -745 
1718974764885.00, -65468, -519543, -746 
1718974764907.00, -65335, -520958, -749 
1718974764929.00, -65250, -522375, -743 
1718974764950.00, -65405, -523797, -750 
1718974764972.00, -65492, -525212, -746 
1718974764994.00, -65502, -526636, -752 
1718974765015.00, -65433, -528045, -744 
1718974765037.00, -65530, -529474, -747 
1718974765059.00, -65467, -530887, -748 
1718974765080.00, -65415, -532307, -731 
1718974765102.00, -65385, -533731, -728 
1718974765123.00, -65468, -535148, -713 
1718974765145.00, -65519, -536573, -727 
1718974765167.00, -65520, -537982, -720 
1718974765188.00, -65610, -539404, -722 
1718974765210.00, -65457, -540823, -717 
1718974765232.00, -65458, -542251, -718 
1718974765253.00, -65592, -543666, -718 
1718974765274.00, -65514, -545078, -703 
1718974765296.00, -65563, -546499, -710 
1718974765319.00, -65509, -547914, -693 
1718974765340.00, -65562, -549346, -699 
1718974765361.00, -65539, -550762, -688 
1718974765383.00, -65501, -552181, -673 
1718974765405.00, -65530, -553596, -664 
1718974765426.00, -65578, -555013, -639 
1718974765448.00, -65428, -556432, -635 
1718974765470.00, -65408, -557848, -613 
1718974765491.00, -65439, -559273, -616 
1718974765513.00, -65515, -560682, -606 
1718974765535.00, -65596, -562107, -608 
1718974765556.00, -65462, -563512, -604 
1718974765578.00, -65567, -564936, -595 
1718974765599.00, -65392, -566360, -594 
1718974765621.00, -65452, -567778, -570 
1718974765643.00, -65492, -569197, -570 
1718974765664.00, -65694, -570605, -551 
1718974765686.00, -65528, -572025, -548 
1718974765708.00, -65554, -573443, -535 
1718974765733.00, -65680, -574869, -517 
1718974765751.00, -65581, -576286, -506 
1718974765772.00, -65526, -577700, -487 
1718974765794.00, -65586, -579114, -486 
1718974765816.00, -65530, -580530, -471 
1718974765842.00, -65451, -581957, -460 
1718974765859.00, -65098, -583368, -436 
1718974765881.00, -63360, -584779, -427 
1718974765902.00, -61616, -586145, -413 
1718974765924.00, -59993, -587483, -394 
1718974765949.00, -57693, -588777, -393 
1718974765967.00, -56444, -590027, -368 
1718974765989.00, -53920, -591246, -359 
1718974766010.00, -52088, -592418, -344 
1718974766032.00, -49956, -593540, -326 
1718974766054.00, -28193, -594619, -298 
1718974766075.00, -15157, -595256, -272 
1718974766097.00, -7240, -595592, -219 
1718974766118.00, -2670, -595754, -175 
1718974766140.00, 63, -595812, -151 
1718974766162.00, 1127, -595817, -98 
1718974766183.00, 2338, -595797, -24 
1718974766205.00, 3164, -595737, 159 
1718974766226.00, 12771, -595651, 405 
1718974766248.00, 33353, -595369, 500 
1718974766271.00, 49727, -594665, 582 
1718974766291.00, 59356, -593599, 693 
1718974766313.00, 64606, -592322, 748 
1718974766334.00, 65574, -590912, 774 
1718974766356.00, 65509, -589486, 809 
1718974766377.00, 65624, -588073, 804 
1718974766399.00, 65413, -586648, 793 
1718974766420.00, 65468, -585229, 804 
1718974766442.00, 65535, -583811, 796 
1718974766464.00, 65531, -582392, 806 
1718974766486.00, 65654, -580971, 796 
1718974766508.00, 65767, -579551, 802 
1718974766529.00, 65586, -578126, 809 
1718974766551.00, 65591, -576705, 813 
1718974766572.00, 65434, -575293, 828 
1718974766599.00, 65474, -573871, 822 
1718974766616.00, 65547, -572452, 816 
1718974766637.00, 65612, -571031, 807 
1718974766659.00, 65500, -569615, 803 
1718974766681.00, 65559, -568196, 782 
1718974766703.00, 65446, -566772, 786 
1718974766724.00, 65498, -565353, 786 
1718974766745.00, 65528, -563934, 788 
1718974766767.00, 65505, -562516, 800 
1718974766788.00, 65497, -561093, 805 
1718974766811.00, 65469, -559675, 817 
1718974766832.00, 65483, -558255, 823 
1718974766853.00, 65466, -556834, 835 
1718974766875.00, 65603, -555418, 843 
1718974766897.00, 65489, -553993, 856 
1718974766918.00, 65592, -552578, 872 
1718974766940.00, 65417, -551153, 881 
1718974766961.00, 65376, -549736, 902 
1718974766984.00, 65552, -548309, 895 
1718974767005.00, 65558, -546891, 912 
1718974767027.00, 65500, -545471, 916 
1718974767048.00, 65460, -544051, 902 
1718974767070.00, 65647, -542634, 888 
1718974767092.00, 65503, -541208, 890 
1718974767113.00, 65431, -539794, 887 
1718974767135.00, 65520, -538374, 872 
1718974767156.00, 65460, -536957, 885 
1718974767178.00, 65451, -535532, 891 
1718974767199.00, 65405, -534110, 900 
1718974767222.00, 65393, -532693, 900 
1718974767243.00, 65453, -531272, 910 
1718974767264.00, 65438, -529858, 929 
1718974767287.00, 65456, -528432, 935 
1718974767307.00, 65567, -527015, 952 
1718974767330.00, 65628, -525593, 969 
1718974767351.00, 65479, -524172, 979 
1718974767373.00, 65456, -522758, 993 
1718974767395.00, 65592, -521328, 1004 
1718974767416.00, 65766, -519913, 1026 
1718974767438.00, 65565, -518481, 1031 
1718974767460.00, 65586, -517056, 1038 
1718974767481.00, 65554, -515622, 1036 
1718974767503.00, 65496, -514200, 1043 
1718974767525.00, 65491, -512778, 1050 
1718974767547.00, 65512, -511348, 1059 
1718974767569.00, 65563, -509931, 1076 
1718974767590.00, 65595, -508495, 1075 
1718974767612.00, 65434, -507071, 1089 
1718974767633.00, 65394, -505642, 1089 
1718974767655.00, 65399, -504222, 1105 
1718974767677.00, 65423, -502797, 1118 
1718974767699.00, 65550, -501367, 1126 
1718974767721.00, 65475, -499947, 1135 
1718974767742.00, 65499, -498514, 1134 
1718974767764.00, 65500, -497096, 1134 
1718974767786.00, 65675, -495669, 1124 
1718974767807.00, 65568, -494247, 1130 
1718974767829.00, 65395, -492817, 1150 
1718974767851.00, 65380, -491390, 1150 
1718974767872.00, 65463, -489969, 1150 
1718974767894.00, 65542, -488545, 1151 
1718974767916.00, 65443, -487122, 1167 
1718974767937.00, 65561, -485695, 1164 
1718974767959.00, 65838, -484266, 1181 
1718974767981.00, 65549, -482833, 1195 
1718974768003.00, 65519, -481406, 1202 
1718974768024.00, 65479, -479988, 1212 
1718974768047.00, 65721, -478560, 1214 
1718974768068.00, 65490, -477136, 1213 
1718974768089.00, 65275, -475709, 1215 
1718974768112.00, 65321, -474286, 1223 
1718974768134.00, 65534, -472861, 1240 
1718974768155.00, 65580, -471433, 1259 
1718974768176.00, 65387, -470011, 1274 
1718974768198.00, 65296, -468580, 1287 
1718974768220.00, 65399, -467162, 1305 
1718974768242.00, 65590, -465734, 1314 
1718974768263.00, 65484, -464309, 1333 
1718974768286.00, 65749, -462884, 1338 
1718974768307.00, 65530, -461454, 1353 
1718974768329.00, 65653, -460030, 1350 
1718974768352.00, 65322, -458604, 1343 
1718974768372.00, 65276, -457184, 1344 
1718974768394.00, 65497, -455759, 1336 
1718974768416.00, 65728, -454341, 1343 
1718974768438.00, 65428, -452923, 1328 
1718974768459.00, 65407, -451484, 1332 
1718974768480.00, 65385, -450065, 1308 
1718974768502.00, 65660, -448640, 1286 
1718974768524.00, 65522, -447221, 1272 
1718974768546.00, 65515, -445793, 1239 
1718974768568.00, 65398, -444375, 1217 
1718974768589.00, 65561, -442952, 1176 
1718974768611.00, 65534, -441529, 1154 
1718974768632.00, 65407, -440111, 1101 
1718974768655.00, 65283, -438683, 1047 
1718974768681.00, 65365, -437266, 979 
1718974768698.00, 65143, -435853, 911 
1718974768719.00, 65163, -434446, 835 
1718974768740.00, 65130, -433036, 731 
1718974768762.00, 65064, -431628, 654 
1718974768787.00, 36981, -430225, 566 
1718974768806.00, 19916, -429406, 504 
1718974768828.00, 9943, -428958, 427 
1718974768849.00, 4226, -428738, 343 
1718974768871.00, 983, -428646, 258 
1718974768892.00, -539, -428632, 176 
1718974768913.00, -1817, -428648, 49 
1718974768935.00, -2775, -428698, -81 
1718974768956.00, -8360, -428766, -237 
1718974768978.00, -20674, -428949, -393 
1718974769000.00, -37482, -429400, -700 
1718974769021.00, -51660, -430192, -737 
1718974769043.00, -60262, -431310, -814 
1718974769065.00, -65224, -432612, -880 
1718974769086.00, -65610, -434026, -904 
1718974769113.00, -65579, -435457, -909 
1718974769130.00, -65696, -436874, -908 
1718974769150.00, -65489, -438296, -899 
1718974769173.00, -65603, -439709, -880 
1718974769194.00, -65396, -441123, -872 
1718974769215.00, -65522, -442544, -842 
1718974769237.00, -65369, -443962, -828 
1718974769259.00, -65425, -445385, -821 
1718974769281.00, -65509, -446797, -807 
1718974769303.00, -65539, -448214, -788 
1718974769324.00, -65336, -449625, -773 
1718974769346.00, -65461, -451054, -752 
1718974769367.00, -65567, -452465, -730 
1718974769389.00, -65542, -453888, -730 
1718974769410.00, -65478, -455299, -728 
1718974769433.00, -65474, -456715, -729 
1718974769454.00, -65558, -458144, -737 
1718974769476.00, -65552, -459560, -730 
1718974769497.00, -65496, -460984, -750 
1718974769519.00, -65516, -462396, -763 
1718974769541.00, -65521, -463818, -760 
1718974769561.00, -65520, -465229, -750 
1718974769583.00, -65448, -466655, -755 
1718974769605.00, -65396, -468081, -769 
1718974769627.00, -65405, -469494, -758 
1718974769649.00, -65364, -470924, -768 
1718974769670.00, -65484, -472328, -782 
1718974769692.00, -65451, -473753, -790 
1718974769713.00, -65546, -475171, -786 
1718974769736.00, -65424, -476592, -767 
1718974769756.00, -65429, -478016, -764 
1718974769778.00, -65501, -479428, -737 
1718974769800.00, -65549, -480842, -723 
1718974769822.00, -65514, -482254, -703 
1718974769843.00, -65546, -483685, -703 
1718974769865.00, -65499, -485102, -701 
1718974769887.00, -65468, -486525, -699 
1718974769908.00, -65448, -487943, -705 
1718974769929.00, -65302, -489358, -705 
1718974769951.00, -65383, -490785, -715 
1718974769973.00, -65501, -492198, -714 
1718974769995.00, -65452, -493627, -731 
1718974770016.00, -65430, -495034, -752 
1718974770038.00, -65384, -496459, -767 
1718974770059.00, -65462, -497877, -784 
1718974770081.00, -65609, -499297, -795 
1718974770103.00, -65523, -500722, -803 
1718974770124.00, -65385, -502137, -800 
1718974770146.00, -65589, -503567, -808 
1718974770168.00, -65569, -504976, -804 
1718974770189.00, -65467, -506396, -802 
1718974770216.00, -65442, -507820, -803 
1718974770233.00, -65508, -509237, -792 
1718974770255.00, -65574, -510660, -792 
1718974770276.00, -65497, -512076, -784 
1718974770298.00, -65576, -513497, -797 
1718974770321.00, -65574, -514911, -793 
1718974770341.00, -65540, -516343, -798 
1718974770362.00, -65725, -517758, -796 
1718974770384.00, -65570, -519184, -793 
1718974770406.00, -65520, -520600, -812 
1718974770428.00, -65446, -522014, -801 
1718974770449.00, -65350, -523440, -795 
1718974770471.00, -65381, -524855, -764 
1718974770492.00, -65386, -526278, -744 
1718974770514.00, -65539, -527685, -724 
1718974770536.00, -65533, -529104, -705 
1718974770558.00, -65486, -530520, -696 
1718974770579.00, -65485, -531933, -671 
1718974770600.00, -65485, -533363, -673 
1718974770623.00, -65553, -534778, -663 
1718974770649.00, -65475, -536203, -672 
1718974770666.00, -65406, -537618, -674 
1718974770687.00, -65495, -539033, -672 
1718974770709.00, -65481, -540458, -671 
1718974770730.00, -65397, -541879, -665 
1718974770755.00, -65396, -543303, -668 
1718974770774.00, -65513, -544713, -663 
1718974770796.00, -65454, -546135, -666 
1718974770817.00, -65429, -547549, -662 
1718974770838.00, -65421, -548978, -658 
1718974770860.00, -65527, -550396, -644 
1718974770881.00, -65506, -551815, -630 
1718974770903.00, -65492, -553234, -633 
1718974770925.00, -65565, -554643, -616 
1718974770947.00, -65565, -556072, -620 
1718974770968.00, -65508, -557481, -593 
1718974770990.00, -65505, -558908, -587 
1718974771012.00, -65471, -560326, -586 
1718974771033.00, -65537, -561742, -583 
1718974771055.00, -65440, -563158, -588 
1718974771082.00, -65416, -564577, -582 
1718974771098.00, -65320, -566007, -590 
1718974771120.00, -65369, -567422, -583 
1718974771141.00, -65501, -568841, -583 
1718974771163.00, -65499, -570249, -575 
1718974771187.00, -65529, -571667, -567 
1718974771206.00, -65497, -573088, -562 
1718974771228.00, -65397, -574514, -537 
1718974771250.00, -65312, -575931, -517 
1718974771272.00, -65423, -577341, -493 
1718974771293.00, -65452, -578754, -481 
1718974771315.00, -65645, -580172, -460 
1718974771336.00, -65012, -581597, -423 
1718974771358.00, -62502, -583003, -395 
1718974771380.00, -59564, -584358, -407 
1718974771401.00, -58299, -585640, -393 
1718974771423.00, -56518, -586894, -347 
1718974771445.00, -52716, -588125, -333 
1718974771466.00, -49899, -589269, -317 
1718974771488.00, -47207, -590342, -293 
1718974771510.00, -43925, -591370, -285 
1718974771531.00, -41495, -592329, -262 
1718974771553.00, -38864, -593233, -243 
1718974771574.00, -21473, -594070, -213 
1718974771596.00, -11001, -594558, -192 
1718974771617.00, -4810, -594808, -152 
1718974771641.00, -1349, -594918, -106 
1718974771661.00, 88, -594947, -74 
1718974771682.00, 1293, -594947, -49 
1718974771704.00, 2472, -594923, 1 
1718974771725.00, 2895, -594861, 147 
1718974771751.00, 11746, -594779, 338 
1718974771768.00, 28397, -594519, 443 
1718974771790.00, 45071, -593911, 554 
1718974771812.00, 56334, -592948, 668 
1718974771833.00, 62958, -591732, 735 
1718974771858.00, 65770, -590358, 780 
1718974771877.00, 65581, -588941, 813 
1718974771898.00, 65555, -587519, 791 
1718974771920.00, 65535, -586096, 798 
1718974771942.00, 65602, -584679, 776 
1718974771964.00, 65502, -583261, 765 
1718974771985.00, 65526, -581847, 761 
1718974772006.00, 65588, -580421, 751 
1718974772027.00, 65361, -579007, 764 
1718974772049.00, 65559, -577581, 749 
1718974772075.00, 65512, -576168, 770 
1718974772093.00, 65474, -574750, 751 
1718974772114.00, 65504, -573326, 764 
1718974772136.00, 65432, -571912, 750 
1718974772157.00, 65456, -570491, 759 
1718974772180.00, 65600, -569072, 757 
1718974772200.00, 65462, -567653, 732 
1718974772223.00, 65460, -566233, 739 
1718974772244.00, 65574, -564813, 734 
1718974772266.00, 65480, -563391, 739 
1718974772289.00, 65486, -561974, 727 
1718974772309.00, 65566, -560551, 727 
1718974772331.00, 65493, -559142, 731 
1718974772353.00, 65584, -557710, 725 
1718974772374.00, 65615, -556303, 733 
1718974772395.00, 65566, -554880, 729 
1718974772417.00, 65496, -553459, 752 
1718974772439.00, 65475, -552038, 749 
1718974772460.00, 65614, -550614, 757 
1718974772482.00, 65616, -549201, 765 
1718974772509.00, 65502, -547774, 762 
1718974772525.00, 65425, -546360, 793 
1718974772547.00, 65609, -544931, 796 
1718974772569.00, 65493, -543513, 813 
1718974772591.00, 65538, -542092, 809 
1718974772612.00, 65702, -540669, 819 
1718974772634.00, 65641, -539252, 826 
1718974772655.00, 65598, -537830, 842 
1718974772677.00, 65314, -536412, 851 
1718974772699.00, 65529, -534991, 835 
1718974772720.00, 65557, -533570, 844 
1718974772742.00, 65627, -532151, 839 
1718974772763.00, 65567, -530732, 840 
1718974772785.00, 65516, -529311, 846 
1718974772807.00, 65572, -527887, 854 
1718974772828.00, 65578, -526476, 863 
1718974772850.00, 65521, -525048, 863 
1718974772872.00, 65448, -523631, 872 
1718974772893.00, 65451, -522212, 869 
1718974772915.00, 65471, -520789, 874 
1718974772937.00, 65440, -519376, 869 
1718974772959.00, 65525, -517955, 877 
1718974772980.00, 65585, -516535, 902 
1718974773002.00, 65581, -515108, 920 
1718974773023.00, 65505, -513689, 935 
1718974773045.00, 65463, -512266, 939 
1718974773066.00, 65346, -510846, 952 
1718974773088.00, 65390, -509427, 962 
1718974773109.00, 65479, -508007, 976 
1718974773132.00, 65444, -506590, 1002 
1718974773153.00, 65524, -505162, 1032 
1718974773174.00, 65734, -503739, 1043 
1718974773196.00, 65485, -502307, 1052 
1718974773219.00, 65474, -500880, 1074 
1718974773240.00, 65406, -499449, 1102 
1718974773264.00, 65710, -498023, 1098 
1718974773284.00, 65489, -496604, 1127 
1718974773305.00, 65345, -495171, 1147 
1718974773327.00, 65232, -493757, 1157 
1718974773349.00, 65525, -492323, 1155 
1718974773370.00, 65526, -490899, 1163 
1718974773393.00, 65438, -489477, 1173 
1718974773414.00, 65401, -488047, 1192 
1718974773436.00, 65424, -486629, 1202 
1718974773457.00, 65702, -485201, 1202 
1718974773479.00, 65423, -483774, 1214 
1718974773501.00, 65559, -482347, 1218 
1718974773523.00, 65567, -480922, 1234 
1718974773545.00, 65625, -479498, 1248 
1718974773566.00, 65365, -478067, 1261 
1718974773588.00, 65326, -476646, 1278 
1718974773610.00, 65486, -475221, 1281 
1718974773631.00, 65657, -473800, 1288 
1718974773653.00, 65573, -472373, 1296 
1718974773675.00, 65455, -470950, 1320 
1718974773696.00, 65537, -469522, 1327 
1718974773720.00, 65668, -468090, 1338 
1718974773740.00, 65548, -466666, 1339 
1718974773762.00, 65461, -465237, 1337 
1718974773784.00, 65482, -463819, 1352 
1718974773805.00, 65624, -462389, 1356 
1718974773827.00, 65514, -460968, 1372 
1718974773849.00, 65477, -459541, 1370 
1718974773870.00, 65421, -458118, 1366 
1718974773892.00, 65534, -456697, 1358 
1718974773914.00, 65465, -455268, 1350 
1718974773934.00, 65294, -453849, 1358 
1718974773957.00, 65335, -452421, 1340 
1718974773979.00, 65453, -450998, 1342 
1718974774001.00, 65535, -449575, 1322 
1718974774022.00, 65371, -448148, 1319 
1718974774045.00, 65344, -446732, 1309 
1718974774065.00, 65346, -445305, 1282 
1718974774088.00, 65519, -443884, 1266 
1718974774109.00, 65462, -442459, 1249 
1718974774131.00, 65448, -441042, 1236 
1718974774155.00, 65501, -439619, 1202 
1718974774174.00, 65642, -438195, 1189 
1718974774196.00, 65536, -436771, 1146 
1718974774217.00, 65444, -435345, 1117 
1718974774240.00, 65466, -433922, 1070 
1718974774267.00, 65542, -432500, 1024 
1718974774282.00, 37169, -431090, 981 
1718974774305.00, 20069, -430261, 954 
1718974774326.00, 10068, -429807, 930 
1718974774348.00, 4167, -429579, 846 
1718974774370.00, 681, -429484, 776 
1718974774391.00, -670, -429472, 625 
1718974774412.00, -2151, -429487, 447 
1718974774434.00, -2987, -429540, 216 
1718974774455.00, -3476, -429624, 4 
1718974774476.00, -3400, -429716, -206 
1718974774498.00, -15697, -429799, -286 
1718974774519.00, -27934, -430146, -556 
1718974774541.00, -46266, -430748, -657 
1718974774563.00, -57106, -431736, -722 
1718974774587.00, -63384, -432963, -794 
1718974774606.00, -65731, -434341, -814 
1718974774628.00, -65596, -435765, -813 
1718974774649.00, -65590, -437186, -814 
1718974774671.00, -65556, -438608, -800 
1718974774693.00, -65533, -440019, -774 
1718974774714.00, -65488, -441440, -752 
1718974774736.00, -65476, -442860, -743 
1718974774758.00, -65431, -444282, -741 
1718974774779.00, -65539, -445699, -740 
1718974774801.00, -65596, -447117, -738 
1718974774822.00, -65498, -448531, -748 
1718974774844.00, -65533, -449950, -738 
1718974774866.00, -65558, -451379, -737 
1718974774887.00, -65409, -452795, -740 
1718974774911.00, -65568, -454218, -746 
1718974774930.00, -65520, -455627, -737 
1718974774952.00, -65476, -457042, -726 
1718974774974.00, -65444, -458472, -722 
1718974774995.00, -65273, -459888, -696 
1718974775017.00, -65479, -461308, -681 
1718974775038.00, -65609, -462715, -668 
1718974775060.00, -65496, -464141, -682 
1718974775081.00, -65470, -465552, -690 
1718974775104.00, -65472, -466977, -695 
1718974775136.00, -65513, -468400, -704 
1718974775147.00, -65440, -469817, -710 
1718974775169.00, -65377, -471247, -729 
1718974775190.00, -65423, -472653, -738 
1718974775212.00, -65515, -474079, -757 
1718974775233.00, -65547, -475493, -761 
1718974775255.00, -65604, -476921, -776 
1718974775277.00, -65651, -478341, -780 
1718974775298.00, -65444, -479756, -779 
1718974775319.00, -65430, -481172, -789 
1718974775342.00, -65555, -482588, -794 
1718974775363.00, -65593, -484019, -816 
1718974775385.00, -65531, -485437, -822 
1718974775407.00, -65521, -486861, -830 
1718974775428.00, -65551, -488273, -837 
1718974775450.00, -65624, -489692, -838 
1718974775471.00, -65654, -491121, -841 
1718974775493.00, -65503, -492538, -833 
1718974775514.00, -65437, -493963, -849 
1718974775537.00, -65549, -495377, -848 
1718974775558.00, -65590, -496797, -857 
1718974775579.00, -65505, -498212, -852 
1718974775601.00, -65524, -499637, -849 
1718974775623.00, -65617, -501062, -857 
1718974775644.00, -65557, -502480, -857 
1718974775666.00, -65548, -503903, -869 
1718974775687.00, -65491, -505312, -865 
1718974775709.00, -65706, -506742, -878 
1718974775730.00, -65755, -508160, -884 
1718974775753.00, -65499, -509586, -896 
1718974775774.00, -65492, -511000, -896 
1718974775796.00, -65599, -512422, -893 
1718974775818.00, -65516, -513837, -905 
1718974775839.00, -65402, -515257, -905 
1718974775861.00, -65438, -516690, -928 
1718974775882.00, -65561, -518100, -927 
1718974775904.00, -65471, -519524, -909 
1718974775925.00, -65346, -520935, -901 
1718974775948.00, -65289, -522352, -883 
1718974775969.00, -65474, -523776, -876 
1718974775991.00, -65540, -525192, -857 
1718974776013.00, -65519, -526613, -852 
1718974776034.00, -65413, -528023, -832 
1718974776056.00, -65563, -529448, -834 
1718974776077.00, -65476, -530858, -824 
1718974776099.00, -65397, -532279, -818 
1718974776121.00, -65351, -533705, -820 
1718974776142.00, -65438, -535121, -808 
1718974776164.00, -65462, -536548, -826 
1718974776186.00, -65351, -537956, -823 
1718974776207.00, -65460, -539377, -828 
1718974776233.00, -65441, -540798, -836 
1718974776250.00, -65330, -542221, -828 
1718974776272.00, -65399, -543638, -811 
1718974776293.00, -65381, -545049, -772 
1718974776315.00, -65472, -546468, -749 
1718974776337.00, -65448, -547881, -736 
1718974776358.00, -65491, -549310, -745 
1718974776380.00, -65524, -550720, -713 
1718974776402.00, -65526, -552144, -695 
1718974776424.00, -65431, -553561, -694 
1718974776445.00, -65562, -554976, -677 
1718974776467.00, -65461, -556396, -660 
1718974776489.00, -65358, -557811, -637 
1718974776510.00, -65436, -559234, -644 
1718974776532.00, -65293, -560650, -626 
1718974776554.00, -65439, -562064, -600 
1718974776575.00, -65473, -563470, -602 
1718974776597.00, -65437, -564896, -589 
1718974776618.00, -65291, -566322, -583 
1718974776640.00, -65331, -567734, -573 
1718974776666.00, -65446, -569158, -572 
1718974776683.00, -65553, -570566, -573 
1718974776705.00, -65475, -571983, -570 
1718974776727.00, -65431, -573401, -544 
1718974776748.00, -65549, -574830, -517 
1718974776770.00, -65480, -576243, -512 
1718974776791.00, -65428, -577658, -506 
1718974776813.00, -65484, -579074, -491 
1718974776835.00, -65534, -580486, -461 
1718974776856.00, -65132, -581919, -460 
1718974776878.00, -64738, -583325, -454 
1718974776900.00, -64169, -584729, -443 
1718974776921.00, -63103, -586117, -427 
1718974776943.00, -61703, -587484, -416 
1718974776965.00, -60136, -588823, -411 
1718974776986.00, -58980, -590117, -400 
1718974777008.00, -57625, -591396, -382 
1718974777030.00, -55576, -592639, -368 
1718974777050.00, -53414, -593843, -354 
1718974777073.00, -30284, -595002, -347 
1718974777098.00, -16175, -595682, -327 
1718974777116.00, -7959, -596045, -306 
1718974777138.00, -2968, -596216, -252 
1718974777158.00, -80, -596286, -244 
1718974777180.00, 994, -596292, -224 
1718974777202.00, 1929, -596276, -168 
1718974777223.00, 3106, -596234, -78 
1718974777245.00, 3238, -596154, 147 
1718974777267.00, 12292, -596074, 298 
1718974777289.00, 26740, -595810, 391 
1718974777310.00, 41017, -595237, 554 
1718974777332.00, 54165, -594361, 615 
1718974777354.00, 61702, -593197, 665 
1718974777374.00, 65961, -591861, 724 
1718974777397.00, 65686, -590430, 753 
1718974777419.00, 65516, -589014, 746 
1718974777439.00, 65585, -587596, 753 
1718974777461.00, 65498, -586172, 768 
1718974777483.00, 65630, -584753, 769 
1718974777504.00, 65639, -583333, 760 
1718974777526.00, 65388, -581918, 775 
1718974777548.00, 65558, -580493, 768 
1718974777570.00, 65458, -579080, 796 
1718974777591.00, 65561, -577656, 778 
1718974777613.00, 65476, -576237, 816 
1718974777635.00, 65533, -574818, 821 
1718974777657.00, 65425, -573395, 813 
1718974777677.00, 65431, -571980, 841 
1718974777700.00, 65427, -570557, 829 
1718974777721.00, 65352, -569146, 846 
1718974777743.00, 65413, -567723, 841 
1718974777764.00, 65514, -566307, 856 
1718974777785.00, 65538, -564882, 861 
1718974777807.00, 65480, -563464, 875 
1718974777829.00, 65665, -562049, 867 
1718974777851.00, 65477, -560628, 879 
1718974777873.00, 65555, -559213, 893 
1718974777894.00, 65468, -557787, 894 
1718974777916.00, 65526, -556370, 907 
1718974777937.00, 65454, -554955, 905 
1718974777958.00, 65327, -553530, 926 
1718974777981.00, 65399, -552114, 928 
1718974778002.00, 65565, -550691, 933 
1718974778024.00, 65429, -549279, 956 
1718974778045.00, 65531, -547852, 954 
1718974778067.00, 65599, -546437, 967 
1718974778089.00, 65663, -545013, 968 
1718974778110.00, 65573, -543593, 998 
1718974778132.00, 65477, -542177, 995 
1718974778154.00, 65499, -540751, 996 
1718974778175.00, 65741, -539334, 1011 
1718974778197.00, 65612, -537912, 1013 
1718974778220.00, 65546, -536485, 1023 
1718974778240.00, 65611, -535054, 1019 
1718974778262.00, 65435, -533628, 1034 
1718974778284.00, 65536, -532202, 1037 
1718974778305.00, 65480, -530777, 1047 
1718974778327.00, 65478, -529355, 1047 
1718974778349.00, 65514, -527925, 1052 
1718974778371.00, 65411, -526505, 1062 
1718974778393.00, 65436, -525074, 1059 
1718974778414.00, 65483, -523651, 1073 
1718974778436.00, 65384, -522230, 1065 
1718974778457.00, 65489, -520799, 1066 
1718974778479.00, 65428, -519379, 1069 
1718974778501.00, 65439, -517951, 1074 
1718974778522.00, 65437, -516525, 1084 
1718974778545.00, 65613, -515097, 1080 
1718974778566.00, 65530, -513672, 1099 
1718974778589.00, 65421, -512245, 1117 
1718974778610.00, 65290, -510821, 1121 
1718974778632.00, 65462, -509396, 1132 
1718974778654.00, 65544, -507970, 1126 
1718974778675.00, 65463, -506552, 1126 
1718974778697.00, 65450, -505122, 1112 
1718974778719.00, 65640, -503702, 1105 
1718974778741.00, 65654, -502277, 1078 
1718974778763.00, 65386, -500846, 1061 
1718974778784.00, 65337, -499420, 1047 
1718974778805.00, 65613, -497997, 1046 
1718974778828.00, 65516, -496572, 1056 
1718974778849.00, 65399, -495147, 1056 
1718974778871.00, 65323, -493729, 1073 
1718974778892.00, 65475, -492292, 1079 
1718974778914.00, 65618, -490869, 1088 
1718974778936.00, 65362, -489443, 1094 
1718974778958.00, 65346, -488020, 1092 
1718974778979.00, 65438, -486600, 1090 
1718974779001.00, 65569, -485175, 1082 
1718974779023.00, 65506, -483747, 1091 
1718974779045.00, 65699, -482317, 1093 
1718974779067.00, 65538, -480895, 1111 
1718974779088.00, 65586, -479467, 1111 
1718974779110.00, 65334, -478038, 1124 
1718974779131.00, 65207, -476613, 1142 
1718974779153.00, 65453, -475185, 1144 
1718974779178.00, 65682, -473769, 1157 
1718974779196.00, 65463, -472343, 1165 
1718974779219.00, 65488, -470920, 1183 
1718974779240.00, 65506, -469494, 1176 
1718974779262.00, 65891, -468061, 1181 
1718974779286.00, 65636, -466635, 1199 
1718974779305.00, 65661, -465209, 1213 
1718974779327.00, 65487, -463783, 1204 
1718974779349.00, 65636, -462355, 1184 
1718974779371.00, 65530, -460938, 1196 
1718974779397.00, 65502, -459504, 1202 
1718974779414.00, 65365, -458086, 1209 
1718974779436.00, 65465, -456657, 1208 
1718974779458.00, 65412, -455233, 1207 
1718974779478.00, 65287, -453812, 1211 
1718974779500.00, 65374, -452386, 1194 
1718974779523.00, 65372, -450965, 1194 
1718974779544.00, 65529, -449537, 1183 
1718974779565.00, 65327, -448112, 1177 
1718974779587.00, 65458, -446692, 1145 
1718974779610.00, 65447, -445268, 1135 
1718974779631.00, 65699, -443844, 1121 
1718974779653.00, 65521, -442422, 1092 
1718974779674.00, 65544, -441000, 1082 
1718974779696.00, 65426, -439578, 1069 
1718974779718.00, 65518, -438148, 1072 
1718974779739.00, 65458, -436727, 1042 
1718974779761.00, 65246, -435297, 1023 
1718974779783.00, 65240, -433874, 983 
1718974779805.00, 65460, -432463, 939 
1718974779827.00, 37227, -431061, 892 
1718974779848.00, 20254, -430233, 873 
1718974779870.00, 10179, -429778, 845 
1718974779892.00, 4432, -429547, 774 
1718974779913.00, 897, -429452, 697 
1718974779935.00, -533, -429436, 570 
1718974779956.00, -2042, -429450, 383 
1718974779977.00, -3082, -429501, 167 
1718974779998.00, -3586, -429591, -72 
1718974780020.00, -8124, -429682, -287 
1718974780042.00, -23312, -429865, -448 
1718974780063.00, -42070, -430368, -683 
1718974780084.00, -54599, -431272, -794 
1718974780106.00, -61901, -432449, -875 
1718974780128.00, -65850, -433794, -923 
1718974780150.00, -65693, -435230, -953 
1718974780172.00, -65378, -436649, -976 
1718974780193.00, -65510, -438076, -961 
1718974780215.00, -65645, -439487, -936 
1718974780236.00, -65494, -440904, -895 
1718974780258.00, -65448, -442322, -875 
1718974780280.00, -65581, -443742, -861 
1718974780302.00, -65586, -445163, -855 
1718974780323.00, -65524, -446578, -837 
1718974780345.00, -65476, -447993, -830 
1718974780366.00, -65606, -449408, -825 
1718974780387.00, -65609, -450836, -833 
1718974780410.00, -65623, -452263, -827 
1718974780431.00, -65492, -453682, -813 
1718974780453.00, -65395, -455096, -819 
1718974780474.00, -65429, -456511, -808 
1718974780496.00, -65435, -457933, -813 
1718974780518.00, -65483, -459355, -814 
1718974780539.00, -65559, -460775, -821 
1718974780561.00, -65634, -462187, -815 
1718974780583.00, -65574, -463605, -810 
1718974780604.00, -65570, -465022, -812 
1718974780626.00, -65428, -466441, -796 
1718974780647.00, -65499, -467873, -797 
1718974780669.00, -65545, -469288, -787 
1718974780690.00, -65556, -470713, -783 
1718974780712.00, -65495, -472120, -772 
1718974780734.00, -65441, -473540, -759 
1718974780755.00, -65453, -474961, -747 
1718974780778.00, -65293, -476380, -721 
1718974780799.00, -65298, -477805, -716 
1718974780820.00, -65397, -479214, -695 
1718974780842.00, -65356, -480633, -685 
1718974780864.00, -65315, -482043, -679 
1718974780885.00, -65430, -483467, -675 
1718974780907.00, -65529, -484886, -663 
1718974780933.00, -65516, -486304, -653 
1718974780951.00, -65482, -487726, -655 
1718974780972.00, -65460, -489135, -636 
1718974780994.00, -65592, -490561, -638 
1718974781015.00, -65517, -491982, -639 
1718974781037.00, -65490, -493405, -642 
1718974781059.00, -65547, -494816, -641 
1718974781081.00, -65501, -496238, -641 
1718974781102.00, -65547, -497657, -647 
1718974781123.00, -65392, -499075, -638 
1718974781145.00, -65425, -500504, -642 
1718974781167.00, -65371, -501919, -641 
1718974781188.00, -65388, -503345, -648 
1718974781210.00, -65538, -504760, -648 
1718974781231.00, -65515, -506172, -651 
1718974781254.00, -65589, -507596, -650 
1718974781275.00, -65473, -509018, -639 
1718974781297.00, -65426, -510440, -640 
1718974781318.00, -65514, -511854, -627 
1718974781340.00, -65458, -513274, -626 
1718974781366.00, -65537, -514687, -620 
1718974781383.00, -65546, -516112, -612 
1718974781404.00, -65404, -517531, -609 
1718974781426.00, -65345, -518952, -595 
1718974781448.00, -65407, -520370, -592 
1718974781472.00, -65446, -521779, -575 
1718974781491.00, -65515, -523207, -590 
1718974781513.00, -65485, -524622, -579 
1718974781534.00, -65485, -526049, -582 
1718974781557.00, -65379, -527461, -590 
1718974781578.00, -65385, -528880, -587 
1718974781600.00, -65471, -530298, -599 
1718974781622.00, -65669, -531712, -583 
1718974781643.00, -65547, -533145, -578 
1718974781665.00, -65485, -534562, -579 
1718974781686.00, -65685, -535984, -586 
1718974781708.00, -65572, -537396, -572 
1718974781730.00, -65518, -538808, -561 
1718974781751.00, -65651, -540231, -564 
1718974781772.00, -65565, -541655, -557 
1718974781795.00, -65677, -543074, -557 
1718974781816.00, -65591, -544491, -546 
1718974781838.00, -65682, -545917, -565 
1718974781860.00, -65450, -547325, -563 
1718974781881.00, -65460, -548758, -558 
1718974781904.00, -65489, -550174, -560 
1718974781924.00, -65566, -551589, -554 
1718974781946.00, -65472, -553012, -556 
1718974781968.00, -65402, -554423, -539 
1718974781988.00, -65414, -555845, -542 
1718974782011.00, -65461, -557261, -532 
1718974782032.00, -65434, -558680, -526 
1718974782054.00, -65494, -560096, -516 
1718974782076.00, -65437, -561515, -519 
1718974782097.00, -65426, -562932, -536 
1718974782119.00, -65451, -564345, -520 
1718974782140.00, -65496, -565771, -515 
1718974782162.00, -65488, -567187, -507 
1718974782184.00, -65471, -568614, -510 
1718974782206.00, -65385, -570021, -515 
1718974782227.00, -65467, -571439, -503 
1718974782248.00, -65555, -572857, -487 
1718974782270.00, -65459, -574280, -481 
1718974782291.00, -65502, -575699, -491 
1718974782314.00, -65525, -577111, -482 
1718974782335.00, -65561, -578532, -487 
1718974782360.00, -65516, -579941, -487 
1718974782378.00, -65406, -581366, -482 
1718974782400.00, -65441, -582793, -485 
1718974782422.00, -65557, -584207, -481 
1718974782443.00, -65499, -585627, -489 
1718974782465.00, -65515, -587041, -488 
1718974782487.00, -65630, -588461, -488 
1718974782508.00, -65433, -589877, -476 
1718974782530.00, -65483, -591298, -471 
1718974782552.00, -65482, -592713, -455 
1718974782573.00, -64659, -594128, -435 
1718974782595.00, -37071, -595523, -418 
1718974782616.00, -20387, -596338, -424 
1718974782638.00, -10466, -596795, -433 
1718974782660.00, -4625, -597029, -415 
1718974782681.00, -1232, -597132, -432 
1718974782703.00, 102, -597159, -434 
1718974782725.00, 1255, -597161, -424 
1718974782745.00, 2091, -597139, -418 
1718974782768.00, 2606, -597100, -420 
1718974782789.00, 2785, -597043, -422 
1718974782811.00, 3017, -596981, -424 
1718974782833.00, 2973, -596918, -416 
1718974782854.00, 3063, -596851, -416 
1718974782876.00, 3146, -596786, -422 
1718974782898.00, 2994, -596719, -425 
1718974782919.00, 3046, -596652, -428 
1718974782941.00, 2972, -596588, -427 
1718974782962.00, 2954, -596525, -429 
1718974782984.00, 2825, -596462, -437 
1718974783005.00, 2809, -596399, -440 
1718974783027.00, 2492, -596337, -436 
1718974783048.00, 2434, -596280, -439 
1718974783070.00, 2412, -596230, -443 
1718974783092.00, 2325, -596180, -435 
1718974783114.00, 2199, -596130, -434 
1718974783135.00, 2091, -596080, -438 
1718974783157.00, 2179, -596034, -436 
1718974783178.00, 2176, -595987, -438 
1718974783200.00, 2181, -595939, -433 
1718974783221.00, 2117, -595895, -427 
1718974783244.00, 2112, -595849, -438 
1718974783265.00, 2013, -595805, -425 
1718974783287.00, 1975, -595761, -418 
1718974783308.00, 1975, -595720, -433 
1718974783330.00, 1965, -595677, -421 
1718974783351.00, 1918, -595632, -409 
1718974783373.00, 1818, -595593, -418 
1718974783395.00, 1724, -595552, -413 
1718974783417.00, 1603, -595515, -404 
1718974783438.00, 1535, -595478, -409 
1718974783460.00, 1470, -595445, -410 
1718974783482.00, 1400, -595413, -410 
1718974783503.00, 1369, -595382, -414 
1718974783524.00, 1397, -595352, -411 
1718974783545.00, 1401, -595322, -411 
1718974783568.00, 1363, -595292, -414 
1718974783589.00, 1272, -595264, -414 
1718974783611.00, 1294, -595237, -409 
1718974783633.00, 1297, -595208, -408 
1718974783655.00, 1283, -595181, -410 
1718974783676.00, 1271, -595152, -408 
1718974783698.00, 1184, -595125, -406 
1718974783720.00, 1131, -595098, -406 
1718974783741.00, 1112, -595073, -406 
1718974783763.00, 1065, -595048, -401 
1718974783784.00, 1095, -595026, -404 
1718974783806.00, 1067, -595002, -403 
1718974783828.00, 1039, -594980, -406 
1718974783849.00, 1032, -594956, -405 
1718974783871.00, 941, -594934, -405 
1718974783892.00, 940, -594912, -407 
1718974783914.00, 903, -594891, -407 
1718974783935.00, 848, -594871, -406 
1718974783957.00, 919, -594852, -407 
1718974783978.00, 878, -594834, -407 
1718974784000.00, 828, -594815, -406 
1718974784022.00, 827, -594799, -408 
1718974784043.00, 777, -594781, -409 
1718974784065.00, 778, -594763, -408 
1718974784151.00, 708, -594746, -409 
1718974784151.00, 662, -594731, -408 
1718974784151.00, 608, -594717, -407 
1718974784151.00, 601, -594703, -408 
1718974784171.00, 618, -594690, -413 
1718974784194.00, 0, -594678, -599 
1718974784216.00, 0, -594676, -597 
1718974784236.00, 0, -594676, -597 
1718974784257.00, 0, -594676, -596 
1718974784278.00, 0, -594677, -595 
1718974784299.00, 0, -594675, -592 
1718974784321.00, 0, -594677, -589 
1718974784341.00, 0, -594675, -587 
1718974784363.00, 0, -594675, -584 
1718974784384.00, 0, -594675, -573 
1718974784405.00, 0, -594675, -563 
1718974784426.00, 0, -594674, -550 
1718974784448.00, 0, -594674, -535 
1718974784469.00, 0, -594671, -515 
1718974784489.00, 0, -594671, -485 
1718974784511.00, 0, -594669, -444 
1718974784532.00, 0, -594666, -395 
1718974784553.00, 0, -594664, -366 
1718974784575.00, 0, -594663, -335 
1718974784595.00, 0, -594661, -306 
1718974784616.00, 0, -594658, -279 
1718974784637.00, 0, -594658, -258 
1718974784659.00, 0, -594657, -245 
1718974784679.00, 0, -594657, -236 
1718974784700.00, 0, -594656, -232 
1718974784722.00, 0, -594655, -225 
1718974784743.00, 0, -594654, -219 
1718974784764.00, 0, -594654, -211 
1718974784785.00, 0, -594654, -204 
1718974784807.00, 0, -594654, -200 
1718974784828.00, 0, -594653, -197 
1718974784849.00, 0, -594653, -196 
1718974784870.00, 0, -594653, -196 
1718974784891.00, 0, -594653, -196 
1718974784911.00, 0, -594653, -195 
1718974784933.00, 0, -594653, -193 
1718974784954.00, 0, -594652, -192 
1718974784975.00, 0, -594652, -190 
1718974784996.00, 0, -594652, -189 
1718974785017.00, 0, -594653, -188 
1718974785038.00, 0, -594652, -188 
1718974785060.00, 0, -594652, -187 
1718974785081.00, 0, -594652, -187 
1718974785102.00, 0, -594653, -186 
1718974785123.00, 0, -594651, -184 
1718974785144.00, 0, -594652, -183 
1718974785165.00, 0, -594652, -183 
1718974785187.00, 0, -594653, -182 
1718974785208.00, 0, -594651, -180 
1718974785228.00, 0, -594653, -179 
1718974785249.00, 0, -594652, -179 
1718974785270.00, 0, -594652, -179 
1718974785292.00, 0, -594651, -178 
1718974785313.00, 0, -594652, -178 
1718974785334.00, 0, -594652, -178 
1718974785355.00, 0, -594652, -177 
1718974785376.00, 0, -594652, -177 
1718974785398.00, 0, -594652, -177 
1718974785419.00, 0, -594652, -177 
1718974785440.00, 0, -594651, -177 
1718974785461.00, 0, -594652, -178 
1718974785482.00, 0, -594652, -177 
1718974785503.00, 0, -594651, -176 
1718974785524.00, 0, -594651, -177 
1718974785545.00, 0, -594652, -177 
1718974785566.00, 0, -594652, -176 
1718974785588.00, 0, -594651, -176 
1718974785609.00, 0, -594650, -176 
1718974785630.00, 0, -594651, -176 
1718974785651.00, 0, -594651, -176 
1718974785672.00, 0, -594651, -175 
1718974785693.00, 0, -594652, -175 
1718974785714.00, 0, -594651, -175 
1718974785735.00, 0, -594651, -175 
1718974785756.00, 0, -594651, -175 
1718974785778.00, 0, -594652, -175 
1718974785799.00, 0, -594651, -175 
1718974785819.00, 0, -594652, -175 
1718974785840.00, 0, -594651, -175 
1718974785876.00, 0, -594651, -175 
1718974785883.00, 0, -594652, -175 
1718974785904.00, 0, -594651, -175 
1718974785926.00, 0, -594653, -175 
1718974785947.00, 0, -594652, -175 
1718974785967.00, 0, -594652, -175 
1718974785988.00, 0, -594651, -175 
1718974786010.00, 0, -594651, -175 
1718974786030.00, 0, -594651, -176 
1718974786052.00, 0, -594651, -175 
1718974786073.00, 0, -594651, -175 
1718974786094.00, 0, -594651, -175 
1718974786116.00, 0, -594651, -176 
1718974786137.00, 0, -594651, -176 
1718974786157.00, 0, -594650, -176 
1718974786179.00, 0, -594651, -176 
1718974786200.00, 0, -594651, -176 
1718974786221.00, 0, -594651, -177 
1718974786242.00, 0, -594651, -177 
1718974786263.00, 0, -594652, -177 
1718974786285.00, 0, -594651, -177 
1718974786306.00, 0, -594652, -177 
1718974786327.00, 0, -594651, -177 
1718974786348.00, 0, -594651, -177 
1718974786368.00, 0, -594651, -178 
1718974786390.00, 0, -594652, -178 
1718974786410.00, 0, -594652, -178 
1718974786432.00, 0, -594652, -179 
1718974786453.00, 0, -594651, -179 
1718974786474.00, 0, -594652, -179 
1718974786495.00, 0, -594651, -180 
1718974786516.00, 0, -594652, -180 
1718974786538.00, 0, -594652, -181 
1718974786558.00, 0, -594652, -181 
1718974786582.00, 0, -594652, -182 
1718974786601.00, 0, -594651, -182 
1718974786622.00, 0, -594651, -182 
1718974786644.00, 0, -594652, -182 
1718974786664.00, 0, -594652, -183 
1718974786686.00, 0, -594651, -183 
1718974786706.00, 0, -594652, -183 
1718974786728.00, 0, -594652, -183 
1718974786749.00, 0, -594651, -183 
1718974786770.00, 0, -594652, -184 
1718974786791.00, 0, -594651, -185 
1718974786812.00, 0, -594652, -184 
1718974786833.00, 0, -594652, -184 
1718974786855.00, 0, -594651, -185 
1718974786876.00, 0, -594651, -186 
1718974786897.00, 0, -594652, -186 
1718974786917.00, 0, -594651, -185 
1718974786939.00, 0, -594652, -185 
1718974786959.00, 0, -594652, -186 
1718974786981.00, 0, -594652, -187 
1718974787002.00, 0, -594651, -186 
1718974787024.00, 0, -594652, -186 
1718974787045.00, 0, -594651, -187 
1718974787066.00, 0, -594651, -187 
