1720611052660.00, 884, -599693, -197 
1720611052682.00, 832, -599676, -195 
1720611052703.00, 770, -599656, -193 
1720611052724.00, 779, -599641, -192 
1720611052746.00, 742, -599624, -194 
1720611052767.00, 696, -599607, -198 
1720611052789.00, 699, -599592, -200 
1720611052811.00, 661, -599579, -201 
1720611052832.00, 624, -599565, -199 
1720611052853.00, 580, -599549, -198 
1720611052876.00, 539, -599538, -198 
1720611052897.00, 500, -599526, -199 
1720611052918.00, 494, -599516, -200 
1720611052939.00, 486, -599505, -200 
1720611052961.00, 493, -599493, -201 
1720611052983.00, 467, -599482, -201 
1720611053005.00, 489, -599473, -202 
1720611053026.00, 512, -599464, -202 
1720611053048.00, 541, -599453, -201 
1720611053069.00, 512, -599441, -202 
1720611053091.00, 496, -599429, -203 
1720611053112.00, 432, -599420, -204 
1720611053134.00, 423, -599411, -203 
1720611053155.00, 389, -599402, -203 
1720611053177.00, 381, -599394, -204 
1720611053198.00, 358, -599385, -205 
1720611053220.00, 326, -599378, -205 
1720611053242.00, 309, -599370, -205 
1720611053263.00, 324, -599362, -205 
1720611053285.00, 312, -599355, -205 
1720611053306.00, 309, -599349, -204 
1720611053328.00, 296, -599343, -204 
1720611053350.00, 297, -599336, -205 
1720611053371.00, 285, -599329, -205 
1720611053393.00, 285, -599324, -205 
1720611053414.00, 284, -599317, -206 
1720611053436.00, 283, -599311, -206 
1720611053457.00, 282, -599305, -205 
1720611053479.00, 283, -599298, -205 
1720611053501.00, 281, -599293, -204 
1720611053527.00, 338, -599286, -203 
1720611053543.00, 312, -599279, -202 
1720611053565.00, 305, -599273, -202 
1720611053586.00, 262, -599267, -203 
1720611053607.00, 247, -599261, -203 
1720611053630.00, 250, -599257, -204 
1720611053651.00, 250, -599250, -206 
1720611053672.00, 232, -599246, -205 
1720611053694.00, 219, -599240, -203 
1720611053715.00, 199, -599235, -202 
1720611053737.00, 200, -599231, -203 
1720611053758.00, 211, -599227, -204 
1720611053780.00, 209, -599221, -204 
1720611053802.00, 198, -599218, -203 
1720611053823.00, 186, -599215, -203 
1720611053845.00, 198, -599210, -202 
1720611053866.00, 191, -599207, -200 
1720611053888.00, 175, -599203, -200 
1720611053909.00, 164, -599198, -201 
1720611053931.00, 166, -599196, -202 
1720611053953.00, 153, -599190, -202 
1720611053974.00, 138, -599187, -201 
1720611053996.00, 126, -599185, -200 
1720611054017.00, 131, -599182, -201 
1720611054039.00, 143, -599180, -202 
1720611054060.00, 155, -599176, -202 
1720611054082.00, 150, -599173, -201 
1720611054104.00, 143, -599169, -201 
1720611054125.00, 124, -599166, -201 
1720611054147.00, 130, -599163, -201 
1720611054168.00, 109, -599161, -201 
1720611054191.00, 112, -599158, -201 
1720611054211.00, 108, -599156, -201 
1720611054233.00, 104, -599154, -201 
1720611054254.00, 105, -599153, -201 
1720611054275.00, 101, -599149, -202 
1720611054298.00, 105, -599148, -202 
1720611054320.00, 105, -599146, -204 
1720611054341.00, 100, -599144, -206 
1720611054362.00, 92, -599143, -208 
1720611054384.00, 97, -599140, -208 
1720611054406.00, 105, -599137, -208 
1720611054427.00, 90, -599135, -208 
1720611054449.00, 87, -599134, -208 
1720611054470.00, 89, -599130, -207 
1720611054492.00, 72, -599129, -209 
1720611054513.00, 83, -599127, -212 
1720611054535.00, 82, -599126, -216 
1720611054556.00, 68, -599125, -219 
1720611054577.00, 55, -599124, -221 
1720611054599.00, 61, -599124, -223 
1720611054621.00, 53, -599122, -226 
1720611054642.00, 55, -599120, -231 
1720611054663.00, 63, -599119, -235 
1720611054685.00, 48, -599118, -237 
1720611054706.00, 44, -599118, -239 
1720611054730.00, 48, -599117, -239 
1720611054749.00, 47, -599115, -239 
1720611054771.00, 58, -599114, -238 
1720611054792.00, 63, -599112, -235 
1720611054813.00, 62, -599112, -233 
1720611054841.00, 70, -599110, -232 
1720611054857.00, 61, -599108, -232 
1720611054878.00, 69, -599107, -235 
1720611054899.00, 62, -599106, -236 
1720611054920.00, 66, -599103, -238 
1720611054943.00, 69, -599102, -236 
1720611054963.00, 62, -599101, -234 
1720611054985.00, 63, -599100, -232 
1720611055006.00, 55, -599098, -230 
1720611055028.00, 68, -599097, -228 
1720611055050.00, 61, -599096, -227 
1720611055071.00, 58, -599095, -226 
1720611055093.00, 41, -599094, -226 
1720611055114.00, 46, -599092, -227 
1720611055135.00, 26, -599092, -227 
1720611055157.00, 66, -599092, -226 
1720611055178.00, 64, -599090, -226 
1720611055200.00, 63, -599089, -226 
1720611055222.00, 34, -599088, -222 
1720611055243.00, 68, -599088, -218 
1720611055264.00, 7, -599088, -221 
1720611055286.00, -1, -599086, -227 
1720611055307.00, 17, -599086, -232 
1720611055328.00, 39, -599086, -236 
1720611055350.00, 1, -599085, -235 
1720611055372.00, 10, -599084, -230 
1720611055393.00, 1, -599084, -223 
1720611055414.00, 0, -599082, -218 
1720611055435.00, 51, -599083, -213 
1720611055456.00, 1, -599081, -209 
1720611055477.00, 0, -599081, -206 
1720611055499.00, 0, -599081, -203 
1720611055520.00, 0, -599080, -200 
1720611055541.00, 0, -599080, -200 
1720611055563.00, 0, -599079, -199 
1720611055584.00, 0, -599079, -196 
1720611055606.00, -5, -599079, -195 
1720611055627.00, 0, -599079, -199 
1720611055649.00, 37, -599080, -203 
1720611055670.00, 0, -599080, -204 
1720611055690.00, 0, -599078, -206 
1720611055714.00, 0, -599079, -210 
1720611055733.00, -2, -599079, -213 
1720611055755.00, 10, -599079, -216 
1720611055776.00, 0, -599079, -218 
1720611055798.00, 0, -599080, -218 
1720611055819.00, 0, -599078, -216 
1720611055840.00, 0, -599079, -217 
1720611055861.00, 0, -599079, -219 
1720611055883.00, 0, -599079, -218 
1720611055904.00, 0, -599079, -218 
1720611055925.00, 0, -599079, -217 
1720611055947.00, -1, -599078, -219 
1720611055968.00, 0, -599078, -222 
1720611055989.00, 0, -599079, -224 
1720611056010.00, 0, -599078, -224 
1720611056032.00, 0, -599078, -225 
1720611056053.00, 0, -599078, -223 
1720611056074.00, 0, -599079, -221 
1720611056095.00, -4, -599079, -217 
1720611056117.00, 0, -599079, -216 
1720611056138.00, 0, -599080, -233 
1720611056159.00, -9, -599080, -239 
1720611056181.00, 5, -599078, -224 
1720611056202.00, 0, -599079, -233 
1720611056224.00, 0, -599079, -233 
1720611056245.00, 0, -599079, -236 
1720611056266.00, 0, -599079, -240 
1720611056287.00, 0, -599080, -239 
1720611056309.00, 0, -599080, -234 
1720611056330.00, 0, -599079, -230 
1720611056351.00, 10, -599079, -231 
1720611056376.00, 0, -599080, -227 
1720611056394.00, 0, -599079, -227 
1720611056415.00, 0, -599079, -232 
1720611056436.00, 0, -599079, -234 
1720611056458.00, 39, -599078, -235 
1720611056479.00, 0, -599081, -257 
1720611056500.00, 0, -599080, -264 
1720611056521.00, 0, -599081, -260 
1720611056543.00, 0, -599081, -259 
1720611056564.00, 0, -599080, -259 
1720611056586.00, 0, -599080, -268 
1720611056607.00, 0, -599081, -279 
1720611056628.00, 0, -599081, -289 
1720611056649.00, 32, -599081, -294 
1720611056671.00, 0, -599081, -295 
1720611056692.00, 0, -599082, -295 
1720611056713.00, 0, -599082, -298 
1720611056735.00, 0, -599082, -309 
1720611056756.00, 0, -599084, -318 
1720611056777.00, 0, -599082, -320 
1720611056799.00, -5, -599084, -314 
1720611056820.00, 0, -599082, -310 
1720611056841.00, 0, -599082, -308 
1720611056863.00, 0, -599083, -303 
1720611056884.00, 0, -599083, -301 
1720611056905.00, 0, -599082, -300 
1720611056926.00, 0, -599082, -302 
1720611056947.00, 0, -599082, -297 
1720611056969.00, 0, -599082, -292 
1720611056990.00, 3, -599082, -283 
1720611057012.00, 0, -599082, -275 
1720611057033.00, 0, -599081, -265 
1720611057054.00, 0, -599080, -255 
1720611057076.00, 0, -599079, -245 
1720611057097.00, 0, -599079, -233 
1720611057118.00, 0, -599078, -220 
1720611057139.00, 0, -599077, -210 
1720611057160.00, 0, -599077, -203 
1720611057181.00, 0, -599076, -201 
1720611057203.00, 2, -599076, -199 
1720611057225.00, 0, -599076, -196 
1720611057245.00, 1, -599077, -186 
1720611057267.00, 0, -599075, -171 
1720611057289.00, 50, -599074, -153 
1720611057310.00, 67, -599071, -136 
1720611057331.00, 59, -599070, -117 
1720611057354.00, 143, -599067, -84 
1720611057374.00, 227, -599062, -37 
1720611057396.00, 184, -599056, -18 
1720611057418.00, 193, -599051, 1 
1720611057439.00, 315, -599041, 55 
1720611057464.00, 3723, -599024, 161 
1720611057482.00, 12034, -598928, 307 
1720611057503.00, 25676, -598669, 369 
1720611057525.00, 37511, -598112, 491 
1720611057547.00, 52006, -597306, 483 
1720611057570.00, 60086, -596185, 681 
1720611057590.00, 76616, -594877, 715 
1720611057612.00, 88538, -593214, 719 
1720611057633.00, 95868, -591287, 800 
1720611057655.00, 105103, -589205, 842 
1720611057677.00, 113278, -586912, 844 
1720611057697.00, 117849, -584444, 889 
1720611057720.00, 122842, -581880, 933 
1720611057742.00, 124003, -579202, 956 
1720611057764.00, 123779, -576499, 991 
1720611057784.00, 123827, -573800, 1016 
1720611057806.00, 123856, -571095, 1052 
1720611057827.00, 123851, -568395, 1074 
1720611057850.00, 123821, -565689, 1092 
1720611057871.00, 123758, -562986, 1126 
1720611057893.00, 123740, -560269, 1146 
1720611057915.00, 123790, -557575, 1144 
1720611057937.00, 123755, -554882, 1174 
1720611057959.00, 123651, -552167, 1196 
1720611057981.00, 123666, -549466, 1224 
1720611058002.00, 123902, -546763, 1232 
1720611058024.00, 123809, -544055, 1259 
1720611058046.00, 123836, -541352, 1281 
1720611058068.00, 123876, -538656, 1300 
1720611058090.00, 123810, -535949, 1335 
1720611058111.00, 123847, -533240, 1345 
1720611058133.00, 124006, -530532, 1371 
1720611058155.00, 123798, -527828, 1401 
1720611058177.00, 123907, -525117, 1435 
1720611058198.00, 123855, -522418, 1462 
1720611058220.00, 123575, -519720, 1480 
1720611058243.00, 123703, -517007, 1490 
1720611058264.00, 123784, -514309, 1486 
1720611058285.00, 123923, -511600, 1495 
1720611058307.00, 123841, -508904, 1491 
1720611058329.00, 123925, -506208, 1496 
1720611058351.00, 123784, -503501, 1516 
1720611058373.00, 123844, -500783, 1546 
1720611058395.00, 123908, -498082, 1565 
1720611058416.00, 123724, -495374, 1589 
1720611058439.00, 123849, -492667, 1625 
1720611058460.00, 123691, -489976, 1645 
1720611058482.00, 123616, -487266, 1662 
1720611058504.00, 123823, -484550, 1677 
1720611058525.00, 123784, -481857, 1695 
1720611058547.00, 123646, -479148, 1691 
1720611058569.00, 123765, -476448, 1697 
1720611058591.00, 123770, -473754, 1708 
1720611058613.00, 123610, -471046, 1708 
1720611058635.00, 123798, -468338, 1706 
1720611058657.00, 123824, -465644, 1698 
1720611058679.00, 123746, -462938, 1691 
1720611058700.00, 123831, -460236, 1685 
1720611058722.00, 123746, -457545, 1650 
1720611058744.00, 123630, -454834, 1620 
1720611058765.00, 123648, -452129, 1597 
1720611058787.00, 123602, -449439, 1579 
1720611058809.00, 123585, -446733, 1550 
1720611058831.00, 123683, -444038, 1509 
1720611058853.00, 123621, -441349, 1456 
1720611058875.00, 123512, -438651, 1387 
1720611058896.00, 123560, -435952, 1312 
1720611058918.00, 123509, -433251, 1236 
1720611058940.00, 123531, -430566, 1128 
1720611058963.00, 69095, -427901, 975 
1720611058985.00, 36979, -426392, 849 
1720611059006.00, 18245, -425586, 658 
1720611059027.00, 7712, -425184, 428 
1720611059049.00, 1559, -425012, 342 
1720611059071.00, -1675, -424981, 241 
1720611059092.00, -4018, -425017, 105 
1720611059114.00, -5367, -425120, -103 
1720611059135.00, -12367, -425244, -299 
1720611059157.00, -28083, -425513, -488 
1720611059179.00, -48589, -426104, -649 
1720611059200.00, -70311, -427136, -726 
1720611059222.00, -87823, -428672, -789 
1720611059243.00, -101851, -430582, -879 
1720611059265.00, -115459, -432798, -902 
1720611059287.00, -123746, -435344, -888 
1720611059309.00, -123829, -438038, -878 
1720611059331.00, -123799, -440718, -876 
1720611059352.00, -123873, -443416, -883 
1720611059374.00, -123766, -446112, -904 
1720611059396.00, -123910, -448787, -918 
1720611059417.00, -123832, -451504, -926 
1720611059439.00, -123839, -454191, -935 
1720611059461.00, -123812, -456869, -956 
1720611059483.00, -123660, -459578, -993 
1720611059504.00, -123770, -462265, -995 
1720611059524.00, -123750, -464957, -1005 
1720611059547.00, -123811, -467676, -1025 
1720611059568.00, -123783, -470377, -1040 
1720611059590.00, -123853, -473064, -1051 
1720611059612.00, -123806, -475772, -1074 
1720611059634.00, -123749, -478480, -1079 
1720611059660.00, -123937, -481182, -1056 
1720611059677.00, -123765, -483900, -1075 
1720611059699.00, -123668, -486596, -1091 
1720611059721.00, -123769, -489282, -1069 
1720611059743.00, -123752, -492002, -1091 
1720611059765.00, -123665, -494714, -1107 
1720611059787.00, -123745, -497413, -1095 
1720611059808.00, -123778, -500125, -1097 
1720611059830.00, -123756, -502823, -1120 
1720611059852.00, -123801, -505520, -1146 
1720611059873.00, -123836, -508231, -1162 
1720611059895.00, -123695, -510938, -1152 
1720611059918.00, -123720, -513636, -1150 
1720611059939.00, -123671, -516350, -1141 
1720611059961.00, -123703, -519042, -1140 
1720611059983.00, -123577, -521736, -1136 
1720611060005.00, -123675, -524451, -1115 
1720611060027.00, -123603, -527148, -1091 
1720611060049.00, -123728, -529853, -1084 
1720611060070.00, -123777, -532553, -1077 
1720611060092.00, -123703, -535254, -1095 
1720611060114.00, -123698, -537957, -1121 
1720611060136.00, -123851, -540666, -1127 
1720611060158.00, -123690, -543373, -1112 
1720611060179.00, -123695, -546070, -1122 
1720611060201.00, -123889, -548774, -1135 
1720611060223.00, -123884, -551471, -1150 
1720611060245.00, -123701, -554171, -1164 
1720611060267.00, -123784, -556885, -1167 
1720611060288.00, -123586, -559581, -1173 
1720611060310.00, -123692, -562286, -1174 
1720611060331.00, -123700, -564975, -1171 
1720611060353.00, -123687, -567683, -1164 
1720611060376.00, -123755, -570384, -1156 
1720611060397.00, -123812, -573091, -1144 
1720611060419.00, -123730, -575793, -1119 
1720611060441.00, -123794, -578481, -1062 
1720611060464.00, -123800, -581180, -974 
1720611060486.00, -123697, -583863, -902 
1720611060507.00, -123617, -586559, -827 
1720611060529.00, -120072, -589239, -746 
1720611060551.00, -113219, -591846, -669 
1720611060573.00, -104487, -594289, -592 
1720611060594.00, -58593, -596537, -516 
1720611060616.00, -31380, -597814, -500 
1720611060637.00, -14883, -598517, -396 
1720611060659.00, -5590, -598853, -268 
1720611060680.00, -58, -598983, -223 
1720611060702.00, 2555, -598991, -125 
1720611060724.00, 4424, -598948, -59 
1720611060745.00, 5813, -598850, 39 
1720611060767.00, 8412, -598702, 311 
1720611060788.00, 26165, -598511, 461 
1720611060810.00, 46359, -597961, 479 
1720611060831.00, 59015, -596972, 677 
1720611060853.00, 78165, -595697, 812 
1720611060875.00, 97870, -593995, 752 
1720611060896.00, 105869, -591883, 838 
1720611060918.00, 115495, -589575, 866 
1720611060940.00, 122893, -587057, 827 
1720611060965.00, 123906, -584382, 868 
1720611060984.00, 123750, -581691, 880 
1720611061005.00, 123802, -578994, 868 
1720611061027.00, 123660, -576301, 880 
1720611061049.00, 123736, -573604, 896 
1720611061070.00, 123729, -570908, 929 
1720611061092.00, 123686, -568211, 969 
1720611061113.00, 123768, -565524, 990 
1720611061134.00, 123810, -562838, 1002 
1720611061156.00, 123968, -560122, 1031 
1720611061180.00, 123851, -557415, 1048 
1720611061200.00, 123873, -554720, 1070 
1720611061222.00, 123823, -552015, 1099 
1720611061243.00, 123694, -549304, 1143 
1720611061265.00, 123811, -546595, 1163 
1720611061289.00, 123604, -543893, 1196 
1720611061309.00, 123783, -541177, 1218 
1720611061331.00, 123706, -538480, 1258 
1720611061352.00, 123685, -535780, 1279 
1720611061374.00, 123937, -533071, 1310 
1720611061396.00, 123698, -530363, 1322 
1720611061418.00, 123635, -527653, 1363 
1720611061440.00, 124080, -524951, 1361 
1720611061462.00, 123963, -522247, 1380 
1720611061483.00, 123785, -519547, 1378 
1720611061507.00, 123763, -516843, 1385 
1720611061527.00, 123688, -514131, 1416 
1720611061548.00, 123564, -511430, 1451 
1720611061570.00, 123721, -508718, 1482 
1720611061592.00, 123735, -506019, 1502 
1720611061614.00, 123620, -503323, 1523 
1720611061636.00, 123665, -500615, 1539 
1720611061658.00, 123697, -497912, 1514 
1720611061680.00, 123626, -495205, 1480 
1720611061701.00, 123927, -492506, 1514 
1720611061723.00, 123835, -489808, 1537 
1720611061745.00, 123760, -487100, 1556 
1720611061767.00, 123708, -484393, 1574 
1720611061789.00, 123569, -481686, 1563 
1720611061811.00, 123497, -478983, 1576 
1720611061833.00, 123785, -476280, 1606 
1720611061854.00, 123689, -473590, 1627 
1720611061876.00, 123584, -470878, 1635 
1720611061898.00, 123592, -468169, 1638 
1720611061920.00, 123544, -465479, 1629 
1720611061941.00, 123507, -462771, 1631 
1720611061963.00, 123765, -460072, 1614 
1720611061985.00, 123722, -457378, 1625 
1720611062006.00, 123623, -454679, 1619 
1720611062029.00, 123688, -451966, 1597 
1720611062051.00, 123579, -449268, 1567 
1720611062072.00, 123585, -446569, 1538 
1720611062094.00, 123773, -443866, 1499 
1720611062116.00, 123613, -441179, 1443 
1720611062138.00, 123449, -438472, 1380 
1720611062159.00, 123468, -435774, 1293 
1720611062181.00, 123463, -433086, 1200 
1720611062203.00, 123296, -430390, 1057 
1720611062226.00, 68799, -427734, 881 
1720611062248.00, 36827, -426237, 690 
1720611062269.00, 18190, -425430, 535 
1720611062291.00, 7402, -425029, 324 
1720611062312.00, 1346, -424864, 169 
1720611062334.00, -1700, -424843, 66 
1720611062355.00, -3726, -424881, -64 
1720611062377.00, -8422, -424971, -213 
1720611062397.00, -20103, -425163, -325 
1720611062420.00, -34096, -425613, -643 
1720611062442.00, -61601, -426336, -679 
1720611062463.00, -79997, -427654, -742 
1720611062485.00, -94456, -429399, -862 
1720611062507.00, -110455, -431457, -882 
1720611062529.00, -120849, -433856, -895 
1720611062550.00, -123878, -436500, -909 
1720611062572.00, -123897, -439201, -915 
1720611062594.00, -123850, -441903, -926 
1720611062615.00, -123648, -444600, -921 
1720611062637.00, -123833, -447278, -928 
1720611062659.00, -123845, -449970, -939 
1720611062680.00, -123716, -452665, -954 
1720611062702.00, -123784, -455359, -880 
1720611062724.00, -123799, -458054, -874 
1720611062745.00, -123706, -460753, -885 
1720611062767.00, -123868, -463424, -877 
1720611062789.00, -123762, -466119, -885 
1720611062810.00, -123614, -468814, -886 
1720611062832.00, -123680, -471512, -894 
1720611062854.00, -123610, -474200, -873 
1720611062876.00, -122978, -476896, -896 
1720611062898.00, -123425, -479559, -910 
1720611062919.00, -123562, -482240, -925 
1720611062941.00, -123642, -484939, -926 
1720611062962.00, -123778, -487629, -926 
1720611062984.00, -123834, -490323, -918 
1720611063006.00, -123977, -493013, -926 
1720611063028.00, -123820, -495702, -959 
1720611063049.00, -123704, -498394, -985 
1720611063071.00, -123757, -501097, -974 
1720611063093.00, -123710, -503793, -972 
1720611063115.00, -123735, -506480, -993 
1720611063135.00, -123955, -509172, -1007 
1720611063157.00, -123897, -511877, -1037 
1720611063179.00, -123767, -514574, -1065 
1720611063201.00, -123741, -517301, -1069 
1720611063223.00, -123813, -519999, -1082 
1720611063245.00, -123953, -522696, -1095 
1720611063266.00, -123808, -525402, -1109 
1720611063288.00, -123707, -528101, -1124 
1720611063310.00, -123773, -530796, -1111 
1720611063332.00, -123664, -533523, -1143 
1720611063354.00, -123585, -536227, -1123 
1720611063375.00, -123779, -538909, -1125 
1720611063397.00, -123882, -541620, -1146 
1720611063419.00, -123888, -544328, -1156 
1720611063440.00, -123742, -547021, -1156 
1720611063463.00, -123745, -549731, -1145 
1720611063484.00, -123865, -552438, -1114 
1720611063507.00, -123956, -555126, -1122 
1720611063528.00, -123841, -557834, -1153 
1720611063549.00, -123659, -560543, -1152 
1720611063571.00, -123556, -563229, -1127 
1720611063601.00, -123558, -565949, -1114 
1720611063615.00, -123605, -568648, -1136 
1720611063637.00, -123732, -571327, -1114 
1720611063659.00, -123702, -574040, -1090 
1720611063681.00, -123742, -576742, -1085 
1720611063702.00, -123637, -579441, -1053 
1720611063726.00, -123653, -582152, -999 
1720611063747.00, -123779, -584833, -949 
1720611063769.00, -123818, -587512, -896 
1720611063791.00, -123604, -590200, -813 
1720611063813.00, -119323, -592887, -708 
1720611063834.00, -67162, -595455, -625 
1720611063855.00, -36131, -596902, -607 
1720611063877.00, -17696, -597701, -418 
1720611063898.00, -6929, -598101, -302 
1720611063920.00, -884, -598266, -239 
1720611063942.00, 1929, -598283, -85 
1720611063963.00, 4081, -598250, -21 
1720611063985.00, 5503, -598156, 126 
1720611064006.00, 13645, -598016, 348 
1720611064032.00, 31832, -597710, 621 
1720611064050.00, 59206, -597048, 534 
1720611064072.00, 69994, -595795, 626 
1720611064094.00, 81731, -594262, 759 
1720611064115.00, 96600, -592495, 789 
1720611064137.00, 107076, -590391, 808 
1720611064158.00, 114290, -588069, 863 
1720611064180.00, 121784, -585569, 884 
1720611064202.00, 124069, -582912, 905 
1720611064224.00, 123910, -580210, 937 
1720611064245.00, 123789, -577514, 956 
1720611064267.00, 123863, -574815, 983 
1720611064288.00, 123827, -572132, 1031 
1720611064309.00, 123862, -569425, 1040 
1720611064331.00, 123771, -566711, 1054 
1720611064354.00, 123793, -564012, 1073 
1720611064375.00, 123626, -561304, 1083 
1720611064396.00, 123591, -558603, 1100 
1720611064418.00, 123959, -555903, 1119 
1720611064440.00, 123878, -553195, 1128 
1720611064470.00, 123965, -550487, 1141 
1720611064483.00, 123834, -547785, 1160 
1720611064505.00, 123783, -545075, 1185 
1720611064527.00, 123780, -542380, 1208 
1720611064549.00, 123808, -539673, 1273 
1720611064571.00, 123777, -536968, 1259 
1720611064593.00, 123768, -534260, 1285 
1720611064615.00, 123885, -531546, 1311 
1720611064637.00, 123848, -528845, 1353 
1720611064658.00, 123740, -526146, 1371 
1720611064685.00, 123822, -523443, 1381 
1720611064702.00, 123829, -520729, 1394 
1720611064723.00, 123741, -518027, 1416 
1720611064746.00, 123867, -515320, 1441 
1720611064767.00, 123753, -512614, 1456 
1720611064790.00, 123545, -509921, 1451 
1720611064811.00, 123881, -507211, 1441 
1720611064833.00, 123779, -504501, 1445 
1720611064855.00, 123820, -501803, 1454 
1720611064876.00, 123933, -499092, 1467 
1720611064898.00, 123781, -496395, 1492 
1720611064920.00, 123666, -493693, 1505 
1720611064942.00, 123783, -490990, 1505 
1720611064963.00, 123738, -488282, 1486 
1720611064985.00, 123476, -485587, 1481 
1720611065011.00, 123859, -482877, 1479 
1720611065029.00, 123678, -480176, 1485 
1720611065051.00, 123525, -477482, 1465 
1720611065073.00, 123943, -474763, 1444 
1720611065095.00, 123737, -472061, 1442 
1720611065120.00, 123827, -469360, 1462 
1720611065138.00, 124107, -466655, 1470 
1720611065160.00, 123901, -463957, 1477 
1720611065181.00, 123659, -461252, 1462 
1720611065203.00, 123710, -458541, 1453 
1720611065225.00, 123666, -455837, 1451 
1720611065247.00, 123530, -453143, 1434 
1720611065269.00, 123755, -450434, 1417 
1720611065290.00, 123651, -447741, 1384 
1720611065313.00, 123415, -445038, 1345 
1720611065335.00, 123582, -442339, 1273 
1720611065357.00, 123592, -439642, 1199 
1720611065378.00, 123738, -436941, 1133 
1720611065400.00, 123834, -434242, 1021 
1720611065423.00, 123746, -431557, 862 
1720611065445.00, 74001, -428893, 675 
1720611065466.00, 44676, -427291, 558 
1720611065488.00, 27378, -426319, 438 
1720611065509.00, 17375, -425719, 291 
1720611065531.00, 11379, -425344, 174 
1720611065552.00, 7769, -425114, 29 
1720611065574.00, 5584, -424964, -222 
1720611065595.00, -7685, -424852, -328 
1720611065618.00, -23144, -425016, -367 
1720611065639.00, -34866, -425519, -676 
1720611065665.00, -60516, -426265, -804 
1720611065682.00, -83325, -427557, -795 
1720611065704.00, -96531, -429361, -826 
1720611065726.00, -106057, -431471, -918 
1720611065747.00, -114990, -433777, -923 
1720611065769.00, -120443, -436292, -913 
1720611065791.00, -123490, -438914, -897 
1720611065813.00, -123821, -441606, -890 
1720611065834.00, -123808, -444307, -899 
1720611065856.00, -123800, -446985, -896 
1720611065878.00, -123627, -449675, -902 
1720611065899.00, -123661, -452377, -905 
1720611065921.00, -123510, -455065, -912 
1720611065943.00, -123673, -457753, -907 
1720611065964.00, -123757, -460448, -918 
1720611065986.00, -123774, -463132, -923 
1720611066008.00, -123869, -465820, -944 
1720611066030.00, -123723, -468520, -925 
1720611066052.00, -123566, -471222, -929 
1720611066073.00, -123663, -473904, -950 
1720611066095.00, -123901, -476601, -977 
1720611066117.00, -123855, -479282, -973 
1720611066138.00, -123775, -481965, -963 
1720611066160.00, -123839, -484680, -975 
1720611066182.00, -123752, -487370, -974 
1720611066204.00, -123694, -490054, -962 
1720611066225.00, -123851, -492748, -962 
1720611066246.00, -123724, -495439, -975 
1720611066267.00, -123702, -498128, -1001 
1720611066289.00, -123786, -500849, -1022 
1720611066311.00, -123584, -503549, -1033 
1720611066333.00, -123710, -506240, -1021 
1720611066355.00, -123949, -508950, -1039 
1720611066376.00, -123880, -511652, -1055 
1720611066398.00, -123763, -514347, -1082 
1720611066420.00, -123857, -517073, -1085 
1720611066442.00, -123856, -519776, -1076 
1720611066464.00, -123721, -522464, -1108 
1720611066486.00, -123905, -525171, -1131 
1720611066507.00, -123685, -527877, -1146 
1720611066529.00, -123623, -530575, -1168 
1720611066551.00, -123558, -533303, -1188 
1720611066572.00, -123453, -536006, -1203 
1720611066595.00, -123715, -538687, -1195 
1720611066617.00, -124017, -541393, -1206 
1720611066638.00, -123743, -544095, -1215 
1720611066660.00, -123654, -546798, -1245 
1720611066681.00, -123693, -549517, -1230 
1720611066704.00, -123571, -552218, -1212 
1720611066725.00, -123572, -554908, -1224 
1720611066747.00, -123670, -557612, -1235 
1720611066769.00, -123654, -560308, -1220 
1720611066791.00, -123687, -563004, -1199 
1720611066813.00, -123733, -565718, -1200 
1720611066835.00, -123462, -568421, -1201 
1720611066856.00, -123556, -571105, -1146 
1720611066878.00, -123840, -573818, -1111 
1720611066900.00, -123780, -576511, -1074 
1720611066921.00, -123577, -579207, -1024 
1720611066945.00, -123558, -581911, -946 
1720611066967.00, -123492, -584591, -865 
1720611066988.00, -122451, -587268, -796 
1720611067010.00, -117604, -589923, -691 
1720611067032.00, -108382, -592474, -598 
1720611067053.00, -97104, -594808, -477 
1720611067075.00, -53894, -596882, -349 
1720611067096.00, -28280, -598066, -290 
1720611067118.00, -13408, -598707, -152 
1720611067140.00, -4837, -599006, -62 
1720611067161.00, -6, -599118, -12 
1720611067182.00, 2676, -599126, 36 
1720611067204.00, 6658, -599072, 128 
1720611067225.00, 14373, -598919, 290 
1720611067247.00, 28522, -598609, 380 
1720611067268.00, 42492, -598000, 409 
1720611067290.00, 52553, -597090, 503 
1720611067313.00, 63774, -595950, 724 
1720611067334.00, 83841, -594565, 701 
1720611067356.00, 94404, -592741, 760 
1720611067377.00, 103863, -590688, 852 
1720611067398.00, 115040, -588426, 895 
1720611067421.00, 123351, -585907, 906 
1720611067442.00, 123980, -583215, 913 
1720611067463.00, 123817, -580526, 932 
1720611067485.00, 123870, -577827, 931 
1720611067508.00, 123689, -575142, 957 
1720611067529.00, 123701, -572445, 974 
1720611067550.00, 123664, -569746, 984 
1720611067573.00, 123701, -567050, 997 
1720611067593.00, 123546, -564362, 1002 
1720611067615.00, 123769, -561665, 1000 
1720611067638.00, 123765, -558960, 984 
1720611067660.00, 123794, -556276, 975 
1720611067681.00, 123679, -553575, 967 
1720611067703.00, 123878, -550877, 961 
1720611067724.00, 123944, -548190, 974 
1720611067747.00, 123850, -545504, 976 
1720611067768.00, 123706, -542810, 999 
1720611067788.00, 123695, -540106, 1015 
1720611067810.00, 123573, -537409, 1031 
1720611067833.00, 123725, -534701, 1052 
1720611067857.00, 123650, -531993, 1059 
1720611067876.00, 123636, -529294, 1081 
1720611067897.00, 123792, -526593, 1099 
1720611067919.00, 123805, -523880, 1103 
1720611067941.00, 123819, -521177, 1126 
1720611067965.00, 123972, -518474, 1141 
1720611067985.00, 124014, -515768, 1163 
1720611068006.00, 123757, -513066, 1186 
1720611068028.00, 123560, -510363, 1170 
1720611068051.00, 123600, -507659, 1147 
1720611068072.00, 123498, -504955, 1159 
1720611068094.00, 123625, -502257, 1143 
1720611068116.00, 123588, -499553, 1143 
1720611068138.00, 123519, -496858, 1135 
1720611068159.00, 123560, -494153, 1151 
1720611068182.00, 123635, -491448, 1161 
1720611068203.00, 123664, -488744, 1154 
1720611068224.00, 124005, -486050, 1170 
1720611068247.00, 123971, -483339, 1195 
1720611068269.00, 123735, -480640, 1234 
1720611068291.00, 123656, -477934, 1259 
1720611068313.00, 123670, -475228, 1259 
1720611068334.00, 123534, -472522, 1265 
1720611068356.00, 123702, -469817, 1266 
1720611068378.00, 123672, -467124, 1269 
1720611068407.00, 123555, -464419, 1266 
1720611068421.00, 123600, -461718, 1271 
1720611068443.00, 123679, -459011, 1263 
1720611068465.00, 123594, -456309, 1265 
1720611068487.00, 123794, -453611, 1264 
1720611068510.00, 123749, -450915, 1249 
1720611068530.00, 123643, -448209, 1217 
1720611068552.00, 123508, -445499, 1171 
1720611068574.00, 123469, -442805, 1135 
1720611068596.00, 123546, -440111, 1091 
1720611068617.00, 123522, -437414, 1040 
1720611068640.00, 123482, -434718, 982 
1720611068663.00, 123499, -432038, 920 
1720611068684.00, 69224, -429371, 841 
1720611068705.00, 37216, -427865, 796 
1720611068727.00, 18568, -427036, 733 
1720611068749.00, 7792, -426617, 601 
1720611068771.00, 1571, -426445, 476 
1720611068791.00, -1549, -426413, 347 
1720611068813.00, -3845, -426445, 209 
1720611068835.00, -5279, -426540, 40 
1720611068856.00, -6061, -426660, -116 
1720611068878.00, -13359, -426802, -326 
1720611068900.00, -30106, -427102, -596 
1720611068921.00, -56220, -427741, -645 
1720611068943.00, -74636, -428941, -686 
1720611068964.00, -87881, -430560, -781 
1720611068986.00, -101271, -432471, -839 
1720611069007.00, -112573, -434702, -849 
1720611069030.00, -119867, -437157, -875 
1720611069052.00, -124023, -439762, -893 
1720611069072.00, -123771, -442467, -880 
1720611069095.00, -123843, -445170, -861 
1720611069117.00, -123747, -447849, -863 
1720611069138.00, -123824, -450538, -880 
1720611069160.00, -123746, -453238, -901 
1720611069181.00, -123695, -455928, -919 
1720611069203.00, -123793, -458624, -894 
1720611069225.00, -123805, -461320, -906 
1720611069246.00, -123733, -464006, -925 
1720611069269.00, -123899, -466695, -946 
1720611069290.00, -123886, -469385, -947 
1720611069312.00, -123690, -472071, -940 
1720611069333.00, -123821, -474775, -910 
1720611069355.00, -123737, -477470, -914 
1720611069376.00, -123811, -480155, -898 
1720611069398.00, -123698, -482839, -901 
1720611069420.00, -123765, -485530, -899 
1720611069442.00, -123678, -488230, -904 
1720611069464.00, -123806, -490930, -894 
1720611069485.00, -123683, -493625, -888 
1720611069508.00, -123725, -496303, -906 
1720611069529.00, -123905, -498993, -918 
1720611069551.00, -123868, -501700, -935 
1720611069573.00, -123791, -504389, -917 
1720611069594.00, -123848, -507081, -912 
1720611069615.00, -123908, -509784, -936 
1720611069637.00, -123960, -512467, -969 
1720611069660.00, -123788, -515148, -986 
1720611069681.00, -123673, -517861, -999 
1720611069701.00, -123774, -520554, -1016 
1720611069723.00, -123754, -523255, -1064 
1720611069746.00, -123832, -525968, -1080 
1720611069767.00, -123879, -528658, -1112 
1720611069789.00, -123816, -531359, -1140 
1720611069811.00, -123748, -534074, -1161 
1720611069833.00, -123786, -536784, -1168 
1720611069854.00, -123921, -539485, -1172 
1720611069876.00, -123936, -542191, -1169 
1720611069898.00, -123857, -544884, -1185 
1720611069920.00, -123638, -547582, -1195 
1720611069941.00, -123570, -550294, -1153 
1720611069964.00, -123690, -553000, -1104 
1720611069985.00, -123775, -555698, -1088 
1720611070007.00, -123703, -558403, -1082 
1720611070029.00, -123854, -561088, -1020 
1720611070052.00, -123818, -563786, -976 
1720611070074.00, -123796, -566498, -971 
1720611070095.00, -123655, -569186, -919 
1720611070117.00, -123882, -571857, -871 
1720611070139.00, -123862, -574562, -848 
1720611070160.00, -123819, -577250, -831 
1720611070182.00, -123672, -579923, -798 
1720611070204.00, -122731, -582627, -737 
1720611070225.00, -118585, -585304, -675 
1720611070248.00, -112280, -587849, -595 
1720611070269.00, -103406, -590287, -529 
1720611070291.00, -94140, -592528, -437 
1720611070312.00, -83055, -594552, -319 
1720611070334.00, -49958, -596322, -243 
1720611070356.00, -30060, -597412, -195 
1720611070377.00, -18097, -598082, -107 
1720611070398.00, -11139, -598489, -54 
1720611070420.00, -7102, -598735, -22 
1720611070442.00, -4796, -598884, 45 
1720611070463.00, -523, -598984, 90 
1720611070484.00, 4371, -598999, 156 
1720611070506.00, 11430, -598911, 294 
1720611070527.00, 24110, -598670, 351 
1720611070550.00, 34950, -598152, 447 
1720611070571.00, 47171, -597396, 512 
1720611070594.00, 58393, -596376, 649 
1720611070615.00, 73406, -595117, 660 
1720611070636.00, 82914, -593522, 698 
1720611070657.00, 90666, -591724, 762 
1720611070679.00, 99180, -589751, 790 
1720611070707.00, 105956, -587600, 801 
1720611070723.00, 110414, -585294, 824 
1720611070745.00, 114475, -582882, 836 
1720611070766.00, 117523, -580384, 854 
1720611070787.00, 120397, -577824, 879 
1720611070810.00, 123410, -575206, 896 
1720611070832.00, 123734, -572519, 905 
1720611070853.00, 123569, -569824, 928 
1720611070875.00, 123701, -567122, 939 
1720611070896.00, 123722, -564434, 952 
1720611070923.00, 123723, -561734, 975 
1720611070940.00, 123896, -559045, 994 
1720611070960.00, 123731, -556358, 1007 
1720611070982.00, 123934, -553650, 1020 
1720611071004.00, 123861, -550938, 1038 
1720611071026.00, 123888, -548235, 1061 
1720611071047.00, 123807, -545535, 1088 
1720611071070.00, 123725, -542836, 1105 
1720611071091.00, 123798, -540124, 1116 
1720611071113.00, 123619, -537419, 1126 
1720611071139.00, 123737, -534719, 1148 
1720611071156.00, 123657, -532002, 1157 
1720611071179.00, 123642, -529308, 1149 
1720611071201.00, 123690, -526613, 1133 
1720611071222.00, 123727, -523901, 1119 
1720611071246.00, 123791, -521193, 1127 
1720611071266.00, 124001, -518496, 1127 
1720611071287.00, 123916, -515788, 1139 
1720611071310.00, 123860, -513090, 1151 
1720611071331.00, 123616, -510386, 1167 
1720611071356.00, 123800, -507674, 1164 
1720611071375.00, 123554, -504970, 1174 
1720611071397.00, 123775, -502263, 1196 
1720611071419.00, 123689, -499558, 1221 
1720611071440.00, 123607, -496858, 1225 
1720611071464.00, 123781, -494157, 1235 
1720611071484.00, 123829, -491453, 1225 
1720611071506.00, 123665, -488745, 1232 
1720611071528.00, 123995, -486040, 1240 
1720611071549.00, 123843, -483341, 1255 
1720611071572.00, 123707, -480638, 1259 
1720611071593.00, 123804, -477933, 1250 
1720611071615.00, 123640, -475226, 1250 
1720611071637.00, 123624, -472523, 1244 
1720611071658.00, 123820, -469815, 1236 
1720611071681.00, 123669, -467122, 1232 
1720611071703.00, 123592, -464417, 1219 
1720611071724.00, 123770, -461709, 1202 
1720611071746.00, 123643, -459005, 1180 
1720611071767.00, 123690, -456311, 1170 
1720611071793.00, 123758, -453602, 1152 
1720611071811.00, 123722, -450911, 1126 
1720611071833.00, 123660, -448206, 1102 
1720611071855.00, 123545, -445499, 1066 
1720611071877.00, 123449, -442792, 1044 
1720611071902.00, 123556, -440103, 1020 
1720611071922.00, 123599, -437407, 975 
1720611071943.00, 123414, -434725, 907 
1720611071965.00, 123318, -432039, 825 
1720611071987.00, 69027, -429368, 722 
1720611072012.00, 37185, -427877, 670 
1720611072029.00, 18616, -427050, 601 
1720611072052.00, 7674, -426637, 413 
1720611072073.00, 1439, -426466, 274 
1720611072094.00, -1656, -426440, 154 
1720611072119.00, -3721, -426483, 2 
1720611072137.00, -5116, -426573, -185 
1720611072158.00, -16875, -426689, -317 
1720611072181.00, -31796, -427058, -566 
1720611072202.00, -55429, -427735, -581 
1720611072223.00, -70347, -428924, -636 
1720611072245.00, -82453, -430449, -705 
1720611072267.00, -93509, -432244, -718 
1720611072288.00, -100954, -434275, -738 
1720611072310.00, -106462, -436475, -757 
1720611072334.00, -110609, -438804, -751 
1720611072354.00, -112582, -441207, -734 
1720611072376.00, -112697, -443662, -750 
1720611072398.00, -113465, -446110, -764 
1720611072419.00, -114802, -448582, -755 
1720611072441.00, -114884, -451095, -746 
1720611072462.00, -114338, -453587, -758 
1720611072485.00, -114441, -456065, -790 
1720611072506.00, -116540, -458572, -790 
1720611072528.00, -117699, -461118, -799 
1720611072550.00, -118993, -463667, -827 
1720611072571.00, -121222, -466249, -829 
1720611072593.00, -122475, -468897, -815 
1720611072614.00, -122424, -471565, -810 
1720611072636.00, -121868, -474232, -827 
1720611072658.00, -122542, -476888, -832 
1720611072680.00, -123285, -479547, -836 
1720611072701.00, -123840, -482225, -853 
1720611072723.00, -123788, -484929, -839 
1720611072745.00, -123909, -487624, -838 
1720611072766.00, -123877, -490316, -845 
1720611072794.00, -123825, -493007, -869 
1720611072810.00, -123722, -495696, -888 
1720611072832.00, -123723, -498386, -890 
1720611072854.00, -123751, -501090, -878 
1720611072875.00, -123756, -503786, -868 
1720611072897.00, -123734, -506472, -872 
1720611072919.00, -123976, -509163, -877 
1720611072941.00, -123761, -511856, -884 
1720611072962.00, -123701, -514544, -893 
1720611072984.00, -123742, -517251, -880 
1720611073005.00, -123290, -519946, -866 
1720611073028.00, -122514, -522618, -871 
1720611073049.00, -122259, -525288, -905 
1720611073070.00, -122795, -527950, -940 
1720611073092.00, -123202, -530614, -942 
1720611073114.00, -123377, -533317, -926 
1720611073136.00, -123349, -536002, -935 
1720611073158.00, -123610, -538670, -926 
1720611073180.00, -123932, -541366, -942 
1720611073201.00, -123849, -544055, -929 
1720611073222.00, -123699, -546736, -911 
1720611073245.00, -123723, -549447, -897 
1720611073266.00, -123766, -552131, -876 
1720611073288.00, -123277, -554811, -874 
1720611073310.00, -123056, -557497, -868 
1720611073331.00, -122396, -560166, -831 
1720611073353.00, -119736, -562820, -788 
1720611073375.00, -115214, -565425, -737 
1720611073397.00, -109760, -567934, -700 
1720611073418.00, -104342, -570305, -692 
1720611073440.00, -100448, -572569, -650 
1720611073461.00, -95866, -574753, -628 
1720611073484.00, -91702, -576826, -647 
1720611073505.00, -90214, -578809, -627 
1720611073526.00, -88344, -580767, -604 
1720611073549.00, -85771, -582690, -604 
1720611073569.00, -84366, -584544, -554 
1720611073591.00, -80785, -586364, -549 
1720611073613.00, -78164, -588109, -513 
1720611073635.00, -74539, -589796, -470 
1720611073659.00, -69813, -591408, -416 
1720611073678.00, -63584, -592910, -379 
1720611073700.00, -34782, -594280, -319 
1720611073721.00, -17341, -595057, -279 
1720611073743.00, -7244, -595456, -213 
1720611073765.00, -1411, -595620, -138 
1720611073786.00, 1356, -595656, -110 
1720611073808.00, 3300, -595635, -54 
1720611073829.00, 4531, -595568, -27 
1720611073851.00, 5377, -595469, 30 
1720611073875.00, 7599, -595347, 140 
1720611073894.00, 15038, -595160, 427 
1720611073916.00, 36801, -594833, 470 
1720611073937.00, 52692, -594057, 471 
1720611073959.00, 61853, -592915, 715 
1720611073985.00, 81952, -591571, 776 
1720611074002.00, 97413, -589795, 775 
1720611074023.00, 106491, -587671, 893 
1720611074045.00, 118311, -585354, 917 
1720611074067.00, 124028, -582765, 909 
1720611074089.00, 123791, -580054, 955 
1720611074111.00, 123715, -577355, 964 
1720611074132.00, 123731, -574662, 970 
1720611074153.00, 123735, -571978, 1003 
1720611074174.00, 123775, -569275, 1027 
1720611074198.00, 123884, -566569, 1037 
1720611074218.00, 123979, -563857, 1063 
1720611074240.00, 123812, -561150, 1095 
1720611074262.00, 123801, -558458, 1110 
1720611074283.00, 123680, -555765, 1131 
1720611074308.00, 123833, -553053, 1154 
1720611074327.00, 123537, -550340, 1172 
1720611074349.00, 123778, -547637, 1181 
1720611074371.00, 123721, -544934, 1211 
1720611074393.00, 123654, -542235, 1240 
1720611074416.00, 123716, -539535, 1254 
1720611074436.00, 123736, -536825, 1266 
1720611074458.00, 123663, -534122, 1270 
1720611074480.00, 123984, -531414, 1289 
1720611074502.00, 123854, -528705, 1307 
1720611074523.00, 123796, -526010, 1322 
1720611074545.00, 123668, -523307, 1332 
1720611074567.00, 123751, -520598, 1348 
1720611074589.00, 123575, -517894, 1368 
1720611074610.00, 123822, -515188, 1366 
1720611074638.00, 123710, -512485, 1386 
1720611074654.00, 123597, -509787, 1386 
1720611074676.00, 123810, -507089, 1357 
1720611074698.00, 123679, -504377, 1361 
1720611074720.00, 123659, -501675, 1361 
1720611074741.00, 123819, -498965, 1377 
1720611074763.00, 123703, -496261, 1373 
1720611074785.00, 123748, -493571, 1378 
1720611074807.00, 123644, -490856, 1383 
1720611074829.00, 123654, -488147, 1392 
1720611074851.00, 123838, -485454, 1407 
1720611074873.00, 123927, -482738, 1411 
1720611074895.00, 123723, -480040, 1416 
1720611074916.00, 123805, -477338, 1432 
1720611074938.00, 123888, -474630, 1433 
1720611074960.00, 123685, -471928, 1440 
1720611074981.00, 123722, -469229, 1441 
1720611075003.00, 123750, -466520, 1447 
1720611075025.00, 123600, -463817, 1435 
1720611075047.00, 123698, -461131, 1422 
1720611075069.00, 123619, -458418, 1398 
1720611075090.00, 123595, -455722, 1356 
1720611075112.00, 123761, -453021, 1314 
1720611075134.00, 123839, -450316, 1266 
1720611075156.00, 123655, -447623, 1221 
1720611075178.00, 123636, -444924, 1161 
1720611075199.00, 123562, -442224, 1083 
1720611075222.00, 123490, -439532, 1006 
1720611075244.00, 123436, -436828, 958 
1720611075266.00, 123404, -434149, 867 
1720611075291.00, 122353, -431477, 757 
1720611075310.00, 68427, -428834, 615 
1720611075331.00, 36823, -427342, 531 
1720611075353.00, 18471, -426530, 458 
1720611075374.00, 7634, -426122, 296 
1720611075398.00, 1438, -425953, 185 
1720611075417.00, -1607, -425929, 89 
1720611075439.00, -3811, -425970, -73 
1720611075460.00, -9470, -426059, -224 
1720611075482.00, -22154, -426259, -331 
1720611075503.00, -35613, -426731, -543 
1720611075525.00, -56278, -427497, -588 
1720611075547.00, -71195, -428707, -611 
1720611075568.00, -81373, -430246, -637 
1720611075590.00, -88899, -432021, -641 
1720611075612.00, -93586, -433940, -643 
1720611075633.00, -96228, -435971, -650 
1720611075655.00, -98165, -438063, -608 
1720611075677.00, -96697, -440172, -588 
1720611075699.00, -94388, -442269, -602 
1720611075720.00, -93922, -444324, -602 
1720611075742.00, -93405, -446348, -603 
1720611075763.00, -93167, -448371, -594 
1720611075784.00, -92328, -450384, -592 
1720611075807.00, -91583, -452393, -607 
1720611075828.00, -92096, -454381, -596 
1720611075849.00, -91591, -456363, -619 
1720611075871.00, -92581, -458359, -649 
1720611075893.00, -94956, -460364, -646 
1720611075915.00, -95958, -462409, -652 
1720611075935.00, -96891, -464505, -654 
1720611075957.00, -97665, -466595, -692 
1720611075980.00, -100253, -468723, -721 
1720611076002.00, -103368, -470913, -707 
1720611076023.00, -104457, -473143, -722 
1720611076045.00, -105946, -475427, -759 
1720611076066.00, -108773, -477742, -778 
1720611076088.00, -111669, -480100, -774 
1720611076110.00, -113135, -482527, -777 
1720611076131.00, -113962, -485001, -787 
1720611076153.00, -115073, -487482, -774 
1720611076175.00, -114916, -489982, -769 
1720611076197.00, -114445, -492487, -782 
1720611076218.00, -114773, -494972, -789 
1720611076239.00, -115357, -497473, -771 
1720611076262.00, -114710, -499996, -793 
1720611076284.00, -115565, -502483, -832 
1720611076305.00, -118210, -504996, -833 
1720611076327.00, -119939, -507575, -822 
1720611076349.00, -119977, -510188, -848 
1720611076370.00, -121763, -512804, -872 
1720611076397.00, -124133, -515451, -875 
1720611076414.00, -123828, -518152, -896 
1720611076435.00, -123699, -520839, -916 
1720611076457.00, -123752, -523535, -922 
1720611076479.00, -123764, -526242, -917 
1720611076503.00, -123734, -528917, -931 
1720611076523.00, -123783, -531607, -948 
1720611076544.00, -123699, -534315, -968 
1720611076566.00, -123608, -537008, -975 
1720611076588.00, -123584, -539694, -964 
1720611076609.00, -123698, -542391, -935 
1720611076631.00, -123884, -545074, -954 
1720611076653.00, -123846, -547767, -982 
1720611076675.00, -123783, -550469, -998 
1720611076695.00, -123614, -553161, -1004 
1720611076722.00, -123751, -555862, -1000 
1720611076739.00, -123831, -558569, -1010 
1720611076760.00, -123682, -561271, -1027 
1720611076783.00, -123753, -563964, -1023 
1720611076804.00, -123595, -566676, -1012 
1720611076829.00, -123519, -569376, -970 
1720611076849.00, -123655, -572060, -961 
1720611076871.00, -123639, -574754, -954 
1720611076892.00, -123614, -577437, -900 
1720611076914.00, -123641, -580119, -851 
1720611076941.00, -121637, -582816, -806 
1720611076958.00, -117645, -585456, -764 
1720611076979.00, -112599, -588000, -682 
1720611077001.00, -104707, -590447, -613 
1720611077023.00, -95948, -592720, -571 
1720611077046.00, -53383, -594774, -468 
1720611077066.00, -28116, -595942, -438 
1720611077087.00, -13120, -596570, -323 
1720611077108.00, -4633, -596867, -230 
1720611077131.00, 65, -596980, -196 
1720611077152.00, 2463, -596984, -99 
1720611077174.00, 4132, -596937, -63 
1720611077195.00, 5161, -596844, 21 
1720611077217.00, 7210, -596718, 126 
1720611077239.00, 14558, -596537, 468 
1720611077260.00, 39601, -596225, 595 
1720611077282.00, 62213, -595417, 493 
1720611077303.00, 69165, -594067, 720 
1720611077325.00, 86916, -592563, 786 
1720611077347.00, 101269, -590681, 754 
1720611077369.00, 107613, -588479, 838 
1720611077390.00, 116303, -586122, 850 
1720611077412.00, 121933, -583584, 849 
1720611077433.00, 123917, -580929, 883 
1720611077456.00, 123738, -578228, 905 
1720611077479.00, 123784, -575538, 918 
1720611077499.00, 123923, -572840, 937 
1720611077520.00, 123751, -570141, 975 
1720611077542.00, 123701, -567453, 994 
1720611077563.00, 123787, -564758, 1015 
1720611077587.00, 123801, -562053, 1045 
1720611077607.00, 123724, -559355, 1059 
1720611077628.00, 123957, -556648, 1074 
1720611077650.00, 123855, -553938, 1101 
1720611077672.00, 123792, -551236, 1119 
1720611077694.00, 123723, -548534, 1121 
1720611077715.00, 123640, -545833, 1136 
1720611077737.00, 123725, -543131, 1151 
1720611077759.00, 124015, -540416, 1166 
1720611077781.00, 123765, -537709, 1183 
1720611077803.00, 123785, -535006, 1200 
1720611077824.00, 123903, -532307, 1219 
1720611077846.00, 123818, -529604, 1238 
1720611077868.00, 123661, -526898, 1238 
1720611077890.00, 123983, -524193, 1234 
1720611077914.00, 123816, -521484, 1239 
1720611077934.00, 123756, -518784, 1257 
1720611077956.00, 123765, -516075, 1266 
1720611077976.00, 123774, -513381, 1281 
1720611077999.00, 123596, -510669, 1313 
1720611078021.00, 123866, -507955, 1307 
1720611078043.00, 123734, -505262, 1320 
1720611078065.00, 123780, -502553, 1328 
1720611078086.00, 123972, -499855, 1342 
1720611078108.00, 123726, -497146, 1353 
1720611078130.00, 123657, -494446, 1357 
1720611078152.00, 123850, -491740, 1367 
1720611078174.00, 123738, -489038, 1381 
1720611078195.00, 123734, -486330, 1408 
1720611078217.00, 123709, -483626, 1430 
1720611078239.00, 123558, -480933, 1436 
1720611078261.00, 123569, -478221, 1450 
1720611078282.00, 123786, -475514, 1469 
1720611078305.00, 123691, -472821, 1477 
1720611078326.00, 123616, -470120, 1472 
1720611078351.00, 123866, -467423, 1447 
1720611078369.00, 123738, -464722, 1432 
1720611078392.00, 123758, -462007, 1420 
1720611078414.00, 123794, -459306, 1415 
1720611078435.00, 123743, -456614, 1396 
1720611078458.00, 123709, -453912, 1385 
1720611078479.00, 123729, -451213, 1361 
1720611078501.00, 123596, -448506, 1326 
1720611078522.00, 123568, -445801, 1294 
1720611078544.00, 123711, -443102, 1294 
1720611078566.00, 123677, -440405, 1281 
1720611078588.00, 123655, -437709, 1253 
1720611078609.00, 123729, -435014, 1194 
1720611078632.00, 123561, -432314, 1122 
1720611078654.00, 69117, -429632, 1047 
1720611078676.00, 37148, -428123, 1008 
1720611078698.00, 18547, -427303, 873 
1720611078719.00, 7905, -426889, 725 
1720611078741.00, 1557, -426716, 576 
1720611078763.00, -1592, -426685, 392 
1720611078784.00, -3924, -426723, 205 
1720611078806.00, -5287, -426822, 16 
1720611078827.00, -6023, -426947, -187 
1720611078849.00, -17162, -427084, -338 
1720611078870.00, -32926, -427444, -335 
1720611078892.00, -42193, -428164, -513 
1720611078914.00, -58303, -429072, -548 
1720611078935.00, -70074, -430318, -556 
1720611078957.00, -77179, -431848, -639 
1720611078978.00, -86286, -433514, -642 
1720611079000.00, -91940, -435404, -672 
1720611079022.00, -96844, -437395, -680 
1720611079044.00, -100260, -439490, -684 
1720611079065.00, -102337, -441684, -672 
1720611079087.00, -102629, -443906, -679 
1720611079109.00, -103285, -446143, -697 
1720611079130.00, -104603, -448389, -686 
1720611079152.00, -104721, -450664, -672 
1720611079174.00, -103820, -452943, -673 
1720611079196.00, -103233, -455200, -667 
1720611079217.00, -102479, -457445, -670 
1720611079239.00, -102117, -459676, -677 
1720611079261.00, -102002, -461894, -671 
1720611079282.00, -101747, -464122, -693 
1720611079304.00, -102633, -466333, -733 
1720611079326.00, -105775, -468571, -719 
1720611079350.00, -106576, -470881, -687 
1720611079370.00, -105008, -473186, -705 
1720611079390.00, -105014, -475477, -715 
1720611079413.00, -105596, -477775, -687 
1720611079434.00, -104398, -480061, -683 
1720611079455.00, -103421, -482325, -712 
1720611079478.00, -104322, -484587, -704 
1720611079500.00, -104548, -486860, -700 
1720611079521.00, -104279, -489115, -734 
1720611079542.00, -106142, -491391, -739 
1720611079565.00, -107269, -493708, -732 
1720611079586.00, -107466, -496038, -762 
1720611079608.00, -109310, -498371, -779 
1720611079630.00, -111614, -500768, -770 
1720611079652.00, -112239, -503200, -767 
1720611079674.00, -112551, -505628, -812 
1720611079695.00, -115083, -508087, -824 
1720611079717.00, -117503, -510608, -815 
1720611079738.00, -118253, -513156, -820 
1720611079760.00, -119110, -515723, -852 
1720611079785.00, -121139, -518318, -860 
1720611079804.00, -122861, -520965, -853 
1720611079826.00, -123339, -523644, -848 
1720611079847.00, -123190, -526340, -853 
1720611079869.00, -123549, -529011, -855 
1720611079896.00, -123697, -531699, -861 
1720611079912.00, -123727, -534400, -875 
1720611079934.00, -123793, -537097, -865 
1720611079956.00, -123859, -539784, -862 
1720611079978.00, -123610, -542481, -883 
1720611080001.00, -123788, -545164, -889 
1720611080021.00, -123942, -547854, -926 
1720611080042.00, -123852, -550560, -918 
1720611080064.00, -123779, -553255, -919 
1720611080086.00, -123841, -555938, -919 
1720611080111.00, -123723, -558636, -930 
1720611080130.00, -123637, -561317, -925 
1720611080151.00, -123686, -564003, -881 
1720611080173.00, -123686, -566699, -840 
1720611080195.00, -122811, -569390, -795 
1720611080217.00, -119754, -572054, -754 
1720611080238.00, -115456, -574652, -701 
1720611080260.00, -109448, -577150, -695 
1720611080282.00, -105480, -579522, -666 
1720611080304.00, -101239, -581817, -625 
1720611080327.00, -96200, -584013, -596 
1720611080346.00, -91543, -586093, -570 
1720611080368.00, -87246, -588070, -514 
1720611080390.00, -80983, -589956, -490 
1720611080411.00, -75744, -591715, -411 
1720611080438.00, -68029, -593343, -311 
1720611080455.00, -38592, -594808, -255 
1720611080476.00, -21004, -595664, -181 
1720611080498.00, -10727, -596134, -105 
1720611080520.00, -4711, -596368, -39 
1720611080546.00, -1206, -596476, -28 
1720611080562.00, 75, -596504, 6 
1720611080583.00, 1271, -596505, 17 
1720611080605.00, 3305, -596481, 73 
1720611080627.00, 7835, -596399, 195 
1720611080655.00, 17649, -596227, 333 
1720611080670.00, 31774, -595856, 407 
1720611080691.00, 45101, -595183, 453 
1720611080712.00, 55466, -594211, 646 
1720611080735.00, 73018, -593007, 731 
1720611080758.00, 88701, -591427, 710 
1720611080778.00, 96668, -589505, 779 
1720611080800.00, 105255, -587402, 836 
1720611080822.00, 113666, -585111, 833 
1720611080844.00, 118368, -582631, 856 
1720611080869.00, 122375, -580047, 885 
1720611080886.00, 123807, -577373, 887 
1720611080908.00, 123712, -574681, 913 
1720611080930.00, 123772, -571993, 945 
1720611080952.00, 123733, -569297, 960 
1720611080974.00, 123909, -566602, 958 
1720611080996.00, 123810, -563907, 982 
1720611081017.00, 123734, -561211, 987 
1720611081039.00, 123693, -558526, 999 
1720611081059.00, 123789, -555843, 1017 
1720611081081.00, 123785, -553134, 1021 
1720611081103.00, 123642, -550420, 1043 
1720611081125.00, 123815, -547718, 1056 
1720611081146.00, 123740, -545012, 1076 
1720611081168.00, 123720, -542312, 1092 
1720611081191.00, 123945, -539617, 1103 
1720611081212.00, 123842, -536917, 1106 
1720611081234.00, 123838, -534199, 1122 
1720611081256.00, 123849, -531501, 1124 
1720611081278.00, 123938, -528796, 1135 
1720611081299.00, 123753, -526092, 1146 
1720611081321.00, 123688, -523393, 1155 
1720611081343.00, 123838, -520679, 1171 
1720611081364.00, 123576, -517977, 1178 
1720611081386.00, 123758, -515272, 1189 
1720611081408.00, 123782, -512565, 1179 
1720611081430.00, 123624, -509870, 1169 
1720611081452.00, 123680, -507166, 1166 
1720611081474.00, 123741, -504453, 1169 
1720611081496.00, 123783, -501754, 1172 
1720611081517.00, 124107, -499051, 1178 
1720611081539.00, 123987, -496345, 1173 
1720611081561.00, 123825, -493658, 1172 
1720611081583.00, 123628, -490942, 1159 
1720611081605.00, 123708, -488235, 1147 
1720611081626.00, 123520, -485544, 1139 
1720611081648.00, 123703, -482830, 1156 
1720611081670.00, 123628, -480137, 1155 
1720611081692.00, 123565, -477443, 1157 
1720611081714.00, 123668, -474735, 1150 
1720611081736.00, 123633, -472030, 1148 
1720611081760.00, 123644, -469337, 1155 
1720611081779.00, 124006, -466629, 1163 
1720611081801.00, 123911, -463927, 1172 
1720611081823.00, 123708, -461232, 1173 
1720611081844.00, 123686, -458519, 1167 
1720611081866.00, 123666, -455816, 1172 
1720611081887.00, 123545, -453123, 1173 
1720611081909.00, 123622, -450411, 1155 
1720611081932.00, 123483, -447722, 1122 
1720611081954.00, 123431, -445021, 1090 
1720611081975.00, 123419, -442321, 1053 
1720611081996.00, 123483, -439627, 1014 
1720611082019.00, 123511, -436927, 975 
1720611082042.00, 123705, -434243, 918 
1720611082064.00, 123768, -431569, 843 
1720611082085.00, 69359, -428898, 763 
1720611082107.00, 37593, -427383, 725 
1720611082129.00, 19229, -426554, 705 
1720611082150.00, 8113, -426131, 578 
1720611082172.00, 1651, -425951, 442 
1720611082193.00, -1460, -425917, 317 
1720611082214.00, -3650, -425949, 174 
1720611082236.00, -4959, -426029, 67 
1720611082257.00, -5785, -426144, -12 
1720611082279.00, -6721, -426274, -149 
1720611082301.00, -15568, -426428, -260 
1720611082322.00, -27072, -426757, -333 
1720611082344.00, -38419, -427341, -348 
1720611082365.00, -46165, -428185, -526 
1720611082387.00, -61158, -429174, -545 
1720611082413.00, -71239, -430493, -561 
1720611082430.00, -78199, -432051, -615 
1720611082451.00, -85448, -433742, -606 
1720611082473.00, -89151, -435603, -619 
1720611082495.00, -91928, -437532, -615 
1720611082516.00, -93314, -439517, -617 
1720611082538.00, -93926, -441541, -621 
1720611082560.00, -94740, -443581, -617 
1720611082582.00, -94787, -445631, -619 
1720611082603.00, -94941, -447680, -629 
1720611082624.00, -95331, -449726, -640 
1720611082646.00, -96304, -451809, -636 
1720611082668.00, -96491, -453893, -632 
1720611082690.00, -96040, -455970, -646 
1720611082712.00, -96794, -458069, -635 
1720611082732.00, -96528, -460167, -636 
1720611082754.00, -96376, -462250, -660 
1720611082776.00, -97511, -464342, -649 
1720611082798.00, -97515, -466450, -656 
1720611082819.00, -97787, -468571, -667 
1720611082850.00, -98728, -470699, -658 
1720611082862.00, -98694, -472823, -679 
1720611082885.00, -99434, -474964, -689 
1720611082906.00, -100817, -477135, -683 
1720611082928.00, -101103, -479314, -698 
1720611082950.00, -102428, -481512, -699 
1720611082971.00, -102944, -483753, -692 
1720611082992.00, -102810, -485987, -713 
1720611083015.00, -103736, -488222, -730 
1720611083037.00, -105369, -490489, -728 
1720611083058.00, -106322, -492781, -743 
1720611083080.00, -107579, -495098, -762 
1720611083102.00, -109242, -497439, -762 
1720611083124.00, -110368, -499831, -777 
1720611083146.00, -111973, -502226, -784 
1720611083167.00, -113224, -504660, -790 
1720611083189.00, -113971, -507133, -794 
1720611083210.00, -114958, -509621, -817 
1720611083232.00, -116849, -512124, -839 
1720611083254.00, -119180, -514659, -856 
1720611083277.00, -121620, -517269, -869 
1720611083297.00, -123500, -519926, -900 
1720611083319.00, -123934, -522606, -912 
1720611083341.00, -123845, -525301, -936 
1720611083363.00, -123875, -527994, -958 
1720611083387.00, -123931, -530679, -990 
1720611083406.00, -123931, -533394, -991 
1720611083427.00, -123719, -536095, -1021 
1720611083448.00, -123856, -538783, -1049 
1720611083470.00, -123791, -541491, -1070 
1720611083495.00, -123726, -544196, -1086 
1720611083514.00, -123717, -546890, -1100 
1720611083536.00, -123689, -549613, -1116 
1720611083557.00, -123224, -552316, -1120 
1720611083579.00, -123732, -555001, -1063 
1720611083602.00, -123684, -557699, -1013 
1720611083624.00, -123677, -560404, -982 
1720611083645.00, -123798, -563091, -935 
1720611083667.00, -123767, -565784, -895 
1720611083689.00, -123620, -568475, -857 
1720611083714.00, -123752, -571154, -841 
1720611083733.00, -123233, -573852, -810 
1720611083754.00, -120986, -576533, -762 
1720611083776.00, -116482, -579149, -718 
1720611083797.00, -111345, -581689, -676 
1720611083824.00, -105671, -584098, -619 
1720611083841.00, -98762, -586388, -573 
1720611083863.00, -92097, -588519, -505 
1720611083885.00, -83858, -590506, -471 
1720611083906.00, -76679, -592323, -432 
1720611083928.00, -70208, -593974, -362 
1720611083949.00, -40063, -595482, -332 
1720611083971.00, -22241, -596364, -290 
1720611083993.00, -11472, -596864, -252 
1720611084014.00, -5295, -597131, -238 
1720611084041.00, -1760, -597253, -242 
1720611084057.00, 26, -597292, -187 
1720611084079.00, 974, -597293, -122 
1720611084100.00, 1775, -597278, -55 
1720611084121.00, 2548, -597241, 20 
1720611084142.00, 4048, -597161, 190 
1720611084165.00, 15210, -597056, 466 
1720611084186.00, 38411, -596737, 599 
1720611084208.00, 60365, -595942, 560 
1720611084230.00, 70829, -594644, 685 
1720611084252.00, 84465, -593101, 776 
1720611084272.00, 97983, -591277, 766 
1720611084295.00, 105187, -589159, 806 
1720611084317.00, 111979, -586856, 823 
1720611084338.00, 116697, -584417, 817 
1720611084360.00, 119110, -581882, 840 
1720611084381.00, 121869, -579296, 838 
1720611084404.00, 122999, -576638, 828 
1720611084425.00, 123071, -573955, 846 
1720611084447.00, 123805, -571284, 857 
1720611084469.00, 123808, -568588, 862 
1720611084490.00, 123720, -565898, 856 
1720611084512.00, 123876, -563204, 870 
1720611084534.00, 123763, -560506, 908 
1720611084555.00, 123683, -557810, 907 
1720611084577.00, 123767, -555126, 922 
1720611084599.00, 123858, -552432, 950 
1720611084621.00, 123799, -549739, 973 
1720611084642.00, 123710, -547044, 988 
1720611084663.00, 123819, -544340, 1008 
1720611084684.00, 123834, -541642, 1029 
1720611084707.00, 123794, -538947, 1045 
1720611084728.00, 123718, -536240, 1053 
1720611084750.00, 123782, -533532, 1058 
1720611084772.00, 123848, -530832, 1076 
1720611084794.00, 123936, -528117, 1103 
1720611084815.00, 123813, -525413, 1132 
1720611084837.00, 123871, -522724, 1133 
1720611084859.00, 123812, -520013, 1132 
1720611084881.00, 123782, -517304, 1139 
1720611084903.00, 123689, -514602, 1139 
1720611084925.00, 123581, -511892, 1147 
1720611084946.00, 123632, -509191, 1153 
1720611084968.00, 123657, -506492, 1170 
1720611084990.00, 123679, -503790, 1166 
1720611085012.00, 123603, -501083, 1160 
1720611085038.00, 123669, -498376, 1138 
1720611085056.00, 123833, -495684, 1119 
1720611085077.00, 123843, -492980, 1099 
1720611085099.00, 123725, -490285, 1095 
1720611085121.00, 123678, -487580, 1094 
1720611085148.00, 123707, -484869, 1096 
1720611085164.00, 123743, -482167, 1099 
1720611085187.00, 123655, -479466, 1109 
1720611085208.00, 123659, -476763, 1127 
1720611085230.00, 123746, -474065, 1139 
1720611085254.00, 123694, -471361, 1148 
1720611085273.00, 123546, -468650, 1161 
1720611085296.00, 123765, -465956, 1170 
1720611085317.00, 123939, -463252, 1173 
1720611085339.00, 123808, -460556, 1173 
1720611085361.00, 123738, -457858, 1165 
1720611085382.00, 123675, -455146, 1159 
1720611085404.00, 123606, -452444, 1138 
1720611085426.00, 123718, -449744, 1115 
1720611085448.00, 123672, -447041, 1087 
1720611085470.00, 123638, -444351, 1055 
1720611085492.00, 123591, -441648, 998 
1720611085514.00, 123584, -438963, 924 
1720611085536.00, 123464, -436275, 824 
1720611085558.00, 119788, -433589, 707 
1720611085580.00, 110562, -431002, 575 
1720611085602.00, 61690, -428626, 452 
1720611085623.00, 32923, -427282, 381 
1720611085645.00, 16405, -426546, 290 
1720611085666.00, 6712, -426193, 126 
1720611085688.00, 954, -426055, 37 
1720611085709.00, -1812, -426037, -56 
1720611085731.00, -7055, -426075, -160 
1720611085752.00, -16477, -426231, -263 
1720611085774.00, -28394, -426581, -351 
1720611085796.00, -40452, -427197, -506 
1720611085817.00, -56875, -428072, -578 
1720611085839.00, -70965, -429300, -620 
1720611085861.00, -81847, -430839, -688 
1720611085882.00, -92215, -432619, -770 
1720611085904.00, -103202, -434633, -798 
1720611085926.00, -111273, -436883, -826 
1720611085947.00, -117828, -439315, -825 
1720611085969.00, -121382, -441883, -808 
1720611085991.00, -122298, -444529, -813 
1720611086012.00, -123096, -447181, -801 
1720611086034.00, -122677, -449857, -795 
1720611086055.00, -122056, -452535, -805 
1720611086077.00, -121951, -455186, -799 
1720611086099.00, -121619, -457840, -791 
1720611086125.00, -120739, -460490, -794 
1720611086143.00, -120414, -463108, -804 
1720611086164.00, -120683, -465720, -798 
1720611086186.00, -120507, -468365, -781 
1720611086208.00, -119192, -470992, -764 
1720611086230.00, -117197, -473565, -752 
1720611086251.00, -115316, -476125, -765 
1720611086273.00, -114913, -478631, -777 
1720611086295.00, -115073, -481122, -774 
1720611086317.00, -115085, -483649, -801 
1720611086338.00, -116801, -486148, -822 
1720611086360.00, -118964, -488691, -831 
1720611086382.00, -120557, -491285, -820 
1720611086404.00, -120871, -493918, -823 
1720611086425.00, -121125, -496546, -838 
1720611086447.00, -122298, -499181, -853 
1720611086469.00, -123726, -501845, -868 
1720611086490.00, -123644, -504542, -877 
1720611086512.00, -123798, -507242, -866 
1720611086534.00, -123863, -509934, -867 
1720611086556.00, -123803, -512618, -886 
1720611086577.00, -123864, -515309, -913 
1720611086599.00, -123818, -518010, -919 
1720611086621.00, -123559, -520703, -907 
1720611086643.00, -123723, -523403, -914 
1720611086667.00, -123648, -526095, -915 
1720611086686.00, -123766, -528775, -913 
1720611086708.00, -123752, -531469, -941 
1720611086729.00, -123790, -534174, -952 
1720611086751.00, -123780, -536868, -942 
1720611086774.00, -123756, -539555, -962 
1720611086795.00, -123856, -542255, -964 
1720611086816.00, -123778, -544944, -965 
1720611086838.00, -123611, -547633, -970 
1720611086860.00, -123492, -550333, -935 
1720611086881.00, -123449, -553018, -890 
1720611086903.00, -123465, -555702, -848 
1720611086924.00, -121434, -558384, -809 
1720611086947.00, -117790, -561017, -778 
1720611086969.00, -113737, -563570, -738 
1720611086990.00, -109114, -566049, -715 
1720611087011.00, -105012, -568416, -688 
1720611087034.00, -100901, -570677, -694 
1720611087055.00, -98658, -572877, -674 
1720611087076.00, -96337, -575015, -642 
1720611087099.00, -92878, -577098, -651 
1720611087120.00, -91337, -579105, -636 
1720611087142.00, -89590, -581082, -597 
1720611087163.00, -86369, -583026, -590 
1720611087185.00, -83945, -584896, -566 
1720611087206.00, -81024, -586699, -559 
1720611087228.00, -78887, -588462, -529 
1720611087250.00, -75790, -590161, -480 
1720611087272.00, -70798, -591801, -442 
1720611087293.00, -65745, -593333, -388 
1720611087318.00, -35930, -594748, -353 
1720611087337.00, -18194, -595554, -327 
1720611087358.00, -7664, -595969, -285 
1720611087380.00, -1679, -596146, -240 
1720611087401.00, 1151, -596190, -230 
1720611087423.00, 3235, -596174, -183 
1720611087444.00, 4276, -596111, -133 
1720611087465.00, 5028, -596014, -72 
1720611087488.00, 5532, -595905, -29 
1720611087509.00, 5907, -595787, 39 
1720611087530.00, 8463, -595643, 216 
1720611087552.00, 20056, -595449, 442 
1720611087574.00, 40945, -595027, 404 
1720611087595.00, 51216, -594169, 439 
1720611087617.00, 58727, -593050, 726 
1720611087639.00, 80833, -591784, 685 
1720611087660.00, 91420, -590029, 675 
1720611087682.00, 96823, -588056, 788 
1720611087704.00, 106697, -585948, 743 
1720611087726.00, 109778, -583630, 736 
1720611087747.00, 111045, -581236, 771 
1720611087769.00, 113738, -578825, 757 
1720611087790.00, 114332, -576345, 776 
1720611087812.00, 115654, -573852, 790 
1720611087834.00, 117285, -571341, 807 
1720611087856.00, 119241, -568786, 835 
1720611087878.00, 121899, -566187, 849 
1720611087898.00, 123817, -563538, 862 
1720611087921.00, 123830, -560839, 882 
1720611087943.00, 123879, -558141, 902 
1720611087964.00, 123759, -555457, 928 
1720611087986.00, 123781, -552763, 943 
1720611088008.00, 123909, -550065, 981 
1720611088029.00, 123830, -547370, 992 
1720611088050.00, 123819, -544670, 1007 
1720611088072.00, 123747, -541966, 1034 
1720611088094.00, 123634, -539272, 1054 
1720611088116.00, 123602, -536569, 1057 
1720611088137.00, 123792, -533857, 1060 
1720611088159.00, 123654, -531156, 1058 
1720611088181.00, 123732, -528451, 1068 
1720611088204.00, 123806, -525754, 1073 
1720611088225.00, 123687, -523054, 1068 
1720611088247.00, 123769, -520348, 1072 
1720611088268.00, 123800, -517637, 1071 
1720611088290.00, 123723, -514941, 1068 
1720611088315.00, 123792, -512234, 1079 
1720611088334.00, 123668, -509530, 1091 
1720611088355.00, 123500, -506836, 1093 
1720611088377.00, 123593, -504134, 1112 
1720611088399.00, 123900, -501421, 1137 
1720611088422.00, 123830, -498718, 1166 
1720611088443.00, 123943, -496012, 1185 
1720611088464.00, 123850, -493310, 1197 
1720611088487.00, 123683, -490608, 1216 
1720611088508.00, 123821, -487901, 1226 
1720611088535.00, 123860, -485195, 1244 
1720611088552.00, 123897, -482494, 1256 
1720611088574.00, 123822, -479784, 1268 
1720611088595.00, 123642, -477084, 1272 
1720611088617.00, 123542, -474386, 1274 
1720611088639.00, 123704, -471683, 1271 
1720611088661.00, 123816, -468976, 1267 
1720611088682.00, 123880, -466274, 1270 
1720611088705.00, 123784, -463573, 1267 
1720611088726.00, 123718, -460873, 1262 
1720611088750.00, 123604, -458168, 1253 
1720611088770.00, 123621, -455464, 1251 
1720611088792.00, 123682, -452762, 1240 
1720611088813.00, 123680, -450057, 1235 
1720611088835.00, 123729, -447362, 1212 
1720611088861.00, 123541, -444669, 1182 
1720611088879.00, 123363, -441956, 1146 
1720611088901.00, 123482, -439263, 1108 
1720611088922.00, 123598, -436571, 1066 
1720611088944.00, 123846, -433861, 1030 
1720611088971.00, 123718, -431171, 976 
1720611088989.00, 69351, -428512, 908 
1720611089011.00, 37264, -426990, 910 
1720611089032.00, 18622, -426167, 814 
1720611089054.00, 7780, -425747, 705 
1720611089080.00, 1460, -425571, 609 
1720611089097.00, -1693, -425543, 462 
1720611089118.00, -3897, -425577, 295 
1720611089140.00, -5208, -425669, 136 
1720611089161.00, -5872, -425793, -9 
1720611089187.00, -6139, -425924, -137 
1720611089205.00, -14416, -426067, -290 
1720611089227.00, -28595, -426367, -335 
1720611089248.00, -39504, -426982, -523 
1720611089269.00, -57334, -427834, -535 
1720611089292.00, -68465, -429064, -558 
1720611089313.00, -76452, -430550, -616 
1720611089334.00, -84418, -432212, -617 
1720611089356.00, -89302, -434043, -626 
1720611089378.00, -92641, -435985, -646 
1720611089399.00, -95693, -437994, -643 
1720611089421.00, -97113, -440053, -658 
1720611089443.00, -98757, -442169, -675 
1720611089464.00, -100640, -444314, -693 
1720611089486.00, -102764, -446500, -720 
1720611089508.00, -105653, -448727, -721 
1720611089530.00, -107261, -451044, -712 
1720611089551.00, -107516, -453377, -718 
1720611089572.00, -107884, -455716, -727 
1720611089595.00, -108704, -458071, -708 
1720611089616.00, -107926, -460433, -700 
1720611089638.00, -107018, -462774, -711 
1720611089660.00, -106989, -465097, -701 
1720611089682.00, -106317, -467438, -684 
1720611089703.00, -104855, -469741, -696 
1720611089729.00, -104498, -472019, -709 
1720611089747.00, -105001, -474302, -702 
1720611089768.00, -104806, -476583, -708 
1720611089790.00, -105044, -478860, -743 
1720611089812.00, -107216, -481149, -760 
1720611089834.00, -109546, -483487, -782 
1720611089855.00, -112162, -485871, -800 
1720611089877.00, -114723, -488311, -806 
1720611089899.00, -116259, -490816, -813 
1720611089920.00, -117819, -493362, -815 
1720611089947.00, -118865, -495916, -812 
1720611089964.00, -119089, -498495, -821 
1720611089986.00, -119848, -501099, -812 
1720611090007.00, -119403, -503712, -800 
1720611090029.00, -118490, -506303, -800 
1720611090051.00, -117929, -508884, -808 
1720611090072.00, -117979, -511454, -814 
1720611090094.00, -118482, -514013, -811 
1720611090116.00, -118373, -516602, -805 
1720611090138.00, -118093, -519176, -811 
1720611090159.00, -118080, -521730, -816 
1720611090181.00, -118399, -524313, -821 
1720611090202.00, -118686, -526896, -818 
1720611090225.00, -118793, -529471, -810 
1720611090246.00, -118334, -532054, -814 
1720611090268.00, -118225, -534626, -826 
1720611090290.00, -118895, -537200, -814 
1720611090312.00, -118423, -539787, -791 
1720611090333.00, -116790, -542363, -773 
1720611090354.00, -114679, -544891, -778 
1720611090376.00, -113620, -547381, -770 
1720611090398.00, -112495, -549867, -741 
1720611090420.00, -110190, -552312, -723 
1720611090442.00, -107597, -554695, -738 
1720611090464.00, -106845, -557031, -744 
1720611090485.00, -106797, -559361, -715 
1720611090507.00, -105058, -561676, -718 
1720611090528.00, -104078, -563951, -751 
1720611090550.00, -105405, -566232, -737 
1720611090572.00, -105415, -568529, -710 
1720611090594.00, -103974, -570806, -725 
1720611090616.00, -103826, -573073, -732 
1720611090637.00, -104096, -575334, -698 
1720611090659.00, -102231, -577587, -697 
1720611090680.00, -100942, -579801, -683 
1720611090701.00, -99338, -582008, -638 
1720611090724.00, -95651, -584154, -595 
1720611090746.00, -90998, -586217, -579 
1720611090767.00, -87077, -588179, -518 
1720611090789.00, -81027, -590065, -485 
1720611090811.00, -75333, -591818, -449 
1720611090832.00, -69893, -593442, -398 
1720611090854.00, -39504, -594945, -366 
1720611090875.00, -21351, -595820, -344 
1720611090897.00, -10752, -596296, -303 
1720611090918.00, -4317, -596533, -252 
1720611090941.00, -662, -596639, -242 
1720611090962.00, 822, -596654, -194 
1720611090984.00, 2007, -596641, -130 
1720611091004.00, 2899, -596598, -57 
1720611091026.00, 3495, -596533, 6 
1720611091051.00, 3919, -596453, 104 
1720611091069.00, 10058, -596351, 261 
1720611091090.00, 23198, -596135, 368 
1720611091112.00, 37423, -595647, 426 
1720611091134.00, 49611, -594849, 470 
1720611091159.00, 59187, -593776, 553 
1720611091178.00, 69733, -592493, 620 
1720611091199.00, 80100, -590982, 594 
1720611091220.00, 84567, -589245, 645 
1720611091242.00, 90311, -587415, 659 
1720611091263.00, 94332, -585462, 671 
1720611091286.00, 97331, -583413, 695 
1720611091307.00, 100442, -581305, 690 
1720611091329.00, 101887, -579122, 698 
1720611091351.00, 103263, -576894, 708 
1720611091374.00, 104689, -574647, 726 
1720611091394.00, 106412, -572380, 743 
1720611091415.00, 108471, -570059, 753 
1720611091438.00, 110130, -567704, 767 
1720611091459.00, 111873, -565309, 788 
1720611091481.00, 114106, -562878, 808 
1720611091502.00, 116573, -560382, 820 
1720611091524.00, 118600, -557841, 848 
1720611091546.00, 121446, -555277, 879 
1720611091568.00, 124032, -552626, 899 
1720611091589.00, 123844, -549924, 914 
1720611091611.00, 123878, -547229, 949 
1720611091633.00, 123793, -544528, 971 
1720611091654.00, 123752, -541835, 995 
1720611091675.00, 123666, -539154, 1022 
1720611091700.00, 123770, -536450, 1024 
1720611091719.00, 123809, -533741, 1036 
1720611091741.00, 123921, -531037, 1050 
1720611091763.00, 123847, -528325, 1064 
1720611091785.00, 123730, -525627, 1069 
1720611091810.00, 123775, -522933, 1073 
1720611091828.00, 123857, -520229, 1082 
1720611091849.00, 123837, -517514, 1091 
1720611091872.00, 123894, -514807, 1099 
1720611091892.00, 123826, -512110, 1100 
1720611091916.00, 123767, -509402, 1111 
1720611091937.00, 123642, -506706, 1118 
1720611091959.00, 123704, -504001, 1122 
1720611091981.00, 123749, -501287, 1114 
1720611092003.00, 123728, -498582, 1127 
1720611092024.00, 123846, -495877, 1153 
1720611092046.00, 123810, -493184, 1174 
1720611092068.00, 123614, -490474, 1183 
1720611092089.00, 123878, -487764, 1197 
1720611092112.00, 123679, -485064, 1206 
1720611092134.00, 123839, -482356, 1198 
1720611092156.00, 124000, -479656, 1193 
1720611092177.00, 123944, -476958, 1190 
1720611092199.00, 123728, -474253, 1177 
1720611092221.00, 123612, -471552, 1151 
1720611092243.00, 123739, -468842, 1129 
1720611092264.00, 123514, -466143, 1121 
1720611092286.00, 123734, -463439, 1112 
1720611092308.00, 123696, -460741, 1094 
1720611092330.00, 123643, -458040, 1081 
1720611092354.00, 123718, -455333, 1069 
1720611092373.00, 123716, -452630, 1060 
1720611092394.00, 123831, -449922, 1053 
1720611092417.00, 124087, -447215, 1050 
1720611092439.00, 123835, -444521, 1040 
1720611092461.00, 123720, -441823, 1010 
1720611092484.00, 123640, -439118, 975 
1720611092505.00, 123668, -436439, 939 
1720611092527.00, 123572, -433741, 914 
1720611092548.00, 123704, -431061, 868 
1720611092571.00, 72263, -428391, 799 
1720611092592.00, 41945, -426814, 763 
1720611092614.00, 23956, -425898, 685 
1720611092634.00, 13582, -425363, 575 
1720611092657.00, 7530, -425071, 452 
1720611092678.00, 3973, -424910, 300 
1720611092700.00, 1888, -424833, 163 
1720611092722.00, 625, -424803, 57 
1720611092742.00, 0, -424795, -32 
1720611092764.00, -1941, -424797, -117 
1720611092785.00, -8370, -424836, -212 
1720611092807.00, -17766, -425015, -296 
1720611092829.00, -28868, -425395, -342 
1720611092851.00, -38017, -426013, -452 
1720611092872.00, -50122, -426828, -499 
1720611092894.00, -60026, -427910, -527 
1720611092916.00, -67747, -429210, -544 
1720611092937.00, -73067, -430672, -594 
1720611092959.00, -79287, -432267, -628 
1720611092980.00, -84984, -433984, -618 
1720611093002.00, -87696, -435828, -619 
1720611093024.00, -89178, -437732, -595 
1720611093045.00, -88754, -439651, -582 
1720611093066.00, -87490, -441587, -566 
1720611093088.00, -85721, -443473, -568 
1720611093110.00, -84872, -445338, -568 
1720611093132.00, -84337, -447166, -552 
1720611093153.00, -82912, -448986, -578 
1720611093175.00, -83590, -450795, -573 
1720611093197.00, -83949, -452609, -592 
1720611093218.00, -85035, -454430, -595 
1720611093240.00, -85967, -456260, -608 
1720611093262.00, -87018, -458131, -626 
1720611093282.00, -88906, -460020, -644 
1720611093305.00, -91040, -461942, -664 
1720611093327.00, -93438, -463915, -660 
1720611093348.00, -94583, -465933, -671 
1720611093370.00, -95829, -467994, -652 
1720611093391.00, -95381, -470068, -639 
1720611093413.00, -94337, -472131, -660 
1720611093434.00, -94832, -474184, -644 
1720611093457.00, -94196, -476231, -653 
1720611093478.00, -94307, -478281, -674 
1720611093500.00, -95687, -480329, -665 
1720611093521.00, -95938, -482386, -672 
1720611093543.00, -96556, -484486, -680 
1720611093566.00, -97269, -486573, -683 
1720611093586.00, -97736, -488668, -703 
1720611093607.00, -99273, -490803, -696 
1720611093629.00, -99827, -492950, -698 
1720611093650.00, -100125, -495110, -726 
1720611093672.00, -101837, -497292, -721 
1720611093695.00, -102808, -499509, -712 
1720611093716.00, -102705, -501744, -737 
1720611093738.00, -103848, -503991, -728 
1720611093759.00, -104275, -506245, -731 
1720611093782.00, -104674, -508515, -768 
1720611093802.00, -107113, -510806, -772 
1720611093825.00, -108674, -513129, -771 
1720611093847.00, -109551, -515485, -787 
1720611093868.00, -111061, -517884, -800 
1720611093890.00, -112671, -520306, -802 
1720611093912.00, -113752, -522750, -800 
1720611093934.00, -114219, -525223, -819 
1720611093955.00, -115594, -527711, -814 
1720611093977.00, -115994, -530227, -831 
1720611093999.00, -117396, -532760, -823 
1720611094020.00, -117742, -535312, -838 
1720611094042.00, -118724, -537872, -857 
1720611094063.00, -120374, -540456, -860 
1720611094085.00, -121440, -543082, -866 
1720611094108.00, -122516, -545724, -880 
1720611094129.00, -123785, -548391, -889 
1720611094151.00, -123808, -551081, -881 
1720611094173.00, -123771, -553777, -874 
1720611094194.00, -123661, -556477, -869 
1720611094216.00, -123574, -559163, -865 
1720611094238.00, -123517, -561851, -847 
1720611094259.00, -122422, -564529, -840 
1720611094281.00, -121346, -567201, -830 
1720611094302.00, -120065, -569843, -808 
1720611094325.00, -117840, -572439, -764 
1720611094347.00, -113757, -575018, -716 
1720611094368.00, -108573, -577477, -684 
1720611094390.00, -103447, -579819, -643 
1720611094411.00, -98133, -582085, -570 
1720611094434.00, -90331, -584193, -528 
1720611094455.00, -83271, -586147, -487 
1720611094476.00, -76587, -587938, -419 
1720611094498.00, -68600, -589596, -412 
1720611094519.00, -63128, -591079, -372 
1720611094541.00, -57968, -592448, -312 
1720611094563.00, -51067, -593695, -292 
1720611094584.00, -27989, -594799, -302 
1720611094606.00, -14220, -595440, -280 
1720611094628.00, -6299, -595765, -242 
1720611094649.00, -1574, -595904, -195 
1720611094671.00, 420, -595948, -244 
1720611094692.00, 2003, -595941, -195 
1720611094714.00, 3093, -595905, -154 
1720611094736.00, 3737, -595840, -102 
1720611094757.00, 4061, -595758, -58 
1720611094779.00, 4395, -595669, -7 
1720611094800.00, 4338, -595571, 78 
1720611094821.00, 8942, -595458, 238 
1720611094842.00, 21498, -595259, 374 
1720611094865.00, 37145, -594809, 394 
1720611094886.00, 47800, -594021, 453 
1720611094908.00, 57129, -592995, 610 
1720611094930.00, 72180, -591760, 615 
1720611094951.00, 81472, -590193, 583 
1720611094972.00, 84909, -588439, 660 
1720611094994.00, 91448, -586593, 650 
1720611095017.00, 94624, -584613, 652 
1720611095038.00, 96528, -582564, 689 
1720611095060.00, 99637, -580472, 688 
1720611095081.00, 101352, -578310, 710 
1720611095103.00, 103926, -576105, 725 
1720611095124.00, 106147, -573841, 745 
1720611095147.00, 108433, -571538, 766 
1720611095169.00, 111009, -569178, 786 
1720611095190.00, 113802, -566749, 798 
1720611095212.00, 116025, -564281, 822 
1720611095234.00, 118671, -561752, 830 
1720611095255.00, 120653, -559172, 845 
1720611095277.00, 122726, -556538, 865 
1720611095299.00, 123882, -553877, 875 
1720611095320.00, 123795, -551176, 875 
1720611095342.00, 123777, -548483, 891 
1720611095363.00, 123711, -545791, 893 
1720611095386.00, 123778, -543105, 909 
1720611095407.00, 123940, -540406, 920 
1720611095429.00, 123714, -537709, 938 
1720611095450.00, 123747, -535014, 948 
1720611095472.00, 123776, -532321, 955 
1720611095494.00, 123804, -529635, 983 
1720611095515.00, 123715, -526935, 999 
1720611095536.00, 123935, -524234, 1015 
1720611095558.00, 123758, -521534, 1025 
1720611095580.00, 123803, -518829, 1028 
1720611095601.00, 123737, -516121, 1042 
1720611095624.00, 123625, -513422, 1059 
1720611095646.00, 123669, -510719, 1064 
1720611095668.00, 123907, -508001, 1086 
1720611095689.00, 123774, -505309, 1091 
1720611095710.00, 123809, -502603, 1096 
1720611095732.00, 123840, -499903, 1099 
1720611095754.00, 123773, -497204, 1084 
1720611095776.00, 123728, -494499, 1046 
1720611095798.00, 123809, -491790, 1016 
1720611095820.00, 123712, -489094, 1000 
1720611095844.00, 123741, -486398, 987 
1720611095865.00, 123656, -483710, 979 
1720611095887.00, 123570, -481015, 954 
1720611095908.00, 123596, -478321, 941 
1720611095930.00, 123827, -475627, 937 
1720611095952.00, 123702, -472946, 941 
1720611095973.00, 123722, -470250, 947 
1720611095995.00, 123745, -467555, 935 
1720611096017.00, 123693, -464866, 929 
1720611096039.00, 123627, -462163, 926 
1720611096060.00, 123766, -459478, 916 
1720611096082.00, 123895, -456797, 886 
1720611096103.00, 123825, -454103, 854 
1720611096125.00, 121942, -451414, 816 
1720611096146.00, 118434, -448757, 785 
1720611096169.00, 114599, -446182, 757 
1720611096191.00, 110563, -443693, 742 
1720611096212.00, 107271, -441302, 714 
1720611096234.00, 103617, -438969, 689 
1720611096256.00, 100181, -436715, 666 
1720611096277.00, 96740, -434543, 636 
1720611096299.00, 92633, -432450, 597 
1720611096321.00, 51824, -430454, 555 
1720611096342.00, 27537, -429326, 557 
1720611096363.00, 13021, -428712, 524 
1720611096385.00, 4782, -428416, 449 
1720611096407.00, -56, -428320, 351 
1720611096428.00, -2559, -428319, 245 
1720611096450.00, -4491, -428375, 107 
1720611096471.00, -5264, -428477, -30 
1720611096492.00, -7702, -428605, -176 
1720611096515.00, -17831, -428778, -329 
1720611096538.00, -32828, -429157, -439 
1720611096558.00, -48290, -429848, -505 
1720611096579.00, -61295, -430882, -541 
1720611096601.00, -71104, -432222, -607 
1720611096622.00, -80909, -433769, -670 
1720611096643.00, -90404, -435535, -678 
1720611096666.00, -96520, -437490, -698 
1720611096688.00, -101159, -439583, -733 
1720611096709.00, -105855, -441795, -757 
1720611096732.00, -109974, -444101, -759 
1720611096752.00, -112432, -446496, -773 
1720611096774.00, -114765, -448927, -787 
1720611096796.00, -116886, -451452, -808 
1720611096817.00, -119205, -453990, -824 
1720611096845.00, -121463, -456572, -839 
1720611096861.00, -123545, -459228, -846 
1720611096883.00, -123641, -461922, -848 
1720611096904.00, -123685, -464612, -851 
1720611096927.00, -123718, -467310, -851 
1720611096950.00, -123893, -469992, -849 
1720611096970.00, -123735, -472679, -855 
1720611096992.00, -123615, -475375, -857 
1720611097013.00, -123773, -478079, -841 
1720611097035.00, -123783, -480764, -836 
1720611097056.00, -123694, -483457, -827 
1720611097079.00, -123741, -486154, -841 
1720611097100.00, -123773, -488839, -858 
1720611097121.00, -123708, -491532, -869 
1720611097144.00, -123842, -494243, -887 
1720611097165.00, -123781, -496933, -911 
1720611097187.00, -123744, -499616, -895 
1720611097209.00, -123810, -502312, -907 
1720611097230.00, -123834, -505003, -923 
1720611097252.00, -123656, -507702, -931 
1720611097281.00, -123739, -510405, -937 
1720611097296.00, -123671, -513088, -925 
1720611097317.00, -123779, -515778, -933 
1720611097339.00, -123772, -518472, -961 
1720611097361.00, -123863, -521158, -958 
1720611097386.00, -123672, -523865, -967 
1720611097404.00, -123816, -526558, -939 
1720611097427.00, -123884, -529247, -906 
1720611097448.00, -123858, -531929, -921 
1720611097470.00, -123620, -534622, -887 
1720611097491.00, -123590, -537315, -840 
1720611097513.00, -123633, -540003, -782 
1720611097535.00, -120684, -542704, -755 
1720611097556.00, -117205, -545319, -740 
1720611097578.00, -114148, -547854, -736 
1720611097600.00, -112119, -550349, -720 
1720611097621.00, -109901, -552780, -698 
1720611097644.00, -107069, -555150, -703 
1720611097665.00, -105484, -557487, -708 
1720611097687.00, -104869, -559789, -690 
1720611097709.00, -103470, -562071, -662 
1720611097730.00, -100988, -564306, -678 
1720611097752.00, -100209, -566508, -637 
1720611097774.00, -97183, -568685, -547 
1720611097796.00, -90181, -570773, -551 
1720611097817.00, -85989, -572735, -544 
1720611097838.00, -82977, -574597, -500 
1720611097861.00, -78649, -576392, -506 
1720611097882.00, -76470, -578093, -504 
1720611097904.00, -74856, -579740, -517 
1720611097925.00, -74722, -581374, -495 
1720611097947.00, -73445, -582997, -516 
1720611097968.00, -73775, -584586, -513 
1720611097990.00, -73671, -586182, -506 
1720611098012.00, -73282, -587779, -483 
1720611098034.00, -71552, -589367, -494 
1720611098054.00, -71263, -590927, -473 
1720611098077.00, -69691, -592467, -466 
1720611098098.00, -68417, -593977, -444 
1720611098120.00, -39544, -595449, -449 
1720611098142.00, -22283, -596322, -457 
1720611098162.00, -11742, -596822, -430 
1720611098185.00, -5746, -597096, -412 
1720611098206.00, -2200, -597228, -416 
1720611098228.00, -113, -597278, -371 
1720611098249.00, 163, -597285, -311 
1720611098271.00, 988, -597280, -261 
1720611098293.00, 1769, -597261, -193 
1720611098314.00, 2099, -597225, -110 
1720611098336.00, 2176, -597175, -26 
1720611098357.00, 2330, -597120, 57 
1720611098379.00, 5763, -597049, 198 
1720611098400.00, 16059, -596921, 304 
1720611098422.00, 28634, -596582, 327 
1720611098444.00, 37523, -595976, 406 
1720611098465.00, 47418, -595174, 469 
1720611098487.00, 57121, -594145, 465 
1720611098509.00, 62608, -592904, 574 
1720611098530.00, 72338, -591550, 546 
1720611098551.00, 76565, -589979, 551 
1720611098573.00, 79266, -588325, 605 
1720611098595.00, 83825, -586600, 598 
1720611098617.00, 86251, -584790, 602 
1720611098638.00, 87730, -582918, 622 
1720611098660.00, 89895, -581010, 636 
1720611098682.00, 91855, -579064, 669 
1720611098702.00, 94958, -577068, 680 
1720611098725.00, 97382, -575017, 696 
1720611098746.00, 99805, -572898, 719 
1720611098768.00, 102572, -570731, 742 
1720611098790.00, 105577, -568499, 754 
1720611098812.00, 107892, -566203, 769 
1720611098833.00, 110129, -563852, 784 
1720611098855.00, 112311, -561451, 794 
1720611098876.00, 114192, -559008, 815 
1720611098899.00, 116673, -556525, 832 
1720611098921.00, 118900, -553985, 834 
1720611098942.00, 120316, -551394, 846 
1720611098964.00, 121728, -548779, 865 
1720611098986.00, 123898, -546130, 879 
1720611099007.00, 123793, -543428, 886 
1720611099036.00, 123721, -540733, 878 
1720611099051.00, 123685, -538048, 875 
1720611099072.00, 123841, -535350, 890 
1720611099094.00, 123724, -532662, 898 
1720611099116.00, 123795, -529971, 916 
1720611099139.00, 123907, -527270, 916 
1720611099159.00, 123837, -524568, 920 
1720611099181.00, 123890, -521886, 937 
1720611099202.00, 123738, -519192, 955 
1720611099225.00, 123806, -516495, 970 
1720611099246.00, 123888, -513808, 978 
1720611099268.00, 123865, -511105, 994 
1720611099288.00, 123718, -508410, 1014 
1720611099310.00, 123851, -505714, 1011 
1720611099332.00, 123708, -503006, 1023 
1720611099354.00, 123602, -500303, 1032 
1720611099376.00, 123882, -497595, 1036 
1720611099397.00, 123765, -494885, 1045 
1720611099420.00, 123895, -492182, 1046 
1720611099441.00, 123899, -489483, 1052 
1720611099464.00, 123712, -486786, 1057 
1720611099485.00, 123729, -484073, 1060 
1720611099506.00, 123840, -481372, 1052 
1720611099528.00, 123719, -478664, 1036 
1720611099550.00, 123769, -475960, 1023 
1720611099578.00, 123889, -473266, 1009 
1720611099596.00, 123674, -470565, 1005 
1720611099617.00, 123599, -467860, 994 
1720611099638.00, 123821, -465168, 972 
1720611099660.00, 123849, -462471, 958 
1720611099687.00, 123964, -459779, 940 
1720611099704.00, 123803, -457099, 929 
1720611099725.00, 123665, -454404, 917 
1720611099747.00, 123760, -451715, 892 
1720611099768.00, 123749, -449023, 862 
1720611099790.00, 122459, -446334, 833 
1720611099812.00, 119932, -443672, 801 
1720611099834.00, 116407, -441081, 758 
1720611099856.00, 111704, -438556, 707 
1720611099877.00, 105835, -436124, 636 
1720611099899.00, 98200, -433834, 556 
1720611099921.00, 88654, -431727, 478 
1720611099942.00, 49135, -429815, 384 
1720611099964.00, 25737, -428754, 317 
1720611099986.00, 12328, -428177, 241 
1720611100007.00, 4177, -427907, 132 
1720611100028.00, -62, -427814, 69 
1720611100050.00, -2660, -427816, -14 
1720611100071.00, -5330, -427878, -125 
1720611100092.00, -13228, -427999, -234 
1720611100118.00, -24125, -428288, -320 
1720611100137.00, -35889, -428805, -349 
1720611100158.00, -44744, -429578, -525 
1720611100179.00, -60525, -430542, -548 
1720611100201.00, -71269, -431860, -582 
1720611100222.00, -79505, -433401, -644 
1720611100244.00, -88087, -435144, -655 
1720611100266.00, -93785, -437045, -678 
1720611100288.00, -98490, -439087, -692 
1720611100310.00, -102021, -441218, -680 
1720611100330.00, -103425, -443437, -692 
1720611100352.00, -104570, -445687, -699 
1720611100374.00, -105730, -447966, -690 
1720611100396.00, -105822, -450256, -706 
1720611100418.00, -106649, -452562, -736 
1720611100440.00, -108814, -454892, -745 
1720611100461.00, -110636, -457250, -737 
1720611100484.00, -111115, -459663, -757 
1720611100504.00, -112419, -462078, -770 
1720611100527.00, -113950, -464531, -785 
1720611100548.00, -115720, -467009, -787 
1720611100570.00, -116838, -469526, -793 
1720611100591.00, -117707, -472062, -799 
1720611100614.00, -118139, -474636, -797 
1720611100635.00, -118514, -477215, -810 
1720611100657.00, -119638, -479783, -829 
1720611100679.00, -121346, -482373, -843 
1720611100700.00, -122987, -485029, -839 
1720611100722.00, -123669, -487712, -839 
1720611100744.00, -123724, -490399, -838 
1720611100765.00, -123716, -493090, -820 
1720611100788.00, -122697, -495774, -822 
1720611100809.00, -122095, -498436, -831 
1720611100831.00, -122256, -501111, -813 
1720611100852.00, -121257, -503772, -804 
1720611100874.00, -120097, -506401, -811 
1720611100896.00, -119830, -509018, -816 
1720611100918.00, -119700, -511624, -813 
1720611100939.00, -119322, -514213, -788 
1720611100961.00, -117748, -516836, -768 
1720611100982.00, -115565, -519389, -768 
1720611101004.00, -114083, -521888, -787 
1720611101026.00, -114436, -524375, -777 
1720611101048.00, -113898, -526865, -761 
1720611101070.00, -112750, -529341, -766 
1720611101091.00, -112246, -531778, -767 
1720611101113.00, -111795, -534233, -771 
1720611101135.00, -111819, -536668, -750 
1720611101157.00, -110560, -539093, -749 
1720611101178.00, -109710, -541498, -773 
1720611101200.00, -110724, -543885, -767 
1720611101222.00, -110781, -546286, -743 
1720611101244.00, -109322, -548700, -753 
1720611101265.00, -109042, -551070, -761 
1720611101287.00, -109381, -553448, -750 
1720611101309.00, -108861, -555822, -709 
1720611101330.00, -106018, -558189, -717 
1720611101352.00, -104639, -560496, -714 
1720611101374.00, -103634, -562772, -685 
1720611101395.00, -101361, -565021, -646 
1720611101417.00, -97580, -567228, -656 
1720611101439.00, -95895, -569343, -640 
1720611101461.00, -93951, -571405, -605 
1720611101482.00, -90629, -573439, -606 
1720611101504.00, -88643, -575416, -583 
1720611101525.00, -86174, -577327, -582 
1720611101549.00, -84573, -579198, -572 
1720611101569.00, -83049, -581024, -503 
1720611101590.00, -77948, -582829, -516 
1720611101612.00, -75583, -584514, -507 
1720611101634.00, -73718, -586149, -484 
1720611101654.00, -71105, -587743, -441 
1720611101677.00, -67135, -589288, -448 
1720611101699.00, -65332, -590738, -433 
1720611101720.00, -63108, -592152, -399 
1720611101741.00, -59763, -593512, -366 
1720611101765.00, -33720, -594802, -349 
1720611101786.00, -18001, -595562, -338 
1720611101806.00, -8760, -595967, -296 
1720611101828.00, -3435, -596165, -278 
1720611101850.00, -209, -596242, -256 
1720611101871.00, 904, -596252, -233 
1720611101894.00, 1972, -596239, -181 
1720611101914.00, 2718, -596201, -103 
1720611101936.00, 3128, -596139, -47 
1720611101957.00, 3473, -596069, 14 
1720611101979.00, 4485, -595991, 106 
1720611102001.00, 10539, -595879, 267 
1720611102022.00, 23675, -595657, 332 
1720611102044.00, 35514, -595155, 380 
1720611102066.00, 45172, -594391, 457 
1720611102087.00, 55546, -593422, 445 
1720611102109.00, 61064, -592218, 574 
1720611102130.00, 72036, -590893, 553 
1720611102152.00, 77280, -589335, 572 
1720611102174.00, 81175, -587660, 625 
1720611102194.00, 86712, -585900, 635 
1720611102217.00, 90493, -584021, 646 
1720611102238.00, 93537, -582054, 682 
1720611102260.00, 97237, -580028, 699 
1720611102282.00, 100418, -577919, 714 
1720611102303.00, 103263, -575742, 748 
1720611102326.00, 106758, -573485, 766 
1720611102347.00, 109925, -571156, 782 
1720611102369.00, 112635, -568770, 814 
1720611102391.00, 116039, -566308, 838 
1720611102412.00, 119679, -563787, 856 
1720611102434.00, 122769, -561178, 880 
1720611102456.00, 123826, -558503, 891 
1720611102477.00, 123722, -555825, 897 
1720611102500.00, 123830, -553128, 900 
1720611102521.00, 123739, -550435, 907 
1720611102543.00, 123807, -547740, 943 
1720611102564.00, 123768, -545044, 950 
1720611102586.00, 123640, -542351, 971 
1720611102608.00, 123835, -539669, 995 
1720611102628.00, 123908, -536972, 1000 
1720611102650.00, 123860, -534264, 1011 
1720611102672.00, 123767, -531558, 1028 
1720611102694.00, 123770, -528849, 1059 
1720611102716.00, 123665, -526150, 1081 
1720611102737.00, 123732, -523453, 1093 
1720611102759.00, 123842, -520737, 1099 
1720611102781.00, 123763, -518029, 1102 
1720611102802.00, 123713, -515324, 1104 
1720611102825.00, 123692, -512627, 1088 
1720611102846.00, 123537, -509927, 1081 
1720611102868.00, 123713, -507224, 1052 
1720611102890.00, 123630, -504522, 1036 
1720611102912.00, 123759, -501816, 1019 
1720611102934.00, 123831, -499117, 1006 
1720611102954.00, 123842, -496413, 1000 
1720611102978.00, 123768, -493722, 988 
1720611103000.00, 123665, -491019, 973 
1720611103022.00, 123719, -488325, 967 
1720611103044.00, 123634, -485643, 976 
1720611103065.00, 123775, -482934, 997 
1720611103086.00, 123785, -480258, 1007 
1720611103108.00, 123629, -477557, 1014 
1720611103130.00, 123792, -474841, 1030 
1720611103151.00, 123682, -472141, 1045 
1720611103173.00, 123784, -469436, 1060 
1720611103195.00, 123821, -466738, 1064 
1720611103217.00, 123761, -464035, 1057 
1720611103238.00, 123763, -461335, 1045 
1720611103261.00, 123706, -458619, 1043 
1720611103282.00, 123710, -455922, 1038 
1720611103304.00, 123684, -453228, 1029 
1720611103326.00, 123714, -450517, 1032 
1720611103348.00, 123702, -447824, 1026 
1720611103370.00, 123655, -445121, 1002 
1720611103393.00, 123779, -442419, 969 
1720611103415.00, 123607, -439734, 945 
1720611103436.00, 123682, -437042, 897 
1720611103458.00, 123539, -434361, 823 
1720611103479.00, 119861, -431687, 717 
1720611103501.00, 67231, -429094, 609 
1720611103522.00, 36312, -427634, 587 
1720611103544.00, 18001, -426831, 473 
1720611103566.00, 7282, -426430, 340 
1720611103587.00, 1367, -426264, 229 
1720611103609.00, -1776, -426243, 111 
1720611103630.00, -3890, -426284, -34 
1720611103651.00, -7191, -426373, -141 
1720611103674.00, -15013, -426531, -282 
1720611103694.00, -28622, -426854, -313 
1720611103716.00, -38504, -427478, -543 
1720611103738.00, -57963, -428311, -567 
1720611103760.00, -71011, -429544, -581 
1720611103782.00, -79393, -431090, -636 
1720611103803.00, -87655, -432812, -663 
1720611103824.00, -93947, -434727, -669 
1720611103847.00, -97912, -436752, -681 
1720611103868.00, -100984, -438887, -675 
1720611103890.00, -102412, -441079, -676 
1720611103911.00, -102974, -443309, -699 
1720611103933.00, -104538, -445561, -709 
1720611103955.00, -106034, -447835, -698 
1720611103977.00, -106329, -450132, -687 
1720611103999.00, -105796, -452454, -674 
1720611104020.00, -104558, -454758, -657 
1720611104042.00, -102589, -457018, -652 
1720611104064.00, -101007, -459256, -661 
1720611104085.00, -100659, -461458, -648 
1720611104107.00, -99620, -463636, -646 
1720611104129.00, -98714, -465789, -677 
1720611104150.00, -99926, -467944, -666 
1720611104172.00, -100040, -470106, -660 
1720611104194.00, -99582, -472278, -698 
1720611104215.00, -101534, -474443, -704 
1720611104237.00, -102980, -476655, -724 
1720611104259.00, -105027, -478893, -783 
1720611104281.00, -109574, -481181, -782 
1720611104302.00, -112321, -483577, -775 
1720611104324.00, -113530, -486023, -789 
1720611104346.00, -114874, -488486, -798 
1720611104368.00, -116165, -490998, -784 
1720611104389.00, -116061, -493529, -774 
1720611104411.00, -115395, -496048, -775 
1720611104432.00, -114859, -498544, -764 
1720611104454.00, -113780, -501061, -748 
1720611104476.00, -112315, -503542, -736 
1720611104499.00, -110666, -505966, -742 
1720611104520.00, -109846, -508374, -756 
1720611104541.00, -110203, -510777, -755 
1720611104562.00, -110351, -513170, -767 
1720611104585.00, -111083, -515568, -814 
1720611104607.00, -114137, -517992, -829 
1720611104628.00, -116902, -520485, -815 
1720611104650.00, -117773, -523035, -813 
1720611104672.00, -118162, -525593, -817 
1720611104693.00, -118492, -528152, -830 
1720611104715.00, -119470, -530722, -832 
1720611104737.00, -119949, -533345, -815 
1720611104758.00, -119341, -535953, -783 
1720611104780.00, -117016, -538535, -800 
1720611104801.00, -116516, -541081, -814 
1720611104823.00, -116998, -543622, -769 
1720611104849.00, -114695, -546162, -764 
1720611104867.00, -112822, -548658, -752 
1720611104889.00, -110938, -551105, -766 
1720611104911.00, -110602, -553525, -763 
1720611104932.00, -110206, -555932, -739 
1720611104953.00, -108555, -558330, -722 
1720611104976.00, -106607, -560684, -734 
1720611104998.00, -105978, -562999, -713 
1720611105019.00, -104256, -565314, -646 
1720611105044.00, -99283, -567574, -616 
1720611105062.00, -94473, -569722, -597 
1720611105084.00, -90476, -571756, -518 
1720611105106.00, -83275, -573717, -499 
1720611105128.00, -77778, -575532, -482 
1720611105154.00, -73597, -577201, -461 
1720611105171.00, -69819, -578799, -469 
1720611105192.00, -67960, -580304, -460 
1720611105213.00, -66481, -581787, -457 
1720611105236.00, -65435, -583221, -451 
1720611105257.00, -64266, -584647, -442 
1720611105279.00, -63219, -586038, -441 
1720611105301.00, -62561, -587402, -433 
1720611105322.00, -61523, -588762, -435 
1720611105344.00, -61261, -590090, -416 
1720611105366.00, -59932, -591417, -403 
1720611105387.00, -58088, -592710, -395 
1720611105409.00, -56748, -593972, -383 
1720611105430.00, -32202, -595193, -372 
1720611105451.00, -17528, -595911, -362 
1720611105473.00, -8669, -596298, -354 
1720611105495.00, -3558, -596495, -341 
1720611105516.00, -311, -596577, -348 
1720611105538.00, 765, -596590, -336 
1720611105560.00, 1831, -596583, -312 
1720611105581.00, 2592, -596547, -283 
1720611105603.00, 3176, -596490, -225 
1720611105625.00, 3249, -596420, -173 
1720611105646.00, 3189, -596342, -113 
1720611105667.00, 3194, -596268, -75 
1720611105689.00, 3278, -596201, -17 
1720611105711.00, 3232, -596126, 54 
1720611105732.00, 6554, -596050, 128 
1720611105753.00, 12652, -595899, 277 
1720611105775.00, 25143, -595635, 246 
1720611105797.00, 30983, -595093, 320 
1720611105819.00, 38780, -594414, 438 
1720611105840.00, 50270, -593580, 455 
1720611105862.00, 58423, -592492, 500 
1720611105883.00, 66010, -591222, 628 
1720611105906.00, 78011, -589797, 637 
1720611105927.00, 85647, -588113, 668 
1720611105949.00, 91879, -586246, 727 
1720611105970.00, 99086, -584250, 741 
1720611105992.00, 104168, -582103, 752 
1720611106013.00, 107706, -579839, 770 
1720611106035.00, 110763, -577487, 778 
1720611106057.00, 112976, -575077, 781 
1720611106079.00, 114558, -572613, 788 
1720611106100.00, 115659, -570125, 796 
1720611106122.00, 116696, -567603, 806 
1720611106143.00, 117838, -565061, 826 
1720611106166.00, 119701, -562505, 841 
1720611106187.00, 121690, -559895, 851 
1720611106209.00, 123217, -557239, 858 
1720611106231.00, 123787, -554562, 879 
1720611106253.00, 123767, -551871, 895 
1720611106274.00, 123762, -549177, 902 
1720611106296.00, 123742, -546479, 915 
1720611106318.00, 123797, -543792, 931 
1720611106339.00, 123758, -541089, 927 
1720611106362.00, 123753, -538409, 938 
1720611106382.00, 123717, -535723, 947 
1720611106404.00, 123753, -533023, 953 
1720611106427.00, 123708, -530326, 964 
1720611106448.00, 123683, -527624, 973 
1720611106470.00, 123811, -524933, 987 
1720611106493.00, 123900, -522250, 991 
1720611106514.00, 123832, -519558, 998 
1720611106533.00, 123682, -516857, 1006 
1720611106556.00, 123758, -514152, 1011 
1720611106579.00, 123648, -511442, 1029 
1720611106599.00, 123685, -508742, 1043 
1720611106621.00, 123683, -506046, 1058 
1720611106643.00, 123604, -503337, 1068 
1720611106664.00, 123649, -500631, 1069 
1720611106687.00, 123669, -497931, 1063 
1720611106708.00, 123554, -495224, 1077 
1720611106731.00, 123734, -492521, 1089 
1720611106752.00, 123912, -489829, 1099 
1720611106773.00, 123759, -487127, 1111 
1720611106795.00, 123625, -484417, 1113 
1720611106817.00, 123635, -481709, 1110 
1720611106839.00, 123539, -479007, 1112 
1720611106861.00, 123771, -476303, 1116 
1720611106882.00, 123665, -473608, 1113 
1720611106908.00, 123629, -470912, 1092 
1720611106926.00, 123671, -468208, 1054 
1720611106948.00, 123739, -465504, 1015 
1720611106971.00, 123706, -462800, 991 
1720611106993.00, 123808, -460109, 969 
1720611107017.00, 123790, -457427, 948 
1720611107037.00, 123738, -454732, 917 
1720611107058.00, 123626, -452037, 884 
1720611107080.00, 123568, -449349, 863 
1720611107101.00, 122155, -446660, 845 
1720611107127.00, 120461, -444000, 824 
1720611107145.00, 118228, -441383, 801 
1720611107166.00, 115494, -438822, 766 
1720611107189.00, 111794, -436305, 735 
1720611107211.00, 107651, -433886, 713 
1720611107232.00, 103663, -431554, 675 
1720611107254.00, 57939, -429306, 606 
1720611107275.00, 30848, -428055, 610 
1720611107297.00, 15121, -427357, 567 
1720611107319.00, 5986, -427018, 487 
1720611107341.00, 519, -426885, 411 
1720611107362.00, -2014, -426874, 313 
1720611107383.00, -4073, -426916, 195 
1720611107403.00, -5248, -427005, 85 
1720611107426.00, -5794, -427129, -16 
1720611107448.00, -6972, -427263, -141 
1720611107469.00, -14750, -427427, -279 
1720611107491.00, -28041, -427745, -304 
1720611107512.00, -37340, -428360, -523 
1720611107534.00, -56039, -429158, -549 
1720611107559.00, -68558, -430349, -581 
1720611107578.00, -77872, -431851, -673 
1720611107598.00, -88595, -433537, -683 
1720611107620.00, -95708, -435477, -706 
1720611107642.00, -101191, -437548, -725 
1720611107666.00, -105367, -439751, -736 
1720611107685.00, -108322, -442055, -728 
1720611107707.00, -109762, -444425, -735 
1720611107729.00, -110735, -446799, -749 
1720611107751.00, -111988, -449199, -756 
1720611107775.00, -113332, -451666, -765 
1720611107793.00, -114399, -454129, -771 
1720611107815.00, -115369, -456596, -778 
1720611107838.00, -116293, -459117, -786 
1720611107859.00, -116936, -461657, -786 
1720611107885.00, -117493, -464199, -788 
1720611107903.00, -117950, -466760, -809 
1720611107924.00, -119328, -469319, -833 
1720611107946.00, -121578, -471922, -844 
1720611107968.00, -123212, -474578, -855 
1720611107990.00, -123793, -477263, -886 
1720611108011.00, -123631, -479950, -896 
1720611108033.00, -123805, -482635, -896 
1720611108055.00, -123799, -485332, -911 
1720611108077.00, -123939, -488034, -906 
1720611108101.00, -123733, -490727, -897 
1720611108120.00, -123702, -493422, -894 
1720611108141.00, -123779, -496105, -896 
1720611108163.00, -123673, -498788, -895 
1720611108184.00, -123711, -501494, -875 
1720611108207.00, -123680, -504183, -841 
1720611108228.00, -123535, -506880, -838 
1720611108251.00, -123692, -509570, -837 
1720611108272.00, -123754, -512257, -814 
1720611108294.00, -122467, -514942, -807 
1720611108316.00, -121253, -517624, -787 
1720611108337.00, -119339, -520256, -779 
1720611108359.00, -117675, -522847, -768 
1720611108380.00, -115705, -525398, -758 
1720611108402.00, -114029, -527921, -747 
1720611108424.00, -112297, -530394, -721 
1720611108446.00, -109640, -532850, -696 
1720611108467.00, -106683, -535226, -672 
1720611108489.00, -103432, -537536, -661 
1720611108511.00, -100442, -539776, -617 
1720611108532.00, -95996, -541964, -580 
1720611108554.00, -91362, -544043, -585 
1720611108576.00, -88676, -546023, -565 
1720611108598.00, -85921, -547932, -544 
1720611108619.00, -83145, -549802, -561 
1720611108641.00, -82382, -551592, -547 
1720611108664.00, -80930, -553378, -568 
1720611108684.00, -81379, -555134, -550 
1720611108705.00, -80684, -556894, -568 
1720611108727.00, -81142, -558647, -573 
1720611108749.00, -81878, -560398, -571 
1720611108771.00, -82009, -562173, -568 
1720611108792.00, -81870, -563938, -562 
1720611108814.00, -81336, -565727, -576 
1720611108836.00, -81877, -567483, -555 
1720611108857.00, -81078, -569267, -558 
1720611108878.00, -80996, -571006, -523 
1720611108901.00, -78564, -572763, -549 
1720611108922.00, -78471, -574466, -558 
1720611108944.00, -79035, -576165, -528 
1720611108965.00, -77414, -577873, -490 
1720611108987.00, -74217, -579544, -502 
1720611109008.00, -73093, -581157, -492 
1720611109030.00, -71789, -582742, -477 
1720611109052.00, -70061, -584293, -450 
1720611109073.00, -67694, -585814, -474 
1720611109101.00, -67440, -587271, -469 
1720611109117.00, -66937, -588735, -456 
1720611109138.00, -65821, -590178, -437 
1720611109160.00, -64000, -591617, -442 
1720611109182.00, -63310, -592995, -431 
1720611109204.00, -36321, -594357, -398 
1720611109224.00, -19752, -595169, -389 
1720611109246.00, -10039, -595622, -406 
1720611109268.00, -4462, -595847, -349 
1720611109290.00, -1153, -595949, -346 
1720611109316.00, 83, -595978, -323 
1720611109332.00, 1090, -595978, -297 
1720611109354.00, 1923, -595962, -257 
1720611109375.00, 2439, -595920, -179 
1720611109398.00, 2788, -595867, -102 
1720611109420.00, 2866, -595805, -35 
1720611109440.00, 3004, -595736, 52 
1720611109461.00, 6137, -595656, 197 
1720611109484.00, 16490, -595530, 211 
1720611109506.00, 23905, -595179, 268 
1720611109527.00, 31418, -594668, 328 
1720611109548.00, 39476, -593991, 363 
1720611109570.00, 46356, -593144, 395 
1720611109591.00, 52079, -592152, 431 
1720611109613.00, 57824, -591016, 463 
1720611109635.00, 62779, -589769, 488 
1720611109657.00, 67614, -588410, 450 
1720611109678.00, 67891, -586931, 612 
1720611109700.00, 77812, -585468, 574 
1720611109722.00, 81362, -583782, 585 
1720611109743.00, 84010, -582015, 665 
1720611109765.00, 90202, -580184, 671 
1720611109786.00, 94344, -578226, 691 
1720611109809.00, 97872, -576184, 727 
1720611109830.00, 102042, -574053, 746 
1720611109853.00, 105810, -571831, 766 
1720611109874.00, 109004, -569522, 790 
1720611109895.00, 112279, -567136, 799 
1720611109916.00, 114768, -564701, 813 
1720611109938.00, 117020, -562205, 837 
1720611109971.00, 119800, -559651, 860 
1720611109982.00, 122737, -557042, 880 
1720611110004.00, 123935, -554370, 908 
1720611110025.00, 123948, -551667, 945 
1720611110047.00, 123681, -548980, 959 
1720611110069.00, 123821, -546286, 983 
1720611110090.00, 123862, -543588, 1006 
1720611110111.00, 123699, -540874, 1021 
1720611110134.00, 123766, -538178, 1028 
1720611110155.00, 123705, -535477, 1047 
1720611110177.00, 123680, -532771, 1071 
1720611110199.00, 123702, -530066, 1087 
1720611110221.00, 123918, -527359, 1100 
1720611110242.00, 123680, -524648, 1123 
1720611110264.00, 123826, -521952, 1140 
1720611110286.00, 123919, -519252, 1148 
1720611110308.00, 123787, -516540, 1167 
1720611110330.00, 123655, -513839, 1168 
1720611110352.00, 123833, -511133, 1168 
1720611110372.00, 123735, -508423, 1169 
1720611110395.00, 123873, -505734, 1159 
1720611110417.00, 123740, -503027, 1164 
1720611110439.00, 123478, -500319, 1158 
1720611110460.00, 123743, -497618, 1148 
1720611110482.00, 123863, -494909, 1147 
1720611110504.00, 123902, -492201, 1153 
1720611110526.00, 123748, -489503, 1155 
1720611110548.00, 123768, -486806, 1159 
1720611110569.00, 123776, -484102, 1138 
1720611110591.00, 123795, -481394, 1118 
1720611110613.00, 123741, -478685, 1097 
1720611110634.00, 123732, -475986, 1088 
1720611110657.00, 123895, -473288, 1077 
1720611110678.00, 123731, -470585, 1069 
1720611110701.00, 123576, -467883, 1056 
1720611110722.00, 123757, -465180, 1040 
1720611110744.00, 123703, -462473, 1036 
1720611110765.00, 123899, -459767, 1029 
1720611110787.00, 123801, -457071, 1014 
1720611110811.00, 123633, -454373, 988 
1720611110833.00, 123684, -451673, 966 
1720611110854.00, 123747, -448985, 930 
1720611110876.00, 123769, -446295, 887 
1720611110897.00, 123676, -443600, 839 
1720611110919.00, 120962, -440926, 767 
1720611110941.00, 114869, -438309, 679 
1720611110963.00, 105983, -435811, 591 
1720611110984.00, 95542, -433515, 518 
1720611111006.00, 84607, -431461, 453 
1720611111027.00, 46744, -429635, 369 
1720611111049.00, 24481, -428624, 292 
1720611111071.00, 11511, -428081, 205 
1720611111092.00, 3764, -427822, 137 
1720611111113.00, -77, -427738, 92 
1720611111135.00, -2557, -427739, 47 
1720611111157.00, -4265, -427796, -13 
1720611111178.00, -5818, -427890, -83 
1720611111200.00, -10777, -428025, -151 
1720611111221.00, -18153, -428268, -241 
1720611111243.00, -27717, -428653, -334 
1720611111264.00, -38948, -429248, -370 
1720611111286.00, -47723, -430078, -500 
1720611111308.00, -60490, -431113, -523 
1720611111330.00, -69618, -432420, -556 
1720611111351.00, -76897, -433939, -611 
1720611111372.00, -84368, -435621, -637 
1720611111394.00, -90341, -437452, -644 
1720611111415.00, -94204, -439407, -668 
1720611111438.00, -97898, -441460, -689 
1720611111459.00, -101188, -443579, -719 
1720611111481.00, -104832, -445784, -723 
1720611111503.00, -107210, -448064, -713 
1720611111525.00, -107907, -450396, -727 
1720611111546.00, -109043, -452748, -751 
1720611111568.00, -111061, -455129, -759 
1720611111590.00, -112753, -457540, -762 
1720611111611.00, -113828, -459998, -779 
1720611111633.00, -115112, -462470, -791 
1720611111655.00, -116749, -464977, -788 
1720611111677.00, -117425, -467531, -793 
1720611111699.00, -118151, -470084, -795 
1720611111720.00, -118404, -472644, -786 
1720611111742.00, -117983, -475231, -776 
1720611111764.00, -116877, -477806, -766 
1720611111785.00, -115698, -480340, -749 
1720611111807.00, -113952, -482854, -745 
1720611111829.00, -112556, -485336, -749 
1720611111851.00, -112018, -487791, -736 
1720611111872.00, -110843, -490220, -728 
1720611111894.00, -109692, -492635, -744 
1720611111915.00, -109509, -495019, -767 
1720611111937.00, -110850, -497412, -750 
1720611111959.00, -110763, -499833, -764 
1720611111981.00, -111491, -502238, -798 
1720611112002.00, -113792, -504657, -803 
1720611112024.00, -115423, -507143, -805 
1720611112046.00, -116522, -509663, -837 
1720611112068.00, -119194, -512196, -874 
1720611112089.00, -122810, -514786, -897 
1720611112111.00, -123731, -517472, -892 
1720611112132.00, -123862, -520174, -880 
1720611112155.00, -123846, -522864, -880 
1720611112177.00, -123740, -525554, -886 
1720611112198.00, -123715, -528237, -883 
1720611112219.00, -123740, -530928, -866 
1720611112242.00, -123582, -533629, -848 
1720611112263.00, -123720, -536331, -839 
1720611112285.00, -123101, -539005, -826 
1720611112306.00, -121977, -541693, -802 
1720611112328.00, -119871, -544341, -782 
1720611112350.00, -117303, -546939, -802 
1720611112372.00, -117056, -549513, -776 
1720611112393.00, -115258, -552048, -726 
1720611112415.00, -111197, -554533, -728 
1720611112436.00, -108680, -556957, -708 
1720611112459.00, -106150, -559323, -682 
1720611112481.00, -102859, -561624, -668 
1720611112501.00, -100105, -563846, -662 
1720611112523.00, -98012, -566032, -621 
1720611112545.00, -94246, -568148, -577 
1720611112567.00, -89632, -570179, -589 
1720611112590.00, -87318, -572118, -560 
1720611112611.00, -84125, -574008, -499 
1720611112631.00, -78879, -575833, -498 
1720611112653.00, -75514, -577527, -483 
1720611112675.00, -72429, -579159, -482 
1720611112713.00, -70609, -580725, -448 
1720611112722.00, -67402, -582268, -467 
1720611112740.00, -66598, -583721, -478 
1720611112762.00, -66791, -585169, -482 
1720611112784.00, -67384, -586611, -469 
1720611112805.00, -66770, -588066, -466 
1720611112827.00, -66246, -589517, -495 
1720611112848.00, -67618, -590954, -486 
1720611112870.00, -68039, -592420, -480 
1720611112890.00, -67922, -593893, -465 
1720611112914.00, -38944, -595352, -477 
1720611112935.00, -21339, -596210, -500 
1720611112957.00, -10935, -596692, -471 
1720611112978.00, -4739, -596940, -462 
1720611112999.00, -1188, -597054, -473 
1720611113021.00, 93, -597082, -460 
1720611113042.00, 1125, -597084, -464 
1720611113065.00, 1882, -597066, -453 
1720611113086.00, 2299, -597029, -437 
1720611113107.00, 2526, -596979, -429 
1720611113129.00, 2770, -596923, -428 
1720611113151.00, 2858, -596863, -427 
1720611113172.00, 3049, -596803, -432 
1720611113193.00, 2933, -596740, -427 
1720611113215.00, 2882, -596676, -438 
1720611113237.00, 2756, -596614, -438 
1720611113259.00, 2729, -596553, -444 
1720611113280.00, 2814, -596495, -440 
1720611113302.00, 2668, -596437, -446 
1720611113323.00, 2519, -596379, -451 
1720611113346.00, 2293, -596321, -450 
1720611113367.00, 2189, -596270, -453 
1720611113388.00, 2198, -596224, -451 
1720611113410.00, 2135, -596178, -446 
1720611113431.00, 2156, -596133, -445 
1720611113454.00, 2052, -596086, -443 
1720611113475.00, 2163, -596043, -433 
1720611113497.00, 2085, -595997, -425 
1720611113518.00, 2030, -595952, -425 
1720611113540.00, 1906, -595909, -417 
1720611113562.00, 1910, -595867, -406 
1720611113584.00, 1896, -595826, -400 
1720611113605.00, 1779, -595786, -398 
1720611113627.00, 1763, -595747, -392 
1720611113649.00, 1736, -595709, -383 
1720611113670.00, 1843, -595671, -376 
1720611113692.00, 1693, -595631, -367 
1720611113713.00, 1635, -595594, -356 
1720611113735.00, 1533, -595558, -346 
1720611113757.00, 1471, -595526, -342 
1720611113778.00, 1364, -595492, -330 
1720611113800.00, 1354, -595460, -323 
1720611113822.00, 1287, -595429, -314 
1720611113843.00, 1239, -595402, -309 
1720611113865.00, 1230, -595374, -305 
1720611113886.00, 1232, -595349, -302 
1720611113908.00, 1216, -595320, -293 
1720611113930.00, 1189, -595294, -287 
1720611113952.00, 1150, -595268, -281 
1720611113973.00, 1156, -595244, -274 
1720611113995.00, 1123, -595219, -268 
1720611114016.00, 1075, -595195, -264 
1720611114038.00, 1056, -595169, -258 
1720611114060.00, 1071, -595148, -250 
1720611114081.00, 1048, -595124, -247 
1720611114103.00, 1014, -595101, -239 
1720611114124.00, 987, -595079, -235 
1720611114145.00, 924, -595057, -230 
1720611114168.00, 884, -595037, -224 
1720611114189.00, 820, -595017, -221 
1720611114211.00, 831, -595000, -217 
1720611114232.00, 845, -594980, -214 
1720611114253.00, 839, -594963, -210 
1720611114275.00, 791, -594943, -207 
1720611114297.00, 802, -594926, -206 
1720611114318.00, 778, -594908, -203 
1720611114339.00, 730, -594891, -200 
1720611114362.00, 658, -594875, -197 
1720611114382.00, 645, -594860, -197 
1720611114404.00, 617, -594846, -194 
1720611114426.00, 679, -594832, -193 
1720611114448.00, 603, -594818, -190 
1720611114469.00, 621, -594805, -189 
1720611114491.00, 604, -594792, -185 
1720611114512.00, 608, -594778, -182 
1720611114533.00, 596, -594764, -180 
1720611114555.00, 610, -594752, -178 
1720611114577.00, 572, -594740, -176 
1720611114599.00, 556, -594727, -177 
1720611114620.00, 493, -594716, -173 
1720611114641.00, 464, -594705, -172 
1720611114663.00, 439, -594694, -170 
1720611114685.00, 438, -594685, -171 
1720611114706.00, 422, -594675, -167 
1720611114728.00, 407, -594668, -167 
1720611114749.00, 407, -594658, -168 
1720611114771.00, 409, -594649, -165 
1720611114792.00, 388, -594641, -164 
1720611114814.00, 368, -594634, -163 
1720611114835.00, 361, -594625, -161 
1720611114857.00, 361, -594617, -159 
1720611114879.00, 363, -594608, -158 
1720611114900.00, 353, -594601, -155 
1720611114965.00, 342, -594593, -155 
1720611114965.00, 365, -594585, -154 
1720611114965.00, 357, -594577, -153 
1720611114986.00, 329, -594569, -149 
1720611115008.00, 0, -594561, -248 
1720611115029.00, 0, -594561, -246 
1720611115050.00, 0, -594561, -242 
1720611115071.00, 0, -594560, -236 
1720611115092.00, 0, -594559, -230 
1720611115113.00, 0, -594559, -226 
1720611115135.00, 0, -594559, -221 
1720611115156.00, 0, -594558, -212 
1720611115177.00, 0, -594558, -203 
1720611115197.00, 0, -594558, -193 
1720611115218.00, 0, -594557, -184 
1720611115239.00, 0, -594557, -176 
1720611115261.00, 0, -594556, -169 
1720611115282.00, 0, -594555, -159 
1720611115304.00, 0, -594555, -148 
1720611115324.00, 0, -594555, -139 
1720611115345.00, 0, -594554, -131 
1720611115367.00, 0, -594553, -124 
1720611115387.00, 0, -594553, -120 
1720611115409.00, 0, -594553, -113 
1720611115430.00, 0, -594553, -105 
1720611115451.00, 0, -594553, -105 
1720611115472.00, 0, -594554, -108 
1720611115494.00, 0, -594552, -99 
1720611115514.00, 0, -594550, -86 
1720611115536.00, 0, -594550, -65 
1720611115556.00, 0, -594549, -56 
1720611115577.00, 0, -594549, -57 
1720611115598.00, 0, -594549, -58 
1720611115619.00, 0, -594548, -62 
1720611115641.00, 0, -594549, -64 
1720611115662.00, 0, -594549, -61 
1720611115682.00, 0, -594548, -64 
1720611115703.00, 0, -594550, -68 
1720611115724.00, 0, -594548, -72 
1720611115746.00, 0, -594549, -70 
1720611115767.00, 0, -594550, -72 
1720611115788.00, 0, -594550, -71 
1720611115809.00, 0, -594549, -74 
1720611115830.00, 0, -594549, -75 
1720611115851.00, 0, -594550, -76 
1720611115872.00, 0, -594550, -81 
1720611115893.00, 0, -594550, -83 
1720611115914.00, 0, -594549, -85 
1720611115935.00, 0, -594550, -88 
1720611115956.00, 0, -594550, -86 
1720611115977.00, 0, -594550, -87 
1720611115998.00, 0, -594551, -87 
1720611116019.00, 0, -594550, -87 
1720611116040.00, 0, -594550, -87 
1720611116060.00, 0, -594551, -87 
1720611116082.00, 0, -594550, -87 
1720611116103.00, 0, -594550, -86 
1720611116124.00, 0, -594551, -88 
1720611116145.00, 0, -594551, -86 
1720611116166.00, 0, -594549, -87 
1720611116187.00, 0, -594550, -88 
1720611116208.00, 0, -594549, -86 
1720611116230.00, 0, -594551, -87 
1720611116250.00, 0, -594550, -87 
1720611116271.00, 0, -594550, -86 
1720611116292.00, 0, -594550, -87 
1720611116313.00, 0, -594550, -87 
1720611116334.00, 0, -594550, -87 
1720611116356.00, 0, -594551, -87 
1720611116377.00, 0, -594550, -87 
1720611116397.00, 0, -594551, -87 
1720611116419.00, 0, -594550, -87 
1720611116440.00, 0, -594550, -87 
1720611116461.00, 0, -594550, -87 
1720611116482.00, 0, -594551, -87 
1720611116502.00, 0, -594550, -87 
1720611116524.00, 0, -594550, -87 
1720611116545.00, 0, -594550, -87 
1720611116566.00, 0, -594550, -87 
1720611116587.00, 0, -594550, -87 
1720611116608.00, 0, -594550, -87 
1720611116629.00, 0, -594550, -87 
1720611116649.00, 0, -594549, -87 
1720611116671.00, 0, -594551, -87 
1720611116692.00, 0, -594551, -87 
1720611116712.00, 0, -594550, -87 
1720611116734.00, 0, -594550, -87 
1720611116754.00, 0, -594550, -87 
1720611116775.00, 0, -594549, -87 
1720611116797.00, 0, -594551, -87 
1720611116818.00, 0, -594550, -87 
1720611116838.00, 0, -594549, -87 
1720611116860.00, 0, -594550, -87 
1720611116881.00, 0, -594550, -87 
1720611116902.00, 0, -594550, -87 
1720611116923.00, 0, -594550, -87 
1720611116944.00, 0, -594550, -87 
1720611116965.00, 0, -594551, -87 
1720611116986.00, 0, -594551, -87 
1720611117007.00, 0, -594550, -87 
1720611117028.00, 0, -594551, -87 
1720611117049.00, 0, -594550, -87 
1720611117070.00, 0, -594551, -87 
1720611117092.00, 0, -594550, -87 
1720611117112.00, 0, -594551, -87 
1720611117133.00, 0, -594550, -87 
1720611117154.00, 0, -594549, -87 
1720611117176.00, 0, -594551, -87 
1720611117197.00, 0, -594550, -87 
1720611117218.00, 0, -594550, -87 
1720611117239.00, 0, -594550, -87 
1720611117259.00, 0, -594550, -87 
1720611117281.00, 0, -594550, -87 
1720611117301.00, 0, -594550, -87 
1720611117322.00, 0, -594550, -87 
1720611117343.00, 0, -594550, -87 
1720611117365.00, 0, -594550, -87 
1720611117386.00, 0, -594551, -87 
1720611117406.00, 0, -594550, -87 
1720611117428.00, 0, -594550, -87 
1720611117448.00, 0, -594550, -87 
1720611117470.00, 0, -594550, -87 
1720611117491.00, 0, -594550, -87 
1720611117512.00, 0, -594550, -87 
1720611117532.00, 0, -594551, -87 
1720611117553.00, 0, -594550, -87 
1720611117575.00, 0, -594550, -87 
1720611117596.00, 0, -594551, -87 
1720611117617.00, 0, -594550, -87 
1720611117638.00, 0, -594550, -87 
1720611117659.00, 0, -594550, -87 
1720611117680.00, 0, -594551, -87 
1720611117701.00, 0, -594550, -87 
1720611117722.00, 0, -594550, -87 
1720611117743.00, 0, -594550, -87 
1720611117764.00, 0, -594550, -87 
1720611117785.00, 0, -594550, -87 
1720611117806.00, 0, -594550, -87 
1720611117827.00, 0, -594549, -87 
1720611117848.00, 0, -594550, -87 
1720611117869.00, 0, -594550, -87 
1720611117890.00, 0, -594550, -87 
1720611117911.00, 0, -594551, -87 
