1718959473543.00, 1, -594898, -130 
1718959473564.00, 39, -594899, -130 
1718959473585.00, -1, -594898, -130 
1718959473607.00, 0, -594898, -131 
1718959473629.00, 1, -594898, -131 
1718959473650.00, 0, -594897, -130 
1718959473670.00, 0, -594898, -129 
1718959473692.00, 0, -594897, -128 
1718959473713.00, 0, -594896, -128 
1718959473739.00, 0, -594896, -127 
1718959473756.00, 0, -594896, -125 
1718959473777.00, 0, -594896, -124 
1718959473798.00, 0, -594896, -122 
1718959473820.00, -11, -594896, -121 
1718959473843.00, 0, -594895, -118 
1718959473863.00, 0, -594895, -116 
1718959473884.00, 27, -594895, -115 
1718959473905.00, 0, -594895, -114 
1718959473927.00, 0, -594894, -112 
1718959473947.00, 0, -594894, -111 
1718959473969.00, 0, -594895, -110 
1718959473990.00, 0, -594894, -110 
1718959474012.00, 51, -594893, -110 
1718959474034.00, 63, -594894, -109 
1718959474054.00, -4, -594893, -108 
1718959474076.00, 0, -594894, -109 
1718959474097.00, 32, -594893, -109 
1718959474119.00, 0, -594893, -109 
1718959474140.00, 0, -594893, -109 
1718959474161.00, 0, -594893, -109 
1718959474183.00, 15, -594894, -109 
1718959474204.00, 0, -594893, -108 
1718959474226.00, 1, -594893, -108 
1718959474247.00, -49, -594892, -108 
1718959474268.00, 0, -594893, -108 
1718959474289.00, 0, -594892, -107 
1718959474311.00, 0, -594892, -107 
1718959474332.00, 0, -594893, -108 
1718959474353.00, 0, -594892, -108 
1718959474375.00, 0, -594893, -107 
1718959474396.00, 0, -594893, -106 
1718959474417.00, 0, -594892, -105 
1718959474438.00, 0, -594893, -104 
1718959474460.00, 0, -594891, -104 
1718959474481.00, -55, -594892, -103 
1718959474503.00, 0, -594892, -103 
1718959474524.00, 0, -594891, -102 
1718959474545.00, 0, -594891, -102 
1718959474566.00, 39, -594892, -102 
1718959474588.00, 15, -594892, -102 
1718959474612.00, -5, -594892, -103 
1718959474630.00, 0, -594891, -103 
1718959474652.00, 66, -594892, -103 
1718959474673.00, 0, -594892, -103 
1718959474694.00, 0, -594892, -103 
1718959474716.00, 0, -594892, -102 
1718959474737.00, -7, -594891, -101 
1718959474759.00, 0, -594891, -101 
1718959474780.00, 0, -594890, -101 
1718959474801.00, 0, -594891, -100 
1718959474822.00, 0, -594891, -100 
1718959474844.00, 0, -594891, -100 
1718959474864.00, -3, -594891, -98 
1718959474886.00, 0, -594890, -97 
1718959474907.00, 0, -594890, -96 
1718959474928.00, 1, -594890, -95 
1718959474949.00, 0, -594891, -94 
1718959474970.00, 51, -594890, -92 
1718959474991.00, -4, -594890, -91 
1718959475014.00, 0, -594890, -91 
1718959475034.00, 0, -594889, -92 
1718959475055.00, 0, -594890, -95 
1718959475076.00, 0, -594890, -99 
1718959475097.00, 0, -594891, -105 
1718959475120.00, 0, -594890, -108 
1718959475141.00, 0, -594891, -109 
1718959475163.00, 0, -594890, -112 
1718959475183.00, -3, -594891, -113 
1718959475204.00, 0, -594890, -112 
1718959475226.00, 0, -594891, -110 
1718959475246.00, 0, -594891, -109 
1718959475270.00, 0, -594891, -108 
1718959475290.00, 55, -594891, -109 
1718959475311.00, -3, -594890, -107 
1718959475332.00, 0, -594890, -102 
1718959475354.00, 0, -594889, -99 
1718959475374.00, 0, -594890, -96 
1718959475396.00, 0, -594889, -90 
1718959475417.00, 0, -594888, -79 
1718959475438.00, 0, -594888, -63 
1718959475460.00, 4, -594887, -49 
1718959475481.00, 27, -594886, -37 
1718959475502.00, 0, -594885, -34 
1718959475524.00, 60, -594885, -30 
1718959475545.00, 1, -594885, -28 
1718959475566.00, 61, -594884, -25 
1718959475587.00, 39, -594884, -22 
1718959475610.00, 1, -594883, -21 
1718959475631.00, 0, -594883, -21 
1718959475652.00, -4, -594883, -22 
1718959475674.00, 10, -594883, -25 
1718959475695.00, 8, -594883, -32 
1718959475716.00, 0, -594883, -38 
1718959475737.00, 0, -594883, -44 
1718959475758.00, 0, -594884, -51 
1718959475779.00, -4, -594883, -57 
1718959475801.00, -41, -594883, -62 
1718959475822.00, 0, -594884, -65 
1718959475843.00, 0, -594884, -62 
1718959475865.00, 0, -594885, -79 
1718959475886.00, 0, -594884, -84 
1718959475907.00, 0, -594884, -88 
1718959475929.00, -2, -594885, -86 
1718959475949.00, -49, -594885, -92 
1718959475970.00, 0, -594885, -97 
1718959475992.00, 0, -594885, -98 
1718959476013.00, 0, -594886, -101 
1718959476034.00, 0, -594887, -103 
1718959476055.00, 0, -594885, -104 
1718959476077.00, 0, -594886, -104 
1718959476098.00, 0, -594885, -103 
1718959476120.00, 0, -594886, -103 
1718959476147.00, 0, -594885, -103 
1718959476162.00, 0, -594886, -102 
1718959476184.00, 0, -594885, -100 
1718959476205.00, 67, -594884, -100 
1718959476226.00, -4, -594885, -98 
1718959476250.00, 0, -594886, -98 
1718959476269.00, 0, -594885, -99 
1718959476290.00, 0, -594885, -99 
1718959476311.00, 0, -594886, -99 
1718959476332.00, 0, -594885, -101 
1718959476354.00, -52, -594886, -102 
1718959476375.00, 0, -594886, -104 
1718959476396.00, 0, -594886, -106 
1718959476417.00, 0, -594885, -109 
1718959476439.00, -48, -594885, -113 
1718959476460.00, 0, -594886, -116 
1718959476485.00, 0, -594885, -115 
1718959476502.00, 0, -594884, -101 
1718959476524.00, 2, -594883, -67 
1718959476545.00, 24, -594880, -7 
1718959476566.00, 59, -594872, 72 
1718959476588.00, 4543, -594866, 154 
1718959476609.00, 12410, -594760, 230 
1718959476631.00, 21320, -594497, 300 
1718959476653.00, 30741, -594040, 349 
1718959476675.00, 39132, -593382, 366 
1718959476696.00, 45292, -592531, 471 
1718959476718.00, 55355, -591551, 526 
1718959476739.00, 64666, -590343, 584 
1718959476761.00, 73569, -588951, 670 
1718959476782.00, 84046, -587350, 698 
1718959476806.00, 90568, -585527, 729 
1718959476825.00, 94437, -583554, 777 
1718959476848.00, 94778, -581508, 815 
1718959476869.00, 94688, -579456, 843 
1718959476891.00, 94717, -577401, 874 
1718959476918.00, 94663, -575357, 917 
1718959476934.00, 94788, -573296, 946 
1718959476956.00, 94635, -571244, 988 
1718959476977.00, 94741, -569198, 1016 
1718959476999.00, 94735, -567132, 1058 
1718959477025.00, 94696, -565077, 1088 
1718959477043.00, 94664, -563015, 1119 
1718959477064.00, 94569, -560946, 1166 
1718959477086.00, 94625, -558893, 1189 
1718959477108.00, 94979, -556830, 1209 
1718959477130.00, 94562, -554772, 1252 
1718959477151.00, 94727, -552715, 1291 
1718959477172.00, 94520, -550654, 1300 
1718959477195.00, 94660, -548593, 1325 
1718959477217.00, 94552, -546527, 1357 
1718959477238.00, 94708, -544469, 1372 
1718959477260.00, 94825, -542411, 1403 
1718959477282.00, 94590, -540345, 1425 
1718959477303.00, 94713, -538286, 1435 
1718959477325.00, 94630, -536233, 1474 
1718959477349.00, 94700, -534162, 1488 
1718959477368.00, 94576, -532103, 1507 
1718959477390.00, 94785, -530050, 1529 
1718959477412.00, 94562, -527981, 1544 
1718959477434.00, 94658, -525927, 1562 
1718959477461.00, 94616, -523867, 1566 
1718959477477.00, 94667, -521807, 1573 
1718959477499.00, 94671, -519751, 1588 
1718959477521.00, 94717, -517684, 1594 
1718959477542.00, 94799, -515624, 1624 
1718959477565.00, 94580, -513566, 1629 
1718959477585.00, 94868, -511507, 1640 
1718959477608.00, 94480, -509452, 1674 
1718959477628.00, 94824, -507382, 1683 
1718959477651.00, 94780, -505324, 1679 
1718959477674.00, 94586, -503269, 1699 
1718959477694.00, 94635, -501200, 1698 
1718959477716.00, 94679, -499144, 1701 
1718959477738.00, 94569, -497087, 1691 
1718959477759.00, 94689, -495024, 1689 
1718959477782.00, 94785, -492967, 1724 
1718959477803.00, 94511, -490907, 1713 
1718959477825.00, 94768, -488851, 1725 
1718959477846.00, 94552, -486791, 1755 
1718959477868.00, 94797, -484724, 1766 
1718959477890.00, 94563, -482665, 1772 
1718959477911.00, 94661, -480608, 1797 
1718959477933.00, 94472, -478543, 1786 
1718959477955.00, 94551, -476486, 1796 
1718959477976.00, 94651, -474427, 1772 
1718959478005.00, 94510, -472371, 1771 
1718959478020.00, 94701, -470318, 1751 
1718959478042.00, 94473, -468252, 1709 
1718959478064.00, 94718, -466200, 1718 
1718959478085.00, 94476, -464140, 1723 
1718959478106.00, 95030, -462077, 1698 
1718959478129.00, 94603, -460019, 1731 
1718959478151.00, 94625, -457961, 1725 
1718959478172.00, 94789, -455900, 1728 
1718959478194.00, 94744, -453848, 1752 
1718959478216.00, 94467, -451780, 1723 
1718959478237.00, 94840, -449724, 1738 
1718959478259.00, 94591, -447672, 1716 
1718959478281.00, 94490, -445604, 1673 
1718959478303.00, 94850, -443551, 1693 
1718959478326.00, 94432, -441496, 1653 
1718959478346.00, 94888, -439441, 1610 
1718959478368.00, 94403, -437376, 1613 
1718959478389.00, 94600, -435320, 1531 
1718959478411.00, 94574, -433272, 1509 
1718959478433.00, 94565, -431213, 1495 
1718959478454.00, 55658, -429164, 1437 
1718959478475.00, 32576, -427952, 1491 
1718959478498.00, 18925, -427233, 1451 
1718959478520.00, 10615, -426815, 1448 
1718959478542.00, 5642, -426581, 1347 
1718959478564.00, 2461, -426469, 1072 
1718959478585.00, 589, -426432, 659 
1718959478606.00, -17, -426430, 335 
1718959478627.00, -182, -426437, 154 
1718959478648.00, -708, -426454, -4 
1718959478670.00, -915, -426483, -173 
1718959478692.00, -11350, -426513, -295 
1718959478713.00, -25026, -426747, -326 
1718959478734.00, -35071, -427288, -480 
1718959478756.00, -50232, -428045, -544 
1718959478778.00, -62885, -429116, -547 
1718959478799.00, -70517, -430479, -598 
1718959478821.00, -78170, -432020, -638 
1718959478843.00, -85091, -433714, -660 
1718959478865.00, -90545, -435575, -699 
1718959478886.00, -94744, -437534, -732 
1718959478908.00, -94816, -439583, -746 
1718959478929.00, -94630, -441641, -773 
1718959478951.00, -94766, -443687, -787 
1718959478973.00, -94568, -445748, -811 
1718959478999.00, -94631, -447790, -810 
1718959479016.00, -94598, -449838, -820 
1718959479037.00, -94791, -451901, -830 
1718959479060.00, -94608, -453953, -825 
1718959479081.00, -94572, -455992, -824 
1718959479115.00, -94539, -458050, -831 
1718959479124.00, -94610, -460097, -827 
1718959479146.00, -94527, -462150, -846 
1718959479167.00, -94741, -464196, -842 
1718959479189.00, -94547, -466250, -852 
1718959479218.00, -94727, -468309, -872 
1718959479233.00, -94588, -470362, -879 
1718959479254.00, -94680, -472404, -902 
1718959479275.00, -94583, -474460, -902 
1718959479298.00, -94698, -476511, -901 
1718959479319.00, -94669, -478569, -931 
1718959479341.00, -94591, -480613, -936 
1718959479362.00, -94522, -482656, -928 
1718959479384.00, -94599, -484723, -924 
1718959479405.00, -94723, -486778, -914 
1718959479431.00, -94536, -488813, -925 
1718959479449.00, -94646, -490874, -923 
1718959479471.00, -94670, -492926, -895 
1718959479492.00, -94701, -494972, -914 
1718959479514.00, -94648, -497023, -892 
1718959479540.00, -94698, -499062, -896 
1718959479557.00, -94954, -501130, -914 
1718959479579.00, -94671, -503180, -921 
1718959479601.00, -94692, -505218, -931 
1718959479622.00, -94669, -507283, -935 
1718959479643.00, -94765, -509331, -962 
1718959479665.00, -94575, -511381, -982 
1718959479687.00, -94677, -513435, -977 
1718959479708.00, -94583, -515477, -995 
1718959479730.00, -94837, -517540, -1035 
1718959479754.00, -94574, -519600, -1016 
1718959479774.00, -94642, -521650, -1041 
1718959479796.00, -94641, -523716, -1050 
1718959479817.00, -94695, -525776, -1018 
1718959479838.00, -94749, -527836, -1046 
1718959479862.00, -94666, -529890, -1060 
1718959479882.00, -94657, -531945, -1063 
1718959479904.00, -94517, -534011, -1076 
1718959479926.00, -94562, -536079, -1072 
1718959479948.00, -94701, -538123, -1066 
1718959479978.00, -94661, -540182, -1063 
1718959479991.00, -94580, -542252, -1050 
1718959480012.00, -94640, -544301, -1073 
1718959480034.00, -94250, -546354, -1056 
1718959480056.00, -94661, -548419, -1036 
1718959480078.00, -94581, -550484, -1089 
1718959480100.00, -94471, -552540, -1059 
1718959480121.00, -94538, -554583, -1038 
1718959480143.00, -94580, -556649, -1069 
1718959480164.00, -94509, -558711, -1037 
1718959480189.00, -94570, -560765, -1027 
1718959480208.00, -94556, -562821, -1033 
1718959480230.00, -94519, -564872, -1021 
1718959480251.00, -94635, -566933, -1003 
1718959480273.00, -94463, -568997, -974 
1718959480294.00, -94644, -571037, -975 
1718959480317.00, -94417, -573091, -979 
1718959480338.00, -94576, -575145, -948 
1718959480359.00, -94646, -577181, -957 
1718959480382.00, -94751, -579229, -969 
1718959480404.00, -94498, -581280, -927 
1718959480425.00, -94676, -583335, -931 
1718959480446.00, -94713, -585385, -903 
1718959480468.00, -94560, -587425, -857 
1718959480490.00, -94527, -589476, -832 
1718959480511.00, -94622, -591522, -778 
1718959480533.00, -94652, -593563, -743 
1718959480555.00, -53561, -595600, -689 
1718959480576.00, -29036, -596762, -627 
1718959480598.00, -14552, -597416, -523 
1718959480620.00, -6151, -597740, -378 
1718959480641.00, -1236, -597877, -312 
1718959480663.00, 1139, -597903, -219 
1718959480684.00, 2926, -597880, -71 
1718959480706.00, 4204, -597804, 109 
1718959480728.00, 10966, -597695, 357 
1718959480749.00, 30022, -597452, 422 
1718959480771.00, 45454, -596814, 571 
1718959480792.00, 63326, -595843, 682 
1718959480813.00, 80211, -594474, 712 
1718959480835.00, 90188, -592728, 759 
1718959480856.00, 94957, -590771, 827 
1718959480879.00, 94554, -588719, 834 
1718959480900.00, 94718, -586650, 860 
1718959480922.00, 94688, -584605, 894 
1718959480944.00, 94683, -582552, 935 
1718959480965.00, 94631, -580499, 938 
1718959480986.00, 94662, -578449, 965 
1718959481009.00, 94645, -576398, 984 
1718959481030.00, 94715, -574341, 1001 
1718959481052.00, 94835, -572292, 1037 
1718959481073.00, 94645, -570218, 1052 
1718959481096.00, 94603, -568169, 1070 
1718959481117.00, 94856, -566105, 1095 
1718959481139.00, 94647, -564039, 1105 
1718959481161.00, 94652, -561980, 1137 
1718959481186.00, 94787, -559922, 1149 
1718959481204.00, 94728, -557860, 1163 
1718959481225.00, 94674, -555809, 1195 
1718959481247.00, 94712, -553738, 1216 
1718959481269.00, 94503, -551680, 1240 
1718959481291.00, 94972, -549621, 1266 
1718959481313.00, 94532, -547555, 1300 
1718959481334.00, 94694, -545493, 1325 
1718959481356.00, 94613, -543434, 1348 
1718959481378.00, 94691, -541374, 1370 
1718959481400.00, 94629, -539309, 1402 
1718959481421.00, 94534, -537251, 1420 
1718959481443.00, 94548, -535193, 1425 
1718959481465.00, 94601, -533130, 1440 
1718959481486.00, 94722, -531067, 1423 
1718959481509.00, 94681, -529011, 1429 
1718959481530.00, 94834, -526954, 1445 
1718959481552.00, 94535, -524889, 1446 
1718959481573.00, 94685, -522840, 1466 
1718959481595.00, 94568, -520770, 1474 
1718959481616.00, 94719, -518715, 1497 
1718959481639.00, 94673, -516653, 1517 
1718959481660.00, 94777, -514586, 1531 
1718959481682.00, 94733, -512530, 1552 
1718959481704.00, 94593, -510469, 1551 
1718959481727.00, 94680, -508410, 1534 
1718959481747.00, 94506, -506357, 1545 
1718959481769.00, 94751, -504290, 1517 
1718959481791.00, 94664, -502237, 1522 
1718959481813.00, 94738, -500170, 1533 
1718959481838.00, 94716, -498108, 1533 
1718959481856.00, 94736, -496051, 1566 
1718959481878.00, 94644, -493995, 1568 
1718959481899.00, 94665, -491931, 1592 
1718959481921.00, 94434, -489875, 1624 
1718959481945.00, 94481, -487806, 1608 
1718959481964.00, 94686, -485759, 1617 
1718959481986.00, 94692, -483700, 1637 
1718959482008.00, 94512, -481636, 1593 
1718959482030.00, 94487, -479583, 1585 
1718959482052.00, 94772, -477530, 1587 
1718959482073.00, 94565, -475463, 1608 
1718959482095.00, 94752, -473412, 1614 
1718959482116.00, 94637, -471349, 1609 
1718959482139.00, 94804, -469298, 1644 
1718959482164.00, 94490, -467238, 1668 
1718959482182.00, 94540, -465171, 1630 
1718959482203.00, 94521, -463117, 1640 
1718959482225.00, 94399, -461067, 1610 
1718959482247.00, 94498, -459005, 1579 
1718959482273.00, 94621, -456958, 1581 
1718959482290.00, 94766, -454897, 1561 
1718959482312.00, 94552, -452850, 1558 
1718959482334.00, 94537, -450784, 1538 
1718959482356.00, 94493, -448726, 1509 
1718959482381.00, 94888, -446675, 1532 
1718959482399.00, 94391, -444622, 1491 
1718959482421.00, 94661, -442556, 1439 
1718959482442.00, 94534, -440510, 1457 
1718959482464.00, 94464, -438448, 1404 
1718959482489.00, 94442, -436402, 1344 
1718959482508.00, 94422, -434342, 1320 
1718959482529.00, 94427, -432290, 1270 
1718959482551.00, 53291, -430247, 1199 
1718959482572.00, 28882, -429083, 1132 
1718959482594.00, 14881, -428434, 1029 
1718959482616.00, 6697, -428109, 1024 
1718959482638.00, 1500, -427972, 897 
1718959482658.00, -944, -427947, 664 
1718959482680.00, -3037, -427974, 364 
1718959482701.00, -4167, -428048, 114 
1718959482723.00, -4613, -428161, -90 
1718959482745.00, -10291, -428277, -292 
1718959482767.00, -25619, -428500, -385 
1718959482788.00, -40286, -429051, -596 
1718959482809.00, -61673, -429906, -619 
1718959482832.00, -75815, -431238, -665 
1718959482853.00, -86794, -432885, -737 
1718959482874.00, -93745, -434781, -760 
1718959482897.00, -94678, -436814, -790 
1718959482918.00, -94716, -438874, -837 
1718959482940.00, -94765, -440918, -842 
1718959482961.00, -94549, -442973, -866 
1718959482983.00, -94615, -445032, -899 
1718959483005.00, -94562, -447072, -898 
1718959483026.00, -94496, -449120, -908 
1718959483048.00, -94889, -451182, -926 
1718959483069.00, -94644, -453233, -946 
1718959483091.00, -94629, -455282, -939 
1718959483113.00, -94667, -457330, -931 
1718959483134.00, -94448, -459384, -959 
1718959483156.00, -94557, -461434, -949 
1718959483178.00, -94646, -463472, -956 
1718959483199.00, -94639, -465528, -989 
1718959483221.00, -94656, -467588, -988 
1718959483243.00, -94667, -469628, -987 
1718959483266.00, -94540, -471684, -1012 
1718959483286.00, -94668, -473739, -1017 
1718959483307.00, -94576, -475799, -1022 
1718959483329.00, -94740, -477868, -1028 
1718959483351.00, -94551, -479917, -1039 
1718959483376.00, -94573, -481967, -1053 
1718959483395.00, -94573, -484039, -1049 
1718959483416.00, -94511, -486095, -1064 
1718959483438.00, -94748, -488149, -1077 
1718959483459.00, -94660, -490214, -1068 
1718959483482.00, -94702, -492273, -1065 
1718959483503.00, -94570, -494331, -1059 
1718959483524.00, -94636, -496384, -1040 
1718959483546.00, -94562, -498441, -1058 
1718959483568.00, -94524, -500510, -1052 
1718959483590.00, -94556, -502563, -1035 
1718959483612.00, -94784, -504620, -1050 
1718959483634.00, -94710, -506677, -1044 
1718959483655.00, -94668, -508737, -1058 
1718959483677.00, -94624, -510803, -1066 
1718959483699.00, -94553, -512857, -1065 
1718959483721.00, -94482, -514912, -1078 
1718959483742.00, -94573, -516983, -1081 
1718959483764.00, -94608, -519034, -1076 
1718959483786.00, -94570, -521089, -1113 
1718959483815.00, -94697, -523159, -1114 
1718959483828.00, -94630, -525212, -1110 
1718959483851.00, -94579, -527269, -1138 
1718959483872.00, -94534, -529336, -1127 
1718959483894.00, -94559, -531378, -1133 
1718959483917.00, -94257, -533451, -1140 
1718959483938.00, -94481, -535511, -1141 
1718959483959.00, -94495, -537556, -1166 
1718959483981.00, -94541, -539620, -1153 
1718959484002.00, -94461, -541673, -1142 
1718959484027.00, -94587, -543734, -1151 
1718959484046.00, -94606, -545788, -1129 
1718959484067.00, -94609, -547839, -1148 
1718959484090.00, -94567, -549908, -1168 
1718959484111.00, -94567, -551969, -1130 
1718959484132.00, -94642, -554018, -1145 
1718959484155.00, -94565, -556081, -1136 
1718959484176.00, -94635, -558137, -1086 
1718959484198.00, -94552, -560189, -1094 
1718959484220.00, -94514, -562252, -1067 
1718959484242.00, -94661, -564295, -1064 
1718959484264.00, -94663, -566360, -1056 
1718959484285.00, -94586, -568423, -1016 
1718959484307.00, -94738, -570468, -1026 
1718959484328.00, -94720, -572532, -1027 
1718959484350.00, -94477, -574591, -985 
1718959484372.00, -94577, -576641, -1005 
1718959484393.00, -94356, -578690, -997 
1718959484415.00, -94523, -580734, -947 
1718959484437.00, -94409, -582791, -937 
1718959484459.00, -94530, -584836, -877 
1718959484480.00, -94592, -586869, -830 
1718959484502.00, -94447, -588915, -763 
1718959484524.00, -94531, -590960, -697 
1718959484545.00, -94415, -593004, -640 
1718959484566.00, -53344, -595032, -541 
1718959484589.00, -29119, -596190, -449 
1718959484610.00, -14595, -596832, -298 
1718959484632.00, -5956, -597155, -147 
1718959484653.00, -1052, -597289, -53 
1718959484675.00, 1318, -597311, 43 
1718959484696.00, 5499, -597276, 210 
1718959484717.00, 17871, -597139, 471 
1718959484739.00, 41117, -596752, 653 
1718959484760.00, 65905, -595893, 675 
1718959484782.00, 81971, -594473, 780 
1718959484804.00, 91370, -592680, 908 
1718959484826.00, 95012, -590702, 950 
1718959484848.00, 94692, -588649, 980 
1718959484869.00, 94820, -586585, 1019 
1718959484891.00, 94800, -584525, 1037 
1718959484913.00, 94591, -582467, 1068 
1718959484934.00, 94581, -580408, 1061 
1718959484956.00, 94716, -578353, 1084 
1718959484978.00, 94778, -576292, 1086 
1718959485002.00, 94548, -574230, 1081 
1718959485021.00, 94852, -572180, 1106 
1718959485043.00, 94567, -570111, 1139 
1718959485064.00, 94766, -568053, 1147 
1718959485087.00, 94568, -565999, 1191 
1718959485109.00, 94619, -563931, 1213 
1718959485129.00, 94800, -561875, 1235 
1718959485151.00, 94639, -559817, 1261 
1718959485173.00, 94654, -557752, 1284 
1718959485195.00, 94683, -555702, 1303 
1718959485217.00, 94774, -553640, 1316 
1718959485238.00, 94502, -551575, 1344 
1718959485260.00, 94537, -549520, 1368 
1718959485282.00, 94637, -547454, 1373 
1718959485303.00, 94673, -545395, 1392 
1718959485325.00, 94370, -543342, 1405 
1718959485347.00, 94506, -541276, 1399 
1718959485369.00, 94557, -539227, 1419 
1718959485390.00, 94497, -537168, 1426 
1718959485412.00, 94772, -535111, 1436 
1718959485433.00, 94431, -533055, 1433 
1718959485455.00, 94599, -530995, 1427 
1718959485477.00, 94545, -528936, 1444 
1718959485499.00, 94732, -526882, 1443 
1718959485521.00, 94636, -524818, 1433 
1718959485543.00, 94612, -522768, 1435 
1718959485564.00, 94640, -520701, 1422 
1718959485585.00, 94699, -518645, 1411 
1718959485607.00, 94501, -516589, 1410 
1718959485629.00, 94635, -514522, 1392 
1718959485651.00, 94664, -512470, 1398 
1718959485673.00, 94498, -510414, 1376 
1718959485695.00, 94662, -508354, 1357 
1718959485716.00, 94531, -506297, 1367 
1718959485737.00, 94854, -504237, 1369 
1718959485759.00, 94485, -502177, 1387 
1718959485782.00, 94580, -500118, 1392 
1718959485803.00, 94509, -498055, 1393 
1718959485825.00, 94513, -495994, 1416 
1718959485846.00, 94512, -493942, 1421 
1718959485869.00, 94488, -491882, 1394 
1718959485889.00, 94491, -489825, 1423 
1718959485912.00, 94462, -487765, 1401 
1718959485933.00, 94691, -485714, 1370 
1718959485955.00, 94556, -483653, 1378 
1718959485977.00, 94715, -481593, 1381 
1718959485999.00, 94487, -479536, 1395 
1718959486021.00, 94548, -477481, 1370 
1718959486042.00, 94580, -475416, 1394 
1718959486064.00, 94696, -473360, 1421 
1718959486086.00, 94650, -471298, 1382 
1718959486107.00, 94801, -469248, 1381 
1718959486129.00, 94576, -467181, 1416 
1718959486151.00, 94520, -465119, 1393 
1718959486173.00, 94683, -463062, 1380 
1718959486194.00, 94492, -461015, 1388 
1718959486218.00, 94826, -458945, 1361 
1718959486238.00, 94723, -456899, 1349 
1718959486259.00, 94718, -454829, 1315 
1718959486281.00, 94719, -452781, 1303 
1718959486303.00, 94575, -450718, 1274 
1718959486330.00, 94370, -448663, 1196 
1718959486347.00, 94657, -446611, 1181 
1718959486368.00, 94346, -444558, 1189 
1718959486390.00, 94438, -442506, 1134 
1718959486412.00, 94491, -440455, 1097 
1718959486433.00, 94567, -438399, 1055 
1718959486455.00, 94572, -436342, 1006 
1718959486476.00, 94248, -434290, 947 
1718959486498.00, 94306, -432253, 772 
1718959486520.00, 53213, -430226, 619 
1718959486541.00, 28702, -429067, 495 
1718959486563.00, 14515, -428424, 443 
1718959486584.00, 6183, -428095, 458 
1718959486606.00, 1323, -427955, 412 
1718959486628.00, -1113, -427932, 280 
1718959486651.00, -3076, -427965, 25 
1718959486671.00, -3843, -428049, -196 
1718959486692.00, -16224, -428145, -291 
1718959486714.00, -29019, -428503, -657 
1718959486735.00, -58839, -429130, -747 
1718959486760.00, -77502, -430374, -772 
1718959486779.00, -88624, -432073, -858 
1718959486800.00, -95177, -433995, -888 
1718959486822.00, -94746, -436066, -934 
1718959486843.00, -94674, -438127, -957 
1718959486870.00, -94690, -440165, -960 
1718959486886.00, -94678, -442225, -974 
1718959486908.00, -94682, -444283, -985 
1718959486930.00, -94713, -446327, -995 
1718959486951.00, -94722, -448371, -995 
1718959486978.00, -94832, -450428, -1005 
1718959486996.00, -94624, -452492, -1032 
1718959487017.00, -94644, -454552, -1056 
1718959487039.00, -94664, -456605, -1076 
1718959487060.00, -94622, -458676, -1088 
1718959487082.00, -94742, -460735, -1128 
1718959487104.00, -94489, -462794, -1138 
1718959487126.00, -94675, -464847, -1107 
1718959487148.00, -94560, -466907, -1112 
1718959487169.00, -94504, -468966, -1104 
1718959487193.00, -94462, -471030, -1101 
1718959487213.00, -94485, -473073, -1092 
1718959487234.00, -94428, -475133, -1087 
1718959487256.00, -94504, -477197, -1070 
1718959487278.00, -94597, -479246, -1063 
1718959487300.00, -94633, -481303, -1083 
1718959487321.00, -94570, -483362, -1061 
1718959487343.00, -94633, -485425, -1074 
1718959487365.00, -94599, -487489, -1066 
1718959487386.00, -94555, -489537, -1082 
1718959487409.00, -94775, -491605, -1105 
1718959487430.00, -94685, -493665, -1078 
1718959487452.00, -94743, -495714, -1075 
1718959487473.00, -94623, -497775, -1080 
1718959487495.00, -94615, -499833, -1034 
1718959487518.00, -94588, -501893, -1036 
1718959487538.00, -94548, -503959, -1016 
1718959487560.00, -94680, -506006, -966 
1718959487582.00, -94688, -508055, -970 
1718959487603.00, -94583, -510114, -947 
1718959487626.00, -94732, -512159, -928 
1718959487646.00, -94647, -514202, -937 
1718959487668.00, -94677, -516263, -912 
1718959487690.00, -94623, -518306, -915 
1718959487712.00, -94491, -520363, -896 
1718959487735.00, -94657, -522406, -870 
1718959487755.00, -94621, -524458, -895 
1718959487777.00, -94649, -526520, -880 
1718959487798.00, -94731, -528558, -890 
1718959487820.00, -94499, -530601, -894 
1718959487843.00, -94563, -532660, -858 
1718959487863.00, -94699, -534708, -855 
1718959487885.00, -94634, -536766, -843 
1718959487906.00, -94527, -538798, -820 
1718959487927.00, -94664, -540857, -835 
1718959487950.00, -94503, -542912, -821 
1718959487971.00, -94634, -544956, -812 
1718959487993.00, -94550, -547002, -836 
1718959488015.00, -94685, -549058, -808 
1718959488036.00, -94659, -551101, -813 
1718959488057.00, -94624, -553161, -824 
1718959488079.00, -94611, -555195, -800 
1718959488101.00, -94602, -557255, -788 
1718959488123.00, -94320, -559304, -752 
1718959488144.00, -94608, -561348, -734 
1718959488165.00, -94652, -563385, -741 
1718959488187.00, -94654, -565445, -711 
1718959488210.00, -94554, -567491, -698 
1718959488230.00, -94468, -569549, -694 
1718959488252.00, -94550, -571580, -657 
1718959488274.00, -93461, -573636, -656 
1718959488299.00, -92782, -575665, -644 
1718959488318.00, -91633, -577663, -622 
1718959488339.00, -89558, -579644, -633 
1718959488361.00, -89108, -581591, -598 
1718959488382.00, -86718, -583520, -602 
1718959488404.00, -85288, -585399, -609 
1718959488426.00, -85039, -587242, -547 
1718959488447.00, -81132, -589084, -500 
1718959488469.00, -75894, -590836, -435 
1718959488490.00, -68787, -592475, -393 
1718959488512.00, -62294, -593963, -310 
1718959488534.00, -34886, -595295, -245 
1718959488555.00, -18183, -596070, -201 
1718959488576.00, -8195, -596473, -97 
1718959488598.00, -2317, -596651, 22 
1718959488620.00, 1882, -596694, 135 
1718959488641.00, 10969, -596655, 341 
1718959488663.00, 29355, -596419, 378 
1718959488685.00, 42271, -595799, 621 
1718959488706.00, 64509, -594887, 697 
1718959488735.00, 81158, -593485, 788 
1718959488750.00, 90878, -591727, 889 
1718959488771.00, 94975, -589745, 942 
1718959488793.00, 94611, -587692, 994 
1718959488814.00, 94763, -585633, 1031 
1718959488839.00, 94821, -583568, 1061 
1718959488858.00, 94621, -581510, 1100 
1718959488880.00, 94737, -579453, 1108 
1718959488901.00, 94684, -577388, 1115 
1718959488923.00, 94620, -575332, 1138 
1718959488947.00, 94676, -573270, 1158 
1718959488966.00, 94707, -571215, 1162 
1718959488988.00, 94812, -569149, 1192 
1718959489010.00, 94776, -567088, 1218 
1718959489032.00, 94840, -565024, 1243 
1718959489058.00, 94736, -562967, 1259 
1718959489075.00, 94612, -560904, 1274 
1718959489097.00, 94565, -558848, 1293 
1718959489118.00, 94865, -556787, 1328 
1718959489141.00, 94439, -554730, 1337 
1718959489162.00, 94727, -552669, 1354 
1718959489184.00, 94616, -550608, 1366 
1718959489206.00, 94630, -548547, 1381 
1718959489227.00, 94462, -546480, 1387 
1718959489249.00, 94648, -544425, 1380 
1718959489270.00, 94742, -542369, 1385 
1718959489292.00, 94547, -540309, 1371 
1718959489314.00, 94753, -538251, 1355 
1718959489336.00, 94486, -536200, 1330 
1718959489359.00, 94671, -534132, 1319 
1718959489383.00, 94466, -532076, 1317 
1718959489401.00, 94679, -530021, 1305 
1718959489423.00, 94540, -527953, 1293 
1718959489444.00, 94514, -525901, 1300 
1718959489466.00, 94472, -523837, 1302 
1718959489489.00, 94817, -521783, 1298 
1718959489510.00, 94692, -519723, 1306 
1718959489532.00, 94562, -517664, 1293 
1718959489553.00, 94692, -515598, 1292 
1718959489574.00, 94553, -513548, 1281 
1718959489600.00, 94902, -511486, 1267 
1718959489619.00, 94562, -509425, 1267 
1718959489639.00, 94795, -507364, 1273 
1718959489662.00, 94681, -505309, 1279 
1718959489683.00, 94616, -503247, 1303 
1718959489705.00, 94566, -501181, 1304 
1718959489727.00, 94692, -499119, 1334 
1718959489749.00, 94652, -497067, 1364 
1718959489770.00, 94699, -494999, 1359 
1718959489793.00, 94656, -492945, 1388 
1718959489814.00, 94581, -490882, 1390 
1718959489836.00, 94762, -488820, 1403 
1718959489857.00, 94370, -486766, 1402 
1718959489879.00, 94685, -484703, 1385 
1718959489900.00, 94627, -482638, 1382 
1718959489923.00, 94524, -480592, 1375 
1718959489944.00, 94372, -478530, 1323 
1718959489966.00, 94603, -476475, 1291 
1718959489988.00, 94656, -474417, 1248 
1718959490010.00, 94706, -472362, 1232 
1718959490032.00, 94843, -470305, 1236 
1718959490053.00, 94554, -468237, 1246 
1718959490074.00, 94746, -466182, 1279 
1718959490096.00, 94584, -464126, 1284 
1718959490118.00, 94946, -462061, 1272 
1718959490141.00, 94550, -460002, 1300 
1718959490161.00, 94605, -457953, 1290 
1718959490183.00, 94699, -455893, 1259 
1718959490205.00, 94574, -453837, 1264 
1718959490227.00, 94477, -451777, 1248 
1718959490249.00, 94696, -449722, 1227 
1718959490270.00, 94530, -447667, 1186 
1718959490292.00, 94532, -445609, 1103 
1718959490314.00, 94592, -443557, 1068 
1718959490335.00, 94256, -441505, 982 
1718959490357.00, 94610, -439463, 847 
1718959490378.00, 94536, -437422, 720 
1718959490400.00, 94418, -435380, 610 
1718959490422.00, 94367, -433339, 526 
1718959490443.00, 88996, -431304, 440 
1718959490467.00, 53955, -429383, 378 
1718959490487.00, 33126, -428218, 360 
1718959490507.00, 20574, -427484, 279 
1718959490530.00, 13028, -427035, 154 
1718959490551.00, 8563, -426750, 78 
1718959490573.00, 5896, -426582, -96 
1718959490594.00, -1230, -426470, -296 
1718959490616.00, -17375, -426492, -455 
1718959490638.00, -36893, -426868, -689 
1718959490659.00, -61801, -427645, -716 
1718959490681.00, -76541, -428972, -761 
1718959490702.00, -85245, -430635, -830 
1718959490724.00, -90520, -432486, -879 
1718959490746.00, -93595, -434456, -918 
1718959490767.00, -94723, -436485, -946 
1718959490789.00, -94686, -438546, -979 
1718959490811.00, -94618, -440592, -1010 
1718959490833.00, -94530, -442655, -1027 
1718959490854.00, -94894, -444717, -1041 
1718959490876.00, -94593, -446776, -1072 
1718959490898.00, -94713, -448820, -1070 
1718959490919.00, -94659, -450893, -1089 
1718959490941.00, -94597, -452953, -1103 
1718959490963.00, -94648, -455012, -1101 
1718959490984.00, -94569, -457059, -1095 
1718959491006.00, -94636, -459122, -1110 
1718959491027.00, -94626, -461185, -1101 
1718959491049.00, -94601, -463239, -1112 
1718959491072.00, -94412, -465291, -1121 
1718959491093.00, -94734, -467359, -1111 
1718959491115.00, -94422, -469413, -1114 
1718959491141.00, -94576, -471473, -1107 
1718959491158.00, -94625, -473517, -1074 
1718959491179.00, -94761, -475584, -1064 
1718959491202.00, -94643, -477647, -1046 
1718959491223.00, -94630, -479694, -1025 
1718959491247.00, -94645, -481746, -1017 
1718959491266.00, -94643, -483818, -1016 
1718959491289.00, -94808, -485869, -1020 
1718959491310.00, -94498, -487936, -1012 
1718959491332.00, -94691, -489986, -1015 
1718959491353.00, -94617, -492052, -1031 
1718959491376.00, -94556, -494112, -1006 
1718959491397.00, -94601, -496165, -995 
1718959491419.00, -94550, -498206, -1003 
1718959491440.00, -94593, -500279, -977 
1718959491462.00, -94698, -502318, -984 
1718959491484.00, -94671, -504373, -976 
1718959491505.00, -94581, -506419, -945 
1718959491527.00, -94553, -508467, -948 
1718959491548.00, -94488, -510526, -925 
1718959491571.00, -94546, -512567, -900 
1718959491592.00, -94522, -514611, -900 
1718959491613.00, -94664, -516675, -876 
1718959491635.00, -94666, -518721, -868 
1718959491657.00, -94687, -520765, -867 
1718959491680.00, -94573, -522815, -826 
1718959491699.00, -94565, -524859, -815 
1718959491721.00, -94291, -526918, -806 
1718959491743.00, -94671, -528954, -769 
1718959491765.00, -94549, -530996, -778 
1718959491786.00, -94427, -533054, -752 
1718959491808.00, -94560, -535100, -716 
1718959491830.00, -94600, -537147, -708 
1718959491852.00, -94522, -539187, -677 
1718959491873.00, -94565, -541240, -666 
1718959491895.00, -94069, -543295, -640 
1718959491916.00, -92055, -545317, -605 
1718959491938.00, -88954, -547306, -623 
1718959491959.00, -88054, -549247, -608 
1718959491982.00, -86659, -551149, -603 
1718959492004.00, -85417, -553029, -613 
1718959492024.00, -85347, -554875, -598 
1718959492046.00, -84403, -556730, -622 
1718959492068.00, -85259, -558559, -584 
1718959492090.00, -83698, -560399, -601 
1718959492116.00, -83684, -562217, -601 
1718959492132.00, -83621, -564016, -575 
1718959492155.00, -82179, -565840, -583 
1718959492175.00, -81830, -567608, -562 
1718959492198.00, -80276, -569385, -564 
1718959492219.00, -79387, -571113, -557 
1718959492241.00, -78488, -572838, -582 
1718959492263.00, -79546, -574537, -543 
1718959492283.00, -77686, -576258, -553 
1718959492306.00, -77044, -577939, -544 
1718959492327.00, -76381, -579604, -547 
1718959492349.00, -76072, -581262, -534 
1718959492371.00, -75133, -582911, -533 
1718959492392.00, -74548, -584542, -519 
1718959492414.00, -73345, -586155, -528 
1718959492436.00, -73013, -587739, -509 
1718959492457.00, -71698, -589320, -468 
1718959492478.00, -68569, -590877, -429 
1718959492500.00, -64693, -592363, -415 
1718959492522.00, -61155, -593751, -359 
1718959492543.00, -34262, -595065, -304 
1718959492565.00, -17851, -595829, -255 
1718959492586.00, -8122, -596225, -162 
1718959492608.00, -2473, -596402, -28 
1718959492630.00, 86, -596459, 27 
1718959492652.00, 3771, -596456, 110 
1718959492673.00, 10679, -596362, 357 
1718959492694.00, 29879, -596125, 519 
1718959492716.00, 51136, -595503, 613 
1718959492738.00, 69300, -594408, 713 
1718959492760.00, 83684, -592899, 797 
1718959492781.00, 92222, -591079, 868 
1718959492802.00, 94858, -589088, 907 
1718959492824.00, 94732, -587025, 938 
1718959492846.00, 94657, -584976, 985 
1718959492868.00, 94740, -582916, 983 
1718959492889.00, 94631, -580865, 1001 
1718959492911.00, 94756, -578811, 1025 
1718959492932.00, 94519, -576748, 1036 
1718959492955.00, 94578, -574693, 1051 
1718959492976.00, 94711, -572628, 1075 
1718959492998.00, 94687, -570567, 1108 
1718959493020.00, 94562, -568517, 1118 
1718959493042.00, 94799, -566449, 1129 
1718959493063.00, 94721, -564390, 1157 
1718959493085.00, 94665, -562332, 1183 
1718959493106.00, 94753, -560266, 1195 
1718959493128.00, 94716, -558213, 1205 
1718959493150.00, 94850, -556156, 1221 
1718959493171.00, 94763, -554095, 1240 
1718959493193.00, 94629, -552040, 1250 
1718959493215.00, 94736, -549981, 1262 
1718959493237.00, 94689, -547915, 1274 
1718959493258.00, 94458, -545861, 1283 
1718959493280.00, 94576, -543796, 1271 
1718959493301.00, 94460, -541742, 1274 
1718959493323.00, 94623, -539682, 1276 
1718959493345.00, 94604, -537624, 1249 
1718959493367.00, 94738, -535570, 1239 
1718959493388.00, 94556, -533512, 1240 
1718959493411.00, 94648, -531450, 1240 
1718959493432.00, 94636, -529393, 1239 
1718959493454.00, 94597, -527333, 1225 
1718959493475.00, 94756, -525272, 1234 
1718959493497.00, 94548, -523221, 1233 
1718959493519.00, 94549, -521156, 1196 
1718959493547.00, 94555, -519106, 1202 
1718959493562.00, 94615, -517044, 1195 
1718959493584.00, 94593, -514979, 1187 
1718959493606.00, 94554, -512927, 1187 
1718959493628.00, 94593, -510864, 1199 
1718959493649.00, 94799, -508808, 1205 
1718959493672.00, 94823, -506750, 1211 
1718959493693.00, 94668, -504688, 1228 
1718959493715.00, 94669, -502628, 1267 
1718959493736.00, 94503, -500568, 1274 
1718959493758.00, 94948, -498509, 1271 
1718959493780.00, 94400, -496456, 1286 
1718959493802.00, 94643, -494387, 1305 
1718959493823.00, 94699, -492335, 1314 
1718959493845.00, 94594, -490281, 1318 
1718959493867.00, 94504, -488215, 1322 
1718959493889.00, 94564, -486160, 1337 
1718959493910.00, 94703, -484104, 1322 
1718959493932.00, 94643, -482042, 1323 
1718959493953.00, 94703, -479986, 1345 
1718959493977.00, 94662, -477930, 1319 
1718959493997.00, 94861, -475864, 1319 
1718959494019.00, 94525, -473812, 1346 
1718959494040.00, 94655, -471745, 1343 
1718959494062.00, 94710, -469687, 1343 
1718959494088.00, 94650, -467635, 1336 
1718959494106.00, 94423, -465574, 1332 
1718959494127.00, 94593, -463509, 1337 
1718959494149.00, 94622, -461462, 1296 
1718959494171.00, 94613, -459406, 1296 
1718959494194.00, 94695, -457349, 1306 
1718959494214.00, 94541, -455286, 1249 
1718959494236.00, 94770, -453234, 1232 
1718959494258.00, 94617, -451171, 1222 
1718959494279.00, 94774, -449114, 1192 
1718959494301.00, 94653, -447055, 1168 
1718959494323.00, 94486, -445003, 1120 
1718959494345.00, 94626, -442946, 1085 
1718959494366.00, 94532, -440895, 1041 
1718959494388.00, 94341, -438839, 943 
1718959494413.00, 94481, -436793, 876 
1718959494432.00, 94221, -434749, 772 
1718959494453.00, 94242, -432707, 624 
1718959494474.00, 91106, -430674, 500 
1718959494496.00, 51444, -428725, 344 
1718959494518.00, 28096, -427609, 258 
1718959494540.00, 14159, -426985, 136 
1718959494561.00, 6064, -426683, -21 
1718959494582.00, -18, -426552, -58 
1718959494604.00, -5482, -426547, -126 
1718959494631.00, -12890, -426660, -225 
1718959494647.00, -24017, -426941, -330 
1718959494669.00, -36320, -427453, -552 
1718959494690.00, -56946, -428245, -731 
1718959494712.00, -76630, -429461, -765 
1718959494733.00, -88163, -431129, -857 
1718959494755.00, -94745, -433039, -918 
1718959494777.00, -94764, -435110, -957 
1718959494799.00, -94724, -437166, -1001 
1718959494820.00, -94633, -439223, -1037 
1718959494842.00, -94723, -441282, -1056 
1718959494864.00, -94516, -443350, -1073 
1718959494886.00, -94719, -445411, -1077 
1718959494907.00, -94575, -447459, -1076 
1718959494929.00, -94451, -449510, -1068 
1718959494951.00, -94527, -451584, -1053 
1718959494972.00, -94650, -453637, -1050 
1718959494994.00, -94517, -455692, -1052 
1718959495015.00, -94577, -457757, -1038 
1718959495038.00, -94614, -459814, -1031 
1718959495059.00, -94728, -461869, -1043 
1718959495081.00, -94668, -463928, -1038 
1718959495102.00, -94683, -465982, -1060 
1718959495125.00, -94697, -468059, -1084 
1718959495146.00, -94474, -470116, -1091 
1718959495167.00, -94836, -472169, -1105 
1718959495190.00, -94636, -474233, -1114 
1718959495211.00, -94639, -476291, -1132 
1718959495234.00, -94769, -478354, -1121 
1718959495255.00, -94637, -480413, -1111 
1718959495277.00, -94648, -482462, -1106 
1718959495298.00, -94647, -484529, -1074 
1718959495320.00, -94669, -486584, -1023 
1718959495342.00, -94471, -488634, -1008 
1718959495363.00, -94536, -490695, -960 
1718959495385.00, -94595, -492744, -929 
1718959495407.00, -94672, -494788, -938 
1718959495428.00, -94534, -496841, -900 
1718959495450.00, -94539, -498885, -884 
1718959495472.00, -94291, -500944, -897 
1718959495494.00, -94528, -502989, -861 
1718959495515.00, -94515, -505035, -868 
1718959495536.00, -94608, -507088, -843 
1718959495558.00, -94585, -509136, -830 
1718959495580.00, -94525, -511187, -824 
1718959495601.00, -94597, -513235, -801 
1718959495622.00, -94732, -515280, -802 
1718959495644.00, -94601, -517341, -801 
1718959495666.00, -94624, -519390, -743 
1718959495688.00, -94576, -521426, -731 
1718959495710.00, -94504, -523485, -717 
1718959495736.00, -94584, -525527, -677 
1718959495753.00, -94564, -527574, -676 
1718959495775.00, -94554, -529628, -658 
1718959495796.00, -93566, -531668, -652 
1718959495818.00, -92687, -533705, -648 
1718959495840.00, -91887, -535709, -618 
1718959495861.00, -89646, -537692, -645 
1718959495882.00, -89600, -539640, -641 
1718959495904.00, -89532, -541582, -618 
1718959495926.00, -88075, -543525, -613 
1718959495948.00, -86960, -545432, -615 
1718959495969.00, -86312, -547310, -650 
1718959495991.00, -88130, -549195, -642 
1718959496013.00, -88817, -551100, -627 
1718959496034.00, -88273, -553030, -647 
1718959496056.00, -89179, -554934, -632 
1718959496077.00, -88781, -556870, -639 
1718959496099.00, -89018, -558796, -609 
1718959496121.00, -87433, -560719, -619 
1718959496142.00, -86833, -562609, -647 
1718959496169.00, -88250, -564493, -613 
1718959496186.00, -87149, -566408, -610 
1718959496207.00, -86322, -568297, -584 
1718959496229.00, -84239, -570162, -615 
1718959496251.00, -84839, -571984, -612 
1718959496272.00, -84964, -573824, -595 
1718959496294.00, -84104, -575677, -615 
1718959496315.00, -84699, -577486, -606 
1718959496337.00, -84394, -579324, -617 
1718959496358.00, -85108, -581155, -589 
1718959496380.00, -83827, -583003, -610 
1718959496402.00, -84295, -584817, -606 
1718959496423.00, -84265, -586635, -569 
1718959496445.00, -81971, -588461, -510 
1718959496467.00, -77237, -590238, -468 
1718959496488.00, -71787, -591903, -422 
1718959496510.00, -65766, -593449, -339 
1718959496532.00, -36784, -594863, -278 
1718959496554.00, -19159, -595683, -211 
1718959496574.00, -8696, -596113, -125 
1718959496600.00, -2678, -596302, -3 
1718959496618.00, 74, -596366, 56 
1718959496639.00, 5582, -596369, 97 
1718959496661.00, 11301, -596246, 245 
1718959496682.00, 23476, -596007, 404 
1718959496709.00, 40182, -595497, 659 
1718959496726.00, 65276, -594633, 724 
1718959496748.00, 81499, -593218, 780 
1718959496769.00, 90998, -591443, 931 
1718959496791.00, 95166, -589472, 955 
1718959496813.00, 94865, -587417, 983 
1718959496834.00, 94459, -585360, 1031 
1718959496856.00, 94597, -583302, 998 
1718959496877.00, 94742, -581245, 1040 
1718959496899.00, 94672, -579190, 1068 
1718959496925.00, 94839, -577124, 1071 
1718959496942.00, 94575, -575074, 1089 
1718959496964.00, 94552, -573007, 1103 
1718959496985.00, 94620, -570953, 1111 
1718959497007.00, 94722, -568897, 1129 
1718959497029.00, 94606, -566830, 1133 
1718959497051.00, 94738, -564769, 1153 
1718959497073.00, 94649, -562719, 1185 
1718959497094.00, 94748, -560652, 1182 
1718959497117.00, 94829, -558598, 1203 
1718959497139.00, 94570, -556542, 1208 
1718959497159.00, 94490, -554481, 1215 
1718959497182.00, 94552, -552422, 1218 
1718959497203.00, 94827, -550361, 1251 
1718959497225.00, 94553, -548300, 1244 
1718959497247.00, 94800, -546247, 1262 
1718959497268.00, 94540, -544183, 1249 
1718959497290.00, 94635, -542129, 1260 
1718959497311.00, 94637, -540067, 1266 
1718959497334.00, 94599, -538016, 1256 
1718959497357.00, 94653, -535955, 1255 
1718959497377.00, 94606, -533892, 1244 
1718959497399.00, 94615, -531831, 1243 
1718959497420.00, 94542, -529783, 1222 
1718959497442.00, 94685, -527725, 1162 
1718959497463.00, 94541, -525670, 1141 
1718959497486.00, 94595, -523618, 1132 
1718959497507.00, 94605, -521557, 1126 
1718959497529.00, 94531, -519495, 1158 
1718959497551.00, 94384, -517433, 1173 
1718959497573.00, 94544, -515370, 1198 
1718959497594.00, 94569, -513321, 1214 
1718959497615.00, 94635, -511259, 1220 
1718959497638.00, 94826, -509198, 1255 
1718959497659.00, 94475, -507143, 1274 
1718959497680.00, 94714, -505080, 1261 
1718959497703.00, 94603, -503025, 1265 
1718959497724.00, 94716, -500955, 1255 
1718959497746.00, 94724, -498902, 1240 
1718959497768.00, 94577, -496843, 1228 
1718959497790.00, 94594, -494784, 1226 
1718959497811.00, 94693, -492730, 1225 
1718959497833.00, 94474, -490669, 1209 
1718959497855.00, 94669, -488609, 1193 
1718959497876.00, 94554, -486558, 1200 
1718959497898.00, 94520, -484503, 1166 
1718959497919.00, 94742, -482439, 1156 
1718959497942.00, 94535, -480387, 1166 
1718959497964.00, 94745, -478322, 1160 
1718959497986.00, 94558, -476263, 1161 
1718959498007.00, 94559, -474213, 1138 
1718959498029.00, 94593, -472150, 1161 
1718959498050.00, 94519, -470088, 1190 
1718959498072.00, 94604, -468031, 1187 
1718959498094.00, 94601, -465968, 1203 
1718959498115.00, 94556, -463915, 1215 
1718959498137.00, 94557, -461851, 1189 
1718959498159.00, 94713, -459798, 1210 
1718959498181.00, 94532, -457742, 1223 
1718959498202.00, 94824, -455678, 1196 
1718959498224.00, 94609, -453623, 1201 
1718959498251.00, 94529, -451564, 1174 
1718959498268.00, 94623, -449505, 1172 
1718959498289.00, 94706, -447448, 1168 
1718959498311.00, 94548, -445388, 1116 
1718959498333.00, 94822, -443332, 1130 
1718959498358.00, 94525, -441281, 1104 
1718959498376.00, 94458, -439222, 1024 
1718959498398.00, 94559, -437165, 1008 
1718959498420.00, 94403, -435108, 946 
1718959498441.00, 94555, -433064, 877 
1718959498463.00, 94800, -431023, 783 
1718959498484.00, 53750, -428995, 677 
1718959498506.00, 29249, -427826, 665 
1718959498528.00, 14691, -427176, 534 
1718959498549.00, 6292, -426849, 419 
1718959498571.00, 1223, -426713, 263 
1718959498592.00, -1063, -426696, 78 
1718959498614.00, -2776, -426732, -102 
1718959498635.00, -10348, -426804, -277 
1718959498657.00, -25166, -427024, -404 
1718959498681.00, -41156, -427562, -638 
1718959498700.00, -64899, -428444, -640 
1718959498721.00, -79130, -429847, -725 
1718959498743.00, -89519, -431565, -794 
1718959498765.00, -95147, -433508, -815 
1718959498793.00, -94833, -435581, -836 
1718959498808.00, -94654, -437634, -900 
1718959498830.00, -94701, -439679, -893 
1718959498852.00, -94726, -441735, -902 
1718959498873.00, -94608, -443788, -914 
1718959498896.00, -94645, -445841, -942 
1718959498916.00, -94751, -447885, -958 
1718959498938.00, -94456, -449935, -980 
1718959498960.00, -94780, -451998, -997 
1718959498981.00, -94655, -454048, -1033 
1718959499006.00, -94746, -456105, -1053 
1718959499025.00, -94602, -458170, -1054 
1718959499047.00, -94600, -460233, -1064 
1718959499068.00, -94755, -462282, -1083 
1718959499090.00, -94600, -464343, -1065 
1718959499116.00, -94793, -466396, -1031 
1718959499134.00, -94658, -468468, -1033 
1718959499155.00, -94677, -470523, -1007 
1718959499177.00, -94627, -472576, -999 
1718959499199.00, -94665, -474629, -996 
1718959499225.00, -94626, -476682, -991 
1718959499242.00, -94641, -478730, -994 
1718959499264.00, -94570, -480779, -974 
1718959499285.00, -94689, -482829, -971 
1718959499307.00, -94570, -484885, -983 
1718959499332.00, -94628, -486939, -966 
1718959499350.00, -94683, -488980, -970 
1718959499372.00, -94609, -491033, -968 
1718959499394.00, -94579, -493085, -911 
1718959499415.00, -94575, -495128, -880 
1718959499437.00, -94578, -497178, -835 
1718959499458.00, -94606, -499221, -802 
1718959499480.00, -94682, -501275, -797 
1718959499502.00, -94551, -503333, -764 
1718959499523.00, -94508, -505368, -754 
1718959499545.00, -94374, -507420, -746 
1718959499567.00, -94666, -509478, -739 
1718959499588.00, -94565, -511521, -760 
1718959499610.00, -94498, -513574, -746 
1718959499631.00, -94457, -515615, -716 
1718959499653.00, -94475, -517670, -720 
1718959499675.00, -94378, -519722, -712 
1718959499697.00, -94547, -521757, -692 
1718959499718.00, -94665, -523818, -675 
1718959499740.00, -94553, -525866, -658 
1718959499761.00, -93559, -527906, -681 
1718959499783.00, -93860, -529940, -651 
1718959499805.00, -92683, -531969, -611 
1718959499826.00, -89628, -533980, -630 
1718959499848.00, -88904, -535927, -612 
1718959499868.00, -87359, -537837, -594 
1718959499891.00, -85314, -539739, -584 
1718959499913.00, -83502, -541588, -560 
1718959499935.00, -81301, -543400, -580 
1718959499956.00, -80961, -545150, -556 
1718959499978.00, -79321, -546900, -555 
1718959499999.00, -78328, -548625, -538 
1718959500021.00, -76625, -550329, -560 
1718959500043.00, -76882, -551987, -550 
1718959500064.00, -76578, -553650, -545 
1718959500086.00, -76067, -555307, -538 
1718959500107.00, -75359, -556962, -544 
1718959500129.00, -75197, -558595, -542 
1718959500150.00, -75165, -560223, -532 
1718959500173.00, -74533, -561851, -533 
1718959500194.00, -74201, -563459, -544 
1718959500218.00, -74541, -565071, -535 
1718959500238.00, -74411, -566694, -522 
1718959500259.00, -73399, -568305, -516 
1718959500281.00, -72425, -569895, -507 
1718959500302.00, -71307, -571459, -504 
1718959500328.00, -70506, -573009, -506 
1718959500345.00, -70246, -574548, -500 
1718959500367.00, -69776, -576068, -500 
1718959500389.00, -69429, -577568, -484 
1718959500410.00, -68345, -579073, -488 
1718959500435.00, -67967, -580552, -484 
1718959500454.00, -67444, -582033, -483 
1718959500475.00, -67156, -583492, -460 
1718959500497.00, -65664, -584949, -471 
1718959500518.00, -65241, -586360, -480 
1718959500540.00, -65655, -587777, -472 
1718959500562.00, -65333, -589197, -454 
1718959500584.00, -64058, -590612, -421 
1718959500605.00, -61297, -592005, -406 
1718959500627.00, -58763, -593327, -361 
1718959500648.00, -32838, -594589, -305 
1718959500670.00, -17273, -595331, -255 
1718959500692.00, -8021, -595722, -210 
1718959500713.00, -2723, -595897, -105 
1718959500735.00, 57, -595956, -61 
1718959500757.00, 1795, -595958, 15 
1718959500777.00, 3853, -595910, 168 
1718959500799.00, 14307, -595812, 405 
1718959500821.00, 34762, -595508, 522 
1718959500843.00, 54248, -594776, 547 
1718959500868.00, 67046, -593608, 710 
1718959500885.00, 82329, -592160, 769 
1718959500907.00, 91156, -590372, 785 
1718959500928.00, 94971, -588398, 858 
1718959500951.00, 94685, -586334, 886 
1718959500978.00, 94722, -584285, 890 
1718959500994.00, 94479, -582235, 921 
1718959501016.00, 94654, -580176, 927 
1718959501037.00, 94651, -578124, 945 
1718959501059.00, 94710, -576081, 961 
1718959501083.00, 94745, -574022, 986 
1718959501102.00, 94609, -571973, 1016 
1718959501124.00, 94602, -569915, 1016 
1718959501146.00, 94583, -567858, 1038 
1718959501168.00, 94800, -565799, 1058 
1718959501190.00, 94669, -563734, 1075 
1718959501211.00, 94619, -561677, 1091 
1718959501233.00, 94716, -559621, 1109 
1718959501254.00, 94661, -557556, 1117 
1718959501277.00, 94533, -555508, 1135 
1718959501300.00, 94799, -553440, 1155 
1718959501319.00, 94665, -551383, 1170 
1718959501341.00, 94625, -549327, 1172 
1718959501363.00, 94791, -547264, 1171 
1718959501385.00, 94601, -545203, 1174 
1718959501412.00, 94742, -543152, 1196 
1718959501428.00, 94626, -541083, 1195 
1718959501450.00, 94576, -539033, 1211 
1718959501471.00, 94623, -536973, 1218 
1718959501493.00, 94664, -534911, 1220 
1718959501515.00, 94523, -532853, 1223 
1718959501537.00, 94470, -530791, 1214 
1718959501558.00, 94630, -528733, 1220 
1718959501580.00, 94633, -526680, 1223 
1718959501602.00, 94713, -524615, 1220 
1718959501623.00, 94665, -522567, 1203 
1718959501645.00, 94635, -520499, 1210 
1718959501667.00, 94564, -518450, 1195 
1718959501688.00, 94610, -516383, 1200 
1718959501710.00, 94513, -514322, 1189 
1718959501732.00, 94749, -512262, 1198 
1718959501754.00, 94755, -510213, 1200 
1718959501776.00, 94752, -508148, 1186 
1718959501797.00, 94604, -506092, 1198 
1718959501819.00, 94598, -504027, 1199 
1718959501841.00, 94665, -501968, 1194 
1718959501863.00, 94557, -499914, 1192 
1718959501884.00, 94743, -497848, 1171 
1718959501906.00, 94745, -495788, 1176 
1718959501927.00, 94696, -493736, 1191 
1718959501949.00, 94689, -491671, 1180 
1718959501970.00, 94685, -489617, 1175 
1718959501993.00, 94545, -487556, 1174 
1718959502014.00, 94725, -485503, 1176 
1718959502036.00, 94391, -483435, 1180 
1718959502058.00, 94622, -481375, 1157 
1718959502080.00, 94706, -479322, 1159 
1718959502102.00, 94564, -477266, 1151 
1718959502122.00, 94502, -475197, 1147 
1718959502146.00, 94687, -473148, 1133 
1718959502167.00, 94717, -471081, 1139 
1718959502188.00, 94598, -469024, 1147 
1718959502210.00, 94701, -466959, 1144 
1718959502231.00, 94587, -464903, 1099 
1718959502253.00, 94727, -462847, 1103 
1718959502275.00, 94496, -460791, 1092 
1718959502297.00, 94570, -458732, 1053 
1718959502318.00, 94609, -456676, 1047 
1718959502340.00, 94470, -454618, 1045 
1718959502362.00, 94525, -452557, 1024 
1718959502384.00, 94766, -450496, 1024 
1718959502405.00, 94742, -448439, 996 
1718959502427.00, 94588, -446389, 986 
1718959502449.00, 94540, -444345, 957 
1718959502470.00, 94484, -442293, 901 
1718959502492.00, 94779, -440246, 895 
1718959502513.00, 94591, -438201, 861 
1718959502535.00, 94727, -436147, 824 
1718959502557.00, 94603, -434096, 812 
1718959502578.00, 94482, -432050, 763 
1718959502600.00, 57224, -430014, 724 
1718959502622.00, 34586, -428774, 681 
1718959502643.00, 21290, -428007, 659 
1718959502665.00, 13510, -427534, 599 
1718959502686.00, 8762, -427240, 525 
1718959502709.00, 5915, -427051, 391 
1718959502729.00, 4091, -426938, 175 
1718959502751.00, 2831, -426872, -58 
1718959502773.00, -291, -426822, -268 
1718959502795.00, -15354, -426838, -383 
1718959502816.00, -31772, -427171, -659 
1718959502840.00, -57989, -427840, -695 
1718959502859.00, -74620, -429078, -754 
1718959502881.00, -84191, -430693, -832 
1718959502903.00, -89990, -432523, -866 
1718959502925.00, -93239, -434487, -870 
1718959502950.00, -94697, -436506, -887 
1718959502968.00, -94698, -438569, -907 
1718959502989.00, -94621, -440614, -911 
1718959503011.00, -94394, -442671, -930 
1718959503032.00, -94875, -444725, -945 
1718959503058.00, -94608, -446768, -962 
1718959503075.00, -94583, -448814, -976 
1718959503098.00, -94631, -450881, -976 
1718959503119.00, -94584, -452924, -962 
1718959503141.00, -94664, -454976, -938 
1718959503162.00, -94657, -457018, -931 
1718959503183.00, -94586, -459070, -935 
1718959503206.00, -94702, -461126, -930 
1718959503227.00, -94584, -463169, -914 
1718959503249.00, -94556, -465216, -916 
1718959503272.00, -94715, -467275, -912 
1718959503292.00, -94590, -469327, -918 
1718959503314.00, -94756, -471379, -909 
1718959503335.00, -94598, -473423, -895 
1718959503357.00, -94501, -475475, -903 
1718959503383.00, -94556, -477533, -896 
1718959503400.00, -94568, -479577, -875 
1718959503422.00, -94710, -481620, -867 
1718959503444.00, -94538, -483684, -834 
1718959503465.00, -94620, -485723, -797 
1718959503491.00, -94544, -487776, -765 
1718959503508.00, -94556, -489810, -715 
1718959503530.00, -94548, -491873, -707 
1718959503551.00, -94556, -493924, -676 
1718959503573.00, -94489, -495966, -650 
1718959503596.00, -94334, -498011, -646 
1718959503617.00, -94044, -500070, -627 
1718959503638.00, -92580, -502096, -639 
1718959503660.00, -92209, -504112, -637 
1718959503682.00, -92172, -506106, -616 
1718959503704.00, -90720, -508101, -616 
1718959503725.00, -89815, -510077, -599 
1718959503747.00, -88051, -512015, -583 
1718959503768.00, -86247, -513924, -576 
1718959503789.00, -84714, -515787, -548 
1718959503812.00, -82081, -517627, -554 
1718959503832.00, -80805, -519408, -526 
1718959503856.00, -78371, -521150, -522 
1718959503876.00, -76602, -522856, -515 
1718959503898.00, -75063, -524515, -504 
1718959503920.00, -73542, -526146, -496 
1718959503941.00, -72176, -527735, -502 
1718959503963.00, -71863, -529304, -509 
1718959503985.00, -72030, -530852, -516 
1718959504006.00, -72505, -532422, -513 
1718959504028.00, -72583, -533990, -524 
1718959504049.00, -73315, -535568, -513 
1718959504071.00, -73185, -537154, -514 
1718959504093.00, -73178, -538730, -490 
1718959504114.00, -71551, -540311, -486 
1718959504136.00, -70357, -541864, -448 
1718959504157.00, -67241, -543388, -446 
1718959504179.00, -65219, -544838, -414 
1718959504201.00, -62301, -546253, -428 
1718959504222.00, -61478, -547594, -422 
1718959504244.00, -60503, -548938, -438 
1718959504266.00, -61090, -550249, -448 
1718959504287.00, -61782, -551568, -464 
1718959504309.00, -63161, -552915, -476 
1718959504331.00, -64927, -554275, -472 
1718959504353.00, -65509, -555681, -482 
1718959504375.00, -66435, -557099, -475 
1718959504396.00, -66700, -558544, -477 
1718959504417.00, -66880, -559988, -500 
1718959504439.00, -68421, -561434, -512 
1718959504460.00, -69921, -562914, -512 
1718959504481.00, -71080, -564425, -494 
1718959504504.00, -70529, -565975, -521 
1718959504525.00, -71735, -567497, -502 
1718959504547.00, -71388, -569056, -510 
1718959504568.00, -71530, -570592, -508 
1718959504590.00, -71581, -572148, -535 
1718959504611.00, -73209, -573704, -539 
1718959504634.00, -74460, -575295, -561 
1718959504655.00, -76612, -576904, -557 
1718959504676.00, -77591, -578557, -562 
1718959504699.00, -78424, -580233, -572 
1718959504720.00, -79328, -581939, -561 
1718959504741.00, -79351, -583653, -521 
1718959504763.00, -76877, -585380, -520 
1718959504785.00, -75265, -587032, -502 
1718959504814.00, -73198, -588668, -457 
1718959504828.00, -69285, -590248, -402 
1718959504849.00, -63638, -591747, -363 
1718959504872.00, -57936, -593124, -284 
1718959504893.00, -32695, -594365, -205 
1718959504917.00, -17669, -595097, -152 
1718959504936.00, -8484, -595495, -107 
1718959504958.00, -3254, -595685, -20 
1718959504979.00, -100, -595758, 31 
1718959505001.00, 3039, -595762, 125 
1718959505024.00, 10684, -595694, 286 
1718959505044.00, 24895, -595454, 429 
1718959505066.00, 42202, -594916, 593 
1718959505087.00, 62214, -594012, 640 
1718959505109.00, 77099, -592668, 726 
1718959505134.00, 87984, -590989, 840 
1718959505152.00, 94091, -589088, 858 
1718959505174.00, 94754, -587041, 899 
1718959505195.00, 94737, -584987, 945 
1718959505217.00, 94702, -582931, 973 
1718959505240.00, 94695, -580879, 1006 
1718959505260.00, 94642, -578820, 1018 
1718959505282.00, 94558, -576760, 1015 
1718959505304.00, 94525, -574701, 1020 
1718959505325.00, 94614, -572646, 1032 
1718959505348.00, 94647, -570590, 1030 
1718959505369.00, 94706, -568533, 1035 
1718959505391.00, 94767, -566465, 1057 
1718959505413.00, 94622, -564407, 1065 
1718959505434.00, 94644, -562350, 1069 
1718959505459.00, 94618, -560292, 1067 
1718959505477.00, 94585, -558234, 1066 
1718959505499.00, 94741, -556179, 1078 
1718959505521.00, 94760, -554120, 1076 
1718959505543.00, 94790, -552061, 1074 
1718959505566.00, 94774, -549999, 1082 
1718959505586.00, 94548, -547939, 1070 
1718959505608.00, 94426, -545883, 1077 
1718959505629.00, 94541, -543826, 1082 
1718959505651.00, 94418, -541767, 1077 
1718959505676.00, 94492, -539718, 1111 
1718959505697.00, 94546, -537658, 1089 
1718959505717.00, 94669, -535604, 1097 
1718959505738.00, 94558, -533542, 1110 
1718959505760.00, 94678, -531482, 1102 
1718959505786.00, 94599, -529422, 1097 
1718959505803.00, 94581, -527360, 1093 
1718959505826.00, 94713, -525303, 1090 
1718959505847.00, 94515, -523251, 1089 
1718959505869.00, 94545, -521189, 1083 
1718959505891.00, 94572, -519134, 1084 
1718959505912.00, 94673, -517073, 1086 
1718959505934.00, 94626, -515012, 1082 
1718959505956.00, 94509, -512959, 1077 
1718959505977.00, 94476, -510898, 1058 
1718959505999.00, 94673, -508841, 1044 
1718959506021.00, 94637, -506787, 1035 
1718959506043.00, 94519, -504731, 1013 
1718959506064.00, 94579, -502668, 1013 
1718959506086.00, 94448, -500610, 999 
1718959506108.00, 94609, -498561, 986 
1718959506129.00, 94527, -496513, 994 
1718959506151.00, 94697, -494461, 992 
1718959506172.00, 94773, -492413, 996 
1718959506193.00, 94601, -490364, 1016 
1718959506215.00, 94713, -488300, 1016 
1718959506237.00, 94655, -486246, 1037 
1718959506259.00, 94670, -484182, 1050 
1718959506281.00, 94733, -482126, 1087 
1718959506303.00, 94650, -480065, 1108 
1718959506328.00, 94606, -478002, 1108 
1718959506346.00, 94830, -475943, 1126 
1718959506368.00, 94434, -473889, 1139 
1718959506390.00, 94741, -471828, 1138 
1718959506411.00, 94549, -469770, 1137 
1718959506433.00, 94492, -467714, 1131 
1718959506455.00, 94476, -465656, 1135 
1718959506475.00, 94428, -463598, 1158 
1718959506498.00, 94461, -461541, 1143 
1718959506520.00, 94612, -459483, 1164 
1718959506541.00, 94552, -457432, 1173 
1718959506567.00, 94533, -455367, 1150 
1718959506585.00, 94663, -453314, 1170 
1718959506607.00, 94541, -451257, 1172 
1718959506628.00, 94753, -449193, 1178 
1718959506650.00, 94532, -447136, 1144 
1718959506672.00, 94387, -445087, 1079 
1718959506694.00, 94509, -443028, 1049 
1718959506715.00, 94399, -440974, 1012 
1718959506737.00, 94396, -438920, 939 
1718959506759.00, 94511, -436875, 922 
1718959506780.00, 94375, -434827, 853 
1718959506802.00, 94302, -432788, 742 
1718959506823.00, 94291, -430750, 631 
1718959506845.00, 53218, -428724, 484 
1718959506867.00, 28819, -427566, 439 
1718959506888.00, 14298, -426918, 331 
1718959506910.00, 5907, -426597, 194 
1718959506931.00, 985, -426473, 75 
1718959506953.00, -1252, -426464, -113 
1718959506975.00, -9908, -426499, -287 
1718959506996.00, -25263, -426710, -426 
1718959507018.00, -42761, -427257, -687 
1718959507039.00, -68123, -428172, -717 
1718959507061.00, -83277, -429643, -794 
1718959507083.00, -92037, -431447, -851 
1718959507104.00, -94677, -433445, -875 
1718959507125.00, -94809, -435516, -907 
1718959507147.00, -94657, -437564, -944 
1718959507168.00, -94687, -439608, -945 
1718959507191.00, -94751, -441671, -965 
1718959507212.00, -94690, -443716, -988 
1718959507233.00, -94474, -445770, -1004 
1718959507255.00, -94785, -447824, -1012 
1718959507277.00, -94499, -449877, -1016 
1718959507299.00, -94700, -451944, -1036 
1718959507321.00, -94537, -454005, -1035 
1718959507343.00, -94601, -456058, -1025 
1718959507364.00, -94555, -458120, -1012 
1718959507386.00, -94569, -460175, -1012 
1718959507408.00, -94881, -462228, -1024 
1718959507432.00, -94658, -464289, -1014 
1718959507450.00, -94685, -466345, -993 
1718959507473.00, -94677, -468402, -999 
1718959507494.00, -94666, -470447, -975 
1718959507516.00, -94504, -472493, -974 
1718959507544.00, -94579, -474548, -962 
1718959507559.00, -94590, -476603, -937 
1718959507580.00, -94757, -478648, -948 
1718959507603.00, -94581, -480698, -935 
1718959507624.00, -94633, -482738, -924 
1718959507647.00, -94600, -484802, -925 
1718959507668.00, -94648, -486847, -886 
1718959507689.00, -94565, -488893, -872 
1718959507710.00, -94582, -490945, -837 
1718959507732.00, -94721, -492992, -808 
1718959507754.00, -94813, -495039, -801 
1718959507775.00, -94585, -497092, -776 
1718959507797.00, -94697, -499135, -757 
1718959507819.00, -94705, -501187, -739 
1718959507841.00, -94695, -503238, -704 
1718959507862.00, -94719, -505277, -689 
1718959507884.00, -94655, -507333, -665 
1718959507905.00, -94663, -509382, -626 
1718959507927.00, -94670, -511431, -627 
1718959507949.00, -94554, -513480, -587 
1718959507975.00, -92835, -515520, -543 
1718959507992.00, -89130, -517539, -542 
1718959508013.00, -86680, -519476, -525 
1718959508034.00, -84218, -521345, -535 
1718959508057.00, -83338, -523174, -530 
1718959508082.00, -82400, -524972, -511 
1718959508100.00, -80610, -526765, -531 
1718959508122.00, -80706, -528508, -518 
1718959508144.00, -79643, -530250, -530 
1718959508164.00, -79893, -531979, -498 
1718959508187.00, -78125, -533714, -506 
1718959508208.00, -77474, -535409, -485 
1718959508230.00, -75891, -537088, -492 
1718959508252.00, -75357, -538721, -464 
1718959508273.00, -73380, -540349, -464 
1718959508295.00, -71916, -541940, -447 
1718959508317.00, -69864, -543492, -445 
1718959508338.00, -68501, -545000, -411 
1718959508359.00, -65592, -546479, -410 
1718959508382.00, -63780, -547900, -404 
1718959508403.00, -62379, -549297, -427 
1718959508424.00, -62685, -550644, -418 
1718959508447.00, -62360, -552005, -424 
1718959508467.00, -62485, -553355, -434 
1718959508489.00, -63197, -554709, -440 
1718959508511.00, -64020, -556087, -452 
1718959508533.00, -65233, -557465, -443 
1718959508555.00, -65396, -558884, -454 
1718959508576.00, -66041, -560295, -466 
1718959508598.00, -66988, -561728, -474 
1718959508620.00, -68068, -563172, -482 
1718959508640.00, -69269, -564654, -480 
1718959508663.00, -69658, -566155, -506 
1718959508685.00, -71437, -567668, -488 
1718959508706.00, -71488, -569224, -498 
1718959508728.00, -72114, -570758, -498 
1718959508749.00, -72309, -572320, -521 
1718959508771.00, -73921, -573896, -521 
1718959508792.00, -74826, -575500, -533 
1718959508815.00, -75962, -577111, -519 
1718959508836.00, -75697, -578760, -534 
1718959508857.00, -76574, -580395, -529 
1718959508879.00, -76641, -582064, -521 
1718959508900.00, -76176, -583720, -495 
1718959508922.00, -74358, -585371, -501 
1718959508944.00, -73645, -586974, -480 
1718959508966.00, -71785, -588572, -495 
1718959508986.00, -71534, -590129, -486 
1718959509009.00, -70824, -591678, -462 
1718959509031.00, -69047, -593210, -380 
1718959509051.00, -40041, -594690, -339 
1718959509074.00, -22505, -595582, -330 
1718959509095.00, -11935, -596088, -298 
1718959509117.00, -5865, -596355, -245 
1718959509138.00, -2585, -596495, -267 
1718959509160.00, -451, -596551, -253 
1718959509181.00, 86, -596562, -189 
1718959509203.00, 791, -596558, -86 
1718959509224.00, 1482, -596542, 24 
1718959509246.00, 3250, -596503, 152 
1718959509267.00, 12159, -596409, 386 
1718959509289.00, 31366, -596147, 636 
1718959509310.00, 58045, -595502, 567 
1718959509333.00, 69628, -594253, 712 
1718959509354.00, 82734, -592726, 866 
1718959509376.00, 90695, -590936, 839 
1718959509397.00, 94906, -588977, 898 
1718959509419.00, 94658, -586910, 895 
1718959509441.00, 94575, -584866, 899 
1718959509462.00, 94819, -582813, 887 
1718959509484.00, 94639, -580759, 884 
1718959509506.00, 94692, -578709, 902 
1718959509527.00, 94722, -576653, 899 
1718959509548.00, 94612, -574607, 925 
1718959509571.00, 94762, -572556, 942 
1718959509592.00, 94624, -570503, 933 
1718959509618.00, 94550, -568453, 964 
1718959509636.00, 94684, -566397, 968 
1718959509657.00, 94665, -564346, 984 
1718959509678.00, 94661, -562303, 992 
1718959509701.00, 94699, -560245, 1009 
1718959509725.00, 94548, -558189, 1027 
1718959509744.00, 94758, -556127, 1043 
1718959509766.00, 94518, -554067, 1043 
1718959509787.00, 94505, -552014, 1049 
1718959509809.00, 94670, -549956, 1058 
1718959509831.00, 94641, -547887, 1055 
1718959509853.00, 94569, -545834, 1065 
1718959509874.00, 94455, -543774, 1058 
1718959509895.00, 94409, -541714, 1063 
1718959509918.00, 94588, -539659, 1071 
1718959509939.00, 94668, -537603, 1065 
1718959509961.00, 94681, -535547, 1059 
1718959509983.00, 94580, -533485, 1061 
1718959510005.00, 94508, -531427, 1055 
1718959510026.00, 94440, -529370, 1045 
1718959510053.00, 94572, -527309, 1032 
1718959510070.00, 94660, -525255, 1031 
1718959510092.00, 94565, -523206, 1025 
1718959510113.00, 94584, -521140, 1003 
1718959510135.00, 94684, -519088, 999 
1718959510161.00, 94643, -517030, 994 
1718959510178.00, 94749, -514975, 977 
1718959510200.00, 94487, -512932, 976 
1718959510222.00, 94501, -510879, 972 
1718959510243.00, 94680, -508828, 973 
1718959510265.00, 94635, -506784, 987 
1718959510286.00, 94556, -504730, 971 
1718959510308.00, 94589, -502677, 965 
1718959510330.00, 94510, -500626, 966 
1718959510351.00, 94613, -498573, 961 
1718959510373.00, 94583, -496529, 966 
1718959510395.00, 94619, -494478, 957 
1718959510416.00, 94740, -492426, 972 
1718959510437.00, 94536, -490377, 974 
1718959510459.00, 94728, -488326, 957 
1718959510481.00, 94753, -486279, 967 
1718959510503.00, 94595, -484226, 958 
1718959510524.00, 94749, -482173, 951 
1718959510546.00, 94609, -480130, 949 
1718959510567.00, 94558, -478071, 932 
1718959510589.00, 94656, -476019, 926 
1718959510611.00, 94502, -473977, 915 
1718959510632.00, 94599, -471921, 896 
1718959510654.00, 94733, -469874, 907 
1718959510676.00, 94638, -467818, 896 
1718959510698.00, 94736, -465770, 905 
1718959510719.00, 94602, -463716, 925 
1718959510740.00, 94450, -461669, 915 
1718959510762.00, 94661, -459618, 919 
1718959510784.00, 94559, -457568, 931 
1718959510805.00, 94595, -455519, 925 
1718959510827.00, 94558, -453469, 923 
1718959510849.00, 94463, -451418, 880 
1718959510871.00, 94454, -449373, 840 
1718959510893.00, 94493, -447328, 821 
1718959510913.00, 94426, -445279, 767 
1718959510936.00, 94520, -443234, 749 
1718959510957.00, 94463, -441196, 728 
1718959510979.00, 94410, -439137, 693 
1718959511000.00, 94534, -437093, 675 
1718959511022.00, 94430, -435045, 644 
1718959511046.00, 92688, -432998, 608 
1718959511065.00, 89520, -430992, 589 
1718959511087.00, 50421, -429074, 520 
1718959511109.00, 27127, -427974, 513 
1718959511130.00, 13428, -427359, 417 
1718959511152.00, 5618, -427058, 298 
1718959511173.00, 840, -426942, 182 
1718959511194.00, -1403, -426933, 31 
1718959511216.00, -3142, -426968, -141 
1718959511238.00, -12052, -427041, -274 
1718959511261.00, -25838, -427304, -288 
1718959511281.00, -34738, -427864, -500 
1718959511302.00, -52832, -428615, -584 
1718959511324.00, -68559, -429738, -619 
1718959511346.00, -79879, -431228, -688 
1718959511370.00, -89799, -432961, -710 
1718959511389.00, -95144, -434921, -717 
1718959511411.00, -94650, -436976, -728 
1718959511433.00, -94773, -439026, -742 
1718959511454.00, -94658, -441077, -757 
1718959511476.00, -94655, -443127, -766 
1718959511497.00, -94657, -445184, -791 
1718959511519.00, -94732, -447228, -800 
1718959511540.00, -94826, -449269, -810 
1718959511562.00, -94754, -451336, -826 
1718959511586.00, -94663, -453388, -857 
1718959511606.00, -94727, -455431, -855 
1718959511627.00, -94722, -457489, -860 
1718959511649.00, -94657, -459535, -872 
1718959511671.00, -94647, -461591, -896 
1718959511696.00, -94619, -463638, -895 
1718959511714.00, -94809, -465684, -908 
1718959511735.00, -94632, -467746, -919 
1718959511757.00, -94572, -469791, -930 
1718959511779.00, -94687, -471839, -930 
1718959511804.00, -94652, -473889, -905 
1718959511821.00, -94616, -475944, -906 
1718959511844.00, -94538, -477996, -896 
1718959511865.00, -94758, -480041, -867 
1718959511887.00, -94741, -482082, -847 
1718959511908.00, -94620, -484143, -829 
1718959511930.00, -94621, -486190, -812 
1718959511952.00, -94654, -488237, -795 
1718959511973.00, -94735, -490283, -759 
1718959511994.00, -94678, -492334, -735 
1718959512017.00, -94636, -494388, -726 
1718959512038.00, -94744, -496430, -710 
1718959512059.00, -94566, -498474, -711 
1718959512082.00, -94539, -500534, -689 
1718959512103.00, -94694, -502579, -661 
1718959512129.00, -93750, -504630, -670 
1718959512146.00, -93788, -506661, -634 
1718959512168.00, -91521, -508683, -604 
1718959512190.00, -88243, -510675, -586 
1718959512211.00, -85611, -512587, -560 
1718959512233.00, -82396, -514423, -572 
1718959512255.00, -81123, -516223, -560 
1718959512276.00, -79604, -517975, -565 
1718959512297.00, -78976, -519708, -542 
1718959512320.00, -77308, -521402, -522 
1718959512341.00, -75042, -523087, -521 
1718959512363.00, -73690, -524710, -498 
1718959512384.00, -71459, -526311, -515 
1718959512406.00, -71288, -527859, -517 
1718959512427.00, -71373, -529404, -532 
1718959512449.00, -72222, -530937, -518 
1718959512471.00, -71898, -532509, -516 
1718959512492.00, -71643, -534071, -504 
1718959512514.00, -70567, -535626, -483 
1718959512536.00, -69005, -537149, -478 
1718959512558.00, -67600, -538637, -464 
1718959512579.00, -65942, -540105, -469 
1718959512601.00, -65308, -541536, -449 
1718959512622.00, -63864, -542953, -466 
1718959512644.00, -63940, -544328, -451 
1718959512666.00, -62933, -545713, -474 
1718959512688.00, -63809, -547071, -476 
1718959512709.00, -64628, -548464, -469 
1718959512730.00, -64685, -549871, -495 
1718959512752.00, -66121, -551272, -515 
1718959512773.00, -68264, -552715, -525 
1718959512795.00, -70263, -554188, -525 
1718959512817.00, -71426, -555709, -548 
1718959512839.00, -73356, -557257, -582 
1718959512860.00, -76634, -558861, -597 
1718959512882.00, -79688, -560514, -602 
1718959512904.00, -81643, -562239, -593 
1718959512925.00, -82174, -563997, -553 
1718959512947.00, -80238, -565787, -571 
1718959512969.00, -79892, -567519, -564 
1718959512990.00, -79351, -569253, -543 
1718959513012.00, -77938, -570965, -541 
1718959513033.00, -77026, -572661, -579 
1718959513055.00, -78534, -574328, -544 
1718959513077.00, -77494, -576037, -550 
1718959513099.00, -77216, -577704, -558 
1718959513120.00, -77459, -579371, -567 
1718959513141.00, -78294, -581057, -558 
1718959513163.00, -78021, -582755, -567 
1718959513185.00, -78416, -584441, -572 
1718959513207.00, -78917, -586147, -560 
1718959513228.00, -78626, -587852, -539 
1718959513250.00, -77179, -589557, -547 
1718959513271.00, -76891, -591227, -524 
1718959513293.00, -75331, -592885, -493 
1718959513314.00, -42794, -594504, -437 
1718959513336.00, -23424, -595445, -402 
1718959513358.00, -11645, -595969, -381 
1718959513380.00, -4837, -596226, -322 
1718959513401.00, -918, -596335, -335 
1718959513423.00, 839, -596357, -315 
1718959513444.00, 2339, -596343, -231 
1718959513465.00, 3171, -596292, -130 
1718959513488.00, 3872, -596217, -17 
1718959513509.00, 4312, -596130, 127 
1718959513531.00, 12040, -596020, 304 
1718959513556.00, 26837, -595753, 520 
1718959513574.00, 49190, -595180, 560 
1718959513596.00, 64654, -594131, 619 
1718959513617.00, 77412, -592728, 707 
1718959513639.00, 88241, -591046, 785 
1718959513661.00, 94481, -589136, 795 
1718959513682.00, 94735, -587082, 834 
1718959513703.00, 94703, -585031, 881 
1718959513725.00, 94811, -582978, 877 
1718959513747.00, 94791, -580925, 889 
1718959513768.00, 94621, -578866, 925 
1718959513790.00, 94604, -576816, 931 
1718959513812.00, 94736, -574768, 959 
1718959513834.00, 94667, -572717, 971 
1718959513854.00, 94703, -570660, 980 
1718959513882.00, 94551, -568615, 998 
1718959513899.00, 94582, -566560, 998 
1718959513920.00, 94632, -564508, 1004 
1718959513941.00, 94775, -562454, 1031 
1718959513963.00, 94615, -560385, 1034 
1718959513986.00, 94524, -558329, 1046 
1718959514007.00, 94496, -556278, 1056 
1718959514029.00, 94735, -554219, 1046 
1718959514050.00, 94582, -552157, 1058 
1718959514072.00, 94742, -550094, 1051 
1718959514099.00, 94689, -548033, 1044 
1718959514116.00, 94476, -545981, 1057 
1718959514137.00, 94777, -543913, 1037 
1718959514159.00, 94620, -541856, 1044 
1718959514181.00, 94802, -539803, 1035 
1718959514203.00, 94697, -537741, 1025 
1718959514224.00, 94608, -535686, 1016 
1718959514246.00, 94523, -533623, 1008 
1718959514268.00, 94666, -531565, 997 
1718959514289.00, 94611, -529516, 1001 
1718959514312.00, 94619, -527457, 992 
1718959514332.00, 94723, -525400, 983 
1718959514354.00, 94635, -523358, 995 
1718959514376.00, 94735, -521300, 993 
1718959514397.00, 94482, -519255, 987 
1718959514422.00, 94772, -517201, 971 
1718959514441.00, 94562, -515144, 975 
1718959514462.00, 94571, -513100, 980 
1718959514484.00, 94593, -511044, 987 
1718959514506.00, 94713, -508993, 982 
1718959514527.00, 94553, -506943, 988 
1718959514549.00, 94580, -504891, 978 
1718959514571.00, 94554, -502843, 989 
1718959514592.00, 94679, -500788, 980 
1718959514614.00, 94691, -498732, 996 
1718959514636.00, 94764, -496687, 1024 
1718959514658.00, 94471, -494619, 1039 
1718959514679.00, 94615, -492569, 1044 
1718959514700.00, 94611, -490503, 1037 
1718959514723.00, 94672, -488442, 1042 
1718959514745.00, 94775, -486384, 1044 
1718959514766.00, 94554, -484325, 1028 
1718959514788.00, 94704, -482269, 1028 
1718959514810.00, 94644, -480211, 1032 
1718959514831.00, 94630, -478150, 1015 
1718959514853.00, 94722, -476093, 997 
1718959514875.00, 94427, -474045, 996 
1718959514896.00, 94423, -471994, 967 
1718959514918.00, 94595, -469949, 969 
1718959514939.00, 94655, -467901, 930 
1718959514961.00, 94678, -465850, 909 
1718959514983.00, 94603, -463798, 897 
1718959515004.00, 94423, -461755, 859 
1718959515026.00, 94570, -459706, 856 
1718959515048.00, 94618, -457662, 848 
1718959515069.00, 94719, -455611, 833 
1718959515091.00, 94631, -453561, 840 
1718959515112.00, 94477, -451517, 817 
1718959515134.00, 94682, -449464, 795 
1718959515155.00, 94630, -447417, 790 
1718959515177.00, 94508, -445370, 754 
1718959515199.00, 94694, -443322, 738 
1718959515221.00, 94667, -441278, 721 
1718959515242.00, 94571, -439228, 674 
1718959515264.00, 94473, -437176, 656 
1718959515285.00, 93286, -435126, 623 
1718959515307.00, 90499, -433110, 593 
1718959515329.00, 87079, -431149, 575 
1718959515351.00, 49166, -429272, 522 
1718959515372.00, 26700, -428203, 533 
1718959515394.00, 13336, -427601, 504 
1718959515415.00, 5447, -427298, 492 
1718959515436.00, 879, -427173, 462 
1718959515458.00, -1265, -427153, 394 
1718959515480.00, -3062, -427179, 250 
1718959515501.00, -4203, -427251, 80 
1718959515524.00, -4643, -427362, -120 
1718959515544.00, -11782, -427475, -277 
1718959515566.00, -25762, -427727, -289 
1718959515588.00, -34491, -428293, -561 
1718959515609.00, -56176, -429040, -644 
1718959515630.00, -74126, -430236, -706 
1718959515652.00, -86727, -431852, -778 
1718959515674.00, -93827, -433734, -807 
1718959515696.00, -94804, -435781, -833 
1718959515717.00, -94699, -437836, -861 
1718959515743.00, -94574, -439880, -876 
1718959515761.00, -94650, -441934, -885 
1718959515782.00, -94667, -443990, -893 
1718959515804.00, -94674, -446036, -915 
1718959515825.00, -94552, -448080, -927 
1718959515849.00, -94734, -450131, -930 
1718959515868.00, -94586, -452193, -945 
1718959515891.00, -94721, -454245, -940 
1718959515912.00, -94578, -456288, -932 
1718959515934.00, -94690, -458340, -947 
1718959515958.00, -94626, -460394, -937 
1718959515977.00, -94621, -462439, -940 
1718959515998.00, -94583, -464487, -922 
1718959516020.00, -94617, -466534, -913 
1718959516042.00, -94361, -468592, -906 
1718959516065.00, -94843, -470639, -865 
1718959516086.00, -94589, -472679, -848 
1718959516107.00, -94498, -474737, -836 
1718959516129.00, -94543, -476785, -806 
1718959516149.00, -94662, -478832, -796 
1718959516171.00, -94530, -480882, -777 
1718959516193.00, -94653, -482926, -755 
1718959516215.00, -94545, -484984, -765 
1718959516237.00, -94673, -487039, -732 
1718959516258.00, -94592, -489070, -709 
1718959516280.00, -94551, -491131, -706 
1718959516301.00, -94667, -493185, -669 
1718959516323.00, -94571, -495224, -657 
1718959516345.00, -94590, -497275, -633 
1718959516366.00, -94643, -499323, -596 
1718959516387.00, -93328, -501378, -597 
1718959516410.00, -92590, -503409, -574 
1718959516431.00, -90636, -505397, -564 
1718959516453.00, -88760, -507370, -548 
1718959516474.00, -86820, -509293, -531 
1718959516498.00, -84404, -511166, -546 
1718959516518.00, -83702, -513001, -531 
1718959516539.00, -82333, -514807, -522 
1718959516561.00, -80961, -516601, -508 
1718959516583.00, -79306, -518350, -480 
1718959516605.00, -76604, -520069, -460 
1718959516626.00, -73875, -521715, -425 
1718959516648.00, -70002, -523320, -423 
1718959516670.00, -67372, -524830, -415 
1718959516691.00, -65243, -526297, -403 
1718959516713.00, -63305, -527700, -399 
1718959516734.00, -61811, -529071, -405 
1718959516755.00, -61182, -530411, -401 
1718959516777.00, -60742, -531735, -397 
1718959516799.00, -60165, -533062, -428 
1718959516821.00, -61390, -534364, -438 
1718959516842.00, -62949, -535702, -431 
1718959516864.00, -63260, -537060, -428 
1718959516886.00, -63230, -538428, -436 
1718959516907.00, -63641, -539804, -449 
1718959516929.00, -64638, -541182, -418 
1718959516950.00, -63419, -542595, -406 
1718959516972.00, -61985, -543960, -404 
1718959516993.00, -60864, -545300, -424 
1718959517016.00, -61266, -546618, -424 
1718959517037.00, -61590, -547949, -427 
1718959517058.00, -62053, -549296, -447 
1718959517081.00, -63290, -550642, -455 
1718959517103.00, -64609, -552021, -454 
1718959517123.00, -65535, -553417, -459 
1718959517145.00, -66132, -554829, -452 
1718959517167.00, -65987, -556268, -463 
1718959517189.00, -66558, -557696, -453 
1718959517210.00, -66358, -559144, -468 
1718959517232.00, -67017, -560581, -462 
1718959517253.00, -67037, -562033, -467 
1718959517275.00, -67304, -563474, -453 
1718959517296.00, -66668, -564943, -443 
1718959517318.00, -65966, -566391, -460 
1718959517340.00, -66186, -567817, -477 
1718959517361.00, -67393, -569251, -469 
1718959517383.00, -67602, -570698, -453 
1718959517405.00, -66759, -572173, -488 
1718959517427.00, -68519, -573620, -513 
1718959517448.00, -70898, -575107, -489 
1718959517471.00, -70887, -576632, -478 
1718959517494.00, -70098, -578167, -499 
1718959517513.00, -70895, -579681, -524 
1718959517535.00, -72723, -581219, -503 
1718959517556.00, -72592, -582799, -497 
1718959517578.00, -72159, -584372, -500 
1718959517606.00, -71919, -585933, -497 
1718959517621.00, -71738, -587492, -465 
1718959517643.00, -69707, -589049, -477 
1718959517664.00, -69156, -590552, -475 
1718959517685.00, -68553, -592049, -449 
1718959517714.00, -66762, -593531, -397 
1718959517729.00, -38514, -594967, -369 
1718959517751.00, -21572, -595823, -350 
1718959517773.00, -11208, -596301, -307 
1718959517794.00, -5479, -596558, -265 
1718959517819.00, -1962, -596682, -249 
1718959517837.00, 24, -596724, -166 
1718959517858.00, 667, -596725, -58 
1718959517880.00, 1553, -596710, 64 
1718959517902.00, 5679, -596659, 250 
1718959517927.00, 19208, -596529, 375 
1718959517945.00, 35031, -596116, 581 
1718959517966.00, 56998, -595375, 616 
1718959517988.00, 71874, -594151, 689 
1718959518010.00, 84216, -592582, 790 
1718959518034.00, 91706, -590753, 805 
1718959518053.00, 94750, -588772, 827 
1718959518074.00, 94690, -586707, 857 
1718959518096.00, 94681, -584654, 858 
1718959518118.00, 94606, -582605, 867 
1718959518140.00, 94648, -580553, 854 
1718959518161.00, 94586, -578509, 879 
1718959518183.00, 94766, -576447, 905 
1718959518204.00, 94679, -574399, 917 
1718959518226.00, 94720, -572352, 945 
1718959518248.00, 94566, -570294, 948 
1718959518270.00, 94586, -568247, 964 
1718959518291.00, 94697, -566190, 984 
1718959518313.00, 94676, -564141, 968 
1718959518334.00, 94637, -562098, 979 
1718959518356.00, 94568, -560043, 976 
1718959518378.00, 94602, -557987, 964 
1718959518400.00, 94598, -555949, 970 
1718959518421.00, 94556, -553893, 964 
1718959518443.00, 94530, -551844, 960 
1718959518464.00, 94495, -549798, 968 
1718959518486.00, 94520, -547737, 953 
1718959518507.00, 94632, -545693, 955 
1718959518529.00, 94643, -543642, 955 
1718959518551.00, 94699, -541594, 948 
1718959518573.00, 94550, -539543, 953 
1718959518593.00, 94505, -537487, 950 
1718959518616.00, 94577, -535443, 951 
1718959518637.00, 94782, -533393, 957 
1718959518659.00, 94693, -531342, 948 
1718959518680.00, 94521, -529291, 952 
1718959518702.00, 94633, -527240, 945 
1718959518723.00, 94727, -525191, 939 
1718959518745.00, 94575, -523149, 940 
1718959518767.00, 94677, -521090, 921 
1718959518788.00, 94678, -519041, 922 
1718959518811.00, 94639, -516989, 913 
1718959518832.00, 94666, -514938, 895 
1718959518853.00, 94507, -512889, 891 
1718959518875.00, 94642, -510839, 880 
1718959518897.00, 94852, -508787, 875 
1718959518920.00, 94809, -506744, 874 
1718959518940.00, 94555, -504689, 879 
1718959518962.00, 94532, -502636, 877 
1718959518983.00, 94454, -500591, 879 
1718959519005.00, 94710, -498538, 874 
1718959519031.00, 94679, -496485, 876 
1718959519049.00, 94696, -494438, 873 
1718959519070.00, 94732, -492387, 870 
1718959519091.00, 94488, -490337, 864 
1718959519113.00, 94552, -488283, 832 
1718959519135.00, 94598, -486242, 836 
1718959519157.00, 94565, -484189, 837 
1718959519178.00, 94704, -482141, 825 
1718959519200.00, 94696, -480085, 843 
1718959519222.00, 94550, -478031, 861 
1718959519243.00, 94736, -475982, 869 
1718959519265.00, 94558, -473936, 867 
1718959519287.00, 94707, -471885, 864 
1718959519308.00, 94530, -469833, 889 
1718959519330.00, 94546, -467784, 870 
1718959519354.00, 94724, -465733, 845 
1718959519373.00, 94685, -463679, 853 
1718959519395.00, 94474, -461635, 840 
1718959519416.00, 94581, -459585, 816 
1718959519438.00, 94425, -457547, 782 
1718959519462.00, 94582, -455486, 760 
1718959519481.00, 94614, -453443, 775 
1718959519502.00, 94663, -451392, 745 
1718959519524.00, 94549, -449339, 719 
1718959519546.00, 94729, -447293, 731 
1718959519569.00, 94543, -445243, 698 
1718959519589.00, 94674, -443198, 683 
1718959519611.00, 94519, -441153, 658 
1718959519632.00, 93337, -439099, 628 
1718959519654.00, 90926, -437074, 630 
1718959519678.00, 89614, -435106, 599 
1718959519698.00, 87048, -433163, 558 
1718959519719.00, 82990, -431286, 531 
1718959519741.00, 47032, -429495, 484 
1718959519762.00, 25584, -428473, 508 
1718959519784.00, 12810, -427906, 456 
1718959519806.00, 5126, -427619, 422 
1718959519827.00, 627, -427502, 376 
1718959519849.00, -1448, -427488, 303 
1718959519870.00, -3077, -427520, 164 
1718959519896.00, -4187, -427594, 16 
1718959519913.00, -4756, -427698, -160 
1718959519934.00, -14701, -427808, -295 
1718959519956.00, -28640, -428127, -425 
1718959519977.00, -44758, -428738, -602 
1718959520005.00, -64794, -429683, -620 
1718959520020.00, -77650, -431085, -670 
1718959520042.00, -88284, -432774, -726 
1718959520064.00, -94910, -434695, -758 
1718959520086.00, -94744, -436744, -783 
1718959520107.00, -94694, -438804, -800 
1718959520130.00, -94738, -440843, -794 
1718959520151.00, -94698, -442906, -801 
1718959520172.00, -94621, -444960, -800 
1718959520194.00, -94703, -447002, -807 
1718959520216.00, -94591, -449049, -813 
1718959520237.00, -94725, -451109, -816 
1718959520259.00, -94548, -453161, -821 
1718959520281.00, -94641, -455204, -825 
1718959520302.00, -94684, -457250, -825 
1718959520324.00, -94637, -459310, -844 
1718959520346.00, -94537, -461362, -858 
1718959520367.00, -94704, -463403, -840 
1718959520389.00, -94600, -465448, -860 
1718959520410.00, -94480, -467510, -855 
1718959520432.00, -94456, -469551, -818 
1718959520454.00, -94625, -471601, -816 
1718959520475.00, -94581, -473645, -808 
1718959520497.00, -94601, -475699, -791 
1718959520519.00, -94668, -477752, -787 
1718959520540.00, -94672, -479796, -772 
1718959520562.00, -94667, -481834, -751 
1718959520584.00, -94595, -483899, -726 
1718959520605.00, -94512, -485943, -710 
1718959520626.00, -94349, -487989, -691 
1718959520648.00, -94452, -490035, -665 
1718959520670.00, -93830, -492085, -650 
1718959520692.00, -92513, -494120, -633 
1718959520713.00, -90891, -496116, -604 
1718959520735.00, -88089, -498081, -610 
1718959520757.00, -86669, -500000, -585 
1718959520778.00, -84339, -501876, -585 
1718959520800.00, -83037, -503706, -572 
1718959520822.00, -81686, -505493, -540 
1718959520843.00, -78708, -507267, -546 
1718959520865.00, -77263, -508970, -515 
1718959520891.00, -74623, -510652, -515 
1718959520908.00, -72921, -512263, -482 
1718959520930.00, -70031, -513839, -471 
1718959520952.00, -67889, -515353, -435 
1718959520973.00, -64384, -516832, -435 
1718959521000.00, -62198, -518218, -418 
1718959521017.00, -60161, -519571, -409 
1718959521038.00, -58239, -520860, -402 
1718959521059.00, -56551, -522120, -396 
1718959521080.00, -55318, -523352, -387 
1718959521103.00, -54069, -524545, -379 
1718959521125.00, -52829, -525724, -389 
1718959521146.00, -52912, -526870, -394 
1718959521168.00, -52998, -528007, -389 
1718959521190.00, -52812, -529162, -399 
1718959521211.00, -53422, -530305, -407 
1718959521233.00, -54280, -531461, -406 
1718959521255.00, -54713, -532648, -423 
1718959521276.00, -56043, -533830, -424 
1718959521298.00, -56940, -535045, -408 
1718959521321.00, -56430, -536282, -409 
1718959521341.00, -56077, -537495, -402 
1718959521363.00, -55479, -538718, -392 
1718959521384.00, -54649, -539921, -393 
1718959521406.00, -54378, -541106, -390 
1718959521430.00, -53935, -542289, -408 
1718959521450.00, -54760, -543458, -428 
1718959521471.00, -56625, -544641, -427 
1718959521492.00, -57480, -545869, -439 
1718959521514.00, -59058, -547109, -438 
1718959521537.00, -59519, -548388, -450 
1718959521557.00, -60714, -549688, -443 
1718959521579.00, -60963, -551002, -434 
1718959521600.00, -60525, -552327, -446 
1718959521622.00, -60911, -553633, -440 
1718959521644.00, -60983, -554953, -424 
1718959521666.00, -60013, -556282, -441 
1718959521687.00, -60373, -557581, -463 
1718959521709.00, -62010, -558894, -460 
1718959521731.00, -62699, -560232, -438 
1718959521754.00, -61915, -561597, -448 
1718959521773.00, -62003, -562933, -468 
1718959521795.00, -63228, -564278, -443 
1718959521817.00, -62531, -565654, -462 
1718959521839.00, -63255, -567011, -475 
1718959521863.00, -64593, -568384, -486 
1718959521882.00, -65949, -569780, -474 
1718959521903.00, -66139, -571200, -467 
1718959521925.00, -65699, -572637, -474 
1718959521946.00, -65792, -574063, -453 
1718959521970.00, -64781, -575494, -441 
1718959521990.00, -63431, -576885, -437 
1718959522011.00, -62220, -578261, -436 
1718959522033.00, -61461, -579605, -428 
1718959522055.00, -60685, -580935, -407 
1718959522077.00, -58839, -582258, -420 
1718959522098.00, -58572, -583535, -433 
1718959522120.00, -59065, -584802, -408 
1718959522141.00, -57973, -586082, -396 
1718959522163.00, -56564, -587337, -420 
1718959522184.00, -57248, -588566, -417 
1718959522207.00, -57496, -589800, -394 
1718959522228.00, -56249, -591046, -369 
1718959522250.00, -53995, -592264, -360 
1718959522271.00, -52275, -593430, -344 
1718959522293.00, -29630, -594557, -326 
1718959522315.00, -15909, -595222, -310 
1718959522336.00, -7555, -595582, -289 
1718959522357.00, -2708, -595753, -209 
1718959522379.00, 0, -595812, -195 
1718959522401.00, 1220, -595820, -161 
1718959522422.00, 867, -595799, -62 
1718959522444.00, 640, -595775, 55 
1718959522465.00, 4196, -595755, 160 
1718959522486.00, 12158, -595652, 344 
1718959522509.00, 28038, -595393, 371 
1718959522530.00, 39118, -594793, 509 
1718959522552.00, 53882, -593950, 559 
1718959522574.00, 65800, -592788, 628 
1718959522595.00, 77107, -591358, 663 
1718959522617.00, 85818, -589690, 674 
1718959522638.00, 91483, -587835, 682 
1718959522659.00, 95105, -585852, 693 
1718959522681.00, 94698, -583794, 684 
1718959522703.00, 94650, -581745, 699 
1718959522725.00, 94714, -579690, 720 
1718959522747.00, 94623, -577632, 723 
1718959522768.00, 94744, -575594, 746 
1718959522790.00, 94618, -573534, 759 
1718959522811.00, 94641, -571486, 766 
1718959522833.00, 94806, -569440, 784 
1718959522854.00, 94646, -567387, 794 
1718959522876.00, 94604, -565334, 810 
1718959522898.00, 94662, -563284, 826 
1718959522919.00, 94572, -561232, 842 
1718959522941.00, 94698, -559184, 858 
1718959522963.00, 94622, -557131, 866 
1718959522984.00, 94694, -555083, 882 
1718959523006.00, 94563, -553035, 900 
1718959523028.00, 94468, -550981, 891 
1718959523050.00, 94656, -548930, 911 
1718959523073.00, 94664, -546877, 928 
1718959523092.00, 94766, -544829, 935 
1718959523114.00, 94632, -542783, 942 
1718959523136.00, 94689, -540725, 941 
1718959523157.00, 94667, -538681, 935 
1718959523179.00, 94740, -536623, 952 
1718959523201.00, 94532, -534581, 952 
1718959523222.00, 94434, -532526, 967 
1718959523244.00, 94450, -530476, 965 
1718959523266.00, 94496, -528419, 974 
1718959523291.00, 94562, -526382, 974 
1718959523310.00, 94422, -524332, 958 
1718959523330.00, 94472, -522280, 940 
1718959523352.00, 94484, -520238, 928 
1718959523374.00, 94662, -518185, 893 
1718959523400.00, 94688, -516139, 886 
1718959523417.00, 94526, -514090, 865 
1718959523439.00, 94635, -512035, 865 
1718959523460.00, 94719, -509992, 886 
1718959523482.00, 94616, -507932, 888 
1718959523505.00, 94612, -505889, 888 
1718959523525.00, 94624, -503830, 903 
1718959523547.00, 94623, -501778, 896 
1718959523568.00, 94590, -499723, 905 
1718959523590.00, 94644, -497678, 892 
1718959523611.00, 94753, -495624, 899 
1718959523633.00, 94580, -493585, 899 
1718959523655.00, 94456, -491525, 884 
1718959523677.00, 94473, -489475, 882 
1718959523698.00, 94649, -487428, 877 
1718959523723.00, 94633, -485379, 872 
1718959523741.00, 94699, -483328, 881 
1718959523763.00, 94580, -481279, 871 
1718959523784.00, 94801, -479232, 883 
1718959523807.00, 94563, -477183, 897 
1718959523829.00, 94632, -475120, 906 
1718959523850.00, 94513, -473077, 922 
1718959523871.00, 94459, -471027, 915 
1718959523893.00, 94435, -468977, 913 
1718959523914.00, 94577, -466930, 911 
1718959523940.00, 94526, -464883, 887 
1718959523958.00, 94647, -462832, 876 
1718959523979.00, 94547, -460792, 851 
1718959524001.00, 94614, -458734, 824 
1718959524023.00, 94610, -456692, 815 
1718959524045.00, 94482, -454640, 787 
1718959524066.00, 94516, -452588, 771 
1718959524087.00, 94577, -450541, 769 
1718959524109.00, 94568, -448497, 725 
1718959524131.00, 94591, -446448, 692 
1718959524152.00, 94654, -444404, 667 
1718959524174.00, 94006, -442349, 621 
1718959524196.00, 90891, -440323, 611 
1718959524218.00, 88480, -438351, 577 
1718959524239.00, 85046, -436437, 536 
1718959524260.00, 80461, -434597, 500 
1718959524282.00, 75443, -432853, 444 
1718959524304.00, 69053, -431226, 403 
1718959524326.00, 38729, -429736, 330 
1718959524347.00, 20829, -428887, 348 
1718959524369.00, 10199, -428418, 346 
1718959524390.00, 3875, -428198, 336 
1718959524412.00, 0, -428111, 332 
1718959524433.00, -1848, -428104, 289 
1718959524455.00, -1169, -428140, 195 
1718959524475.00, -876, -428176, 55 
1718959524497.00, -809, -428212, -89 
1718959524519.00, -5562, -428240, -248 
1718959524540.00, -18561, -428365, -270 
1718959524562.00, -27481, -428767, -554 
1718959524583.00, -49978, -429354, -622 
1718959524606.00, -67183, -430411, -685 
1718959524627.00, -80807, -431874, -735 
1718959524649.00, -88631, -433625, -756 
1718959524670.00, -93227, -435554, -755 
1718959524692.00, -94873, -437577, -766 
1718959524718.00, -94526, -439629, -787 
1718959524735.00, -94784, -441686, -800 
1718959524756.00, -94568, -443729, -778 
1718959524778.00, -94578, -445783, -776 
1718959524800.00, -94648, -447831, -781 
1718959524822.00, -94606, -449874, -783 
1718959524843.00, -94723, -451935, -779 
1718959524865.00, -94666, -453982, -774 
1718959524886.00, -94487, -456028, -777 
1718959524908.00, -94619, -458085, -775 
1718959524930.00, -94593, -460128, -761 
1718959524952.00, -94741, -462178, -760 
1718959524973.00, -94633, -464226, -756 
1718959524994.00, -94584, -466274, -763 
1718959525016.00, -94681, -468335, -762 
1718959525042.00, -94633, -470386, -738 
1718959525060.00, -94624, -472423, -724 
1718959525081.00, -94614, -474478, -704 
1718959525103.00, -94530, -476530, -682 
1718959525125.00, -94695, -478577, -682 
1718959525147.00, -94531, -480623, -657 
1718959525168.00, -94683, -482664, -639 
1718959525189.00, -94346, -484729, -637 
1718959525211.00, -94025, -486770, -619 
1718959525233.00, -92534, -488799, -617 
1718959525258.00, -91593, -490816, -602 
1718959525276.00, -90238, -492800, -576 
1718959525298.00, -88130, -494751, -572 
1718959525319.00, -86279, -496647, -543 
1718959525341.00, -83272, -498508, -533 
1718959525364.00, -80840, -500323, -526 
1718959525384.00, -78900, -502073, -508 
1718959525406.00, -76720, -503788, -501 
1718959525427.00, -75036, -505439, -473 
1718959525449.00, -72396, -507071, -486 
1718959525472.00, -71415, -508630, -465 
1718959525492.00, -69576, -510186, -462 
1718959525514.00, -68113, -511687, -440 
1718959525536.00, -66062, -513167, -438 
1718959525557.00, -65002, -514586, -420 
1718959525580.00, -62973, -515998, -402 
1718959525601.00, -60690, -517364, -391 
1718959525622.00, -58812, -518675, -386 
1718959525644.00, -57120, -519950, -368 
1718959525665.00, -55167, -521176, -354 
1718959525687.00, -52997, -522377, -359 
1718959525709.00, -52066, -523534, -357 
1718959525730.00, -51508, -524655, -347 
1718959525752.00, -50592, -525776, -350 
1718959525774.00, -50249, -526870, -360 
1718959525795.00, -50528, -527952, -359 
1718959525817.00, -50604, -529053, -369 
1718959525839.00, -51303, -530148, -377 
1718959525860.00, -52256, -531251, -375 
1718959525882.00, -52662, -532391, -383 
1718959525903.00, -53384, -533536, -396 
1718959525925.00, -54472, -534691, -398 
1718959525947.00, -55282, -535876, -404 
1718959525969.00, -56163, -537071, -406 
1718959525990.00, -56835, -538282, -410 
1718959526012.00, -57362, -539516, -426 
1718959526033.00, -58722, -540760, -435 
1718959526055.00, -60018, -542036, -427 
1718959526076.00, -60274, -543336, -432 
1718959526098.00, -60789, -544639, -431 
1718959526120.00, -61096, -545957, -446 
1718959526141.00, -62020, -547271, -444 
1718959526162.00, -62569, -548625, -451 
1718959526184.00, -63124, -549983, -470 
1718959526206.00, -64550, -551350, -471 
1718959526228.00, -65542, -552758, -482 
1718959526249.00, -67017, -554171, -475 
1718959526271.00, -67115, -555618, -486 
1718959526293.00, -67894, -557081, -478 
1718959526315.00, -67937, -558552, -486 
1718959526336.00, -68464, -560023, -491 
1718959526358.00, -69029, -561503, -497 
1718959526379.00, -69708, -562995, -500 
1718959526401.00, -70273, -564505, -501 
1718959526422.00, -70735, -566039, -521 
1718959526444.00, -72106, -567561, -512 
1718959526466.00, -72298, -569134, -530 
1718959526488.00, -73626, -570693, -543 
1718959526509.00, -75058, -572289, -568 
1718959526531.00, -77591, -573928, -561 
1718959526553.00, -78503, -575609, -586 
1718959526574.00, -80662, -577305, -585 
1718959526596.00, -81908, -579046, -596 
1718959526618.00, -83209, -580823, -586 
1718959526639.00, -83266, -582631, -582 
1718959526661.00, -83112, -584433, -554 
1718959526682.00, -81196, -586229, -546 
1718959526704.00, -79781, -587982, -509 
1718959526726.00, -76678, -589711, -483 
1718959526748.00, -73198, -591368, -459 
1718959526769.00, -69482, -592947, -427 
1718959526790.00, -39747, -594445, -391 
1718959526812.00, -22091, -595326, -392 
1718959526834.00, -11312, -595820, -361 
1718959526855.00, -5113, -596074, -331 
1718959526877.00, -1499, -596191, -351 
1718959526898.00, 71, -596223, -325 
1718959526920.00, 1289, -596222, -271 
1718959526942.00, 2197, -596201, -195 
1718959526963.00, 2837, -596149, -89 
1718959526984.00, 3180, -596081, 48 
1718959527006.00, 6155, -596002, 166 
1718959527028.00, 14905, -595857, 314 
1718959527050.00, 28932, -595533, 413 
1718959527072.00, 43438, -594909, 542 
1718959527093.00, 59722, -593980, 593 
1718959527115.00, 72417, -592690, 650 
1718959527136.00, 83329, -591115, 699 
1718959527158.00, 91187, -589306, 739 
1718959527179.00, 94988, -587324, 764 
1718959527200.00, 94845, -585273, 785 
1718959527223.00, 94651, -583215, 794 
1718959527244.00, 94613, -581161, 799 
1718959527266.00, 94691, -579108, 838 
1718959527288.00, 94820, -577051, 859 
1718959527309.00, 94654, -575006, 896 
1718959527333.00, 94709, -572950, 911 
1718959527352.00, 94673, -570898, 925 
1718959527373.00, 94634, -568849, 950 
1718959527396.00, 94625, -566795, 936 
1718959527417.00, 94535, -564742, 941 
1718959527443.00, 94654, -562698, 964 
1718959527461.00, 94855, -560640, 963 
1718959527482.00, 94722, -558592, 981 
1718959527504.00, 94604, -556544, 982 
1718959527525.00, 94618, -554493, 981 
1718959527548.00, 94638, -552442, 1011 
1718959527569.00, 94737, -550380, 1010 
1718959527591.00, 94524, -548318, 1004 
1718959527613.00, 94672, -546264, 1012 
1718959527634.00, 94619, -544201, 994 
1718959527657.00, 94582, -542153, 991 
1718959527678.00, 94471, -540098, 988 
1718959527699.00, 94588, -538055, 975 
1718959527721.00, 94642, -536002, 979 
1718959527742.00, 94647, -533952, 972 
1718959527768.00, 94631, -531900, 957 
1718959527786.00, 94621, -529859, 957 
1718959527807.00, 94553, -527802, 936 
1718959527829.00, 94567, -525755, 921 
1718959527851.00, 94725, -523709, 901 
1718959527872.00, 94583, -521656, 870 
1718959527894.00, 94422, -519615, 846 
1718959527915.00, 94588, -517563, 802 
1718959527937.00, 94618, -515507, 788 
1718959527959.00, 94558, -513465, 795 
1718959527981.00, 94531, -511412, 789 
1718959528002.00, 94504, -509360, 809 
1718959528024.00, 94551, -507314, 816 
1718959528045.00, 94641, -505261, 829 
1718959528067.00, 94730, -503212, 841 
1718959528089.00, 94605, -501157, 835 
1718959528111.00, 94502, -499101, 839 
1718959528132.00, 94703, -497060, 839 
1718959528154.00, 94513, -495007, 828 
1718959528175.00, 94529, -492955, 834 
1718959528197.00, 94477, -490906, 831 
1718959528219.00, 94574, -488858, 815 
1718959528240.00, 94525, -486812, 803 
1718959528262.00, 94560, -484763, 795 
1718959528283.00, 94500, -482708, 789 
1718959528304.00, 94453, -480665, 781 
1718959528327.00, 94496, -478612, 764 
1718959528348.00, 94516, -476565, 780 
1718959528369.00, 94549, -474517, 775 
1718959528391.00, 94516, -472467, 760 
1718959528413.00, 94600, -470420, 786 
1718959528435.00, 94525, -468367, 788 
1718959528456.00, 94693, -466319, 783 
1718959528478.00, 94710, -464271, 768 
1718959528500.00, 94653, -462212, 759 
1718959528521.00, 94637, -460167, 750 
1718959528543.00, 94541, -458125, 731 
1718959528564.00, 94518, -456074, 742 
1718959528586.00, 94519, -454023, 752 
1718959528608.00, 94468, -451968, 729 
1718959528629.00, 94538, -449924, 712 
1718959528656.00, 94419, -447879, 708 
1718959528673.00, 94526, -445830, 666 
1718959528694.00, 93956, -443783, 658 
1718959528716.00, 93170, -441747, 620 
1718959528737.00, 90549, -439735, 613 
1718959528762.00, 88324, -437773, 620 
1718959528781.00, 87485, -435856, 572 
1718959528802.00, 84025, -433964, 564 
1718959528824.00, 81334, -432145, 518 
1718959528846.00, 45856, -430390, 451 
1718959528871.00, 24562, -429390, 429 
1718959528890.00, 12048, -428838, 376 
1718959528911.00, 4839, -428566, 313 
1718959528932.00, 440, -428460, 257 
1718959528954.00, -1510, -428449, 189 
1718959528975.00, -2958, -428482, 61 
1718959528996.00, -3898, -428562, -70 
1718959529018.00, -8476, -428657, -210 
1718959529040.00, -20216, -428840, -289 
1718959529062.00, -31253, -429268, -442 
1718959529084.00, -47133, -429942, -522 
1718959529105.00, -61242, -430944, -571 
1718959529126.00, -72643, -432272, -610 
1718959529148.00, -81499, -433853, -650 
1718959529169.00, -89045, -435634, -671 
1718959529197.00, -94710, -437565, -695 
1718959529213.00, -94687, -439618, -714 
1718959529234.00, -94762, -441672, -736 
1718959529256.00, -94651, -443724, -760 
1718959529277.00, -94601, -445778, -789 
1718959529305.00, -94750, -447824, -806 
1718959529321.00, -94684, -449870, -828 
1718959529342.00, -94758, -451931, -859 
1718959529364.00, -94675, -453985, -876 
1718959529386.00, -94588, -456030, -886 
1718959529409.00, -94711, -458090, -908 
1718959529429.00, -94550, -460133, -929 
1718959529451.00, -94655, -462183, -931 
1718959529472.00, -94646, -464231, -926 
1718959529494.00, -94558, -466274, -936 
1718959529518.00, -94589, -468333, -924 
1718959529537.00, -94588, -470385, -891 
1718959529558.00, -94604, -472429, -890 
1718959529581.00, -94567, -474479, -889 
1718959529602.00, -94567, -476533, -862 
1718959529624.00, -94659, -478579, -831 
1718959529645.00, -94609, -480628, -820 
1718959529666.00, -94623, -482669, -797 
1718959529688.00, -94492, -484727, -781 
1718959529710.00, -94679, -486777, -741 
1718959529731.00, -94375, -488819, -733 
1718959529753.00, -94619, -490875, -693 
1718959529775.00, -94643, -492919, -646 
1718959529797.00, -94641, -494963, -618 
1718959529818.00, -94576, -497018, -587 
1718959529840.00, -92620, -499058, -556 
1718959529861.00, -89357, -501072, -548 
1718959529883.00, -87063, -503012, -506 
1718959529904.00, -82884, -504891, -494 
1718959529926.00, -79704, -506694, -468 
1718959529948.00, -76275, -508418, -451 
1718959529970.00, -73153, -510077, -448 
1718959529991.00, -71038, -511657, -430 
1718959530013.00, -68627, -513193, -427 
1718959530035.00, -67048, -514673, -418 
1718959530056.00, -65605, -516135, -419 
1718959530078.00, -64555, -517555, -412 
1718959530100.00, -63338, -518953, -397 
1718959530122.00, -61912, -520335, -408 
1718959530143.00, -61634, -521666, -406 
1718959530165.00, -61340, -523012, -417 
1718959530186.00, -61814, -524339, -429 
1718959530207.00, -62819, -525680, -450 
1718959530230.00, -64496, -527046, -468 
1718959530251.00, -66612, -528441, -472 
1718959530272.00, -68083, -529889, -497 
1718959530295.00, -70405, -531359, -500 
1718959530316.00, -71821, -532895, -516 
1718959530338.00, -73670, -534451, -504 
1718959530360.00, -73920, -536054, -496 
1718959530381.00, -73662, -537650, -491 
1718959530403.00, -73153, -539247, -499 
1718959530424.00, -73306, -540830, -504 
1718959530446.00, -73551, -542424, -497 
1718959530468.00, -73248, -544013, -487 
1718959530489.00, -72367, -545603, -479 
1718959530510.00, -71306, -547165, -477 
1718959530532.00, -70653, -548721, -466 
1718959530554.00, -69602, -550255, -454 
1718959530576.00, -68432, -551763, -445 
1718959530597.00, -66841, -553241, -453 
1718959530619.00, -66505, -554686, -425 
1718959530641.00, -64622, -556127, -410 
1718959530662.00, -62610, -557523, -408 
1718959530683.00, -61047, -558883, -422 
1718959530706.00, -60919, -560202, -418 
1718959530727.00, -60825, -561520, -395 
1718959530749.00, -59224, -562836, -399 
1718959530771.00, -58617, -564116, -418 
1718959530792.00, -59201, -565394, -429 
1718959530814.00, -60228, -566675, -401 
1718959530836.00, -59229, -567986, -406 
1718959530857.00, -58930, -569274, -438 
1718959530879.00, -60612, -570542, -453 
1718959530900.00, -62676, -571853, -461 
1718959530922.00, -63956, -573212, -466 
1718959530944.00, -65111, -574606, -463 
1718959530965.00, -65820, -576023, -449 
1718959530987.00, -65231, -577435, -422 
1718959531009.00, -63272, -578849, -425 
1718959531030.00, -62455, -580215, -429 
1718959531055.00, -62110, -581573, -432 
1718959531072.00, -62035, -582922, -425 
1718959531095.00, -61701, -584261, -423 
1718959531117.00, -61092, -585595, -422 
1718959531138.00, -60564, -586912, -393 
1718959531161.00, -58663, -588225, -368 
1718959531181.00, -55945, -589491, -341 
1718959531202.00, -52594, -590703, -295 
1718959531224.00, -48061, -591844, -248 
1718959531247.00, -42224, -592877, -204 
1718959531268.00, -24197, -593797, -147 
1718959531290.00, -12811, -594334, -78 
1718959531311.00, -6060, -594622, 14 
1718959531332.00, -1393, -594748, 142 
1718959531354.00, 8424, -594780, 230 
1718959531376.00, 19519, -594616, 337 
1718959531397.00, 33273, -594199, 364 
1718959531419.00, 42711, -593486, 578 
1718959531440.00, 61119, -592565, 607 
1718959531462.00, 73943, -591247, 654 
1718959531484.00, 84073, -589637, 718 
1718959531505.00, 91430, -587810, 780 
1718959531526.00, 94931, -585827, 802 
1718959531549.00, 94683, -583767, 825 
1718959531571.00, 94711, -581713, 847 
1718959531592.00, 94703, -579663, 864 
1718959531614.00, 94585, -577612, 875 
1718959531635.00, 94753, -575562, 909 
1718959531657.00, 94557, -573503, 929 
1718959531679.00, 94603, -571462, 945 
1718959531700.00, 94788, -569411, 954 
1718959531722.00, 94576, -567356, 942 
1718959531744.00, 94583, -565310, 962 
1718959531765.00, 94527, -563252, 962 
1718959531787.00, 94550, -561203, 947 
1718959531808.00, 94608, -559160, 959 
1718959531830.00, 94682, -557107, 945 
1718959531851.00, 94751, -555061, 953 
1718959531873.00, 94532, -553012, 956 
1718959531895.00, 94592, -550958, 942 
1718959531917.00, 94741, -548905, 946 
1718959531938.00, 94533, -546856, 949 
1718959531959.00, 94725, -544803, 935 
1718959531982.00, 94604, -542759, 938 
1718959532003.00, 94663, -540706, 932 
1718959532025.00, 94602, -538662, 928 
1718959532047.00, 94754, -536611, 925 
1718959532068.00, 94632, -534556, 921 
1718959532090.00, 94647, -532505, 921 
1718959532111.00, 94471, -530457, 924 
1718959532133.00, 94561, -528405, 899 
1718959532154.00, 94632, -526363, 900 
1718959532176.00, 94556, -524307, 894 
1718959532197.00, 94709, -522261, 903 
1718959532219.00, 94567, -520204, 906 
1718959532241.00, 94764, -518155, 906 
1718959532263.00, 94705, -516099, 915 
1718959532284.00, 94595, -514053, 918 
1718959532306.00, 94607, -512002, 906 
1718959532328.00, 94629, -509959, 903 
1718959532349.00, 94623, -507899, 894 
1718959532371.00, 94675, -505850, 898 
1718959532393.00, 94614, -503805, 887 
1718959532414.00, 94596, -501753, 872 
1718959532435.00, 94602, -499700, 878 
1718959532457.00, 94607, -497648, 876 
1718959532478.00, 94656, -495594, 860 
1718959532500.00, 94601, -493557, 861 
1718959532522.00, 94525, -491496, 854 
1718959532544.00, 94727, -489444, 861 
1718959532566.00, 94555, -487399, 867 
1718959532588.00, 94595, -485343, 839 
1718959532609.00, 94709, -483295, 822 
1718959532631.00, 94567, -481247, 784 
1718959532652.00, 94600, -479201, 764 
1718959532674.00, 94546, -477151, 747 
1718959532695.00, 94693, -475102, 710 
1718959532717.00, 94682, -473055, 695 
1718959532739.00, 94489, -471008, 679 
1718959532760.00, 94595, -468954, 665 
1718959532782.00, 94688, -466902, 671 
1718959532804.00, 94693, -464855, 663 
1718959532825.00, 94746, -462801, 664 
1718959532847.00, 94625, -460752, 678 
1718959532868.00, 94581, -458704, 671 
1718959532890.00, 94709, -456661, 674 
1718959532912.00, 94527, -454610, 680 
1718959532933.00, 94692, -452555, 684 
1718959532955.00, 94866, -450501, 691 
1718959532977.00, 94762, -448455, 686 
1718959532998.00, 94660, -446403, 701 
1718959533020.00, 94610, -444359, 701 
1718959533041.00, 94451, -442308, 670 
1718959533063.00, 94806, -440256, 667 
1718959533085.00, 94596, -438210, 641 
1718959533106.00, 94729, -436164, 593 
1718959533128.00, 92308, -434113, 556 
1718959533150.00, 88515, -432116, 501 
1718959533171.00, 52524, -430212, 447 
1718959533193.00, 30829, -429070, 420 
1718959533214.00, 18429, -428383, 355 
1718959533238.00, 10932, -427982, 266 
1718959533258.00, 6433, -427748, 143 
1718959533279.00, 3590, -427623, 0 
1718959533301.00, 1960, -427553, -147 
1718959533322.00, -7473, -427520, -290 
1718959533345.00, -21444, -427672, -475 
1718959533366.00, -41482, -428133, -505 
1718959533387.00, -55051, -429013, -618 
1718959533409.00, -69814, -430199, -667 
1718959533431.00, -81527, -431724, -718 
1718959533452.00, -88868, -433491, -732 
1718959533474.00, -93261, -435430, -743 
1718959533496.00, -94791, -437452, -745 
1718959533517.00, -94659, -439505, -775 
1718959533539.00, -94550, -441558, -774 
1718959533560.00, -94708, -443607, -773 
1718959533582.00, -94703, -445655, -783 
1718959533604.00, -94662, -447703, -777 
1718959533625.00, -94542, -449757, -789 
1718959533646.00, -94677, -451810, -804 
1718959533669.00, -94717, -453865, -802 
1718959533690.00, -94661, -455911, -803 
1718959533712.00, -94582, -457963, -813 
1718959533734.00, -94543, -460012, -805 
1718959533754.00, -94498, -462058, -786 
1718959533777.00, -94749, -464113, -789 
1718959533798.00, -94557, -466156, -785 
1718959533820.00, -94608, -468222, -755 
1718959533842.00, -94657, -470267, -726 
1718959533863.00, -94538, -472306, -724 
1718959533885.00, -94577, -474361, -710 
1718959533906.00, -94628, -476412, -681 
1718959533928.00, -94690, -478464, -670 
1718959533950.00, -94534, -480512, -642 
1718959533971.00, -94425, -482549, -629 
1718959533993.00, -93460, -484609, -610 
1718959534014.00, -91897, -486639, -581 
1718959534036.00, -89159, -488621, -585 
1718959534058.00, -87582, -490552, -565 
1718959534079.00, -85641, -492444, -542 
1718959534101.00, -82775, -494300, -542 
1718959534123.00, -81165, -496088, -519 
1718959534145.00, -78653, -497844, -522 
1718959534166.00, -77412, -499552, -492 
1718959534188.00, -74765, -501234, -490 
1718959534209.00, -73018, -502855, -463 
1718959534230.00, -70431, -504435, -454 
1718959534252.00, -68289, -505959, -428 
1718959534274.00, -65485, -507443, -432 
1718959534296.00, -64122, -508862, -423 
1718959534318.00, -62664, -510260, -432 
1718959534339.00, -62449, -511609, -419 
1718959534361.00, -61537, -512959, -420 
1718959534383.00, -61038, -514284, -419 
1718959534404.00, -60494, -515612, -416 
1718959534426.00, -60047, -516932, -408 
1718959534448.00, -59267, -518230, -403 
1718959534469.00, -58714, -519520, -417 
1718959534490.00, -59081, -520783, -428 
1718959534512.00, -59827, -522061, -429 
1718959534534.00, -60313, -523364, -429 
1718959534556.00, -60644, -524669, -423 
1718959534577.00, -60672, -525988, -441 
1718959534599.00, -61600, -527300, -464 
1718959534621.00, -63474, -528637, -470 
1718959534642.00, -65076, -530012, -492 
1718959534667.00, -67152, -531421, -509 
1718959534685.00, -69540, -532890, -530 
1718959534707.00, -71994, -534393, -524 
1718959534729.00, -73286, -535963, -531 
1718959534750.00, -74451, -537538, -524 
1718959534772.00, -74597, -539153, -543 
1718959534793.00, -75789, -540774, -537 
1718959534815.00, -76175, -542416, -503 
1718959534837.00, -74387, -544060, -486 
1718959534859.00, -72110, -545674, -506 
1718959534881.00, -72131, -547227, -502 
1718959534902.00, -71885, -548800, -467 
1718959534923.00, -69722, -550362, -479 
1718959534945.00, -68952, -551871, -522 
1718959534967.00, -71415, -553365, -519 
1718959534989.00, -72462, -554898, -492 
1718959535009.00, -71488, -556471, -520 
1718959535032.00, -72432, -558017, -515 
1718959535054.00, -72613, -559591, -499 
1718959535075.00, -71921, -561160, -493 
1718959535096.00, -71048, -562720, -541 
1718959535118.00, -73433, -564254, -518 
1718959535139.00, -73327, -565855, -502 
1718959535162.00, -72502, -567443, -505 
1718959535183.00, -72104, -569019, -533 
1718959535207.00, -73424, -570570, -498 
1718959535226.00, -72221, -572163, -487 
1718959535247.00, -70860, -573732, -500 
1718959535270.00, -70792, -575271, -521 
1718959535291.00, -72104, -576797, -495 
1718959535315.00, -71245, -578354, -499 
1718959535335.00, -70934, -579889, -518 
1718959535356.00, -71815, -581436, -505 
1718959535378.00, -71667, -582995, -496 
1718959535399.00, -70811, -584547, -519 
1718959535421.00, -71697, -586081, -488 
1718959535442.00, -70559, -587627, -441 
1718959535464.00, -66941, -589159, -453 
1718959535486.00, -65459, -590602, -410 
1718959535507.00, -62084, -592024, -377 
1718959535529.00, -58063, -593360, -373 
1718959535551.00, -32621, -594611, -358 
1718959535572.00, -17826, -595355, -341 
1718959535594.00, -8564, -595755, -311 
1718959535616.00, -3421, -595950, -260 
1718959535637.00, -315, -596029, -239 
1718959535659.00, 698, -596042, -192 
1718959535680.00, 1657, -596032, -118 
1718959535702.00, 2224, -596002, -119 
1718959535724.00, 2710, -595951, -74 
1718959535744.00, 3034, -595889, -4 
1718959535766.00, 3223, -595822, 67 
1718959535788.00, 7241, -595744, 172 
1718959535810.00, 15959, -595583, 255 
1718959535831.00, 25881, -595241, 320 
1718959535853.00, 35643, -594683, 350 
1718959535875.00, 43236, -593915, 355 
1718959535896.00, 48116, -592972, 545 
1718959535918.00, 62447, -591936, 510 
1718959535939.00, 68934, -590576, 540 
1718959535961.00, 74552, -589091, 609 
1718959535983.00, 81697, -587473, 586 
1718959536004.00, 84765, -585699, 609 
1718959536026.00, 87692, -583865, 621 
1718959536048.00, 90182, -581967, 640 
1718959536069.00, 92792, -580006, 654 
1718959536091.00, 94845, -578001, 673 
1718959536113.00, 94866, -575951, 700 
1718959536134.00, 94619, -573893, 706 
1718959536155.00, 94605, -571844, 729 
1718959536177.00, 94749, -569795, 744 
1718959536199.00, 94572, -567740, 756 
1718959536221.00, 94845, -565694, 781 
1718959536242.00, 94596, -563635, 803 
1718959536264.00, 94680, -561584, 814 
1718959536286.00, 94672, -559540, 833 
1718959536306.00, 94636, -557486, 853 
1718959536328.00, 94694, -555439, 857 
1718959536350.00, 94540, -553387, 862 
1718959536372.00, 94639, -551340, 864 
1718959536393.00, 94612, -549289, 878 
1718959536415.00, 94575, -547237, 865 
1718959536437.00, 94544, -545186, 859 
1718959536459.00, 94792, -543136, 863 
1718959536480.00, 94501, -541086, 853 
1718959536501.00, 94476, -539045, 859 
1718959536523.00, 94542, -536994, 850 
1718959536546.00, 94493, -534944, 842 
1718959536567.00, 94549, -532893, 844 
1718959536588.00, 94540, -530847, 828 
1718959536609.00, 94454, -528794, 824 
1718959536636.00, 94606, -526745, 827 
1718959536653.00, 94705, -524693, 818 
1718959536675.00, 94850, -522650, 820 
1718959536697.00, 94570, -520598, 806 
1718959536718.00, 94578, -518548, 794 
1718959536742.00, 94726, -516498, 785 
1718959536761.00, 94579, -514443, 763 
1718959536783.00, 94624, -512399, 759 
1718959536805.00, 94644, -510349, 756 
1718959536826.00, 94656, -508294, 742 
1718959536848.00, 94546, -506246, 745 
1718959536870.00, 94601, -504190, 752 
1718959536891.00, 94619, -502142, 759 
1718959536913.00, 94613, -500086, 763 
1718959536935.00, 94384, -498033, 767 
1718959536955.00, 94510, -495982, 787 
1718959536978.00, 94546, -493943, 788 
1718959536999.00, 94538, -491887, 782 
1718959537021.00, 94533, -489836, 801 
1718959537043.00, 94497, -487782, 802 
1718959537071.00, 94659, -485742, 811 
1718959537086.00, 94687, -483688, 824 
1718959537107.00, 94531, -481632, 824 
1718959537129.00, 94530, -479581, 815 
1718959537151.00, 94476, -477540, 804 
1718959537174.00, 94530, -475480, 789 
1718959537194.00, 94613, -473442, 793 
1718959537216.00, 94704, -471384, 791 
1718959537238.00, 94604, -469336, 789 
1718959537259.00, 94654, -467279, 801 
1718959537281.00, 94631, -465232, 793 
1718959537302.00, 94690, -463175, 808 
1718959537324.00, 94530, -461132, 808 
1718959537346.00, 94546, -459079, 797 
1718959537368.00, 94631, -457036, 793 
1718959537394.00, 94510, -454974, 768 
1718959537410.00, 94597, -452935, 760 
1718959537432.00, 94745, -450885, 763 
1718959537454.00, 94565, -448832, 733 
1718959537476.00, 94597, -446783, 724 
1718959537497.00, 94564, -444739, 702 
1718959537519.00, 94722, -442683, 664 
1718959537541.00, 94001, -440640, 650 
1718959537562.00, 92532, -438605, 609 
1718959537584.00, 89358, -436603, 576 
1718959537605.00, 85361, -434667, 547 
1718959537627.00, 81429, -432814, 492 
1718959537648.00, 75616, -431056, 449 
1718959537670.00, 42558, -429428, 381 
1718959537692.00, 22479, -428504, 354 
1718959537714.00, 10993, -427996, 289 
1718959537735.00, 4219, -427753, 196 
1718959537757.00, 64, -427663, 131 
1718959537778.00, -1735, -427658, 58 
1718959537800.00, -3225, -427700, -51 
1718959537821.00, -6950, -427773, -148 
1718959537842.00, -14944, -427933, -251 
1718959537865.00, -26002, -428252, -279 
1718959537886.00, -34268, -428818, -482 
1718959537907.00, -51409, -429550, -516 
1718959537929.00, -63248, -430642, -557 
1718959537951.00, -72877, -432028, -605 
1718959537972.00, -81323, -433604, -616 
1718959537994.00, -87071, -435374, -638 
1718959538016.00, -91589, -437265, -674 
1718959538037.00, -94759, -439248, -681 
1718959538059.00, -94753, -441301, -667 
1718959538080.00, -94579, -443359, -685 
1718959538102.00, -94665, -445410, -688 
1718959538123.00, -94676, -447450, -682 
1718959538145.00, -94429, -449494, -681 
1718959538172.00, -94659, -451557, -692 
1718959538189.00, -94482, -453613, -711 
1718959538210.00, -94576, -455651, -716 
1718959538232.00, -94701, -457702, -696 
1718959538253.00, -94533, -459760, -696 
1718959538275.00, -94530, -461808, -711 
1718959538297.00, -94718, -463849, -698 
1718959538318.00, -94617, -465897, -694 
1718959538340.00, -94691, -467959, -698 
1718959538362.00, -94601, -470012, -697 
1718959538384.00, -94664, -472055, -701 
1718959538405.00, -94671, -474107, -675 
1718959538427.00, -94584, -476151, -637 
1718959538448.00, -94383, -478207, -621 
1718959538470.00, -94660, -480247, -600 
1718959538492.00, -93412, -482290, -596 
1718959538514.00, -92352, -484324, -582 
1718959538535.00, -90824, -486326, -550 
1718959538556.00, -88189, -488287, -539 
1718959538578.00, -85625, -490191, -521 
1718959538604.00, -82897, -492045, -525 
1718959538622.00, -81382, -493842, -511 
1718959538643.00, -79737, -495603, -486 
1718959538664.00, -77205, -497329, -488 
1718959538686.00, -75701, -498991, -471 
1718959538708.00, -73657, -500639, -466 
1718959538729.00, -72151, -502231, -429 
1718959538752.00, -68961, -503797, -424 
1718959538773.00, -66724, -505280, -406 
1718959538794.00, -64220, -506732, -414 
1718959538819.00, -63499, -508117, -395 
1718959538838.00, -61503, -509493, -381 
1718959538859.00, -59530, -510828, -376 
1718959538880.00, -58086, -512111, -357 
1718959538903.00, -55982, -513370, -352 
1718959538926.00, -54423, -514572, -346 
1718959538946.00, -53020, -515757, -347 
1718959538968.00, -52195, -516913, -344 
1718959538989.00, -51607, -518042, -341 
1718959539011.00, -50840, -519165, -343 
1718959539035.00, -50803, -520267, -341 
1718959539054.00, -50730, -521360, -348 
1718959539076.00, -50805, -522457, -361 
1718959539097.00, -51674, -523567, -367 
1718959539119.00, -52592, -524683, -380 
1718959539141.00, -53836, -525826, -397 
1718959539162.00, -55544, -526998, -413 
1718959539184.00, -57496, -528197, -405 
1718959539206.00, -58061, -529443, -402 
1718959539227.00, -58199, -530693, -373 
1718959539251.00, -56414, -531958, -354 
1718959539271.00, -54273, -533190, -347 
1718959539292.00, -52601, -534364, -335 
1718959539314.00, -50923, -535508, -335 
1718959539336.00, -49939, -536611, -338 
1718959539357.00, -49447, -537688, -335 
1718959539378.00, -48941, -538758, -331 
1718959539399.00, -48272, -539823, -332 
1718959539422.00, -48174, -540870, -333 
1718959539443.00, -47905, -541916, -331 
1718959539465.00, -47899, -542959, -333 
1718959539487.00, -48037, -543990, -330 
1718959539508.00, -47803, -545028, -326 
1718959539530.00, -47203, -546064, -327 
1718959539552.00, -46925, -547083, -321 
1718959539573.00, -46607, -548107, -322 
1718959539595.00, -46294, -549121, -324 
1718959539617.00, -46267, -550130, -324 
1718959539638.00, -46451, -551131, -324 
1718959539659.00, -46681, -552141, -346 
1718959539682.00, -47916, -553150, -375 
1718959539704.00, -50454, -554183, -400 
1718959539725.00, -53211, -555274, -417 
1718959539746.00, -55906, -556432, -415 
1718959539768.00, -57462, -557641, -420 
1718959539790.00, -58662, -558897, -450 
1718959539811.00, -61107, -560164, -475 
1718959539833.00, -64157, -561490, -474 
1718959539855.00, -65777, -562878, -484 
1718959539876.00, -67278, -564298, -482 
1718959539898.00, -68054, -565772, -480 
1718959539920.00, -68463, -567243, -460 
1718959539941.00, -67566, -568729, -455 
1718959539963.00, -66729, -570184, -441 
1718959539985.00, -65165, -571619, -440 
1718959540006.00, -64217, -573038, -439 
1718959540028.00, -63633, -574439, -429 
1718959540050.00, -62729, -575814, -436 
1718959540071.00, -62493, -577166, -431 
1718959540093.00, -62178, -578522, -442 
1718959540114.00, -62603, -579855, -446 
1718959540136.00, -63027, -581223, -440 
1718959540157.00, -63187, -582591, -449 
1718959540180.00, -63488, -583949, -461 
1718959540201.00, -64368, -585333, -476 
1718959540222.00, -65807, -586720, -452 
1718959540244.00, -65309, -588140, -429 
1718959540266.00, -63451, -589552, -414 
1718959540288.00, -61427, -590930, -402 
1718959540309.00, -59426, -592258, -383 
1718959540331.00, -57112, -593547, -357 
1718959540353.00, -32562, -594778, -337 
1718959540374.00, -17935, -595514, -314 
1718959540396.00, -9099, -595916, -282 
1718959540418.00, -4027, -596121, -220 
1718959540438.00, -1083, -596209, -192 
1718959540460.00, 89, -596232, -121 
1718959540482.00, 1166, -596226, 1 
1718959540503.00, 1922, -596197, 146 
1718959540524.00, 11093, -596143, 323 
1718959540547.00, 26976, -595913, 358 
1718959540568.00, 38981, -595347, 383 
1718959540590.00, 47518, -594499, 627 
1718959540611.00, 67236, -593474, 615 
1718959540632.00, 78382, -592033, 642 
1718959540655.00, 86107, -590331, 683 
1718959540677.00, 92828, -588473, 716 
1718959540697.00, 94751, -586458, 732 
1718959540720.00, 94677, -584394, 764 
1718959540741.00, 94577, -582350, 762 
1718959540762.00, 94542, -580292, 769 
1718959540784.00, 94609, -578241, 789 
1718959540806.00, 94612, -576196, 794 
1718959540827.00, 94483, -574140, 808 
1718959540849.00, 94644, -572093, 822 
1718959540871.00, 94746, -570035, 834 
1718959540892.00, 94820, -567987, 841 
1718959540914.00, 94486, -565936, 847 
1718959540936.00, 94515, -563883, 844 
1718959540958.00, 94745, -561837, 850 
1718959540979.00, 94616, -559790, 852 
1718959541001.00, 94584, -557731, 847 
1718959541023.00, 94642, -555695, 857 
1718959541044.00, 94582, -553637, 858 
1718959541066.00, 94583, -551587, 861 
1718959541087.00, 94536, -549542, 863 
1718959541109.00, 94478, -547484, 846 
1718959541131.00, 94576, -545436, 846 
1718959541152.00, 94489, -543393, 849 
1718959541174.00, 94433, -541333, 839 
1718959541195.00, 94486, -539294, 844 
1718959541217.00, 94396, -537241, 835 
1718959541239.00, 94489, -535198, 817 
1718959541261.00, 94540, -533149, 827 
1718959541282.00, 94540, -531102, 793 
1718959541304.00, 94695, -529049, 789 
1718959541325.00, 94471, -527002, 766 
1718959541347.00, 94568, -524951, 735 
1718959541369.00, 94489, -522916, 720 
1718959541390.00, 94605, -520857, 697 
1718959541412.00, 94730, -518812, 693 
1718959541436.00, 94639, -516760, 700 
1718959541455.00, 94583, -514707, 698 
1718959541477.00, 94644, -512659, 711 
1718959541499.00, 94617, -510607, 740 
1718959541520.00, 94665, -508551, 751 
1718959541542.00, 94586, -506511, 769 
1718959541563.00, 94524, -504448, 778 
1718959541585.00, 94687, -502403, 784 
1718959541607.00, 94605, -500356, 801 
1718959541628.00, 94616, -498299, 801 
1718959541650.00, 94804, -496248, 814 
1718959541672.00, 94530, -494208, 814 
1718959541693.00, 94597, -492154, 795 
1718959541715.00, 94535, -490106, 782 
1718959541737.00, 94660, -488053, 773 
1718959541758.00, 94667, -486005, 762 
1718959541779.00, 94449, -483961, 737 
1718959541801.00, 94530, -481906, 709 
1718959541823.00, 94642, -479864, 706 
1718959541845.00, 94567, -477816, 704 
1718959541866.00, 94613, -475760, 701 
1718959541888.00, 94621, -473720, 706 
1718959541910.00, 94607, -471661, 716 
1718959541931.00, 94642, -469607, 737 
1718959541952.00, 94621, -467566, 722 
1718959541974.00, 94693, -465513, 749 
1718959541996.00, 94747, -463457, 784 
1718959542017.00, 94755, -461410, 772 
1718959542039.00, 94670, -459357, 762 
1718959542061.00, 94559, -457314, 780 
1718959542082.00, 94469, -455262, 769 
1718959542104.00, 94760, -453210, 780 
1718959542126.00, 94647, -451164, 774 
1718959542147.00, 94785, -449112, 769 
1718959542168.00, 94712, -447061, 784 
1718959542190.00, 94565, -445009, 749 
1718959542212.00, 94724, -442957, 729 
1718959542233.00, 94680, -440915, 735 
1718959542256.00, 94506, -438861, 676 
1718959542277.00, 94805, -436813, 656 
1718959542299.00, 93498, -434771, 626 
1718959542324.00, 90902, -432744, 579 
1718959542342.00, 86410, -430780, 546 
1718959542364.00, 48970, -428920, 494 
1718959542385.00, 26279, -427858, 519 
1718959542407.00, 13207, -427263, 468 
1718959542433.00, 5298, -426969, 418 
1718959542450.00, 694, -426849, 341 
1718959542471.00, -1446, -426834, 231 
1718959542493.00, -2988, -426870, 91 
1718959542514.00, -4159, -426946, -36 
1718959542541.00, -6794, -427039, -157 
1718959542558.00, -15084, -427191, -269 
1718959542579.00, -27021, -427520, -282 
1718959542600.00, -34860, -428114, -482 
1718959542622.00, -51448, -428865, -513 
1718959542648.00, -63100, -429969, -579 
1718959542666.00, -74143, -431346, -613 
1718959542687.00, -82609, -432948, -637 
1718959542709.00, -89131, -434750, -645 
1718959542730.00, -93172, -436676, -651 
1718959542754.00, -94785, -438704, -656 
1718959542773.00, -94655, -440746, -665 
1718959542795.00, -94878, -442808, -666 
1718959542816.00, -94673, -444860, -667 
1718959542839.00, -94721, -446906, -660 
1718959542861.00, -94697, -448948, -674 
1718959542882.00, -94681, -451012, -677 
1718959542904.00, -94693, -453065, -683 
1718959542926.00, -94689, -455114, -700 
1718959542946.00, -94671, -457159, -715 
1718959542969.00, -94814, -459213, -729 
1718959542990.00, -94701, -461269, -736 
1718959543012.00, -94647, -463314, -744 
1718959543033.00, -94809, -465360, -737 
1718959543055.00, -94504, -467419, -715 
1718959543079.00, -94743, -469463, -697 
1718959543099.00, -94504, -471516, -660 
1718959543120.00, -94858, -473552, -622 
1718959543142.00, -94626, -475612, -605 
1718959543163.00, -93669, -477664, -580 
1718959543185.00, -91556, -479687, -556 
1718959543206.00, -88666, -481661, -570 
1718959543228.00, -87748, -483592, -563 
1718959543250.00, -86697, -485494, -566 
1718959543272.00, -86256, -487382, -556 
1718959543293.00, -85262, -489231, -535 
1718959543315.00, -83242, -491088, -538 
1718959543336.00, -82169, -492890, -509 
1718959543358.00, -79689, -494670, -491 
1718959543379.00, -77338, -496394, -459 
1718959543402.00, -73794, -498059, -455 
1718959543423.00, -71323, -499663, -430 
1718959543445.00, -68335, -501210, -424 
1718959543466.00, -66013, -502691, -395 
1718959543488.00, -63123, -504133, -393 
1718959543510.00, -61292, -505487, -374 
1718959543531.00, -58851, -506821, -373 
1718959543553.00, -57337, -508093, -366 
1718959543574.00, -56004, -509338, -356 
1718959543596.00, -54648, -510559, -356 
1718959543618.00, -53775, -511735, -341 
1718959543639.00, -52378, -512900, -346 
1718959543661.00, -51683, -514032, -353 
1718959543683.00, -51701, -515153, -360 
1718959543704.00, -52260, -516284, -380 
1718959543726.00, -53612, -517416, -393 
1718959543748.00, -55266, -518580, -390 
1718959543769.00, -56097, -519784, -409 
1718959543791.00, -57612, -520987, -411 
1718959543812.00, -58560, -522233, -391 
1718959543834.00, -58052, -523513, -373 
1718959543856.00, -56557, -524760, -370 
1718959543877.00, -55535, -525991, -381 
1718959543899.00, -55432, -527190, -387 
1718959543921.00, -55718, -528392, -400 
1718959543943.00, -56747, -529603, -419 
1718959543963.00, -58601, -530825, -420 
1718959543986.00, -59585, -532092, -399 
1718959544007.00, -58859, -533391, -398 
1718959544029.00, -58256, -534663, -376 
1718959544050.00, -56607, -535933, -375 
1718959544074.00, -55376, -537152, -371 
1718959544094.00, -54655, -538353, -355 
1718959544115.00, -53131, -539539, -354 
1718959544138.00, -52384, -540693, -366 
1718959544159.00, -52364, -541826, -371 
1718959544181.00, -52783, -542968, -378 
1718959544202.00, -53481, -544106, -379 
1718959544224.00, -53910, -545264, -393 
1718959544245.00, -54876, -546428, -406 
1718959544267.00, -56118, -547618, -401 
1718959544289.00, -56585, -548847, -419 
1718959544310.00, -57914, -550081, -442 
1718959544332.00, -60125, -551335, -437 
1718959544354.00, -61378, -552648, -430 
1718959544375.00, -61681, -553965, -419 
1718959544396.00, -61015, -555301, -440 
1718959544419.00, -61961, -556623, -444 
1718959544440.00, -62780, -557961, -408 
1718959544462.00, -61023, -559322, -425 
1718959544483.00, -60834, -560647, -472 
1718959544507.00, -63504, -561968, -482 
1718959544527.00, -65830, -563335, -446 
1718959544548.00, -65162, -564767, -447 
1718959544570.00, -64718, -566184, -502 
1718959544591.00, -67663, -567580, -487 
1718959544613.00, -68531, -569053, -452 
1718959544635.00, -67042, -570527, -448 
1718959544656.00, -65793, -571977, -485 
1718959544678.00, -67116, -573401, -470 
1718959544700.00, -66992, -574864, -455 
1718959544721.00, -66101, -576319, -484 
1718959544750.00, -67551, -577744, -481 
1718959544764.00, -67858, -579206, -475 
1718959544786.00, -67753, -580674, -478 
1718959544808.00, -67731, -582150, -486 
1718959544829.00, -68288, -583616, -459 
1718959544850.00, -67028, -585100, -454 
1718959544873.00, -65958, -586545, -454 
1718959544894.00, -65310, -587972, -425 
1718959544916.00, -63184, -589387, -401 
1718959544939.00, -60616, -590758, -399 
1718959544959.00, -58816, -592063, -386 
1718959544981.00, -57129, -593335, -353 
1718959545003.00, -32501, -594563, -345 
1718959545024.00, -17937, -595299, -372 
1718959545046.00, -9118, -595705, -357 
1718959545067.00, -4078, -595909, -332 
1718959545089.00, -1104, -596007, -366 
1718959545110.00, 48, -596033, -350 
1718959545132.00, 827, -596035, -336 
1718959545153.00, 1555, -596026, -317 
1718959545175.00, 2050, -595994, -281 
1718959545197.00, 2266, -595950, -255 
1718959545218.00, 2423, -595899, -229 
1718959545239.00, 2491, -595849, -202 
1718959545261.00, 2468, -595794, -174 
1718959545283.00, 2449, -595738, -146 
1718959545304.00, 2400, -595683, -123 
1718959545327.00, 2317, -595630, -106 
1718959545347.00, 2241, -595576, -91 
1718959545369.00, 2156, -595528, -80 
1718959545391.00, 2040, -595479, -67 
1718959545413.00, 2002, -595435, -59 
1718959545434.00, 1922, -595391, -44 
1718959545456.00, 1824, -595347, -22 
1718959545477.00, 1843, -595307, -32 
1718959545539.00, 1766, -595265, -13 
1718959545539.00, 1641, -595227, -20 
1718959545541.00, 1587, -595190, -20 
1718959545563.00, -23, -595153, -189 
1718959545585.00, 13, -595147, -191 
1718959545605.00, 0, -595145, -173 
1718959545627.00, 0, -595144, -161 
1718959545648.00, 6, -595144, -162 
1718959545669.00, 1, -595144, -155 
1718959545691.00, 0, -595144, -160 
1718959545712.00, 0, -595144, -157 
1718959545732.00, 0, -595144, -160 
1718959545754.00, -13, -595144, -155 
1718959545775.00, 0, -595143, -159 
1718959545796.00, 20, -595144, -161 
1718959545817.00, 0, -595143, -153 
1718959545839.00, 0, -595144, -161 
1718959545860.00, -1, -595144, -158 
1718959545882.00, -57, -595144, -157 
1718959545902.00, 8, -595144, -158 
1718959545924.00, 0, -595144, -157 
1718959545945.00, -62, -595145, -161 
1718959545965.00, -2, -595144, -154 
1718959545987.00, 30, -595143, -160 
1718959546007.00, 0, -595143, -158 
1718959546029.00, 33, -595145, -156 
1718959546050.00, 0, -595144, -160 
1718959546072.00, -43, -595145, -156 
1718959546093.00, 57, -595144, -159 
1718959546114.00, 2, -595145, -156 
1718959546135.00, -3, -595145, -159 
1718959546157.00, 0, -595144, -159 
1718959546178.00, 27, -595144, -157 
1718959546198.00, 0, -595144, -158 
1718959546220.00, -3, -595144, -159 
1718959546240.00, 0, -595144, -157 
1718959546262.00, 0, -595143, -159 
1718959546283.00, -4, -595145, -157 
1718959546305.00, 0, -595144, -158 
1718959546325.00, 0, -595144, -158 
1718959546346.00, 15, -595144, -157 
1718959546368.00, 1, -595144, -159 
1718959546389.00, -29, -595144, -157 
1718959546410.00, 10, -595144, -158 
1718959546432.00, 28, -595144, -158 
1718959546453.00, 3, -595145, -158 
1718959546474.00, 2, -595144, -159 
1718959546495.00, 0, -595143, -157 
1718959546516.00, 0, -595144, -159 
1718959546537.00, 0, -595144, -157 
1718959546558.00, -59, -595144, -158 
1718959546580.00, 0, -595143, -158 
1718959546600.00, 0, -595144, -157 
1718959546622.00, 0, -595143, -159 
1718959546643.00, -16, -595144, -157 
1718959546664.00, 0, -595144, -159 
1718959546685.00, 0, -595144, -158 
1718959546706.00, 19, -595143, -158 
1718959546728.00, -7, -595144, -159 
1718959546749.00, -3, -595145, -157 
1718959546770.00, 0, -595144, -159 
1718959546791.00, 50, -595144, -158 
1718959546813.00, 4, -595143, -158 
1718959546833.00, -7, -595144, -158 
1718959546855.00, -51, -595144, -157 
1718959546876.00, 1, -595145, -159 
1718959546897.00, 0, -595144, -157 
1718959546918.00, -21, -595143, -158 
1718959546940.00, -26, -595143, -158 
1718959546960.00, 0, -595144, -157 
1718959546981.00, 4, -595144, -158 
1718959547003.00, -62, -595144, -157 
1718959547024.00, 0, -595144, -159 
1718959547045.00, 0, -595144, -158 
1718959547066.00, 0, -595144, -158 
1718959547088.00, 34, -595145, -158 
1718959547109.00, 42, -595144, -157 
1718959547130.00, 9, -595144, -158 
1718959547151.00, 0, -595144, -157 
1718959547172.00, 63, -595143, -158 
1718959547194.00, 5, -595144, -158 
1718959547215.00, 38, -595144, -158 
1718959547237.00, 34, -595144, -158 
1718959547258.00, 0, -595145, -157 
1718959547279.00, -8, -595143, -158 
1718959547300.00, 63, -595145, -158 
1718959547321.00, 44, -595144, -158 
1718959547343.00, 0, -595146, -158 
1718959547364.00, 63, -595144, -157 
1718959547385.00, -54, -595144, -158 
1718959547405.00, 0, -595144, -158 
1718959547427.00, 1, -595143, -158 
1718959547448.00, 0, -595144, -158 
1718959547470.00, -2, -595145, -158 
1718959547491.00, 0, -595144, -158 
1718959547512.00, 0, -595143, -157 
1718959547533.00, 0, -595143, -158 
1718959547554.00, 22, -595144, -158 
1718959547575.00, -50, -595144, -158 
1718959547596.00, 2, -595143, -158 
1718959547618.00, 14, -595144, -158 
1718959547639.00, 0, -595144, -158 
1718959547660.00, -30, -595144, -158 
1718959547681.00, 57, -595144, -158 
1718959547703.00, 20, -595144, -158 
1718959547724.00, 0, -595144, -158 
1718959547745.00, -11, -595144, -158 
1718959547766.00, 0, -595144, -157 
1718959547787.00, -12, -595145, -158 
1718959547809.00, 45, -595144, -158 
1718959547839.00, 0, -595144, -158 
1718959547851.00, 43, -595144, -158 
1718959547872.00, 0, -595144, -158 
1718959547893.00, -9, -595144, -158 
1718959547914.00, 10, -595144, -158 
1718959547936.00, -34, -595144, -158 
1718959547957.00, -2, -595143, -158 
1718959547978.00, 1, -595144, -158 
1718959547999.00, 0, -595143, -158 
1718959548020.00, -27, -595144, -158 
1718959548041.00, -6, -595144, -158 
1718959548062.00, 29, -595144, -158 
1718959548084.00, 0, -595143, -158 
1718959548104.00, 52, -595144, -158 
1718959548127.00, 28, -595145, -158 
1718959548148.00, 5, -595143, -158 
1718959548168.00, -57, -595144, -158 
1718959548190.00, 66, -595144, -158 
1718959548211.00, -32, -595144, -158 
1718959548233.00, 3, -595144, -158 
1718959548254.00, -23, -595144, -158 
1718959548275.00, 0, -595144, -158 
1718959548296.00, 0, -595145, -158 
1718959548317.00, 21, -595145, -158 
1718959548339.00, 4, -595145, -158 
1718959548359.00, 27, -595145, -158 
1718959548380.00, 2, -595143, -158 
1718959548402.00, -11, -595145, -158 
1718959548423.00, -41, -595144, -157 
1718959548445.00, 0, -595144, -158 
1718959548465.00, 1, -595144, -158 
1718959548487.00, -9, -595144, -158 
