1721741878743.00, 0, -593658, -823 
1721741878764.00, 0, -593657, -823 
1721741878786.00, 0, -593658, -826 
1721741878807.00, 0, -593658, -831 
1721741878828.00, -4, -593658, -837 
1721741878851.00, 0, -593657, -838 
1721741878871.00, 0, -593658, -834 
1721741878892.00, 0, -593658, -835 
1721741878913.00, 0, -593658, -832 
1721741878935.00, 0, -593658, -828 
1721741878956.00, 0, -593658, -817 
1721741878978.00, 0, -593656, -807 
1721741878999.00, 0, -593658, -804 
1721741879020.00, -41, -593657, -798 
1721741879041.00, 0, -593657, -792 
1721741879063.00, 0, -593657, -790 
1721741879084.00, 0, -593657, -791 
1721741879104.00, 0, -593657, -784 
1721741879126.00, 0, -593656, -780 
1721741879148.00, 0, -593657, -774 
1721741879171.00, 0, -593657, -770 
1721741879190.00, 0, -593656, -770 
1721741879211.00, 0, -593657, -772 
1721741879233.00, 0, -593656, -764 
1721741879254.00, 0, -593656, -758 
1721741879276.00, 0, -593656, -752 
1721741879296.00, 0, -593656, -749 
1721741879317.00, 0, -593655, -751 
1721741879339.00, 0, -593655, -749 
1721741879360.00, 0, -593656, -745 
1721741879382.00, 0, -593655, -739 
1721741879403.00, 0, -593655, -740 
1721741879424.00, 0, -593655, -740 
1721741879446.00, 0, -593655, -738 
1721741879467.00, 0, -593655, -735 
1721741879488.00, 0, -593656, -734 
1721741879509.00, 0, -593655, -733 
1721741879530.00, 0, -593655, -734 
1721741879552.00, 5, -593656, -728 
1721741879574.00, 0, -593654, -718 
1721741879594.00, 0, -593655, -709 
1721741879619.00, 0, -593654, -703 
1721741879637.00, 0, -593654, -705 
1721741879659.00, 0, -593654, -708 
1721741879680.00, 0, -593655, -710 
1721741879701.00, 0, -593654, -705 
1721741879723.00, 64, -593654, -693 
1721741879744.00, -43, -593653, -688 
1721741879765.00, 0, -593654, -698 
1721741879786.00, 0, -593653, -694 
1721741879809.00, 0, -593654, -693 
1721741879830.00, 0, -593653, -692 
1721741879851.00, 0, -593653, -685 
1721741879873.00, 0, -593653, -676 
1721741879894.00, 0, -593653, -671 
1721741879915.00, 0, -593652, -675 
1721741879936.00, 0, -593653, -677 
1721741879958.00, 0, -593653, -674 
1721741879978.00, 0, -593653, -668 
1721741880000.00, 0, -593653, -661 
1721741880021.00, 0, -593653, -660 
1721741880045.00, 0, -593652, -660 
1721741880064.00, 0, -593652, -654 
1721741880085.00, 0, -593652, -642 
1721741880107.00, 0, -593652, -643 
1721741880128.00, 6, -593652, -643 
1721741880150.00, 50, -593652, -623 
1721741880171.00, 0, -593650, -595 
1721741880192.00, 0, -593649, -573 
1721741880213.00, 0, -593650, -604 
1721741880234.00, 0, -593650, -599 
1721741880256.00, -1, -593649, -570 
1721741880277.00, 0, -593648, -550 
1721741880298.00, 0, -593648, -530 
1721741880320.00, 0, -593645, -511 
1721741880341.00, -36, -593646, -501 
1721741880363.00, 0, -593646, -493 
1721741880383.00, 0, -593645, -483 
1721741880404.00, 0, -593646, -483 
1721741880426.00, 0, -593645, -482 
1721741880448.00, 16, -593645, -477 
1721741880469.00, 0, -593645, -473 
1721741880491.00, 0, -593645, -482 
1721741880512.00, 0, -593644, -479 
1721741880533.00, 0, -593643, -471 
1721741880554.00, 0, -593645, -471 
1721741880575.00, 0, -593645, -475 
1721741880597.00, 0, -593645, -474 
1721741880617.00, 0, -593645, -472 
1721741880639.00, 8, -593645, -470 
1721741880661.00, 0, -593645, -468 
1721741880682.00, 0, -593643, -466 
1721741880705.00, -2, -593645, -460 
1721741880725.00, 0, -593644, -448 
1721741880745.00, 57, -593643, -440 
1721741880767.00, 0, -593644, -433 
1721741880788.00, 0, -593642, -429 
1721741880811.00, 0, -593643, -424 
1721741880831.00, 0, -593642, -417 
1721741880852.00, 1, -593641, -415 
1721741880873.00, -5, -593641, -413 
1721741880895.00, 0, -593641, -411 
1721741880916.00, 0, -593642, -411 
1721741880938.00, 0, -593643, -412 
1721741880959.00, -3, -593642, -409 
1721741880980.00, 0, -593641, -398 
1721741881002.00, 51, -593640, -383 
1721741881023.00, 0, -593640, -364 
1721741881044.00, 0, -593637, -347 
1721741881066.00, 0, -593637, -328 
1721741881087.00, 0, -593636, -302 
1721741881108.00, 0, -593634, -274 
1721741881129.00, 0, -593632, -243 
1721741881151.00, 0, -593629, -209 
1721741881172.00, -1, -593628, -187 
1721741881193.00, 0, -593626, -159 
1721741881214.00, -5, -593623, -120 
1721741881235.00, 1, -593620, -82 
1721741881256.00, -6, -593617, -39 
1721741881278.00, 52, -593614, -3 
1721741881300.00, 131, -593610, 29 
1721741881321.00, 1878, -593602, 81 
1721741881342.00, 6064, -593560, 111 
1721741881366.00, 10570, -593435, 100 
1721741881386.00, 12437, -593207, 132 
1721741881408.00, 15317, -592933, 197 
1721741881429.00, 21210, -592601, 230 
1721741881451.00, 26569, -592149, 279 
1721741881475.00, 32549, -591573, 393 
1721741881494.00, 43009, -590868, 402 
1721741881516.00, 49726, -589930, 618 
1721741881537.00, 66621, -588851, 694 
1721741881559.00, 81278, -587406, 700 
1721741881588.00, 90539, -585635, 797 
1721741881602.00, 101678, -583660, 920 
1721741881624.00, 115609, -581436, 988 
1721741881646.00, 126099, -578914, 966 
1721741881667.00, 132336, -576151, 1015 
1721741881688.00, 134207, -573255, 1066 
1721741881710.00, 133977, -570323, 1086 
1721741881732.00, 134031, -567394, 1130 
1721741881753.00, 133850, -564464, 1172 
1721741881775.00, 133776, -561533, 1206 
1721741881796.00, 134064, -558600, 1228 
1721741881819.00, 134022, -555678, 1297 
1721741881840.00, 134144, -552752, 1313 
1721741881863.00, 133946, -549814, 1346 
1721741881885.00, 134312, -546896, 1353 
1721741881910.00, 133775, -543958, 1369 
1721741881928.00, 133895, -541029, 1411 
1721741881950.00, 134211, -538109, 1427 
1721741881972.00, 133995, -535173, 1462 
1721741881994.00, 133985, -532252, 1484 
1721741882021.00, 133972, -529320, 1530 
1721741882037.00, 133825, -526394, 1536 
1721741882059.00, 133926, -523470, 1558 
1721741882081.00, 133822, -520531, 1584 
1721741882102.00, 134030, -517601, 1609 
1721741882128.00, 133935, -514669, 1618 
1721741882148.00, 134041, -511752, 1642 
1721741882168.00, 134089, -508818, 1643 
1721741882190.00, 133908, -505896, 1666 
1721741882211.00, 134032, -502971, 1686 
1721741882237.00, 133980, -500038, 1690 
1721741882256.00, 133790, -497116, 1682 
1721741882277.00, 133958, -494192, 1693 
1721741882298.00, 133877, -491257, 1687 
1721741882321.00, 133952, -488325, 1708 
1721741882345.00, 134181, -485394, 1726 
1721741882366.00, 134104, -482474, 1711 
1721741882386.00, 133858, -479545, 1721 
1721741882408.00, 133889, -476624, 1723 
1721741882436.00, 133692, -473707, 1708 
1721741882452.00, 133747, -470775, 1703 
1721741882473.00, 133677, -467858, 1677 
1721741882495.00, 133755, -464927, 1646 
1721741882517.00, 133973, -462004, 1624 
1721741882539.00, 133880, -459083, 1611 
1721741882560.00, 134144, -456160, 1593 
1721741882583.00, 133748, -453236, 1578 
1721741882605.00, 133835, -450310, 1554 
1721741882625.00, 133959, -447386, 1540 
1721741882648.00, 133817, -444466, 1515 
1721741882670.00, 133829, -441544, 1474 
1721741882691.00, 133616, -438611, 1454 
1721741882714.00, 133534, -435694, 1368 
1721741882735.00, 133387, -432782, 1269 
1721741882757.00, 133373, -429874, 1118 
1721741882780.00, 74690, -426992, 950 
1721741882802.00, 39822, -425372, 907 
1721741882823.00, 19996, -424512, 512 
1721741882845.00, 7986, -424063, 420 
1721741882867.00, 1083, -423881, 277 
1721741882888.00, -2445, -423879, -27 
1721741882909.00, -6610, -423946, -352 
1721741882931.00, -27601, -424108, -749 
1721741882952.00, -64425, -424696, -884 
1721741882974.00, -94562, -426062, -873 
1721741882996.00, -111492, -428131, -993 
1721741883016.00, -126532, -430562, -1061 
1721741883039.00, -134416, -433334, -1065 
1721741883060.00, -134037, -436288, -1092 
1721741883082.00, -133988, -439206, -1104 
1721741883110.00, -134066, -442146, -1130 
1721741883125.00, -133814, -445082, -1175 
1721741883148.00, -134097, -447994, -1166 
1721741883169.00, -133819, -450935, -1180 
1721741883191.00, -133933, -453859, -1212 
1721741883214.00, -133995, -456769, -1223 
1721741883234.00, -133917, -459712, -1235 
1721741883256.00, -133984, -462625, -1253 
1721741883278.00, -133824, -465551, -1280 
1721741883299.00, -133982, -468490, -1255 
1721741883322.00, -134052, -471413, -1257 
1721741883344.00, -133598, -474336, -1277 
1721741883365.00, -134032, -477275, -1272 
1721741883387.00, -134090, -480192, -1302 
1721741883409.00, -133872, -483118, -1336 
1721741883431.00, -134111, -486047, -1340 
1721741883453.00, -134068, -488970, -1357 
1721741883474.00, -133916, -491903, -1386 
1721741883496.00, -133910, -494828, -1385 
1721741883518.00, -133830, -497749, -1399 
1721741883540.00, -133952, -500696, -1422 
1721741883562.00, -133830, -503623, -1419 
1721741883584.00, -133937, -506546, -1426 
1721741883605.00, -134005, -509474, -1447 
1721741883627.00, -133986, -512400, -1476 
1721741883649.00, -134259, -515315, -1480 
1721741883671.00, -134007, -518253, -1515 
1721741883693.00, -133916, -521174, -1518 
1721741883714.00, -133852, -524105, -1505 
1721741883737.00, -133747, -527041, -1508 
1721741883764.00, -133647, -529965, -1524 
1721741883780.00, -133742, -532888, -1508 
1721741883802.00, -133627, -535816, -1505 
1721741883823.00, -133862, -538724, -1523 
1721741883845.00, -133937, -541653, -1527 
1721741883867.00, -133914, -544575, -1519 
1721741883889.00, -134004, -547495, -1527 
1721741883910.00, -133885, -550436, -1525 
1721741883933.00, -133915, -553355, -1492 
1721741883954.00, -133785, -556287, -1507 
1721741883978.00, -133714, -559213, -1504 
1721741883998.00, -133863, -562132, -1475 
1721741884020.00, -133529, -565058, -1482 
1721741884042.00, -133793, -567985, -1489 
1721741884064.00, -134015, -570886, -1469 
1721741884087.00, -133971, -573823, -1448 
1721741884107.00, -134068, -576743, -1453 
1721741884129.00, -133919, -579656, -1438 
1721741884151.00, -133889, -582596, -1406 
1721741884172.00, -133703, -585516, -1380 
1721741884195.00, -133635, -588431, -1345 
1721741884216.00, -133552, -591350, -1269 
1721741884238.00, -133636, -594265, -1187 
1721741884261.00, -74719, -597154, -1131 
1721741884282.00, -39931, -598808, -1136 
1721741884304.00, -19729, -599679, -989 
1721741884326.00, -7821, -600122, -836 
1721741884347.00, -1112, -600298, -607 
1721741884369.00, 2262, -600312, -309 
1721741884391.00, 4707, -600257, 2 
1721741884413.00, 6338, -600128, 357 
1721741884434.00, 27957, -599971, 773 
1721741884455.00, 66290, -599386, 810 
1721741884477.00, 91288, -597985, 873 
1721741884497.00, 109669, -595995, 1023 
1721741884519.00, 125428, -593582, 1105 
1721741884541.00, 134409, -590834, 1119 
1721741884563.00, 134108, -587892, 1143 
1721741884585.00, 134116, -584967, 1172 
1721741884606.00, 134006, -582041, 1177 
1721741884628.00, 133955, -579115, 1201 
1721741884650.00, 134096, -576183, 1208 
1721741884672.00, 133978, -573254, 1198 
1721741884694.00, 133804, -570331, 1212 
1721741884715.00, 133866, -567407, 1208 
1721741884737.00, 133790, -564477, 1207 
1721741884759.00, 133930, -561553, 1228 
1721741884781.00, 133941, -558631, 1234 
1721741884802.00, 133991, -555706, 1243 
1721741884824.00, 134097, -552787, 1256 
1721741884846.00, 133911, -549848, 1261 
1721741884868.00, 134044, -546927, 1278 
1721741884890.00, 133921, -543990, 1294 
1721741884912.00, 133938, -541057, 1330 
1721741884934.00, 134054, -538140, 1353 
1721741884955.00, 133949, -535206, 1364 
1721741884977.00, 134034, -532279, 1392 
1721741884999.00, 133983, -529354, 1420 
1721741885021.00, 133804, -526435, 1434 
1721741885043.00, 133803, -523499, 1431 
1721741885065.00, 133754, -520572, 1438 
1721741885087.00, 133879, -517643, 1456 
1721741885108.00, 133901, -514718, 1463 
1721741885130.00, 133947, -511795, 1493 
1721741885152.00, 134141, -508865, 1462 
1721741885174.00, 133963, -505946, 1482 
1721741885195.00, 133991, -503021, 1482 
1721741885217.00, 133950, -500095, 1498 
1721741885239.00, 133901, -497161, 1482 
1721741885261.00, 133964, -494230, 1482 
1721741885283.00, 133815, -491304, 1483 
1721741885305.00, 133883, -488375, 1488 
1721741885326.00, 134094, -485444, 1511 
1721741885348.00, 134000, -482524, 1514 
1721741885370.00, 133973, -479595, 1517 
1721741885392.00, 134092, -476679, 1531 
1721741885413.00, 133887, -473758, 1561 
1721741885435.00, 133824, -470824, 1549 
1721741885457.00, 133706, -467900, 1566 
1721741885479.00, 133775, -464969, 1572 
1721741885501.00, 133856, -462039, 1554 
1721741885522.00, 133944, -459117, 1554 
1721741885544.00, 134160, -456207, 1544 
1721741885566.00, 133797, -453276, 1532 
1721741885588.00, 134021, -450343, 1524 
1721741885610.00, 133985, -447427, 1501 
1721741885631.00, 133765, -444506, 1461 
1721741885653.00, 133766, -441585, 1415 
1721741885675.00, 133631, -438665, 1309 
1721741885696.00, 133550, -435743, 1278 
1721741885719.00, 133575, -432822, 1222 
1721741885741.00, 133451, -429910, 1125 
1721741885763.00, 74728, -427016, 980 
1721741885785.00, 40095, -425402, 907 
1721741885807.00, 19840, -424540, 550 
1721741885828.00, 8257, -424099, 363 
1721741885850.00, 1317, -423912, 260 
1721741885871.00, -1911, -423906, -28 
1721741885892.00, -6577, -423969, -316 
1721741885914.00, -25508, -424131, -829 
1721741885936.00, -68228, -424679, -976 
1721741885957.00, -101156, -426114, -954 
1721741885978.00, -120423, -428331, -1012 
1721741886000.00, -131830, -430983, -1104 
1721741886022.00, -134173, -433868, -1114 
1721741886043.00, -134013, -436803, -1117 
1721741886066.00, -134158, -439726, -1113 
1721741886087.00, -133883, -442662, -1123 
1721741886109.00, -133936, -445596, -1140 
1721741886131.00, -134136, -448508, -1136 
1721741886153.00, -133895, -451455, -1143 
1721741886175.00, -133981, -454379, -1178 
1721741886196.00, -133899, -457292, -1181 
1721741886218.00, -134007, -460229, -1187 
1721741886240.00, -133927, -463145, -1211 
1721741886262.00, -134057, -466071, -1244 
1721741886283.00, -133883, -469009, -1237 
1721741886306.00, -133957, -471925, -1227 
1721741886327.00, -134068, -474854, -1262 
1721741886349.00, -133958, -477791, -1243 
1721741886371.00, -133837, -480711, -1265 
1721741886393.00, -134033, -483645, -1290 
1721741886415.00, -133904, -486567, -1312 
1721741886436.00, -134126, -489485, -1327 
1721741886458.00, -134100, -492422, -1322 
1721741886479.00, -133912, -495342, -1354 
1721741886502.00, -133860, -498262, -1361 
1721741886524.00, -133981, -501201, -1354 
1721741886546.00, -133863, -504130, -1377 
1721741886567.00, -133976, -507058, -1370 
1721741886589.00, -133910, -509995, -1376 
1721741886611.00, -133910, -512907, -1410 
1721741886632.00, -134019, -515837, -1418 
1721741886655.00, -134145, -518767, -1439 
1721741886676.00, -134129, -521689, -1465 
1721741886698.00, -134044, -524625, -1461 
1721741886720.00, -134075, -527553, -1468 
1721741886742.00, -134070, -530472, -1478 
1721741886764.00, -133710, -533411, -1464 
1721741886785.00, -133877, -536339, -1464 
1721741886807.00, -134052, -539261, -1472 
1721741886830.00, -133906, -542192, -1465 
1721741886861.00, -134017, -545113, -1462 
1721741886872.00, -133914, -548033, -1473 
1721741886895.00, -133953, -550962, -1454 
1721741886916.00, -133871, -553886, -1419 
1721741886938.00, -133933, -556817, -1440 
1721741886960.00, -133867, -559735, -1412 
1721741886981.00, -133829, -562658, -1381 
1721741887004.00, -134088, -565600, -1404 
1721741887025.00, -133913, -568514, -1400 
1721741887048.00, -133812, -571422, -1375 
1721741887069.00, -134060, -574367, -1380 
1721741887091.00, -133947, -577282, -1377 
1721741887113.00, -134031, -580201, -1383 
1721741887135.00, -133879, -583137, -1336 
1721741887156.00, -133893, -586060, -1276 
1721741887178.00, -133746, -588975, -1236 
1721741887200.00, -133624, -591896, -1168 
1721741887222.00, -133701, -594802, -1049 
1721741887245.00, -74682, -597702, -995 
1721741887267.00, -39711, -599340, -1060 
1721741887288.00, -19386, -600219, -894 
1721741887309.00, -7510, -600657, -711 
1721741887331.00, -899, -600826, -463 
1721741887352.00, 2453, -600842, -211 
1721741887374.00, 4696, -600775, 84 
1721741887395.00, 11132, -600656, 364 
1721741887417.00, 31355, -600398, 728 
1721741887439.00, 65434, -599744, 763 
1721741887461.00, 87888, -598351, 813 
1721741887482.00, 103760, -596432, 953 
1721741887503.00, 121616, -594155, 1046 
1721741887524.00, 132292, -591492, 1026 
1721741887546.00, 134194, -588601, 1075 
1721741887568.00, 134127, -585667, 1081 
1721741887590.00, 134099, -582737, 1089 
1721741887612.00, 133908, -579808, 1091 
1721741887634.00, 133880, -576883, 1089 
1721741887656.00, 133925, -573959, 1091 
1721741887677.00, 133911, -571039, 1089 
1721741887702.00, 133901, -568108, 1118 
1721741887721.00, 133956, -565184, 1117 
1721741887743.00, 133911, -562264, 1129 
1721741887764.00, 134018, -559340, 1149 
1721741887786.00, 134019, -556410, 1154 
1721741887812.00, 134108, -553480, 1178 
1721741887830.00, 133787, -550554, 1181 
1721741887852.00, 133962, -547621, 1195 
1721741887874.00, 134110, -544696, 1222 
1721741887895.00, 133997, -541770, 1239 
1721741887921.00, 134134, -538845, 1261 
1721741887939.00, 133833, -535924, 1277 
1721741887961.00, 133808, -532989, 1309 
1721741887983.00, 133931, -530065, 1324 
1721741888005.00, 133818, -527140, 1325 
1721741888026.00, 133937, -524201, 1335 
1721741888048.00, 133820, -521276, 1366 
1721741888070.00, 133870, -518349, 1376 
1721741888092.00, 134046, -515427, 1382 
1721741888113.00, 134082, -512498, 1386 
1721741888137.00, 133903, -509570, 1392 
1721741888157.00, 133942, -506655, 1392 
1721741888179.00, 133834, -503723, 1388 
1721741888201.00, 133889, -500783, 1377 
1721741888222.00, 133997, -497868, 1385 
1721741888247.00, 133858, -494930, 1432 
1721741888266.00, 133998, -492005, 1397 
1721741888288.00, 134044, -489073, 1432 
1721741888309.00, 134187, -486158, 1452 
1721741888332.00, 133937, -483226, 1457 
1721741888359.00, 133967, -480309, 1449 
1721741888375.00, 133868, -477387, 1454 
1721741888398.00, 133723, -474455, 1450 
1721741888419.00, 133761, -471521, 1462 
1721741888441.00, 133817, -468599, 1462 
1721741888466.00, 133794, -465671, 1473 
1721741888484.00, 134067, -462742, 1466 
1721741888506.00, 133972, -459830, 1454 
1721741888528.00, 134131, -456910, 1473 
1721741888550.00, 134004, -453989, 1431 
1721741888575.00, 134004, -451054, 1421 
1721741888593.00, 133980, -448131, 1433 
1721741888615.00, 133758, -445203, 1402 
1721741888637.00, 133783, -442278, 1391 
1721741888659.00, 133843, -439350, 1394 
1721741888680.00, 133722, -436435, 1375 
1721741888702.00, 133920, -433512, 1333 
1721741888724.00, 133933, -430588, 1283 
1721741888748.00, 75044, -427701, 1196 
1721741888768.00, 40200, -426052, 1190 
1721741888790.00, 19824, -425183, 896 
1721741888812.00, 8071, -424745, 677 
1721741888833.00, 1111, -424564, 466 
1721741888855.00, -2532, -424571, 74 
1721741888876.00, -5012, -424643, -309 
1721741888904.00, -24569, -424779, -722 
1721741888920.00, -61007, -425299, -930 
1721741888941.00, -95336, -426585, -892 
1721741888963.00, -113285, -428661, -976 
1721741888984.00, -127608, -431140, -1015 
1721741889006.00, -134505, -433940, -1078 
1721741889027.00, -133993, -436882, -1055 
1721741889050.00, -133891, -439803, -1074 
1721741889071.00, -133851, -442742, -1090 
1721741889093.00, -133824, -445667, -1098 
1721741889115.00, -133961, -448582, -1071 
1721741889137.00, -133763, -451528, -1099 
1721741889158.00, -134017, -454458, -1112 
1721741889180.00, -133841, -457364, -1129 
1721741889201.00, -133946, -460304, -1150 
1721741889224.00, -133958, -463217, -1167 
1721741889247.00, -134029, -466139, -1163 
1721741889267.00, -134073, -469077, -1197 
1721741889289.00, -133887, -472008, -1264 
1721741889311.00, -134009, -474935, -1247 
1721741889333.00, -134012, -477869, -1273 
1721741889355.00, -133578, -480787, -1293 
1721741889376.00, -134040, -483728, -1296 
1721741889398.00, -133961, -486659, -1321 
1721741889420.00, -134074, -489568, -1342 
1721741889442.00, -134141, -492503, -1348 
1721741889464.00, -133982, -495424, -1364 
1721741889486.00, -133906, -498345, -1373 
1721741889507.00, -133846, -501282, -1360 
1721741889529.00, -133830, -504216, -1358 
1721741889551.00, -133833, -507140, -1381 
1721741889572.00, -133923, -510077, -1370 
1721741889595.00, -134034, -512996, -1361 
1721741889616.00, -134068, -515922, -1403 
1721741889638.00, -133981, -518846, -1415 
1721741889660.00, -134121, -521761, -1400 
1721741889682.00, -134013, -524698, -1383 
1721741889704.00, -133939, -527624, -1384 
1721741889726.00, -133830, -530543, -1340 
1721741889747.00, -133784, -533486, -1311 
1721741889769.00, -133856, -536415, -1325 
1721741889791.00, -134031, -539329, -1341 
1721741889813.00, -133766, -542262, -1361 
1721741889834.00, -134036, -545183, -1371 
1721741889856.00, -133911, -548104, -1364 
1721741889878.00, -133889, -551041, -1375 
1721741889900.00, -133924, -553961, -1364 
1721741889922.00, -133975, -556887, -1337 
1721741889944.00, -133958, -559815, -1329 
1721741889966.00, -133883, -562732, -1311 
1721741889987.00, -133879, -565671, -1263 
1721741890009.00, -134000, -568593, -1229 
1721741890030.00, -133699, -571498, -1211 
1721741890053.00, -133942, -574443, -1208 
1721741890075.00, -133939, -577351, -1170 
1721741890096.00, -134062, -580272, -1131 
1721741890118.00, -133970, -583212, -1123 
1721741890140.00, -133912, -586124, -1080 
1721741890163.00, -133834, -589042, -981 
1721741890184.00, -133755, -591955, -903 
1721741890206.00, -133670, -594859, -809 
1721741890228.00, -80577, -597742, -671 
1721741890250.00, -48845, -599475, -567 
1721741890272.00, -30253, -600533, -356 
1721741890293.00, -19557, -601195, -217 
1721741890314.00, -12948, -601608, -3 
1721741890335.00, -8951, -601887, 148 
1721741890357.00, 1544, -602060, 385 
1721741890379.00, 22312, -602031, 698 
1721741890401.00, 54098, -601571, 625 
1721741890422.00, 68553, -600426, 761 
1721741890444.00, 85226, -598935, 845 
1721741890466.00, 99924, -597082, 842 
1721741890487.00, 108591, -594912, 857 
1721741890509.00, 114629, -592544, 876 
1721741890530.00, 119223, -590034, 861 
1721741890553.00, 121019, -587444, 844 
1721741890573.00, 121047, -584811, 847 
1721741890596.00, 121223, -582173, 895 
1721741890618.00, 124321, -579532, 887 
1721741890639.00, 125649, -576828, 888 
1721741890665.00, 126521, -574094, 917 
1721741890683.00, 128563, -571350, 945 
1721741890705.00, 131472, -568548, 974 
1721741890726.00, 133990, -565681, 989 
1721741890747.00, 133945, -562772, 1013 
1721741890771.00, 133985, -559834, 1045 
1721741890790.00, 133999, -556915, 1049 
1721741890812.00, 133873, -553978, 1099 
1721741890834.00, 134190, -551055, 1099 
1721741890856.00, 133934, -548121, 1113 
1721741890877.00, 133878, -545202, 1146 
1721741890900.00, 133988, -542283, 1142 
1721741890921.00, 133793, -539354, 1182 
1721741890943.00, 133893, -536424, 1189 
1721741890965.00, 133991, -533496, 1187 
1721741890987.00, 133944, -530564, 1204 
1721741891008.00, 134030, -527633, 1219 
1721741891030.00, 134090, -524704, 1223 
1721741891053.00, 134030, -521783, 1242 
1721741891074.00, 134040, -518851, 1266 
1721741891096.00, 134102, -515925, 1270 
1721741891118.00, 133911, -513003, 1271 
1721741891139.00, 134104, -510077, 1278 
1721741891161.00, 133889, -507149, 1274 
1721741891183.00, 134052, -504216, 1310 
1721741891210.00, 133927, -501283, 1302 
1721741891227.00, 134111, -498355, 1328 
1721741891248.00, 133986, -495428, 1371 
1721741891270.00, 134013, -492503, 1381 
1721741891292.00, 134064, -489575, 1399 
1721741891318.00, 133952, -486651, 1409 
1721741891335.00, 133942, -483723, 1409 
1721741891357.00, 133897, -480800, 1419 
1721741891379.00, 133916, -477871, 1432 
1721741891401.00, 134125, -474936, 1422 
1721741891429.00, 133865, -472014, 1431 
1721741891445.00, 134068, -469083, 1438 
1721741891467.00, 133910, -466157, 1450 
1721741891488.00, 133924, -463225, 1461 
1721741891510.00, 134312, -460309, 1453 
1721741891532.00, 133938, -457390, 1458 
1721741891554.00, 133808, -454457, 1454 
1721741891576.00, 133702, -451530, 1409 
1721741891598.00, 133479, -448608, 1393 
1721741891619.00, 133509, -445684, 1370 
1721741891641.00, 133588, -442768, 1340 
1721741891662.00, 133840, -439857, 1313 
1721741891684.00, 133977, -436928, 1313 
1721741891706.00, 134057, -434013, 1282 
1721741891728.00, 133907, -431090, 1236 
1721741891752.00, 75085, -428192, 1191 
1721741891773.00, 40458, -426539, 1278 
1721741891795.00, 20309, -425662, 1077 
1721741891816.00, 8471, -425210, 974 
1721741891838.00, 1339, -425029, 765 
1721741891862.00, -2531, -425012, 401 
1721741891881.00, -4581, -425098, -69 
1721741891902.00, -10273, -425214, -292 
1721741891924.00, -26454, -425465, -870 
1721741891946.00, -71283, -426028, -973 
1721741891970.00, -103037, -427529, -892 
1721741891989.00, -117846, -429782, -990 
1721741892009.00, -130071, -432348, -1073 
1721741892031.00, -134330, -435222, -1056 
1721741892053.00, -134005, -438156, -1045 
1721741892078.00, -133867, -441073, -1065 
1721741892097.00, -134022, -444003, -1090 
1721741892118.00, -133989, -446922, -1074 
1721741892140.00, -134094, -449841, -1080 
1721741892162.00, -133928, -452775, -1088 
1721741892186.00, -133786, -455701, -1107 
1721741892206.00, -133856, -458631, -1118 
1721741892228.00, -134006, -461564, -1130 
1721741892250.00, -133750, -464482, -1151 
1721741892271.00, -134060, -467425, -1168 
1721741892295.00, -133810, -470338, -1189 
1721741892315.00, -133908, -473256, -1169 
1721741892337.00, -134095, -476198, -1196 
1721741892358.00, -133956, -479120, -1216 
1721741892380.00, -134049, -482037, -1217 
1721741892405.00, -133945, -484978, -1218 
1721741892424.00, -133955, -487902, -1233 
1721741892446.00, -133915, -490833, -1249 
1721741892468.00, -133615, -493763, -1236 
1721741892489.00, -133868, -496691, -1253 
1721741892512.00, -134034, -499606, -1280 
1721741892533.00, -134093, -502538, -1307 
1721741892555.00, -134094, -505456, -1305 
1721741892577.00, -133916, -508388, -1320 
1721741892599.00, -133826, -511318, -1337 
1721741892621.00, -133730, -514232, -1334 
1721741892642.00, -133823, -517184, -1328 
1721741892664.00, -133742, -520098, -1324 
1721741892686.00, -133718, -523019, -1341 
1721741892707.00, -133940, -525954, -1322 
1721741892732.00, -134123, -528872, -1339 
1721741892751.00, -133964, -531784, -1345 
1721741892773.00, -134172, -534720, -1361 
1721741892795.00, -133928, -537647, -1341 
1721741892816.00, -133858, -540569, -1330 
1721741892839.00, -133921, -543501, -1330 
1721741892860.00, -133709, -546415, -1331 
1721741892882.00, -133801, -549359, -1326 
1721741892904.00, -134048, -552281, -1332 
1721741892925.00, -133796, -555187, -1346 
1721741892950.00, -133849, -558116, -1348 
1721741892969.00, -133901, -561037, -1313 
1721741892990.00, -133832, -563954, -1312 
1721741893013.00, -133842, -566883, -1308 
1721741893035.00, -133947, -569808, -1281 
1721741893057.00, -133912, -572733, -1253 
1721741893078.00, -133821, -575656, -1224 
1721741893100.00, -133932, -578578, -1170 
1721741893122.00, -133848, -581505, -1142 
1721741893144.00, -133572, -584428, -1093 
1721741893165.00, -133724, -587340, -1066 
1721741893187.00, -133823, -590261, -1056 
1721741893210.00, -133898, -593185, -978 
1721741893232.00, -74951, -596050, -872 
1721741893254.00, -39886, -597699, -863 
1721741893275.00, -19627, -598590, -718 
1721741893297.00, -7732, -599030, -582 
1721741893319.00, -1140, -599206, -437 
1721741893340.00, 2255, -599230, -273 
1721741893361.00, 4622, -599176, 43 
1721741893383.00, 8749, -599055, 354 
1721741893405.00, 28929, -598844, 776 
1721741893427.00, 67074, -598237, 741 
1721741893448.00, 87362, -596806, 828 
1721741893470.00, 104401, -594901, 989 
1721741893490.00, 122281, -592611, 1027 
1721741893512.00, 132818, -589931, 1000 
1721741893534.00, 134009, -587029, 1016 
1721741893557.00, 133947, -584102, 998 
1721741893579.00, 133863, -581182, 985 
1721741893600.00, 133843, -578269, 941 
1721741893622.00, 133893, -575352, 949 
1721741893643.00, 134006, -572443, 959 
1721741893666.00, 133944, -569526, 935 
1721741893687.00, 133886, -566608, 959 
1721741893709.00, 133932, -563696, 976 
1721741893731.00, 133944, -560774, 990 
1721741893753.00, 133970, -557860, 994 
1721741893774.00, 134014, -554956, 995 
1721741893795.00, 133902, -552042, 1014 
1721741893817.00, 133917, -549110, 1016 
1721741893838.00, 133964, -546187, 1026 
1721741893860.00, 133915, -543259, 1034 
1721741893881.00, 134071, -540328, 1037 
1721741893903.00, 134095, -537396, 1039 
1721741893926.00, 133948, -534472, 1034 
1721741893947.00, 133964, -531538, 1052 
1721741893969.00, 134079, -528624, 1047 
1721741893991.00, 133908, -525692, 1052 
1721741894013.00, 133943, -522767, 1066 
1721741894034.00, 133858, -519840, 1072 
1721741894056.00, 133818, -516909, 1093 
1721741894078.00, 133891, -513977, 1118 
1721741894100.00, 133949, -511057, 1124 
1721741894121.00, 134118, -508129, 1148 
1721741894144.00, 133963, -505197, 1175 
1721741894166.00, 134147, -502274, 1188 
1721741894187.00, 134295, -499343, 1204 
1721741894209.00, 133958, -496418, 1252 
1721741894231.00, 134052, -493495, 1239 
1721741894253.00, 133866, -490563, 1247 
1721741894275.00, 133811, -487637, 1243 
1721741894297.00, 133918, -484711, 1250 
1721741894318.00, 133829, -481781, 1263 
1721741894340.00, 133798, -478854, 1255 
1721741894361.00, 133764, -475930, 1270 
1721741894384.00, 134003, -473006, 1270 
1721741894405.00, 134129, -470091, 1277 
1721741894427.00, 134048, -467161, 1281 
1721741894449.00, 133789, -464226, 1296 
1721741894471.00, 133814, -461310, 1302 
1721741894492.00, 133821, -458379, 1304 
1721741894515.00, 133982, -455451, 1314 
1721741894536.00, 133799, -452526, 1351 
1721741894558.00, 134004, -449601, 1355 
1721741894580.00, 133992, -446676, 1360 
1721741894601.00, 133994, -443743, 1364 
1721741894624.00, 134206, -440827, 1339 
1721741894645.00, 133926, -437897, 1331 
1721741894667.00, 133867, -434973, 1305 
1721741894689.00, 133768, -432056, 1256 
1721741894711.00, 75103, -429147, 1199 
1721741894734.00, 40371, -427509, 1296 
1721741894755.00, 19799, -426630, 1028 
1721741894776.00, 8225, -426178, 906 
1721741894798.00, 1153, -425995, 791 
1721741894820.00, -2743, -425982, 441 
1721741894841.00, -5039, -426066, -2 
1721741894863.00, -6951, -426187, -295 
1721741894885.00, -24727, -426359, -764 
1721741894906.00, -63693, -426878, -923 
1721741894927.00, -96421, -428236, -914 
1721741894950.00, -115039, -430314, -989 
1721741894970.00, -128439, -432836, -1035 
1721741894992.00, -134385, -435668, -1073 
1721741895014.00, -133770, -438613, -1063 
1721741895035.00, -133962, -441534, -1047 
1721741895057.00, -133883, -444472, -1046 
1721741895079.00, -134027, -447382, -1068 
1721741895100.00, -134014, -450307, -1099 
1721741895122.00, -133952, -453244, -1090 
1721741895145.00, -134079, -456158, -1067 
1721741895166.00, -133933, -459093, -1110 
1721741895188.00, -134010, -462016, -1092 
1721741895209.00, -133995, -464937, -1105 
1721741895231.00, -133781, -467882, -1135 
1721741895253.00, -133822, -470817, -1177 
1721741895275.00, -133943, -473716, -1180 
1721741895297.00, -133985, -476651, -1179 
1721741895319.00, -134136, -479575, -1208 
1721741895341.00, -133949, -482495, -1248 
1721741895363.00, -134014, -485430, -1236 
1721741895384.00, -133867, -488350, -1237 
1721741895406.00, -133830, -491279, -1256 
1721741895428.00, -133865, -494220, -1265 
1721741895449.00, -133820, -497133, -1232 
1721741895474.00, -133979, -500075, -1260 
1721741895494.00, -134074, -502991, -1256 
1721741895515.00, -134027, -505905, -1255 
1721741895537.00, -134153, -508841, -1273 
1721741895559.00, -133988, -511768, -1297 
1721741895586.00, -134060, -514693, -1321 
1721741895603.00, -133844, -517639, -1333 
1721741895624.00, -133709, -520563, -1330 
1721741895646.00, -133746, -523487, -1324 
1721741895668.00, -133874, -526414, -1338 
1721741895694.00, -133685, -529326, -1333 
1721741895711.00, -133906, -532258, -1325 
1721741895734.00, -133957, -535189, -1337 
1721741895755.00, -134035, -538097, -1362 
1721741895777.00, -133974, -541036, -1364 
1721741895799.00, -133829, -543961, -1353 
1721741895821.00, -133907, -546873, -1339 
1721741895842.00, -133755, -549808, -1286 
1721741895864.00, -133793, -552740, -1250 
1721741895886.00, -133827, -555653, -1228 
1721741895908.00, -133563, -558586, -1215 
1721741895929.00, -133752, -561498, -1176 
1721741895952.00, -133799, -564412, -1186 
1721741895972.00, -133911, -567339, -1152 
1721741895995.00, -134148, -570267, -1149 
1721741896020.00, -133966, -573187, -1174 
1721741896039.00, -133945, -576124, -1146 
1721741896060.00, -133864, -579034, -1110 
1721741896083.00, -133754, -581967, -1079 
1721741896104.00, -133596, -584883, -1018 
1721741896130.00, -133688, -587792, -906 
1721741896149.00, -130505, -590699, -847 
1721741896170.00, -125157, -593526, -761 
1721741896192.00, -69962, -596213, -655 
1721741896214.00, -37077, -597744, -608 
1721741896237.00, -18143, -598568, -469 
1721741896257.00, -7069, -598974, -322 
1721741896278.00, -957, -599136, -216 
1721741896300.00, 2302, -599155, -90 
1721741896322.00, 4217, -599092, 198 
1721741896344.00, 17271, -598978, 424 
1721741896365.00, 38357, -598598, 753 
1721741896387.00, 70925, -597773, 839 
1721741896408.00, 95531, -596242, 891 
1721741896428.00, 113176, -594159, 1018 
1721741896451.00, 127335, -591677, 1079 
1721741896472.00, 134504, -588887, 1098 
1721741896494.00, 134026, -585943, 1107 
1721741896516.00, 134047, -583010, 1069 
1721741896538.00, 134006, -580085, 1074 
1721741896559.00, 133983, -577162, 1051 
1721741896581.00, 134035, -574241, 1046 
1721741896603.00, 134058, -571314, 1058 
1721741896625.00, 133827, -568389, 1075 
1721741896647.00, 133832, -565457, 1068 
1721741896671.00, 134113, -562542, 1063 
1721741896691.00, 133829, -559616, 1094 
1721741896712.00, 134041, -556680, 1094 
1721741896734.00, 134053, -553755, 1110 
1721741896756.00, 134016, -550829, 1125 
1721741896781.00, 133936, -547904, 1143 
1721741896800.00, 133940, -544968, 1154 
1721741896822.00, 133909, -542046, 1180 
1721741896843.00, 133930, -539121, 1182 
1721741896865.00, 134020, -536193, 1195 
1721741896888.00, 134073, -533264, 1214 
1721741896908.00, 133868, -530336, 1206 
1721741896931.00, 134067, -527411, 1209 
1721741896952.00, 133903, -524477, 1232 
1721741896974.00, 133940, -521553, 1239 
1721741896996.00, 134230, -518628, 1241 
1721741897017.00, 133985, -515691, 1268 
1721741897039.00, 133917, -512775, 1250 
1721741897061.00, 133989, -509849, 1311 
1721741897083.00, 133753, -506916, 1278 
1721741897105.00, 133863, -503994, 1293 
1721741897127.00, 133937, -501057, 1303 
1721741897149.00, 133838, -498131, 1315 
1721741897170.00, 134015, -495199, 1309 
1721741897192.00, 134115, -492280, 1327 
1721741897214.00, 134189, -489355, 1320 
1721741897236.00, 134048, -486426, 1351 
1721741897258.00, 134060, -483499, 1354 
1721741897280.00, 133927, -480569, 1353 
1721741897301.00, 133753, -477653, 1355 
1721741897329.00, 133901, -474721, 1349 
1721741897345.00, 133941, -471794, 1341 
1721741897366.00, 133882, -468871, 1343 
1721741897388.00, 134087, -465936, 1353 
1721741897410.00, 134141, -463010, 1349 
1721741897432.00, 133944, -460087, 1350 
1721741897454.00, 134126, -457172, 1356 
1721741897476.00, 133839, -454244, 1369 
1721741897497.00, 133819, -451310, 1357 
1721741897519.00, 133820, -448392, 1342 
1721741897541.00, 133950, -445464, 1324 
1721741897562.00, 133962, -442537, 1298 
1721741897584.00, 133865, -439610, 1274 
1721741897607.00, 133903, -436696, 1246 
1721741897628.00, 133815, -433766, 1177 
1721741897650.00, 133731, -430847, 1122 
1721741897673.00, 75012, -427959, 1021 
1721741897695.00, 40481, -426313, 1056 
1721741897716.00, 20204, -425432, 879 
1721741897738.00, 8116, -424993, 681 
1721741897759.00, 988, -424812, 483 
1721741897781.00, -2570, -424810, 100 
1721741897803.00, -5022, -424886, -246 
1721741897824.00, -20761, -425013, -556 
1721741897845.00, -48657, -425464, -935 
1721741897867.00, -88260, -426482, -911 
1721741897889.00, -110402, -428403, -975 
1721741897910.00, -125683, -430810, -1038 
1721741897931.00, -134689, -433568, -1023 
1721741897953.00, -133902, -436525, -1111 
1721741897976.00, -133955, -439454, -1059 
1721741897997.00, -133970, -442378, -1108 
1721741898019.00, -133892, -445309, -1077 
1721741898040.00, -134035, -448232, -1071 
1721741898062.00, -134055, -451167, -1087 
1721741898084.00, -133895, -454097, -1126 
1721741898106.00, -133950, -456999, -1136 
1721741898128.00, -133987, -459941, -1118 
1721741898149.00, -133999, -462869, -1155 
1721741898172.00, -133909, -465779, -1183 
1721741898193.00, -133867, -468722, -1161 
1721741898215.00, -133893, -471654, -1176 
1721741898236.00, -133963, -474576, -1209 
1721741898259.00, -133679, -477505, -1203 
1721741898280.00, -133753, -480430, -1225 
1721741898302.00, -133778, -483354, -1257 
1721741898324.00, -134043, -486279, -1266 
1721741898346.00, -134145, -489190, -1259 
1721741898368.00, -133893, -492132, -1288 
1721741898389.00, -133994, -495065, -1293 
1721741898412.00, -133932, -497975, -1246 
1721741898434.00, -133826, -500920, -1260 
1721741898455.00, -133912, -503844, -1258 
1721741898477.00, -133663, -506762, -1227 
1721741898499.00, -133812, -509694, -1247 
1721741898521.00, -133926, -512611, -1259 
1721741898542.00, -134055, -515535, -1266 
1721741898563.00, -134185, -518467, -1253 
1721741898586.00, -133921, -521381, -1266 
1721741898607.00, -133936, -524322, -1275 
1721741898629.00, -133839, -527245, -1244 
1721741898651.00, -133693, -530166, -1245 
1721741898673.00, -133625, -533107, -1241 
1721741898695.00, -133737, -536032, -1215 
1721741898717.00, -133827, -538939, -1219 
1721741898738.00, -133984, -541863, -1225 
1721741898760.00, -133997, -544788, -1202 
1721741898782.00, -134110, -547704, -1202 
1721741898804.00, -133928, -550639, -1189 
1721741898826.00, -133927, -553563, -1118 
1721741898848.00, -133716, -556492, -1093 
1721741898870.00, -133607, -559412, -1062 
1721741898893.00, -133665, -562324, -999 
1721741898914.00, -133778, -565239, -983 
1721741898936.00, -133672, -568148, -969 
1721741898958.00, -133903, -571054, -934 
1721741898979.00, -132652, -573965, -927 
1721741899001.00, -131420, -576848, -938 
1721741899023.00, -131291, -579697, -931 
1721741899045.00, -130772, -582576, -901 
1721741899066.00, -128556, -585419, -898 
1721741899088.00, -127199, -588201, -890 
1721741899110.00, -125726, -590968, -803 
1721741899132.00, -119537, -593695, -697 
1721741899153.00, -66746, -596252, -551 
1721741899175.00, -35429, -597708, -411 
1721741899196.00, -17046, -598490, -223 
1721741899218.00, -6404, -598860, 22 
1721741899239.00, 173, -598997, 223 
1721741899261.00, 16654, -598997, 346 
1721741899283.00, 33746, -598642, 623 
1721741899304.00, 60581, -597920, 726 
1721741899326.00, 82684, -596618, 775 
1721741899348.00, 98584, -594826, 895 
1721741899369.00, 115198, -592676, 943 
1721741899391.00, 127597, -590155, 935 
1721741899413.00, 134314, -587375, 957 
1721741899434.00, 133935, -584432, 965 
1721741899456.00, 133978, -581521, 953 
1721741899478.00, 134005, -578607, 956 
1721741899500.00, 133946, -575701, 951 
1721741899521.00, 134001, -572777, 956 
1721741899543.00, 133914, -569867, 948 
1721741899565.00, 133954, -566950, 941 
1721741899587.00, 134091, -564032, 954 
1721741899608.00, 134004, -561113, 954 
1721741899630.00, 134015, -558203, 984 
1721741899650.00, 133940, -555301, 1008 
1721741899672.00, 133943, -552367, 1005 
1721741899694.00, 133839, -549441, 1029 
1721741899716.00, 133884, -546514, 1039 
1721741899738.00, 133997, -543586, 1034 
1721741899760.00, 133863, -540651, 1052 
1721741899781.00, 133984, -537720, 1057 
1721741899803.00, 133979, -534808, 1076 
1721741899825.00, 133921, -531865, 1087 
1721741899847.00, 134097, -528944, 1095 
1721741899868.00, 133908, -526024, 1109 
1721741899890.00, 133903, -523094, 1116 
1721741899912.00, 133996, -520172, 1124 
1721741899934.00, 133922, -517237, 1132 
1721741899956.00, 133905, -514309, 1122 
1721741899977.00, 134126, -511377, 1141 
1721741900000.00, 134069, -508447, 1128 
1721741900021.00, 133863, -505525, 1166 
1721741900043.00, 134055, -502593, 1159 
1721741900065.00, 134037, -499666, 1184 
1721741900087.00, 133936, -496747, 1179 
1721741900108.00, 133912, -493829, 1186 
1721741900130.00, 133917, -490891, 1192 
1721741900152.00, 134064, -487961, 1196 
1721741900174.00, 133941, -485026, 1194 
1721741900196.00, 134050, -482099, 1203 
1721741900218.00, 133830, -479172, 1221 
1721741900239.00, 133986, -476249, 1223 
1721741900261.00, 134050, -473329, 1212 
1721741900283.00, 133920, -470400, 1219 
1721741900305.00, 133946, -467475, 1199 
1721741900327.00, 133902, -464546, 1178 
1721741900348.00, 133776, -461619, 1164 
1721741900370.00, 133845, -458692, 1131 
1721741900394.00, 133908, -455766, 1114 
1721741900414.00, 133970, -452851, 1109 
1721741900436.00, 134023, -449922, 1115 
1721741900458.00, 134023, -446991, 1102 
1721741900479.00, 133921, -444070, 1081 
1721741900507.00, 133858, -441148, 1037 
1721741900524.00, 133886, -438221, 998 
1721741900545.00, 133839, -435313, 927 
1721741900568.00, 133739, -432404, 853 
1721741900589.00, 80405, -429517, 747 
1721741900613.00, 48900, -427781, 756 
1721741900632.00, 30317, -426730, 492 
1721741900654.00, 19183, -426072, 314 
1721741900675.00, 12598, -425674, 61 
1721741900697.00, 7804, -425423, -256 
1721741900718.00, -8671, -425268, -638 
1721741900741.00, -42403, -425452, -940 
1721741900762.00, -80948, -426313, -914 
1721741900783.00, -102089, -428065, -1029 
1721741900804.00, -116994, -430303, -1086 
1721741900826.00, -125683, -432864, -1081 
1721741900848.00, -130873, -435632, -1082 
1721741900870.00, -133691, -438492, -1073 
1721741900891.00, -134016, -441407, -1039 
1721741900913.00, -133949, -444348, -1044 
1721741900939.00, -133901, -447261, -1088 
1721741900957.00, -133893, -450184, -1072 
1721741900979.00, -134093, -453117, -1079 
1721741901001.00, -134002, -456033, -1089 
1721741901023.00, -133954, -458974, -1120 
1721741901044.00, -134065, -461896, -1101 
1721741901066.00, -133921, -464815, -1114 
1721741901087.00, -133822, -467759, -1139 
1721741901109.00, -133847, -470680, -1174 
1721741901132.00, -133907, -473586, -1150 
1721741901153.00, -134120, -476530, -1163 
1721741901175.00, -134174, -479442, -1182 
1721741901197.00, -133988, -482358, -1178 
1721741901219.00, -133823, -485303, -1173 
1721741901240.00, -133878, -488223, -1144 
1721741901267.00, -133814, -491150, -1162 
1721741901284.00, -133934, -494083, -1139 
1721741901306.00, -133917, -497002, -1136 
1721741901328.00, -133904, -499933, -1149 
1721741901350.00, -133851, -502856, -1159 
1721741901375.00, -134040, -505772, -1141 
1721741901393.00, -134201, -508705, -1149 
1721741901415.00, -133941, -511630, -1162 
1721741901437.00, -133981, -514553, -1155 
1721741901459.00, -134043, -517492, -1126 
1721741901481.00, -133913, -520420, -1133 
1721741901502.00, -133840, -523338, -1100 
1721741901525.00, -133969, -526275, -1076 
1721741901546.00, -133869, -529189, -1078 
1721741901568.00, -134001, -532109, -1067 
1721741901592.00, -133982, -535035, -1063 
1721741901611.00, -133934, -537960, -1067 
1721741901633.00, -133777, -540888, -1068 
1721741901655.00, -133918, -543824, -1038 
1721741901677.00, -133807, -546736, -1015 
1721741901698.00, -133715, -549676, -1020 
1721741901722.00, -133912, -552598, -987 
1721741901743.00, -133873, -555490, -954 
1721741901764.00, -133840, -558416, -968 
1721741901786.00, -133975, -561313, -965 
1721741901812.00, -133989, -564222, -962 
1721741901830.00, -134031, -567150, -969 
1721741901852.00, -134006, -570058, -967 
1721741901874.00, -133967, -572977, -953 
1721741901896.00, -133763, -575890, -972 
1721741901919.00, -133561, -578794, -958 
1721741901939.00, -133573, -581712, -944 
1721741901960.00, -132954, -584615, -903 
1721741901982.00, -130067, -587487, -848 
1721741902004.00, -124889, -590315, -773 
1721741902028.00, -117360, -593018, -649 
1721741902047.00, -65564, -595539, -508 
1721741902069.00, -34876, -596952, -443 
1721741902091.00, -16785, -597730, -335 
1721741902112.00, -6378, -598108, -192 
1721741902135.00, -268, -598240, 2 
1721741902155.00, 2696, -598248, 179 
1721741902177.00, 15791, -598188, 327 
1721741902198.00, 32252, -597850, 586 
1721741902219.00, 57395, -597160, 761 
1721741902242.00, 82632, -595939, 809 
1721741902263.00, 100459, -594129, 931 
1721741902284.00, 118429, -591938, 1004 
1721741902306.00, 130272, -589335, 1018 
1721741902327.00, 134321, -586467, 1058 
1721741902349.00, 133887, -583532, 1065 
1721741902371.00, 133873, -580607, 1046 
1721741902393.00, 133954, -577682, 1036 
1721741902415.00, 133927, -574762, 1021 
1721741902437.00, 134008, -571845, 991 
1721741902459.00, 133879, -568936, 986 
1721741902481.00, 133862, -566024, 970 
1721741902502.00, 133865, -563106, 960 
1721741902525.00, 133945, -560183, 966 
1721741902546.00, 133820, -557272, 991 
1721741902567.00, 133907, -554364, 989 
1721741902588.00, 133939, -551455, 1016 
1721741902610.00, 133976, -548530, 1034 
1721741902631.00, 134100, -545599, 1035 
1721741902653.00, 133960, -542676, 1052 
1721741902676.00, 134055, -539752, 1048 
1721741902698.00, 133854, -536815, 1058 
1721741902719.00, 133997, -533893, 1056 
1721741902741.00, 134024, -530965, 1052 
1721741902762.00, 133921, -528033, 1064 
1721741902784.00, 134162, -525111, 1078 
1721741902806.00, 133944, -522190, 1100 
1721741902828.00, 134140, -519264, 1082 
1721741902849.00, 133950, -516323, 1164 
1721741902871.00, 133803, -513407, 1133 
1721741902894.00, 133729, -510476, 1148 
1721741902915.00, 133810, -507546, 1140 
1721741902937.00, 133813, -504625, 1151 
1721741902959.00, 133942, -501696, 1130 
1721741902981.00, 134086, -498770, 1145 
1721741903003.00, 134001, -495842, 1157 
1721741903025.00, 133969, -492918, 1158 
1721741903048.00, 134096, -489995, 1175 
1721741903068.00, 134040, -487073, 1179 
1721741903090.00, 133872, -484141, 1176 
1721741903112.00, 133913, -481216, 1184 
1721741903133.00, 133940, -478282, 1188 
1721741903155.00, 133876, -475348, 1183 
1721741903177.00, 134029, -472435, 1177 
1721741903199.00, 134073, -469513, 1185 
1721741903220.00, 134002, -466580, 1174 
1721741903245.00, 134065, -463646, 1159 
1721741903264.00, 133912, -460729, 1164 
1721741903286.00, 133738, -457808, 1141 
1721741903308.00, 133777, -454881, 1097 
1721741903329.00, 133823, -451963, 1056 
1721741903351.00, 134009, -449038, 1044 
1721741903374.00, 133855, -446113, 1025 
1721741903397.00, 133940, -443190, 999 
1721741903418.00, 133883, -440281, 975 
1721741903440.00, 133936, -437368, 958 
1721741903462.00, 133813, -434464, 913 
1721741903483.00, 131023, -431562, 841 
1721741903505.00, 73438, -428730, 726 
1721741903527.00, 39324, -427129, 754 
1721741903548.00, 19361, -426276, 460 
1721741903573.00, 7823, -425861, 198 
1721741903591.00, 1074, -425712, -113 
1721741903613.00, -9516, -425707, -392 
1721741903634.00, -32120, -425919, -946 
1721741903656.00, -79369, -426584, -967 
1721741903680.00, -108115, -428283, -958 
1721741903699.00, -124799, -430645, -1072 
1721741903720.00, -134228, -433382, -1103 
1721741903742.00, -134021, -436327, -1100 
1721741903764.00, -134076, -439250, -1092 
1721741903786.00, -134009, -442182, -1097 
1721741903808.00, -133818, -445111, -1072 
1721741903830.00, -133899, -448031, -1081 
1721741903851.00, -133926, -450959, -1045 
1721741903873.00, -134075, -453887, -1066 
1721741903895.00, -133991, -456798, -1092 
1721741903917.00, -133900, -459735, -1125 
1721741903939.00, -134073, -462655, -1127 
1721741903960.00, -134074, -465581, -1109 
1721741903982.00, -133933, -468528, -1135 
1721741904004.00, -134042, -471443, -1149 
1721741904026.00, -133713, -474375, -1149 
1721741904048.00, -133979, -477307, -1156 
1721741904069.00, -133978, -480233, -1182 
1721741904091.00, -133991, -483155, -1192 
1721741904113.00, -134059, -486087, -1231 
1721741904135.00, -133973, -489004, -1271 
1721741904157.00, -134014, -491940, -1280 
1721741904179.00, -133923, -494863, -1257 
1721741904200.00, -133841, -497788, -1266 
1721741904222.00, -133909, -500733, -1258 
1721741904244.00, -133845, -503652, -1230 
1721741904265.00, -133890, -506574, -1209 
1721741904288.00, -134124, -509506, -1228 
1721741904309.00, -133945, -512428, -1221 
1721741904331.00, -134140, -515338, -1179 
1721741904353.00, -133988, -518276, -1194 
1721741904375.00, -133896, -521204, -1190 
1721741904396.00, -133677, -524128, -1157 
1721741904418.00, -133904, -527051, -1101 
1721741904440.00, -133837, -529978, -1121 
1721741904462.00, -133939, -532919, -1112 
1721741904484.00, -133816, -535841, -1067 
1721741904505.00, -133911, -538751, -1072 
1721741904527.00, -133809, -541685, -1094 
1721741904549.00, -134007, -544604, -1039 
1721741904571.00, -134001, -547517, -1010 
1721741904592.00, -133800, -550457, -1023 
1721741904615.00, -133939, -553377, -1002 
1721741904637.00, -133860, -556306, -944 
1721741904659.00, -133802, -559211, -928 
1721741904681.00, -134006, -562122, -877 
1721741904703.00, -133582, -565030, -835 
1721741904724.00, -131762, -567950, -840 
1721741904746.00, -130828, -570803, -814 
1721741904767.00, -128770, -573657, -798 
1721741904789.00, -126352, -576453, -805 
1721741904811.00, -125094, -579188, -820 
1721741904833.00, -124989, -581923, -777 
1721741904855.00, -122211, -584643, -758 
1721741904877.00, -119478, -587293, -777 
1721741904899.00, -118904, -589896, -761 
1721741904920.00, -117459, -592475, -678 
1721741904942.00, -111261, -595015, -608 
1721741904963.00, -66140, -597411, -476 
1721741904985.00, -39363, -598854, -368 
1721741905007.00, -23533, -599705, -185 
1721741905028.00, -14642, -600210, 35 
1721741905049.00, -7072, -600520, 155 
1721741905071.00, 4182, -600679, 202 
1721741905094.00, 14705, -600604, 356 
1721741905115.00, 29745, -600287, 651 
1721741905136.00, 56487, -599655, 753 
1721741905158.00, 78547, -598445, 889 
1721741905178.00, 99689, -596732, 985 
1721741905204.00, 116507, -594572, 1026 
1721741905222.00, 126320, -592018, 1062 
1721741905243.00, 131973, -589247, 1080 
1721741905265.00, 134095, -586354, 1066 
1721741905287.00, 134108, -583426, 1061 
1721741905309.00, 133956, -580499, 1050 
1721741905331.00, 133870, -577572, 1050 
1721741905352.00, 133996, -574646, 1040 
1721741905374.00, 133816, -571731, 1064 
1721741905396.00, 133823, -568800, 1098 
1721741905419.00, 133883, -565866, 1122 
1721741905440.00, 133940, -562949, 1136 
1721741905462.00, 134045, -560014, 1127 
1721741905484.00, 134060, -557090, 1118 
1721741905505.00, 133987, -554161, 1111 
1721741905529.00, 134119, -551241, 1129 
1721741905549.00, 134167, -548310, 1145 
1721741905571.00, 134060, -545385, 1151 
1721741905592.00, 133947, -542463, 1154 
1721741905614.00, 133921, -539542, 1153 
1721741905636.00, 134026, -536608, 1173 
1721741905658.00, 133869, -533672, 1161 
1721741905680.00, 133958, -530747, 1168 
1721741905702.00, 134036, -527826, 1165 
1721741905724.00, 133878, -524896, 1162 
1721741905752.00, 133968, -521975, 1167 
1721741905767.00, 134105, -519056, 1162 
1721741905789.00, 133820, -516118, 1189 
1721741905811.00, 133873, -513201, 1165 
1721741905833.00, 133922, -510275, 1155 
1721741905855.00, 133958, -507348, 1157 
1721741905876.00, 133918, -504418, 1153 
1721741905898.00, 134050, -501485, 1148 
1721741905919.00, 133936, -498562, 1152 
1721741905941.00, 133976, -495633, 1147 
1721741905963.00, 134239, -492711, 1154 
1721741905985.00, 133972, -489785, 1175 
1721741906007.00, 133984, -486859, 1178 
1721741906029.00, 133907, -483931, 1172 
1721741906051.00, 133601, -481000, 1169 
1721741906073.00, 133589, -478080, 1154 
1721741906094.00, 133707, -475150, 1134 
1721741906116.00, 133834, -472233, 1123 
1721741906138.00, 133871, -469309, 1142 
1721741906160.00, 134164, -466378, 1126 
1721741906182.00, 134046, -463454, 1124 
1721741906203.00, 134021, -460528, 1128 
1721741906225.00, 133973, -457605, 1133 
1721741906247.00, 134000, -454680, 1124 
1721741906269.00, 133809, -451748, 1134 
1721741906291.00, 133843, -448819, 1136 
1721741906312.00, 133852, -445900, 1121 
1721741906334.00, 133836, -442972, 1114 
1721741906356.00, 133939, -440055, 1092 
1721741906378.00, 134001, -437130, 1053 
1721741906403.00, 133688, -434212, 985 
1721741906423.00, 133582, -431306, 872 
1721741906444.00, 74797, -428435, 702 
1721741906466.00, 39941, -426801, 648 
1721741906487.00, 19556, -425949, 203 
1721741906510.00, 8370, -425537, -93 
1721741906531.00, -3370, -425364, -251 
1721741906552.00, -20455, -425434, -386 
1721741906574.00, -38439, -425876, -769 
1721741906596.00, -72001, -426689, -797 
1721741906618.00, -93727, -428255, -836 
1721741906638.00, -108866, -430287, -1011 
1721741906659.00, -125070, -432678, -1036 
1721741906681.00, -134099, -435437, -1007 
1721741906703.00, -134176, -438377, -1037 
1721741906728.00, -134037, -441305, -1048 
1721741906746.00, -133943, -444237, -1049 
1721741906769.00, -134035, -447152, -1071 
1721741906790.00, -134000, -450081, -1070 
1721741906812.00, -134026, -453013, -1087 
1721741906836.00, -133897, -455927, -1132 
1721741906856.00, -133963, -458859, -1133 
1721741906878.00, -134042, -461791, -1136 
1721741906899.00, -133811, -464710, -1160 
1721741906921.00, -133977, -467649, -1163 
1721741906943.00, -134085, -470569, -1156 
1721741906965.00, -134051, -473481, -1159 
1721741906987.00, -134174, -476425, -1210 
1721741907008.00, -134065, -479348, -1230 
1721741907029.00, -133977, -482255, -1223 
1721741907052.00, -133963, -485203, -1223 
1721741907074.00, -133664, -488125, -1243 
1721741907096.00, -133899, -491051, -1206 
1721741907117.00, -134057, -493986, -1194 
1721741907140.00, -133636, -496908, -1218 
1721741907161.00, -133985, -499835, -1211 
1721741907183.00, -133898, -502765, -1185 
1721741907205.00, -133969, -505691, -1229 
1721741907226.00, -134087, -508619, -1243 
1721741907249.00, -133843, -511547, -1237 
1721741907270.00, -134118, -514467, -1233 
1721741907292.00, -133847, -517410, -1244 
1721741907314.00, -133861, -520333, -1225 
1721741907336.00, -133951, -523262, -1202 
1721741907358.00, -133529, -526186, -1194 
1721741907379.00, -133775, -529106, -1199 
1721741907401.00, -133971, -532022, -1179 
1721741907423.00, -134058, -534948, -1199 
1721741907445.00, -134115, -537868, -1207 
1721741907467.00, -133941, -540803, -1185 
1721741907488.00, -133919, -543739, -1162 
1721741907513.00, -133759, -546644, -1148 
1721741907533.00, -133819, -549583, -1100 
1721741907554.00, -133829, -552505, -1103 
1721741907575.00, -133735, -555424, -1139 
1721741907597.00, -133801, -558352, -1125 
1721741907619.00, -134005, -561267, -1109 
1721741907641.00, -133994, -564189, -1137 
1721741907663.00, -134146, -567123, -1143 
1721741907684.00, -134028, -570044, -1130 
1721741907706.00, -133962, -572970, -1121 
1721741907728.00, -133845, -575911, -1151 
1721741907750.00, -133678, -578824, -1100 
1721741907772.00, -133648, -581744, -1101 
1721741907793.00, -133787, -584667, -1119 
1721741907815.00, -133618, -587572, -1047 
1721741907837.00, -133739, -590497, -1004 
1721741907861.00, -133612, -593413, -950 
1721741907882.00, -74824, -596289, -860 
1721741907903.00, -40002, -597934, -845 
1721741907925.00, -19665, -598819, -737 
1721741907947.00, -7886, -599257, -606 
1721741907968.00, -1179, -599433, -421 
1721741907989.00, 2175, -599459, -264 
1721741908011.00, 4444, -599406, -6 
1721741908033.00, 6324, -599286, 285 
1721741908057.00, 23644, -599140, 665 
1721741908076.00, 56689, -598643, 751 
1721741908098.00, 81714, -597436, 801 
1721741908119.00, 99283, -595656, 958 
1721741908139.00, 119226, -593475, 1097 
1721741908164.00, 130883, -590862, 1046 
1721741908184.00, 134249, -588004, 1114 
1721741908205.00, 134014, -585067, 1102 
1721741908227.00, 134008, -582132, 1098 
1721741908249.00, 133932, -579217, 1096 
1721741908273.00, 134005, -576283, 1066 
1721741908292.00, 133893, -573364, 1041 
1721741908315.00, 134176, -570442, 1037 
1721741908336.00, 133935, -567512, 1050 
1721741908358.00, 133824, -564586, 1053 
1721741908380.00, 133982, -561657, 1051 
1721741908402.00, 133831, -558740, 1052 
1721741908424.00, 133868, -555821, 1054 
1721741908445.00, 133906, -552887, 1055 
1721741908467.00, 133952, -549951, 1039 
1721741908489.00, 134151, -547039, 1043 
1721741908511.00, 133900, -544098, 1060 
1721741908533.00, 134006, -541171, 1072 
1721741908554.00, 133994, -538251, 1082 
1721741908577.00, 134039, -535327, 1063 
1721741908598.00, 134028, -532393, 1110 
1721741908620.00, 133795, -529475, 1073 
1721741908641.00, 133702, -526550, 1082 
1721741908663.00, 133901, -523627, 1091 
1721741908685.00, 133755, -520693, 1094 
1721741908709.00, 133901, -517768, 1083 
1721741908729.00, 133896, -514839, 1081 
1721741908751.00, 133905, -511921, 1081 
1721741908772.00, 133959, -508993, 1075 
1721741908794.00, 134020, -506067, 1075 
1721741908816.00, 133817, -503142, 1087 
1721741908838.00, 133821, -500215, 1077 
1721741908860.00, 133843, -497292, 1073 
1721741908882.00, 133929, -494365, 1070 
1721741908903.00, 133827, -491435, 1065 
1721741908925.00, 134004, -488509, 1051 
1721741908947.00, 133972, -485591, 1058 
1721741908969.00, 134059, -482657, 1054 
1721741908991.00, 134168, -479739, 1053 
1721741909012.00, 133952, -476818, 1035 
1721741909034.00, 133965, -473898, 1023 
1721741909055.00, 133910, -470973, 1021 
1721741909078.00, 133738, -468034, 1002 
1721741909099.00, 133691, -465110, 1005 
1721741909121.00, 133821, -462182, 1019 
1721741909143.00, 133843, -459260, 1027 
1721741909165.00, 134061, -456337, 1043 
1721741909187.00, 134068, -453408, 1054 
1721741909209.00, 134005, -450477, 1054 
1721741909230.00, 133939, -447565, 1040 
1721741909252.00, 134117, -444637, 1035 
1721741909274.00, 133924, -441709, 1004 
1721741909297.00, 133748, -438781, 993 
1721741909319.00, 133665, -435865, 943 
1721741909340.00, 132763, -432967, 881 
1721741909362.00, 128657, -430076, 792 
1721741909384.00, 72135, -427305, 679 
1721741909406.00, 38681, -425746, 666 
1721741909427.00, 19338, -424914, 366 
1721741909449.00, 7807, -424506, 80 
1721741909470.00, 1021, -424344, -174 
1721741909492.00, -13108, -424326, -368 
1721741909514.00, -33059, -424618, -803 
1721741909535.00, -71257, -425312, -880 
1721741909557.00, -98516, -426826, -883 
1721741909577.00, -114508, -428983, -1026 
1721741909599.00, -128145, -431496, -1061 
1721741909621.00, -134212, -434310, -1059 
1721741909643.00, -134020, -437254, -1071 
1721741909665.00, -134106, -440169, -1061 
1721741909686.00, -134005, -443109, -1053 
1721741909708.00, -133864, -446023, -1049 
1721741909730.00, -134030, -448943, -1042 
1721741909752.00, -133939, -451890, -1065 
1721741909774.00, -133711, -454816, -1060 
1721741909800.00, -133981, -457740, -1066 
1721741909817.00, -133990, -460673, -1095 
1721741909839.00, -134109, -463590, -1120 
1721741909861.00, -134080, -466517, -1149 
1721741909883.00, -134016, -469450, -1169 
1721741909905.00, -133952, -472376, -1202 
1721741909926.00, -133906, -475308, -1224 
1721741909948.00, -133879, -478240, -1218 
1721741909969.00, -133820, -481149, -1219 
1721741909992.00, -133802, -484090, -1243 
1721741910014.00, -133872, -487016, -1232 
1721741910035.00, -133835, -489924, -1251 
1721741910057.00, -133903, -492856, -1226 
1721741910078.00, -134074, -495776, -1186 
1721741910101.00, -134060, -498694, -1162 
1721741910123.00, -133918, -501634, -1184 
1721741910144.00, -133960, -504560, -1149 
1721741910166.00, -133808, -507484, -1117 
1721741910188.00, -133776, -510410, -1125 
1721741910210.00, -133947, -513333, -1140 
1721741910232.00, -133984, -516270, -1145 
1721741910254.00, -134050, -519193, -1141 
1721741910275.00, -133941, -522105, -1158 
1721741910297.00, -134059, -525050, -1185 
1721741910319.00, -133847, -527966, -1177 
1721741910343.00, -133977, -530885, -1137 
1721741910363.00, -133824, -533824, -1157 
1721741910385.00, -133677, -536756, -1150 
1721741910406.00, -133992, -539672, -1111 
1721741910427.00, -133927, -542601, -1097 
1721741910455.00, -133832, -545517, -1110 
1721741910472.00, -134038, -548444, -1119 
1721741910493.00, -133995, -551372, -1115 
1721741910515.00, -134175, -554291, -1094 
1721741910537.00, -134032, -557225, -1108 
1721741910561.00, -133933, -560150, -1116 
1721741910581.00, -133937, -563066, -1098 
1721741910603.00, -133872, -566006, -1123 
1721741910624.00, -133860, -568931, -1099 
1721741910646.00, -133860, -571845, -1089 
1721741910672.00, -133788, -574775, -1053 
1721741910689.00, -133830, -577688, -1039 
1721741910711.00, -133824, -580605, -1043 
1721741910735.00, -134022, -583533, -997 
1721741910756.00, -134079, -586448, -961 
1721741910781.00, -133780, -589362, -959 
1721741910800.00, -133860, -592271, -905 
1721741910821.00, -130743, -595168, -843 
1721741910842.00, -73008, -597993, -764 
1721741910865.00, -38840, -599588, -748 
1721741910886.00, -19155, -600444, -611 
1721741910908.00, -7783, -600877, -465 
1721741910930.00, -1178, -601054, -394 
1721741910951.00, 2068, -601083, -279 
1721741910973.00, 4511, -601038, -59 
1721741910999.00, 6173, -600915, 206 
1721741911016.00, 18884, -600771, 484 
1721741911038.00, 42806, -600359, 709 
1721741911059.00, 70899, -599452, 773 
1721741911081.00, 91584, -597914, 861 
1721741911106.00, 108990, -595914, 1035 
1721741911123.00, 125100, -593527, 1037 
1721741911144.00, 134305, -590782, 1053 
1721741911167.00, 134078, -587857, 1059 
1721741911189.00, 134048, -584918, 1050 
1721741911211.00, 134158, -581997, 1057 
1721741911232.00, 133892, -579067, 1067 
1721741911254.00, 134055, -576142, 1029 
1721741911276.00, 134037, -573215, 1023 
1721741911297.00, 133954, -570294, 1015 
1721741911319.00, 133863, -567370, 1013 
1721741911343.00, 133874, -564444, 998 
1721741911364.00, 133882, -561531, 983 
1721741911386.00, 134015, -558626, 971 
1721741911408.00, 134052, -555722, 972 
1721741911429.00, 134129, -552804, 961 
1721741911451.00, 133922, -549877, 960 
1721741911473.00, 134073, -546971, 966 
1721741911494.00, 133753, -544051, 977 
1721741911516.00, 133956, -541137, 991 
1721741911537.00, 133932, -538226, 1008 
1721741911559.00, 134070, -535301, 1019 
1721741911580.00, 134098, -532377, 1020 
1721741911602.00, 133944, -529453, 1031 
1721741911623.00, 133884, -526536, 1043 
1721741911646.00, 133967, -523597, 1047 
1721741911668.00, 133872, -520660, 1052 
1721741911689.00, 133981, -517739, 1067 
1721741911711.00, 133832, -514815, 1073 
1721741911732.00, 133983, -511884, 1071 
1721741911755.00, 134007, -508951, 1074 
1721741911777.00, 133959, -506044, 1083 
1721741911798.00, 133792, -503112, 1064 
1721741911820.00, 133892, -500188, 1033 
1721741911842.00, 133815, -497254, 1043 
1721741911863.00, 133741, -494337, 1028 
1721741911886.00, 133741, -491402, 1013 
1721741911907.00, 133907, -488475, 1003 
1721741911930.00, 134001, -485562, 1027 
1721741911951.00, 134004, -482624, 1029 
1721741911972.00, 134209, -479700, 1053 
1721741911995.00, 134016, -476781, 1055 
1721741912017.00, 133906, -473852, 1070 
1721741912038.00, 133847, -470924, 1068 
1721741912060.00, 133738, -467995, 1078 
1721741912081.00, 133658, -465064, 1069 
1721741912103.00, 133737, -462139, 1051 
1721741912126.00, 133791, -459222, 1014 
1721741912147.00, 134073, -456304, 1022 
1721741912169.00, 134036, -453374, 1011 
1721741912191.00, 134085, -450452, 1017 
1721741912213.00, 133996, -447525, 1006 
1721741912235.00, 134125, -444605, 991 
1721741912258.00, 134014, -441692, 976 
1721741912279.00, 133764, -438774, 950 
1721741912301.00, 133394, -435863, 911 
1721741912323.00, 130735, -432970, 872 
1721741912345.00, 126954, -430125, 821 
1721741912366.00, 71289, -427401, 754 
1721741912388.00, 38190, -425849, 801 
1721741912409.00, 18731, -425015, 632 
1721741912433.00, 7318, -424598, 460 
1721741912452.00, 603, -424432, 273 
1721741912473.00, -2555, -424436, -29 
1721741912496.00, -6522, -424499, -257 
1721741912517.00, -22424, -424666, -605 
1721741912539.00, -52610, -425150, -854 
1721741912560.00, -85658, -426259, -908 
1721741912582.00, -108625, -428128, -993 
1721741912602.00, -124922, -430489, -1044 
1721741912624.00, -134412, -433224, -1066 
1721741912646.00, -133896, -436170, -1041 
1721741912667.00, -133913, -439093, -1006 
1721741912691.00, -134105, -442023, -988 
1721741912713.00, -133989, -444945, -986 
1721741912734.00, -133839, -447848, -974 
1721741912754.00, -133989, -450772, -1000 
1721741912777.00, -134018, -453699, -1038 
1721741912798.00, -133872, -456612, -1049 
1721741912820.00, -134117, -459546, -1061 
1721741912842.00, -133927, -462472, -1093 
1721741912864.00, -133961, -465391, -1120 
1721741912885.00, -134106, -468335, -1137 
1721741912908.00, -133988, -471261, -1150 
1721741912929.00, -133916, -474185, -1157 
1721741912951.00, -134026, -477120, -1185 
1721741912973.00, -133997, -480038, -1204 
1721741912995.00, -134019, -482960, -1210 
1721741913016.00, -134008, -485895, -1205 
1721741913039.00, -133859, -488811, -1213 
1721741913060.00, -133768, -491745, -1192 
1721741913082.00, -133997, -494675, -1165 
1721741913103.00, -133889, -497597, -1170 
1721741913126.00, -134005, -500533, -1160 
1721741913148.00, -133845, -503468, -1155 
1721741913169.00, -133946, -506376, -1176 
1721741913191.00, -133861, -509314, -1207 
1721741913213.00, -134169, -512235, -1218 
1721741913235.00, -134129, -515152, -1227 
1721741913257.00, -134033, -518090, -1246 
1721741913279.00, -134049, -521017, -1266 
1721741913300.00, -134001, -523945, -1224 
1721741913322.00, -133839, -526873, -1194 
1721741913344.00, -133903, -529801, -1204 
1721741913365.00, -133734, -532729, -1158 
1721741913388.00, -134115, -535649, -1118 
1721741913409.00, -133984, -538567, -1110 
1721741913431.00, -133972, -541497, -1110 
1721741913453.00, -133968, -544421, -1098 
1721741913474.00, -133849, -547335, -1090 
1721741913497.00, -133965, -550275, -1090 
1721741913518.00, -133897, -553204, -1076 
1721741913540.00, -133896, -556128, -1073 
1721741913562.00, -133940, -559057, -1088 
1721741913583.00, -133934, -561974, -1080 
1721741913605.00, -134002, -564898, -1126 
1721741913627.00, -134072, -567830, -1159 
1721741913649.00, -133887, -570743, -1169 
1721741913670.00, -134107, -573682, -1163 
1721741913693.00, -133838, -576604, -1159 
1721741913714.00, -133884, -579526, -1119 
1721741913748.00, -133748, -582454, -1069 
1721741913758.00, -133915, -585381, -1013 
1721741913781.00, -133812, -588286, -993 
1721741913803.00, -133977, -591208, -924 
1721741913825.00, -133635, -594103, -892 
1721741913850.00, -80394, -596989, -816 
1721741913868.00, -48645, -598746, -743 
1721741913890.00, -30182, -599794, -589 
1721741913911.00, -19316, -600457, -448 
1721741913933.00, -13062, -600880, -301 
1721741913959.00, -9256, -601155, -147 
1721741913975.00, -6910, -601333, 134 
1721741913998.00, 2151, -601466, 352 
1721741914019.00, 21004, -601420, 660 
1721741914040.00, 50820, -600983, 724 
1721741914062.00, 72613, -599908, 778 
1721741914083.00, 88824, -598329, 898 
1721741914105.00, 105361, -596392, 1000 
1721741914127.00, 118721, -594077, 1006 
1721741914148.00, 126850, -591475, 1029 
1721741914171.00, 131515, -588709, 1054 
1721741914191.00, 134214, -585821, 1041 
1721741914214.00, 133722, -582893, 1018 
1721741914235.00, 133863, -579969, 1009 
1721741914258.00, 133931, -577040, 999 
1721741914283.00, 133892, -574125, 974 
1721741914302.00, 133968, -571219, 961 
1721741914324.00, 133827, -568304, 942 
1721741914345.00, 133899, -565398, 899 
1721741914367.00, 131997, -562483, 891 
1721741914393.00, 130317, -559612, 857 
1721741914410.00, 127198, -556781, 829 
1721741914432.00, 123520, -554014, 816 
1721741914453.00, 120663, -551333, 780 
1721741914475.00, 116783, -548715, 800 
1721741914500.00, 115521, -546175, 787 
1721741914519.00, 113881, -543658, 759 
1721741914540.00, 111427, -541174, 771 
1721741914562.00, 110713, -538761, 779 
1721741914584.00, 110689, -536356, 792 
1721741914612.00, 111622, -533936, 804 
1721741914628.00, 112805, -531510, 824 
1721741914649.00, 114617, -529051, 852 
1721741914671.00, 117482, -526567, 882 
1721741914693.00, 120906, -523995, 877 
1721741914716.00, 122682, -521360, 884 
1721741914737.00, 123981, -518692, 884 
1721741914758.00, 124772, -515990, 922 
1721741914780.00, 127326, -513281, 935 
1721741914802.00, 129690, -510506, 950 
1721741914827.00, 131981, -507667, 959 
1721741914845.00, 133788, -504788, 963 
1721741914867.00, 133957, -501881, 978 
1721741914888.00, 133946, -498953, 994 
1721741914910.00, 134020, -496046, 995 
1721741914931.00, 134019, -493132, 1002 
1721741914952.00, 133743, -490202, 1004 
1721741914976.00, 133952, -487284, 997 
1721741914997.00, 133994, -484362, 999 
1721741915017.00, 134117, -481448, 1004 
1721741915040.00, 133876, -478519, 1011 
1721741915061.00, 134042, -475584, 1035 
1721741915083.00, 133875, -472666, 1035 
1721741915105.00, 133951, -469739, 1038 
1721741915127.00, 134096, -466816, 1044 
1721741915148.00, 133912, -463894, 1030 
1721741915170.00, 133918, -460966, 1041 
1721741915192.00, 133935, -458040, 1031 
1721741915214.00, 133852, -455109, 1032 
1721741915235.00, 133639, -452181, 1003 
1721741915258.00, 133686, -449265, 996 
1721741915281.00, 133839, -446353, 999 
1721741915302.00, 133831, -443438, 995 
1721741915323.00, 133917, -440539, 979 
1721741915345.00, 133931, -437618, 968 
1721741915368.00, 133855, -434711, 937 
1721741915389.00, 132570, -431806, 908 
1721741915411.00, 74558, -428934, 857 
1721741915433.00, 40277, -427305, 996 
1721741915454.00, 20133, -426433, 786 
1721741915475.00, 8419, -425978, 723 
1721741915497.00, 1231, -425801, 504 
1721741915518.00, -2325, -425787, 185 
1721741915540.00, -4766, -425854, -112 
1721741915562.00, -12751, -425966, -322 
1721741915584.00, -29741, -426259, -725 
1721741915605.00, -64192, -426891, -789 
1721741915627.00, -88656, -428267, -811 
1721741915649.00, -104203, -430181, -954 
1721741915670.00, -121877, -432457, -968 
1721741915692.00, -132375, -435137, -947 
1721741915713.00, -134116, -438029, -949 
1721741915735.00, -134081, -440941, -955 
1721741915756.00, -133956, -443859, -963 
1721741915779.00, -133928, -446766, -979 
1721741915800.00, -133950, -449676, -1025 
1721741915823.00, -134112, -452617, -1031 
1721741915843.00, -133990, -455536, -1050 
1721741915865.00, -134117, -458469, -1083 
1721741915887.00, -133739, -461402, -1105 
1721741915908.00, -133923, -464325, -1104 
1721741915930.00, -134094, -467249, -1120 
1721741915952.00, -133875, -470175, -1156 
1721741915974.00, -134001, -473092, -1165 
1721741915996.00, -133944, -476023, -1149 
1721741916018.00, -133952, -478946, -1168 
1721741916039.00, -133880, -481873, -1204 
1721741916061.00, -133807, -484810, -1166 
1721741916082.00, -133939, -487731, -1133 
1721741916105.00, -133863, -490658, -1138 
1721741916126.00, -133922, -493592, -1138 
1721741916148.00, -134028, -496506, -1118 
1721741916169.00, -134010, -499426, -1115 
1721741916192.00, -134037, -502365, -1138 
1721741916214.00, -133998, -505273, -1140 
1721741916236.00, -133985, -508211, -1110 
1721741916257.00, -133822, -511139, -1105 
1721741916279.00, -133717, -514056, -1094 
1721741916300.00, -133707, -517000, -1065 
1721741916323.00, -133808, -519920, -1040 
1721741916344.00, -133673, -522834, -1039 
1721741916366.00, -133849, -525760, -1032 
1721741916388.00, -133906, -528681, -1033 
1721741916410.00, -133969, -531606, -1043 
1721741916432.00, -133968, -534532, -1051 
1721741916454.00, -134014, -537451, -1038 
1721741916476.00, -133964, -540385, -1027 
1721741916497.00, -133856, -543325, -1062 
1721741916519.00, -133807, -546237, -1071 
1721741916540.00, -133986, -549179, -1093 
1721741916562.00, -133600, -552099, -1109 
1721741916585.00, -133827, -555003, -1110 
1721741916606.00, -133922, -557933, -1064 
1721741916628.00, -134036, -560856, -1088 
1721741916650.00, -133983, -563772, -1122 
1721741916672.00, -133942, -566709, -1121 
1721741916694.00, -134001, -569643, -1118 
1721741916715.00, -133786, -572558, -1160 
1721741916737.00, -133801, -575490, -1133 
1721741916758.00, -133739, -578402, -1056 
1721741916780.00, -133815, -581332, -1048 
1721741916803.00, -133803, -584244, -999 
1721741916825.00, -133837, -587148, -944 
1721741916847.00, -133010, -590063, -888 
1721741916869.00, -129245, -592944, -771 
1721741916891.00, -72146, -595725, -661 
1721741916912.00, -38444, -597294, -590 
1721741916934.00, -18954, -598144, -433 
1721741916955.00, -7645, -598573, -301 
1721741916977.00, -1208, -598745, -201 
1721741916999.00, 2097, -598773, -131 
1721741917020.00, 4392, -598724, 91 
1721741917042.00, 11181, -598616, 352 
1721741917063.00, 30502, -598356, 678 
1721741917085.00, 61643, -597706, 759 
1721741917107.00, 85097, -596380, 841 
1721741917129.00, 103845, -594526, 967 
1721741917149.00, 121900, -592257, 1029 
1721741917171.00, 132444, -589577, 1011 
1721741917192.00, 134218, -586675, 1041 
1721741917215.00, 133966, -583737, 1045 
1721741917236.00, 133941, -580815, 1065 
1721741917258.00, 133956, -577883, 1086 
1721741917280.00, 133919, -574956, 1073 
1721741917302.00, 133982, -572041, 1078 
1721741917323.00, 133946, -569112, 1051 
1721741917351.00, 133807, -566183, 1053 
1721741917367.00, 134005, -563254, 1043 
1721741917389.00, 134074, -560334, 1044 
1721741917410.00, 133748, -557401, 1058 
1721741917433.00, 133769, -554482, 1059 
1721741917457.00, 133789, -551562, 1043 
1721741917476.00, 133721, -548630, 1090 
1721741917498.00, 133810, -545714, 1054 
1721741917520.00, 133969, -542795, 1067 
1721741917541.00, 133910, -539860, 1063 
1721741917565.00, 133950, -536936, 1042 
1721741917585.00, 134131, -534005, 1056 
1721741917607.00, 133727, -531074, 1060 
1721741917629.00, 133888, -528147, 1057 
1721741917650.00, 133958, -525227, 1059 
1721741917675.00, 133978, -522309, 1074 
1721741917695.00, 134111, -519384, 1081 
1721741917716.00, 133817, -516450, 1074 
1721741917738.00, 133694, -513527, 1077 
1721741917759.00, 133717, -510600, 1090 
1721741917783.00, 133827, -507671, 1098 
1721741917803.00, 133925, -504744, 1109 
1721741917825.00, 133811, -501824, 1122 
1721741917847.00, 133805, -498890, 1125 
1721741917868.00, 133863, -495969, 1132 
1721741917894.00, 133886, -493043, 1135 
1721741917912.00, 133842, -490122, 1140 
1721741917934.00, 134023, -487193, 1130 
1721741917956.00, 133786, -484264, 1125 
1721741917977.00, 133747, -481332, 1113 
1721741918006.00, 133705, -478398, 1097 
1721741918021.00, 133752, -475478, 1092 
1721741918044.00, 134064, -472557, 1107 
1721741918065.00, 133934, -469632, 1113 
1721741918087.00, 134039, -466703, 1094 
1721741918109.00, 133953, -463789, 1080 
1721741918131.00, 133740, -460867, 1053 
1721741918152.00, 133711, -457939, 1027 
1721741918174.00, 133662, -455014, 1007 
1721741918196.00, 133696, -452087, 1014 
1721741918223.00, 133850, -449162, 999 
1721741918241.00, 133849, -446252, 988 
1721741918263.00, 133945, -443336, 982 
1721741918284.00, 134031, -440435, 969 
1721741918305.00, 134003, -437515, 949 
1721741918328.00, 133466, -434601, 922 
1721741918349.00, 131545, -431707, 894 
1721741918371.00, 73913, -428865, 830 
1721741918393.00, 40038, -427250, 937 
1721741918414.00, 19879, -426383, 751 
1721741918438.00, 8497, -425935, 647 
1721741918457.00, 1381, -425755, 513 
1721741918479.00, -2260, -425736, 235 
1721741918500.00, -4694, -425796, -4 
1721741918522.00, -6404, -425909, -254 
1721741918548.00, -21758, -426059, -545 
1721741918565.00, -48509, -426532, -818 
1721741918586.00, -80854, -427558, -825 
1721741918608.00, -100548, -429317, -937 
1721741918629.00, -118776, -431517, -1026 
1721741918652.00, -130569, -434130, -1038 
1721741918673.00, -134180, -436997, -1047 
1721741918694.00, -133960, -439918, -1022 
1721741918718.00, -133944, -442850, -993 
1721741918739.00, -134009, -445765, -971 
1721741918763.00, -134035, -448666, -983 
1721741918783.00, -133803, -451610, -983 
1721741918807.00, -133925, -454511, -961 
1721741918825.00, -133917, -457422, -999 
1721741918847.00, -134081, -460342, -1012 
1721741918868.00, -134037, -463263, -1037 
1721741918890.00, -133979, -466189, -1082 
1721741918912.00, -134098, -469134, -1135 
1721741918933.00, -133938, -472047, -1136 
1721741918955.00, -133979, -474980, -1143 
1721741918983.00, -134086, -477922, -1150 
1721741918999.00, -133571, -480834, -1165 
1721741919021.00, -134006, -483763, -1126 
1721741919043.00, -134037, -486694, -1134 
1721741919065.00, -133926, -489604, -1130 
1721741919089.00, -133961, -492541, -1150 
1721741919108.00, -133964, -495466, -1117 
1721741919130.00, -133916, -498382, -1092 
1721741919152.00, -133952, -501327, -1078 
1721741919173.00, -133852, -504254, -1093 
1721741919195.00, -133827, -507176, -1080 
1721741919217.00, -133808, -510101, -1061 
1721741919239.00, -133869, -513029, -1072 
1721741919261.00, -133951, -515943, -1087 
1721741919283.00, -133952, -518872, -1056 
1721741919305.00, -134179, -521788, -1042 
1721741919326.00, -134093, -524730, -1053 
1721741919347.00, -133896, -527649, -1066 
1721741919370.00, -133818, -530570, -1056 
1721741919392.00, -133755, -533509, -1059 
1721741919414.00, -133782, -536436, -1079 
1721741919435.00, -133885, -539357, -1106 
1721741919457.00, -133688, -542286, -1110 
1721741919479.00, -133998, -545209, -1141 
1721741919501.00, -133894, -548129, -1170 
1721741919523.00, -133950, -551057, -1168 
1721741919544.00, -133943, -553979, -1167 
1721741919566.00, -133861, -556914, -1163 
1721741919588.00, -133898, -559835, -1190 
1721741919610.00, -133710, -562758, -1189 
1721741919632.00, -133687, -565691, -1134 
1721741919654.00, -133769, -568611, -1060 
1721741919676.00, -133599, -571507, -1034 
1721741919697.00, -133857, -574449, -1024 
1721741919719.00, -134035, -577364, -1043 
1721741919743.00, -134060, -580282, -1042 
1721741919763.00, -134012, -583214, -1046 
1721741919785.00, -133962, -586131, -1021 
1721741919807.00, -133727, -589057, -958 
1721741919829.00, -133644, -591964, -831 
1721741919852.00, -125680, -594846, -648 
1721741919872.00, -70196, -597552, -460 
1721741919894.00, -37426, -599083, -351 
1721741919915.00, -18183, -599896, -194 
1721741919937.00, -7369, -600304, -64 
1721741919958.00, -1105, -600457, 89 
1721741919980.00, 7522, -600479, 213 
1721741920001.00, 20401, -600331, 350 
1721741920023.00, 36184, -599895, 530 
1721741920045.00, 56294, -599124, 675 
1721741920067.00, 76909, -597918, 727 
1721741920089.00, 92191, -596246, 772 
1721741920110.00, 103803, -594235, 866 
1721741920132.00, 116425, -591976, 918 
1721741920153.00, 126918, -589420, 921 
1721741920175.00, 132886, -586656, 956 
1721741920197.00, 134038, -583764, 962 
1721741920218.00, 133786, -580845, 970 
1721741920242.00, 133950, -577928, 978 
1721741920262.00, 133945, -575021, 976 
1721741920284.00, 133941, -572106, 983 
1721741920305.00, 133857, -569187, 988 
1721741920327.00, 133962, -566271, 986 
1721741920349.00, 133962, -563359, 970 
1721741920370.00, 133972, -560441, 963 
1721741920392.00, 134087, -557529, 955 
1721741920414.00, 133960, -554619, 950 
1721741920436.00, 133600, -551706, 964 
1721741920458.00, 133848, -548799, 970 
1721741920480.00, 133781, -545894, 979 
1721741920501.00, 133674, -542982, 993 
1721741920523.00, 133664, -540063, 992 
1721741920545.00, 133817, -537158, 976 
1721741920566.00, 133754, -534240, 974 
1721741920587.00, 133811, -531323, 974 
1721741920609.00, 133902, -528409, 971 
1721741920632.00, 133978, -525501, 971 
1721741920653.00, 133901, -522594, 973 
1721741920675.00, 134040, -519679, 959 
1721741920696.00, 133922, -516763, 974 
1721741920718.00, 134031, -513845, 958 
1721741920740.00, 133926, -510924, 963 
1721741920762.00, 133965, -508009, 974 
1721741920784.00, 133827, -505101, 957 
1721741920805.00, 133873, -502185, 961 
1721741920826.00, 133904, -499260, 969 
1721741920849.00, 133909, -496351, 964 
1721741920871.00, 133996, -493445, 943 
1721741920892.00, 132965, -490532, 933 
1721741920913.00, 131831, -487631, 937 
1721741920936.00, 131398, -484763, 932 
1721741920958.00, 131009, -481896, 929 
1721741920979.00, 130555, -479042, 933 
1721741921001.00, 130571, -476204, 924 
1721741921023.00, 130110, -473374, 925 
1721741921044.00, 129928, -470546, 926 
1721741921066.00, 129715, -467723, 910 
1721741921088.00, 128620, -464894, 919 
1721741921109.00, 128439, -462092, 921 
1721741921130.00, 128672, -459294, 917 
1721741921153.00, 128626, -456501, 917 
1721741921175.00, 128591, -453701, 918 
1721741921196.00, 128422, -450921, 915 
1721741921218.00, 128069, -448121, 891 
1721741921240.00, 126581, -445326, 889 
1721741921261.00, 125345, -442569, 901 
1721741921283.00, 125529, -439848, 879 
1721741921305.00, 124302, -437121, 862 
1721741921326.00, 122534, -434419, 843 
1721741921348.00, 120155, -431758, 810 
1721741921370.00, 67840, -429156, 752 
1721741921392.00, 36484, -427683, 909 
1721741921413.00, 18254, -426884, 766 
1721741921435.00, 7666, -426473, 732 
1721741921456.00, 1073, -426305, 636 
1721741921478.00, -2342, -426284, 438 
1721741921499.00, -4787, -426338, 201 
1721741921520.00, -5659, -426463, -58 
1721741921542.00, -10171, -426600, -249 
1721741921565.00, -23646, -426841, -559 
1721741921586.00, -50137, -427357, -744 
1721741921607.00, -77228, -428425, -761 
1721741921629.00, -94443, -430099, -842 
1721741921651.00, -109345, -432163, -949 
1721741921673.00, -124327, -434555, -971 
1721741921693.00, -133546, -437274, -938 
1721741921718.00, -134208, -440167, -951 
1721741921738.00, -134022, -443100, -967 
1721741921759.00, -133899, -446018, -992 
1721741921780.00, -134168, -448919, -1013 
1721741921803.00, -134001, -451866, -999 
1721741921825.00, -133981, -454783, -1017 
1721741921845.00, -133952, -457709, -1096 
1721741921867.00, -133996, -460643, -1071 
1721741921889.00, -134019, -463547, -1044 
1721741921911.00, -134068, -466478, -1042 
1721741921933.00, -133923, -469409, -1077 
1721741921955.00, -133842, -472331, -1040 
1721741921976.00, -133885, -475254, -1052 
1721741921998.00, -133937, -478191, -1069 
1721741922020.00, -133991, -481107, -1076 
1721741922041.00, -133920, -484048, -1061 
1721741922063.00, -133965, -486977, -1077 
1721741922085.00, -133836, -489886, -1105 
1721741922107.00, -134084, -492819, -1062 
1721741922128.00, -134131, -495737, -1072 
1721741922151.00, -133942, -498663, -1093 
1721741922173.00, -134011, -501600, -1081 
1721741922194.00, -134032, -504520, -1043 
1721741922216.00, -133907, -507448, -1052 
1721741922237.00, -133804, -510385, -1060 
1721741922264.00, -133968, -513302, -1029 
1721741922281.00, -133984, -516237, -1035 
1721741922303.00, -133927, -519163, -1036 
1721741922325.00, -133976, -522073, -1025 
1721741922348.00, -134017, -525016, -994 
1721741922369.00, -133848, -527921, -1008 
1721741922391.00, -133932, -530836, -976 
1721741922413.00, -133884, -533768, -962 
1721741922435.00, -133772, -536680, -965 
1721741922457.00, -133876, -539585, -956 
1721741922481.00, -133791, -542508, -966 
1721741922500.00, -133970, -545410, -987 
1721741922520.00, -134057, -548316, -1008 
1721741922543.00, -134060, -551248, -1014 
1721741922565.00, -134153, -554170, -1011 
1721741922586.00, -134026, -557098, -1023 
1721741922608.00, -133987, -560035, -1043 
1721741922629.00, -133916, -562951, -1035 
1721741922652.00, -133810, -565886, -1019 
1721741922673.00, -133626, -568807, -1042 
1721741922695.00, -133782, -571722, -1022 
1721741922717.00, -133654, -574655, -1027 
1721741922739.00, -133816, -577566, -1059 
1721741922760.00, -133736, -580485, -1058 
1721741922783.00, -133687, -583421, -1011 
1721741922810.00, -133726, -586326, -957 
1721741922827.00, -133871, -589238, -923 
1721741922849.00, -131787, -592149, -855 
1721741922871.00, -126258, -595000, -744 
1721741922892.00, -70452, -597712, -597 
1721741922914.00, -37753, -599249, -521 
1721741922936.00, -18516, -600076, -360 
1721741922957.00, -7304, -600490, -202 
1721741922978.00, -976, -600652, -55 
1721741923000.00, 2158, -600667, 85 
1721741923022.00, 9459, -600616, 283 
1721741923043.00, 25584, -600414, 373 
1721741923065.00, 40392, -599865, 628 
1721741923087.00, 64658, -599000, 730 
1721741923107.00, 85145, -597597, 791 
1721741923129.00, 100867, -595750, 889 
1721741923152.00, 115834, -593532, 958 
1721741923173.00, 128763, -591003, 938 
1721741923195.00, 134389, -588199, 928 
1721741923217.00, 134094, -585274, 918 
1721741923239.00, 133956, -582356, 933 
1721741923260.00, 134117, -579441, 923 
1721741923282.00, 133939, -576527, 894 
1721741923304.00, 133962, -573608, 897 
1721741923325.00, 133876, -570692, 903 
1721741923347.00, 134170, -567775, 891 
1721741923369.00, 134007, -564870, 893 
1721741923391.00, 133924, -561957, 904 
1721741923412.00, 134027, -559042, 895 
1721741923434.00, 133846, -556126, 889 
1721741923455.00, 133878, -553212, 884 
1721741923477.00, 133881, -550300, 860 
1721741923499.00, 132319, -547386, 860 
1721741923521.00, 131418, -544500, 886 
1721741923542.00, 132234, -541650, 860 
1721741923565.00, 131175, -538777, 863 
1721741923586.00, 130358, -535930, 875 
1721741923608.00, 130599, -533092, 864 
1721741923630.00, 129915, -530247, 862 
1721741923651.00, 129490, -527411, 852 
1721741923673.00, 128396, -524590, 859 
1721741923694.00, 128183, -521803, 882 
1721741923717.00, 129349, -519019, 888 
1721741923738.00, 130287, -516202, 889 
1721741923760.00, 130659, -513371, 902 
1721741923782.00, 131606, -510518, 891 
1721741923803.00, 131487, -507639, 877 
1721741923825.00, 130678, -504773, 882 
1721741923847.00, 130407, -501948, 879 
1721741923868.00, 130263, -499100, 879 
1721741923890.00, 129791, -496274, 883 
1721741923912.00, 129863, -493453, 890 
1721741923934.00, 130056, -490629, 892 
1721741923955.00, 130173, -487799, 897 
1721741923977.00, 130479, -484958, 906 
1721741923999.00, 131375, -482111, 902 
1721741924020.00, 131518, -479258, 924 
1721741924042.00, 132953, -476397, 936 
1721741924064.00, 134104, -473507, 939 
1721741924086.00, 134064, -470588, 937 
1721741924108.00, 133914, -467676, 924 
1721741924129.00, 133918, -464759, 899 
1721741924151.00, 132441, -461836, 876 
1721741924172.00, 130175, -458958, 856 
1721741924195.00, 127777, -456131, 840 
1721741924216.00, 125200, -453364, 833 
1721741924238.00, 123196, -450640, 830 
1721741924259.00, 121866, -447970, 812 
1721741924281.00, 119861, -445315, 795 
1721741924303.00, 117674, -442710, 780 
1721741924325.00, 115619, -440158, 765 
1721741924346.00, 113094, -437655, 753 
1721741924368.00, 110743, -435192, 731 
1721741924390.00, 108223, -432790, 683 
1721741924412.00, 103964, -430437, 651 
1721741924433.00, 59787, -428207, 623 
1721741924457.00, 33572, -426899, 697 
1721741924477.00, 18027, -426154, 670 
1721741924498.00, 8938, -425749, 690 
1721741924520.00, 3441, -425547, 702 
1721741924541.00, 123, -425469, 649 
1721741924566.00, -1425, -425465, 537 
1721741924584.00, -2816, -425497, 335 
1721741924605.00, -3545, -425577, 77 
1721741924627.00, -3621, -425676, -192 
1721741924649.00, -15444, -425769, -310 
1721741924670.00, -29193, -426110, -691 
1721741924692.00, -60356, -426735, -768 
1721741924713.00, -83619, -428031, -792 
1721741924735.00, -98765, -429837, -878 
1721741924756.00, -112723, -431996, -904 
1721741924778.00, -122378, -434460, -849 
1721741924800.00, -124721, -437123, -826 
1721741924822.00, -124846, -439833, -806 
1721741924843.00, -123425, -442547, -753 
1721741924865.00, -119186, -445236, -725 
1721741924887.00, -115007, -447818, -741 
1721741924909.00, -113391, -450312, -748 
1721741924931.00, -112738, -452785, -763 
1721741924952.00, -112928, -455242, -786 
1721741924974.00, -114557, -457706, -817 
1721741924999.00, -117437, -460203, -846 
1721741925017.00, -120799, -462761, -876 
1721741925039.00, -124573, -465384, -895 
1721741925061.00, -128026, -468117, -901 
1721741925083.00, -130204, -470901, -916 
1721741925108.00, -132263, -473733, -917 
1721741925126.00, -133592, -476617, -926 
1721741925148.00, -134118, -479515, -913 
1721741925169.00, -133987, -482420, -918 
1721741925191.00, -133928, -485356, -910 
1721741925213.00, -133778, -488257, -905 
1721741925234.00, -133336, -491174, -892 
1721741925256.00, -132349, -494084, -864 
1721741925278.00, -129746, -496960, -892 
1721741925300.00, -130024, -499788, -925 
1721741925321.00, -132133, -502613, -948 
1721741925344.00, -134133, -505485, -951 
1721741925365.00, -133956, -508408, -961 
1721741925387.00, -133886, -511329, -967 
1721741925408.00, -133719, -514224, -936 
1721741925430.00, -132563, -517160, -909 
1721741925452.00, -130331, -520036, -894 
1721741925474.00, -127784, -522867, -886 
1721741925495.00, -126084, -525655, -883 
1721741925517.00, -125061, -528386, -881 
1721741925539.00, -124085, -531098, -880 
1721741925560.00, -123401, -533815, -869 
1721741925582.00, -122445, -536498, -850 
1721741925604.00, -120815, -539149, -852 
1721741925626.00, -119960, -541777, -862 
1721741925649.00, -120063, -544384, -862 
1721741925669.00, -119999, -546980, -864 
1721741925691.00, -120015, -549615, -844 
1721741925712.00, -119012, -552222, -845 
1721741925734.00, -118504, -554800, -866 
1721741925756.00, -119365, -557381, -885 
1721741925778.00, -121006, -559984, -880 
1721741925799.00, -121763, -562612, -910 
1721741925821.00, -123856, -565273, -935 
1721741925842.00, -126979, -567966, -944 
1721741925867.00, -129249, -570726, -971 
1721741925885.00, -131388, -573538, -1013 
1721741925907.00, -132500, -576415, -1022 
1721741925929.00, -133455, -579298, -1015 
1721741925951.00, -133671, -582225, -1060 
1721741925972.00, -133744, -585144, -1078 
1721741925994.00, -133887, -588058, -1054 
1721741926016.00, -133476, -590982, -1004 
1721741926039.00, -133566, -593899, -899 
1721741926061.00, -74816, -596765, -778 
1721741926082.00, -40056, -598414, -760 
1721741926104.00, -19818, -599288, -597 
1721741926125.00, -8202, -599736, -465 
1721741926147.00, -1513, -599926, -408 
1721741926168.00, 1711, -599962, -299 
1721741926190.00, 4160, -599927, -121 
1721741926212.00, 5616, -599822, 96 
1721741926233.00, 12273, -599685, 341 
1721741926255.00, 30292, -599419, 514 
1721741926277.00, 51764, -598779, 620 
1721741926299.00, 70797, -597668, 691 
1721741926324.00, 86119, -596134, 770 
1721741926341.00, 99960, -594255, 825 
1721741926363.00, 111225, -592088, 860 
1721741926385.00, 120091, -589648, 872 
1721741926407.00, 125976, -587038, 879 
1721741926432.00, 129613, -584292, 884 
1721741926450.00, 131967, -581466, 876 
1721741926471.00, 132778, -578597, 875 
1721741926493.00, 132971, -575720, 854 
1721741926516.00, 131789, -572825, 825 
1721741926537.00, 129234, -569957, 813 
1721741926559.00, 126685, -567142, 811 
1721741926581.00, 125026, -564388, 815 
1721741926602.00, 124091, -561675, 838 
1721741926624.00, 124880, -558975, 837 
1721741926650.00, 125220, -556254, 818 
1721741926668.00, 124060, -553528, 831 
1721741926689.00, 124330, -550827, 839 
1721741926711.00, 124923, -548118, 845 
1721741926733.00, 125482, -545409, 860 
1721741926755.00, 126618, -542676, 872 
1721741926776.00, 127808, -539914, 899 
1721741926798.00, 130161, -537123, 893 
1721741926819.00, 131282, -534296, 909 
1721741926841.00, 132556, -531436, 922 
1721741926862.00, 134069, -528545, 924 
1721741926885.00, 133935, -525631, 932 
1721741926907.00, 133905, -522722, 951 
1721741926928.00, 133991, -519803, 957 
1721741926950.00, 133873, -516886, 966 
1721741926972.00, 133900, -513970, 982 
1721741926994.00, 133970, -511049, 978 
1721741927015.00, 134132, -508128, 988 
1721741927037.00, 134029, -505219, 992 
1721741927057.00, 134006, -502308, 1002 
1721741927079.00, 134030, -499372, 1003 
1721741927101.00, 134053, -496445, 1018 
1721741927122.00, 134043, -493532, 1026 
1721741927145.00, 133808, -490596, 1030 
1721741927166.00, 133836, -487668, 1028 
1721741927188.00, 134052, -484734, 1017 
1721741927209.00, 133852, -481809, 1007 
1721741927232.00, 133935, -478884, 985 
1721741927254.00, 133947, -475966, 979 
1721741927277.00, 133988, -473061, 956 
1721741927298.00, 133960, -470153, 945 
1721741927320.00, 133983, -467236, 935 
1721741927341.00, 133892, -464318, 928 
1721741927364.00, 133994, -461408, 924 
1721741927385.00, 133989, -458486, 931 
1721741927408.00, 134004, -455575, 933 
1721741927429.00, 133907, -452657, 935 
1721741927450.00, 134127, -449746, 937 
1721741927472.00, 133712, -446826, 923 
1721741927494.00, 133964, -443919, 907 
1721741927516.00, 133554, -441017, 887 
1721741927538.00, 132200, -438110, 855 
1721741927559.00, 129179, -435238, 810 
1721741927580.00, 124730, -432432, 775 
1721741927602.00, 72535, -429741, 738 
1721741927624.00, 41502, -428174, 852 
1721741927646.00, 23093, -427265, 683 
1721741927667.00, 12361, -426745, 629 
1721741927689.00, 5970, -426475, 487 
1721741927710.00, 2155, -426353, 275 
1721741927738.00, -5, -426321, 53 
1721741927753.00, -555, -426328, -158 
1721741927774.00, -10648, -426353, -304 
1721741927796.00, -25088, -426595, -586 
1721741927817.00, -50946, -427142, -682 
1721741927840.00, -72150, -428234, -719 
1721741927861.00, -86784, -429796, -793 
1721741927883.00, -99936, -431696, -832 
1721741927905.00, -109985, -433859, -828 
1721741927926.00, -115900, -436264, -810 
1721741927948.00, -118030, -438787, -785 
1721741927970.00, -117787, -441358, -784 
1721741927992.00, -117482, -443927, -791 
1721741928012.00, -117909, -446474, -791 
1721741928035.00, -117821, -449021, -791 
1721741928056.00, -117687, -451614, -803 
1721741928077.00, -118287, -454162, -810 
1721741928100.00, -118903, -456728, -824 
1721741928121.00, -120069, -459319, -830 
1721741928143.00, -120979, -461936, -843 
1721741928165.00, -122334, -464572, -847 
1721741928187.00, -123288, -467241, -860 
1721741928209.00, -124620, -469927, -871 
1721741928230.00, -126100, -472627, -884 
1721741928252.00, -127570, -475374, -905 
1721741928275.00, -129538, -478157, -901 
1721741928295.00, -130640, -480986, -899 
1721741928317.00, -131045, -483833, -911 
1721741928339.00, -131938, -486676, -897 
1721741928360.00, -131709, -489530, -887 
1721741928386.00, -130872, -492405, -881 
1721741928404.00, -129829, -495243, -865 
1721741928425.00, -128216, -498059, -862 
1721741928448.00, -127136, -500863, -857 
1721741928469.00, -126009, -503636, -836 
1721741928491.00, -124021, -506363, -847 
1721741928513.00, -123493, -509063, -860 
1721741928534.00, -123872, -511741, -845 
1721741928556.00, -123052, -514426, -815 
1721741928578.00, -120772, -517133, -845 
1721741928600.00, -121196, -519762, -838 
1721741928621.00, -121012, -522380, -802 
1721741928643.00, -118801, -525020, -820 
1721741928665.00, -118503, -527605, -838 
1721741928687.00, -119288, -530180, -832 
1721741928708.00, -119355, -532785, -824 
1721741928729.00, -118847, -535376, -825 
1721741928751.00, -118667, -537956, -837 
1721741928773.00, -119203, -540549, -832 
1721741928795.00, -119054, -543153, -821 
1721741928817.00, -118505, -545732, -816 
1721741928838.00, -117779, -548305, -826 
1721741928860.00, -118108, -550871, -811 
1721741928882.00, -117188, -553441, -843 
1721741928904.00, -118672, -556000, -921 
1721741928925.00, -124141, -558585, -964 
1721741928947.00, -129599, -561281, -939 
1721741928969.00, -131819, -564097, -972 
1721741928991.00, -133980, -566978, -987 
1721741929012.00, -133914, -569889, -910 
1721741929034.00, -132430, -572794, -875 
1721741929055.00, -129270, -575681, -835 
1721741929078.00, -124967, -578483, -771 
1721741929099.00, -118568, -581198, -741 
1721741929121.00, -112791, -583762, -747 
1721741929142.00, -109719, -586213, -737 
1721741929166.00, -107366, -588602, -688 
1721741929186.00, -103075, -590933, -648 
1721741929208.00, -97965, -593166, -613 
1721741929229.00, -55388, -595268, -542 
1721741929251.00, -30174, -596475, -499 
1721741929273.00, -15266, -597152, -424 
1721741929294.00, -6675, -597501, -360 
1721741929316.00, -1827, -597654, -321 
1721741929337.00, 284, -597698, -300 
1721741929359.00, 1999, -597697, -270 
1721741929380.00, 3097, -597656, -218 
1721741929403.00, 3625, -597587, -187 
1721741929424.00, 4047, -597505, -168 
1721741929445.00, 4032, -597417, -153 
1721741929467.00, 4206, -597325, -143 
1721741929489.00, 4198, -597237, -138 
1721741929510.00, 4124, -597140, -122 
1721741929532.00, 3876, -597050, -102 
1721741929553.00, 3842, -596962, -89 
1721741929575.00, 3815, -596880, -91 
1721741929597.00, 3751, -596798, -89 
1721741929618.00, 3628, -596716, -72 
1721741929640.00, 3380, -596636, -64 
1721741929665.00, 3402, -596559, -59 
1721741929683.00, 3382, -596486, -55 
1721741929704.00, 3377, -596412, -46 
1721741929766.00, 3353, -596340, -48 
1721741929766.00, 3060, -596268, -47 
1721741929768.00, 3002, -596204, -44 
1721741929790.00, 0, -596139, -89 
1721741929811.00, 0, -596128, -90 
1721741929833.00, 0, -596126, -90 
1721741929854.00, 0, -596128, -87 
1721741929875.00, 0, -596128, -85 
1721741929895.00, 0, -596128, -78 
1721741929917.00, 0, -596125, -68 
1721741929938.00, 0, -596125, -56 
1721741929959.00, 0, -596125, -53 
1721741929979.00, 0, -596126, -61 
1721741930001.00, 0, -596126, -65 
1721741930022.00, 0, -596126, -54 
1721741930042.00, 0, -596125, -55 
1721741930064.00, 0, -596126, -61 
1721741930085.00, 0, -596125, -62 
1721741930105.00, 0, -596125, -52 
1721741930127.00, -1, -596126, -60 
1721741930148.00, 0, -596125, -60 
1721741930169.00, 0, -596125, -59 
1721741930190.00, 0, -596125, -53 
1721741930211.00, 0, -596126, -63 
1721741930232.00, 0, -596125, -59 
1721741930253.00, 0, -596126, -57 
1721741930274.00, 0, -596125, -58 
1721741930295.00, 0, -596125, -62 
1721741930316.00, 0, -596125, -58 
1721741930337.00, 0, -596126, -56 
1721741930358.00, 0, -596125, -63 
1721741930379.00, 0, -596125, -58 
1721741930400.00, 0, -596125, -58 
1721741930421.00, 0, -596126, -57 
1721741930443.00, 0, -596126, -62 
1721741930463.00, 0, -596126, -56 
1721741930485.00, 0, -596126, -59 
1721741930506.00, 0, -596125, -58 
1721741930527.00, 0, -596125, -60 
1721741930553.00, 0, -596126, -58 
1721741930568.00, 0, -596125, -58 
1721741930589.00, 0, -596125, -59 
1721741930610.00, 0, -596125, -59 
1721741930632.00, 0, -596126, -57 
1721741930653.00, 0, -596125, -59 
1721741930673.00, 0, -596126, -59 
1721741930694.00, 0, -596126, -58 
1721741930715.00, 0, -596125, -58 
1721741930737.00, 0, -596125, -59 
1721741930758.00, 0, -596126, -59 
1721741930779.00, 0, -596126, -58 
1721741930800.00, 0, -596126, -59 
1721741930821.00, 0, -596126, -59 
1721741930842.00, 0, -596125, -58 
1721741930874.00, 0, -596126, -59 
1721741930883.00, 0, -596125, -59 
1721741930904.00, 0, -596125, -58 
1721741930926.00, 0, -596126, -59 
1721741930947.00, 0, -596125, -59 
1721741930967.00, 0, -596125, -59 
1721741930989.00, 0, -596126, -58 
1721741931010.00, 0, -596126, -59 
1721741931031.00, 0, -596125, -59 
1721741931052.00, 0, -596126, -58 
1721741931073.00, 0, -596126, -59 
1721741931094.00, 0, -596126, -59 
1721741931115.00, 0, -596125, -58 
1721741931136.00, 0, -596126, -59 
1721741931157.00, 0, -596126, -59 
1721741931178.00, 0, -596126, -58 
1721741931199.00, 0, -596126, -59 
1721741931220.00, 0, -596126, -59 
1721741931241.00, 0, -596125, -59 
1721741931262.00, 0, -596125, -58 
1721741931283.00, 0, -596126, -59 
1721741931304.00, 0, -596125, -59 
1721741931325.00, 0, -596126, -58 
1721741931347.00, 0, -596126, -59 
1721741931368.00, 0, -596126, -59 
1721741931388.00, 0, -596126, -58 
1721741931409.00, 0, -596126, -59 
1721741931431.00, 0, -596126, -59 
1721741931451.00, 0, -596126, -59 
1721741931472.00, 0, -596126, -58 
1721741931494.00, 0, -596126, -59 
1721741931515.00, 0, -596126, -59 
1721741931535.00, 0, -596126, -59 
1721741931556.00, 0, -596126, -59 
1721741931578.00, 0, -596125, -59 
1721741931599.00, 0, -596126, -58 
1721741931620.00, 0, -596125, -59 
1721741931641.00, 0, -596126, -59 
1721741931661.00, 0, -596125, -58 
1721741931683.00, 0, -596126, -59 
1721741931704.00, 0, -596125, -59 
1721741931725.00, 0, -596125, -59 
1721741931746.00, 0, -596126, -59 
1721741931767.00, 0, -596126, -59 
1721741931789.00, 0, -596126, -59 
1721741931809.00, 0, -596126, -58 
1721741931830.00, 0, -596126, -59 
1721741931851.00, 0, -596126, -59 
1721741931872.00, 0, -596126, -59 
1721741931893.00, 0, -596126, -59 
1721741931914.00, 0, -596126, -59 
1721741931936.00, 0, -596128, -58 
1721741931956.00, 0, -596126, -59 
1721741931977.00, 0, -596126, -59 
1721741931998.00, 0, -596126, -59 
1721741932019.00, 0, -596125, -58 
1721741932041.00, 0, -596126, -59 
1721741932062.00, 0, -596125, -59 
1721741932083.00, 0, -596125, -58 
1721741932104.00, 0, -596126, -59 
1721741932124.00, 0, -596126, -59 
1721741932145.00, 0, -596126, -59 
1721741932166.00, 0, -596125, -59 
1721741932187.00, 0, -596126, -59 
1721741932209.00, 0, -596128, -59 
1721741932229.00, 0, -596126, -59 
1721741932251.00, 0, -596126, -59 
1721741932271.00, 0, -596126, -59 
1721741932292.00, 0, -596125, -59 
1721741932313.00, 0, -596126, -59 
1721741932334.00, 0, -596126, -59 
1721741932356.00, 0, -596126, -59 
1721741932377.00, 0, -596126, -59 
1721741932398.00, 0, -596125, -59 
1721741932431.00, 0, -596125, -59 
1721741932440.00, 0, -596126, -59 
1721741932461.00, 0, -596126, -59 
1721741932482.00, 0, -596126, -59 
1721741932502.00, 0, -596126, -59 
1721741932524.00, 0, -596126, -59 
1721741932545.00, 0, -596126, -59 
1721741932565.00, 0, -596126, -59 
1721741932587.00, 0, -596126, -59 
1721741932608.00, 0, -596126, -59 
1721741932631.00, 0, -596126, -59 
1721741932650.00, 0, -596128, -59 
1721741932670.00, 0, -596126, -59 
1721741932692.00, 0, -596126, -59 
1721741932713.00, 0, -596126, -59 
