1720447827558.00, -1, -599032, -604 
1720447827579.00, -62, -599032, -598 
1720447827600.00, 0, -599033, -598 
1720447827621.00, 0, -599033, -595 
1720447827643.00, 0, -599032, -588 
1720447827664.00, 0, -599032, -590 
1720447827685.00, 0, -599032, -591 
1720447827707.00, 0, -599032, -584 
1720447827728.00, 0, -599031, -578 
1720447827749.00, 0, -599032, -579 
1720447827773.00, 0, -599032, -575 
1720447827791.00, 0, -599032, -571 
1720447827812.00, 5, -599032, -567 
1720447827834.00, -4, -599032, -567 
1720447827855.00, 1, -599030, -564 
1720447827877.00, 0, -599031, -560 
1720447827898.00, 0, -599031, -559 
1720447827920.00, 0, -599031, -559 
1720447827941.00, 0, -599031, -554 
1720447827962.00, 0, -599031, -551 
1720447827983.00, 0, -599031, -551 
1720447828004.00, 0, -599031, -548 
1720447828026.00, 0, -599031, -546 
1720447828047.00, 0, -599031, -546 
1720447828069.00, -28, -599030, -543 
1720447828089.00, 0, -599031, -538 
1720447828111.00, 0, -599030, -537 
1720447828133.00, 0, -599030, -535 
1720447828154.00, 0, -599030, -532 
1720447828175.00, -65, -599030, -532 
1720447828205.00, 0, -599030, -532 
1720447828217.00, 0, -599030, -531 
1720447828239.00, 0, -599030, -530 
1720447828261.00, 0, -599030, -529 
1720447828281.00, 0, -599030, -532 
1720447828303.00, 0, -599030, -533 
1720447828324.00, 0, -599030, -534 
1720447828346.00, 0, -599031, -534 
1720447828367.00, 0, -599031, -533 
1720447828388.00, 0, -599031, -534 
1720447828409.00, 0, -599030, -535 
1720447828430.00, 0, -599032, -535 
1720447828451.00, 0, -599030, -534 
1720447828473.00, 0, -599031, -532 
1720447828494.00, 0, -599030, -531 
1720447828515.00, 0, -599031, -531 
1720447828537.00, 0, -599030, -530 
1720447828558.00, 0, -599030, -530 
1720447828579.00, 0, -599030, -527 
1720447828601.00, 0, -599031, -525 
1720447828622.00, 0, -599030, -524 
1720447828643.00, 0, -599030, -523 
1720447828664.00, 0, -599030, -524 
1720447828685.00, 0, -599030, -523 
1720447828707.00, 0, -599030, -520 
1720447828729.00, -59, -599030, -517 
1720447828750.00, 0, -599030, -514 
1720447828770.00, 0, -599030, -512 
1720447828793.00, 0, -599030, -511 
1720447828814.00, 0, -599031, -510 
1720447828835.00, 0, -599030, -509 
1720447828857.00, 0, -599030, -505 
1720447828878.00, 0, -599030, -501 
1720447828899.00, 6, -599030, -496 
1720447828920.00, 0, -599030, -492 
1720447828943.00, 0, -599030, -488 
1720447828969.00, 0, -599029, -480 
1720447828984.00, 0, -599029, -474 
1720447829006.00, -8, -599029, -471 
1720447829028.00, 0, -599029, -464 
1720447829049.00, -2, -599029, -453 
1720447829070.00, 0, -599029, -442 
1720447829091.00, 0, -599028, -432 
1720447829113.00, 0, -599027, -420 
1720447829135.00, 55, -599026, -407 
1720447829155.00, 0, -599026, -398 
1720447829176.00, 46, -599026, -392 
1720447829198.00, 0, -599025, -388 
1720447829219.00, 3, -599026, -381 
1720447829241.00, -29, -599026, -376 
1720447829262.00, 0, -599024, -367 
1720447829283.00, 64, -599024, -339 
1720447829305.00, 12, -599021, -309 
1720447829327.00, 63, -599018, -266 
1720447829348.00, 167, -599015, -211 
1720447829370.00, 178, -599009, -158 
1720447829391.00, 156, -599002, -114 
1720447829412.00, 143, -598996, -77 
1720447829434.00, 115, -598991, -44 
1720447829455.00, 98, -598988, -18 
1720447829477.00, 75, -598985, 6 
1720447829498.00, 60, -598981, 24 
1720447829520.00, 1483, -598979, 37 
1720447829541.00, 3243, -598949, 45 
1720447829562.00, 4801, -598879, 76 
1720447829584.00, 7503, -598771, 138 
1720447829606.00, 12628, -598602, 188 
1720447829629.00, 19236, -598321, 249 
1720447829649.00, 26613, -597907, 322 
1720447829670.00, 34893, -597337, 380 
1720447829692.00, 43814, -596586, 372 
1720447829713.00, 48494, -595639, 586 
1720447829736.00, 64123, -594586, 569 
1720447829757.00, 72429, -593199, 578 
1720447829779.00, 77740, -591630, 671 
1720447829800.00, 86470, -589935, 703 
1720447829822.00, 93641, -588066, 716 
1720447829848.00, 98533, -586035, 763 
1720447829865.00, 104125, -583896, 802 
1720447829886.00, 109842, -581625, 832 
1720447829909.00, 114892, -579229, 870 
1720447829930.00, 120379, -576713, 910 
1720447829952.00, 122746, -574089, 935 
1720447829974.00, 122426, -571434, 983 
1720447829995.00, 122369, -568765, 1032 
1720447830016.00, 122383, -566090, 1067 
1720447830038.00, 122516, -563419, 1098 
1720447830063.00, 122367, -560736, 1131 
1720447830082.00, 122193, -558068, 1184 
1720447830104.00, 122324, -555402, 1212 
1720447830124.00, 122284, -552725, 1234 
1720447830147.00, 122433, -550047, 1267 
1720447830174.00, 122296, -547377, 1265 
1720447830190.00, 122241, -544705, 1280 
1720447830212.00, 122197, -542039, 1254 
1720447830234.00, 122204, -539369, 1253 
1720447830256.00, 122267, -536698, 1280 
1720447830278.00, 122199, -534020, 1232 
1720447830300.00, 122381, -531351, 1217 
1720447830322.00, 122401, -528684, 1227 
1720447830343.00, 122317, -526013, 1202 
1720447830365.00, 122251, -523342, 1224 
1720447830387.00, 122248, -520666, 1241 
1720447830409.00, 122262, -517995, 1244 
1720447830431.00, 122452, -515323, 1289 
1720447830453.00, 122356, -512646, 1331 
1720447830474.00, 122299, -509978, 1369 
1720447830498.00, 122395, -507296, 1403 
1720447830518.00, 122435, -504619, 1426 
1720447830539.00, 122369, -501947, 1439 
1720447830562.00, 122229, -499273, 1469 
1720447830583.00, 122411, -496608, 1481 
1720447830605.00, 122236, -493937, 1489 
1720447830626.00, 122195, -491257, 1476 
1720447830648.00, 122229, -488588, 1461 
1720447830671.00, 122211, -485914, 1454 
1720447830692.00, 122207, -483240, 1448 
1720447830718.00, 122188, -480580, 1434 
1720447830736.00, 122244, -477898, 1426 
1720447830758.00, 122191, -475226, 1405 
1720447830780.00, 122066, -472561, 1401 
1720447830802.00, 122477, -469888, 1406 
1720447830828.00, 122238, -467220, 1413 
1720447830845.00, 122206, -464550, 1417 
1720447830867.00, 122456, -461870, 1422 
1720447830888.00, 122321, -459198, 1411 
1720447830910.00, 122283, -456538, 1393 
1720447830936.00, 122312, -453869, 1362 
1720447830954.00, 122128, -451202, 1328 
1720447830976.00, 122051, -448534, 1257 
1720447830998.00, 122121, -445863, 1167 
1720447831020.00, 122332, -443206, 1077 
1720447831042.00, 122046, -440551, 939 
1720447831064.00, 121927, -437902, 761 
1720447831086.00, 117447, -435256, 572 
1720447831108.00, 103291, -432720, 396 
1720447831129.00, 84225, -430492, 264 
1720447831155.00, 48943, -428697, 146 
1720447831172.00, 28282, -427637, 50 
1720447831194.00, 15455, -427017, -40 
1720447831216.00, 5774, -426666, -72 
1720447831237.00, -1263, -426532, -112 
1720447831259.00, -8293, -426554, -197 
1720447831281.00, -17528, -426727, -260 
1720447831302.00, -27157, -427097, -291 
1720447831323.00, -34429, -427692, -493 
1720447831345.00, -50649, -428436, -528 
1720447831367.00, -62615, -429517, -589 
1720447831389.00, -73195, -430882, -659 
1720447831410.00, -83708, -432470, -712 
1720447831432.00, -93158, -434299, -742 
1720447831453.00, -100555, -436317, -803 
1720447831475.00, -108484, -438523, -828 
1720447831497.00, -114720, -440873, -816 
1720447831519.00, -117623, -443383, -861 
1720447831541.00, -121681, -445943, -902 
1720447831562.00, -122215, -448588, -864 
1720447831584.00, -122248, -451272, -926 
1720447831606.00, -122341, -453927, -931 
1720447831627.00, -122399, -456570, -925 
1720447831649.00, -122296, -459244, -961 
1720447831671.00, -122329, -461898, -980 
1720447831692.00, -122352, -464561, -948 
1720447831714.00, -122331, -467233, -969 
1720447831736.00, -122200, -469888, -990 
1720447831758.00, -122191, -472536, -980 
1720447831779.00, -122268, -475207, -990 
1720447831801.00, -122318, -477876, -990 
1720447831826.00, -122300, -480531, -964 
1720447831844.00, -122394, -483193, -986 
1720447831866.00, -122177, -485850, -997 
1720447831888.00, -122268, -488513, -975 
1720447831910.00, -122396, -491175, -960 
1720447831931.00, -122289, -493838, -985 
1720447831953.00, -122295, -496496, -963 
1720447831975.00, -122491, -499153, -979 
1720447831995.00, -122395, -501821, -1018 
1720447832019.00, -122224, -504498, -998 
1720447832040.00, -122348, -507157, -990 
1720447832061.00, -122378, -509831, -1028 
1720447832083.00, -122359, -512488, -1046 
1720447832104.00, -122393, -515152, -1046 
1720447832126.00, -122310, -517847, -1090 
1720447832155.00, -122286, -520511, -1142 
1720447832170.00, -122192, -523189, -1125 
1720447832191.00, -122210, -525869, -1141 
1720447832214.00, -122380, -528522, -1147 
1720447832234.00, -122233, -531190, -1167 
1720447832257.00, -122149, -533874, -1159 
1720447832279.00, -122277, -536547, -1126 
1720447832301.00, -122343, -539204, -1128 
1720447832322.00, -122260, -541886, -1168 
1720447832344.00, -122519, -544551, -1132 
1720447832369.00, -122349, -547209, -1127 
1720447832388.00, -122104, -549898, -1148 
1720447832410.00, -122246, -552567, -1096 
1720447832432.00, -122296, -555217, -1096 
1720447832453.00, -122323, -557901, -1125 
1720447832477.00, -122238, -560570, -1099 
1720447832497.00, -122194, -563231, -1087 
1720447832519.00, -122208, -565916, -1093 
1720447832540.00, -122301, -568590, -1083 
1720447832563.00, -122226, -571236, -1068 
1720447832584.00, -122345, -573925, -1059 
1720447832606.00, -122238, -576589, -1049 
1720447832627.00, -122219, -579248, -1003 
1720447832651.00, -122222, -581929, -983 
1720447832672.00, -122149, -584577, -969 
1720447832694.00, -122086, -587225, -862 
1720447832716.00, -121552, -589890, -829 
1720447832738.00, -118956, -592516, -776 
1720447832759.00, -114042, -595094, -649 
1720447832781.00, -63717, -597554, -498 
1720447832802.00, -33696, -598947, -452 
1720447832824.00, -16319, -599699, -309 
1720447832846.00, -6569, -600077, -299 
1720447832867.00, -689, -600234, -282 
1720447832889.00, 2216, -600249, -135 
1720447832912.00, 4288, -600202, 72 
1720447832932.00, 9306, -600090, 286 
1720447832953.00, 25462, -599881, 371 
1720447832975.00, 39733, -599324, 765 
1720447832997.00, 72413, -598478, 728 
1720447833020.00, 89470, -596916, 756 
1720447833040.00, 101029, -594979, 856 
1720447833062.00, 113815, -592762, 883 
1720447833084.00, 122268, -590278, 861 
1720447833105.00, 122318, -587627, 885 
1720447833128.00, 122405, -584958, 885 
1720447833149.00, 122358, -582300, 877 
1720447833170.00, 122278, -579640, 895 
1720447833192.00, 122269, -576971, 900 
1720447833213.00, 122344, -574316, 913 
1720447833235.00, 122246, -571662, 955 
1720447833257.00, 122396, -569000, 958 
1720447833279.00, 122530, -566327, 969 
1720447833299.00, 122246, -563672, 1003 
1720447833321.00, 122303, -560999, 1009 
1720447833343.00, 122425, -558323, 1044 
1720447833364.00, 122240, -555660, 1089 
1720447833387.00, 122283, -552979, 1104 
1720447833409.00, 122136, -550299, 1145 
1720447833431.00, 122238, -547635, 1165 
1720447833453.00, 122310, -544959, 1196 
1720447833474.00, 122226, -542289, 1239 
1720447833496.00, 122431, -539620, 1256 
1720447833517.00, 122431, -536947, 1277 
1720447833539.00, 122311, -534263, 1320 
1720447833561.00, 122269, -531591, 1319 
1720447833583.00, 122343, -528922, 1348 
1720447833604.00, 122190, -526245, 1432 
1720447833627.00, 122197, -523576, 1410 
1720447833649.00, 122528, -520896, 1455 
1720447833671.00, 122318, -518220, 1482 
1720447833692.00, 122330, -515552, 1513 
1720447833714.00, 122320, -512874, 1540 
1720447833736.00, 122334, -510212, 1577 
1720447833757.00, 122285, -507529, 1570 
1720447833780.00, 122250, -504857, 1600 
1720447833801.00, 122278, -502184, 1613 
1720447833823.00, 122256, -499509, 1625 
1720447833845.00, 122072, -496843, 1649 
1720447833867.00, 122285, -494166, 1664 
1720447833889.00, 122238, -491489, 1667 
1720447833910.00, 122327, -488819, 1699 
1720447833932.00, 122433, -486142, 1718 
1720447833953.00, 122367, -483472, 1717 
1720447833975.00, 122142, -480805, 1752 
1720447834001.00, 122131, -478128, 1746 
1720447834019.00, 122459, -475457, 1737 
1720447834040.00, 122264, -472790, 1749 
1720447834063.00, 122233, -470114, 1779 
1720447834085.00, 122349, -467445, 1784 
1720447834112.00, 122319, -464783, 1757 
1720447834128.00, 122130, -462102, 1742 
1720447834150.00, 122374, -459435, 1762 
1720447834172.00, 122403, -456769, 1782 
1720447834194.00, 122223, -454101, 1777 
1720447834216.00, 122040, -451427, 1788 
1720447834238.00, 122118, -448752, 1772 
1720447834259.00, 122074, -446082, 1760 
1720447834281.00, 122224, -443413, 1727 
1720447834303.00, 122315, -440767, 1685 
1720447834324.00, 122113, -438097, 1669 
1720447834346.00, 121778, -435418, 1603 
1720447834369.00, 121569, -432771, 1443 
1720447834390.00, 121722, -430116, 1186 
1720447834413.00, 68211, -427496, 926 
1720447834434.00, 36763, -426007, 931 
1720447834456.00, 18181, -425207, 684 
1720447834478.00, 7433, -424809, 439 
1720447834499.00, 1426, -424652, 233 
1720447834521.00, -1968, -424639, 24 
1720447834543.00, -4251, -424692, -257 
1720447834564.00, -21060, -424794, -424 
1720447834585.00, -40662, -425244, -756 
1720447834607.00, -72403, -426105, -813 
1720447834629.00, -94446, -427663, -901 
1720447834654.00, -110927, -429717, -973 
1720447834672.00, -120936, -432140, -890 
1720447834693.00, -122372, -434805, -1069 
1720447834715.00, -122319, -437464, -1049 
1720447834737.00, -122298, -440134, -1056 
1720447834758.00, -122310, -442822, -1076 
1720447834780.00, -122318, -445487, -1117 
1720447834802.00, -122378, -448153, -1108 
1720447834824.00, -122430, -450835, -1112 
1720447834845.00, -122216, -453509, -1161 
1720447834867.00, -122225, -456169, -1173 
1720447834889.00, -122249, -458853, -1143 
1720447834911.00, -122173, -461527, -1167 
1720447834932.00, -122267, -464185, -1139 
1720447834954.00, -122411, -466856, -1114 
1720447834977.00, -122371, -469532, -1156 
1720447834998.00, -122274, -472204, -1172 
1720447835020.00, -122443, -474880, -1134 
1720447835041.00, -122332, -477559, -1129 
1720447835063.00, -122197, -480222, -1175 
1720447835086.00, -122364, -482886, -1134 
1720447835107.00, -122284, -485562, -1143 
1720447835129.00, -122253, -488228, -1153 
1720447835151.00, -122180, -490908, -1134 
1720447835173.00, -122395, -493591, -1113 
1720447835195.00, -122438, -496246, -1164 
1720447835217.00, -122235, -498916, -1170 
1720447835239.00, -122337, -501595, -1136 
1720447835260.00, -122285, -504272, -1174 
1720447835281.00, -121924, -506948, -1208 
1720447835305.00, -122434, -509621, -1175 
1720447835325.00, -122446, -512283, -1215 
1720447835347.00, -122235, -514957, -1285 
1720447835369.00, -122244, -517640, -1280 
1720447835391.00, -122358, -520313, -1261 
1720447835412.00, -122155, -522991, -1326 
1720447835434.00, -122394, -525666, -1310 
1720447835456.00, -122486, -528323, -1311 
1720447835478.00, -122407, -530999, -1363 
1720447835500.00, -122094, -533680, -1350 
1720447835522.00, -122244, -536357, -1352 
1720447835544.00, -122307, -539018, -1358 
1720447835566.00, -122338, -541696, -1381 
1720447835587.00, -122408, -544369, -1384 
1720447835609.00, -122354, -547029, -1356 
1720447835631.00, -122284, -549718, -1356 
1720447835653.00, -122065, -552387, -1357 
1720447835675.00, -122337, -555040, -1339 
1720447835696.00, -122239, -557714, -1337 
1720447835718.00, -122236, -560390, -1342 
1720447835740.00, -122093, -563058, -1352 
1720447835762.00, -122134, -565739, -1313 
1720447835783.00, -122098, -568395, -1287 
1720447835805.00, -122156, -571058, -1342 
1720447835827.00, -122257, -573731, -1291 
1720447835849.00, -122301, -576400, -1253 
1720447835871.00, -121977, -579069, -1271 
1720447835893.00, -122077, -581741, -1199 
1720447835915.00, -122033, -584404, -1140 
1720447835936.00, -122055, -587057, -1119 
1720447835958.00, -122103, -589728, -1053 
1720447835980.00, -122097, -592386, -937 
1720447836003.00, -121945, -595036, -859 
1720447836024.00, -68454, -597660, -742 
1720447836046.00, -36401, -599161, -703 
1720447836068.00, -17619, -599962, -501 
1720447836090.00, -7293, -600369, -424 
1720447836111.00, -1133, -600532, -308 
1720447836132.00, 1847, -600552, -130 
1720447836154.00, 4024, -600519, 41 
1720447836175.00, 7240, -600408, 260 
1720447836197.00, 22846, -600236, 467 
1720447836219.00, 44075, -599744, 765 
1720447836240.00, 75018, -598818, 717 
1720447836262.00, 90439, -597192, 784 
1720447836284.00, 103354, -595228, 906 
1720447836306.00, 116215, -592965, 965 
1720447836327.00, 122724, -590425, 916 
1720447836349.00, 122497, -587756, 938 
1720447836371.00, 122406, -585103, 932 
1720447836392.00, 122341, -582439, 921 
1720447836414.00, 122331, -579776, 926 
1720447836436.00, 122277, -577120, 899 
1720447836457.00, 122432, -574457, 927 
1720447836479.00, 122238, -571805, 953 
1720447836501.00, 122396, -569141, 942 
1720447836523.00, 122188, -566477, 955 
1720447836544.00, 122374, -563816, 972 
1720447836566.00, 122441, -561149, 974 
1720447836586.00, 122315, -558486, 1001 
1720447836608.00, 122475, -555827, 1030 
1720447836631.00, 122420, -553154, 1051 
1720447836652.00, 122433, -550475, 1060 
1720447836673.00, 122312, -547801, 1074 
1720447836696.00, 122390, -545127, 1094 
1720447836718.00, 122265, -542460, 1147 
1720447836739.00, 122309, -539789, 1155 
1720447836761.00, 122408, -537115, 1185 
1720447836783.00, 122372, -534432, 1220 
1720447836805.00, 122433, -531758, 1242 
1720447836826.00, 122340, -529090, 1271 
1720447836849.00, 122337, -526421, 1293 
1720447836870.00, 122237, -523743, 1306 
1720447836891.00, 122175, -521062, 1315 
1720447836914.00, 122521, -518395, 1330 
1720447836935.00, 122513, -515717, 1351 
1720447836957.00, 122312, -513045, 1367 
1720447836979.00, 122233, -510380, 1359 
1720447837001.00, 122237, -507698, 1347 
1720447837023.00, 122188, -505027, 1322 
1720447837044.00, 122367, -502357, 1324 
1720447837069.00, 122413, -499684, 1339 
1720447837088.00, 122216, -497012, 1352 
1720447837110.00, 122327, -494343, 1371 
1720447837132.00, 122305, -491660, 1381 
1720447837153.00, 122346, -488984, 1387 
1720447837180.00, 122263, -486314, 1456 
1720447837197.00, 122247, -483645, 1450 
1720447837219.00, 122235, -480973, 1460 
1720447837241.00, 122202, -478292, 1488 
1720447837263.00, 122255, -475618, 1503 
1720447837289.00, 122281, -472959, 1504 
1720447837306.00, 122127, -470286, 1526 
1720447837328.00, 122126, -467616, 1515 
1720447837350.00, 122220, -464948, 1478 
1720447837372.00, 122219, -462275, 1463 
1720447837398.00, 122060, -459600, 1476 
1720447837415.00, 122251, -456942, 1463 
1720447837437.00, 122277, -454282, 1450 
1720447837459.00, 122238, -451601, 1463 
1720447837480.00, 122349, -448940, 1434 
1720447837503.00, 122469, -446265, 1430 
1720447837525.00, 122286, -443585, 1461 
1720447837546.00, 122286, -440931, 1440 
1720447837568.00, 122318, -438254, 1429 
1720447837590.00, 122105, -435585, 1415 
1720447837615.00, 121878, -432919, 1374 
1720447837633.00, 121839, -430255, 1255 
1720447837656.00, 68162, -427629, 1057 
1720447837678.00, 36800, -426138, 929 
1720447837700.00, 17996, -425344, 642 
1720447837724.00, 6917, -424960, 323 
1720447837742.00, 890, -424829, -31 
1720447837764.00, -4396, -424820, -281 
1720447837785.00, -22186, -424933, -759 
1720447837808.00, -61806, -425399, -855 
1720447837834.00, -90951, -426691, -910 
1720447837849.00, -109268, -428685, -1007 
1720447837871.00, -119828, -431076, -1087 
1720447837893.00, -122467, -433706, -1114 
1720447837915.00, -122186, -436396, -1139 
1720447837937.00, -122267, -439064, -1132 
1720447837959.00, -122391, -441737, -1150 
1720447837981.00, -122376, -444419, -1151 
1720447838003.00, -122308, -447074, -1138 
1720447838024.00, -122299, -449739, -1146 
1720447838049.00, -122326, -452429, -1150 
1720447838068.00, -122034, -455098, -1153 
1720447838089.00, -122017, -457775, -1158 
1720447838111.00, -122240, -460442, -1149 
1720447838133.00, -122311, -463094, -1139 
1720447838156.00, -122232, -465763, -1159 
1720447838176.00, -122168, -468450, -1132 
1720447838198.00, -122286, -471116, -1097 
1720447838221.00, -122285, -473780, -1107 
1720447838242.00, -122385, -476454, -1142 
1720447838268.00, -122275, -479123, -1133 
1720447838286.00, -122252, -481789, -1111 
1720447838308.00, -122245, -484476, -1110 
1720447838329.00, -122250, -487143, -1103 
1720447838352.00, -122298, -489799, -1103 
1720447838375.00, -122438, -492478, -1113 
1720447838395.00, -122293, -495148, -1130 
1720447838417.00, -122237, -497813, -1137 
1720447838439.00, -122010, -500508, -1138 
1720447838460.00, -122117, -503175, -1146 
1720447838483.00, -122270, -505823, -1122 
1720447838504.00, -122204, -508506, -1115 
1720447838526.00, -122226, -511178, -1141 
1720447838548.00, -122156, -513844, -1117 
1720447838569.00, -122200, -516525, -1070 
1720447838595.00, -122168, -519192, -1075 
1720447838613.00, -122255, -521847, -1065 
1720447838635.00, -122262, -524519, -1036 
1720447838656.00, -122194, -527191, -1020 
1720447838678.00, -122281, -529863, -1000 
1720447838705.00, -122203, -532531, -973 
1720447838724.00, -122288, -535201, -985 
1720447838745.00, -122393, -537853, -990 
1720447838766.00, -122312, -540513, -973 
1720447838788.00, -122321, -543186, -957 
1720447838811.00, -121824, -545835, -960 
1720447838831.00, -122061, -548496, -950 
1720447838853.00, -122155, -551146, -955 
1720447838875.00, -122339, -553806, -950 
1720447838897.00, -122195, -556476, -932 
1720447838926.00, -122308, -559137, -917 
1720447838941.00, -122372, -561782, -930 
1720447838962.00, -122309, -564440, -922 
1720447838984.00, -122268, -567106, -934 
1720447839006.00, -122120, -569776, -954 
1720447839030.00, -122145, -572434, -929 
1720447839049.00, -122197, -575103, -924 
1720447839070.00, -122213, -577744, -901 
1720447839092.00, -122275, -580392, -882 
1720447839114.00, -122243, -583067, -881 
1720447839136.00, -122216, -585729, -865 
1720447839158.00, -121633, -588374, -780 
1720447839179.00, -116027, -591017, -722 
1720447839201.00, -109226, -593533, -646 
1720447839223.00, -61037, -595883, -558 
1720447839245.00, -32697, -597208, -511 
1720447839266.00, -15628, -597942, -410 
1720447839288.00, -5838, -598299, -306 
1720447839309.00, -151, -598439, -215 
1720447839330.00, 2304, -598451, -93 
1720447839352.00, 4406, -598408, -17 
1720447839374.00, 5489, -598295, 199 
1720447839395.00, 18043, -598165, 383 
1720447839417.00, 36183, -597764, 741 
1720447839439.00, 68936, -596997, 765 
1720447839460.00, 89589, -595532, 812 
1720447839482.00, 104472, -593573, 915 
1720447839504.00, 116923, -591283, 998 
1720447839526.00, 122901, -588740, 969 
1720447839546.00, 122408, -586062, 1011 
1720447839569.00, 122297, -583389, 986 
1720447839591.00, 122197, -580724, 969 
1720447839613.00, 122149, -578058, 971 
1720447839634.00, 122308, -575410, 959 
1720447839656.00, 122511, -572747, 964 
1720447839678.00, 122256, -570082, 981 
1720447839700.00, 122254, -567426, 972 
1720447839721.00, 122244, -564757, 998 
1720447839741.00, 122244, -562102, 1024 
1720447839763.00, 122220, -559433, 1017 
1720447839785.00, 122165, -556759, 1020 
1720447839808.00, 122193, -554090, 1040 
1720447839829.00, 122253, -551415, 1035 
1720447839851.00, 122224, -548744, 1069 
1720447839873.00, 122358, -546072, 1100 
1720447839894.00, 122329, -543406, 1093 
1720447839916.00, 122379, -540722, 1119 
1720447839937.00, 122345, -538045, 1152 
1720447839959.00, 122198, -535376, 1160 
1720447839982.00, 122214, -532710, 1173 
1720447840004.00, 122176, -530040, 1202 
1720447840025.00, 122405, -527356, 1203 
1720447840047.00, 122297, -524690, 1214 
1720447840069.00, 122224, -522017, 1232 
1720447840091.00, 122323, -519341, 1224 
1720447840112.00, 122247, -516678, 1245 
1720447840134.00, 122213, -513999, 1237 
1720447840157.00, 122414, -511327, 1255 
1720447840177.00, 122384, -508650, 1280 
1720447840199.00, 122274, -505990, 1290 
1720447840222.00, 122108, -503319, 1291 
1720447840243.00, 122136, -500638, 1305 
1720447840265.00, 122110, -497971, 1296 
1720447840287.00, 122306, -495291, 1289 
1720447840309.00, 122386, -492631, 1296 
1720447840338.00, 122210, -489961, 1300 
1720447840352.00, 122025, -487290, 1281 
1720447840374.00, 122188, -484618, 1260 
1720447840396.00, 122272, -481943, 1266 
1720447840418.00, 122337, -479277, 1255 
1720447840439.00, 122302, -476603, 1270 
1720447840472.00, 122396, -473933, 1272 
1720447840483.00, 122352, -471267, 1280 
1720447840505.00, 122141, -468585, 1293 
1720447840527.00, 122369, -465914, 1309 
1720447840549.00, 122580, -463234, 1313 
1720447840570.00, 122267, -460578, 1348 
1720447840592.00, 122222, -457901, 1359 
1720447840614.00, 122318, -455220, 1354 
1720447840636.00, 122217, -452551, 1359 
1720447840657.00, 122349, -449881, 1349 
1720447840679.00, 122550, -447210, 1350 
1720447840701.00, 122216, -444541, 1356 
1720447840723.00, 122032, -441876, 1334 
1720447840745.00, 122164, -439203, 1317 
1720447840767.00, 122431, -436537, 1317 
1720447840789.00, 122302, -433866, 1320 
1720447840811.00, 122260, -431199, 1296 
1720447840834.00, 69026, -428552, 1268 
1720447840855.00, 37415, -427036, 1399 
1720447840876.00, 18800, -426223, 1220 
1720447840898.00, 8173, -425799, 1168 
1720447840920.00, 1484, -425623, 1015 
1720447840942.00, -2075, -425599, 729 
1720447840963.00, -4499, -425654, 322 
1720447840984.00, -5588, -425784, -57 
1720447841008.00, -9740, -425914, -282 
1720447841028.00, -25086, -426151, -672 
1720447841050.00, -58137, -426686, -828 
1720447841071.00, -87069, -427924, -868 
1720447841093.00, -106479, -429806, -981 
1720447841115.00, -118201, -432138, -987 
1720447841135.00, -122695, -434730, -1019 
1720447841157.00, -122222, -437400, -1087 
1720447841179.00, -122324, -440069, -1027 
1720447841200.00, -122375, -442757, -1052 
1720447841223.00, -122357, -445432, -1076 
1720447841244.00, -122283, -448093, -1074 
1720447841266.00, -122491, -450770, -1095 
1720447841288.00, -122303, -453440, -1121 
1720447841309.00, -122250, -456102, -1121 
1720447841331.00, -122387, -458789, -1117 
1720447841353.00, -122260, -461457, -1134 
1720447841375.00, -122138, -464121, -1137 
1720447841397.00, -122457, -466792, -1125 
1720447841419.00, -122422, -469454, -1142 
1720447841440.00, -122311, -472130, -1169 
1720447841462.00, -122286, -474800, -1163 
1720447841484.00, -122358, -477482, -1163 
1720447841506.00, -122313, -480153, -1201 
1720447841527.00, -122262, -482811, -1204 
1720447841550.00, -122160, -485492, -1201 
1720447841571.00, -122110, -488154, -1189 
1720447841593.00, -122050, -490831, -1193 
1720447841614.00, -122215, -493507, -1168 
1720447841636.00, -122378, -496163, -1158 
1720447841659.00, -122244, -498829, -1168 
1720447841680.00, -122127, -501513, -1163 
1720447841702.00, -122200, -504184, -1139 
1720447841723.00, -122167, -506848, -1116 
1720447841746.00, -122246, -509522, -1105 
1720447841767.00, -122382, -512183, -1081 
1720447841789.00, -122294, -514849, -1059 
1720447841811.00, -122168, -517527, -1027 
1720447841833.00, -122259, -520203, -1007 
1720447841856.00, -122249, -522862, -961 
1720447841878.00, -122222, -525522, -934 
1720447841899.00, -122155, -528182, -933 
1720447841921.00, -122105, -530832, -907 
1720447841943.00, -122102, -533508, -864 
1720447841964.00, -121599, -536164, -826 
1720447841986.00, -119044, -538793, -793 
1720447842008.00, -115613, -541381, -782 
1720447842030.00, -112800, -543894, -773 
1720447842052.00, -110600, -546341, -736 
1720447842073.00, -106974, -548748, -717 
1720447842095.00, -103865, -551074, -746 
1720447842116.00, -103491, -553328, -737 
1720447842138.00, -102994, -555581, -701 
1720447842160.00, -100619, -557821, -724 
1720447842182.00, -100369, -560009, -742 
1720447842204.00, -101420, -562190, -707 
1720447842225.00, -100137, -564389, -730 
1720447842247.00, -100681, -566574, -749 
1720447842268.00, -101903, -568768, -696 
1720447842290.00, -99547, -570970, -708 
1720447842313.00, -98983, -573136, -704 
1720447842334.00, -98184, -575290, -663 
1720447842355.00, -95441, -577403, -673 
1720447842376.00, -94380, -579466, -649 
1720447842398.00, -92346, -581518, -622 
1720447842420.00, -89583, -583515, -617 
1720447842442.00, -87925, -585454, -592 
1720447842463.00, -85040, -587341, -549 
1720447842485.00, -80560, -589180, -551 
1720447842506.00, -77919, -590925, -437 
1720447842528.00, -69696, -592608, -368 
1720447842550.00, -60761, -594111, -236 
1720447842572.00, -33210, -595414, -164 
1720447842593.00, -16851, -596151, -92 
1720447842615.00, -7049, -596522, -3 
1720447842641.00, -1308, -596675, 78 
1720447842658.00, 6279, -596706, 178 
1720447842679.00, 16881, -596582, 323 
1720447842701.00, 32039, -596226, 402 
1720447842722.00, 45661, -595539, 657 
1720447842744.00, 69100, -594558, 689 
1720447842766.00, 84831, -593067, 740 
1720447842787.00, 97146, -591214, 816 
1720447842808.00, 108996, -589101, 907 
1720447842831.00, 119271, -586727, 931 
1720447842852.00, 122558, -584125, 908 
1720447842874.00, 122480, -581452, 936 
1720447842895.00, 122268, -578787, 963 
1720447842917.00, 122438, -576131, 962 
1720447842939.00, 122329, -573459, 955 
1720447842961.00, 122311, -570804, 964 
1720447842982.00, 122231, -568144, 982 
1720447843003.00, 122262, -565480, 1006 
1720447843026.00, 122319, -562815, 994 
1720447843048.00, 122283, -560153, 984 
1720447843072.00, 122338, -557486, 991 
1720447843091.00, 122228, -554827, 1000 
1720447843112.00, 122168, -552155, 1026 
1720447843134.00, 122328, -549484, 1053 
1720447843156.00, 122491, -546812, 1070 
1720447843177.00, 122320, -544127, 1090 
1720447843199.00, 122352, -541452, 1117 
1720447843221.00, 122298, -538789, 1154 
1720447843243.00, 122347, -536122, 1174 
1720447843264.00, 122232, -533438, 1191 
1720447843287.00, 122283, -530761, 1214 
1720447843308.00, 122395, -528091, 1209 
1720447843330.00, 122277, -525416, 1222 
1720447843352.00, 122186, -522753, 1239 
1720447843374.00, 122290, -520074, 1232 
1720447843396.00, 122260, -517399, 1233 
1720447843418.00, 122429, -514727, 1226 
1720447843439.00, 122342, -512058, 1245 
1720447843461.00, 122286, -509389, 1250 
1720447843482.00, 122151, -506713, 1265 
1720447843505.00, 122285, -504042, 1272 
1720447843527.00, 122467, -501365, 1264 
1720447843548.00, 122263, -498695, 1277 
1720447843570.00, 122309, -496018, 1289 
1720447843592.00, 122380, -493358, 1266 
1720447843614.00, 122345, -490675, 1252 
1720447843635.00, 122236, -488005, 1261 
1720447843657.00, 122481, -485335, 1250 
1720447843679.00, 122552, -482654, 1247 
1720447843701.00, 122171, -479990, 1258 
1720447843723.00, 122317, -477328, 1252 
1720447843744.00, 122375, -474644, 1241 
1720447843767.00, 122318, -471982, 1245 
1720447843788.00, 122222, -469308, 1261 
1720447843810.00, 122675, -466625, 1252 
1720447843832.00, 122365, -463967, 1256 
1720447843853.00, 122122, -461290, 1270 
1720447843876.00, 122410, -458615, 1269 
1720447843897.00, 122349, -455947, 1263 
1720447843919.00, 122461, -453272, 1268 
1720447843941.00, 122287, -450602, 1260 
1720447843962.00, 122357, -447944, 1241 
1720447843985.00, 122255, -445263, 1231 
1720447844007.00, 122235, -442597, 1194 
1720447844028.00, 122495, -439936, 1171 
1720447844050.00, 122367, -437256, 1153 
1720447844072.00, 122236, -434594, 1125 
1720447844093.00, 122282, -431934, 1061 
1720447844117.00, 73467, -429281, 1026 
1720447844139.00, 44382, -427683, 960 
1720447844160.00, 27404, -426723, 775 
1720447844181.00, 17237, -426125, 612 
1720447844203.00, 10877, -425758, 364 
1720447844224.00, 7298, -425552, -36 
1720447844247.00, 3084, -425404, -277 
1720447844268.00, -13299, -425366, -591 
1720447844293.00, -42123, -425641, -785 
1720447844311.00, -71368, -426510, -798 
1720447844333.00, -89591, -428062, -903 
1720447844355.00, -104829, -429999, -927 
1720447844376.00, -113826, -432290, -964 
1720447844398.00, -119123, -434787, -983 
1720447844419.00, -122114, -437370, -1016 
1720447844440.00, -122377, -440033, -1009 
1720447844462.00, -122601, -442712, -1013 
1720447844484.00, -122217, -445393, -1086 
1720447844505.00, -122303, -448055, -1100 
1720447844528.00, -122494, -450731, -1092 
1720447844550.00, -122413, -453401, -1143 
1720447844571.00, -122185, -456071, -1149 
1720447844593.00, -122340, -458749, -1114 
1720447844615.00, -122322, -461422, -1113 
1720447844637.00, -122209, -464080, -1110 
1720447844659.00, -122392, -466746, -1073 
1720447844680.00, -122532, -469425, -1080 
1720447844702.00, -122247, -472100, -1119 
1720447844725.00, -122366, -474770, -1120 
1720447844745.00, -122373, -477454, -1117 
1720447844767.00, -122396, -480120, -1171 
1720447844789.00, -122267, -482777, -1137 
1720447844811.00, -122201, -485457, -1109 
1720447844836.00, -122191, -488134, -1098 
1720447844855.00, -122138, -490802, -1097 
1720447844877.00, -122121, -493471, -1043 
1720447844898.00, -122326, -496126, -1023 
1720447844920.00, -122237, -498797, -1049 
1720447844942.00, -122168, -501479, -1018 
1720447844964.00, -122273, -504156, -987 
1720447844986.00, -122214, -506806, -989 
1720447845007.00, -122176, -509467, -1000 
1720447845030.00, -122324, -512135, -974 
1720447845052.00, -122376, -514781, -924 
1720447845074.00, -122271, -517465, -950 
1720447845095.00, -122202, -520128, -952 
1720447845117.00, -122286, -522776, -899 
1720447845138.00, -122551, -525435, -876 
1720447845161.00, -122244, -528093, -903 
1720447845182.00, -122222, -530742, -873 
1720447845204.00, -122389, -533420, -831 
1720447845226.00, -119627, -536079, -853 
1720447845248.00, -119478, -538671, -866 
1720447845270.00, -120216, -541273, -830 
1720447845291.00, -118282, -543895, -851 
1720447845313.00, -118476, -546465, -827 
1720447845334.00, -117158, -549048, -798 
1720447845356.00, -114798, -551590, -839 
1720447845382.00, -115683, -554087, -867 
1720447845400.00, -117908, -556606, -836 
1720447845421.00, -117578, -559179, -819 
1720447845443.00, -116413, -561735, -879 
1720447845465.00, -118738, -564248, -838 
1720447845487.00, -118213, -566848, -818 
1720447845508.00, -116483, -569421, -888 
1720447845530.00, -119052, -571941, -850 
1720447845552.00, -118993, -574533, -801 
1720447845573.00, -116146, -577115, -804 
1720447845595.00, -114462, -579629, -820 
1720447845617.00, -114262, -582128, -737 
1720447845639.00, -109117, -584606, -719 
1720447845660.00, -105077, -586964, -695 
1720447845682.00, -101313, -589253, -645 
1720447845704.00, -95954, -591451, -619 
1720447845725.00, -91289, -593521, -593 
1720447845747.00, -51000, -595490, -553 
1720447845768.00, -26581, -596604, -615 
1720447845790.00, -12398, -597211, -525 
1720447845813.00, -4369, -597496, -467 
1720447845833.00, 44, -597600, -460 
1720447845855.00, 2624, -597605, -354 
1720447845877.00, 4389, -597553, -208 
1720447845898.00, 5453, -597443, 7 
1720447845920.00, 6073, -597304, 205 
1720447845940.00, 18170, -597161, 354 
1720447845963.00, 34647, -596769, 432 
1720447845984.00, 48993, -596027, 692 
1720447846006.00, 73209, -594984, 671 
1720447846028.00, 86194, -593398, 726 
1720447846049.00, 97027, -591524, 819 
1720447846071.00, 108827, -589411, 875 
1720447846093.00, 119222, -587037, 872 
1720447846114.00, 122531, -584427, 876 
1720447846136.00, 122591, -581771, 871 
1720447846157.00, 122286, -579104, 884 
1720447846179.00, 122426, -576440, 868 
1720447846202.00, 122324, -573772, 872 
1720447846223.00, 122491, -571117, 894 
1720447846245.00, 122474, -568458, 924 
1720447846267.00, 122281, -565791, 975 
1720447846288.00, 122429, -563134, 980 
1720447846310.00, 122331, -560468, 984 
1720447846331.00, 122243, -557808, 992 
1720447846351.00, 122340, -555157, 1031 
1720447846374.00, 122389, -552476, 1039 
1720447846396.00, 122320, -549809, 1053 
1720447846417.00, 122409, -547133, 1072 
1720447846439.00, 122386, -544456, 1099 
1720447846461.00, 122366, -541780, 1130 
1720447846483.00, 122252, -539121, 1159 
1720447846505.00, 122402, -536445, 1172 
1720447846527.00, 122522, -533763, 1173 
1720447846548.00, 122280, -531092, 1171 
1720447846570.00, 122263, -528413, 1176 
1720447846592.00, 122371, -525748, 1180 
1720447846614.00, 122327, -523085, 1173 
1720447846636.00, 122152, -520403, 1146 
1720447846658.00, 122416, -517730, 1154 
1720447846680.00, 122409, -515055, 1168 
1720447846701.00, 122418, -512379, 1185 
1720447846722.00, 122369, -509714, 1188 
1720447846744.00, 122320, -507048, 1208 
1720447846766.00, 122345, -504368, 1212 
1720447846788.00, 122075, -501687, 1232 
1720447846810.00, 122672, -499020, 1222 
1720447846832.00, 122509, -496344, 1248 
1720447846853.00, 122147, -493683, 1267 
1720447846876.00, 122312, -491005, 1260 
1720447846899.00, 122351, -488333, 1247 
1720447846920.00, 122437, -485665, 1231 
1720447846940.00, 122350, -482988, 1229 
1720447846963.00, 122399, -480327, 1198 
1720447846984.00, 122219, -477652, 1185 
1720447847007.00, 122134, -474974, 1183 
1720447847029.00, 122538, -472306, 1172 
1720447847050.00, 122436, -469628, 1173 
1720447847072.00, 122379, -466957, 1190 
1720447847094.00, 122281, -464292, 1198 
1720447847115.00, 122317, -461619, 1180 
1720447847137.00, 122298, -458940, 1175 
1720447847159.00, 122289, -456278, 1207 
1720447847181.00, 122580, -453601, 1216 
1720447847202.00, 122464, -450933, 1213 
1720447847224.00, 122318, -448273, 1206 
1720447847247.00, 122209, -445587, 1223 
1720447847268.00, 122229, -442917, 1228 
1720447847290.00, 122323, -440254, 1200 
1720447847312.00, 122359, -437577, 1182 
1720447847334.00, 122202, -434916, 1154 
1720447847356.00, 122093, -432247, 1090 
1720447847378.00, 73557, -429600, 1002 
1720447847400.00, 44516, -428009, 1057 
1720447847422.00, 27262, -427043, 864 
1720447847443.00, 17096, -426441, 761 
1720447847465.00, 10765, -426067, 588 
1720447847487.00, 6850, -425845, 282 
1720447847508.00, 4899, -425727, -83 
1720447847530.00, -488, -425633, -284 
1720447847551.00, -15830, -425671, -646 
1720447847573.00, -47171, -426008, -821 
1720447847595.00, -76651, -426993, -821 
1720447847616.00, -94062, -428663, -912 
1720447847637.00, -107582, -430698, -951 
1720447847660.00, -115435, -433045, -964 
1720447847682.00, -120031, -435576, -956 
1720447847703.00, -122251, -438192, -965 
1720447847724.00, -122432, -440847, -972 
1720447847746.00, -122365, -443512, -977 
1720447847768.00, -122320, -446173, -980 
1720447847789.00, -122331, -448822, -994 
1720447847811.00, -122464, -451504, -995 
1720447847832.00, -122323, -454165, -1008 
1720447847854.00, -122308, -456816, -1028 
1720447847877.00, -122233, -459496, -998 
1720447847897.00, -122368, -462154, -1013 
1720447847919.00, -122166, -464827, -1015 
1720447847941.00, -122217, -467508, -1027 
1720447847963.00, -122454, -470178, -1025 
1720447847985.00, -122407, -472829, -1047 
1720447848007.00, -122292, -475519, -1086 
1720447848028.00, -122370, -478195, -1074 
1720447848050.00, -122329, -480861, -1070 
1720447848071.00, -122202, -483541, -1119 
1720447848094.00, -122369, -486207, -1077 
1720447848116.00, -122441, -488866, -1067 
1720447848137.00, -122229, -491553, -1064 
1720447848159.00, -122237, -494227, -1036 
1720447848182.00, -122276, -496889, -995 
1720447848204.00, -122437, -499544, -966 
1720447848226.00, -122226, -502205, -973 
1720447848247.00, -122237, -504863, -962 
1720447848269.00, -122371, -507523, -926 
1720447848291.00, -122199, -510186, -891 
1720447848313.00, -122134, -512841, -893 
1720447848334.00, -122480, -515493, -879 
1720447848356.00, -122425, -518157, -845 
1720447848378.00, -120661, -520816, -835 
1720447848399.00, -118919, -523446, -838 
1720447848421.00, -118153, -526033, -828 
1720447848443.00, -117241, -528597, -817 
1720447848465.00, -115913, -531141, -833 
1720447848486.00, -115997, -533678, -828 
1720447848508.00, -115658, -536200, -791 
1720447848530.00, -113399, -538700, -783 
1720447848551.00, -111627, -541176, -793 
1720447848573.00, -111026, -543603, -764 
1720447848595.00, -108861, -546016, -744 
1720447848617.00, -106736, -548386, -765 
1720447848639.00, -106417, -550706, -763 
1720447848659.00, -105993, -553021, -719 
1720447848682.00, -103446, -555314, -697 
1720447848704.00, -100457, -557570, -740 
1720447848725.00, -101197, -559764, -715 
1720447848747.00, -100455, -561960, -687 
1720447848769.00, -98210, -564135, -717 
1720447848790.00, -98626, -566269, -709 
1720447848812.00, -98570, -568407, -659 
1720447848834.00, -95490, -570535, -694 
1720447848855.00, -95520, -572599, -695 
1720447848877.00, -95780, -574672, -665 
1720447848898.00, -94057, -576749, -679 
1720447848920.00, -93832, -578784, -668 
1720447848941.00, -93387, -580816, -681 
1720447848963.00, -93769, -582841, -690 
1720447848985.00, -94449, -584877, -680 
1720447849006.00, -94458, -586913, -654 
1720447849029.00, -92577, -588963, -656 
1720447849050.00, -91838, -590962, -618 
1720447849071.00, -88943, -592943, -573 
1720447849094.00, -49826, -594862, -536 
1720447849115.00, -26078, -595954, -575 
1720447849136.00, -12228, -596546, -486 
1720447849158.00, -4467, -596828, -443 
1720447849179.00, -5, -596932, -435 
1720447849204.00, 2181, -596939, -363 
1720447849222.00, 4024, -596901, -283 
1720447849244.00, 5075, -596805, -82 
1720447849265.00, 5660, -596683, 92 
1720447849288.00, 11491, -596541, 286 
1720447849314.00, 26504, -596297, 375 
1720447849330.00, 40753, -595730, 655 
1720447849352.00, 65762, -594867, 656 
1720447849374.00, 80760, -593439, 738 
1720447849396.00, 94470, -591687, 802 
1720447849417.00, 106304, -589630, 839 
1720447849439.00, 115480, -587316, 842 
1720447849460.00, 120997, -584790, 856 
1720447849482.00, 122560, -582161, 875 
1720447849504.00, 122375, -579495, 857 
1720447849529.00, 122358, -576831, 850 
1720447849547.00, 122425, -574167, 861 
1720447849569.00, 122250, -571517, 868 
1720447849591.00, 122436, -568853, 865 
1720447849612.00, 122374, -566187, 879 
1720447849635.00, 122339, -563528, 881 
1720447849656.00, 122304, -560856, 902 
1720447849678.00, 122367, -558194, 915 
1720447849700.00, 122368, -555549, 933 
1720447849721.00, 122276, -552881, 957 
1720447849743.00, 122442, -550219, 985 
1720447849764.00, 122279, -547554, 988 
1720447849785.00, 122243, -544892, 1010 
1720447849807.00, 122169, -542221, 1045 
1720447849829.00, 122283, -539552, 1063 
1720447849851.00, 122265, -536880, 1061 
1720447849872.00, 122428, -534205, 1075 
1720447849894.00, 122300, -531527, 1092 
1720447849916.00, 122324, -528860, 1100 
1720447849937.00, 122210, -526186, 1108 
1720447849959.00, 122062, -523517, 1121 
1720447849981.00, 122296, -520841, 1117 
1720447850003.00, 122323, -518172, 1132 
1720447850025.00, 122378, -515503, 1128 
1720447850047.00, 122399, -512829, 1133 
1720447850069.00, 122406, -510166, 1150 
1720447850091.00, 122175, -507475, 1164 
1720447850112.00, 122274, -504807, 1162 
1720447850134.00, 122441, -502148, 1170 
1720447850156.00, 122319, -499465, 1181 
1720447850178.00, 122300, -496800, 1193 
1720447850200.00, 122179, -494122, 1203 
1720447850222.00, 122209, -491441, 1213 
1720447850243.00, 122395, -488777, 1215 
1720447850265.00, 122484, -486109, 1216 
1720447850286.00, 122301, -483437, 1220 
1720447850308.00, 122156, -480767, 1220 
1720447850331.00, 122257, -478089, 1218 
1720447850352.00, 122284, -475418, 1219 
1720447850374.00, 122404, -472756, 1197 
1720447850396.00, 122412, -470079, 1222 
1720447850418.00, 122278, -467403, 1243 
1720447850440.00, 122210, -464739, 1251 
1720447850462.00, 122148, -462055, 1250 
1720447850483.00, 122461, -459385, 1276 
1720447850505.00, 122484, -456716, 1275 
1720447850527.00, 122238, -454053, 1270 
1720447850548.00, 122207, -451375, 1273 
1720447850570.00, 122241, -448710, 1249 
1720447850593.00, 122259, -446036, 1221 
1720447850614.00, 122138, -443370, 1198 
1720447850635.00, 122396, -440706, 1185 
1720447850658.00, 122294, -438039, 1138 
1720447850680.00, 122172, -435366, 1072 
1720447850702.00, 122141, -432710, 993 
1720447850724.00, 122144, -430051, 874 
1720447850746.00, 68458, -427428, 714 
1720447850768.00, 36608, -425951, 551 
1720447850789.00, 17752, -425177, 84 
1720447850811.00, 6918, -424799, -247 
1720447850832.00, -13538, -424649, -495 
1720447850854.00, -40746, -424931, -802 
1720447850876.00, -75379, -425780, -837 
1720447850897.00, -98127, -427400, -903 
1720447850919.00, -113558, -429543, -977 
1720447850939.00, -122687, -432017, -1000 
1720447850962.00, -122569, -434714, -1037 
1720447850983.00, -122330, -437383, -1072 
1720447851005.00, -122372, -440056, -1086 
1720447851027.00, -122491, -442728, -1110 
1720447851048.00, -122202, -445409, -1122 
1720447851071.00, -122336, -448065, -1115 
1720447851093.00, -122461, -450741, -1124 
1720447851114.00, -122380, -453414, -1151 
1720447851136.00, -122331, -456070, -1159 
1720447851158.00, -122468, -458757, -1160 
1720447851179.00, -122311, -461434, -1182 
1720447851201.00, -122209, -464096, -1200 
1720447851223.00, -122365, -466766, -1203 
1720447851244.00, -122399, -469441, -1218 
1720447851267.00, -122196, -472107, -1212 
1720447851288.00, -122255, -474785, -1166 
1720447851310.00, -122324, -477459, -1163 
1720447851332.00, -122343, -480117, -1144 
1720447851354.00, -122220, -482785, -1127 
1720447851376.00, -122256, -485465, -1102 
1720447851397.00, -122297, -488133, -1085 
1720447851419.00, -122218, -490808, -1027 
1720447851441.00, -122243, -493488, -1009 
1720447851463.00, -122328, -496140, -1005 
1720447851486.00, -122265, -498810, -981 
1720447851507.00, -122241, -501474, -963 
1720447851529.00, -122302, -504148, -951 
1720447851551.00, -122322, -506798, -934 
1720447851573.00, -122287, -509459, -901 
1720447851594.00, -122477, -512116, -883 
1720447851616.00, -122357, -514766, -878 
1720447851638.00, -122163, -517438, -840 
1720447851659.00, -120354, -520097, -803 
1720447851681.00, -116935, -522702, -791 
1720447851703.00, -114318, -525245, -801 
1720447851725.00, -113088, -527723, -801 
1720447851746.00, -112543, -530186, -766 
1720447851768.00, -110068, -532637, -723 
1720447851790.00, -105982, -535018, -723 
1720447851812.00, -103506, -537315, -694 
1720447851835.00, -100358, -539570, -642 
1720447851855.00, -95378, -541751, -678 
1720447851877.00, -94549, -543811, -663 
1720447851899.00, -93154, -545854, -630 
1720447851919.00, -90416, -547866, -665 
1720447851946.00, -90842, -549840, -685 
1720447851963.00, -92363, -551803, -645 
1720447851984.00, -90955, -553802, -693 
1720447852006.00, -92908, -555780, -712 
1720447852028.00, -95365, -557789, -701 
1720447852051.00, -95999, -559855, -707 
1720447852072.00, -96838, -561932, -667 
1720447852093.00, -94943, -564018, -644 
1720447852114.00, -92435, -566089, -615 
1720447852136.00, -89211, -568089, -609 
1720447852158.00, -86925, -570016, -649 
1720447852178.00, -87776, -571897, -612 
1720447852201.00, -86301, -573805, -603 
1720447852223.00, -84967, -575685, -655 
1720447852245.00, -87270, -577509, -627 
1720447852267.00, -87057, -579399, -609 
1720447852288.00, -85690, -581288, -603 
1720447852310.00, -84693, -583138, -606 
1720447852331.00, -84132, -584981, -574 
1720447852353.00, -81917, -586794, -551 
1720447852376.00, -79092, -588566, -527 
1720447852396.00, -76155, -590272, -506 
1720447852418.00, -72959, -591928, -488 
1720447852439.00, -69856, -593496, -400 
1720447852460.00, -38588, -594997, -303 
1720447852484.00, -19835, -595856, -265 
1720447852504.00, -8877, -596298, -157 
1720447852525.00, -2647, -596498, -75 
1720447852547.00, 265, -596561, -39 
1720447852569.00, 2464, -596559, 46 
1720447852590.00, 6532, -596496, 169 
1720447852612.00, 16069, -596343, 336 
1720447852633.00, 32279, -596004, 389 
1720447852655.00, 44899, -595311, 667 
1720447852677.00, 69094, -594344, 719 
1720447852698.00, 86650, -592851, 735 
1720447852720.00, 97855, -590969, 789 
1720447852742.00, 107537, -588847, 864 
1720447852763.00, 117592, -586496, 856 
1720447852785.00, 122696, -583930, 849 
1720447852807.00, 122480, -581251, 861 
1720447852828.00, 122329, -578596, 880 
1720447852850.00, 122255, -575933, 877 
1720447852871.00, 122298, -573270, 864 
1720447852893.00, 122238, -570606, 866 
1720447852915.00, 122254, -567947, 879 
1720447852937.00, 122242, -565283, 894 
1720447852959.00, 122334, -562628, 920 
1720447852981.00, 122176, -559958, 946 
1720447853002.00, 122384, -557294, 968 
1720447853024.00, 122425, -554644, 992 
1720447853045.00, 122364, -551977, 1009 
1720447853066.00, 122220, -549306, 1032 
1720447853088.00, 122341, -546630, 1054 
1720447853110.00, 122348, -543954, 1058 
1720447853132.00, 122311, -541279, 1063 
1720447853154.00, 122383, -538619, 1067 
1720447853176.00, 122336, -535942, 1068 
1720447853197.00, 122303, -533268, 1075 
1720447853219.00, 122420, -530598, 1081 
1720447853241.00, 122288, -527915, 1094 
1720447853262.00, 122364, -525252, 1115 
1720447853285.00, 122319, -522585, 1136 
1720447853306.00, 122236, -519903, 1148 
1720447853328.00, 122224, -517232, 1170 
1720447853350.00, 122138, -514553, 1174 
1720447853372.00, 122188, -511883, 1196 
1720447853394.00, 122342, -509215, 1196 
1720447853415.00, 122420, -506549, 1201 
1720447853437.00, 122115, -503873, 1226 
1720447853459.00, 122180, -501193, 1192 
1720447853481.00, 122044, -498527, 1190 
1720447853502.00, 122280, -495859, 1197 
1720447853525.00, 122349, -493197, 1199 
1720447853546.00, 122284, -490520, 1194 
1720447853568.00, 122321, -487842, 1206 
1720447853590.00, 122370, -485170, 1216 
1720447853612.00, 122302, -482494, 1224 
1720447853633.00, 122228, -479824, 1245 
1720447853656.00, 122291, -477156, 1252 
1720447853677.00, 122267, -474490, 1249 
1720447853699.00, 122157, -471809, 1237 
1720447853721.00, 122279, -469144, 1230 
1720447853742.00, 122257, -466468, 1218 
1720447853764.00, 122256, -463800, 1189 
1720447853786.00, 122251, -461140, 1142 
1720447853808.00, 122135, -458463, 1111 
1720447853830.00, 122126, -455790, 1083 
1720447853852.00, 122010, -453127, 1068 
1720447853874.00, 122185, -450455, 1069 
1720447853895.00, 122163, -447797, 1062 
1720447853917.00, 122134, -445117, 1048 
1720447853939.00, 122341, -442447, 1040 
1720447853961.00, 122387, -439779, 1050 
1720447853982.00, 122295, -437112, 1031 
1720447854005.00, 122241, -434447, 989 
1720447854027.00, 122062, -431795, 936 
1720447854049.00, 68788, -429149, 833 
1720447854071.00, 37091, -427661, 833 
1720447854092.00, 18263, -426864, 488 
1720447854114.00, 7225, -426479, 93 
1720447854134.00, 613, -426337, -217 
1720447854156.00, -15258, -426326, -472 
1720447854178.00, -40319, -426650, -794 
1720447854200.00, -74553, -427498, -831 
1720447854222.00, -97139, -429109, -879 
1720447854248.00, -112866, -431225, -935 
1720447854265.00, -122045, -433679, -965 
1720447854286.00, -122354, -436351, -1018 
1720447854308.00, -122324, -439033, -1022 
1720447854329.00, -122344, -441707, -1008 
1720447854351.00, -122445, -444382, -1029 
1720447854373.00, -122247, -447048, -1047 
1720447854395.00, -122301, -449706, -1053 
1720447854417.00, -122243, -452394, -1048 
1720447854438.00, -121983, -455063, -1047 
1720447854461.00, -122045, -457733, -1069 
1720447854482.00, -122259, -460398, -1057 
1720447854504.00, -122284, -463060, -1051 
1720447854526.00, -122262, -465723, -1057 
1720447854547.00, -122297, -468405, -1045 
1720447854569.00, -122292, -471077, -1017 
1720447854591.00, -122273, -473741, -1005 
1720447854613.00, -122323, -476418, -1019 
1720447854635.00, -122292, -479082, -1023 
1720447854657.00, -122300, -481741, -1004 
1720447854679.00, -122300, -484438, -999 
1720447854701.00, -122322, -487096, -992 
1720447854723.00, -122426, -489735, -998 
1720447854745.00, -122338, -492410, -992 
1720447854766.00, -122118, -495072, -986 
1720447854794.00, -122079, -497727, -976 
1720447854810.00, -122035, -500397, -948 
1720447854831.00, -122110, -503054, -919 
1720447854853.00, -122374, -505693, -907 
1720447854875.00, -122306, -508362, -902 
1720447854899.00, -122314, -511020, -874 
1720447854918.00, -122281, -513681, -874 
1720447854940.00, -122226, -516345, -844 
1720447854962.00, -120634, -519002, -822 
1720447854983.00, -118189, -521608, -815 
1720447855006.00, -116160, -524191, -818 
1720447855027.00, -115370, -526717, -777 
1720447855049.00, -112377, -529230, -780 
1720447855070.00, -110777, -531661, -830 
1720447855092.00, -112717, -534084, -828 
1720447855114.00, -113885, -536546, -793 
1720447855135.00, -112565, -539012, -819 
1720447855157.00, -113204, -541464, -864 
1720447855178.00, -116152, -543932, -855 
1720447855201.00, -117706, -546461, -850 
1720447855223.00, -118107, -549031, -845 
1720447855244.00, -118154, -551592, -823 
1720447855266.00, -116801, -554154, -799 
1720447855288.00, -114561, -556701, -772 
1720447855310.00, -111710, -559191, -747 
1720447855331.00, -108473, -561609, -721 
1720447855353.00, -104813, -563961, -737 
1720447855375.00, -103656, -566254, -754 
1720447855396.00, -104088, -568513, -735 
1720447855418.00, -103315, -570765, -741 
1720447855441.00, -103310, -573014, -727 
1720447855462.00, -102151, -575262, -702 
1720447855483.00, -100015, -577476, -686 
1720447855505.00, -97961, -579648, -695 
1720447855526.00, -97067, -581777, -680 
1720447855548.00, -95871, -583872, -693 
1720447855570.00, -95761, -585953, -710 
1720447855592.00, -96850, -588022, -655 
1720447855613.00, -94236, -590122, -640 
1720447855635.00, -91561, -592163, -612 
1720447855657.00, -88401, -594143, -592 
1720447855678.00, -49547, -596035, -544 
1720447855700.00, -26134, -597123, -522 
1720447855721.00, -12176, -597724, -550 
1720447855743.00, -4119, -598010, -525 
1720447855764.00, 89, -598110, -477 
1720447855785.00, 2496, -598111, -338 
1720447855808.00, 4138, -598058, -193 
1720447855829.00, 5031, -597955, -7 
1720447855850.00, 5477, -597828, 146 
1720447855874.00, 14265, -597691, 331 
1720447855894.00, 30767, -597383, 394 
1720447855916.00, 44310, -596714, 700 
1720447855936.00, 70744, -595771, 737 
1720447855958.00, 88725, -594241, 750 
1720447855981.00, 99990, -592316, 819 
1720447856002.00, 110525, -590137, 890 
1720447856023.00, 120111, -587722, 874 
1720447856045.00, 122568, -585106, 875 
1720447856067.00, 122322, -582437, 870 
1720447856089.00, 122283, -579779, 862 
1720447856111.00, 122345, -577110, 836 
1720447856133.00, 122295, -574454, 846 
1720447856154.00, 122321, -571807, 836 
1720447856176.00, 122301, -569138, 843 
1720447856198.00, 122153, -566466, 851 
1720447856219.00, 122465, -563809, 849 
1720447856240.00, 122514, -561149, 876 
1720447856263.00, 122375, -558481, 893 
1720447856285.00, 122428, -555830, 911 
1720447856306.00, 122462, -553162, 928 
1720447856328.00, 122421, -550499, 950 
1720447856350.00, 122404, -547831, 977 
1720447856371.00, 122499, -545177, 996 
1720447856392.00, 122402, -542511, 1024 
1720447856414.00, 122252, -539840, 1054 
1720447856435.00, 122427, -537164, 1071 
1720447856458.00, 122396, -534486, 1082 
1720447856479.00, 122325, -531818, 1091 
1720447856501.00, 122453, -529152, 1106 
1720447856523.00, 122277, -526483, 1109 
1720447856545.00, 122273, -523805, 1115 
1720447856566.00, 122168, -521125, 1122 
1720447856589.00, 122467, -518466, 1127 
1720447856610.00, 122479, -515782, 1133 
1720447856632.00, 122357, -513112, 1139 
1720447856654.00, 122295, -510446, 1122 
1720447856675.00, 122306, -507767, 1116 
1720447856697.00, 122378, -505100, 1114 
1720447856719.00, 122273, -502424, 1100 
1720447856741.00, 122304, -499753, 1099 
1720447856763.00, 122236, -497089, 1094 
1720447856784.00, 122282, -494415, 1093 
1720447856806.00, 122393, -491741, 1098 
1720447856828.00, 122340, -489066, 1106 
1720447856850.00, 122474, -486398, 1116 
1720447856872.00, 122292, -483727, 1124 
1720447856894.00, 122261, -481057, 1115 
1720447856916.00, 122156, -478376, 1126 
1720447856937.00, 122025, -475703, 1111 
1720447856959.00, 122247, -473041, 1094 
1720447856981.00, 122432, -470370, 1072 
1720447857002.00, 122361, -467703, 1045 
1720447857024.00, 122217, -465034, 1031 
1720447857046.00, 122198, -462348, 1041 
1720447857068.00, 122307, -459689, 1063 
1720447857090.00, 122390, -457031, 1062 
1720447857112.00, 122307, -454351, 1074 
1720447857134.00, 122361, -451676, 1086 
1720447857155.00, 122226, -449007, 1095 
1720447857177.00, 122298, -446326, 1091 
1720447857199.00, 122338, -443657, 1075 
1720447857221.00, 122145, -440994, 1040 
1720447857244.00, 121993, -438331, 959 
1720447857265.00, 121838, -435676, 849 
1720447857288.00, 120368, -433035, 710 
1720447857309.00, 111080, -430425, 538 
1720447857331.00, 62066, -428055, 337 
1720447857352.00, 33064, -426709, 193 
1720447857374.00, 16419, -425998, -114 
1720447857396.00, -29, -425646, -286 
1720447857416.00, -19769, -425644, -504 
1720447857439.00, -44966, -426059, -650 
1720447857460.00, -68792, -427004, -721 
1720447857482.00, -87101, -428496, -784 
1720447857503.00, -101377, -430383, -845 
1720447857526.00, -113618, -432596, -861 
1720447857547.00, -121615, -435096, -890 
1720447857569.00, -122629, -437743, -918 
1720447857590.00, -122534, -440402, -946 
1720447857612.00, -122347, -443075, -954 
1720447857634.00, -122334, -445735, -982 
1720447857655.00, -122343, -448388, -984 
1720447857677.00, -122189, -451064, -993 
1720447857697.00, -122298, -453725, -1011 
1720447857720.00, -122436, -456386, -1039 
1720447857741.00, -122262, -459063, -1045 
1720447857763.00, -122449, -461737, -1037 
1720447857785.00, -122372, -464403, -1045 
1720447857807.00, -122374, -467083, -1061 
1720447857829.00, -122370, -469746, -1063 
1720447857850.00, -122347, -472419, -1051 
1720447857872.00, -122464, -475090, -1041 
1720447857894.00, -122080, -477772, -1012 
1720447857917.00, -122337, -480434, -992 
1720447857939.00, -122517, -483094, -982 
1720447857961.00, -122518, -485749, -959 
1720447857982.00, -122297, -488413, -929 
1720447858004.00, -122250, -491074, -900 
1720447858026.00, -122205, -493740, -876 
1720447858048.00, -122355, -496391, -861 
1720447858070.00, -122258, -499042, -848 
1720447858091.00, -122267, -501716, -857 
1720447858113.00, -122204, -504380, -836 
1720447858134.00, -122177, -507038, -807 
1720447858156.00, -122371, -509697, -782 
1720447858178.00, -121560, -512356, -749 
1720447858200.00, -119064, -514979, -735 
1720447858222.00, -116480, -517585, -738 
1720447858243.00, -114991, -520121, -684 
1720447858265.00, -110762, -522611, -681 
1720447858287.00, -107988, -525023, -713 
1720447858308.00, -108156, -527380, -702 
1720447858330.00, -107439, -529727, -658 
1720447858352.00, -104430, -532057, -655 
1720447858374.00, -102359, -534339, -681 
1720447858395.00, -102590, -536573, -650 
1720447858417.00, -100978, -538787, -617 
1720447858439.00, -97924, -540988, -654 
1720447858460.00, -98297, -543113, -656 
1720447858481.00, -98447, -545225, -620 
1720447858503.00, -96300, -547356, -629 
1720447858525.00, -95329, -549455, -624 
1720447858547.00, -94550, -551511, -630 
1720447858569.00, -94281, -553560, -668 
1720447858590.00, -96543, -555611, -666 
1720447858613.00, -97670, -557701, -687 
1720447858634.00, -99287, -559818, -698 
1720447858656.00, -101068, -561965, -627 
1720447858676.00, -97786, -564155, -653 
1720447858698.00, -97187, -566284, -683 
1720447858720.00, -98815, -568391, -631 
1720447858742.00, -96560, -570526, -661 
1720447858762.00, -96612, -572622, -697 
1720447858785.00, -98984, -574720, -650 
1720447858806.00, -97586, -576863, -671 
1720447858828.00, -97937, -578973, -702 
1720447858850.00, -99871, -581096, -700 
1720447858872.00, -100888, -583266, -684 
1720447858893.00, -100418, -585467, -666 
1720447858915.00, -99168, -587637, -645 
1720447858937.00, -96845, -589784, -596 
1720447858958.00, -92790, -591884, -524 
1720447858980.00, -85782, -593877, -472 
1720447859002.00, -49843, -595718, -377 
1720447859023.00, -28342, -596795, -279 
1720447859046.00, -15495, -597430, -175 
1720447859066.00, -8025, -597781, -120 
1720447859088.00, -3733, -597961, -84 
1720447859109.00, -1205, -598041, 0 
1720447859130.00, 67, -598057, 107 
1720447859152.00, 7051, -598052, 263 
1720447859173.00, 20715, -597908, 382 
1720447859195.00, 36271, -597460, 507 
1720447859217.00, 53054, -596681, 743 
1720447859238.00, 77068, -595553, 747 
1720447859260.00, 91812, -593871, 841 
1720447859281.00, 106023, -591878, 1036 
1720447859302.00, 116119, -589552, 1029 
1720447859324.00, 122153, -587011, 1019 
1720447859345.00, 122419, -584339, 1043 
1720447859368.00, 122288, -581667, 1016 
1720447859390.00, 122288, -578997, 1032 
1720447859412.00, 122175, -576326, 1015 
1720447859433.00, 122382, -573654, 997 
1720447859455.00, 122253, -570988, 1020 
1720447859477.00, 122307, -568328, 1048 
1720447859498.00, 122373, -565649, 1038 
1720447859521.00, 122435, -562983, 1062 
1720447859542.00, 122231, -560303, 1097 
1720447859563.00, 122296, -557631, 1065 
1720447859586.00, 122251, -554971, 1101 
1720447859607.00, 122173, -552300, 1125 
1720447859629.00, 122134, -549631, 1099 
1720447859651.00, 122187, -546956, 1116 
1720447859673.00, 122084, -544280, 1124 
1720447859695.00, 122213, -541610, 1108 
1720447859716.00, 122319, -538957, 1127 
1720447859738.00, 122234, -536277, 1144 
1720447859760.00, 122232, -533594, 1136 
1720447859782.00, 122092, -530933, 1135 
1720447859804.00, 122339, -528259, 1144 
1720447859826.00, 122316, -525584, 1157 
1720447859848.00, 122286, -522923, 1162 
1720447859870.00, 122263, -520249, 1172 
1720447859891.00, 122318, -517570, 1162 
1720447859912.00, 122352, -514896, 1134 
1720447859935.00, 122333, -512220, 1156 
1720447859957.00, 122244, -509552, 1162 
1720447859978.00, 122149, -506894, 1147 
1720447860000.00, 122191, -504217, 1142 
1720447860022.00, 122308, -501546, 1145 
1720447860044.00, 122274, -498866, 1118 
1720447860066.00, 122260, -496198, 1131 
1720447860087.00, 122191, -493531, 1132 
1720447860110.00, 122170, -490855, 1111 
1720447860131.00, 122131, -488193, 1088 
1720447860153.00, 121973, -485521, 1078 
1720447860175.00, 122110, -482844, 1084 
1720447860196.00, 122185, -480190, 1082 
1720447860218.00, 122124, -477524, 1076 
1720447860240.00, 122298, -474844, 1063 
1720447860262.00, 122405, -472176, 1049 
1720447860283.00, 122352, -469504, 1052 
1720447860305.00, 122408, -466827, 1046 
1720447860327.00, 122224, -464162, 1046 
1720447860349.00, 122217, -461495, 1033 
1720447860371.00, 122153, -458825, 1024 
1720447860392.00, 122339, -456158, 1012 
1720447860414.00, 122287, -453483, 1019 
1720447860436.00, 122301, -450816, 1006 
1720447860459.00, 122272, -448149, 985 
1720447860480.00, 122049, -445487, 948 
1720447860503.00, 122029, -442822, 902 
1720447860524.00, 121794, -440182, 861 
1720447860546.00, 121102, -437525, 805 
1720447860568.00, 117323, -434895, 715 
1720447860589.00, 109473, -432356, 596 
1720447860611.00, 61297, -429992, 462 
1720447860633.00, 32970, -428670, 426 
1720447860655.00, 16264, -427948, 281 
1720447860676.00, 6279, -427597, 96 
1720447860698.00, 330, -427464, -87 
1720447860719.00, -7999, -427456, -286 
1720447860741.00, -24353, -427624, -475 
1720447860762.00, -45735, -428154, -655 
1720447860784.00, -69097, -429125, -775 
1720447860806.00, -90281, -430623, -828 
1720447860827.00, -105684, -432582, -888 
1720447860850.00, -117725, -434910, -922 
1720447860871.00, -122568, -437482, -951 
1720447860892.00, -122304, -440138, -961 
1720447860914.00, -122296, -442814, -966 
1720447860935.00, -122205, -445481, -974 
1720447860958.00, -122239, -448133, -963 
1720447860979.00, -122279, -450796, -962 
1720447861001.00, -122318, -453456, -969 
1720447861022.00, -122262, -456113, -983 
1720447861044.00, -122257, -458781, -976 
1720447861066.00, -122265, -461448, -984 
1720447861088.00, -122220, -464097, -992 
1720447861109.00, -122417, -466755, -1007 
1720447861131.00, -122305, -469431, -1037 
1720447861153.00, -122283, -472098, -1044 
1720447861175.00, -122315, -474773, -987 
1720447861197.00, -122362, -477443, -974 
1720447861219.00, -122401, -480094, -992 
1720447861244.00, -122256, -482747, -998 
1720447861262.00, -122287, -485422, -998 
1720447861284.00, -122357, -488079, -980 
1720447861305.00, -122167, -490746, -973 
1720447861327.00, -122244, -493410, -969 
1720447861354.00, -122489, -496051, -964 
1720447861370.00, -122387, -498714, -960 
1720447861392.00, -122229, -501385, -938 
1720447861414.00, -122207, -504048, -909 
1720447861436.00, -122223, -506700, -879 
1720447861465.00, -122246, -509358, -870 
1720447861480.00, -122196, -512017, -870 
1720447861501.00, -122014, -514668, -871 
1720447861522.00, -121893, -517333, -839 
1720447861545.00, -119647, -519989, -798 
1720447861566.00, -116184, -522580, -790 
1720447861588.00, -113634, -525107, -797 
1720447861610.00, -112397, -527577, -791 
1720447861631.00, -111433, -530032, -782 
1720447861653.00, -110377, -532452, -805 
1720447861679.00, -111014, -534852, -803 
1720447861696.00, -111387, -537273, -753 
1720447861718.00, -108622, -539691, -745 
1720447861740.00, -106492, -542063, -785 
1720447861762.00, -107673, -544371, -784 
1720447861783.00, -108179, -546706, -793 
1720447861805.00, -109163, -549076, -819 
1720447861827.00, -111298, -551447, -858 
1720447861849.00, -114907, -553870, -899 
1720447861870.00, -117994, -556383, -902 
1720447861895.00, -119882, -558957, -923 
1720447861914.00, -121253, -561557, -964 
1720447861934.00, -121833, -564187, -1053 
1720447861956.00, -122056, -566862, -1063 
1720447861978.00, -122305, -569529, -1011 
1720447862003.00, -122091, -572195, -1081 
1720447862022.00, -122020, -574869, -1029 
1720447862045.00, -122226, -577525, -962 
1720447862065.00, -122191, -580176, -1056 
1720447862087.00, -122158, -582858, -987 
1720447862112.00, -122077, -585513, -923 
1720447862132.00, -122081, -588154, -913 
1720447862153.00, -122065, -590810, -854 
1720447862175.00, -120971, -593452, -762 
1720447862196.00, -67849, -596051, -650 
1720447862219.00, -36182, -597538, -599 
1720447862240.00, -17576, -598347, -471 
1720447862261.00, -7374, -598757, -447 
1720447862283.00, -1239, -598919, -394 
1720447862304.00, 1737, -598948, -273 
1720447862329.00, 3936, -598915, -114 
1720447862347.00, 5081, -598822, 89 
1720447862369.00, 10858, -598683, 343 
1720447862391.00, 29686, -598442, 421 
1720447862412.00, 45541, -597813, 542 
1720447862435.00, 62227, -596833, 635 
1720447862455.00, 77517, -595495, 769 
1720447862478.00, 94528, -593792, 828 
1720447862499.00, 108151, -591742, 922 
1720447862521.00, 118976, -589381, 946 
1720447862547.00, 122712, -586783, 960 
1720447862563.00, 122359, -584102, 1006 
1720447862587.00, 122357, -581440, 998 
1720447862608.00, 122229, -578789, 976 
1720447862629.00, 122417, -576122, 979 
1720447862651.00, 122353, -573456, 959 
1720447862673.00, 122200, -570806, 956 
1720447862695.00, 122212, -568144, 955 
1720447862717.00, 122338, -565488, 937 
1720447862738.00, 122278, -562827, 933 
1720447862760.00, 122426, -560164, 878 
1720447862782.00, 122341, -557504, 857 
1720447862803.00, 122205, -554855, 872 
1720447862824.00, 122268, -552198, 856 
1720447862847.00, 122202, -549533, 867 
1720447862869.00, 122414, -546874, 875 
1720447862890.00, 122313, -544204, 883 
1720447862912.00, 122334, -541545, 919 
1720447862934.00, 122423, -538889, 926 
1720447862955.00, 122218, -536232, 936 
1720447862977.00, 122164, -533563, 947 
1720447862999.00, 122119, -530906, 953 
1720447863021.00, 122313, -528238, 961 
1720447863042.00, 122279, -525575, 975 
1720447863064.00, 122323, -522926, 992 
1720447863086.00, 122455, -520258, 995 
1720447863107.00, 122385, -517586, 986 
1720447863129.00, 122287, -514928, 989 
1720447863151.00, 122265, -512264, 980 
1720447863173.00, 122265, -509612, 994 
1720447863193.00, 122094, -506947, 1005 
1720447863216.00, 122341, -504279, 996 
1720447863238.00, 122120, -501612, 998 
1720447863260.00, 122331, -498947, 999 
1720447863280.00, 122421, -496287, 1018 
1720447863302.00, 122260, -493618, 1017 
1720447863324.00, 122203, -490948, 1014 
1720447863346.00, 122300, -488270, 1007 
1720447863368.00, 122313, -485605, 1005 
1720447863389.00, 122398, -482920, 1006 
1720447863411.00, 122252, -480258, 1011 
1720447863433.00, 122296, -477594, 1019 
1720447863454.00, 122327, -474910, 1017 
1720447863477.00, 122263, -472236, 1015 
1720447863498.00, 122281, -469564, 1009 
1720447863520.00, 122276, -466895, 1011 
1720447863543.00, 122231, -464233, 994 
1720447863565.00, 122171, -461565, 984 
1720447863586.00, 122168, -458899, 969 
1720447863609.00, 122133, -456251, 990 
1720447863629.00, 122201, -453584, 1012 
1720447863650.00, 122397, -450916, 1013 
1720447863674.00, 122373, -448248, 992 
1720447863695.00, 122120, -445582, 975 
1720447863717.00, 122161, -442918, 962 
1720447863739.00, 122249, -440274, 939 
1720447863760.00, 122252, -437612, 930 
1720447863782.00, 122201, -434957, 907 
1720447863804.00, 122151, -432308, 852 
1720447863826.00, 68930, -429670, 770 
1720447863847.00, 37371, -428179, 839 
1720447863868.00, 18722, -427364, 631 
1720447863890.00, 7886, -426943, 494 
1720447863912.00, 1311, -426781, 253 
1720447863933.00, -1940, -426769, -27 
1720447863954.00, -6148, -426816, -276 
1720447863977.00, -23004, -426956, -518 
1720447863998.00, -47315, -427450, -717 
1720447864020.00, -73930, -428458, -771 
1720447864042.00, -93005, -430055, -864 
1720447864063.00, -109603, -432087, -936 
1720447864085.00, -120078, -434492, -966 
1720447864107.00, -122508, -437105, -978 
1720447864128.00, -122317, -439765, -982 
1720447864150.00, -122386, -442436, -980 
1720447864170.00, -122237, -445109, -1001 
1720447864193.00, -122328, -447771, -1013 
1720447864215.00, -122283, -450445, -1012 
1720447864236.00, -122397, -453121, -1019 
1720447864258.00, -122212, -455789, -1095 
1720447864280.00, -122264, -458469, -1052 
1720447864302.00, -122352, -461143, -1035 
1720447864323.00, -122315, -463800, -1060 
1720447864345.00, -122237, -466470, -1075 
1720447864367.00, -122266, -469144, -1046 
1720447864389.00, -122273, -471816, -1028 
1720447864411.00, -122071, -474495, -1037 
1720447864433.00, -122231, -477164, -1058 
1720447864454.00, -122337, -479822, -1047 
1720447864476.00, -122323, -482491, -1035 
1720447864497.00, -122326, -485171, -1030 
1720447864520.00, -122365, -487845, -1002 
1720447864542.00, -122205, -490516, -984 
1720447864564.00, -122286, -493175, -931 
1720447864586.00, -122328, -495827, -932 
1720447864608.00, -122254, -498480, -917 
1720447864630.00, -122226, -501151, -861 
1720447864651.00, -122275, -503815, -820 
1720447864673.00, -122290, -506464, -819 
1720447864694.00, -122371, -509129, -828 
1720447864717.00, -122147, -511790, -815 
1720447864738.00, -122321, -514438, -782 
1720447864759.00, -121349, -517118, -779 
1720447864782.00, -120510, -519760, -774 
1720447864803.00, -119535, -522365, -782 
1720447864825.00, -119563, -524981, -759 
1720447864847.00, -117960, -527568, -759 
1720447864869.00, -116856, -530137, -775 
1720447864890.00, -117111, -532687, -740 
1720447864912.00, -115174, -535232, -739 
1720447864933.00, -113795, -537727, -765 
1720447864956.00, -114375, -540200, -754 
1720447864977.00, -113749, -542703, -739 
1720447864999.00, -112738, -545173, -746 
1720447865020.00, -112365, -547613, -770 
1720447865042.00, -113536, -550072, -778 
1720447865067.00, -114668, -552554, -780 
1720447865086.00, -115434, -555027, -792 
1720447865108.00, -116605, -557554, -847 
1720447865129.00, -120439, -560095, -887 
1720447865151.00, -122414, -562711, -951 
1720447865173.00, -122512, -565385, -979 
1720447865194.00, -122600, -568046, -1040 
1720447865215.00, -122160, -570709, -1094 
1720447865237.00, -122207, -573387, -1021 
1720447865260.00, -122578, -576060, -934 
1720447865281.00, -122323, -578716, -954 
1720447865303.00, -122027, -581369, -913 
1720447865325.00, -122228, -584025, -815 
1720447865346.00, -121596, -586686, -792 
1720447865369.00, -119705, -589320, -711 
1720447865390.00, -113650, -591921, -596 
1720447865412.00, -103049, -594382, -574 
1720447865434.00, -60528, -596593, -498 
1720447865455.00, -34876, -597910, -485 
1720447865477.00, -19931, -598694, -419 
1720447865499.00, -11109, -599140, -404 
1720447865520.00, -5998, -599389, -388 
1720447865541.00, -2872, -599517, -280 
1720447865563.00, -1040, -599571, -119 
1720447865585.00, 38, -599575, 105 
1720447865610.00, 6529, -599564, 317 
1720447865628.00, 23400, -599425, 533 
1720447865649.00, 46480, -598938, 674 
1720447865671.00, 68726, -597953, 669 
1720447865693.00, 81603, -596461, 752 
1720447865716.00, 93989, -594684, 832 
1720447865736.00, 106199, -592637, 878 
1720447865758.00, 115951, -590316, 866 
1720447865780.00, 121087, -587794, 894 
1720447865801.00, 122455, -585156, 909 
1720447865823.00, 122466, -582489, 897 
1720447865845.00, 122423, -579840, 869 
1720447865866.00, 122303, -577169, 846 
1720447865888.00, 122399, -574509, 854 
1720447865910.00, 122358, -571858, 845 
1720447865932.00, 122324, -569195, 826 
1720447865953.00, 122143, -566527, 815 
1720447865975.00, 121368, -563869, 806 
1720447865997.00, 120239, -561234, 805 
1720447866019.00, 119423, -558620, 805 
1720447866041.00, 118896, -556031, 815 
1720447866062.00, 119054, -553435, 812 
1720447866084.00, 119201, -550834, 813 
1720447866106.00, 119192, -548248, 845 
1720447866127.00, 120919, -545657, 849 
1720447866149.00, 122223, -543023, 870 
1720447866170.00, 122526, -540355, 885 
1720447866192.00, 122217, -537694, 898 
1720447866214.00, 122322, -535029, 917 
1720447866236.00, 122390, -532365, 938 
1720447866257.00, 122315, -529712, 948 
1720447866279.00, 122187, -527044, 961 
1720447866301.00, 122164, -524381, 981 
1720447866323.00, 122298, -521723, 962 
1720447866344.00, 122266, -519062, 967 
1720447866365.00, 122222, -516403, 981 
1720447866387.00, 122415, -513740, 981 
1720447866410.00, 122329, -511070, 977 
1720447866431.00, 122303, -508411, 978 
1720447866453.00, 122291, -505756, 986 
1720447866475.00, 122306, -503094, 991 
1720447866497.00, 122207, -500430, 999 
1720447866518.00, 122216, -497766, 984 
1720447866540.00, 122126, -495101, 976 
1720447866562.00, 122168, -492438, 977 
1720447866584.00, 122305, -489792, 983 
1720447866605.00, 122382, -487140, 970 
1720447866627.00, 122208, -484467, 964 
1720447866649.00, 122242, -481801, 948 
1720447866670.00, 122394, -479146, 943 
1720447866692.00, 122406, -476489, 943 
1720447866714.00, 122350, -473839, 946 
1720447866735.00, 122286, -471174, 933 
1720447866757.00, 122346, -468512, 923 
1720447866778.00, 122517, -465852, 921 
1720447866800.00, 122369, -463184, 918 
1720447866822.00, 122355, -460535, 914 
1720447866844.00, 122197, -457877, 904 
1720447866866.00, 122220, -455213, 892 
1720447866887.00, 122269, -452555, 885 
1720447866909.00, 122345, -449893, 886 
1720447866931.00, 122394, -447227, 898 
1720447866952.00, 122218, -444586, 887 
1720447866974.00, 122137, -441922, 869 
1720447866995.00, 121867, -439265, 851 
1720447867017.00, 120812, -436620, 834 
1720447867039.00, 118942, -433989, 795 
1720447867061.00, 115641, -431420, 732 
1720447867083.00, 65137, -428932, 630 
1720447867104.00, 34890, -427515, 654 
1720447867126.00, 17030, -426748, 435 
1720447867147.00, 6758, -426376, 220 
1720447867169.00, 763, -426241, -14 
1720447867190.00, -2575, -426231, -239 
1720447867212.00, -18628, -426297, -331 
1720447867234.00, -33639, -426696, -591 
1720447867256.00, -58249, -427425, -725 
1720447867278.00, -81013, -428676, -760 
1720447867299.00, -96250, -430425, -852 
1720447867321.00, -110663, -432521, -881 
1720447867343.00, -120514, -434957, -870 
1720447867364.00, -122498, -437587, -882 
1720447867385.00, -122337, -440231, -888 
1720447867407.00, -122280, -442902, -873 
1720447867429.00, -122252, -445564, -874 
1720447867451.00, -122275, -448216, -880 
1720447867472.00, -122319, -450890, -884 
1720447867494.00, -122331, -453550, -903 
1720447867515.00, -122306, -456195, -918 
1720447867537.00, -122253, -458874, -915 
1720447867559.00, -122098, -461533, -933 
1720447867581.00, -122001, -464187, -936 
1720447867603.00, -122248, -466849, -928 
1720447867625.00, -122359, -469496, -943 
1720447867646.00, -122242, -472157, -972 
1720447867668.00, -122287, -474829, -969 
1720447867690.00, -122177, -477490, -921 
1720447867711.00, -122214, -480137, -889 
1720447867733.00, -122204, -482784, -860 
1720447867755.00, -121369, -485451, -816 
1720447867776.00, -118338, -488086, -770 
1720447867801.00, -113706, -490665, -750 
1720447867820.00, -109659, -493133, -739 
1720447867842.00, -106694, -495511, -739 
1720447867864.00, -105019, -497823, -718 
1720447867885.00, -102701, -500122, -722 
1720447867907.00, -101534, -502346, -748 
1720447867928.00, -102203, -504552, -731 
1720447867950.00, -101819, -506783, -672 
1720447867972.00, -98187, -508995, -717 
1720447867994.00, -98307, -511128, -732 
1720447868021.00, -99432, -513257, -673 
1720447868036.00, -96710, -515407, -659 
1720447868059.00, -94242, -517509, -682 
1720447868080.00, -94189, -519556, -642 
1720447868102.00, -91699, -521586, -659 
1720447868128.00, -91131, -523591, -651 
1720447868145.00, -90585, -525560, -607 
1720447868167.00, -87692, -527526, -657 
1720447868189.00, -88729, -529420, -629 
1720447868210.00, -87927, -531338, -614 
1720447868234.00, -86587, -533255, -588 
1720447868254.00, -84269, -535123, -591 
1720447868275.00, -83051, -536950, -639 
1720447868297.00, -85289, -538743, -620 
1720447868318.00, -85537, -540597, -690 
1720447868344.00, -89652, -542462, -772 
1720447868361.00, -97346, -544400, -795 
1720447868383.00, -103145, -546511, -765 
1720447868405.00, -104794, -548754, -790 
1720447868427.00, -107200, -551037, -809 
1720447868449.00, -109564, -553378, -775 
1720447868470.00, -109140, -555762, -772 
1720447868492.00, -108714, -558144, -858 
1720447868514.00, -113544, -560506, -835 
1720447868537.00, -115003, -562973, -753 
1720447868557.00, -110786, -565488, -827 
1720447868579.00, -112819, -567903, -827 
1720447868601.00, -114254, -570354, -735 
1720447868622.00, -109312, -572838, -759 
1720447868644.00, -107798, -575227, -725 
1720447868666.00, -105126, -577557, -666 
1720447868687.00, -99889, -579828, -651 
1720447868709.00, -95862, -582005, -654 
1720447868731.00, -93667, -584081, -658 
1720447868752.00, -92697, -586114, -691 
1720447868774.00, -94154, -588119, -741 
1720447868795.00, -97960, -590161, -771 
1720447868817.00, -101934, -592290, -729 
1720447868839.00, -101818, -594505, -670 
1720447868860.00, -57374, -596691, -624 
1720447868882.00, -30637, -597945, -589 
1720447868904.00, -15358, -598642, -490 
1720447868925.00, -6213, -598984, -410 
1720447868947.00, -825, -599124, -337 
1720447868969.00, 1672, -599142, -171 
1720447868990.00, 3691, -599106, 29 
1720447869012.00, 6488, -599015, 200 
1720447869033.00, 17814, -598866, 389 
1720447869055.00, 36698, -598487, 385 
1720447869076.00, 47374, -597707, 554 
1720447869098.00, 63616, -596683, 629 
1720447869120.00, 77748, -595314, 686 
1720447869142.00, 89474, -593618, 720 
1720447869163.00, 98471, -591680, 762 
1720447869185.00, 106015, -589544, 790 
1720447869206.00, 112024, -587225, 804 
1720447869228.00, 116428, -584779, 833 
1720447869250.00, 120703, -582245, 851 
1720447869271.00, 122460, -579615, 842 
1720447869293.00, 122417, -576943, 851 
1720447869315.00, 122265, -574280, 864 
1720447869337.00, 122256, -571640, 857 
1720447869359.00, 122192, -568967, 869 
1720447869380.00, 122513, -566303, 867 
1720447869402.00, 122240, -563646, 887 
1720447869424.00, 122283, -560979, 888 
1720447869446.00, 122396, -558316, 889 
1720447869467.00, 122238, -555668, 908 
1720447869489.00, 122237, -553004, 909 
1720447869511.00, 122181, -550338, 914 
1720447869533.00, 122308, -547677, 920 
1720447869554.00, 122350, -545013, 924 
1720447869575.00, 122378, -542359, 939 
1720447869598.00, 122395, -539699, 935 
1720447869620.00, 122404, -537036, 937 
1720447869641.00, 122152, -534371, 924 
1720447869665.00, 122119, -531706, 926 
1720447869685.00, 122155, -529046, 926 
1720447869707.00, 122161, -526397, 925 
1720447869728.00, 122285, -523738, 913 
1720447869750.00, 122137, -521073, 894 
1720447869772.00, 122242, -518416, 899 
1720447869793.00, 122486, -515750, 899 
1720447869815.00, 122387, -513094, 895 
1720447869837.00, 122234, -510435, 902 
1720447869858.00, 122290, -507764, 904 
1720447869883.00, 122337, -505112, 901 
1720447869902.00, 122354, -502453, 898 
1720447869923.00, 122421, -499789, 915 
1720447869944.00, 122305, -497133, 936 
1720447869966.00, 122290, -494460, 929 
1720447869988.00, 122402, -491797, 937 
1720447870010.00, 122381, -489142, 937 
1720447870032.00, 122206, -486481, 935 
1720447870054.00, 122157, -483819, 919 
1720447870075.00, 122268, -481162, 909 
1720447870098.00, 122175, -478504, 914 
1720447870119.00, 122314, -475837, 919 
1720447870140.00, 122376, -473187, 916 
1720447870162.00, 122280, -470521, 916 
1720447870184.00, 122155, -467853, 932 
1720447870206.00, 122219, -465202, 921 
1720447870227.00, 122364, -462534, 910 
1720447870249.00, 122332, -459873, 915 
1720447870271.00, 122323, -457223, 933 
1720447870293.00, 122290, -454558, 923 
1720447870315.00, 122321, -451894, 901 
1720447870336.00, 122159, -449231, 903 
1720447870358.00, 122134, -446571, 912 
1720447870380.00, 122173, -443916, 898 
1720447870402.00, 122143, -441266, 863 
1720447870425.00, 121381, -438605, 838 
1720447870445.00, 119495, -435964, 800 
1720447870467.00, 116160, -433369, 726 
1720447870488.00, 109607, -430855, 621 
1720447870509.00, 61361, -428501, 505 
1720447870532.00, 32820, -427158, 479 
1720447870553.00, 15721, -426435, 329 
1720447870575.00, 5755, -426093, 110 
1720447870596.00, 85, -425968, -53 
1720447870617.00, -5247, -425967, -253 
1720447870642.00, -20873, -426079, -325 
1720447870660.00, -34656, -426531, -541 
1720447870682.00, -55743, -427280, -682 
1720447870704.00, -76816, -428480, -715 
1720447870726.00, -91172, -430135, -775 
1720447870751.00, -103118, -432129, -806 
1720447870770.00, -112102, -434379, -833 
1720447870790.00, -118801, -436818, -832 
1720447870813.00, -122363, -439410, -820 
1720447870834.00, -122135, -442081, -822 
1720447870859.00, -122249, -444748, -824 
1720447870878.00, -122391, -447401, -828 
1720447870899.00, -122335, -450056, -839 
1720447870921.00, -122297, -452732, -849 
1720447870943.00, -122467, -455391, -846 
1720447870966.00, -122387, -458061, -849 
1720447870987.00, -122237, -460719, -870 
1720447871008.00, -122268, -463363, -856 
1720447871030.00, -122263, -466026, -858 
1720447871052.00, -122251, -468697, -871 
1720447871076.00, -122333, -471359, -864 
1720447871095.00, -122260, -474017, -834 
1720447871117.00, -122403, -476681, -825 
1720447871139.00, -122335, -479332, -837 
1720447871160.00, -122304, -481985, -839 
1720447871182.00, -122355, -484666, -806 
1720447871204.00, -122239, -487321, -763 
1720447871226.00, -119403, -489972, -771 
1720447871247.00, -118292, -492578, -779 
1720447871269.00, -117952, -495133, -762 
1720447871290.00, -116646, -497695, -745 
1720447871312.00, -114627, -500248, -750 
1720447871333.00, -113771, -502739, -755 
1720447871356.00, -113336, -505198, -743 
1720447871378.00, -112277, -507671, -709 
1720447871400.00, -109528, -510119, -687 
1720447871421.00, -106575, -512486, -685 
1720447871443.00, -104659, -514793, -666 
1720447871464.00, -102338, -517089, -633 
1720447871486.00, -98884, -519306, -634 
1720447871509.00, -96813, -521437, -664 
1720447871529.00, -97030, -523539, -644 
1720447871551.00, -96314, -525653, -624 
1720447871573.00, -94569, -527731, -659 
1720447871594.00, -95439, -529781, -648 
1720447871617.00, -95512, -531839, -642 
1720447871638.00, -94932, -533916, -647 
1720447871659.00, -94874, -535983, -636 
1720447871681.00, -94015, -538020, -658 
1720447871702.00, -94998, -540070, -640 
1720447871724.00, -94579, -542122, -613 
1720447871746.00, -92669, -544165, -652 
1720447871767.00, -93628, -546169, -615 
1720447871789.00, -91992, -548186, -613 
1720447871811.00, -90682, -550193, -642 
1720447871832.00, -91793, -552156, -570 
1720447871854.00, -88032, -554134, -597 
1720447871875.00, -87118, -556045, -598 
1720447871897.00, -87041, -557929, -568 
1720447871919.00, -84876, -559816, -604 
1720447871940.00, -85837, -561653, -581 
1720447871964.00, -85003, -563500, -607 
1720447871984.00, -86004, -565358, -601 
1720447872005.00, -86362, -567218, -590 
1720447872027.00, -85783, -569098, -610 
1720447872049.00, -86683, -570942, -638 
1720447872073.00, -88719, -572829, -674 
1720447872092.00, -92088, -574758, -641 
1720447872113.00, -92133, -576746, -653 
1720447872135.00, -92669, -578744, -689 
1720447872156.00, -95485, -580752, -700 
1720447872178.00, -97666, -582829, -695 
1720447872200.00, -98620, -584951, -709 
1720447872222.00, -99970, -587081, -740 
1720447872243.00, -102590, -589246, -715 
1720447872265.00, -102492, -591485, -720 
1720447872286.00, -102730, -593711, -733 
1720447872308.00, -59239, -595921, -657 
1720447872330.00, -33091, -597210, -635 
1720447872352.00, -17423, -597952, -537 
1720447872373.00, -8430, -598351, -470 
1720447872397.00, -3079, -598545, -386 
1720447872416.00, -89, -598614, -248 
1720447872438.00, 1053, -598617, -110 
1720447872459.00, 2029, -598589, 77 
1720447872481.00, 7173, -598534, 211 
1720447872508.00, 18320, -598370, 387 
1720447872523.00, 35395, -597975, 496 
1720447872546.00, 52411, -597218, 571 
1720447872567.00, 66797, -596098, 641 
1720447872589.00, 79637, -594650, 687 
1720447872615.00, 89979, -592927, 715 
1720447872632.00, 97648, -590975, 731 
1720447872654.00, 102692, -588870, 740 
1720447872675.00, 106283, -586619, 729 
1720447872698.00, 107620, -584304, 732 
1720447872720.00, 108648, -581970, 726 
1720447872741.00, 108870, -579606, 724 
1720447872762.00, 108603, -577229, 723 
1720447872784.00, 108280, -574873, 749 
1720447872806.00, 109780, -572513, 752 
1720447872832.00, 110772, -570124, 766 
1720447872849.00, 112017, -567716, 799 
1720447872871.00, 114603, -565277, 813 
1720447872893.00, 117081, -562782, 830 
1720447872915.00, 119440, -560219, 854 
1720447872941.00, 122137, -557616, 865 
1720447872957.00, 122317, -554959, 881 
1720447872979.00, 122208, -552309, 896 
1720447873002.00, 122247, -549645, 922 
1720447873023.00, 122285, -546979, 940 
1720447873047.00, 122300, -544310, 936 
1720447873067.00, 122389, -541647, 961 
1720447873089.00, 122412, -539002, 970 
1720447873110.00, 122296, -536340, 980 
1720447873132.00, 122407, -533674, 979 
1720447873161.00, 122412, -531006, 984 
1720447873175.00, 122385, -528343, 984 
1720447873197.00, 122354, -525689, 993 
1720447873219.00, 122260, -523034, 996 
1720447873241.00, 122223, -520370, 985 
1720447873266.00, 122493, -517704, 970 
1720447873284.00, 122382, -515044, 970 
1720447873306.00, 122316, -512384, 963 
1720447873327.00, 122343, -509726, 950 
1720447873349.00, 122267, -507062, 939 
1720447873374.00, 122273, -504408, 925 
1720447873393.00, 122194, -501738, 907 
1720447873414.00, 122272, -499082, 906 
1720447873436.00, 122337, -496425, 902 
1720447873457.00, 122200, -493773, 885 
1720447873480.00, 122249, -491097, 874 
1720447873501.00, 122357, -488448, 857 
1720447873523.00, 121394, -485790, 854 
1720447873544.00, 120571, -483147, 863 
1720447873566.00, 120532, -480532, 856 
1720447873589.00, 120113, -477908, 840 
1720447873609.00, 118980, -475286, 849 
1720447873631.00, 119014, -472703, 860 
1720447873653.00, 119525, -470121, 861 
1720447873675.00, 120033, -467519, 861 
1720447873697.00, 120121, -464912, 870 
1720447873718.00, 120738, -462287, 887 
1720447873740.00, 121237, -459661, 899 
1720447873762.00, 121747, -457028, 880 
1720447873783.00, 121987, -454380, 883 
1720447873805.00, 122135, -451724, 873 
1720447873827.00, 122140, -449068, 851 
1720447873849.00, 121075, -446403, 836 
1720447873870.00, 119361, -443777, 842 
1720447873892.00, 118620, -441192, 841 
1720447873913.00, 118070, -438606, 809 
1720447873935.00, 115790, -436036, 781 
1720447873957.00, 112616, -433523, 773 
1720447873979.00, 110308, -431076, 709 
1720447874001.00, 61895, -428701, 609 
1720447874025.00, 33306, -427351, 584 
1720447874044.00, 16394, -426619, 374 
1720447874066.00, 6278, -426264, 182 
1720447874087.00, 356, -426135, -20 
1720447874109.00, -3329, -426129, -205 
1720447874130.00, -17220, -426198, -282 
1720447874151.00, -29857, -426566, -495 
1720447874173.00, -50209, -427209, -584 
1720447874195.00, -67602, -428288, -643 
1720447874216.00, -81459, -429749, -698 
1720447874239.00, -92672, -431516, -743 
1720447874260.00, -102015, -433520, -758 
1720447874282.00, -108334, -435762, -773 
1720447874303.00, -112888, -438126, -782 
1720447874325.00, -116010, -440568, -781 
1720447874346.00, -117675, -443101, -795 
1720447874369.00, -119420, -445672, -800 
1720447874391.00, -120602, -448254, -799 
1720447874412.00, -121248, -450896, -809 
1720447874434.00, -121901, -453519, -801 
1720447874456.00, -121745, -456173, -790 
1720447874477.00, -120839, -458828, -785 
1720447874499.00, -119936, -461459, -789 
1720447874521.00, -119600, -464057, -795 
1720447874542.00, -119692, -466666, -795 
1720447874564.00, -119656, -469267, -793 
1720447874586.00, -119267, -471876, -791 
1720447874607.00, -118901, -474472, -780 
1720447874629.00, -118007, -477062, -763 
1720447874651.00, -116493, -479619, -752 
1720447874673.00, -114828, -482138, -752 
1720447874695.00, -113721, -484654, -736 
1720447874717.00, -112006, -487127, -723 
1720447874738.00, -110100, -489549, -727 
1720447874760.00, -109143, -491948, -743 
1720447874782.00, -109558, -494326, -736 
1720447874803.00, -109124, -496707, -728 
1720447874825.00, -108471, -499076, -712 
1720447874846.00, -106953, -501438, -689 
1720447874869.00, -104599, -503773, -669 
1720447874889.00, -102039, -506029, -665 
1720447874912.00, -100224, -508250, -658 
1720447874934.00, -98489, -510438, -619 
1720447874955.00, -95313, -512561, -623 
1720447874977.00, -93469, -514618, -645 
1720447874999.00, -93692, -516671, -613 
1720447875020.00, -91933, -518686, -600 
1720447875042.00, -90226, -520679, -624 
1720447875063.00, -90294, -522621, -582 
1720447875085.00, -87832, -524581, -613 
1720447875106.00, -88114, -526499, -614 
1720447875128.00, -88398, -528400, -608 
1720447875150.00, -88396, -530320, -613 
1720447875172.00, -88666, -532228, -587 
1720447875193.00, -87061, -534151, -623 
1720447875215.00, -88242, -536047, -584 
1720447875237.00, -86571, -537948, -607 
1720447875258.00, -87011, -539837, -639 
1720447875280.00, -89059, -541722, -675 
1720447875301.00, -92205, -543654, -654 
1720447875323.00, -93111, -545655, -614 
1720447875347.00, -91179, -547667, -672 
1720447875366.00, -93530, -549661, -672 
1720447875388.00, -94975, -551671, -644 
1720447875410.00, -94060, -553731, -711 
1720447875431.00, -97659, -555778, -693 
1720447875454.00, -98711, -557884, -710 
1720447875474.00, -99905, -560029, -769 
1720447875496.00, -104253, -562196, -710 
1720447875518.00, -103392, -564450, -682 
1720447875539.00, -101214, -566707, -717 
1720447875561.00, -101856, -568913, -672 
1720447875583.00, -99500, -571113, -642 
1720447875605.00, -96329, -573277, -650 
1720447875626.00, -94768, -575376, -684 
1720447875648.00, -96076, -577415, -670 
1720447875670.00, -95717, -579493, -657 
1720447875691.00, -94818, -581574, -667 
1720447875713.00, -94899, -583628, -677 
1720447875735.00, -95446, -585685, -590 
1720447875756.00, -90598, -587743, -562 
1720447875777.00, -85857, -589704, -544 
1720447875800.00, -81854, -591567, -467 
1720447875821.00, -74967, -593330, -408 
1720447875843.00, -42643, -594943, -353 
1720447875864.00, -23243, -595881, -314 
1720447875886.00, -11647, -596398, -254 
1720447875907.00, -4861, -596661, -152 
1720447875929.00, -1025, -596775, -116 
1720447875951.00, 428, -596797, -23 
1720447875972.00, 1887, -596790, 78 
1720447875993.00, 7499, -596742, 206 
1720447876015.00, 18393, -596574, 361 
1720447876037.00, 33922, -596183, 466 
1720447876059.00, 49929, -595458, 617 
1720447876080.00, 68360, -594392, 617 
1720447876102.00, 79170, -592907, 665 
1720447876124.00, 88399, -591189, 711 
1720447876144.00, 96611, -589272, 723 
1720447876167.00, 101836, -587178, 697 
1720447876189.00, 103374, -584969, 727 
1720447876210.00, 106028, -582712, 729 
1720447876232.00, 107605, -580397, 713 
1720447876254.00, 107491, -578058, 715 
1720447876275.00, 107523, -575735, 728 
1720447876297.00, 108114, -573382, 709 
1720447876319.00, 107365, -571030, 711 
1720447876341.00, 106911, -568699, 739 
1720447876362.00, 108314, -566369, 742 
1720447876384.00, 109261, -564003, 736 
1720447876405.00, 109421, -561637, 766 
1720447876428.00, 111050, -559260, 782 
1720447876449.00, 113183, -556830, 786 
1720447876471.00, 114432, -554367, 785 
1720447876492.00, 115178, -551879, 802 
1720447876514.00, 116514, -549374, 810 
1720447876536.00, 117763, -546839, 803 
1720447876558.00, 118063, -544272, 813 
1720447876580.00, 118754, -541702, 821 
1720447876601.00, 119456, -539127, 829 
1720447876623.00, 120197, -536519, 827 
1720447876644.00, 120883, -533895, 826 
1720447876667.00, 120764, -531272, 813 
1720447876688.00, 120139, -528646, 812 
1720447876710.00, 119486, -526033, 820 
1720447876732.00, 119594, -523440, 806 
1720447876753.00, 118912, -520827, 799 
1720447876775.00, 117665, -518251, 800 
1720447876797.00, 117384, -515685, 804 
1720447876818.00, 117024, -513143, 813 
1720447876841.00, 117342, -510591, 807 
1720447876862.00, 117011, -508034, 796 
1720447876883.00, 116341, -505489, 791 
1720447876906.00, 115658, -502961, 796 
1720447876927.00, 115288, -500449, 789 
1720447876949.00, 114748, -497934, 773 
1720447876971.00, 113617, -495432, 769 
1720447876992.00, 112554, -492970, 775 
1720447877014.00, 112240, -490530, 781 
1720447877036.00, 112213, -488078, 777 
1720447877057.00, 112045, -485645, 793 
1720447877079.00, 113080, -483199, 791 
1720447877101.00, 113111, -480749, 786 
1720447877123.00, 112964, -478281, 769 
1720447877145.00, 111865, -475819, 769 
1720447877166.00, 111175, -473392, 775 
1720447877188.00, 111075, -470980, 774 
1720447877210.00, 110854, -468553, 772 
1720447877231.00, 110704, -466132, 785 
1720447877253.00, 111528, -463728, 790 
1720447877275.00, 112116, -461315, 787 
1720447877296.00, 112225, -458867, 790 
1720447877318.00, 112480, -456421, 813 
1720447877339.00, 113944, -453975, 809 
1720447877362.00, 114553, -451500, 800 
1720447877383.00, 114330, -449000, 805 
1720447877405.00, 114324, -446501, 817 
1720447877427.00, 115260, -444014, 822 
1720447877449.00, 116056, -441518, 822 
1720447877470.00, 116460, -438988, 829 
1720447877492.00, 117295, -436453, 819 
1720447877514.00, 117042, -433904, 798 
1720447877535.00, 115573, -431367, 767 
1720447877557.00, 66332, -428873, 699 
1720447877579.00, 36531, -427430, 793 
1720447877600.00, 19217, -426628, 547 
1720447877622.00, 8875, -426199, 485 
1720447877643.00, 2806, -426008, 269 
1720447877665.00, -70, -425961, 52 
1720447877686.00, -1834, -425974, -158 
1720447877708.00, -12595, -426018, -295 
1720447877730.00, -27048, -426290, -436 
1720447877751.00, -44306, -426869, -602 
1720447877772.00, -64367, -427820, -685 
1720447877794.00, -81160, -429208, -731 
1720447877816.00, -93959, -430973, -766 
1720447877837.00, -103535, -433004, -787 
1720447877862.00, -110249, -435274, -786 
1720447877881.00, -114075, -437677, -786 
1720447877902.00, -116236, -440150, -789 
1720447877925.00, -117556, -442680, -772 
1720447877946.00, -117315, -445252, -765 
1720447877968.00, -116673, -447788, -768 
1720447877989.00, -116374, -450327, -778 
1720447878011.00, -116542, -452863, -787 
1720447878033.00, -117192, -455398, -791 
1720447878054.00, -117854, -457950, -787 
1720447878077.00, -117772, -460515, -778 
1720447878098.00, -117209, -463063, -806 
1720447878120.00, -118388, -465611, -810 
1720447878142.00, -119103, -468199, -776 
1720447878164.00, -117520, -470796, -780 
1720447878185.00, -116949, -473339, -811 
1720447878206.00, -118215, -475885, -809 
1720447878228.00, -118766, -478463, -789 
1720447878250.00, -117636, -481042, -779 
1720447878272.00, -116433, -483610, -774 
1720447878296.00, -115565, -486139, -748 
1720447878316.00, -113422, -488645, -719 
1720447878338.00, -110281, -491111, -700 
1720447878359.00, -107086, -493512, -697 
1720447878381.00, -104946, -495823, -641 
1720447878404.00, -100131, -498103, -644 
1720447878425.00, -97607, -500305, -624 
1720447878446.00, -94822, -502404, -612 
1720447878467.00, -92436, -504461, -602 
1720447878489.00, -90281, -506463, -579 
1720447878510.00, -87725, -508417, -580 
1720447878532.00, -86125, -510323, -540 
1720447878554.00, -82668, -512178, -526 
1720447878576.00, -79817, -513969, -559 
1720447878597.00, -80040, -515705, -535 
1720447878618.00, -78927, -517443, -556 
1720447878640.00, -79497, -519155, -534 
1720447878662.00, -78612, -520870, -561 
1720447878684.00, -79497, -522567, -531 
1720447878706.00, -78271, -524293, -543 
1720447878727.00, -78109, -525997, -551 
1720447878748.00, -78590, -527681, -562 
1720447878770.00, -79433, -529386, -541 
1720447878792.00, -78706, -531096, -570 
1720447878814.00, -79984, -532819, -600 
1720447878835.00, -82660, -534542, -577 
1720447878857.00, -82691, -536345, -575 
1720447878878.00, -82587, -538118, -579 
1720447878900.00, -82621, -539913, -598 
1720447878922.00, -83888, -541708, -556 
1720447878943.00, -82101, -543526, -594 
1720447878965.00, -83211, -545298, -554 
1720447878987.00, -81614, -547089, -549 
1720447879008.00, -80259, -548869, -508 
1720447879030.00, -76888, -550601, -524 
1720447879051.00, -75826, -552271, -513 
1720447879073.00, -74629, -553909, -521 
1720447879095.00, -74268, -555522, -523 
1720447879117.00, -74239, -557131, -534 
1720447879138.00, -74792, -558748, -546 
1720447879159.00, -75939, -560360, -545 
1720447879182.00, -76454, -562011, -548 
1720447879203.00, -76977, -563657, -558 
1720447879225.00, -77933, -565337, -560 
1720447879246.00, -78690, -567019, -541 
1720447879268.00, -77790, -568730, -545 
1720447879289.00, -77629, -570407, -518 
1720447879311.00, -75772, -572088, -500 
1720447879333.00, -73669, -573733, -478 
1720447879354.00, -71068, -575333, -482 
1720447879376.00, -69825, -576863, -457 
1720447879397.00, -67571, -578374, -464 
1720447879419.00, -66462, -579822, -472 
1720447879441.00, -66414, -581275, -473 
1720447879462.00, -66412, -582719, -478 
1720447879484.00, -66819, -584153, -477 
1720447879506.00, -66832, -585603, -478 
1720447879527.00, -67088, -587040, -455 
1720447879549.00, -65836, -588494, -471 
1720447879570.00, -65974, -589916, -456 
1720447879593.00, -65081, -591347, -439 
1720447879614.00, -63576, -592757, -420 
1720447879636.00, -36270, -594121, -405 
1720447879658.00, -19643, -594929, -401 
1720447879679.00, -9603, -595375, -342 
1720447879701.00, -3798, -595594, -291 
1720447879722.00, -415, -595682, -240 
1720447879744.00, 822, -595693, -144 
1720447879765.00, 2011, -595675, -8 
1720447879787.00, 2952, -595624, 139 
1720447879808.00, 11439, -595544, 340 
1720447879830.00, 28652, -595297, 412 
1720447879851.00, 43383, -594683, 610 
1720447879873.00, 63917, -593751, 636 
1720447879895.00, 77686, -592374, 710 
1720447879916.00, 90089, -590682, 744 
1720447879938.00, 99528, -588735, 768 
1720447879959.00, 106401, -586566, 787 
1720447879981.00, 111364, -584241, 791 
1720447880003.00, 114557, -581824, 797 
1720447880024.00, 116637, -579328, 795 
1720447880047.00, 117800, -576775, 782 
1720447880068.00, 117504, -574217, 780 
1720447880089.00, 117065, -571663, 795 
1720447880112.00, 117695, -569117, 797 
1720447880133.00, 118259, -566546, 780 
1720447880155.00, 117317, -563970, 777 
1720447880177.00, 116645, -561418, 799 
1720447880199.00, 117448, -558888, 822 
1720447880220.00, 119237, -556331, 826 
1720447880242.00, 120491, -553726, 835 
1720447880264.00, 121596, -551108, 848 
1720447880285.00, 122394, -548460, 855 
1720447880307.00, 122181, -545794, 870 
1720447880329.00, 122322, -543143, 883 
1720447880351.00, 122302, -540472, 869 
1720447880373.00, 122250, -537806, 879 
1720447880396.00, 122449, -535140, 900 
1720447880416.00, 122329, -532485, 894 
1720447880438.00, 122216, -529834, 885 
1720447880460.00, 122382, -527163, 887 
1720447880483.00, 122284, -524501, 881 
1720447880502.00, 122361, -521841, 860 
1720447880525.00, 122363, -519180, 853 
1720447880546.00, 122339, -516525, 851 
1720447880568.00, 122261, -513867, 837 
1720447880591.00, 122349, -511199, 821 
1720447880612.00, 121645, -508537, 810 
1720447880633.00, 120631, -505891, 810 
1720447880654.00, 119764, -503276, 795 
1720447880677.00, 118551, -500668, 792 
1720447880698.00, 117494, -498094, 785 
1720447880720.00, 116407, -495528, 788 
1720447880742.00, 115904, -493008, 789 
1720447880764.00, 115505, -490494, 799 
1720447880785.00, 115714, -487974, 796 
1720447880807.00, 115588, -485456, 796 
1720447880828.00, 115708, -482931, 804 
1720447880850.00, 116130, -480422, 810 
1720447880872.00, 116561, -477893, 797 
1720447880894.00, 116163, -475354, 787 
1720447880915.00, 115213, -472832, 795 
1720447880938.00, 115332, -470325, 809 
1720447880958.00, 115867, -467824, 821 
1720447880980.00, 116988, -465297, 802 
1720447881003.00, 116609, -462745, 802 
1720447881024.00, 116268, -460214, 806 
1720447881045.00, 116124, -457701, 820 
1720447881068.00, 116851, -455164, 803 
1720447881089.00, 116264, -452618, 807 
1720447881111.00, 116143, -450089, 816 
1720447881135.00, 116607, -447563, 805 
1720447881154.00, 116227, -445033, 801 
1720447881176.00, 115592, -442500, 807 
1720447881197.00, 115595, -439991, 810 
1720447881220.00, 115830, -437471, 788 
1720447881242.00, 114489, -434960, 780 
1720447881263.00, 113021, -432472, 751 
1720447881284.00, 65205, -430027, 689 
1720447881306.00, 36413, -428616, 814 
1720447881328.00, 19436, -427825, 597 
1720447881350.00, 9555, -427384, 566 
1720447881371.00, 3597, -427180, 394 
1720447881393.00, 61, -427109, 183 
1720447881413.00, -1519, -427117, -4 
1720447881435.00, -2588, -427154, -188 
1720447881457.00, -14776, -427214, -283 
1720447881479.00, -27469, -427536, -483 
1720447881500.00, -46936, -428130, -583 
1720447881522.00, -64488, -429123, -648 
1720447881544.00, -78937, -430514, -678 
1720447881565.00, -88955, -432228, -724 
1720447881587.00, -97613, -434163, -738 
1720447881609.00, -103628, -436286, -764 
1720447881630.00, -108536, -438555, -752 
1720447881652.00, -110829, -440909, -736 
1720447881673.00, -110973, -443324, -785 
1720447881696.00, -113992, -445740, -779 
1720447881717.00, -115166, -448215, -764 
1720447881739.00, -115078, -450725, -746 
1720447881761.00, -113720, -453226, -770 
1720447881782.00, -114229, -455693, -780 
1720447881804.00, -115092, -458187, -762 
1720447881826.00, -114505, -460695, -757 
1720447881847.00, -113801, -463177, -787 
1720447881869.00, -114985, -465649, -792 
1720447881891.00, -115817, -468167, -773 
1720447881912.00, -115256, -470691, -799 
1720447881935.00, -116564, -473183, -820 
1720447881956.00, -118462, -475729, -793 
1720447881978.00, -117991, -478315, -753 
1720447882000.00, -115143, -480875, -806 
1720447882021.00, -116739, -483377, -796 
1720447882043.00, -116921, -485910, -766 
1720447882065.00, -114981, -488446, -736 
1720447882087.00, -112051, -490958, -728 
1720447882108.00, -109794, -493402, -713 
1720447882130.00, -107499, -495771, -707 
1720447882152.00, -105727, -498100, -713 
1720447882173.00, -104933, -500422, -703 
1720447882195.00, -104078, -502693, -683 
1720447882217.00, -102151, -504947, -672 
1720447882243.00, -100326, -507173, -657 
1720447882260.00, -98319, -509353, -664 
1720447882282.00, -97461, -511480, -673 
1720447882303.00, -97354, -513591, -647 
1720447882325.00, -95804, -515695, -644 
1720447882347.00, -94511, -517778, -642 
1720447882367.00, -93606, -519831, -565 
1720447882390.00, -88566, -521844, -560 
1720447882411.00, -85025, -523772, -567 
1720447882433.00, -83708, -525605, -523 
1720447882454.00, -80129, -527416, -576 
1720447882477.00, -81076, -529159, -562 
1720447882498.00, -80643, -530903, -547 
1720447882520.00, -79725, -532664, -541 
1720447882541.00, -78663, -534383, -575 
1720447882565.00, -80052, -536101, -551 
1720447882584.00, -79442, -537820, -545 
1720447882606.00, -78807, -539554, -600 
1720447882628.00, -81682, -541255, -612 
1720447882649.00, -84060, -543036, -631 
1720447882671.00, -86637, -544850, -615 
1720447882692.00, -87127, -546725, -664 
1720447882714.00, -90444, -548620, -631 
1720447882736.00, -90299, -550576, -660 
1720447882757.00, -91870, -552542, -638 
1720447882784.00, -91733, -554517, -650 
1720447882800.00, -92160, -556517, -687 
1720447882823.00, -94762, -558511, -660 
1720447882844.00, -94682, -560562, -707 
1720447882865.00, -97160, -562617, -737 
1720447882888.00, -100625, -564712, -705 
1720447882909.00, -100876, -566903, -699 
1720447882931.00, -100497, -569100, -696 
1720447882953.00, -99959, -571270, -672 
1720447882974.00, -98183, -573435, -646 
1720447882999.00, -95604, -575570, -602 
1720447883018.00, -91293, -577629, -599 
1720447883039.00, -88441, -579605, -623 
1720447883060.00, -88394, -581535, -609 
1720447883082.00, -87650, -583447, -650 
1720447883116.00, -89257, -585353, -703 
1720447883126.00, -93713, -587281, -685 
1720447883148.00, -95179, -589305, -645 
1720447883169.00, -93450, -591365, -561 
1720447883190.00, -87484, -593382, -519 
1720447883213.00, -49844, -595262, -446 
1720447883234.00, -27284, -596345, -422 
1720447883256.00, -14045, -596965, -421 
1720447883277.00, -6446, -597284, -405 
1720447883299.00, -2065, -597438, -466 
1720447883320.00, 55, -597487, -462 
1720447883342.00, 1298, -597491, -439 
1720447883363.00, 2406, -597468, -406 
1720447883384.00, 3006, -597418, -347 
1720447883406.00, 3427, -597346, -294 
1720447883428.00, 3575, -597269, -232 
1720447883450.00, 3582, -597187, -182 
1720447883471.00, 3521, -597104, -143 
1720447883492.00, 3307, -597025, -115 
1720447883514.00, 3300, -596950, -96 
1720447883536.00, 3236, -596877, -84 
1720447883557.00, 3264, -596808, -72 
1720447883579.00, 3151, -596739, -66 
1720447883601.00, 2981, -596669, -64 
1720447883622.00, 2941, -596603, -63 
1720447883643.00, 2872, -596542, -67 
1720447883665.00, 2768, -596480, -66 
1720447883687.00, 2810, -596417, -58 
1720447883708.00, 2705, -596358, -55 
1720447883730.00, 2471, -596299, -54 
1720447883751.00, 2356, -596245, -55 
1720447883773.00, 2281, -596197, -62 
1720447883794.00, 2219, -596148, -67 
1720447883845.00, 2121, -596100, -70 
1720447883846.00, 2100, -596054, -84 
1720447883858.00, 2111, -596010, -110 
1720447883880.00, 0, -595967, -244 
1720447883901.00, 0, -595959, -282 
1720447883923.00, 0, -595961, -319 
1720447883944.00, 0, -595964, -364 
1720447883965.00, 0, -595967, -429 
1720447883986.00, 0, -595969, -474 
1720447884007.00, 1, -595971, -520 
1720447884029.00, 0, -595973, -560 
1720447884050.00, 0, -595974, -599 
1720447884070.00, 0, -595976, -623 
1720447884092.00, 0, -595975, -625 
1720447884113.00, 0, -595975, -616 
1720447884134.00, 0, -595974, -604 
1720447884156.00, 0, -595973, -579 
1720447884176.00, 0, -595973, -553 
1720447884198.00, 0, -595971, -518 
1720447884219.00, 0, -595970, -468 
1720447884240.00, 0, -595967, -410 
1720447884261.00, 0, -595963, -335 
1720447884282.00, 0, -595960, -287 
1720447884304.00, 0, -595959, -240 
1720447884325.00, 0, -595956, -200 
1720447884345.00, 0, -595954, -167 
1720447884367.00, 0, -595953, -139 
1720447884388.00, 0, -595952, -122 
1720447884411.00, 0, -595951, -115 
1720447884434.00, 0, -595950, -103 
1720447884451.00, 0, -595951, -92 
1720447884472.00, 0, -595950, -91 
1720447884493.00, 0, -595950, -88 
1720447884514.00, 0, -595949, -90 
1720447884535.00, 0, -595948, -89 
1720447884556.00, 0, -595949, -89 
1720447884577.00, 0, -595949, -90 
1720447884599.00, 0, -595949, -89 
1720447884619.00, 0, -595949, -90 
1720447884640.00, 0, -595949, -89 
1720447884661.00, 0, -595949, -89 
1720447884682.00, 0, -595949, -90 
1720447884703.00, 0, -595949, -89 
1720447884724.00, 0, -595950, -90 
1720447884745.00, 0, -595950, -89 
1720447884766.00, 0, -595950, -89 
1720447884788.00, 0, -595949, -90 
1720447884809.00, 0, -595950, -89 
1720447884830.00, 0, -595950, -90 
1720447884851.00, 0, -595949, -90 
1720447884871.00, 0, -595950, -89 
1720447884892.00, 0, -595950, -90 
1720447884914.00, 0, -595950, -89 
1720447884934.00, 0, -595949, -89 
1720447884956.00, 0, -595950, -90 
1720447884977.00, 0, -595949, -89 
1720447884998.00, 0, -595950, -90 
1720447885019.00, 0, -595949, -89 
1720447885040.00, 0, -595950, -89 
1720447885061.00, 0, -595950, -90 
1720447885082.00, 0, -595949, -89 
1720447885103.00, 0, -595950, -89 
1720447885124.00, 0, -595950, -90 
1720447885144.00, 0, -595949, -89 
1720447885165.00, 0, -595949, -90 
1720447885187.00, 0, -595949, -89 
1720447885208.00, 0, -595949, -89 
1720447885229.00, 0, -595950, -90 
1720447885250.00, 0, -595949, -89 
1720447885271.00, 0, -595949, -89 
1720447885295.00, 0, -595949, -89 
1720447885313.00, 0, -595949, -89 
1720447885334.00, 0, -595949, -90 
1720447885355.00, 0, -595949, -89 
1720447885376.00, 0, -595950, -89 
1720447885397.00, 0, -595950, -89 
1720447885418.00, 0, -595949, -89 
1720447885439.00, 0, -595950, -90 
1720447885460.00, 0, -595949, -89 
1720447885481.00, 0, -595949, -89 
1720447885502.00, 0, -595950, -90 
1720447885523.00, 0, -595949, -89 
1720447885544.00, 0, -595949, -90 
1720447885566.00, 0, -595949, -89 
1720447885587.00, 0, -595949, -89 
1720447885607.00, 0, -595950, -89 
1720447885629.00, 0, -595949, -89 
1720447885649.00, 0, -595949, -90 
1720447885671.00, 0, -595950, -89 
1720447885692.00, 0, -595949, -89 
1720447885712.00, 0, -595949, -90 
1720447885734.00, 0, -595950, -89 
1720447885755.00, 0, -595949, -90 
1720447885776.00, 37, -595949, -89 
1720447885796.00, 0, -595950, -89 
1720447885818.00, 0, -595950, -89 
1720447885839.00, 0, -595950, -89 
1720447885860.00, 0, -595949, -90 
1720447885881.00, 0, -595949, -89 
1720447885902.00, 0, -595949, -89 
1720447885923.00, 0, -595949, -90 
1720447885944.00, 55, -595949, -89 
1720447885965.00, 0, -595950, -89 
1720447885986.00, 0, -595949, -89 
1720447886007.00, 0, -595950, -89 
1720447886028.00, 0, -595949, -89 
1720447886050.00, 0, -595949, -89 
1720447886071.00, 0, -595949, -89 
1720447886091.00, 0, -595949, -89 
1720447886113.00, 0, -595949, -89 
1720447886134.00, 0, -595950, -90 
1720447886154.00, 0, -595950, -89 
1720447886176.00, 0, -595950, -89 
1720447886196.00, 0, -595949, -89 
1720447886217.00, 0, -595950, -89 
1720447886238.00, 0, -595950, -89 
1720447886259.00, 0, -595949, -89 
1720447886281.00, 0, -595949, -89 
1720447886301.00, 0, -595949, -89 
1720447886323.00, 0, -595950, -89 
1720447886343.00, 0, -595950, -89 
1720447886365.00, 0, -595949, -89 
1720447886386.00, 0, -595949, -89 
1720447886406.00, 0, -595950, -89 
1720447886428.00, 0, -595949, -89 
1720447886449.00, 0, -595950, -89 
1720447886470.00, 0, -595949, -89 
1720447886490.00, 0, -595949, -89 
1720447886512.00, 0, -595950, -89 
1720447886533.00, 0, -595949, -89 
1720447886554.00, 0, -595950, -90 
1720447886575.00, 0, -595950, -89 
1720447886596.00, 0, -595948, -89 
1720447886617.00, 0, -595950, -89 
1720447886638.00, 0, -595950, -89 
1720447886659.00, 0, -595949, -89 
1720447886680.00, 0, -595948, -89 
1720447886701.00, 0, -595950, -89 
1720447886722.00, 0, -595949, -89 
1720447886743.00, 0, -595949, -89 
1720447886765.00, 0, -595949, -89 
1720447886785.00, 0, -595949, -89 
1720447886806.00, 0, -595948, -89 
