1720088793073.00, 0, -594352, -228 
1720088793093.00, 0, -594352, -228 
1720088793115.00, 0, -594352, -230 
1720088793136.00, 0, -594353, -232 
1720088793157.00, 0, -594351, -230 
1720088793179.00, 0, -594350, -226 
1720088793200.00, 0, -594352, -223 
1720088793221.00, 0, -594352, -226 
1720088793242.00, 0, -594352, -225 
1720088793264.00, 0, -594351, -223 
1720088793285.00, 0, -594351, -225 
1720088793306.00, 0, -594353, -227 
1720088793328.00, 0, -594352, -229 
1720088793349.00, 0, -594351, -228 
1720088793370.00, 0, -594352, -229 
1720088793391.00, 0, -594352, -231 
1720088793413.00, 0, -594352, -230 
1720088793434.00, 0, -594351, -229 
1720088793455.00, 0, -594352, -231 
1720088793477.00, 0, -594351, -230 
1720088793500.00, 0, -594352, -228 
1720088793528.00, 0, -594352, -226 
1720088793540.00, 0, -594352, -227 
1720088793562.00, 0, -594352, -229 
1720088793583.00, 0, -594352, -228 
1720088793608.00, 0, -594352, -229 
1720088793626.00, 0, -594352, -229 
1720088793647.00, 0, -594352, -230 
1720088793668.00, 0, -594352, -232 
1720088793690.00, 0, -594352, -232 
1720088793711.00, 0, -594352, -231 
1720088793732.00, 0, -594353, -233 
1720088793754.00, 0, -594352, -234 
1720088793775.00, 0, -594352, -234 
1720088793796.00, 0, -594352, -232 
1720088793816.00, 0, -594352, -231 
1720088793838.00, 0, -594352, -231 
1720088793860.00, 0, -594353, -232 
1720088793881.00, 0, -594353, -232 
1720088793902.00, 0, -594353, -232 
1720088793923.00, 0, -594352, -232 
1720088793944.00, 0, -594352, -232 
1720088793966.00, 0, -594353, -234 
1720088793988.00, 0, -594352, -234 
1720088794009.00, 0, -594353, -234 
1720088794030.00, 0, -594351, -235 
1720088794053.00, 0, -594352, -234 
1720088794073.00, 0, -594352, -235 
1720088794094.00, 0, -594352, -236 
1720088794115.00, 0, -594352, -236 
1720088794137.00, 0, -594353, -238 
1720088794158.00, 71, -594353, -241 
1720088794178.00, 0, -594353, -244 
1720088794201.00, 0, -594353, -246 
1720088794223.00, 0, -594354, -250 
1720088794244.00, 0, -594353, -256 
1720088794265.00, 0, -594353, -259 
1720088794287.00, 21, -594353, -263 
1720088794308.00, 0, -594353, -263 
1720088794329.00, 67, -594353, -265 
1720088794351.00, 0, -594354, -266 
1720088794376.00, 0, -594353, -263 
1720088794393.00, 0, -594354, -261 
1720088794415.00, 47, -594353, -259 
1720088794435.00, 0, -594353, -255 
1720088794457.00, -1, -594353, -248 
1720088794479.00, 39, -594353, -240 
1720088794501.00, 33, -594353, -231 
1720088794522.00, 19, -594353, -221 
1720088794543.00, 0, -594352, -212 
1720088794564.00, 0, -594351, -203 
1720088794586.00, 0, -594350, -192 
1720088794607.00, 0, -594349, -175 
1720088794627.00, 0, -594350, -162 
1720088794649.00, 0, -594349, -155 
1720088794671.00, 1, -594348, -147 
1720088794692.00, 0, -594347, -134 
1720088794713.00, 0, -594347, -117 
1720088794735.00, 0, -594345, -98 
1720088794756.00, 0, -594345, -93 
1720088794777.00, 0, -594345, -91 
1720088794798.00, 0, -594346, -90 
1720088794820.00, -11, -594345, -89 
1720088794840.00, 0, -594345, -95 
1720088794862.00, -65, -594345, -99 
1720088794883.00, 0, -594346, -100 
1720088794904.00, 0, -594346, -98 
1720088794928.00, 0, -594345, -100 
1720088794947.00, 0, -594345, -101 
1720088794968.00, 0, -594345, -101 
1720088794990.00, 0, -594346, -104 
1720088795011.00, 0, -594345, -109 
1720088795036.00, 0, -594345, -111 
1720088795054.00, 0, -594346, -113 
1720088795075.00, 0, -594346, -112 
1720088795096.00, 0, -594345, -109 
1720088795117.00, 0, -594346, -101 
1720088795138.00, 1, -594344, -79 
1720088795160.00, 33, -594340, -23 
1720088795181.00, 65, -594334, 67 
1720088795203.00, 4234, -594311, 195 
1720088795224.00, 14706, -594222, 309 
1720088795248.00, 27538, -593913, 402 
1720088795267.00, 40814, -593323, 449 
1720088795289.00, 51423, -592448, 672 
1720088795311.00, 71103, -591335, 672 
1720088795332.00, 83000, -589799, 709 
1720088795354.00, 92025, -587996, 830 
1720088795376.00, 104664, -585988, 882 
1720088795398.00, 115259, -583702, 919 
1720088795420.00, 123555, -581188, 974 
1720088795439.00, 130040, -578488, 1006 
1720088795462.00, 132840, -575643, 1054 
1720088795484.00, 132620, -572738, 1113 
1720088795505.00, 132612, -569833, 1137 
1720088795527.00, 132537, -566934, 1172 
1720088795549.00, 132579, -564035, 1209 
1720088795572.00, 132528, -561145, 1226 
1720088795593.00, 132646, -558243, 1286 
1720088795615.00, 132425, -555359, 1330 
1720088795636.00, 132423, -552454, 1356 
1720088795658.00, 132629, -549553, 1376 
1720088795680.00, 132462, -546659, 1408 
1720088795701.00, 132731, -543763, 1431 
1720088795724.00, 132532, -540858, 1483 
1720088795745.00, 132515, -537976, 1492 
1720088795767.00, 132521, -535069, 1531 
1720088795788.00, 132588, -532166, 1560 
1720088795811.00, 132573, -529281, 1600 
1720088795833.00, 132412, -526389, 1632 
1720088795854.00, 132419, -523487, 1657 
1720088795876.00, 132394, -520583, 1660 
1720088795900.00, 132665, -517696, 1679 
1720088795920.00, 132364, -514794, 1702 
1720088795942.00, 132491, -511899, 1727 
1720088795964.00, 132577, -508997, 1743 
1720088795985.00, 132392, -506119, 1756 
1720088796007.00, 132585, -503222, 1797 
1720088796029.00, 132430, -500316, 1839 
1720088796051.00, 132558, -497422, 1868 
1720088796073.00, 132516, -494515, 1903 
1720088796094.00, 132523, -491618, 1938 
1720088796116.00, 132608, -488717, 1970 
1720088796138.00, 132616, -485831, 1992 
1720088796160.00, 132572, -482924, 2026 
1720088796181.00, 132533, -480034, 2064 
1720088796204.00, 132571, -477142, 2080 
1720088796225.00, 132530, -474241, 2108 
1720088796247.00, 132516, -471343, 2122 
1720088796269.00, 132615, -468449, 2148 
1720088796291.00, 132409, -465549, 2162 
1720088796312.00, 132652, -462657, 2145 
1720088796334.00, 132250, -459764, 2096 
1720088796356.00, 132683, -456883, 2012 
1720088796378.00, 132482, -453988, 1945 
1720088796400.00, 132456, -451094, 1888 
1720088796422.00, 132397, -448210, 1835 
1720088796444.00, 132273, -445317, 1770 
1720088796465.00, 132447, -442421, 1706 
1720088796487.00, 132269, -439543, 1636 
1720088796509.00, 132407, -436650, 1527 
1720088796531.00, 132205, -433771, 1400 
1720088796552.00, 132103, -430895, 1196 
1720088796575.00, 76641, -428047, 898 
1720088796597.00, 44033, -426393, 641 
1720088796619.00, 24574, -425448, 378 
1720088796640.00, 13561, -424922, 93 
1720088796662.00, 6901, -424637, -135 
1720088796684.00, -4533, -424485, -310 
1720088796704.00, -21716, -424589, -617 
1720088796726.00, -50630, -425058, -795 
1720088796748.00, -78605, -426126, -827 
1720088796769.00, -96982, -427836, -902 
1720088796792.00, -112556, -429938, -880 
1720088796812.00, -120092, -432407, -1012 
1720088796834.00, -128633, -435059, -1024 
1720088796855.00, -132833, -437867, -1041 
1720088796878.00, -132522, -440761, -1053 
1720088796899.00, -132579, -443658, -1059 
1720088796921.00, -132614, -446548, -1050 
1720088796942.00, -132456, -449431, -1065 
1720088796965.00, -132481, -452338, -1074 
1720088796986.00, -132490, -455234, -1056 
1720088797008.00, -132323, -458131, -1068 
1720088797030.00, -132487, -461029, -1075 
1720088797051.00, -132496, -463907, -1073 
1720088797074.00, -132473, -466801, -1094 
1720088797095.00, -132445, -469694, -1112 
1720088797117.00, -132470, -472581, -1115 
1720088797139.00, -132520, -475488, -1103 
1720088797161.00, -132554, -478386, -1114 
1720088797183.00, -132371, -481270, -1122 
1720088797204.00, -132411, -484177, -1112 
1720088797226.00, -132445, -487074, -1132 
1720088797248.00, -132416, -489953, -1152 
1720088797270.00, -132556, -492850, -1155 
1720088797292.00, -132630, -495739, -1147 
1720088797313.00, -132493, -498635, -1173 
1720088797337.00, -132472, -501546, -1175 
1720088797357.00, -132408, -504435, -1175 
1720088797379.00, -132531, -507332, -1199 
1720088797401.00, -132401, -510228, -1192 
1720088797423.00, -132428, -513123, -1202 
1720088797450.00, -132571, -516007, -1226 
1720088797466.00, -132633, -518908, -1210 
1720088797488.00, -132836, -521793, -1223 
1720088797510.00, -132480, -524699, -1243 
1720088797532.00, -132525, -527591, -1238 
1720088797554.00, -132506, -530479, -1219 
1720088797575.00, -132443, -533384, -1212 
1720088797597.00, -132521, -536288, -1229 
1720088797618.00, -132180, -539168, -1223 
1720088797640.00, -132481, -542068, -1228 
1720088797662.00, -132497, -544948, -1277 
1720088797685.00, -132621, -547842, -1274 
1720088797706.00, -132505, -550737, -1262 
1720088797728.00, -132384, -553625, -1269 
1720088797750.00, -132458, -556521, -1242 
1720088797772.00, -132244, -559412, -1230 
1720088797794.00, -132327, -562307, -1217 
1720088797816.00, -132342, -565198, -1197 
1720088797837.00, -132465, -568090, -1199 
1720088797859.00, -132435, -570963, -1174 
1720088797880.00, -132532, -573866, -1153 
1720088797902.00, -132621, -576753, -1132 
1720088797924.00, -132438, -579633, -1115 
1720088797945.00, -132235, -582539, -1071 
1720088797968.00, -132214, -585432, -1028 
1720088797990.00, -132122, -588311, -972 
1720088798013.00, -132407, -591190, -897 
1720088798034.00, -129410, -594060, -824 
1720088798056.00, -72430, -596838, -737 
1720088798077.00, -38909, -598434, -732 
1720088798099.00, -19123, -599285, -650 
1720088798120.00, -7608, -599723, -586 
1720088798143.00, -993, -599906, -523 
1720088798164.00, 2196, -599926, -340 
1720088798186.00, 4474, -599882, -137 
1720088798207.00, 5926, -599765, 107 
1720088798229.00, 13119, -599619, 374 
1720088798250.00, 32632, -599318, 817 
1720088798271.00, 71965, -598636, 731 
1720088798293.00, 89673, -597100, 814 
1720088798315.00, 105061, -595152, 929 
1720088798337.00, 120889, -592848, 971 
1720088798359.00, 131054, -590208, 997 
1720088798379.00, 132654, -587354, 1048 
1720088798401.00, 132656, -584451, 1073 
1720088798423.00, 132632, -581561, 1100 
1720088798444.00, 132565, -578667, 1137 
1720088798467.00, 132513, -575772, 1149 
1720088798489.00, 132623, -572873, 1144 
1720088798510.00, 132304, -569978, 1169 
1720088798532.00, 132558, -567082, 1179 
1720088798554.00, 132518, -564186, 1172 
1720088798576.00, 132667, -561289, 1194 
1720088798597.00, 132452, -558398, 1229 
1720088798619.00, 132551, -555510, 1236 
1720088798641.00, 132481, -552607, 1261 
1720088798663.00, 132508, -549702, 1296 
1720088798685.00, 132569, -546808, 1305 
1720088798707.00, 132656, -543911, 1339 
1720088798728.00, 132482, -541011, 1404 
1720088798750.00, 132756, -538123, 1414 
1720088798772.00, 132569, -535226, 1438 
1720088798794.00, 132692, -532323, 1466 
1720088798815.00, 132270, -529432, 1499 
1720088798837.00, 132520, -526545, 1522 
1720088798864.00, 132523, -523640, 1522 
1720088798880.00, 132369, -520739, 1542 
1720088798903.00, 132749, -517839, 1564 
1720088798924.00, 132603, -514950, 1568 
1720088798947.00, 132565, -512050, 1592 
1720088798973.00, 132545, -509155, 1615 
1720088798990.00, 132494, -506269, 1640 
1720088799012.00, 132563, -503365, 1668 
1720088799034.00, 132251, -500466, 1705 
1720088799055.00, 132364, -497574, 1706 
1720088799080.00, 132344, -494672, 1722 
1720088799099.00, 132550, -491784, 1741 
1720088799121.00, 132466, -488888, 1750 
1720088799143.00, 132486, -485997, 1776 
1720088799165.00, 132620, -483090, 1781 
1720088799187.00, 132389, -480210, 1775 
1720088799208.00, 132468, -477315, 1766 
1720088799230.00, 132308, -474409, 1767 
1720088799252.00, 132425, -471522, 1763 
1720088799274.00, 132350, -468620, 1789 
1720088799295.00, 132384, -465725, 1840 
1720088799317.00, 132457, -462824, 1857 
1720088799338.00, 132491, -459939, 1859 
1720088799361.00, 132549, -457057, 1835 
1720088799383.00, 132479, -454155, 1820 
1720088799405.00, 132279, -451255, 1785 
1720088799426.00, 132188, -448377, 1757 
1720088799448.00, 132224, -445473, 1722 
1720088799470.00, 132318, -442588, 1670 
1720088799492.00, 132257, -439710, 1596 
1720088799516.00, 132526, -436812, 1546 
1720088799536.00, 132520, -433928, 1472 
1720088799558.00, 132564, -431043, 1386 
1720088799580.00, 74199, -428182, 1316 
1720088799602.00, 39950, -426547, 1352 
1720088799635.00, 19994, -425675, 1212 
1720088799645.00, 8201, -425232, 1095 
1720088799667.00, 1246, -425056, 862 
1720088799688.00, -2541, -425043, 476 
1720088799710.00, -4946, -425121, 46 
1720088799731.00, -6646, -425246, -290 
1720088799753.00, -24351, -425404, -633 
1720088799774.00, -55470, -425923, -842 
1720088799796.00, -86372, -427091, -855 
1720088799818.00, -105549, -428968, -912 
1720088799839.00, -120164, -431284, -992 
1720088799860.00, -130629, -433898, -1030 
1720088799882.00, -132703, -436768, -1024 
1720088799903.00, -132443, -439669, -1022 
1720088799925.00, -132432, -442566, -1044 
1720088799947.00, -132419, -445466, -1038 
1720088799969.00, -132525, -448353, -1041 
1720088799990.00, -132627, -451256, -1060 
1720088800013.00, -132582, -454156, -1093 
1720088800035.00, -132718, -457036, -1117 
1720088800056.00, -132658, -459941, -1130 
1720088800078.00, -132598, -462825, -1144 
1720088800100.00, -132637, -465710, -1135 
1720088800122.00, -132538, -468621, -1152 
1720088800143.00, -132482, -471519, -1176 
1720088800165.00, -132215, -474406, -1150 
1720088800187.00, -132597, -477297, -1121 
1720088800209.00, -132447, -480184, -1133 
1720088800230.00, -132619, -483073, -1146 
1720088800252.00, -132669, -485967, -1140 
1720088800274.00, -132576, -488858, -1129 
1720088800296.00, -132476, -491763, -1126 
1720088800318.00, -132442, -494662, -1135 
1720088800340.00, -132328, -497542, -1103 
1720088800362.00, -132630, -500455, -1103 
1720088800383.00, -132412, -503346, -1132 
1720088800406.00, -132483, -506223, -1118 
1720088800427.00, -132588, -509122, -1112 
1720088800449.00, -132650, -512023, -1152 
1720088800470.00, -132536, -514911, -1175 
1720088800492.00, -132458, -517818, -1186 
1720088800515.00, -132424, -520716, -1204 
1720088800536.00, -132434, -523612, -1199 
1720088800558.00, -132601, -526504, -1210 
1720088800580.00, -132277, -529401, -1237 
1720088800602.00, -132536, -532287, -1245 
1720088800623.00, -132487, -535189, -1240 
1720088800645.00, -132518, -538075, -1278 
1720088800667.00, -132352, -540981, -1280 
1720088800689.00, -132439, -543868, -1256 
1720088800712.00, -132376, -546757, -1266 
1720088800733.00, -132443, -549671, -1261 
1720088800754.00, -132362, -552554, -1238 
1720088800776.00, -132445, -555440, -1227 
1720088800798.00, -132499, -558342, -1228 
1720088800820.00, -132362, -561235, -1236 
1720088800842.00, -132414, -564113, -1212 
1720088800864.00, -132478, -567013, -1205 
1720088800885.00, -132526, -569913, -1218 
1720088800906.00, -132582, -572800, -1189 
1720088800928.00, -132401, -575697, -1168 
1720088800950.00, -132624, -578581, -1137 
1720088800972.00, -132419, -581470, -1095 
1720088800994.00, -132441, -584360, -1061 
1720088801016.00, -132414, -587243, -1000 
1720088801042.00, -132301, -590134, -906 
1720088801061.00, -129884, -593008, -842 
1720088801082.00, -72531, -595803, -778 
1720088801104.00, -38743, -597387, -767 
1720088801126.00, -18968, -598249, -665 
1720088801147.00, -7514, -598683, -578 
1720088801169.00, -991, -598862, -522 
1720088801190.00, 2283, -598881, -279 
1720088801212.00, 4565, -598834, -110 
1720088801234.00, 5804, -598720, 118 
1720088801255.00, 13588, -598576, 379 
1720088801276.00, 33410, -598267, 739 
1720088801298.00, 67531, -597559, 768 
1720088801320.00, 89176, -596125, 819 
1720088801342.00, 104892, -594176, 904 
1720088801362.00, 119267, -591884, 1003 
1720088801385.00, 130012, -589268, 1014 
1720088801406.00, 132744, -586416, 1050 
1720088801427.00, 132606, -583516, 1063 
1720088801450.00, 132338, -580612, 1083 
1720088801472.00, 132615, -577726, 1096 
1720088801493.00, 132372, -574833, 1117 
1720088801515.00, 132472, -571937, 1111 
1720088801537.00, 132566, -569053, 1118 
1720088801558.00, 132499, -566152, 1128 
1720088801580.00, 132710, -563261, 1149 
1720088801602.00, 132446, -560354, 1175 
1720088801623.00, 132559, -557462, 1165 
1720088801646.00, 132559, -554579, 1158 
1720088801668.00, 132490, -551673, 1202 
1720088801689.00, 132554, -548783, 1226 
1720088801711.00, 132377, -545885, 1253 
1720088801733.00, 132382, -543005, 1256 
1720088801754.00, 132363, -540094, 1267 
1720088801777.00, 132496, -537203, 1303 
1720088801798.00, 132561, -534310, 1317 
1720088801823.00, 132473, -531414, 1335 
1720088801842.00, 132527, -528511, 1366 
1720088801863.00, 132456, -525610, 1389 
1720088801885.00, 132395, -522730, 1445 
1720088801907.00, 132348, -519829, 1454 
1720088801931.00, 132447, -516930, 1468 
1720088801951.00, 132431, -514029, 1517 
1720088801973.00, 132458, -511140, 1536 
1720088801995.00, 132413, -508239, 1543 
1720088802017.00, 132466, -505345, 1568 
1720088802038.00, 132543, -502454, 1598 
1720088802060.00, 132522, -499554, 1573 
1720088802081.00, 132561, -496666, 1564 
1720088802103.00, 132590, -493768, 1586 
1720088802125.00, 132572, -490873, 1613 
1720088802147.00, 132585, -487972, 1618 
1720088802170.00, 132484, -485069, 1631 
1720088802191.00, 132768, -482179, 1653 
1720088802213.00, 132437, -479279, 1693 
1720088802234.00, 132639, -476391, 1704 
1720088802257.00, 132348, -473503, 1712 
1720088802278.00, 132350, -470615, 1681 
1720088802300.00, 132442, -467713, 1664 
1720088802322.00, 132359, -464825, 1660 
1720088802344.00, 132480, -461927, 1659 
1720088802366.00, 132406, -459034, 1638 
1720088802387.00, 132599, -456151, 1633 
1720088802409.00, 132280, -453257, 1638 
1720088802431.00, 132478, -450354, 1639 
1720088802453.00, 132571, -447471, 1612 
1720088802482.00, 132457, -444582, 1590 
1720088802496.00, 132501, -441692, 1538 
1720088802518.00, 132328, -438792, 1475 
1720088802539.00, 132179, -435903, 1402 
1720088802562.00, 132028, -433027, 1274 
1720088802587.00, 131994, -430144, 1117 
1720088802606.00, 73723, -427292, 900 
1720088802628.00, 39677, -425701, 752 
1720088802650.00, 19198, -424843, 495 
1720088802671.00, 7447, -424420, 143 
1720088802693.00, 1344, -424271, -116 
1720088802715.00, -9058, -424263, -354 
1720088802736.00, -29282, -424471, -753 
1720088802758.00, -65769, -425098, -883 
1720088802779.00, -95315, -426492, -905 
1720088802801.00, -113873, -428576, -978 
1720088802821.00, -127356, -431066, -1046 
1720088802844.00, -132811, -433855, -1024 
1720088802865.00, -132582, -436767, -1031 
1720088802887.00, -132454, -439655, -1035 
1720088802908.00, -132608, -442559, -1044 
1720088802931.00, -132365, -445456, -1066 
1720088802953.00, -132456, -448351, -1060 
1720088802975.00, -132689, -451247, -1061 
1720088802996.00, -132547, -454145, -1086 
1720088803018.00, -132728, -457024, -1094 
1720088803040.00, -132582, -459925, -1109 
1720088803061.00, -132557, -462818, -1112 
1720088803083.00, -132556, -465707, -1133 
1720088803105.00, -132438, -468615, -1125 
1720088803126.00, -132662, -471506, -1125 
1720088803148.00, -132214, -474401, -1136 
1720088803170.00, -132563, -477293, -1118 
1720088803193.00, -132576, -480182, -1119 
1720088803215.00, -132676, -483067, -1107 
1720088803237.00, -132571, -485971, -1123 
1720088803258.00, -132495, -488854, -1122 
1720088803280.00, -132370, -491766, -1139 
1720088803301.00, -132155, -494652, -1157 
1720088803323.00, -132254, -497543, -1113 
1720088803348.00, -132422, -500446, -1110 
1720088803367.00, -132482, -503332, -1112 
1720088803389.00, -132507, -506209, -1101 
1720088803411.00, -132569, -509115, -1084 
1720088803432.00, -132659, -512006, -1111 
1720088803454.00, -132580, -514893, -1125 
1720088803476.00, -132438, -517805, -1113 
1720088803498.00, -132566, -520693, -1137 
1720088803520.00, -132454, -523587, -1157 
1720088803541.00, -132510, -526481, -1144 
1720088803568.00, -132290, -529375, -1162 
1720088803584.00, -132402, -532272, -1170 
1720088803606.00, -132417, -535162, -1156 
1720088803628.00, -132454, -538045, -1147 
1720088803651.00, -132323, -540944, -1134 
1720088803673.00, -132425, -543837, -1110 
1720088803694.00, -132372, -546713, -1067 
1720088803716.00, -132421, -549626, -1033 
1720088803738.00, -132262, -552526, -1034 
1720088803760.00, -132292, -555392, -1007 
1720088803782.00, -132210, -558296, -981 
1720088803804.00, -132348, -561168, -971 
1720088803826.00, -132345, -564042, -965 
1720088803848.00, -132330, -566934, -945 
1720088803870.00, -132456, -569807, -920 
1720088803891.00, -130998, -572682, -910 
1720088803913.00, -129265, -575537, -902 
1720088803935.00, -127972, -578334, -816 
1720088803956.00, -122032, -581111, -775 
1720088803978.00, -115673, -583763, -755 
1720088804000.00, -110823, -586272, -709 
1720088804021.00, -105213, -588675, -635 
1720088804043.00, -97704, -590960, -604 
1720088804065.00, -91082, -593061, -574 
1720088804086.00, -50620, -595019, -500 
1720088804110.00, -26721, -596123, -465 
1720088804129.00, -12377, -596722, -443 
1720088804151.00, -3968, -597003, -347 
1720088804173.00, 205, -597096, -308 
1720088804195.00, 3105, -597094, -181 
1720088804216.00, 4809, -597022, -4 
1720088804237.00, 5847, -596896, 190 
1720088804259.00, 17862, -596748, 493 
1720088804281.00, 43044, -596363, 719 
1720088804303.00, 71710, -595473, 669 
1720088804324.00, 85541, -593912, 794 
1720088804346.00, 101122, -592059, 872 
1720088804368.00, 114885, -589842, 873 
1720088804389.00, 122899, -587336, 907 
1720088804411.00, 129556, -584651, 923 
1720088804432.00, 132606, -581827, 928 
1720088804455.00, 132447, -578933, 936 
1720088804476.00, 132465, -576052, 956 
1720088804498.00, 132467, -573166, 967 
1720088804520.00, 132433, -570281, 976 
1720088804544.00, 132460, -567404, 992 
1720088804562.00, 132411, -564516, 1010 
1720088804584.00, 132415, -561620, 1037 
1720088804605.00, 132419, -558726, 1050 
1720088804627.00, 132477, -555836, 1073 
1720088804650.00, 132470, -552935, 1104 
1720088804671.00, 132586, -550037, 1126 
1720088804693.00, 132539, -547140, 1154 
1720088804714.00, 132550, -544238, 1170 
1720088804736.00, 132606, -541334, 1201 
1720088804757.00, 132614, -538454, 1235 
1720088804780.00, 132387, -535557, 1263 
1720088804802.00, 132583, -532656, 1280 
1720088804824.00, 132642, -529758, 1303 
1720088804845.00, 132610, -526870, 1323 
1720088804870.00, 132498, -523973, 1330 
1720088804889.00, 132655, -521072, 1348 
1720088804911.00, 132481, -518172, 1375 
1720088804933.00, 132538, -515283, 1397 
1720088804954.00, 132477, -512383, 1402 
1720088804976.00, 132815, -509492, 1446 
1720088804998.00, 132627, -506593, 1464 
1720088805020.00, 132447, -503695, 1497 
1720088805042.00, 132562, -500796, 1507 
1720088805063.00, 132421, -497899, 1510 
1720088805085.00, 132578, -494998, 1534 
1720088805107.00, 132358, -492103, 1530 
1720088805130.00, 132537, -489209, 1552 
1720088805150.00, 132579, -486319, 1570 
1720088805173.00, 132389, -483417, 1574 
1720088805194.00, 132562, -480537, 1531 
1720088805217.00, 132339, -477640, 1524 
1720088805238.00, 132413, -474740, 1536 
1720088805260.00, 132292, -471842, 1543 
1720088805282.00, 132394, -468951, 1527 
1720088805303.00, 132684, -466060, 1548 
1720088805325.00, 132526, -463159, 1587 
1720088805347.00, 132817, -460272, 1584 
1720088805368.00, 132432, -457380, 1557 
1720088805391.00, 132394, -454485, 1545 
1720088805413.00, 132271, -451584, 1523 
1720088805434.00, 132222, -448707, 1478 
1720088805456.00, 132338, -445810, 1419 
1720088805478.00, 132343, -442921, 1384 
1720088805500.00, 132528, -440042, 1345 
1720088805522.00, 132561, -437150, 1291 
1720088805543.00, 132230, -434260, 1205 
1720088805565.00, 132189, -431382, 1085 
1720088805588.00, 73678, -428525, 929 
1720088805610.00, 39673, -426919, 816 
1720088805631.00, 19715, -426055, 589 
1720088805653.00, 8051, -425630, 371 
1720088805675.00, 1216, -425453, 224 
1720088805696.00, -2238, -425446, -83 
1720088805718.00, -9608, -425500, -322 
1720088805739.00, -28151, -425721, -629 
1720088805760.00, -57426, -426319, -858 
1720088805782.00, -88645, -427542, -867 
1720088805804.00, -107401, -429463, -871 
1720088805825.00, -118663, -431828, -983 
1720088805847.00, -129886, -434427, -991 
1720088805868.00, -132619, -437260, -1013 
1720088805890.00, -132536, -440148, -1025 
1720088805912.00, -132466, -443058, -1019 
1720088805933.00, -132483, -445952, -1020 
1720088805955.00, -132386, -448833, -1052 
1720088805977.00, -132497, -451746, -1046 
1720088805999.00, -132608, -454637, -1047 
1720088806021.00, -132356, -457525, -1121 
1720088806043.00, -132556, -460426, -1088 
1720088806064.00, -132594, -463308, -1088 
1720088806086.00, -132509, -466194, -1118 
1720088806108.00, -132430, -469100, -1124 
1720088806130.00, -132366, -471985, -1114 
1720088806152.00, -132547, -474887, -1113 
1720088806173.00, -132495, -477784, -1121 
1720088806195.00, -132563, -480677, -1116 
1720088806217.00, -132496, -483565, -1141 
1720088806239.00, -132494, -486458, -1152 
1720088806261.00, -132765, -489344, -1152 
1720088806282.00, -132612, -492252, -1169 
1720088806304.00, -132583, -495141, -1196 
1720088806326.00, -132464, -498030, -1167 
1720088806348.00, -132486, -500941, -1162 
1720088806369.00, -132390, -503832, -1186 
1720088806391.00, -132195, -506721, -1190 
1720088806413.00, -132416, -509617, -1191 
1720088806435.00, -132520, -512499, -1215 
1720088806457.00, -132635, -515396, -1229 
1720088806479.00, -132622, -518296, -1215 
1720088806501.00, -132412, -521191, -1235 
1720088806523.00, -132538, -524089, -1240 
1720088806544.00, -132409, -526983, -1210 
1720088806565.00, -132482, -529870, -1198 
1720088806588.00, -132256, -532767, -1206 
1720088806610.00, -132416, -535662, -1209 
1720088806632.00, -132613, -538543, -1225 
1720088806653.00, -132672, -541449, -1229 
1720088806675.00, -132553, -544338, -1204 
1720088806697.00, -132394, -547219, -1202 
1720088806719.00, -132270, -550125, -1166 
1720088806740.00, -132271, -553010, -1128 
1720088806762.00, -132275, -555897, -1103 
1720088806784.00, -132527, -558800, -1087 
1720088806805.00, -132496, -561671, -1052 
1720088806832.00, -132537, -564556, -1022 
1720088806849.00, -132484, -567456, -1002 
1720088806873.00, -132470, -570346, -990 
1720088806894.00, -132428, -573225, -953 
1720088806916.00, -132370, -576107, -923 
1720088806938.00, -131019, -578979, -890 
1720088806961.00, -128021, -581832, -839 
1720088806981.00, -123041, -584611, -771 
1720088807003.00, -116136, -587277, -702 
1720088807024.00, -107838, -589794, -642 
1720088807046.00, -99273, -592124, -537 
1720088807072.00, -87818, -594255, -386 
1720088807089.00, -48382, -596125, -229 
1720088807111.00, -25187, -597182, -103 
1720088807132.00, -11378, -597745, 32 
1720088807154.00, -1464, -598000, 102 
1720088807175.00, 8347, -598043, 162 
1720088807197.00, 17341, -597886, 310 
1720088807219.00, 31753, -597502, 452 
1720088807240.00, 49024, -596813, 729 
1720088807262.00, 75838, -595774, 752 
1720088807283.00, 93110, -594122, 826 
1720088807305.00, 107583, -592100, 923 
1720088807327.00, 122068, -589740, 982 
1720088807348.00, 131699, -587081, 998 
1720088807369.00, 132790, -584198, 1012 
1720088807391.00, 132496, -581301, 1044 
1720088807413.00, 132548, -578410, 1056 
1720088807435.00, 132610, -575514, 1059 
1720088807457.00, 132491, -572619, 1075 
1720088807478.00, 132727, -569726, 1062 
1720088807502.00, 132508, -566827, 1076 
1720088807522.00, 132573, -563937, 1072 
1720088807544.00, 132514, -561045, 1073 
1720088807566.00, 132562, -558149, 1094 
1720088807588.00, 132557, -555259, 1118 
1720088807614.00, 132332, -552368, 1129 
1720088807631.00, 132331, -549467, 1144 
1720088807652.00, 132391, -546575, 1172 
1720088807675.00, 132515, -543674, 1185 
1720088807697.00, 132535, -540785, 1199 
1720088807720.00, 132418, -537888, 1217 
1720088807740.00, 132421, -534989, 1234 
1720088807762.00, 132368, -532092, 1253 
1720088807784.00, 132371, -529203, 1260 
1720088807805.00, 132297, -526315, 1287 
1720088807828.00, 132275, -523423, 1309 
1720088807850.00, 132321, -520529, 1322 
1720088807871.00, 132468, -517630, 1332 
1720088807893.00, 132347, -514729, 1353 
1720088807914.00, 132359, -511839, 1368 
1720088807937.00, 132584, -508941, 1374 
1720088807958.00, 132556, -506051, 1398 
1720088807980.00, 132453, -503163, 1404 
1720088808002.00, 132421, -500261, 1431 
1720088808023.00, 132508, -497365, 1444 
1720088808045.00, 132748, -494460, 1474 
1720088808067.00, 132481, -491563, 1505 
1720088808088.00, 132719, -488670, 1521 
1720088808111.00, 132518, -485779, 1543 
1720088808133.00, 132705, -482875, 1586 
1720088808158.00, 132429, -479979, 1616 
1720088808176.00, 132515, -477090, 1614 
1720088808198.00, 132470, -474199, 1608 
1720088808220.00, 132418, -471301, 1591 
1720088808242.00, 132558, -468407, 1566 
1720088808265.00, 132431, -465515, 1571 
1720088808285.00, 132601, -462616, 1574 
1720088808307.00, 132320, -459725, 1589 
1720088808329.00, 132468, -456841, 1567 
1720088808351.00, 132547, -453944, 1556 
1720088808373.00, 132548, -451053, 1540 
1720088808395.00, 132535, -448169, 1505 
1720088808416.00, 132360, -445266, 1465 
1720088808437.00, 132498, -442383, 1432 
1720088808460.00, 132324, -439492, 1406 
1720088808481.00, 132365, -436602, 1339 
1720088808503.00, 132319, -433718, 1264 
1720088808526.00, 132161, -430828, 1131 
1720088808548.00, 73798, -427975, 940 
1720088808570.00, 39551, -426377, 704 
1720088808591.00, 19562, -425519, 546 
1720088808613.00, 8115, -425098, 255 
1720088808635.00, 1120, -424938, 21 
1720088808656.00, -2404, -424927, -272 
1720088808678.00, -20297, -424985, -466 
1720088808701.00, -42948, -425420, -652 
1720088808721.00, -67684, -426332, -803 
1720088808743.00, -91283, -427804, -852 
1720088808765.00, -108205, -429774, -845 
1720088808786.00, -117721, -432150, -936 
1720088808809.00, -128675, -434731, -968 
1720088808830.00, -132974, -437533, -951 
1720088808851.00, -132690, -440421, -969 
1720088808872.00, -132668, -443307, -1008 
1720088808893.00, -132499, -446207, -1027 
1720088808915.00, -132483, -449098, -1036 
1720088808937.00, -132603, -452000, -1046 
1720088808959.00, -132280, -454902, -1091 
1720088808981.00, -132468, -457790, -1115 
1720088809002.00, -132450, -460692, -1093 
1720088809025.00, -132478, -463566, -1115 
1720088809046.00, -132509, -466462, -1119 
1720088809068.00, -132489, -469357, -1096 
1720088809089.00, -132455, -472245, -1080 
1720088809112.00, -132311, -475147, -1063 
1720088809134.00, -132438, -478047, -1049 
1720088809156.00, -132328, -480931, -1063 
1720088809177.00, -132441, -483833, -1064 
1720088809199.00, -132545, -486715, -1045 
1720088809221.00, -132702, -489602, -1067 
1720088809243.00, -132670, -492510, -1097 
1720088809265.00, -132499, -495403, -1097 
1720088809286.00, -132328, -498286, -1104 
1720088809308.00, -132305, -501200, -1118 
1720088809330.00, -132264, -504096, -1103 
1720088809351.00, -132365, -506977, -1087 
1720088809373.00, -132318, -509880, -1108 
1720088809395.00, -132328, -512765, -1141 
1720088809418.00, -132532, -515651, -1120 
1720088809439.00, -132643, -518546, -1132 
1720088809461.00, -132456, -521440, -1154 
1720088809483.00, -132518, -524340, -1137 
1720088809504.00, -132404, -527236, -1147 
1720088809526.00, -132450, -530132, -1157 
1720088809548.00, -132521, -533032, -1148 
1720088809569.00, -132344, -535923, -1152 
1720088809592.00, -132434, -538800, -1166 
1720088809613.00, -132377, -541710, -1185 
1720088809635.00, -132308, -544597, -1166 
1720088809657.00, -132358, -547479, -1178 
1720088809680.00, -132410, -550390, -1152 
1720088809701.00, -132328, -553267, -1099 
1720088809722.00, -132343, -556164, -1068 
1720088809744.00, -132346, -559060, -1069 
1720088809766.00, -132377, -561948, -1038 
1720088809789.00, -132352, -564832, -1013 
1720088809811.00, -132386, -567726, -996 
1720088809834.00, -132557, -570599, -977 
1720088809854.00, -132507, -573484, -939 
1720088809876.00, -132212, -576367, -918 
1720088809900.00, -130608, -579237, -877 
1720088809920.00, -127066, -582082, -831 
1720088809941.00, -122428, -584835, -783 
1720088809962.00, -116615, -587477, -714 
1720088809985.00, -109047, -590006, -645 
1720088810007.00, -100101, -592370, -591 
1720088810028.00, -91675, -594537, -500 
1720088810049.00, -50951, -596491, -389 
1720088810072.00, -26434, -597608, -359 
1720088810093.00, -12005, -598212, -315 
1720088810115.00, -3794, -598492, -243 
1720088810136.00, 194, -598583, -208 
1720088810158.00, 2970, -598582, -100 
1720088810179.00, 4613, -598514, 39 
1720088810201.00, 7858, -598391, 228 
1720088810222.00, 20990, -598201, 431 
1720088810244.00, 41181, -597742, 695 
1720088810266.00, 69133, -596872, 658 
1720088810287.00, 83331, -595388, 776 
1720088810309.00, 98719, -593561, 861 
1720088810331.00, 112806, -591415, 888 
1720088810352.00, 122757, -588951, 918 
1720088810373.00, 130342, -586273, 962 
1720088810395.00, 132871, -583422, 966 
1720088810416.00, 132448, -580532, 1000 
1720088810438.00, 132445, -577632, 1044 
1720088810465.00, 132468, -574747, 1035 
1720088810482.00, 132485, -571857, 1046 
1720088810503.00, 132599, -568961, 1047 
1720088810526.00, 132345, -566060, 1062 
1720088810547.00, 132627, -563167, 1047 
1720088810572.00, 132735, -560276, 1082 
1720088810591.00, 132415, -557373, 1082 
1720088810613.00, 132532, -554476, 1103 
1720088810634.00, 132399, -551588, 1122 
1720088810656.00, 132452, -548690, 1126 
1720088810683.00, 132322, -545798, 1165 
1720088810700.00, 132505, -542908, 1192 
1720088810722.00, 132480, -540004, 1216 
1720088810743.00, 132522, -537106, 1243 
1720088810765.00, 132442, -534216, 1248 
1720088810787.00, 132474, -531311, 1288 
1720088810809.00, 132669, -528417, 1301 
1720088810831.00, 132543, -525517, 1330 
1720088810853.00, 132485, -522642, 1330 
1720088810874.00, 132498, -519737, 1357 
1720088810896.00, 132555, -516842, 1361 
1720088810918.00, 132405, -513948, 1378 
1720088810940.00, 132416, -511041, 1384 
1720088810961.00, 132679, -508147, 1405 
1720088810983.00, 132672, -505256, 1415 
1720088811005.00, 132551, -502359, 1432 
1720088811027.00, 132466, -499464, 1437 
1720088811049.00, 132475, -496574, 1451 
1720088811070.00, 132432, -493686, 1445 
1720088811093.00, 132386, -490780, 1462 
1720088811118.00, 132429, -487893, 1459 
1720088811136.00, 132344, -484993, 1454 
1720088811158.00, 132618, -482103, 1459 
1720088811180.00, 132211, -479201, 1467 
1720088811201.00, 132554, -476307, 1459 
1720088811224.00, 132680, -473430, 1453 
1720088811245.00, 132580, -470526, 1457 
1720088811267.00, 132493, -467638, 1450 
1720088811289.00, 132402, -464739, 1453 
1720088811310.00, 132444, -461843, 1442 
1720088811332.00, 132382, -458947, 1431 
1720088811354.00, 132535, -456059, 1421 
1720088811376.00, 132511, -453167, 1389 
1720088811398.00, 132471, -450266, 1348 
1720088811420.00, 132556, -447387, 1297 
1720088811442.00, 132371, -444505, 1237 
1720088811463.00, 132353, -441608, 1174 
1720088811485.00, 132234, -438716, 1130 
1720088811507.00, 132082, -435829, 1063 
1720088811530.00, 132106, -432951, 972 
1720088811552.00, 132032, -430075, 841 
1720088811573.00, 73876, -427229, 660 
1720088811595.00, 39709, -425641, 561 
1720088811616.00, 19846, -424781, 287 
1720088811638.00, 8339, -424346, 82 
1720088811662.00, 1325, -424171, -39 
1720088811681.00, -4534, -424151, -275 
1720088811702.00, -21797, -424247, -432 
1720088811724.00, -41944, -424715, -602 
1720088811746.00, -63863, -425613, -736 
1720088811768.00, -85005, -426996, -834 
1720088811790.00, -103445, -428844, -820 
1720088811811.00, -113323, -431102, -941 
1720088811833.00, -126323, -433581, -937 
1720088811855.00, -132796, -436341, -930 
1720088811876.00, -132510, -439240, -936 
1720088811898.00, -132622, -442127, -955 
1720088811919.00, -132548, -445015, -961 
1720088811941.00, -132484, -447890, -988 
1720088811962.00, -132513, -450776, -1013 
1720088811984.00, -132667, -453670, -1042 
1720088812005.00, -132567, -456554, -1050 
1720088812027.00, -132474, -459455, -1062 
1720088812049.00, -132542, -462351, -1092 
1720088812071.00, -132499, -465230, -1098 
1720088812092.00, -132570, -468147, -1090 
1720088812115.00, -132299, -471035, -1087 
1720088812136.00, -132428, -473920, -1069 
1720088812158.00, -132443, -476817, -1085 
1720088812180.00, -132488, -479704, -1097 
1720088812205.00, -132448, -482586, -1081 
1720088812224.00, -132548, -485496, -1085 
1720088812245.00, -132392, -488382, -1103 
1720088812267.00, -132440, -491285, -1081 
1720088812289.00, -132375, -494180, -1068 
1720088812312.00, -132308, -497066, -1052 
1720088812333.00, -132350, -499961, -1066 
1720088812355.00, -132416, -502853, -1056 
1720088812376.00, -132524, -505734, -1059 
1720088812398.00, -132519, -508640, -1081 
1720088812420.00, -132614, -511535, -1081 
1720088812441.00, -132489, -514415, -1063 
1720088812464.00, -132438, -517326, -1045 
1720088812485.00, -132509, -520223, -1022 
1720088812509.00, -132452, -523099, -994 
1720088812530.00, -132517, -525990, -961 
1720088812552.00, -132410, -528859, -983 
1720088812573.00, -132572, -531747, -975 
1720088812595.00, -132569, -534627, -981 
1720088812617.00, -132421, -537510, -969 
1720088812638.00, -132432, -540397, -954 
1720088812660.00, -132317, -543289, -921 
1720088812682.00, -130869, -546161, -919 
1720088812704.00, -129815, -549011, -903 
1720088812726.00, -128236, -551832, -895 
1720088812750.00, -126810, -554603, -870 
1720088812769.00, -124540, -557372, -869 
1720088812791.00, -123117, -560075, -837 
1720088812813.00, -120386, -562744, -803 
1720088812834.00, -116418, -565377, -839 
1720088812856.00, -116539, -567907, -840 
1720088812878.00, -116744, -570435, -845 
1720088812899.00, -117067, -572975, -848 
1720088812921.00, -117468, -575533, -835 
1720088812943.00, -117052, -578074, -815 
1720088812965.00, -115514, -580613, -794 
1720088812987.00, -113281, -583130, -774 
1720088813008.00, -110721, -585593, -727 
1720088813030.00, -106419, -587992, -737 
1720088813052.00, -104395, -590306, -696 
1720088813073.00, -100745, -592570, -670 
1720088813095.00, -96795, -594755, -591 
1720088813117.00, -53498, -596823, -480 
1720088813138.00, -28111, -598005, -379 
1720088813160.00, -13047, -598636, -219 
1720088813181.00, -4537, -598934, -153 
1720088813203.00, 63, -599041, -128 
1720088813224.00, 2802, -599044, -32 
1720088813246.00, 4590, -598987, 82 
1720088813268.00, 10307, -598875, 227 
1720088813289.00, 22653, -598636, 429 
1720088813310.00, 41699, -598140, 751 
1720088813332.00, 72864, -597254, 686 
1720088813354.00, 87234, -595691, 825 
1720088813376.00, 103844, -593781, 917 
1720088813397.00, 119209, -591511, 941 
1720088813419.00, 129656, -588906, 966 
1720088813441.00, 132585, -586076, 995 
1720088813462.00, 132515, -583188, 993 
1720088813483.00, 132492, -580300, 1000 
1720088813505.00, 132453, -577397, 1027 
1720088813527.00, 132405, -574506, 1012 
1720088813549.00, 132478, -571627, 1026 
1720088813570.00, 132569, -568726, 1020 
1720088813592.00, 132615, -565835, 1048 
1720088813614.00, 132492, -562942, 1045 
1720088813637.00, 132590, -560040, 1065 
1720088813658.00, 132620, -557148, 1092 
1720088813679.00, 132450, -554258, 1104 
1720088813701.00, 132441, -551358, 1123 
1720088813723.00, 132406, -548467, 1157 
1720088813745.00, 132493, -545571, 1185 
1720088813767.00, 132492, -542682, 1191 
1720088813789.00, 132726, -539788, 1208 
1720088813811.00, 132516, -536893, 1229 
1720088813831.00, 132617, -533988, 1241 
1720088813854.00, 132378, -531100, 1256 
1720088813876.00, 132627, -528197, 1279 
1720088813897.00, 132666, -525307, 1294 
1720088813919.00, 132670, -522415, 1322 
1720088813941.00, 132465, -519519, 1331 
1720088813963.00, 132457, -516623, 1342 
1720088813984.00, 132392, -513732, 1363 
1720088814006.00, 132371, -510824, 1359 
1720088814028.00, 132482, -507930, 1393 
1720088814051.00, 132524, -505034, 1400 
1720088814072.00, 132548, -502147, 1413 
1720088814093.00, 132663, -499243, 1420 
1720088814116.00, 132417, -496345, 1424 
1720088814138.00, 132609, -493464, 1445 
1720088814159.00, 132284, -490563, 1454 
1720088814181.00, 132262, -487669, 1445 
1720088814203.00, 132313, -484770, 1435 
1720088814225.00, 132340, -481879, 1447 
1720088814246.00, 132649, -478984, 1467 
1720088814268.00, 132525, -476092, 1472 
1720088814290.00, 132675, -473205, 1486 
1720088814312.00, 132487, -470303, 1504 
1720088814334.00, 132504, -467418, 1488 
1720088814356.00, 132475, -464521, 1455 
1720088814378.00, 132310, -461624, 1448 
1720088814399.00, 132176, -458730, 1439 
1720088814421.00, 132151, -455840, 1394 
1720088814443.00, 132390, -452958, 1366 
1720088814465.00, 132499, -450060, 1357 
1720088814486.00, 132463, -447165, 1329 
1720088814509.00, 132446, -444286, 1285 
1720088814530.00, 132253, -441402, 1215 
1720088814555.00, 132154, -438505, 1144 
1720088814573.00, 132082, -435619, 1082 
1720088814595.00, 131995, -432740, 1005 
1720088814621.00, 131958, -429856, 900 
1720088814640.00, 73811, -427013, 775 
1720088814661.00, 39631, -425407, 753 
1720088814684.00, 19421, -424538, 571 
1720088814705.00, 7592, -424108, 321 
1720088814726.00, 795, -423950, 72 
1720088814747.00, -2998, -423948, -264 
1720088814769.00, -20509, -424020, -583 
1720088814791.00, -50139, -424459, -796 
1720088814813.00, -80754, -425520, -839 
1720088814835.00, -101447, -427265, -851 
1720088814856.00, -114169, -429484, -962 
1720088814878.00, -127280, -431981, -988 
1720088814899.00, -132831, -434764, -964 
1720088814920.00, -132625, -437658, -1005 
1720088814946.00, -132546, -440540, -1029 
1720088814964.00, -132509, -443442, -1014 
1720088814986.00, -132647, -446335, -1030 
1720088815007.00, -132402, -449223, -1079 
1720088815029.00, -132544, -452135, -1073 
1720088815053.00, -132395, -455019, -1061 
1720088815072.00, -132633, -457920, -1085 
1720088815094.00, -132495, -460816, -1110 
1720088815116.00, -132610, -463696, -1118 
1720088815138.00, -132663, -466598, -1102 
1720088815162.00, -132523, -469491, -1100 
1720088815181.00, -132299, -472377, -1100 
1720088815203.00, -132310, -475276, -1096 
1720088815226.00, -132359, -478177, -1092 
1720088815247.00, -132453, -481061, -1096 
1720088815271.00, -132255, -483966, -1106 
1720088815291.00, -132394, -486859, -1093 
1720088815313.00, -132513, -489729, -1125 
1720088815334.00, -132516, -492638, -1150 
1720088815356.00, -132394, -495531, -1128 
1720088815378.00, -132371, -498411, -1116 
1720088815400.00, -132348, -501322, -1100 
1720088815422.00, -132375, -504218, -1073 
1720088815444.00, -132360, -507100, -1032 
1720088815466.00, -132217, -510004, -1025 
1720088815487.00, -132325, -512885, -1017 
1720088815511.00, -132299, -515777, -999 
1720088815532.00, -132300, -518655, -935 
1720088815553.00, -131653, -521521, -930 
1720088815575.00, -130963, -524396, -954 
1720088815597.00, -131678, -527251, -904 
1720088815618.00, -129388, -530106, -869 
1720088815641.00, -126194, -532934, -866 
1720088815662.00, -123999, -535666, -858 
1720088815684.00, -122205, -538347, -845 
1720088815706.00, -120270, -541006, -870 
1720088815728.00, -120652, -543623, -853 
1720088815749.00, -119823, -546247, -830 
1720088815773.00, -117935, -548856, -848 
1720088815793.00, -118026, -551420, -851 
1720088815814.00, -118122, -553979, -842 
1720088815836.00, -117634, -556558, -834 
1720088815858.00, -116989, -559124, -838 
1720088815880.00, -117001, -561662, -813 
1720088815901.00, -115294, -564199, -833 
1720088815923.00, -115542, -566716, -846 
1720088815944.00, -116341, -569228, -811 
1720088815966.00, -114855, -571748, -801 
1720088815988.00, -113250, -574258, -808 
1720088816010.00, -112838, -576717, -792 
1720088816033.00, -111420, -579163, -784 
1720088816053.00, -110091, -581598, -769 
1720088816075.00, -108725, -583989, -768 
1720088816097.00, -107660, -586349, -757 
1720088816118.00, -106309, -588688, -724 
1720088816142.00, -103645, -591001, -675 
1720088816161.00, -99217, -593246, -631 
1720088816183.00, -55358, -595372, -553 
1720088816205.00, -29236, -596576, -494 
1720088816227.00, -14107, -597237, -418 
1720088816250.00, -5161, -597553, -339 
1720088816270.00, 0, -597672, -268 
1720088816291.00, 2568, -597680, -131 
1720088816313.00, 1733, -597630, -11 
1720088816334.00, 1442, -597578, 118 
1720088816360.00, 8286, -597527, 378 
1720088816377.00, 27722, -597337, 661 
1720088816399.00, 56720, -596762, 682 
1720088816421.00, 75094, -595569, 750 
1720088816442.00, 89764, -593927, 862 
1720088816468.00, 105117, -591977, 914 
1720088816486.00, 117526, -589672, 942 
1720088816507.00, 126561, -587114, 959 
1720088816529.00, 131932, -584358, 942 
1720088816551.00, 132696, -581483, 952 
1720088816578.00, 132612, -578597, 956 
1720088816595.00, 132526, -575721, 971 
1720088816616.00, 132643, -572831, 959 
1720088816638.00, 132332, -569953, 977 
1720088816658.00, 132467, -567069, 1008 
1720088816682.00, 132532, -564170, 1022 
1720088816702.00, 132616, -561278, 1048 
1720088816723.00, 132513, -558385, 1079 
1720088816746.00, 132576, -555493, 1076 
1720088816767.00, 132548, -552606, 1105 
1720088816789.00, 132521, -549700, 1110 
1720088816812.00, 132541, -546814, 1119 
1720088816833.00, 132562, -543913, 1131 
1720088816855.00, 132389, -541013, 1133 
1720088816876.00, 132641, -538123, 1143 
1720088816898.00, 132493, -535229, 1179 
1720088816920.00, 132598, -532331, 1186 
1720088816942.00, 132458, -529445, 1206 
1720088816964.00, 132418, -526550, 1211 
1720088816986.00, 132490, -523646, 1229 
1720088817008.00, 132432, -520750, 1245 
1720088817029.00, 132609, -517857, 1278 
1720088817051.00, 132606, -514952, 1304 
1720088817073.00, 132481, -512057, 1339 
1720088817095.00, 132565, -509156, 1363 
1720088817117.00, 132520, -506270, 1379 
1720088817138.00, 132636, -503376, 1373 
1720088817160.00, 132354, -500478, 1410 
1720088817182.00, 132300, -497585, 1422 
1720088817204.00, 132236, -494684, 1417 
1720088817225.00, 132408, -491800, 1405 
1720088817247.00, 132381, -488905, 1394 
1720088817269.00, 132521, -486013, 1396 
1720088817291.00, 132577, -483113, 1396 
1720088817313.00, 132437, -480226, 1406 
1720088817334.00, 132520, -477336, 1391 
1720088817356.00, 132344, -474433, 1392 
1720088817378.00, 132398, -471544, 1391 
1720088817400.00, 132337, -468645, 1398 
1720088817422.00, 132461, -465754, 1401 
1720088817443.00, 132508, -462860, 1408 
1720088817466.00, 132491, -459958, 1418 
1720088817487.00, 132552, -457078, 1392 
1720088817509.00, 132487, -454189, 1365 
1720088817531.00, 132352, -451294, 1359 
1720088817553.00, 132320, -448398, 1338 
1720088817575.00, 132340, -445502, 1298 
1720088817596.00, 132365, -442617, 1259 
1720088817618.00, 132353, -439724, 1220 
1720088817640.00, 132552, -436840, 1149 
1720088817662.00, 132482, -433947, 1083 
1720088817684.00, 132389, -431064, 975 
1720088817706.00, 73977, -428216, 818 
1720088817728.00, 39992, -426599, 773 
1720088817749.00, 19771, -425734, 565 
1720088817771.00, 7915, -425305, 295 
1720088817793.00, 991, -425148, 48 
1720088817813.00, -2701, -425140, -267 
1720088817836.00, -20507, -425204, -548 
1720088817857.00, -47993, -425637, -679 
1720088817878.00, -72095, -426650, -844 
1720088817901.00, -96448, -428229, -864 
1720088817922.00, -112012, -430323, -979 
1720088817943.00, -126158, -432771, -1039 
1720088817965.00, -132784, -435550, -1046 
1720088817986.00, -132704, -438463, -1052 
1720088818008.00, -132525, -441350, -1055 
1720088818030.00, -132574, -444246, -1065 
1720088818052.00, -132536, -447130, -1074 
1720088818073.00, -132527, -450029, -1063 
1720088818096.00, -132411, -452920, -1093 
1720088818119.00, -132366, -455818, -1105 
1720088818139.00, -132433, -458717, -1114 
1720088818160.00, -132672, -461615, -1111 
1720088818182.00, -132421, -464499, -1141 
1720088818205.00, -132396, -467396, -1126 
1720088818229.00, -132495, -470293, -1084 
1720088818248.00, -132564, -473178, -1084 
1720088818272.00, -132490, -476074, -1109 
1720088818292.00, -132499, -478970, -1087 
1720088818313.00, -132418, -481854, -1059 
1720088818335.00, -132340, -484768, -1073 
1720088818357.00, -132398, -487653, -1079 
1720088818378.00, -132269, -490544, -1039 
1720088818400.00, -132361, -493443, -1042 
1720088818422.00, -132285, -496327, -1042 
1720088818444.00, -132297, -499210, -1043 
1720088818466.00, -132318, -502107, -1015 
1720088818488.00, -132510, -504995, -1002 
1720088818511.00, -132415, -507898, -998 
1720088818532.00, -132496, -510779, -974 
1720088818554.00, -132337, -513651, -943 
1720088818576.00, -132124, -516550, -950 
1720088818598.00, -132282, -519419, -944 
1720088818620.00, -132270, -522286, -938 
1720088818641.00, -131902, -525168, -933 
1720088818663.00, -131279, -528044, -939 
1720088818684.00, -131300, -530883, -922 
1720088818706.00, -130264, -533766, -924 
1720088818728.00, -129728, -536596, -895 
1720088818750.00, -127853, -539405, -859 
1720088818773.00, -124567, -542193, -852 
1720088818794.00, -122240, -544883, -862 
1720088818815.00, -121313, -547525, -839 
1720088818837.00, -119532, -550173, -813 
1720088818859.00, -116745, -552774, -811 
1720088818880.00, -115001, -555300, -801 
1720088818902.00, -113213, -557795, -776 
1720088818924.00, -110710, -560261, -729 
1720088818946.00, -106517, -562663, -670 
1720088818967.00, -100544, -564968, -647 
1720088818988.00, -95464, -567150, -647 
1720088819010.00, -92533, -569224, -644 
1720088819032.00, -90468, -571213, -604 
1720088819054.00, -87026, -573181, -606 
1720088819075.00, -85135, -575069, -595 
1720088819097.00, -83114, -576904, -612 
1720088819118.00, -83224, -578716, -613 
1720088819140.00, -83446, -580509, -627 
1720088819162.00, -84515, -582330, -654 
1720088819184.00, -86492, -584152, -629 
1720088819206.00, -86290, -586028, -622 
1720088819226.00, -85827, -587892, -588 
1720088819248.00, -83403, -589752, -593 
1720088819270.00, -82156, -591564, -557 
1720088819292.00, -79438, -593338, -517 
1720088819317.00, -44127, -595050, -508 
1720088819335.00, -22694, -596016, -456 
1720088819356.00, -10252, -596534, -387 
1720088819378.00, -3100, -596769, -306 
1720088819399.00, 416, -596841, -245 
1720088819422.00, 2953, -596838, -114 
1720088819442.00, 4621, -596769, 50 
1720088819465.00, 8217, -596652, 236 
1720088819486.00, 21495, -596459, 421 
1720088819507.00, 40302, -595995, 702 
1720088819530.00, 68604, -595141, 721 
1720088819551.00, 86629, -593652, 808 
1720088819573.00, 102448, -591773, 904 
1720088819594.00, 117319, -589531, 970 
1720088819616.00, 128723, -586957, 959 
1720088819640.00, 132753, -584151, 957 
1720088819659.00, 132466, -581264, 957 
1720088819682.00, 132517, -578386, 949 
1720088819703.00, 132535, -575504, 927 
1720088819724.00, 132449, -572627, 885 
1720088819747.00, 132594, -569738, 886 
1720088819769.00, 132481, -566851, 879 
1720088819789.00, 132596, -563981, 862 
1720088819811.00, 132006, -561093, 880 
1720088819833.00, 132598, -558222, 909 
1720088819855.00, 132563, -555345, 915 
1720088819877.00, 132529, -552462, 930 
1720088819899.00, 132597, -549573, 937 
1720088819920.00, 132427, -546684, 957 
1720088819941.00, 132707, -543806, 966 
1720088819964.00, 132509, -540918, 988 
1720088819984.00, 132581, -538034, 1010 
1720088820006.00, 132505, -535146, 1043 
1720088820027.00, 132559, -532249, 1057 
1720088820051.00, 132509, -529359, 1074 
1720088820073.00, 132424, -526465, 1098 
1720088820093.00, 132478, -523566, 1102 
1720088820115.00, 132400, -520661, 1130 
1720088820137.00, 132566, -517770, 1143 
1720088820159.00, 132553, -514879, 1171 
1720088820180.00, 132524, -511978, 1189 
1720088820202.00, 132655, -509079, 1206 
1720088820224.00, 132443, -506201, 1216 
1720088820246.00, 132478, -503306, 1216 
1720088820267.00, 132348, -500404, 1219 
1720088820289.00, 132397, -497509, 1234 
1720088820311.00, 132530, -494606, 1240 
1720088820333.00, 132529, -491708, 1259 
1720088820354.00, 132421, -488816, 1279 
1720088820377.00, 132510, -485913, 1305 
1720088820399.00, 132570, -483023, 1312 
1720088820420.00, 132520, -480126, 1363 
1720088820442.00, 132427, -477236, 1362 
1720088820464.00, 132399, -474341, 1358 
1720088820486.00, 132497, -471448, 1352 
1720088820507.00, 132459, -468543, 1348 
1720088820529.00, 132431, -465655, 1339 
1720088820551.00, 132609, -462762, 1314 
1720088820573.00, 132478, -459861, 1296 
1720088820595.00, 132591, -456988, 1265 
1720088820617.00, 132401, -454090, 1211 
1720088820638.00, 132293, -451192, 1156 
1720088820660.00, 132225, -448307, 1095 
1720088820682.00, 132240, -445414, 1050 
1720088820704.00, 132337, -442529, 1020 
1720088820728.00, 132357, -439643, 993 
1720088820748.00, 132474, -436766, 951 
1720088820772.00, 132174, -433886, 877 
1720088820791.00, 127930, -431014, 771 
1720088820813.00, 71581, -428273, 642 
1720088820835.00, 38262, -426707, 598 
1720088820857.00, 18951, -425869, 426 
1720088820879.00, 7552, -425455, 243 
1720088820899.00, 925, -425298, 25 
1720088820921.00, -1755, -425289, -219 
1720088820943.00, -17032, -425340, -325 
1720088820965.00, -32618, -425713, -629 
1720088820986.00, -60089, -426411, -775 
1720088821008.00, -85280, -427696, -783 
1720088821029.00, -100272, -429544, -820 
1720088821051.00, -111466, -431746, -899 
1720088821073.00, -122814, -434178, -911 
1720088821095.00, -130110, -436867, -914 
1720088821117.00, -132672, -439689, -928 
1720088821138.00, -132453, -442592, -943 
1720088821159.00, -132498, -445480, -950 
1720088821181.00, -132418, -448354, -974 
1720088821203.00, -132550, -451245, -981 
1720088821225.00, -132534, -454128, -985 
1720088821246.00, -132617, -457000, -1000 
1720088821267.00, -132676, -459893, -1001 
1720088821289.00, -132506, -462787, -1064 
1720088821311.00, -132532, -465669, -1022 
1720088821333.00, -132316, -468576, -1013 
1720088821356.00, -132457, -471474, -987 
1720088821378.00, -132195, -474347, -991 
1720088821399.00, -132296, -477231, -991 
1720088821421.00, -132374, -480103, -989 
1720088821442.00, -132570, -482987, -1026 
1720088821463.00, -132583, -485881, -1030 
1720088821485.00, -132481, -488761, -1014 
1720088821506.00, -132551, -491671, -1001 
1720088821528.00, -132352, -494571, -1001 
1720088821552.00, -132471, -497455, -959 
1720088821574.00, -132228, -500345, -948 
1720088821595.00, -132317, -503224, -922 
1720088821616.00, -130872, -506084, -898 
1720088821638.00, -128779, -508939, -870 
1720088821661.00, -125630, -511728, -842 
1720088821682.00, -122102, -514446, -819 
1720088821704.00, -118671, -517124, -794 
1720088821726.00, -115052, -519694, -776 
1720088821747.00, -111957, -522182, -755 
1720088821769.00, -108560, -524622, -743 
1720088821790.00, -106113, -526985, -726 
1720088821813.00, -103725, -529282, -698 
1720088821839.00, -100540, -531527, -699 
1720088821856.00, -98529, -533726, -694 
1720088821878.00, -97112, -535865, -678 
1720088821899.00, -95348, -537961, -693 
1720088821920.00, -95336, -540032, -696 
1720088821946.00, -95539, -542101, -656 
1720088821964.00, -93442, -544165, -661 
1720088821986.00, -92218, -546182, -648 
1720088822007.00, -90747, -548180, -640 
1720088822029.00, -89245, -550153, -654 
1720088822051.00, -89552, -552093, -629 
1720088822072.00, -88164, -554024, -651 
1720088822093.00, -88712, -555936, -651 
1720088822115.00, -89193, -557856, -651 
1720088822137.00, -89010, -559793, -680 
1720088822158.00, -90940, -561724, -647 
1720088822181.00, -90352, -563686, -655 
1720088822202.00, -90246, -565650, -643 
1720088822223.00, -89601, -567602, -627 
1720088822245.00, -88160, -569543, -638 
1720088822269.00, -88041, -571445, -632 
1720088822288.00, -87736, -573358, -654 
1720088822310.00, -88670, -575266, -652 
1720088822332.00, -89217, -577182, -673 
1720088822354.00, -90702, -579117, -693 
1720088822376.00, -92740, -581081, -676 
1720088822396.00, -93109, -583098, -678 
1720088822419.00, -93300, -585113, -626 
1720088822440.00, -90401, -587125, -551 
1720088822462.00, -83971, -589080, -467 
1720088822484.00, -75118, -590888, -365 
1720088822505.00, -63718, -592515, -314 
1720088822527.00, -53892, -593883, -213 
1720088822548.00, -29298, -595042, -130 
1720088822570.00, -14613, -595699, -45 
1720088822591.00, -5772, -596017, 65 
1720088822613.00, 2730, -596140, 185 
1720088822635.00, 15586, -596097, 321 
1720088822656.00, 30850, -595765, 539 
1720088822678.00, 53642, -595110, 622 
1720088822699.00, 71812, -593968, 655 
1720088822721.00, 84312, -592409, 792 
1720088822743.00, 99722, -590567, 850 
1720088822764.00, 112487, -588402, 882 
1720088822786.00, 121689, -585941, 930 
1720088822808.00, 129827, -583279, 948 
1720088822829.00, 132764, -580448, 948 
1720088822851.00, 132554, -577554, 958 
1720088822873.00, 132558, -574669, 974 
1720088822894.00, 132487, -571799, 995 
1720088822915.00, 132426, -568912, 1000 
1720088822937.00, 132467, -566019, 1019 
1720088822958.00, 132580, -563127, 1045 
1720088822981.00, 132549, -560220, 1052 
1720088823002.00, 132416, -557332, 1067 
1720088823025.00, 132502, -554438, 1071 
1720088823046.00, 132448, -551542, 1081 
1720088823067.00, 132511, -548647, 1105 
1720088823090.00, 132343, -545758, 1114 
1720088823112.00, 132520, -542866, 1119 
1720088823133.00, 132397, -539958, 1118 
1720088823154.00, 132425, -537074, 1121 
1720088823176.00, 132437, -534176, 1124 
1720088823199.00, 132508, -531275, 1134 
1720088823221.00, 132458, -528374, 1127 
1720088823242.00, 132619, -525483, 1137 
1720088823263.00, 132471, -522599, 1152 
1720088823286.00, 132561, -519705, 1167 
1720088823308.00, 132529, -516804, 1173 
1720088823329.00, 132629, -513915, 1189 
1720088823351.00, 132465, -511008, 1201 
1720088823373.00, 132700, -508108, 1205 
1720088823395.00, 132471, -505223, 1222 
1720088823417.00, 132741, -502331, 1242 
1720088823439.00, 132542, -499427, 1244 
1720088823460.00, 132649, -496537, 1255 
1720088823482.00, 132504, -493642, 1264 
1720088823504.00, 132423, -490744, 1261 
1720088823526.00, 132419, -487851, 1226 
1720088823547.00, 132442, -484957, 1215 
1720088823570.00, 132541, -482057, 1215 
1720088823591.00, 132374, -479171, 1221 
1720088823613.00, 132483, -476277, 1205 
1720088823635.00, 132616, -473390, 1200 
1720088823656.00, 132491, -470491, 1199 
1720088823679.00, 132502, -467599, 1191 
1720088823700.00, 132399, -464709, 1161 
1720088823722.00, 132496, -461805, 1132 
1720088823744.00, 132392, -458917, 1103 
1720088823766.00, 132313, -456030, 1077 
1720088823788.00, 132522, -453147, 1057 
1720088823809.00, 132500, -450245, 1036 
1720088823831.00, 132664, -447357, 1009 
1720088823854.00, 132397, -444469, 996 
1720088823875.00, 132309, -441593, 959 
1720088823899.00, 132239, -438710, 913 
1720088823919.00, 130231, -435827, 859 
1720088823941.00, 125729, -433004, 814 
1720088823963.00, 120299, -430271, 739 
1720088823985.00, 67049, -427688, 621 
1720088824006.00, 35959, -426223, 546 
1720088824027.00, 17461, -425442, 342 
1720088824049.00, 6545, -425074, 85 
1720088824070.00, 463, -424937, -147 
1720088824092.00, -11225, -424928, -272 
1720088824114.00, -25712, -425179, -592 
1720088824136.00, -53668, -425729, -650 
1720088824157.00, -73927, -426866, -751 
1720088824179.00, -91857, -428481, -804 
1720088824200.00, -105586, -430466, -831 
1720088824223.00, -115227, -432769, -870 
1720088824247.00, -122992, -435308, -879 
1720088824265.00, -128021, -437987, -858 
1720088824287.00, -129927, -440771, -892 
1720088824309.00, -132680, -443610, -913 
1720088824331.00, -132504, -446492, -925 
1720088824353.00, -132564, -449364, -937 
1720088824375.00, -132529, -452268, -979 
1720088824396.00, -132583, -455152, -977 
1720088824418.00, -132472, -458034, -974 
1720088824440.00, -132607, -460918, -955 
1720088824461.00, -132475, -463790, -987 
1720088824483.00, -132578, -466675, -975 
1720088824504.00, -132428, -469555, -956 
1720088824527.00, -132522, -472427, -932 
1720088824548.00, -132425, -475319, -929 
1720088824570.00, -132528, -478210, -925 
1720088824592.00, -132566, -481080, -917 
1720088824614.00, -132345, -483972, -892 
1720088824635.00, -132517, -486861, -900 
1720088824657.00, -132435, -489726, -896 
1720088824678.00, -132477, -492616, -882 
1720088824700.00, -132590, -495496, -867 
1720088824722.00, -132120, -498376, -864 
1720088824744.00, -131673, -501259, -826 
1720088824766.00, -128841, -504117, -812 
1720088824787.00, -126025, -506919, -799 
1720088824808.00, -123788, -509665, -795 
1720088824830.00, -121931, -512348, -785 
1720088824852.00, -120313, -514994, -781 
1720088824874.00, -119053, -517626, -767 
1720088824897.00, -117409, -520212, -753 
1720088824917.00, -115397, -522757, -703 
1720088824939.00, -111396, -525269, -675 
1720088824961.00, -107061, -527685, -695 
1720088824983.00, -105679, -530009, -681 
1720088825004.00, -103838, -532297, -657 
1720088825026.00, -101315, -534561, -666 
1720088825048.00, -100174, -536772, -682 
1720088825070.00, -100515, -538935, -662 
1720088825091.00, -99402, -541126, -655 
1720088825113.00, -98258, -543284, -659 
1720088825134.00, -97804, -545408, -665 
1720088825156.00, -97788, -547518, -679 
1720088825178.00, -98592, -549655, -654 
1720088825200.00, -97761, -551787, -633 
1720088825221.00, -95747, -553895, -709 
1720088825243.00, -98870, -555977, -686 
1720088825265.00, -99486, -558115, -670 
1720088825286.00, -98834, -560278, -732 
1720088825308.00, -102280, -562428, -723 
1720088825330.00, -103753, -564639, -702 
1720088825351.00, -103179, -566904, -728 
1720088825373.00, -104334, -569152, -725 
1720088825395.00, -104953, -571407, -708 
1720088825416.00, -104097, -573695, -744 
1720088825440.00, -105575, -575961, -728 
1720088825459.00, -105540, -578252, -674 
1720088825482.00, -102321, -580539, -653 
1720088825503.00, -99072, -582774, -650 
1720088825525.00, -96872, -584914, -621 
1720088825548.00, -93887, -587006, -606 
1720088825568.00, -90790, -589040, -616 
1720088825589.00, -89802, -591006, -571 
1720088825612.00, -86395, -592945, -512 
1720088825633.00, -49853, -594800, -429 
1720088825654.00, -28066, -595885, -409 
1720088825676.00, -15215, -596510, -315 
1720088825698.00, -7408, -596844, -231 
1720088825719.00, -2723, -597014, -186 
1720088825741.00, -88, -597070, -36 
1720088825766.00, 758, -597062, 135 
1720088825784.00, 9572, -597045, 265 
1720088825805.00, 22909, -596840, 393 
1720088825827.00, 38514, -596345, 625 
1720088825849.00, 61810, -595533, 671 
1720088825872.00, 78295, -594196, 743 
1720088825892.00, 92356, -592493, 831 
1720088825914.00, 105992, -590483, 853 
1720088825935.00, 115286, -588185, 867 
1720088825956.00, 121438, -585667, 889 
1720088825980.00, 126375, -583013, 883 
1720088826000.00, 128657, -580264, 867 
1720088826022.00, 129017, -577458, 852 
1720088826044.00, 128351, -574649, 855 
1720088826065.00, 127841, -571864, 856 
1720088826091.00, 127595, -569087, 870 
1720088826109.00, 128291, -566306, 871 
1720088826131.00, 128740, -563515, 868 
1720088826153.00, 128579, -560706, 889 
1720088826174.00, 129701, -557907, 898 
1720088826203.00, 130892, -555096, 906 
1720088826218.00, 131941, -552239, 914 
1720088826240.00, 132455, -549368, 915 
1720088826261.00, 132408, -546485, 943 
1720088826283.00, 132537, -543601, 942 
1720088826305.00, 132475, -540711, 962 
1720088826327.00, 132489, -537834, 988 
1720088826347.00, 132482, -534946, 1006 
1720088826368.00, 132599, -532041, 1019 
1720088826390.00, 132466, -529159, 1039 
1720088826412.00, 132537, -526264, 1043 
1720088826434.00, 132499, -523364, 1042 
1720088826456.00, 132467, -520473, 1047 
1720088826478.00, 132485, -517573, 1040 
1720088826500.00, 132580, -514680, 1042 
1720088826521.00, 132608, -511779, 1051 
1720088826543.00, 132390, -508887, 1054 
1720088826565.00, 132362, -506011, 1057 
1720088826586.00, 132323, -503109, 1065 
1720088826609.00, 132410, -500212, 1075 
1720088826630.00, 132474, -497320, 1084 
1720088826652.00, 132658, -494427, 1084 
1720088826674.00, 132625, -491527, 1096 
1720088826696.00, 132609, -488631, 1097 
1720088826718.00, 132235, -485739, 1101 
1720088826740.00, 132430, -482844, 1107 
1720088826761.00, 132549, -479952, 1112 
1720088826783.00, 132624, -477065, 1107 
1720088826804.00, 132523, -474176, 1103 
1720088826826.00, 132519, -471270, 1105 
1720088826849.00, 132426, -468374, 1103 
1720088826870.00, 132395, -465481, 1100 
1720088826892.00, 132480, -462585, 1099 
1720088826914.00, 132526, -459696, 1102 
1720088826935.00, 132562, -456801, 1088 
1720088826957.00, 132574, -453905, 1062 
1720088826979.00, 132363, -451019, 1047 
1720088827001.00, 132499, -448123, 1027 
1720088827024.00, 132285, -445234, 979 
1720088827046.00, 132206, -442357, 911 
1720088827068.00, 129982, -439481, 833 
1720088827089.00, 124118, -436664, 745 
1720088827111.00, 115075, -433971, 617 
1720088827133.00, 102006, -431493, 506 
1720088827154.00, 56530, -429292, 358 
1720088827176.00, 29828, -428079, 217 
1720088827197.00, 14075, -427429, -50 
1720088827220.00, 2487, -427124, -262 
1720088827241.00, -17043, -427076, -342 
1720088827263.00, -33365, -427435, -576 
1720088827284.00, -57354, -428157, -623 
1720088827305.00, -74500, -429389, -734 
1720088827327.00, -91290, -431005, -775 
1720088827349.00, -103608, -432986, -804 
1720088827371.00, -112447, -435260, -831 
1720088827393.00, -119235, -437722, -844 
1720088827414.00, -123995, -440309, -847 
1720088827436.00, -126801, -443017, -855 
1720088827458.00, -128615, -445779, -868 
1720088827480.00, -130462, -448571, -860 
1720088827501.00, -131000, -451431, -861 
1720088827523.00, -131225, -454282, -886 
1720088827544.00, -132620, -457121, -880 
1720088827566.00, -132533, -460009, -864 
1720088827588.00, -132022, -462888, -882 
1720088827610.00, -132566, -465760, -893 
1720088827632.00, -132383, -468653, -873 
1720088827654.00, -132255, -471537, -862 
1720088827675.00, -131027, -474407, -851 
1720088827697.00, -129881, -477270, -852 
1720088827719.00, -129055, -480080, -845 
1720088827741.00, -128212, -482880, -848 
1720088827762.00, -127872, -485672, -838 
1720088827784.00, -126884, -488451, -834 
1720088827805.00, -125725, -491213, -818 
1720088827827.00, -123765, -493951, -799 
1720088827849.00, -121789, -496645, -778 
1720088827870.00, -119387, -499282, -793 
1720088827893.00, -118745, -501883, -800 
1720088827914.00, -118559, -504469, -798 
1720088827936.00, -118004, -507047, -783 
1720088827958.00, -117024, -509620, -774 
1720088827980.00, -115924, -512159, -765 
1720088828001.00, -114612, -514674, -768 
1720088828023.00, -113909, -517182, -748 
1720088828044.00, -112284, -519663, -725 
1720088828066.00, -109948, -522089, -709 
1720088828088.00, -107612, -524480, -724 
1720088828110.00, -107191, -526823, -679 
1720088828131.00, -103891, -529139, -666 
1720088828153.00, -101082, -531383, -678 
1720088828175.00, -100137, -533598, -668 
1720088828197.00, -98844, -535779, -638 
1720088828218.00, -96242, -537906, -664 
1720088828240.00, -96361, -539999, -661 
1720088828261.00, -96149, -542087, -630 
1720088828283.00, -94297, -544161, -665 
1720088828304.00, -94926, -546204, -652 
1720088828326.00, -94695, -548254, -638 
1720088828348.00, -93660, -550316, -705 
1720088828370.00, -97035, -552348, -710 
1720088828391.00, -99280, -554440, -740 
1720088828412.00, -102532, -556605, -775 
1720088828435.00, -106492, -558841, -782 
1720088828456.00, -109299, -561149, -796 
1720088828478.00, -111687, -563523, -827 
1720088828499.00, -114930, -565976, -808 
1720088828522.00, -115598, -568474, -793 
1720088828543.00, -115143, -570969, -816 
1720088828565.00, -116134, -573484, -814 
1720088828587.00, -116630, -576020, -780 
1720088828608.00, -114988, -578541, -750 
1720088828630.00, -112020, -581030, -760 
1720088828652.00, -110846, -583470, -747 
1720088828674.00, -109329, -585870, -741 
1720088828695.00, -107927, -588240, -701 
1720088828717.00, -104676, -590581, -649 
1720088828739.00, -99449, -592853, -610 
1720088828760.00, -56842, -594983, -518 
1720088828782.00, -31410, -596215, -448 
1720088828803.00, -16295, -596917, -317 
1720088828825.00, -7711, -597284, -224 
1720088828846.00, -2743, -597458, -161 
1720088828868.00, 16, -597517, -56 
1720088828889.00, 1320, -597518, 59 
1720088828911.00, 6157, -597483, 153 
1720088828936.00, 14571, -597343, 364 
1720088828955.00, 32142, -597028, 504 
1720088828976.00, 51064, -596350, 573 
1720088828997.00, 66530, -595268, 642 
1720088829019.00, 79618, -593820, 703 
1720088829041.00, 90982, -592097, 754 
1720088829062.00, 100636, -590117, 785 
1720088829084.00, 108109, -587930, 800 
1720088829106.00, 113539, -585570, 805 
1720088829127.00, 116721, -583091, 808 
1720088829150.00, 118945, -580545, 794 
1720088829170.00, 119025, -577967, 817 
1720088829192.00, 120410, -575378, 822 
1720088829215.00, 121655, -572758, 817 
1720088829236.00, 121890, -570105, 814 
1720088829258.00, 121627, -567460, 837 
1720088829280.00, 122837, -564804, 859 
1720088829302.00, 124875, -562136, 864 
1720088829323.00, 126240, -559429, 888 
1720088829344.00, 128596, -556665, 907 
1720088829366.00, 130925, -553863, 918 
1720088829388.00, 132742, -551015, 930 
1720088829410.00, 132552, -548125, 945 
1720088829432.00, 132523, -545241, 986 
1720088829452.00, 132410, -542365, 1004 
1720088829474.00, 132364, -539470, 1025 
1720088829496.00, 132603, -536581, 1052 
1720088829517.00, 132443, -533679, 1057 
1720088829540.00, 132603, -530783, 1069 
1720088829561.00, 132636, -527881, 1061 
1720088829583.00, 132318, -524989, 1067 
1720088829605.00, 132575, -522098, 1068 
1720088829626.00, 132535, -519207, 1051 
1720088829649.00, 132473, -516312, 1057 
1720088829670.00, 132385, -513424, 1050 
1720088829692.00, 132400, -510528, 1049 
1720088829714.00, 132530, -507624, 1058 
1720088829736.00, 132399, -504731, 1056 
1720088829758.00, 132335, -501842, 1062 
1720088829780.00, 132481, -498943, 1055 
1720088829801.00, 132543, -496043, 1058 
1720088829823.00, 132521, -493156, 1046 
1720088829848.00, 132535, -490267, 1066 
1720088829867.00, 132427, -487369, 1074 
1720088829889.00, 132562, -484467, 1086 
1720088829911.00, 132595, -481574, 1079 
1720088829932.00, 132514, -478667, 1102 
1720088829953.00, 132614, -475773, 1112 
1720088829975.00, 132679, -472887, 1115 
1720088829998.00, 132527, -469989, 1119 
1720088830019.00, 132505, -467099, 1122 
1720088830042.00, 132453, -464209, 1102 
1720088830063.00, 132468, -461315, 1090 
1720088830085.00, 132478, -458412, 1074 
1720088830106.00, 132583, -455522, 1057 
1720088830129.00, 132427, -452632, 1024 
1720088830152.00, 132623, -449735, 992 
1720088830173.00, 132267, -446866, 953 
1720088830195.00, 132525, -443981, 914 
1720088830217.00, 132442, -441107, 853 
1720088830238.00, 129638, -438232, 784 
1720088830260.00, 123602, -435411, 694 
1720088830282.00, 114452, -432738, 586 
1720088830304.00, 102500, -430258, 462 
1720088830325.00, 59750, -428067, 299 
1720088830348.00, 34394, -426780, 178 
1720088830368.00, 19211, -426032, -3 
1720088830390.00, 10574, -425624, -198 
1720088830412.00, -5980, -425391, -241 
1720088830433.00, -18587, -425521, -537 
1720088830455.00, -44025, -425914, -583 
1720088830477.00, -61854, -426839, -657 
1720088830498.00, -76851, -428197, -770 
1720088830520.00, -92748, -429861, -787 
1720088830541.00, -103013, -431874, -816 
1720088830563.00, -110961, -434117, -849 
1720088830586.00, -117225, -436537, -860 
1720088830607.00, -121662, -439097, -865 
1720088830628.00, -124480, -441750, -863 
1720088830650.00, -126046, -444463, -873 
1720088830672.00, -127512, -447200, -893 
1720088830694.00, -129493, -449975, -896 
1720088830715.00, -130815, -452788, -901 
1720088830737.00, -131724, -455633, -907 
1720088830759.00, -132556, -458509, -923 
1720088830781.00, -132310, -461393, -901 
1720088830802.00, -132582, -464263, -897 
1720088830824.00, -132197, -467151, -937 
1720088830847.00, -132556, -470028, -909 
1720088830867.00, -132632, -472903, -920 
1720088830889.00, -132424, -475792, -911 
1720088830911.00, -132666, -478670, -860 
1720088830932.00, -129754, -481536, -856 
1720088830954.00, -127924, -484381, -841 
1720088830976.00, -125651, -487161, -818 
1720088830997.00, -123084, -489876, -811 
1720088831019.00, -121018, -492558, -841 
1720088831041.00, -121460, -495184, -853 
1720088831063.00, -122364, -497827, -816 
1720088831084.00, -120426, -500506, -788 
1720088831106.00, -117699, -503125, -813 
1720088831128.00, -117641, -505671, -810 
1720088831149.00, -117515, -508244, -775 
1720088831172.00, -115181, -510801, -757 
1720088831193.00, -112552, -513301, -746 
1720088831215.00, -110401, -515745, -716 
1720088831237.00, -107218, -518145, -683 
1720088831258.00, -103472, -520476, -669 
1720088831279.00, -100380, -522717, -668 
1720088831302.00, -98383, -524906, -672 
1720088831323.00, -97506, -527034, -654 
1720088831344.00, -95865, -529140, -648 
1720088831366.00, -94576, -531212, -687 
1720088831388.00, -95824, -533279, -686 
1720088831410.00, -96801, -535350, -683 
1720088831432.00, -97078, -537446, -707 
1720088831453.00, -98583, -539555, -684 
1720088831475.00, -98222, -541685, -673 
1720088831497.00, -97227, -543822, -721 
1720088831518.00, -99449, -545926, -706 
1720088831540.00, -99996, -548074, -704 
1720088831562.00, -100078, -550246, -721 
1720088831583.00, -101289, -552428, -685 
1720088831605.00, -99747, -554619, -692 
1720088831626.00, -99033, -556787, -707 
1720088831648.00, -99738, -558941, -693 
1720088831670.00, -99221, -561092, -707 
1720088831692.00, -99691, -563239, -713 
1720088831713.00, -100407, -565407, -699 
1720088831735.00, -100025, -567587, -728 
1720088831757.00, -101393, -569767, -780 
1720088831779.00, -105206, -571966, -770 
1720088831800.00, -107129, -574262, -778 
1720088831821.00, -108734, -576595, -802 
1720088831843.00, -111124, -578955, -802 
1720088831864.00, -112399, -581375, -825 
1720088831887.00, -114410, -583820, -782 
1720088831911.00, -113050, -586304, -738 
1720088831930.00, -109432, -588766, -723 
1720088831952.00, -106296, -591138, -636 
1720088831973.00, -99315, -593444, -565 
1720088831995.00, -56500, -595572, -482 
1720088832017.00, -30938, -596796, -427 
1720088832039.00, -15780, -597492, -319 
1720088832060.00, -6983, -597849, -242 
1720088832081.00, -1923, -598011, -223 
1720088832103.00, 249, -598052, -122 
1720088832125.00, 2049, -598045, -18 
1720088832146.00, 3384, -598000, 93 
1720088832168.00, 9376, -597911, 249 
1720088832189.00, 22390, -597701, 395 
1720088832211.00, 38770, -597214, 680 
1720088832233.00, 65780, -596388, 650 
1720088832254.00, 79925, -594976, 757 
1720088832276.00, 94567, -593227, 859 
1720088832298.00, 109617, -591176, 863 
1720088832320.00, 118568, -588795, 874 
1720088832341.00, 124300, -586196, 906 
1720088832363.00, 129535, -583487, 873 
1720088832385.00, 130546, -580668, 884 
1720088832406.00, 131686, -577831, 873 
1720088832428.00, 131585, -574966, 876 
1720088832449.00, 131541, -572106, 893 
1720088832471.00, 132547, -569243, 885 
1720088832493.00, 132680, -566353, 912 
1720088832514.00, 132337, -563475, 923 
1720088832537.00, 132575, -560587, 962 
1720088832558.00, 132490, -557703, 983 
1720088832580.00, 132798, -554824, 989 
1720088832600.00, 132495, -551936, 1022 
1720088832623.00, 132521, -549042, 1050 
1720088832644.00, 132499, -546146, 1055 
1720088832666.00, 132479, -543258, 1074 
1720088832688.00, 132550, -540361, 1073 
1720088832709.00, 132533, -537461, 1093 
1720088832732.00, 132521, -534567, 1094 
1720088832754.00, 132517, -531669, 1102 
1720088832775.00, 132458, -528770, 1118 
1720088832797.00, 132608, -525874, 1137 
1720088832819.00, 132379, -522985, 1157 
1720088832841.00, 132339, -520089, 1175 
1720088832863.00, 132436, -517192, 1177 
1720088832884.00, 132419, -514303, 1173 
1720088832906.00, 132604, -511406, 1177 
1720088832928.00, 132493, -508506, 1173 
1720088832950.00, 132467, -505611, 1160 
1720088832971.00, 132585, -502726, 1149 
1720088832993.00, 132507, -499828, 1128 
1720088833015.00, 132597, -496943, 1113 
1720088833037.00, 132302, -494044, 1111 
1720088833059.00, 132312, -491148, 1111 
1720088833081.00, 132308, -488250, 1108 
1720088833102.00, 132334, -485362, 1103 
1720088833125.00, 132419, -482467, 1103 
1720088833146.00, 132438, -479579, 1099 
1720088833168.00, 132625, -476687, 1101 
1720088833189.00, 132474, -473800, 1104 
1720088833211.00, 132459, -470901, 1111 
1720088833233.00, 132320, -468004, 1094 
1720088833254.00, 132267, -465115, 1084 
1720088833277.00, 132190, -462218, 1085 
1720088833299.00, 132285, -459331, 1075 
1720088833320.00, 132341, -456449, 1039 
1720088833342.00, 132376, -453559, 1003 
1720088833365.00, 132369, -450662, 952 
1720088833387.00, 132395, -447796, 891 
1720088833409.00, 128808, -444917, 822 
1720088833431.00, 122643, -442117, 769 
1720088833452.00, 115978, -439453, 717 
1720088833473.00, 108863, -436935, 645 
1720088833496.00, 100228, -434595, 565 
1720088833517.00, 90046, -432430, 445 
1720088833538.00, 49885, -430487, 318 
1720088833560.00, 26317, -429409, 253 
1720088833582.00, 12425, -428838, 135 
1720088833604.00, 3866, -428574, -19 
1720088833624.00, -1471, -428490, -146 
1720088833647.00, -12648, -428523, -295 
1720088833668.00, -28294, -428797, -433 
1720088833690.00, -45522, -429393, -583 
1720088833711.00, -65009, -430362, -601 
1720088833733.00, -77540, -431779, -673 
1720088833757.00, -89174, -433458, -783 
1720088833777.00, -102543, -435409, -789 
1720088833799.00, -110673, -437640, -791 
1720088833820.00, -115659, -440050, -802 
1720088833841.00, -118943, -442584, -832 
1720088833863.00, -122657, -445177, -850 
1720088833885.00, -125762, -447840, -851 
1720088833907.00, -127915, -450580, -864 
1720088833929.00, -129495, -453368, -911 
1720088833951.00, -132713, -456186, -922 
1720088833973.00, -132491, -459083, -895 
1720088833994.00, -132676, -461958, -918 
1720088834016.00, -132536, -464843, -922 
1720088834037.00, -132417, -467734, -911 
1720088834059.00, -132540, -470617, -913 
1720088834081.00, -132552, -473480, -907 
1720088834103.00, -132695, -476371, -901 
1720088834124.00, -132492, -479254, -882 
1720088834146.00, -132448, -482124, -866 
1720088834167.00, -131642, -485022, -852 
1720088834191.00, -130252, -487885, -831 
1720088834211.00, -128113, -490711, -818 
1720088834233.00, -125861, -493505, -809 
1720088834254.00, -123981, -496224, -806 
1720088834276.00, -122653, -498914, -804 
1720088834299.00, -121548, -501596, -807 
1720088834320.00, -120811, -504236, -791 
1720088834341.00, -119343, -506863, -758 
1720088834363.00, -116559, -509460, -733 
1720088834385.00, -113263, -511990, -731 
1720088834407.00, -111010, -514446, -737 
1720088834429.00, -109954, -516881, -716 
1720088834451.00, -108264, -519266, -694 
1720088834471.00, -105762, -521609, -698 
1720088834494.00, -104372, -523920, -696 
1720088834517.00, -103532, -526194, -660 
1720088834538.00, -100917, -528435, -659 
1720088834559.00, -99048, -530618, -666 
1720088834580.00, -98397, -532780, -645 
1720088834602.00, -96715, -534899, -649 
1720088834630.00, -95808, -537006, -652 
1720088834646.00, -95660, -539077, -624 
1720088834667.00, -93665, -541144, -661 
1720088834689.00, -94829, -543182, -678 
1720088834712.00, -96279, -545231, -673 
1720088834733.00, -96937, -547311, -671 
1720088834753.00, -96973, -549425, -641 
1720088834775.00, -95382, -551521, -649 
1720088834797.00, -94628, -553590, -694 
1720088834819.00, -97089, -555646, -670 
1720088834849.00, -97292, -557745, -686 
1720088834861.00, -98033, -559855, -721 
1720088834884.00, -100748, -561980, -726 
1720088834905.00, -102557, -564166, -766 
1720088834927.00, -105776, -566411, -809 
1720088834953.00, -110336, -568718, -813 
1720088834971.00, -113401, -571111, -849 
1720088834992.00, -117287, -573589, -886 
1720088835013.00, -121715, -576163, -933 
1720088835036.00, -127028, -578803, -936 
1720088835058.00, -130525, -581573, -884 
1720088835079.00, -129383, -584411, -842 
1720088835101.00, -126100, -587218, -804 
1720088835122.00, -121796, -589945, -687 
1720088835147.00, -111954, -592589, -622 
1720088835169.00, -102325, -595010, -559 
1720088835188.00, -58643, -597204, -461 
1720088835209.00, -32712, -598491, -471 
1720088835231.00, -17045, -599214, -374 
1720088835252.00, -7947, -599601, -314 
1720088835275.00, -2975, -599784, -246 
1720088835295.00, 0, -599846, -133 
1720088835317.00, 1154, -599849, -28 
1720088835338.00, 878, -599824, 94 
1720088835360.00, 6529, -599790, 248 
1720088835381.00, 18952, -599653, 380 
1720088835402.00, 34388, -599238, 637 
1720088835425.00, 59214, -598520, 583 
1720088835446.00, 70649, -597248, 692 
1720088835468.00, 83798, -595717, 782 
1720088835490.00, 96979, -593891, 780 
1720088835511.00, 104630, -591792, 813 
1720088835532.00, 110976, -589516, 849 
1720088835554.00, 116752, -587095, 836 
1720088835576.00, 119307, -584543, 859 
1720088835598.00, 122185, -581948, 851 
1720088835621.00, 123390, -579290, 832 
1720088835641.00, 122967, -576604, 831 
1720088835663.00, 122383, -573935, 829 
1720088835685.00, 121929, -571272, 829 
1720088835707.00, 121554, -568619, 837 
1720088835728.00, 121816, -565971, 836 
1720088835750.00, 121675, -563324, 841 
1720088835772.00, 122076, -560664, 848 
1720088835794.00, 122671, -558010, 860 
1720088835815.00, 123712, -555352, 879 
1720088835837.00, 125591, -552657, 876 
1720088835858.00, 126120, -549922, 888 
1720088835880.00, 127248, -547176, 901 
1720088835902.00, 128475, -544402, 919 
1720088835924.00, 130441, -541596, 934 
1720088835945.00, 132530, -538767, 942 
1720088835967.00, 132523, -535879, 965 
1720088835989.00, 132484, -532993, 980 
1720088836011.00, 132629, -530105, 998 
1720088836032.00, 132338, -527215, 1017 
1720088836053.00, 132625, -524324, 1031 
1720088836075.00, 132581, -521429, 1042 
1720088836097.00, 132426, -518532, 1059 
1720088836118.00, 132617, -515633, 1066 
1720088836141.00, 132557, -512743, 1078 
1720088836162.00, 132594, -509854, 1092 
1720088836184.00, 132325, -506954, 1091 
1720088836205.00, 132402, -504060, 1095 
1720088836227.00, 132479, -501163, 1107 
1720088836249.00, 132489, -498263, 1116 
1720088836272.00, 132337, -495364, 1118 
1720088836293.00, 132580, -492472, 1119 
1720088836315.00, 132563, -489584, 1129 
1720088836337.00, 132462, -486691, 1126 
1720088836359.00, 132419, -483788, 1114 
1720088836380.00, 132486, -480900, 1092 
1720088836402.00, 132384, -478003, 1084 
1720088836424.00, 132521, -475101, 1070 
1720088836446.00, 132486, -472219, 1065 
1720088836468.00, 132519, -469329, 1069 
1720088836489.00, 132621, -466421, 1070 
1720088836511.00, 132473, -463531, 1063 
1720088836533.00, 132461, -460646, 1040 
1720088836555.00, 132344, -457759, 1011 
1720088836578.00, 132456, -454856, 969 
1720088836600.00, 132458, -451966, 933 
1720088836621.00, 132509, -449094, 890 
1720088836643.00, 130910, -446215, 857 
1720088836665.00, 127883, -443367, 808 
1720088836686.00, 123022, -440595, 770 
1720088836708.00, 118140, -437924, 724 
1720088836730.00, 112105, -435359, 672 
1720088836752.00, 105433, -432930, 596 
1720088836774.00, 96738, -430650, 506 
1720088836795.00, 55281, -428574, 423 
1720088836817.00, 30816, -427368, 388 
1720088836838.00, 16054, -426682, 285 
1720088836860.00, 7622, -426329, 152 
1720088836881.00, 2562, -426167, 40 
1720088836903.00, -30, -426122, -135 
1720088836924.00, -9724, -426129, -286 
1720088836946.00, -24553, -426330, -427 
1720088836967.00, -41779, -426849, -555 
1720088836989.00, -59780, -427741, -609 
1720088837011.00, -73503, -429038, -699 
1720088837032.00, -86896, -430625, -707 
1720088837054.00, -95408, -432518, -710 
1720088837075.00, -100687, -434601, -690 
1720088837098.00, -102199, -436776, -661 
1720088837119.00, -101411, -439008, -643 
1720088837141.00, -99776, -441217, -654 
1720088837162.00, -99323, -443378, -672 
1720088837184.00, -100049, -445532, -680 
1720088837206.00, -100981, -447708, -666 
1720088837228.00, -100775, -449902, -682 
1720088837250.00, -101050, -452104, -718 
1720088837271.00, -103447, -454305, -675 
1720088837293.00, -102461, -456547, -669 
1720088837315.00, -101535, -458786, -679 
1720088837336.00, -101422, -460990, -673 
1720088837358.00, -100778, -463184, -671 
1720088837380.00, -100435, -465378, -680 
1720088837402.00, -100529, -467579, -691 
1720088837423.00, -101371, -469762, -710 
1720088837446.00, -102897, -471964, -741 
1720088837468.00, -105588, -474208, -746 
1720088837489.00, -107436, -476508, -769 
1720088837510.00, -109780, -478848, -789 
1720088837532.00, -112108, -481233, -773 
1720088837554.00, -112697, -483696, -776 
1720088837579.00, -113273, -486141, -792 
1720088837597.00, -114550, -488596, -788 
1720088837619.00, -114879, -491096, -762 
1720088837640.00, -113485, -493607, -753 
1720088837662.00, -112181, -496065, -768 
1720088837684.00, -112368, -498493, -774 
1720088837706.00, -112631, -500945, -749 
1720088837728.00, -111208, -503398, -729 
1720088837749.00, -109214, -505802, -728 
1720088837771.00, -107844, -508175, -725 
1720088837792.00, -106859, -510522, -685 
1720088837814.00, -103909, -512837, -667 
1720088837836.00, -100897, -515083, -693 
1720088837858.00, -100555, -517293, -679 
1720088837879.00, -99458, -519475, -647 
1720088837901.00, -96834, -521621, -675 
1720088837923.00, -96953, -523732, -671 
1720088837944.00, -96675, -525829, -650 
1720088837966.00, -95442, -527917, -641 
1720088837987.00, -93819, -529981, -610 
1720088838009.00, -91124, -532012, -580 
1720088838031.00, -87690, -533993, -588 
1720088838053.00, -86144, -535895, -536 
1720088838074.00, -82112, -537749, -547 
1720088838095.00, -80300, -539534, -544 
1720088838118.00, -78972, -541272, -544 
1720088838139.00, -78224, -542988, -562 
1720088838161.00, -78857, -544677, -547 
1720088838182.00, -78290, -546388, -561 
1720088838203.00, -78783, -548078, -538 
1720088838226.00, -77525, -549798, -555 
1720088838247.00, -78015, -551478, -536 
1720088838269.00, -77083, -553173, -559 
1720088838291.00, -78051, -554838, -542 
1720088838312.00, -77530, -556534, -572 
1720088838334.00, -79032, -558211, -544 
1720088838356.00, -78143, -559927, -573 
1720088838377.00, -79532, -561619, -550 
1720088838399.00, -78680, -563333, -575 
1720088838420.00, -79797, -565049, -583 
1720088838442.00, -80927, -566779, -590 
1720088838465.00, -82063, -568538, -576 
1720088838486.00, -81972, -570304, -589 
1720088838507.00, -82543, -572089, -620 
1720088838528.00, -84804, -573877, -614 
1720088838550.00, -85906, -575721, -606 
1720088838572.00, -86019, -577568, -629 
1720088838593.00, -87221, -579430, -650 
1720088838615.00, -89277, -581327, -588 
1720088838637.00, -86825, -583258, -575 
1720088838658.00, -84470, -585140, -556 
1720088838680.00, -81908, -586958, -539 
1720088838702.00, -79523, -588740, -508 
1720088838725.00, -76167, -590449, -462 
1720088838745.00, -71131, -592097, -440 
1720088838767.00, -66859, -593632, -369 
1720088838788.00, -37836, -595071, -308 
1720088838810.00, -20150, -595907, -267 
1720088838831.00, -9901, -596362, -203 
1720088838853.00, -3865, -596584, -125 
1720088838876.00, -377, -596675, -69 
1720088838896.00, 1071, -596684, 21 
1720088838917.00, 3567, -596656, 154 
1720088838939.00, 13263, -596576, 272 
1720088838961.00, 25903, -596298, 397 
1720088838982.00, 40984, -595749, 499 
1720088839004.00, 55978, -594878, 577 
1720088839025.00, 69403, -593663, 665 
1720088839047.00, 82903, -592158, 734 
1720088839069.00, 94890, -590361, 749 
1720088839091.00, 102643, -588311, 789 
1720088839112.00, 109687, -586062, 811 
1720088839134.00, 114978, -583676, 803 
1720088839156.00, 117535, -581170, 814 
1720088839177.00, 119563, -578612, 812 
1720088839199.00, 120666, -576013, 801 
1720088839223.00, 120603, -573388, 785 
1720088839243.00, 119284, -570766, 789 
1720088839265.00, 118654, -568173, 792 
1720088839286.00, 118394, -565589, 801 
1720088839308.00, 118943, -563024, 803 
1720088839329.00, 119245, -560427, 820 
1720088839351.00, 120254, -557834, 837 
1720088839373.00, 121696, -555226, 845 
1720088839395.00, 123168, -552570, 867 
1720088839417.00, 125234, -549880, 879 
1720088839439.00, 126982, -547158, 890 
1720088839459.00, 128568, -544388, 899 
1720088839482.00, 130173, -541583, 904 
1720088839503.00, 131463, -538760, 921 
1720088839525.00, 132464, -535895, 941 
1720088839547.00, 132436, -533008, 949 
1720088839569.00, 132611, -530118, 953 
1720088839590.00, 132405, -527233, 955 
1720088839612.00, 132622, -524351, 956 
1720088839634.00, 132540, -521476, 963 
1720088839655.00, 132517, -518591, 953 
1720088839677.00, 132520, -515699, 941 
1720088839698.00, 132543, -512823, 938 
1720088839721.00, 132500, -509946, 934 
1720088839742.00, 132432, -507057, 920 
1720088839768.00, 132526, -504179, 900 
1720088839786.00, 132170, -501296, 889 
1720088839807.00, 131494, -498410, 911 
1720088839829.00, 132213, -495550, 919 
1720088839851.00, 132733, -492678, 922 
1720088839874.00, 132587, -489802, 941 
1720088839894.00, 132501, -486910, 955 
1720088839916.00, 132382, -484031, 953 
1720088839937.00, 132496, -481148, 939 
1720088839959.00, 132582, -478257, 947 
1720088839981.00, 132344, -475373, 950 
1720088840003.00, 132613, -472497, 945 
1720088840025.00, 132538, -469608, 939 
1720088840047.00, 132476, -466732, 940 
1720088840068.00, 132501, -463847, 937 
1720088840091.00, 132442, -460975, 920 
1720088840111.00, 132420, -458090, 898 
1720088840134.00, 131551, -455206, 881 
1720088840154.00, 130125, -452337, 860 
1720088840177.00, 127961, -449506, 846 
1720088840200.00, 125502, -446727, 824 
1720088840220.00, 122921, -443993, 795 
1720088840242.00, 119490, -441335, 751 
1720088840264.00, 114959, -438731, 692 
1720088840286.00, 108623, -436243, 629 
1720088840312.00, 101068, -433887, 575 
1720088840328.00, 93117, -431712, 511 
1720088840350.00, 53705, -429709, 428 
1720088840372.00, 30165, -428552, 407 
1720088840394.00, 16249, -427883, 309 
1720088840417.00, 8198, -427524, 209 
1720088840437.00, 3210, -427345, 165 
1720088840458.00, 190, -427283, 65 
1720088840480.00, -851, -427282, -52 
1720088840501.00, -4930, -427303, -159 
1720088840523.00, -13584, -427414, -268 
1720088840544.00, -25839, -427705, -291 
1720088840565.00, -34285, -428272, -537 
1720088840587.00, -54030, -429003, -530 
1720088840609.00, -65091, -430143, -561 
1720088840631.00, -73526, -431569, -603 
1720088840652.00, -80957, -433161, -621 
1720088840674.00, -86413, -434935, -623 
1720088840695.00, -89866, -436796, -623 
1720088840717.00, -91837, -438746, -635 
1720088840739.00, -93437, -440730, -634 
1720088840761.00, -94558, -442757, -637 
1720088840784.00, -95095, -444811, -638 
1720088840804.00, -95554, -446864, -657 
1720088840826.00, -96757, -448925, -669 
1720088840847.00, -98106, -451035, -660 
1720088840872.00, -98379, -453157, -668 
1720088840891.00, -98825, -455290, -676 
1720088840912.00, -99633, -457431, -674 
1720088840934.00, -99939, -459590, -685 
1720088840956.00, -100609, -461756, -676 
1720088840977.00, -100511, -463937, -667 
1720088840999.00, -99873, -466117, -687 
1720088841021.00, -100507, -468294, -676 
1720088841042.00, -100290, -470483, -652 
1720088841064.00, -98607, -472641, -656 
1720088841086.00, -97748, -474783, -642 
1720088841107.00, -96360, -476910, -628 
1720088841129.00, -94576, -478986, -640 
1720088841150.00, -94219, -481039, -621 
1720088841172.00, -92796, -483073, -601 
1720088841198.00, -90865, -485095, -636 
1720088841215.00, -91626, -487067, -624 
1720088841237.00, -91489, -489037, -640 
1720088841258.00, -92162, -491024, -641 
1720088841281.00, -92916, -493026, -623 
1720088841302.00, -92078, -495036, -678 
1720088841323.00, -94732, -497032, -652 
1720088841345.00, -94753, -499074, -645 
1720088841367.00, -94515, -501135, -667 
1720088841389.00, -95459, -503189, -661 
1720088841410.00, -95807, -505237, -667 
1720088841431.00, -95986, -507320, -651 
1720088841454.00, -95261, -509397, -631 
1720088841475.00, -93482, -511458, -662 
1720088841497.00, -94178, -513490, -644 
1720088841519.00, -93616, -515529, -623 
1720088841540.00, -92098, -517562, -631 
1720088841561.00, -91547, -519556, -592 
1720088841583.00, -88723, -521523, -599 
1720088841605.00, -87422, -523460, -595 
1720088841627.00, -86559, -525358, -578 
1720088841648.00, -85107, -527231, -617 
1720088841670.00, -86522, -529071, -584 
1720088841692.00, -85370, -530937, -591 
1720088841713.00, -84996, -532795, -566 
1720088841734.00, -83289, -534630, -569 
1720088841756.00, -82257, -536443, -561 
1720088841778.00, -81254, -538213, -537 
1720088841800.00, -79219, -539976, -555 
1720088841821.00, -79055, -541698, -549 
1720088841845.00, -78749, -543411, -573 
1720088841865.00, -80132, -545110, -536 
1720088841886.00, -78467, -546838, -568 
1720088841908.00, -79265, -548541, -558 
1720088841930.00, -79180, -550263, -587 
1720088841953.00, -80727, -551985, -580 
1720088841973.00, -81370, -553732, -599 
1720088841995.00, -83014, -555496, -591 
1720088842015.00, -83588, -557293, -599 
1720088842040.00, -84168, -559110, -608 
1720088842060.00, -85118, -560926, -583 
1720088842082.00, -84350, -562766, -605 
1720088842102.00, -85071, -564591, -595 
1720088842124.00, -84819, -566444, -622 
1720088842146.00, -86251, -568276, -591 
1720088842168.00, -85219, -570141, -631 
1720088842189.00, -86959, -571988, -649 
1720088842211.00, -89033, -573875, -632 
1720088842232.00, -89285, -575808, -609 
1720088842254.00, -87933, -577735, -591 
1720088842280.00, -85999, -579637, -613 
1720088842297.00, -86307, -581511, -552 
1720088842319.00, -82760, -583374, -536 
1720088842341.00, -79556, -585172, -536 
1720088842362.00, -77770, -586894, -501 
1720088842386.00, -74666, -588580, -493 
1720088842406.00, -72295, -590193, -480 
1720088842427.00, -69995, -591757, -459 
1720088842449.00, -67403, -593275, -425 
1720088842470.00, -38234, -594726, -428 
1720088842492.00, -20533, -595576, -416 
1720088842514.00, -10154, -596041, -382 
1720088842535.00, -4091, -596270, -368 
1720088842557.00, -571, -596367, -362 
1720088842578.00, 803, -596380, -300 
1720088842600.00, 2037, -596368, -226 
1720088842622.00, 2914, -596321, -113 
1720088842643.00, 3351, -596249, 34 
1720088842664.00, 5852, -596171, 144 
1720088842686.00, 14322, -596031, 371 
1720088842708.00, 32090, -595732, 541 
1720088842730.00, 53415, -595053, 556 
1720088842750.00, 66839, -593912, 636 
1720088842773.00, 79473, -592460, 731 
1720088842795.00, 92491, -590736, 780 
1720088842816.00, 103237, -588737, 802 
1720088842838.00, 110627, -586483, 812 
1720088842860.00, 115460, -584075, 824 
1720088842881.00, 119001, -581554, 827 
1720088842903.00, 121324, -578968, 807 
1720088842925.00, 121121, -576326, 795 
1720088842947.00, 120253, -573687, 747 
1720088842968.00, 116841, -571080, 699 
1720088842989.00, 111669, -568541, 785 
1720088843011.00, 113850, -566110, 756 
1720088843034.00, 113485, -563634, 776 
1720088843055.00, 114177, -561167, 789 
1720088843077.00, 115318, -558677, 804 
1720088843099.00, 116870, -556170, 825 
1720088843120.00, 119153, -553627, 807 
1720088843142.00, 119279, -551037, 819 
1720088843164.00, 119931, -548436, 851 
1720088843185.00, 122160, -545826, 853 
1720088843207.00, 123574, -543170, 857 
1720088843229.00, 124641, -540478, 864 
1720088843250.00, 125606, -537764, 860 
1720088843272.00, 125895, -535032, 877 
1720088843293.00, 127108, -532285, 893 
1720088843316.00, 128583, -529525, 903 
1720088843339.00, 129982, -526726, 904 
1720088843359.00, 130798, -523890, 902 
1720088843380.00, 131336, -521043, 883 
1720088843404.00, 130338, -518189, 877 
1720088843424.00, 129208, -515349, 886 
1720088843446.00, 129173, -512534, 897 
1720088843468.00, 129584, -509740, 905 
1720088843491.00, 130163, -506913, 917 
1720088843511.00, 131264, -504072, 915 
1720088843533.00, 131834, -501205, 907 
1720088843555.00, 131787, -498334, 921 
1720088843577.00, 132621, -495465, 951 
1720088843598.00, 132300, -492582, 948 
1720088843619.00, 132516, -489706, 954 
1720088843641.00, 132616, -486828, 951 
1720088843664.00, 132554, -483938, 956 
1720088843685.00, 132309, -481058, 958 
1720088843708.00, 132359, -478167, 948 
1720088843729.00, 132274, -475279, 950 
1720088843750.00, 132498, -472404, 944 
1720088843772.00, 132526, -469526, 942 
1720088843794.00, 132326, -466638, 925 
1720088843815.00, 132503, -463754, 917 
1720088843837.00, 132524, -460879, 891 
1720088843859.00, 130937, -457997, 869 
1720088843881.00, 128576, -455150, 842 
1720088843903.00, 125434, -452350, 818 
1720088843924.00, 122234, -449621, 803 
1720088843946.00, 119198, -446966, 797 
1720088843967.00, 117410, -444381, 783 
1720088843989.00, 115169, -441831, 758 
1720088844011.00, 112300, -439323, 731 
1720088844037.00, 109033, -436884, 703 
1720088844055.00, 105391, -434527, 680 
1720088844076.00, 101565, -432243, 634 
1720088844098.00, 58327, -430037, 593 
1720088844119.00, 32183, -428775, 652 
1720088844144.00, 16799, -428057, 607 
1720088844163.00, 7996, -427672, 582 
1720088844184.00, 2821, -427491, 564 
1720088844206.00, 5, -427428, 497 
1720088844227.00, -1662, -427429, 389 
1720088844252.00, -2737, -427462, 228 
1720088844269.00, -3442, -427533, 57 
1720088844291.00, -3794, -427628, -123 
1720088844313.00, -11293, -427720, -269 
1720088844335.00, -24185, -427969, -386 
1720088844357.00, -39144, -428494, -519 
1720088844378.00, -55831, -429323, -547 
1720088844399.00, -67366, -430521, -579 
1720088844421.00, -76177, -431995, -616 
1720088844443.00, -83428, -433642, -643 
1720088844466.00, -89446, -435471, -654 
1720088844486.00, -93528, -437401, -641 
1720088844507.00, -95282, -439425, -641 
1720088844529.00, -95909, -441495, -632 
1720088844551.00, -96011, -443573, -632 
1720088844573.00, -95757, -445652, -627 
1720088844594.00, -95362, -447724, -610 
1720088844616.00, -93864, -449779, -633 
1720088844638.00, -94405, -451836, -628 
1720088844659.00, -94343, -453871, -607 
1720088844682.00, -92992, -455904, -610 
1720088844702.00, -92072, -457926, -603 
1720088844724.00, -91392, -459920, -598 
1720088844746.00, -90422, -461892, -610 
1720088844767.00, -90625, -463852, -590 
1720088844791.00, -89388, -465805, -603 
1720088844811.00, -89274, -467763, -588 
1720088844832.00, -88455, -469688, -580 
1720088844854.00, -87319, -471605, -598 
1720088844876.00, -87644, -473494, -594 
1720088844897.00, -87734, -475400, -633 
1720088844919.00, -90026, -477314, -625 
1720088844941.00, -90842, -479252, -641 
1720088844963.00, -92054, -481220, -656 
1720088844984.00, -93873, -483220, -668 
1720088845005.00, -95361, -485260, -686 
1720088845027.00, -97493, -487340, -675 
1720088845049.00, -98016, -489434, -689 
1720088845070.00, -99092, -491568, -698 
1720088845092.00, -100305, -493727, -676 
1720088845114.00, -99569, -495897, -655 
1720088845135.00, -97929, -498046, -671 
1720088845157.00, -97848, -500186, -638 
1720088845178.00, -95820, -502298, -625 
1720088845200.00, -93811, -504374, -636 
1720088845222.00, -93006, -506403, -614 
1720088845243.00, -91432, -508418, -622 
1720088845265.00, -90778, -510403, -605 
1720088845286.00, -89394, -512362, -595 
1720088845308.00, -87975, -514294, -625 
1720088845331.00, -88935, -516216, -590 
1720088845352.00, -87381, -518136, -617 
1720088845373.00, -87849, -520036, -610 
1720088845395.00, -87707, -521926, -581 
1720088845417.00, -86106, -523835, -582 
1720088845438.00, -85001, -525697, -539 
1720088845459.00, -81538, -527530, -558 
1720088845482.00, -80771, -529310, -547 
1720088845503.00, -79740, -531050, -549 
1720088845525.00, -79297, -532793, -543 
1720088845547.00, -78690, -534504, -560 
1720088845568.00, -79271, -536215, -578 
1720088845590.00, -80761, -537918, -562 
1720088845611.00, -80536, -539675, -582 
1720088845633.00, -81519, -541418, -581 
1720088845655.00, -81860, -543188, -577 
1720088845676.00, -82078, -544959, -552 
1720088845698.00, -80948, -546729, -571 
1720088845720.00, -81128, -548480, -551 
1720088845741.00, -79962, -550242, -563 
1720088845763.00, -79799, -551979, -553 
1720088845789.00, -79199, -553704, -570 
1720088845807.00, -79834, -555420, -541 
1720088845828.00, -78521, -557151, -521 
1720088845849.00, -76616, -558858, -521 
1720088845870.00, -75529, -560510, -505 
1720088845893.00, -73844, -562147, -486 
1720088845914.00, -71696, -563733, -510 
1720088845936.00, -71749, -565303, -532 
1720088845957.00, -73164, -566849, -507 
1720088845979.00, -72608, -568438, -512 
1720088846002.00, -72451, -570000, -532 
1720088846023.00, -73369, -571570, -533 
1720088846044.00, -74273, -573164, -518 
1720088846065.00, -73657, -574781, -506 
1720088846088.00, -72587, -576370, -520 
1720088846124.00, -72686, -577947, -525 
1720088846132.00, -72969, -579517, -512 
1720088846152.00, -72546, -581106, -471 
1720088846174.00, -69925, -582681, -475 
1720088846196.00, -68776, -584193, -461 
1720088846217.00, -66977, -585675, -447 
1720088846239.00, -65083, -587121, -415 
1720088846261.00, -61970, -588534, -419 
1720088846282.00, -60498, -589870, -385 
1720088846304.00, -57391, -591181, -357 
1720088846325.00, -53969, -592427, -344 
1720088846347.00, -51125, -593592, -318 
1720088846369.00, -28582, -594692, -294 
1720088846390.00, -15419, -595345, -283 
1720088846412.00, -7578, -595691, -283 
1720088846433.00, -2712, -595857, -257 
1720088846455.00, 0, -595924, -268 
1720088846476.00, 930, -595932, -260 
1720088846497.00, 451, -595919, -231 
1720088846519.00, 232, -595909, -184 
1720088846541.00, 132, -595903, -152 
1720088846562.00, 104, -595898, -128 
1720088846584.00, 95, -595896, -96 
1720088846605.00, 62, -595893, -74 
1720088846626.00, 55, -595890, -60 
1720088846648.00, 64, -595888, -44 
1720088846669.00, -5, -595887, -33 
1720088846690.00, 0, -595886, -30 
1720088846711.00, 0, -595886, -25 
1720088846733.00, -5, -595885, -15 
1720088846754.00, 1, -595883, 0 
1720088846799.00, 0, -595883, -6 
1720088846799.00, 0, -595884, -10 
1720088846818.00, 0, -595883, -5 
1720088846838.00, 0, -595883, -109 
1720088846859.00, 0, -595881, -99 
1720088846880.00, 0, -595881, -99 
1720088846901.00, 0, -595881, -107 
1720088846923.00, 0, -595881, -102 
1720088846944.00, 0, -595881, -96 
1720088846965.00, 26, -595880, -86 
1720088846986.00, 0, -595880, -90 
1720088847007.00, 0, -595881, -90 
1720088847028.00, 2, -595880, -95 
1720088847050.00, 0, -595881, -93 
1720088847071.00, 0, -595880, -90 
1720088847091.00, 4, -595880, -92 
1720088847113.00, 0, -595880, -94 
1720088847134.00, 0, -595881, -91 
1720088847155.00, 0, -595881, -92 
1720088847176.00, 0, -595879, -93 
1720088847196.00, 0, -595881, -92 
1720088847218.00, 0, -595881, -92 
1720088847239.00, 0, -595880, -92 
1720088847260.00, 0, -595880, -92 
1720088847281.00, 0, -595880, -92 
1720088847302.00, 0, -595881, -93 
1720088847322.00, 0, -595880, -92 
1720088847343.00, 0, -595881, -92 
1720088847364.00, 0, -595881, -93 
1720088847386.00, 0, -595880, -92 
1720088847407.00, 0, -595880, -92 
1720088847427.00, 0, -595881, -92 
1720088847449.00, 0, -595880, -93 
1720088847470.00, 0, -595881, -92 
1720088847491.00, 0, -595880, -92 
1720088847513.00, 0, -595880, -93 
1720088847533.00, 0, -595881, -92 
1720088847554.00, 0, -595881, -93 
1720088847575.00, 0, -595881, -92 
1720088847596.00, 0, -595881, -92 
1720088847617.00, 0, -595880, -92 
1720088847638.00, 0, -595881, -92 
1720088847659.00, 1, -595880, -92 
1720088847680.00, 0, -595881, -92 
1720088847701.00, 0, -595879, -92 
1720088847722.00, 0, -595880, -92 
1720088847744.00, 0, -595881, -92 
1720088847764.00, 0, -595881, -92 
1720088847786.00, 0, -595880, -92 
1720088847806.00, 0, -595880, -92 
1720088847828.00, 0, -595880, -92 
1720088847848.00, 0, -595880, -92 
1720088847869.00, 0, -595880, -92 
1720088847890.00, 0, -595882, -92 
1720088847912.00, 0, -595881, -92 
1720088847933.00, 0, -595880, -92 
1720088847953.00, 0, -595880, -92 
1720088847975.00, 0, -595880, -92 
1720088847995.00, 0, -595879, -92 
1720088848017.00, 0, -595881, -92 
1720088848038.00, 0, -595881, -92 
1720088848059.00, 0, -595880, -92 
1720088848080.00, 0, -595881, -92 
1720088848100.00, 0, -595880, -92 
1720088848121.00, 0, -595881, -92 
1720088848143.00, 0, -595880, -92 
1720088848163.00, 0, -595881, -92 
1720088848184.00, 0, -595881, -92 
1720088848205.00, 0, -595881, -92 
1720088848227.00, 0, -595881, -92 
1720088848247.00, 0, -595880, -92 
1720088848269.00, 0, -595881, -92 
1720088848290.00, 0, -595880, -92 
1720088848311.00, 0, -595881, -92 
1720088848333.00, 0, -595881, -92 
1720088848353.00, 0, -595880, -92 
1720088848374.00, 0, -595881, -92 
1720088848394.00, 0, -595881, -92 
1720088848416.00, 0, -595881, -92 
1720088848437.00, 0, -595880, -92 
1720088848458.00, 0, -595881, -92 
1720088848479.00, 0, -595881, -92 
1720088848500.00, 0, -595881, -92 
1720088848521.00, 0, -595882, -92 
1720088848543.00, 0, -595881, -92 
1720088848563.00, 0, -595882, -92 
1720088848585.00, 0, -595881, -92 
1720088848605.00, 0, -595880, -92 
1720088848626.00, 0, -595880, -92 
1720088848647.00, 0, -595881, -92 
1720088848668.00, 0, -595882, -92 
1720088848690.00, 0, -595882, -92 
1720088848711.00, 0, -595881, -92 
1720088848732.00, 0, -595880, -92 
1720088848752.00, 0, -595881, -92 
1720088848774.00, 0, -595880, -92 
1720088848795.00, 0, -595881, -92 
1720088848816.00, 0, -595880, -92 
1720088848837.00, 0, -595881, -92 
1720088848858.00, 0, -595880, -92 
1720088848879.00, 0, -595880, -92 
1720088848900.00, 0, -595880, -92 
1720088848921.00, 0, -595880, -93 
1720088848942.00, 0, -595881, -92 
1720088848963.00, 0, -595881, -92 
1720088848984.00, 0, -595881, -92 
1720088849004.00, 23, -595881, -92 
1720088849026.00, 0, -595881, -92 
1720088849047.00, 0, -595881, -92 
1720088849068.00, 0, -595881, -92 
1720088849089.00, 0, -595881, -92 
1720088849110.00, 0, -595879, -92 
1720088849131.00, 0, -595881, -92 
1720088849152.00, 0, -595881, -92 
1720088849173.00, 0, -595880, -92 
1720088849194.00, 0, -595880, -92 
1720088849215.00, 0, -595881, -92 
1720088849237.00, 0, -595882, -92 
1720088849257.00, 0, -595882, -92 
1720088849281.00, 0, -595880, -92 
1720088849300.00, 0, -595881, -92 
1720088849321.00, 0, -595881, -92 
1720088849341.00, 0, -595881, -92 
1720088849363.00, 0, -595881, -92 
1720088849384.00, 0, -595882, -92 
1720088849405.00, 0, -595881, -92 
1720088849426.00, 0, -595880, -92 
1720088849447.00, 0, -595882, -92 
1720088849468.00, 0, -595882, -92 
1720088849489.00, 0, -595881, -92 
1720088849509.00, 0, -595880, -92 
1720088849531.00, 0, -595881, -92 
1720088849551.00, 0, -595881, -92 
1720088849573.00, 0, -595880, -92 
1720088849594.00, 0, -595880, -92 
1720088849615.00, 0, -595881, -92 
1720088849636.00, 0, -595880, -92 
1720088849657.00, 0, -595880, -92 
1720088849678.00, 0, -595881, -92 
1720088849699.00, 0, -595882, -92 
1720088849723.00, 0, -595880, -92 
1720088849741.00, 0, -595880, -92 
1720088849763.00, 0, -595881, -92 
