1721830567324.00, 0, -595603, -597 
1721830567346.00, 0, -595603, -592 
1721830567367.00, 67, -595603, -585 
1721830567388.00, 0, -595602, -577 
1721830567409.00, 0, -595602, -569 
1721830567432.00, 0, -595602, -576 
1721830567452.00, 0, -595602, -568 
1721830567473.00, 24, -595602, -569 
1721830567495.00, 32, -595602, -555 
1721830567516.00, -5, -595602, -544 
1721830567537.00, 8, -595601, -529 
1721830567559.00, 0, -595600, -509 
1721830567580.00, 0, -595599, -490 
1721830567602.00, 29, -595599, -475 
1721830567622.00, 0, -595598, -460 
1721830567644.00, 0, -595597, -445 
1721830567666.00, 0, -595596, -438 
1721830567687.00, 0, -595596, -427 
1721830567708.00, 0, -595596, -425 
1721830567730.00, -48, -595596, -420 
1721830567751.00, -22, -595596, -413 
1721830567772.00, 0, -595594, -403 
1721830567793.00, 0, -595594, -397 
1721830567815.00, 10, -595594, -395 
1721830567836.00, 0, -595595, -394 
1721830567857.00, 0, -595594, -399 
1721830567878.00, 0, -595595, -402 
1721830567900.00, 0, -595594, -411 
1721830567921.00, 0, -595596, -417 
1721830567942.00, 0, -595595, -421 
1721830567964.00, 0, -595596, -419 
1721830567985.00, 0, -595597, -425 
1721830568006.00, 0, -595596, -427 
1721830568027.00, 0, -595597, -427 
1721830568049.00, 1, -595596, -435 
1721830568070.00, 0, -595596, -441 
1721830568093.00, 0, -595597, -450 
1721830568113.00, 0, -595598, -455 
1721830568134.00, 0, -595596, -456 
1721830568155.00, 0, -595597, -457 
1721830568177.00, 0, -595597, -459 
1721830568198.00, -8, -595598, -465 
1721830568220.00, 15, -595597, -464 
1721830568241.00, 39, -595598, -466 
1721830568262.00, 0, -595598, -469 
1721830568283.00, 0, -595598, -473 
1721830568305.00, 0, -595598, -473 
1721830568326.00, 0, -595597, -474 
1721830568346.00, 0, -595597, -476 
1721830568369.00, 0, -595598, -471 
1721830568390.00, 0, -595597, -464 
1721830568412.00, 0, -595597, -465 
1721830568433.00, 0, -595598, -469 
1721830568454.00, 0, -595598, -471 
1721830568476.00, 0, -595597, -469 
1721830568497.00, 0, -595597, -469 
1721830568519.00, 0, -595598, -470 
1721830568540.00, 0, -595598, -465 
1721830568561.00, 0, -595598, -459 
1721830568582.00, -4, -595598, -450 
1721830568604.00, 0, -595598, -443 
1721830568625.00, 0, -595598, -433 
1721830568646.00, 0, -595597, -422 
1721830568668.00, 67, -595596, -410 
1721830568689.00, -3, -595596, -402 
1721830568710.00, -38, -595595, -393 
1721830568731.00, 0, -595595, -380 
1721830568753.00, 0, -595595, -367 
1721830568774.00, 0, -595594, -352 
1721830568796.00, 15, -595594, -345 
1721830568816.00, 0, -595594, -340 
1721830568838.00, 0, -595594, -329 
1721830568859.00, -5, -595592, -317 
1721830568881.00, 0, -595592, -312 
1721830568902.00, 37, -595593, -303 
1721830568923.00, 0, -595591, -295 
1721830568945.00, 0, -595592, -294 
1721830568969.00, 0, -595592, -282 
1721830568988.00, -5, -595590, -264 
1721830569008.00, 0, -595589, -252 
1721830569030.00, 1, -595588, -234 
1721830569051.00, -1, -595586, -205 
1721830569076.00, 58, -595584, -167 
1721830569095.00, 153, -595578, -111 
1721830569115.00, 232, -595570, -42 
1721830569137.00, 275, -595559, 39 
1721830569158.00, 2714, -595544, 122 
1721830569180.00, 9122, -595478, 200 
1721830569202.00, 17500, -595283, 270 
1721830569223.00, 26633, -594901, 359 
1721830569245.00, 37387, -594325, 425 
1721830569267.00, 48261, -593524, 399 
1721830569288.00, 52683, -592485, 626 
1721830569310.00, 68896, -591335, 652 
1721830569332.00, 80265, -589842, 650 
1721830569353.00, 86782, -588105, 750 
1721830569375.00, 96652, -586211, 806 
1721830569399.00, 105650, -584111, 813 
1721830569418.00, 111502, -581810, 834 
1721830569440.00, 116261, -579381, 879 
1721830569462.00, 119651, -576835, 883 
1721830569483.00, 119426, -574231, 904 
1721830569505.00, 119386, -571641, 940 
1721830569527.00, 119382, -569044, 961 
1721830569548.00, 119348, -566438, 979 
1721830569571.00, 119430, -563838, 999 
1721830569591.00, 119339, -561236, 1012 
1721830569613.00, 119426, -558640, 1042 
1721830569634.00, 119388, -556034, 1065 
1721830569656.00, 119237, -553410, 1069 
1721830569678.00, 119588, -550805, 1097 
1721830569700.00, 119327, -548193, 1107 
1721830569722.00, 119241, -545594, 1140 
1721830569744.00, 119302, -542997, 1143 
1721830569765.00, 119305, -540368, 1150 
1721830569787.00, 119510, -537772, 1162 
1721830569809.00, 119598, -535159, 1160 
1721830569830.00, 119298, -532554, 1188 
1721830569853.00, 119243, -529948, 1208 
1721830569875.00, 119485, -527329, 1193 
1721830569896.00, 119471, -524719, 1204 
1721830569918.00, 119492, -522119, 1238 
1721830569940.00, 119370, -519513, 1226 
1721830569961.00, 119472, -516900, 1231 
1721830569984.00, 119586, -514285, 1248 
1721830570005.00, 119395, -511680, 1252 
1721830570027.00, 119389, -509067, 1245 
1721830570049.00, 119395, -506468, 1268 
1721830570071.00, 119362, -503854, 1274 
1721830570092.00, 119647, -501233, 1278 
1721830570114.00, 119384, -498633, 1303 
1721830570136.00, 119506, -496016, 1332 
1721830570158.00, 119507, -493413, 1378 
1721830570180.00, 119459, -490799, 1389 
1721830570201.00, 119315, -488186, 1417 
1721830570223.00, 119440, -485575, 1435 
1721830570245.00, 119500, -482968, 1464 
1721830570267.00, 119447, -480372, 1486 
1721830570289.00, 119344, -477752, 1504 
1721830570311.00, 119313, -475142, 1514 
1721830570333.00, 119211, -472533, 1537 
1721830570355.00, 119385, -469928, 1520 
1721830570376.00, 119523, -467327, 1528 
1721830570398.00, 119400, -464720, 1524 
1721830570420.00, 119271, -462096, 1536 
1721830570442.00, 119122, -459497, 1559 
1721830570463.00, 119274, -456893, 1578 
1721830570485.00, 119440, -454292, 1580 
1721830570508.00, 119403, -451676, 1588 
1721830570528.00, 119258, -449063, 1597 
1721830570551.00, 119150, -446458, 1597 
1721830570573.00, 119348, -443849, 1605 
1721830570594.00, 119336, -441255, 1572 
1721830570615.00, 119183, -438651, 1537 
1721830570638.00, 118900, -436039, 1479 
1721830570660.00, 118923, -433446, 1366 
1721830570682.00, 118700, -430856, 1185 
1721830570705.00, 66381, -428304, 899 
1721830570726.00, 35659, -426859, 739 
1721830570748.00, 17323, -426088, 342 
1721830570768.00, 6788, -425723, 69 
1721830570791.00, 997, -425576, -138 
1721830570813.00, -10212, -425558, -250 
1721830570834.00, -23371, -425787, -577 
1721830570856.00, -51223, -426291, -719 
1721830570877.00, -76341, -427379, -706 
1721830570899.00, -90505, -429041, -832 
1721830570921.00, -106114, -431003, -882 
1721830570942.00, -116629, -433321, -907 
1721830570964.00, -119681, -435879, -933 
1721830570986.00, -119566, -438489, -932 
1721830571007.00, -119455, -441079, -975 
1721830571028.00, -119396, -443682, -1001 
1721830571049.00, -119419, -446292, -1020 
1721830571072.00, -119512, -448888, -1014 
1721830571093.00, -119585, -451517, -1034 
1721830571115.00, -119437, -454124, -1060 
1721830571137.00, -119499, -456712, -1056 
1721830571161.00, -119369, -459332, -1097 
1721830571181.00, -119368, -461945, -1103 
1721830571203.00, -119400, -464551, -1091 
1721830571224.00, -119537, -467169, -1108 
1721830571246.00, -119381, -469764, -1127 
1721830571271.00, -119491, -472368, -1131 
1721830571290.00, -119271, -474978, -1115 
1721830571311.00, -119369, -477600, -1116 
1721830571333.00, -119428, -480198, -1129 
1721830571355.00, -119385, -482802, -1147 
1721830571378.00, -119368, -485413, -1159 
1721830571398.00, -119423, -488027, -1156 
1721830571421.00, -119218, -490635, -1150 
1721830571443.00, -119442, -493245, -1151 
1721830571464.00, -119426, -495845, -1151 
1721830571486.00, -119362, -498448, -1141 
1721830571508.00, -119513, -501067, -1128 
1721830571529.00, -119095, -503683, -1125 
1721830571551.00, -119245, -506271, -1107 
1721830571573.00, -119391, -508878, -1128 
1721830571595.00, -119250, -511489, -1144 
1721830571617.00, -119231, -514085, -1122 
1721830571639.00, -119211, -516718, -1117 
1721830571661.00, -119299, -519324, -1148 
1721830571682.00, -119437, -521913, -1145 
1721830571706.00, -119422, -524522, -1130 
1721830571725.00, -119234, -527140, -1137 
1721830571748.00, -119226, -529738, -1135 
1721830571770.00, -119445, -532351, -1132 
1721830571792.00, -119689, -534952, -1167 
1721830571817.00, -119342, -537564, -1160 
1721830571835.00, -119146, -540167, -1136 
1721830571857.00, -119166, -542791, -1146 
1721830571879.00, -119431, -545385, -1157 
1721830571900.00, -119397, -547979, -1130 
1721830571928.00, -119504, -550594, -1133 
1721830571944.00, -119237, -553207, -1119 
1721830571966.00, -119304, -555817, -1086 
1721830571988.00, -119435, -558423, -1064 
1721830572009.00, -119421, -561013, -1060 
1721830572035.00, -119237, -563614, -1050 
1721830572053.00, -119294, -566235, -1000 
1721830572076.00, -119284, -568842, -984 
1721830572098.00, -119284, -571424, -962 
1721830572120.00, -119435, -574027, -946 
1721830572144.00, -119399, -576617, -932 
1721830572163.00, -119293, -579209, -894 
1721830572184.00, -119261, -581812, -874 
1721830572206.00, -119250, -584406, -855 
1721830572228.00, -119428, -586986, -801 
1721830572250.00, -116302, -589573, -735 
1721830572272.00, -110192, -592102, -690 
1721830572294.00, -103944, -594489, -562 
1721830572315.00, -57926, -596713, -439 
1721830572337.00, -30868, -597980, -358 
1721830572358.00, -14698, -598665, -184 
1721830572379.00, -5213, -598985, 36 
1721830572401.00, 1821, -599094, 266 
1721830572423.00, 19706, -599057, 471 
1721830572445.00, 42776, -598638, 711 
1721830572472.00, 71061, -597731, 715 
1721830572488.00, 87869, -596203, 797 
1721830572510.00, 102737, -594281, 910 
1721830572531.00, 114890, -592047, 941 
1721830572553.00, 119705, -589537, 954 
1721830572579.00, 119601, -586920, 971 
1721830572597.00, 119443, -584322, 993 
1721830572617.00, 119501, -581723, 1020 
1721830572639.00, 119549, -579121, 1012 
1721830572662.00, 119357, -576507, 985 
1721830572684.00, 119358, -573905, 992 
1721830572704.00, 119459, -571316, 1004 
1721830572726.00, 119515, -568711, 1015 
1721830572748.00, 119630, -566095, 1025 
1721830572769.00, 119439, -563492, 1035 
1721830572794.00, 119340, -560877, 1044 
1721830572813.00, 119470, -558275, 1070 
1721830572835.00, 119308, -555671, 1122 
1721830572856.00, 119369, -553063, 1095 
1721830572878.00, 119416, -550451, 1106 
1721830572901.00, 119424, -547842, 1107 
1721830572922.00, 119442, -545238, 1134 
1721830572944.00, 119308, -542627, 1153 
1721830572965.00, 119379, -540016, 1139 
1721830572988.00, 119576, -537402, 1164 
1721830573011.00, 119461, -534795, 1170 
1721830573031.00, 119498, -532186, 1178 
1721830573053.00, 119445, -529583, 1204 
1721830573074.00, 119338, -526971, 1231 
1721830573097.00, 119203, -524350, 1245 
1721830573121.00, 119491, -521744, 1278 
1721830573141.00, 119591, -519136, 1279 
1721830573162.00, 119457, -516534, 1298 
1721830573184.00, 119277, -513919, 1300 
1721830573205.00, 119219, -511302, 1298 
1721830573227.00, 119498, -508694, 1308 
1721830573249.00, 119440, -506095, 1341 
1721830573271.00, 119414, -503486, 1364 
1721830573293.00, 119355, -500868, 1377 
1721830573315.00, 119489, -498257, 1402 
1721830573336.00, 119433, -495646, 1412 
1721830573358.00, 119490, -493044, 1434 
1721830573380.00, 119394, -490434, 1475 
1721830573402.00, 119334, -487816, 1516 
1721830573423.00, 119583, -485207, 1516 
1721830573448.00, 119547, -482593, 1558 
1721830573467.00, 119263, -479992, 1588 
1721830573489.00, 119215, -477392, 1567 
1721830573511.00, 119345, -474771, 1565 
1721830573533.00, 119618, -472168, 1587 
1721830573554.00, 119512, -469559, 1594 
1721830573577.00, 119318, -466958, 1573 
1721830573598.00, 118980, -464356, 1538 
1721830573620.00, 119227, -461745, 1458 
1721830573642.00, 119340, -459147, 1390 
1721830573663.00, 119409, -456541, 1362 
1721830573685.00, 119373, -453947, 1335 
1721830573707.00, 119252, -451334, 1337 
1721830573729.00, 119418, -448722, 1325 
1721830573750.00, 119526, -446117, 1343 
1721830573774.00, 119453, -443505, 1359 
1721830573794.00, 119262, -440910, 1384 
1721830573816.00, 119417, -438297, 1391 
1721830573837.00, 119311, -435682, 1402 
1721830573860.00, 119217, -433080, 1395 
1721830573882.00, 119134, -430472, 1345 
1721830573905.00, 66404, -427901, 1231 
1721830573927.00, 35568, -426446, 1094 
1721830573948.00, 17380, -425676, 744 
1721830573970.00, 6462, -425324, 227 
1721830573990.00, 552, -425195, -75 
1721830574012.00, -7188, -425188, -257 
1721830574034.00, -22049, -425356, -788 
1721830574056.00, -63600, -425820, -767 
1721830574078.00, -87023, -427151, -744 
1721830574101.00, -99000, -429056, -980 
1721830574121.00, -112598, -431200, -972 
1721830574142.00, -119863, -433663, -1025 
1721830574163.00, -119410, -436285, -1048 
1721830574185.00, -119291, -438903, -1049 
1721830574207.00, -119259, -441513, -1088 
1721830574229.00, -119441, -444126, -1059 
1721830574250.00, -119590, -446727, -1070 
1721830574272.00, -119327, -449321, -1096 
1721830574294.00, -119369, -451945, -1091 
1721830574315.00, -119369, -454555, -1073 
1721830574338.00, -119534, -457148, -1067 
1721830574360.00, -119399, -459769, -1096 
1721830574381.00, -119133, -462377, -1099 
1721830574403.00, -119380, -464974, -1084 
1721830574425.00, -119359, -467599, -1103 
1721830574447.00, -119507, -470208, -1115 
1721830574469.00, -119537, -472808, -1128 
1721830574490.00, -119216, -475422, -1157 
1721830574512.00, -119359, -478035, -1150 
1721830574534.00, -119434, -480639, -1133 
1721830574556.00, -119546, -483244, -1150 
1721830574578.00, -119374, -485858, -1180 
1721830574599.00, -119288, -488455, -1165 
1721830574621.00, -119400, -491076, -1156 
1721830574643.00, -119309, -493689, -1171 
1721830574665.00, -119504, -496285, -1169 
1721830574687.00, -119442, -498883, -1170 
1721830574708.00, -119268, -501508, -1171 
1721830574730.00, -119512, -504124, -1161 
1721830574752.00, -119433, -506726, -1172 
1721830574774.00, -119496, -509338, -1194 
1721830574796.00, -119393, -511943, -1209 
1721830574817.00, -119380, -514542, -1226 
1721830574840.00, -119330, -517174, -1238 
1721830574862.00, -119336, -519775, -1227 
1721830574883.00, -119332, -522371, -1232 
1721830574904.00, -119361, -524986, -1263 
1721830574927.00, -119438, -527596, -1252 
1721830574949.00, -119274, -530200, -1225 
1721830574970.00, -119176, -532814, -1253 
1721830574992.00, -119157, -535414, -1216 
1721830575014.00, -119372, -538013, -1209 
1721830575036.00, -119425, -540623, -1247 
1721830575057.00, -119342, -543244, -1218 
1721830575079.00, -119034, -545843, -1192 
1721830575101.00, -119152, -548445, -1216 
1721830575123.00, -119366, -551052, -1212 
1721830575145.00, -119475, -553657, -1203 
1721830575166.00, -119330, -556266, -1183 
1721830575189.00, -119084, -558882, -1151 
1721830575210.00, -119260, -561476, -1149 
1721830575231.00, -119368, -564071, -1149 
1721830575253.00, -119415, -566682, -1117 
1721830575276.00, -119353, -569292, -1067 
1721830575298.00, -119439, -571887, -1062 
1721830575318.00, -119437, -574505, -1021 
1721830575342.00, -119364, -577103, -978 
1721830575363.00, -119348, -579689, -962 
1721830575385.00, -119147, -582298, -899 
1721830575408.00, -119287, -584888, -843 
1721830575429.00, -118739, -587469, -801 
1721830575451.00, -115853, -590048, -756 
1721830575473.00, -111379, -592563, -659 
1721830575494.00, -102876, -594970, -577 
1721830575515.00, -57598, -597178, -494 
1721830575537.00, -30790, -598434, -437 
1721830575559.00, -15117, -599115, -319 
1721830575581.00, -5838, -599439, -174 
1721830575602.00, -247, -599554, -9 
1721830575623.00, 2279, -599559, 177 
1721830575646.00, 14971, -599509, 352 
1721830575667.00, 32657, -599187, 601 
1721830575688.00, 58545, -598501, 677 
1721830575710.00, 78202, -597248, 680 
1721830575732.00, 90023, -595560, 742 
1721830575760.00, 100451, -593591, 829 
1721830575775.00, 111819, -591407, 821 
1721830575797.00, 118017, -588978, 836 
1721830575819.00, 119492, -586396, 830 
1721830575840.00, 119438, -583800, 838 
1721830575862.00, 119386, -581195, 861 
1721830575884.00, 119484, -578607, 850 
1721830575906.00, 119531, -576005, 877 
1721830575927.00, 119388, -573400, 877 
1721830575948.00, 119357, -570801, 886 
1721830575981.00, 119358, -568204, 898 
1721830575993.00, 119385, -565614, 914 
1721830576013.00, 119605, -563021, 913 
1721830576036.00, 119484, -560413, 932 
1721830576058.00, 119372, -557813, 947 
1721830576080.00, 119340, -555225, 963 
1721830576103.00, 119277, -552636, 985 
1721830576121.00, 119535, -550025, 1010 
1721830576144.00, 119509, -547416, 1021 
1721830576165.00, 119303, -544810, 1036 
1721830576188.00, 119253, -542198, 1069 
1721830576209.00, 119261, -539599, 1102 
1721830576231.00, 119570, -536991, 1082 
1721830576252.00, 119593, -534382, 1104 
1721830576274.00, 119327, -531765, 1125 
1721830576296.00, 119192, -529165, 1129 
1721830576318.00, 119433, -526568, 1150 
1721830576340.00, 119595, -523947, 1177 
1721830576362.00, 119376, -521333, 1186 
1721830576383.00, 119399, -518728, 1195 
1721830576407.00, 119413, -516116, 1219 
1721830576427.00, 119411, -513515, 1219 
1721830576449.00, 119410, -510902, 1218 
1721830576470.00, 119275, -508281, 1239 
1721830576492.00, 119273, -505684, 1238 
1721830576514.00, 119397, -503078, 1259 
1721830576535.00, 119494, -500468, 1282 
1721830576558.00, 119450, -497855, 1297 
1721830576580.00, 119332, -495244, 1319 
1721830576602.00, 119505, -492638, 1321 
1721830576623.00, 119477, -490031, 1353 
1721830576645.00, 119257, -487423, 1372 
1721830576666.00, 119347, -484805, 1360 
1721830576689.00, 119503, -482201, 1359 
1721830576711.00, 119359, -479591, 1388 
1721830576732.00, 119469, -476985, 1360 
1721830576754.00, 119219, -474388, 1339 
1721830576776.00, 119187, -471767, 1343 
1721830576797.00, 119102, -469163, 1340 
1721830576820.00, 119448, -466552, 1352 
1721830576844.00, 119497, -463952, 1366 
1721830576863.00, 119265, -461343, 1367 
1721830576885.00, 119211, -458730, 1362 
1721830576907.00, 119275, -456129, 1365 
1721830576928.00, 119595, -453517, 1362 
1721830576951.00, 119339, -450918, 1357 
1721830576972.00, 119139, -448319, 1328 
1721830576994.00, 119014, -445700, 1308 
1721830577016.00, 119329, -443097, 1307 
1721830577038.00, 119418, -440504, 1312 
1721830577064.00, 119491, -437903, 1256 
1721830577081.00, 119148, -435293, 1202 
1721830577103.00, 118961, -432693, 1141 
1721830577125.00, 119114, -430094, 1033 
1721830577148.00, 66676, -427523, 887 
1721830577173.00, 35811, -426079, 724 
1721830577191.00, 17169, -425312, 348 
1721830577212.00, 7039, -424955, -43 
1721830577234.00, -1282, -424808, -237 
1721830577256.00, -17747, -424845, -592 
1721830577278.00, -48868, -425231, -992 
1721830577299.00, -83468, -426245, -854 
1721830577320.00, -103745, -428070, -957 
1721830577341.00, -115445, -430323, -1039 
1721830577363.00, -119843, -432852, -1085 
1721830577387.00, -119470, -435489, -1122 
1721830577407.00, -119439, -438099, -1130 
1721830577429.00, -119512, -440691, -1155 
1721830577450.00, -119470, -443311, -1160 
1721830577474.00, -119336, -445913, -1176 
1721830577496.00, -119310, -448519, -1179 
1721830577516.00, -119282, -451139, -1171 
1721830577537.00, -119389, -453743, -1208 
1721830577559.00, -119535, -456337, -1199 
1721830577581.00, -119421, -458960, -1212 
1721830577606.00, -119160, -461572, -1215 
1721830577625.00, -119150, -464177, -1201 
1721830577646.00, -119454, -466781, -1209 
1721830577669.00, -119468, -469381, -1230 
1721830577690.00, -119431, -471996, -1217 
1721830577716.00, -119045, -474603, -1222 
1721830577734.00, -119018, -477215, -1238 
1721830577756.00, -119384, -479814, -1240 
1721830577778.00, -119580, -482413, -1250 
1721830577799.00, -119333, -485029, -1265 
1721830577821.00, -119340, -487643, -1233 
1721830577843.00, -119392, -490244, -1233 
1721830577865.00, -119413, -492854, -1273 
1721830577886.00, -119428, -495463, -1264 
1721830577909.00, -119323, -498060, -1255 
1721830577931.00, -119358, -500692, -1254 
1721830577952.00, -119435, -503292, -1226 
1721830577974.00, -119376, -505882, -1203 
1721830577995.00, -119342, -508501, -1203 
1721830578017.00, -119269, -511116, -1179 
1721830578043.00, -119317, -513719, -1136 
1721830578061.00, -119358, -516330, -1147 
1721830578083.00, -119421, -518927, -1118 
1721830578105.00, -119375, -521525, -1115 
1721830578126.00, -119228, -524140, -1108 
1721830578149.00, -119358, -526746, -1064 
1721830578170.00, -119395, -529354, -1055 
1721830578191.00, -119528, -531961, -1046 
1721830578214.00, -119363, -534563, -1014 
1721830578236.00, -119508, -537180, -1022 
1721830578262.00, -119146, -539786, -1007 
1721830578280.00, -119286, -542393, -950 
1721830578302.00, -119393, -544981, -958 
1721830578324.00, -119314, -547572, -971 
1721830578346.00, -119512, -550181, -938 
1721830578372.00, -119216, -552782, -922 
1721830578389.00, -119307, -555358, -922 
1721830578411.00, -119307, -557966, -928 
1721830578433.00, -119246, -560551, -916 
1721830578454.00, -119435, -563143, -885 
1721830578477.00, -119235, -565757, -894 
1721830578497.00, -119195, -568348, -880 
1721830578520.00, -119345, -570929, -848 
1721830578541.00, -119001, -573533, -855 
1721830578563.00, -119253, -576129, -841 
1721830578585.00, -118522, -578713, -784 
1721830578606.00, -114712, -581285, -762 
1721830578628.00, -111010, -583780, -771 
1721830578650.00, -109456, -586189, -721 
1721830578672.00, -105414, -588562, -670 
1721830578693.00, -99928, -590852, -629 
1721830578715.00, -94128, -593008, -579 
1721830578736.00, -52405, -595027, -429 
1721830578758.00, -27939, -596160, -314 
1721830578780.00, -13184, -596777, -193 
1721830578801.00, -4497, -597063, -21 
1721830578822.00, 19, -597149, 202 
1721830578844.00, 15100, -597150, 357 
1721830578866.00, 32985, -596836, 596 
1721830578888.00, 58207, -596133, 774 
1721830578909.00, 83846, -594892, 815 
1721830578931.00, 101406, -593063, 861 
1721830578952.00, 113858, -590848, 928 
1721830578974.00, 119923, -588366, 951 
1721830578996.00, 119363, -585753, 960 
1721830579018.00, 119591, -583145, 964 
1721830579042.00, 119438, -580539, 979 
1721830579061.00, 119288, -577947, 989 
1721830579083.00, 119328, -575360, 985 
1721830579104.00, 119322, -572750, 983 
1721830579126.00, 119429, -570158, 976 
1721830579148.00, 119476, -567559, 981 
1721830579169.00, 119285, -564962, 1007 
1721830579190.00, 119352, -562359, 1022 
1721830579212.00, 119724, -559748, 1024 
1721830579234.00, 119325, -557129, 1044 
1721830579260.00, 119498, -554524, 1058 
1721830579278.00, 119370, -551921, 1054 
1721830579299.00, 119472, -549309, 1067 
1721830579321.00, 119559, -546708, 1065 
1721830579343.00, 119256, -544087, 1059 
1721830579365.00, 119297, -541471, 1071 
1721830579387.00, 119480, -538886, 1085 
1721830579408.00, 119226, -536273, 1088 
1721830579430.00, 119548, -533655, 1090 
1721830579452.00, 119295, -531043, 1073 
1721830579475.00, 119387, -528441, 1069 
1721830579496.00, 119411, -525836, 1058 
1721830579518.00, 119345, -523237, 1059 
1721830579540.00, 119451, -520620, 1067 
1721830579562.00, 119543, -518003, 1088 
1721830579583.00, 119348, -515393, 1117 
1721830579605.00, 119377, -512794, 1140 
1721830579627.00, 119379, -510189, 1145 
1721830579649.00, 119440, -507572, 1182 
1721830579670.00, 119358, -504958, 1193 
1721830579692.00, 119532, -502344, 1211 
1721830579714.00, 119657, -499745, 1244 
1721830579736.00, 119370, -497134, 1255 
1721830579757.00, 119348, -494522, 1243 
1721830579780.00, 119135, -491904, 1277 
1721830579801.00, 119470, -489305, 1291 
1721830579823.00, 119461, -486698, 1277 
1721830579845.00, 119425, -484088, 1284 
1721830579866.00, 119234, -481472, 1304 
1721830579889.00, 119283, -478864, 1271 
1721830579910.00, 119476, -476248, 1262 
1721830579932.00, 119389, -473660, 1291 
1721830579954.00, 119224, -471049, 1273 
1721830579975.00, 119272, -468432, 1260 
1721830579998.00, 119495, -465828, 1268 
1721830580019.00, 119496, -463214, 1269 
1721830580041.00, 119428, -460616, 1236 
1721830580063.00, 119211, -458002, 1223 
1721830580085.00, 119163, -455390, 1215 
1721830580107.00, 119486, -452796, 1185 
1721830580129.00, 119646, -450183, 1181 
1721830580150.00, 119293, -447582, 1197 
1721830580172.00, 119149, -444975, 1169 
1721830580194.00, 119346, -442360, 1138 
1721830580216.00, 119444, -439762, 1149 
1721830580238.00, 119498, -437152, 1144 
1721830580259.00, 119298, -434548, 1116 
1721830580281.00, 119151, -431943, 1062 
1721830580303.00, 66835, -429360, 1011 
1721830580326.00, 36228, -427902, 1063 
1721830580348.00, 18091, -427102, 889 
1721830580369.00, 7403, -426697, 757 
1721830580391.00, 896, -426536, 555 
1721830580412.00, -2232, -426533, 183 
1721830580434.00, -4415, -426604, -155 
1721830580455.00, -14890, -426703, -360 
1721830580476.00, -33203, -427041, -779 
1721830580498.00, -69468, -427748, -870 
1721830580520.00, -95317, -429234, -857 
1721830580542.00, -110508, -431302, -952 
1721830580562.00, -119335, -433711, -1007 
1721830580583.00, -119460, -436327, -1065 
1721830580606.00, -119297, -438945, -1061 
1721830580628.00, -119447, -441562, -1077 
1721830580649.00, -119550, -444173, -1079 
1721830580671.00, -119572, -446767, -1094 
1721830580693.00, -119299, -449361, -1086 
1721830580715.00, -119303, -451989, -1068 
1721830580736.00, -119359, -454599, -1059 
1721830580758.00, -119575, -457193, -1077 
1721830580780.00, -119540, -459814, -1069 
1721830580802.00, -119129, -462411, -1077 
1721830580823.00, -119372, -465018, -1091 
1721830580846.00, -119365, -467636, -1113 
1721830580867.00, -119556, -470239, -1112 
1721830580889.00, -119577, -472835, -1145 
1721830580910.00, -119265, -475457, -1174 
1721830580933.00, -119420, -478072, -1181 
1721830580954.00, -119471, -480682, -1183 
1721830580977.00, -119575, -483281, -1217 
1721830580998.00, -119365, -485887, -1220 
1721830581020.00, -119430, -488497, -1199 
1721830581042.00, -119418, -491108, -1182 
1721830581064.00, -119323, -493726, -1193 
1721830581086.00, -119501, -496318, -1169 
1721830581108.00, -119400, -498924, -1182 
1721830581129.00, -119272, -501542, -1183 
1721830581150.00, -119427, -504150, -1154 
1721830581172.00, -119377, -506757, -1144 
1721830581194.00, -119353, -509370, -1150 
1721830581217.00, -119480, -511978, -1142 
1721830581238.00, -119342, -514573, -1140 
1721830581260.00, -119265, -517192, -1119 
1721830581282.00, -119335, -519805, -1059 
1721830581303.00, -119243, -522400, -1059 
1721830581325.00, -119278, -525003, -1036 
1721830581348.00, -119309, -527613, -996 
1721830581370.00, -119296, -530203, -958 
1721830581392.00, -119202, -532816, -948 
1721830581414.00, -119341, -535410, -918 
1721830581440.00, -119512, -537992, -880 
1721830581458.00, -119328, -540593, -873 
1721830581479.00, -119352, -543200, -849 
1721830581500.00, -119170, -545786, -813 
1721830581522.00, -119357, -548380, -806 
1721830581544.00, -119357, -550984, -816 
1721830581566.00, -119295, -553576, -775 
1721830581587.00, -119168, -556173, -732 
1721830581608.00, -116423, -558771, -727 
1721830581630.00, -114388, -561296, -728 
1721830581658.00, -113051, -563771, -703 
1721830581674.00, -110651, -566246, -683 
1721830581695.00, -107842, -568655, -685 
1721830581718.00, -106520, -570990, -675 
1721830581740.00, -105123, -573305, -669 
1721830581765.00, -103638, -575594, -675 
1721830581783.00, -102969, -577836, -655 
1721830581805.00, -101299, -580072, -654 
1721830581827.00, -100014, -582294, -630 
1721830581848.00, -97886, -584462, -586 
1721830581869.00, -93923, -586575, -584 
1721830581891.00, -91494, -588610, -533 
1721830581913.00, -86654, -590580, -465 
1721830581935.00, -79769, -592450, -415 
1721830581956.00, -72255, -594169, -320 
1721830581978.00, -43088, -595717, -205 
1721830581999.00, -25377, -596648, -117 
1721830582021.00, -14890, -597204, 7 
1721830582042.00, -8414, -597518, 195 
1721830582064.00, 6573, -597701, 345 
1721830582086.00, 24074, -597563, 718 
1721830582107.00, 57937, -597057, 654 
1721830582129.00, 74094, -595841, 749 
1721830582151.00, 89230, -594221, 851 
1721830582172.00, 104321, -592285, 879 
1721830582194.00, 113227, -590002, 879 
1721830582216.00, 118408, -587547, 890 
1721830582238.00, 119684, -584962, 899 
1721830582259.00, 119579, -582363, 914 
1721830582281.00, 119516, -579761, 901 
1721830582303.00, 119249, -577154, 897 
1721830582324.00, 119374, -574562, 907 
1721830582346.00, 119561, -571970, 902 
1721830582368.00, 119389, -569375, 873 
1721830582390.00, 119434, -566770, 875 
1721830582411.00, 119360, -564173, 884 
1721830582433.00, 119348, -561578, 907 
1721830582455.00, 119471, -558991, 917 
1721830582476.00, 119462, -556390, 907 
1721830582498.00, 119398, -553791, 903 
1721830582520.00, 119416, -551194, 895 
1721830582542.00, 119358, -548599, 919 
1721830582563.00, 119479, -546009, 908 
1721830582585.00, 119516, -543401, 920 
1721830582607.00, 119435, -540806, 931 
1721830582628.00, 119416, -538211, 926 
1721830582650.00, 119450, -535618, 933 
1721830582672.00, 119393, -533021, 942 
1721830582693.00, 119429, -530422, 920 
1721830582715.00, 119327, -527811, 914 
1721830582737.00, 119404, -525213, 929 
1721830582759.00, 119465, -522636, 928 
1721830582780.00, 119292, -520039, 916 
1721830582802.00, 119364, -517431, 915 
1721830582824.00, 119243, -514833, 898 
1721830582846.00, 119338, -512239, 869 
1721830582867.00, 119352, -509653, 874 
1721830582889.00, 119201, -507058, 870 
1721830582911.00, 119368, -504453, 849 
1721830582932.00, 119082, -501857, 877 
1721830582954.00, 119308, -499257, 876 
1721830582976.00, 119379, -496666, 904 
1721830582997.00, 119357, -494082, 900 
1721830583020.00, 119380, -491464, 900 
1721830583042.00, 119353, -488872, 920 
1721830583063.00, 119345, -486277, 920 
1721830583084.00, 119429, -483686, 915 
1721830583107.00, 119415, -481087, 889 
1721830583128.00, 119385, -478483, 881 
1721830583150.00, 119380, -475881, 868 
1721830583172.00, 119438, -473297, 865 
1721830583193.00, 119375, -470695, 877 
1721830583215.00, 119447, -468094, 879 
1721830583236.00, 119423, -465492, 894 
1721830583258.00, 119460, -462886, 919 
1721830583280.00, 119462, -460294, 942 
1721830583302.00, 119294, -457706, 963 
1721830583323.00, 119411, -455098, 973 
1721830583345.00, 119404, -452494, 991 
1721830583366.00, 119457, -449896, 1016 
1721830583388.00, 119534, -447285, 1026 
1721830583409.00, 119316, -444687, 1014 
1721830583432.00, 119227, -442073, 995 
1721830583454.00, 119131, -439480, 951 
1721830583476.00, 119286, -436889, 891 
1721830583497.00, 119071, -434308, 786 
1721830583520.00, 114803, -431726, 627 
1721830583541.00, 64153, -429251, 422 
1721830583563.00, 34442, -427883, 236 
1721830583584.00, 17159, -427134, -79 
1721830583606.00, 1936, -426757, -249 
1721830583628.00, -16382, -426717, -499 
1721830583649.00, -42278, -427066, -761 
1721830583671.00, -73916, -427965, -774 
1721830583693.00, -93359, -429553, -831 
1721830583714.00, -108115, -431584, -909 
1721830583737.00, -118044, -433947, -951 
1721830583757.00, -119479, -436519, -977 
1721830583778.00, -119482, -439130, -1014 
1721830583800.00, -119463, -441744, -1012 
1721830583821.00, -119464, -444353, -1029 
1721830583844.00, -119462, -446960, -1055 
1721830583865.00, -119417, -449554, -1083 
1721830583887.00, -119322, -452183, -1113 
1721830583909.00, -119340, -454791, -1088 
1721830583931.00, -119526, -457396, -1102 
1721830583954.00, -119430, -460007, -1126 
1721830583974.00, -119414, -462608, -1136 
1721830583996.00, -119553, -465209, -1129 
1721830584018.00, -119320, -467836, -1127 
1721830584039.00, -119229, -470446, -1133 
1721830584063.00, -119459, -473040, -1123 
1721830584084.00, -119407, -475658, -1145 
1721830584105.00, -119376, -478270, -1156 
1721830584127.00, -119435, -480867, -1129 
1721830584149.00, -119306, -483477, -1152 
1721830584174.00, -119416, -486084, -1166 
1721830584193.00, -119373, -488686, -1134 
1721830584214.00, -119326, -491301, -1118 
1721830584236.00, -119263, -493914, -1111 
1721830584258.00, -119281, -496512, -1088 
1721830584281.00, -119575, -499119, -1093 
1721830584302.00, -119337, -501731, -1108 
1721830584324.00, -119301, -504345, -1050 
1721830584346.00, -119052, -506952, -1014 
1721830584367.00, -119262, -509566, -1010 
1721830584390.00, -119459, -512163, -972 
1721830584412.00, -119486, -514741, -918 
1721830584434.00, -119368, -517355, -885 
1721830584456.00, -118922, -519959, -904 
1721830584477.00, -119300, -522537, -830 
1721830584498.00, -119441, -525144, -801 
1721830584525.00, -119438, -527729, -803 
1721830584542.00, -119285, -530324, -764 
1721830584564.00, -118393, -532938, -727 
1721830584586.00, -115881, -535520, -731 
1721830584608.00, -114572, -538031, -751 
1721830584629.00, -114876, -540521, -746 
1721830584651.00, -114722, -543032, -743 
1721830584673.00, -114280, -545527, -762 
1721830584694.00, -115244, -547997, -770 
1721830584721.00, -116067, -550515, -759 
1721830584738.00, -115608, -553044, -751 
1721830584759.00, -114664, -555552, -762 
1721830584781.00, -114925, -558057, -764 
1721830584803.00, -115078, -560548, -742 
1721830584827.00, -113706, -563045, -740 
1721830584846.00, -112821, -565531, -721 
1721830584868.00, -110920, -567973, -697 
1721830584890.00, -108316, -570379, -680 
1721830584911.00, -105450, -572732, -662 
1721830584935.00, -102826, -575037, -635 
1721830584955.00, -99655, -577259, -630 
1721830584976.00, -97069, -579410, -601 
1721830584998.00, -93923, -581524, -555 
1721830585020.00, -89263, -583550, -538 
1721830585042.00, -85639, -585489, -537 
1721830585063.00, -82992, -587329, -513 
1721830585084.00, -79897, -589127, -453 
1721830585106.00, -74337, -590852, -408 
1721830585128.00, -68230, -592460, -342 
1721830585153.00, -60884, -593932, -246 
1721830585172.00, -35884, -595238, -171 
1721830585193.00, -20571, -596024, -116 
1721830585214.00, -11827, -596478, -38 
1721830585236.00, -6459, -596721, 81 
1721830585257.00, 992, -596851, 231 
1721830585279.00, 14582, -596838, 366 
1721830585301.00, 31178, -596529, 421 
1721830585322.00, 44510, -595866, 638 
1721830585343.00, 65335, -594918, 658 
1721830585366.00, 78762, -593501, 674 
1721830585387.00, 87655, -591791, 740 
1721830585409.00, 96769, -589875, 840 
1721830585431.00, 108433, -587775, 827 
1721830585452.00, 114482, -585418, 846 
1721830585474.00, 118922, -582915, 867 
1721830585495.00, 119415, -580323, 880 
1721830585518.00, 119483, -577724, 902 
1721830585539.00, 119347, -575127, 923 
1721830585561.00, 119380, -572527, 939 
1721830585583.00, 119298, -569932, 904 
1721830585605.00, 119323, -567330, 897 
1721830585626.00, 119397, -564731, 920 
1721830585648.00, 119318, -562138, 934 
1721830585670.00, 119409, -559539, 951 
1721830585691.00, 119417, -556933, 953 
1721830585713.00, 119392, -554340, 965 
1721830585735.00, 119467, -551737, 997 
1721830585755.00, 119307, -549141, 1026 
1721830585777.00, 119375, -546541, 1036 
1721830585798.00, 119524, -543929, 1028 
1721830585820.00, 119467, -541310, 1039 
1721830585842.00, 119458, -538710, 1056 
1721830585864.00, 119308, -536110, 1064 
1721830585886.00, 119230, -533493, 1056 
1721830585908.00, 119189, -530885, 1040 
1721830585930.00, 119314, -528274, 1046 
1721830585951.00, 119453, -525674, 1070 
1721830585973.00, 119394, -523074, 1076 
1721830585995.00, 119333, -520458, 1076 
1721830586017.00, 119142, -517840, 1077 
1721830586040.00, 119267, -515232, 1094 
1721830586061.00, 119339, -512633, 1100 
1721830586083.00, 119311, -510031, 1099 
1721830586104.00, 119259, -507422, 1085 
1721830586126.00, 119092, -504808, 1081 
1721830586148.00, 119327, -502206, 1068 
1721830586170.00, 119308, -499592, 1078 
1721830586192.00, 119223, -497002, 1060 
1721830586213.00, 119213, -494384, 1055 
1721830586235.00, 119272, -491770, 1053 
1721830586257.00, 119424, -489173, 1051 
1721830586279.00, 119406, -486567, 1061 
1721830586300.00, 119314, -483954, 1090 
1721830586323.00, 119317, -481349, 1101 
1721830586344.00, 119530, -478741, 1092 
1721830586366.00, 119619, -476120, 1119 
1721830586388.00, 119377, -473531, 1113 
1721830586410.00, 119301, -470916, 1102 
1721830586432.00, 119441, -468298, 1109 
1721830586453.00, 119396, -465700, 1111 
1721830586475.00, 119546, -463083, 1094 
1721830586497.00, 119377, -460476, 1093 
1721830586519.00, 119224, -457873, 1103 
1721830586541.00, 119467, -455267, 1115 
1721830586563.00, 119594, -452657, 1119 
1721830586584.00, 119462, -450044, 1163 
1721830586606.00, 119341, -447436, 1173 
1721830586627.00, 119310, -444832, 1142 
1721830586649.00, 119229, -442219, 1111 
1721830586671.00, 119159, -439617, 1074 
1721830586694.00, 119141, -437020, 969 
1721830586716.00, 118940, -434443, 804 
1721830586738.00, 115602, -431874, 600 
1721830586760.00, 64512, -429379, 332 
1721830586781.00, 34317, -428001, 153 
1721830586802.00, 16791, -427250, -196 
1721830586824.00, -4651, -426881, -381 
1721830586846.00, -28414, -426978, -794 
1721830586868.00, -67752, -427577, -818 
1721830586890.00, -92539, -429019, -813 
1721830586913.00, -106649, -431027, -893 
1721830586933.00, -117228, -433352, -963 
1721830586954.00, -119723, -435922, -992 
1721830586975.00, -119601, -438531, -1011 
1721830586996.00, -119319, -441139, -1034 
1721830587021.00, -119502, -443749, -1039 
1721830587040.00, -119411, -446355, -1099 
1721830587062.00, -119477, -448953, -1115 
1721830587084.00, -119490, -451580, -1116 
1721830587106.00, -119445, -454198, -1169 
1721830587129.00, -119387, -456788, -1190 
1721830587149.00, -119446, -459411, -1194 
1721830587171.00, -119329, -462017, -1173 
1721830587192.00, -119460, -464617, -1166 
1721830587215.00, -119365, -467228, -1162 
1721830587237.00, -119292, -469835, -1177 
1721830587259.00, -119456, -472428, -1154 
1721830587280.00, -119365, -475047, -1161 
1721830587302.00, -119264, -477662, -1123 
1721830587324.00, -119336, -480262, -1131 
1721830587346.00, -119381, -482861, -1114 
1721830587368.00, -119327, -485471, -1097 
1721830587389.00, -119527, -488086, -1096 
1721830587411.00, -119090, -490690, -1093 
1721830587433.00, -119376, -493304, -1056 
1721830587458.00, -119524, -495905, -1045 
1721830587476.00, -119376, -498507, -1073 
1721830587498.00, -119196, -501126, -1047 
1721830587521.00, -119260, -503735, -988 
1721830587543.00, -119327, -506318, -991 
1721830587569.00, -119365, -508920, -978 
1721830587587.00, -119326, -511512, -905 
1721830587608.00, -119312, -514106, -879 
1721830587630.00, -119264, -516723, -874 
1721830587652.00, -119365, -519317, -825 
1721830587673.00, -119547, -521890, -810 
1721830587695.00, -119389, -524497, -838 
1721830587716.00, -119359, -527100, -805 
1721830587738.00, -119405, -529695, -755 
1721830587760.00, -118346, -532292, -764 
1721830587786.00, -118213, -534865, -784 
1721830587804.00, -119061, -537433, -760 
1721830587826.00, -118029, -540024, -736 
1721830587848.00, -115690, -542605, -735 
1721830587869.00, -114370, -545114, -740 
1721830587891.00, -113835, -547586, -697 
1721830587912.00, -110719, -550077, -672 
1721830587935.00, -107166, -552486, -654 
1721830587955.00, -104156, -554804, -645 
1721830587977.00, -101587, -557065, -647 
1721830588003.00, -100268, -559281, -623 
1721830588021.00, -97928, -561448, -634 
1721830588043.00, -97009, -563565, -673 
1721830588064.00, -98329, -565681, -652 
1721830588085.00, -98163, -567813, -619 
1721830588111.00, -96124, -569932, -618 
1721830588129.00, -94725, -572019, -623 
1721830588151.00, -93943, -574070, -645 
1721830588172.00, -94836, -576112, -622 
1721830588194.00, -94029, -578163, -587 
1721830588220.00, -91395, -580188, -618 
1721830588238.00, -91434, -582185, -610 
1721830588260.00, -91052, -584161, -577 
1721830588281.00, -88894, -586127, -539 
1721830588302.00, -85088, -588042, -500 
1721830588324.00, -80162, -589880, -429 
1721830588345.00, -73000, -591618, -323 
1721830588368.00, -62619, -593183, -220 
1721830588389.00, -36768, -594526, -161 
1721830588411.00, -21283, -595347, -117 
1721830588432.00, -11998, -595812, -27 
1721830588454.00, -6375, -596063, 94 
1721830588476.00, 1736, -596190, 301 
1721830588497.00, 19449, -596154, 411 
1721830588518.00, 36486, -595739, 734 
1721830588540.00, 66268, -594960, 744 
1721830588561.00, 84796, -593524, 795 
1721830588583.00, 98792, -591688, 907 
1721830588605.00, 110548, -589536, 948 
1721830588627.00, 117187, -587131, 947 
1721830588651.00, 119517, -584567, 943 
1721830588670.00, 119464, -581968, 966 
1721830588691.00, 119236, -579371, 979 
1721830588713.00, 119376, -576763, 957 
1721830588735.00, 119287, -574169, 946 
1721830588756.00, 119344, -571579, 959 
1721830588778.00, 119322, -568986, 949 
1721830588800.00, 119258, -566382, 915 
1721830588822.00, 119464, -563787, 920 
1721830588844.00, 119288, -561186, 925 
1721830588869.00, 119296, -558588, 930 
1721830588887.00, 119376, -556001, 962 
1721830588909.00, 119318, -553398, 957 
1721830588931.00, 119538, -550787, 950 
1721830588953.00, 119401, -548195, 962 
1721830588974.00, 119295, -545607, 966 
1721830588996.00, 119244, -543010, 972 
1721830589017.00, 119282, -540398, 970 
1721830589039.00, 119504, -537806, 967 
1721830589061.00, 119451, -535202, 962 
1721830589084.00, 119328, -532608, 994 
1721830589104.00, 119345, -530019, 984 
1721830589126.00, 119345, -527411, 980 
1721830589148.00, 119438, -524811, 982 
1721830589170.00, 119547, -522219, 980 
1721830589192.00, 119289, -519623, 996 
1721830589212.00, 119356, -517019, 1007 
1721830589233.00, 119529, -514412, 1010 
1721830589255.00, 119445, -511798, 1027 
1721830589278.00, 119689, -509189, 1048 
1721830589299.00, 119332, -506597, 1039 
1721830589322.00, 119394, -503978, 1024 
1721830589342.00, 119563, -501364, 1016 
1721830589364.00, 119407, -498754, 1023 
1721830589386.00, 119450, -496144, 1023 
1721830589408.00, 119357, -493555, 1029 
1721830589430.00, 119401, -490935, 1026 
1721830589452.00, 119559, -488318, 1019 
1721830589474.00, 119414, -485718, 1034 
1721830589496.00, 119279, -483110, 1045 
1721830589517.00, 119181, -480514, 1052 
1721830589539.00, 119236, -477896, 1051 
1721830589561.00, 119284, -475286, 1040 
1721830589583.00, 119488, -472681, 1060 
1721830589604.00, 119442, -470079, 1087 
1721830589626.00, 119439, -467476, 1089 
1721830589648.00, 119286, -464862, 1085 
1721830589670.00, 119269, -462249, 1077 
1721830589691.00, 119538, -459644, 1077 
1721830589714.00, 119394, -457048, 1101 
1721830589735.00, 119346, -454439, 1094 
1721830589757.00, 119325, -451820, 1059 
1721830589779.00, 119300, -449214, 1050 
1721830589800.00, 119087, -446608, 1042 
1721830589823.00, 119203, -444005, 1003 
1721830589845.00, 119275, -441408, 959 
1721830589867.00, 119203, -438806, 898 
1721830589889.00, 119065, -436217, 822 
1721830589911.00, 117027, -433628, 692 
1721830589933.00, 107876, -431106, 511 
1721830589955.00, 60459, -428797, 300 
1721830589977.00, 32129, -427494, 152 
1721830589998.00, 15297, -426796, -200 
1721830590019.00, -5555, -426460, -417 
1721830590040.00, -31110, -426574, -687 
1721830590063.00, -62661, -427231, -832 
1721830590085.00, -90190, -428582, -844 
1721830590106.00, -107242, -430541, -960 
1721830590127.00, -117662, -432874, -1015 
1721830590148.00, -119736, -435472, -1017 
1721830590170.00, -119492, -438096, -1083 
1721830590192.00, -119504, -440689, -1099 
1721830590213.00, -119442, -443300, -1096 
1721830590235.00, -119345, -445909, -1113 
1721830590257.00, -119417, -448512, -1091 
1721830590279.00, -119376, -451133, -1101 
1721830590300.00, -119492, -453739, -1114 
1721830590322.00, -119418, -456333, -1120 
1721830590344.00, -119454, -458945, -1118 
1721830590366.00, -119158, -461559, -1126 
1721830590388.00, -119272, -464164, -1105 
1721830590410.00, -119528, -466777, -1116 
1721830590432.00, -119597, -469381, -1113 
1721830590454.00, -119359, -471988, -1104 
1721830590475.00, -119054, -474596, -1076 
1721830590497.00, -119336, -477202, -1059 
1721830590518.00, -119502, -479805, -1073 
1721830590541.00, -119581, -482406, -1069 
1721830590562.00, -119336, -485024, -1054 
1721830590584.00, -119436, -487634, -1048 
1721830590606.00, -119454, -490244, -1051 
1721830590628.00, -119496, -492851, -1042 
1721830590649.00, -119344, -495453, -1050 
1721830590671.00, -119251, -498051, -1043 
1721830590695.00, -119493, -500681, -998 
1721830590716.00, -119424, -503276, -989 
1721830590738.00, -119369, -505860, -971 
1721830590760.00, -119302, -508459, -943 
1721830590781.00, -119261, -511062, -900 
1721830590803.00, -119328, -513659, -881 
1721830590825.00, -119366, -516258, -853 
1721830590846.00, -119344, -518849, -792 
1721830590868.00, -119458, -521434, -780 
1721830590890.00, -119191, -524035, -768 
1721830590912.00, -119024, -526639, -727 
1721830590934.00, -116527, -529217, -680 
1721830590955.00, -112019, -531741, -715 
1721830590977.00, -111118, -534184, -726 
1721830590999.00, -111208, -536610, -662 
1721830591020.00, -107395, -539013, -665 
1721830591042.00, -105090, -541348, -706 
1721830591066.00, -105984, -543637, -672 
1721830591086.00, -104643, -545948, -611 
1721830591108.00, -100195, -548210, -668 
1721830591129.00, -100576, -550392, -673 
1721830591151.00, -100879, -552588, -627 
1721830591176.00, -98732, -554768, -651 
1721830591194.00, -98476, -556911, -688 
1721830591216.00, -100443, -559054, -653 
1721830591238.00, -99873, -561231, -661 
1721830591259.00, -99678, -563385, -706 
1721830591283.00, -101883, -565560, -678 
1721830591303.00, -101733, -567771, -675 
1721830591324.00, -101266, -569987, -668 
1721830591346.00, -100546, -572187, -656 
1721830591368.00, -99416, -574376, -646 
1721830591391.00, -98050, -576525, -649 
1721830591411.00, -97000, -578650, -628 
1721830591433.00, -95514, -580751, -634 
1721830591454.00, -94883, -582824, -592 
1721830591476.00, -91686, -584875, -534 
1721830591497.00, -86240, -586846, -476 
1721830591519.00, -79814, -588715, -408 
1721830591541.00, -71562, -590427, -351 
1721830591563.00, -63104, -591974, -287 
1721830591584.00, -54401, -593329, -212 
1721830591609.00, -31958, -594496, -145 
1721830591628.00, -18154, -595204, -91 
1721830591649.00, -10390, -595605, 7 
1721830591670.00, -5515, -595820, 120 
1721830591692.00, 4280, -595928, 225 
1721830591713.00, 17344, -595855, 371 
1721830591735.00, 33232, -595487, 663 
1721830591756.00, 60173, -594777, 687 
1721830591779.00, 77805, -593484, 720 
1721830591800.00, 89992, -591798, 828 
1721830591822.00, 103688, -589828, 916 
1721830591844.00, 113381, -587572, 935 
1721830591865.00, 118895, -585095, 953 
1721830591886.00, 119601, -582505, 968 
1721830591909.00, 119355, -579900, 977 
1721830591932.00, 119383, -577300, 986 
1721830591951.00, 119419, -574701, 1002 
1721830591973.00, 119355, -572095, 1002 
1721830591996.00, 119605, -569487, 974 
1721830592018.00, 119448, -566881, 994 
1721830592039.00, 119347, -564285, 967 
1721830592061.00, 119413, -561694, 985 
1721830592082.00, 119324, -559105, 989 
1721830592103.00, 119513, -556501, 1002 
1721830592126.00, 119501, -553887, 975 
1721830592148.00, 119280, -551296, 977 
1721830592170.00, 119337, -548695, 973 
1721830592191.00, 119246, -546110, 958 
1721830592213.00, 119569, -543506, 924 
1721830592235.00, 119425, -540902, 937 
1721830592256.00, 119425, -538311, 907 
1721830592278.00, 119309, -535714, 915 
1721830592300.00, 119431, -533120, 923 
1721830592322.00, 119489, -530521, 915 
1721830592343.00, 119457, -527911, 920 
1721830592365.00, 119360, -525320, 938 
1721830592387.00, 119357, -522730, 961 
1721830592409.00, 119553, -520136, 958 
1721830592430.00, 119508, -517523, 968 
1721830592451.00, 119401, -514919, 985 
1721830592474.00, 119427, -512329, 987 
1721830592496.00, 119292, -509732, 982 
1721830592517.00, 119467, -507139, 984 
1721830592539.00, 119367, -504537, 987 
1721830592561.00, 119374, -501942, 979 
1721830592582.00, 119546, -499334, 968 
1721830592604.00, 119274, -496743, 979 
1721830592626.00, 119382, -494154, 979 
1721830592647.00, 119428, -491542, 964 
1721830592669.00, 119327, -488949, 984 
1721830592691.00, 119444, -486347, 992 
1721830592712.00, 119454, -483756, 981 
1721830592733.00, 119411, -481158, 1002 
1721830592755.00, 119479, -478536, 1026 
1721830592777.00, 119490, -475936, 1038 
1721830592799.00, 119324, -473334, 1062 
1721830592821.00, 119383, -470718, 1081 
1721830592843.00, 119423, -468111, 1070 
1721830592864.00, 119385, -465498, 1077 
1721830592886.00, 119436, -462893, 1081 
1721830592908.00, 119444, -460281, 1087 
1721830592930.00, 119329, -457681, 1087 
1721830592951.00, 119361, -455067, 1080 
1721830592973.00, 119356, -452456, 1067 
1721830592995.00, 119484, -449846, 1058 
1721830593017.00, 119495, -447246, 1055 
1721830593040.00, 119303, -444647, 1033 
1721830593062.00, 119099, -442029, 982 
1721830593083.00, 119217, -439439, 937 
1721830593105.00, 119281, -436846, 868 
1721830593127.00, 119180, -434256, 764 
1721830593149.00, 116473, -431680, 615 
1721830593170.00, 68233, -429166, 428 
1721830593192.00, 39681, -427714, 265 
1721830593214.00, 22833, -426862, -96 
1721830593235.00, 7217, -426361, -244 
1721830593258.00, -10412, -426215, -554 
1721830593278.00, -39841, -426430, -804 
1721830593299.00, -72666, -427257, -784 
1721830593321.00, -90909, -428832, -841 
1721830593343.00, -105116, -430804, -927 
1721830593365.00, -114010, -433088, -957 
1721830593387.00, -118893, -435593, -968 
1721830593408.00, -119478, -438187, -964 
1721830593429.00, -119445, -440771, -1003 
1721830593450.00, -119499, -443390, -1000 
1721830593475.00, -119451, -445994, -1020 
1721830593495.00, -119079, -448605, -1045 
1721830593516.00, -119324, -451226, -1028 
1721830593538.00, -119672, -453830, -1023 
1721830593559.00, -119601, -456425, -1055 
1721830593584.00, -119300, -459047, -1075 
1721830593604.00, -119069, -461653, -1043 
1721830593625.00, -119340, -464260, -1027 
1721830593647.00, -119562, -466868, -1042 
1721830593669.00, -119441, -469471, -1018 
1721830593692.00, -119411, -472082, -991 
1721830593714.00, -119491, -474685, -994 
1721830593736.00, -119450, -477278, -975 
1721830593757.00, -119490, -479872, -975 
1721830593779.00, -119352, -482461, -983 
1721830593800.00, -119285, -485071, -972 
1721830593822.00, -119580, -487672, -943 
1721830593844.00, -119349, -490269, -933 
1721830593866.00, -119343, -492867, -952 
1721830593888.00, -119361, -495451, -932 
1721830593909.00, -119239, -498046, -904 
1721830593931.00, -119492, -500664, -874 
1721830593953.00, -119353, -503262, -845 
1721830593974.00, -119372, -505837, -799 
1721830593996.00, -118805, -508442, -782 
1721830594019.00, -117355, -511026, -728 
1721830594040.00, -112907, -513571, -690 
1721830594061.00, -108200, -516035, -706 
1721830594083.00, -106386, -518380, -710 
1721830594105.00, -105572, -520695, -648 
1721830594127.00, -101335, -522987, -610 
1721830594148.00, -96395, -525183, -625 
1721830594170.00, -93966, -527262, -602 
1721830594191.00, -91393, -529305, -542 
1721830594213.00, -86499, -531272, -582 
1721830594235.00, -85457, -533161, -583 
1721830594256.00, -85144, -535007, -536 
1721830594277.00, -82218, -536858, -566 
1721830594300.00, -82014, -538627, -541 
1721830594321.00, -80360, -540405, -552 
1721830594345.00, -80226, -542152, -517 
1721830594364.00, -77800, -543881, -547 
1721830594386.00, -78167, -545573, -546 
1721830594408.00, -78351, -547255, -546 
1721830594429.00, -78547, -548968, -539 
1721830594454.00, -78164, -550664, -554 
1721830594472.00, -78704, -552366, -553 
1721830594494.00, -79073, -554060, -564 
1721830594516.00, -79864, -555779, -573 
1721830594537.00, -80798, -557504, -567 
1721830594560.00, -81082, -559264, -579 
1721830594581.00, -81797, -561015, -591 
1721830594603.00, -83100, -562796, -619 
1721830594624.00, -85481, -564586, -589 
1721830594645.00, -85242, -566445, -643 
1721830594669.00, -88082, -568296, -624 
1721830594689.00, -88654, -570196, -617 
1721830594711.00, -88532, -572115, -557 
1721830594732.00, -84814, -574027, -549 
1721830594754.00, -82089, -575879, -561 
1721830594776.00, -81259, -577645, -539 
1721830594798.00, -79319, -579405, -553 
1721830594819.00, -78958, -581122, -540 
1721830594841.00, -78023, -582844, -555 
1721830594862.00, -78469, -584530, -519 
1721830594887.00, -76525, -586224, -522 
1721830594905.00, -75393, -587881, -505 
1721830594927.00, -73701, -589510, -497 
1721830594949.00, -72200, -591113, -447 
1721830594971.00, -68369, -592667, -401 
1721830594993.00, -63200, -594140, -337 
1721830595014.00, -36075, -595501, -301 
1721830595035.00, -19660, -596288, -252 
1721830595057.00, -10129, -596730, -208 
1721830595079.00, -4168, -596956, -136 
1721830595100.00, -899, -597048, -68 
1721830595122.00, 432, -597064, 19 
1721830595143.00, 2805, -597042, 158 
1721830595164.00, 12508, -596974, 308 
1721830595186.00, 27550, -596702, 424 
1721830595206.00, 43246, -596115, 683 
1721830595229.00, 68265, -595199, 669 
1721830595251.00, 82242, -593716, 700 
1721830595273.00, 92328, -591939, 780 
1721830595294.00, 102877, -589925, 826 
1721830595316.00, 111951, -587688, 819 
1721830595342.00, 116705, -585247, 840 
1721830595360.00, 119480, -582705, 831 
1721830595381.00, 119438, -580094, 821 
1721830595403.00, 119604, -577491, 817 
1721830595425.00, 119592, -574895, 815 
1721830595446.00, 119316, -572312, 799 
1721830595468.00, 119202, -569703, 787 
1721830595490.00, 118581, -567107, 792 
1721830595511.00, 118571, -564532, 790 
1721830595533.00, 118286, -561958, 787 
1721830595556.00, 117684, -559391, 801 
1721830595577.00, 118222, -556819, 802 
1721830595598.00, 118539, -554245, 784 
1721830595620.00, 117582, -551667, 796 
1721830595642.00, 117550, -549111, 806 
1721830595668.00, 118263, -546557, 814 
1721830595686.00, 118911, -543976, 806 
1721830595707.00, 118851, -541384, 817 
1721830595729.00, 119506, -538808, 837 
1721830595751.00, 119310, -536212, 850 
1721830595772.00, 119398, -533600, 861 
1721830595794.00, 119433, -530998, 880 
1721830595816.00, 119417, -528395, 905 
1721830595837.00, 119364, -525805, 907 
1721830595859.00, 119288, -523216, 908 
1721830595881.00, 119456, -520613, 915 
1721830595902.00, 119493, -518006, 932 
1721830595924.00, 119333, -515402, 949 
1721830595946.00, 119396, -512817, 941 
1721830595968.00, 119245, -510230, 962 
1721830595989.00, 119247, -507614, 972 
1721830596011.00, 119455, -505023, 963 
1721830596032.00, 119439, -502422, 972 
1721830596055.00, 119338, -499825, 984 
1721830596077.00, 119223, -497234, 986 
1721830596101.00, 119264, -494625, 990 
1721830596120.00, 119454, -492032, 981 
1721830596142.00, 119519, -489443, 969 
1721830596163.00, 119385, -486849, 977 
1721830596185.00, 119226, -484244, 954 
1721830596211.00, 119312, -481644, 911 
1721830596229.00, 119386, -479054, 922 
1721830596250.00, 119568, -476450, 953 
1721830596272.00, 119470, -473868, 955 
1721830596294.00, 119387, -471262, 963 
1721830596320.00, 119357, -468659, 993 
1721830596336.00, 119217, -466060, 997 
1721830596359.00, 119410, -463456, 995 
1721830596379.00, 119480, -460870, 1004 
1721830596402.00, 119427, -458259, 990 
1721830596424.00, 119294, -455655, 991 
1721830596445.00, 119071, -453070, 1010 
1721830596466.00, 119359, -450458, 1008 
1721830596488.00, 119405, -447858, 1004 
1721830596511.00, 119356, -445246, 989 
1721830596532.00, 119222, -442645, 972 
1721830596554.00, 119068, -440067, 936 
1721830596576.00, 119157, -437470, 887 
1721830596598.00, 119148, -434883, 784 
1721830596619.00, 114838, -432312, 631 
1721830596644.00, 64582, -429830, 454 
1721830596663.00, 34525, -428451, 377 
1721830596684.00, 16644, -427706, 37 
1721830596706.00, 6987, -427335, -164 
1721830596727.00, -8413, -427196, -326 
1721830596750.00, -27062, -427376, -641 
1721830596771.00, -57471, -427963, -809 
1721830596792.00, -85623, -429178, -804 
1721830596814.00, -101902, -431039, -893 
1721830596836.00, -114266, -433263, -984 
1721830596858.00, -119721, -435774, -955 
1721830596880.00, -119434, -438384, -985 
1721830596901.00, -119495, -440972, -990 
1721830596923.00, -119328, -443575, -983 
1721830596945.00, -119292, -446166, -973 
1721830596969.00, -119458, -448751, -992 
1721830596987.00, -119475, -451374, -1001 
1721830597009.00, -119492, -453978, -1014 
1721830597030.00, -119514, -456574, -1044 
1721830597052.00, -119340, -459199, -1087 
1721830597077.00, -119432, -461808, -1104 
1721830597096.00, -119489, -464412, -1102 
1721830597118.00, -119378, -467021, -1124 
1721830597140.00, -119373, -469627, -1151 
1721830597161.00, -119337, -472232, -1147 
1721830597183.00, -119381, -474841, -1133 
1721830597205.00, -119460, -477455, -1101 
1721830597227.00, -119452, -480058, -1098 
1721830597249.00, -119323, -482654, -1087 
1721830597270.00, -119336, -485271, -1070 
1721830597294.00, -119377, -487879, -1027 
1721830597314.00, -119372, -490490, -1028 
1721830597337.00, -119499, -493102, -989 
1721830597359.00, -119440, -495686, -969 
1721830597380.00, -119523, -498275, -982 
1721830597403.00, -119379, -500891, -970 
1721830597424.00, -119408, -503488, -946 
1721830597446.00, -119483, -506072, -929 
1721830597467.00, -119401, -508675, -962 
1721830597489.00, -119402, -511278, -943 
1721830597512.00, -119256, -513865, -885 
1721830597533.00, -119429, -516483, -868 
1721830597554.00, -119394, -519067, -870 
1721830597576.00, -119294, -521658, -834 
1721830597598.00, -118342, -524260, -818 
1721830597621.00, -116586, -526833, -821 
1721830597641.00, -115845, -529369, -823 
1721830597663.00, -115520, -531877, -813 
1721830597684.00, -114708, -534403, -829 
1721830597707.00, -115127, -536902, -846 
1721830597733.00, -116130, -539405, -827 
1721830597750.00, -115854, -541943, -804 
1721830597772.00, -114530, -544460, -820 
1721830597793.00, -114586, -546935, -828 
1721830597815.00, -115059, -549449, -805 
1721830597839.00, -114024, -551940, -792 
1721830597858.00, -112688, -554413, -825 
1721830597880.00, -113633, -556867, -825 
1721830597902.00, -114104, -559345, -784 
1721830597924.00, -112323, -561823, -769 
1721830597946.00, -110176, -564250, -813 
1721830597967.00, -111422, -566660, -804 
1721830597989.00, -111776, -569097, -773 
1721830598011.00, -110270, -571499, -780 
1721830598033.00, -109526, -573909, -822 
1721830598054.00, -111715, -576294, -774 
1721830598076.00, -110193, -578720, -724 
1721830598098.00, -106164, -581107, -736 
1721830598119.00, -104483, -583421, -707 
1721830598140.00, -101711, -585685, -621 
1721830598163.00, -94885, -587881, -565 
1721830598184.00, -87398, -589933, -513 
1721830598206.00, -79715, -591820, -424 
1721830598227.00, -70000, -593537, -358 
1721830598249.00, -38717, -595045, -320 
1721830598271.00, -19731, -595898, -277 
1721830598292.00, -8990, -596341, -243 
1721830598313.00, -2448, -596539, -201 
1721830598335.00, 587, -596595, -148 
1721830598357.00, 2882, -596586, -100 
1721830598379.00, 4426, -596525, -11 
1721830598399.00, 5460, -596419, 116 
1721830598422.00, 12482, -596287, 312 
1721830598443.00, 28725, -596017, 387 
1721830598464.00, 42694, -595408, 609 
1721830598487.00, 64295, -594487, 663 
1721830598508.00, 80308, -593098, 707 
1721830598529.00, 92394, -591347, 789 
1721830598552.00, 104506, -589338, 869 
1721830598573.00, 115233, -587062, 826 
1721830598595.00, 119669, -584545, 823 
1721830598617.00, 119561, -581944, 853 
1721830598638.00, 119290, -579343, 858 
1721830598660.00, 119591, -576729, 830 
1721830598681.00, 119371, -574135, 847 
1721830598704.00, 119337, -571551, 861 
1721830598726.00, 119467, -568951, 864 
1721830598747.00, 119193, -566349, 860 
1721830598768.00, 119554, -563749, 845 
1721830598790.00, 119389, -561148, 857 
1721830598812.00, 119286, -558556, 875 
1721830598834.00, 119382, -555962, 886 
1721830598856.00, 119345, -553368, 877 
1721830598877.00, 119483, -550762, 888 
1721830598899.00, 119323, -548164, 888 
1721830598921.00, 119200, -545583, 896 
1721830598942.00, 119283, -542988, 898 
1721830598964.00, 119321, -540378, 881 
1721830598986.00, 119493, -537788, 885 
1721830599008.00, 119449, -535192, 887 
1721830599030.00, 119375, -532603, 887 
1721830599051.00, 119339, -530007, 889 
1721830599073.00, 119351, -527394, 896 
1721830599095.00, 119368, -524797, 916 
1721830599117.00, 119577, -522208, 937 
1721830599138.00, 119277, -519611, 963 
1721830599161.00, 119182, -517010, 963 
1721830599182.00, 119481, -514412, 949 
1721830599203.00, 119339, -511819, 968 
1721830599225.00, 119576, -509215, 955 
1721830599247.00, 119238, -506630, 973 
1721830599269.00, 119281, -504032, 965 
1721830599290.00, 119442, -501428, 954 
1721830599311.00, 119393, -498831, 950 
1721830599334.00, 119555, -496234, 974 
1721830599355.00, 119227, -493643, 955 
1721830599378.00, 119263, -491039, 936 
1721830599399.00, 119390, -488439, 923 
1721830599420.00, 119179, -485844, 912 
1721830599442.00, 119466, -483246, 893 
1721830599464.00, 119351, -480666, 875 
1721830599487.00, 119453, -478056, 860 
1721830599508.00, 119498, -475458, 848 
1721830599529.00, 119104, -472860, 863 
1721830599551.00, 119353, -470265, 886 
1721830599573.00, 119430, -467673, 893 
1721830599594.00, 119410, -465075, 896 
1721830599615.00, 119547, -462467, 906 
1721830599638.00, 119276, -459872, 925 
1721830599659.00, 119312, -457282, 923 
1721830599681.00, 119307, -454692, 906 
1721830599706.00, 119366, -452083, 874 
1721830599725.00, 119420, -449487, 855 
1721830599746.00, 119433, -446894, 840 
1721830599768.00, 118600, -444305, 832 
1721830599789.00, 117596, -441726, 809 
1721830599812.00, 115510, -439166, 767 
1721830599833.00, 111707, -436657, 700 
1721830599855.00, 105372, -434231, 596 
1721830599877.00, 95304, -431964, 449 
1721830599898.00, 52877, -429921, 231 
1721830599924.00, 27713, -428795, 28 
1721830599942.00, 13131, -428193, -230 
1721830599963.00, -8576, -427915, -483 
1721830599985.00, -36841, -428092, -777 
1721830600007.00, -71773, -428861, -780 
1721830600032.00, -92481, -430392, -847 
1721830600049.00, -108685, -432407, -948 
1721830600071.00, -118406, -434799, -986 
1721830600093.00, -119681, -437379, -979 
1721830600113.00, -119620, -439971, -1009 
1721830600140.00, -119310, -442589, -998 
1721830600158.00, -119415, -445191, -982 
1721830600179.00, -119313, -447779, -1007 
1721830600202.00, -119388, -450388, -992 
1721830600223.00, -119526, -452988, -1010 
1721830600248.00, -119296, -455597, -1016 
1721830600266.00, -119191, -458205, -1002 
1721830600288.00, -119180, -460817, -1006 
1721830600311.00, -119289, -463409, -994 
1721830600332.00, -119243, -465996, -1006 
1721830600356.00, -119442, -468617, -970 
1721830600376.00, -119187, -471217, -952 
1721830600398.00, -119229, -473807, -959 
1721830600420.00, -119380, -476401, -975 
1721830600442.00, -119312, -478998, -965 
1721830600469.00, -119506, -481585, -942 
1721830600485.00, -119114, -484197, -938 
1721830600506.00, -119158, -486795, -902 
1721830600529.00, -119312, -489375, -905 
1721830600550.00, -119263, -491984, -897 
1721830600571.00, -119452, -494570, -863 
1721830600593.00, -119069, -497168, -853 
1721830600616.00, -119217, -499763, -837 
1721830600637.00, -118310, -502363, -821 
1721830600659.00, -116763, -504931, -820 
1721830600680.00, -115842, -507471, -810 
1721830600702.00, -114745, -510004, -797 
1721830600724.00, -113296, -512484, -793 
1721830600746.00, -112140, -514940, -781 
1721830600767.00, -110688, -517392, -769 
1721830600788.00, -109107, -519808, -732 
1721830600811.00, -106198, -522166, -716 
1721830600832.00, -103377, -524482, -748 
1721830600854.00, -103289, -526724, -697 
1721830600876.00, -100645, -528971, -662 
1721830600899.00, -96958, -531146, -728 
1721830600919.00, -98276, -533269, -700 
1721830600941.00, -97788, -535398, -650 
1721830600963.00, -94442, -537508, -704 
1721830600984.00, -95628, -539557, -685 
1721830601005.00, -95272, -541632, -645 
1721830601028.00, -92775, -543702, -684 
1721830601049.00, -93532, -545709, -688 
1721830601071.00, -94319, -547726, -676 
1721830601092.00, -93999, -549782, -706 
1721830601114.00, -95712, -551819, -727 
1721830601135.00, -97977, -553882, -748 
1721830601157.00, -100464, -556016, -701 
1721830601178.00, -99385, -558202, -707 
1721830601201.00, -98776, -560345, -732 
1721830601222.00, -100095, -562492, -674 
1721830601244.00, -97403, -564659, -680 
1721830601266.00, -96162, -566772, -697 
1721830601287.00, -96204, -568866, -681 
1721830601309.00, -95549, -570937, -663 
1721830601330.00, -93907, -573009, -686 
1721830601356.00, -94554, -575053, -675 
1721830601373.00, -94251, -577099, -713 
1721830601395.00, -96439, -579142, -727 
1721830601417.00, -98430, -581228, -741 
1721830601438.00, -100551, -583369, -753 
1721830601467.00, -102407, -585560, -713 
1721830601482.00, -101241, -587768, -602 
1721830601504.00, -93771, -589961, -554 
1721830601526.00, -86519, -591985, -475 
1721830601547.00, -77314, -593844, -403 
1721830601569.00, -43017, -595507, -344 
1721830601591.00, -22688, -596445, -304 
1721830601612.00, -10670, -596958, -264 
1721830601633.00, -3760, -597199, -218 
1721830601654.00, 68, -597287, -208 
1721830601677.00, 2106, -597292, -199 
1721830601698.00, 3620, -597250, -111 
1721830601720.00, 4531, -597165, -18 
1721830601741.00, 4983, -597055, 101 
1721830601763.00, 11763, -596919, 293 
1721830601785.00, 26762, -596663, 543 
1721830601806.00, 50656, -596092, 734 
1721830601828.00, 76302, -595016, 809 
1721830601850.00, 96226, -593348, 762 
1721830601871.00, 105076, -591262, 837 
1721830601893.00, 114729, -588979, 875 
1721830601914.00, 119692, -586465, 865 
1721830601936.00, 119373, -583858, 875 
1721830601958.00, 119464, -581259, 882 
1721830601980.00, 119406, -578665, 885 
1721830602001.00, 119429, -576061, 871 
1721830602023.00, 119284, -573461, 839 
1721830602045.00, 119377, -570872, 829 
1721830602066.00, 119469, -568274, 817 
1721830602088.00, 119331, -565681, 773 
1721830602110.00, 118856, -563090, 741 
1721830602132.00, 116492, -560501, 712 
1721830602153.00, 113297, -557966, 723 
1721830602175.00, 111879, -555514, 741 
1721830602197.00, 112098, -553080, 752 
1721830602230.00, 112865, -550636, 754 
1721830602241.00, 113245, -548178, 780 
1721830602262.00, 114873, -545716, 806 
1721830602284.00, 117362, -543219, 799 
1721830602306.00, 118305, -540655, 784 
1721830602329.00, 117823, -538079, 804 
1721830602350.00, 118940, -535509, 814 
1721830602371.00, 119309, -532931, 821 
1721830602393.00, 119314, -530327, 825 
1721830602414.00, 119458, -527721, 826 
1721830602437.00, 119369, -525129, 851 
1721830602458.00, 119498, -522537, 880 
1721830602479.00, 119469, -519940, 887 
1721830602502.00, 119434, -517330, 910 
1721830602523.00, 119318, -514728, 936 
1721830602545.00, 119365, -512126, 935 
1721830602566.00, 119295, -509535, 946 
1721830602588.00, 119298, -506946, 956 
1721830602610.00, 119266, -504338, 941 
1721830602632.00, 119374, -501742, 922 
1721830602653.00, 119517, -499139, 912 
1721830602675.00, 119278, -496553, 908 
1721830602696.00, 119360, -493961, 886 
1721830602718.00, 119413, -491347, 873 
1721830602740.00, 119488, -488757, 873 
1721830602762.00, 119441, -486166, 875 
1721830602784.00, 119414, -483564, 887 
1721830602805.00, 119249, -480965, 897 
1721830602827.00, 119325, -478360, 889 
1721830602848.00, 119597, -475756, 890 
1721830602876.00, 119423, -473170, 909 
1721830602892.00, 119348, -470575, 919 
1721830602914.00, 119167, -467980, 911 
1721830602936.00, 119385, -465378, 909 
1721830602958.00, 119530, -462773, 918 
1721830602980.00, 119378, -460177, 920 
1721830603000.00, 119397, -457588, 917 
1721830603023.00, 119360, -454986, 909 
1721830603045.00, 119354, -452380, 910 
1721830603066.00, 119384, -449785, 916 
1721830603088.00, 119477, -447196, 915 
1721830603109.00, 119314, -444601, 904 
1721830603131.00, 119213, -441999, 885 
1721830603153.00, 119303, -439402, 860 
1721830603174.00, 119268, -436801, 816 
1721830603196.00, 119192, -434209, 744 
1721830603218.00, 115352, -431632, 613 
1721830603240.00, 67694, -429145, 463 
1721830603261.00, 39326, -427683, 380 
1721830603282.00, 22480, -426836, 116 
1721830603305.00, 12638, -426346, -73 
1721830603326.00, 2334, -426073, -248 
1721830603348.00, -13331, -426024, -447 
1721830603370.00, -35170, -426306, -637 
1721830603391.00, -59535, -427044, -727 
1721830603412.00, -79329, -428331, -761 
1721830603435.00, -93137, -430047, -861 
1721830603457.00, -106793, -432080, -871 
1721830603478.00, -114913, -434417, -888 
1721830603499.00, -119644, -436916, -909 
1721830603521.00, -119459, -439520, -921 
1721830603543.00, -119135, -442122, -943 
1721830603565.00, -119349, -444731, -972 
1721830603587.00, -119618, -447325, -983 
1721830603607.00, -119636, -449916, -1008 
1721830603629.00, -119498, -452539, -1035 
1721830603651.00, -118932, -455140, -1048 
1721830603673.00, -119308, -457754, -1044 
1721830603695.00, -119541, -460363, -1044 
1721830603716.00, -119544, -462969, -1063 
1721830603738.00, -119316, -465561, -1052 
1721830603760.00, -119354, -468190, -1030 
1721830603781.00, -119314, -470806, -1012 
1721830603805.00, -119397, -473388, -988 
1721830603827.00, -119316, -475995, -995 
1721830603848.00, -119398, -478588, -962 
1721830603869.00, -119520, -481183, -946 
1721830603891.00, -119498, -483790, -921 
1721830603913.00, -119418, -486377, -917 
1721830603935.00, -119429, -488974, -941 
1721830603957.00, -119332, -491572, -933 
1721830603979.00, -119560, -494179, -910 
1721830604000.00, -119400, -496771, -914 
1721830604022.00, -119307, -499363, -905 
1721830604043.00, -119335, -501960, -878 
1721830604065.00, -119290, -504562, -818 
1721830604087.00, -119440, -507159, -806 
1721830604109.00, -119198, -509759, -785 
1721830604130.00, -117782, -512345, -755 
1721830604152.00, -115113, -514893, -744 
1721830604174.00, -112708, -517408, -766 
1721830604196.00, -112566, -519870, -758 
1721830604217.00, -112084, -522299, -751 
1721830604239.00, -111147, -524738, -778 
1721830604261.00, -112051, -527171, -774 
1721830604282.00, -112363, -529603, -758 
1721830604304.00, -111790, -532045, -757 
1721830604326.00, -111079, -534480, -763 
1721830604348.00, -111054, -536905, -740 
1721830604370.00, -109644, -539310, -712 
1721830604391.00, -107173, -541697, -705 
1721830604412.00, -105057, -544022, -728 
1721830604435.00, -105119, -546312, -737 
1721830604457.00, -105844, -548598, -742 
1721830604478.00, -106456, -550902, -770 
1721830604500.00, -108405, -553224, -790 
1721830604522.00, -110591, -555579, -791 
1721830604543.00, -112295, -557991, -803 
1721830604565.00, -113792, -560432, -825 
1721830604586.00, -115845, -562915, -842 
1721830604609.00, -118340, -565431, -800 
1721830604630.00, -117208, -568003, -743 
1721830604652.00, -112994, -570537, -734 
1721830604673.00, -109771, -572994, -721 
1721830604695.00, -107153, -575390, -664 
1721830604717.00, -102147, -577711, -697 
1721830604739.00, -101301, -579926, -808 
1721830604760.00, -107152, -582152, -849 
1721830604782.00, -113350, -584475, -798 
1721830604804.00, -114035, -586940, -807 
1721830604825.00, -114719, -589418, -888 
1721830604847.00, -117631, -591918, -829 
1721830604869.00, -117863, -594466, -645 
1721830604891.00, -67403, -596998, -522 
1721830604912.00, -37542, -598475, -481 
1721830604934.00, -19871, -599290, -359 
1721830604955.00, -9582, -599733, -218 
1721830604977.00, -3673, -599951, -162 
1721830604998.00, -167, -600031, -75 
1721830605020.00, 1487, -600027, 94 
1721830605041.00, 8200, -599990, 308 
1721830605062.00, 24688, -599812, 411 
1721830605085.00, 41105, -599285, 607 
1721830605106.00, 62699, -598415, 679 
1721830605128.00, 79600, -597054, 751 
1721830605149.00, 94168, -595330, 841 
1721830605171.00, 107972, -593277, 825 
1721830605193.00, 114988, -590926, 822 
1721830605214.00, 118843, -588435, 855 
1721830605237.00, 119322, -585837, 856 
1721830605258.00, 119498, -583234, 823 
1721830605281.00, 119362, -580640, 824 
1721830605301.00, 119275, -578042, 810 
1721830605324.00, 119356, -575455, 777 
1721830605345.00, 118254, -572861, 755 
1721830605366.00, 116329, -570281, 753 
1721830605389.00, 114977, -567754, 744 
1721830605410.00, 113587, -565258, 780 
1721830605432.00, 114873, -562787, 802 
1721830605454.00, 116887, -560278, 807 
1721830605476.00, 118147, -557730, 824 
1721830605501.00, 119307, -555173, 842 
1721830605519.00, 119477, -552568, 867 
1721830605541.00, 119514, -549961, 895 
1721830605562.00, 119485, -547362, 908 
1721830605583.00, 119369, -544763, 914 
1721830605606.00, 119352, -542168, 937 
1721830605628.00, 119480, -539583, 972 
1721830605649.00, 119470, -536979, 955 
1721830605671.00, 119424, -534378, 965 
1721830605693.00, 119372, -531774, 975 
1721830605720.00, 119222, -529178, 978 
1721830605736.00, 119458, -526597, 960 
1721830605758.00, 119439, -523990, 937 
1721830605779.00, 119341, -521387, 925 
1721830605802.00, 119408, -518790, 918 
1721830605825.00, 119355, -516198, 921 
1721830605845.00, 119436, -513602, 918 
1721830605867.00, 119476, -510994, 907 
1721830605888.00, 119310, -508393, 923 
1721830605909.00, 119541, -505798, 936 
1721830605931.00, 119326, -503205, 950 
1721830605954.00, 119394, -500604, 944 
1721830605975.00, 119467, -498006, 953 
1721830605997.00, 119515, -495401, 946 
1721830606019.00, 119449, -492807, 940 
1721830606040.00, 119393, -490213, 952 
1721830606062.00, 119289, -487618, 928 
1721830606083.00, 119401, -485013, 888 
1721830606105.00, 119358, -482416, 893 
1721830606127.00, 119445, -479817, 909 
1721830606149.00, 119400, -477228, 908 
1721830606171.00, 119405, -474624, 911 
1721830606193.00, 119356, -472020, 910 
1721830606214.00, 119340, -469427, 919 
1721830606236.00, 119391, -466830, 917 
1721830606258.00, 119337, -464235, 918 
1721830606279.00, 119329, -461630, 904 
1721830606301.00, 119263, -459024, 886 
1721830606323.00, 119395, -456435, 891 
1721830606344.00, 119370, -453844, 897 
1721830606366.00, 119338, -451243, 880 
1721830606387.00, 119285, -448651, 847 
1721830606409.00, 118895, -446047, 811 
1721830606431.00, 116531, -443458, 781 
1721830606453.00, 113352, -440945, 756 
1721830606475.00, 109889, -438478, 710 
1721830606496.00, 105033, -436090, 651 
1721830606517.00, 98691, -433808, 581 
1721830606540.00, 90356, -431695, 479 
1721830606562.00, 49975, -429757, 286 
1721830606583.00, 26374, -428685, 127 
1721830606604.00, 12985, -428117, -138 
1721830606626.00, -3237, -427849, -291 
1721830606648.00, -22396, -427922, -667 
1721830606670.00, -56362, -428391, -785 
1721830606691.00, -83664, -429577, -778 
1721830606713.00, -99302, -431403, -899 
1721830606735.00, -112826, -433561, -968 
1721830606757.00, -119835, -436033, -973 
1721830606778.00, -119469, -438644, -974 
1721830606800.00, -119446, -441244, -999 
1721830606821.00, -119382, -443838, -1001 
1721830606844.00, -119545, -446441, -986 
1721830606864.00, -119332, -449035, -1014 
1721830606885.00, -119495, -451666, -1018 
1721830606907.00, -119381, -454270, -1046 
1721830606929.00, -119409, -456860, -1053 
1721830606951.00, -119472, -459485, -1071 
1721830606973.00, -119479, -462090, -1087 
1721830606995.00, -119259, -464703, -1080 
1721830607016.00, -119350, -467311, -1088 
1721830607038.00, -119373, -469913, -1081 
1721830607060.00, -119389, -472518, -1094 
1721830607082.00, -119409, -475129, -1089 
1721830607104.00, -119066, -477743, -1064 
1721830607125.00, -119183, -480352, -1068 
1721830607147.00, -119325, -482948, -1084 
1721830607169.00, -119316, -485551, -1078 
1721830607191.00, -119237, -488157, -1055 
1721830607212.00, -119183, -490769, -1035 
1721830607236.00, -119260, -493376, -995 
1721830607258.00, -119487, -495955, -969 
1721830607280.00, -119389, -498548, -969 
1721830607301.00, -119246, -501152, -931 
1721830607322.00, -119212, -503759, -897 
1721830607344.00, -119256, -506340, -887 
1721830607366.00, -119369, -508935, -891 
1721830607388.00, -119362, -511534, -867 
1721830607409.00, -119341, -514117, -835 
1721830607431.00, -118253, -516734, -798 
1721830607452.00, -115427, -519307, -797 
1721830607474.00, -113600, -521798, -801 
1721830607496.00, -112739, -524271, -778 
1721830607518.00, -111041, -526732, -758 
1721830607540.00, -108674, -529140, -765 
1721830607561.00, -107787, -531498, -751 
1721830607583.00, -106355, -533850, -737 
1721830607605.00, -104663, -536172, -745 
1721830607627.00, -104176, -538435, -740 
1721830607649.00, -103509, -540706, -733 
1721830607671.00, -102762, -542962, -696 
1721830607692.00, -100194, -545193, -710 
1721830607713.00, -99372, -547361, -735 
1721830607735.00, -100453, -549535, -700 
1721830607757.00, -99172, -551708, -712 
1721830607779.00, -99012, -553862, -758 
1721830607800.00, -101609, -556011, -751 
1721830607822.00, -102906, -558217, -751 
1721830607844.00, -103689, -560457, -770 
1721830607865.00, -105284, -562715, -753 
1721830607887.00, -105169, -565001, -777 
1721830607909.00, -106463, -567292, -796 
1721830607931.00, -108373, -569614, -783 
1721830607952.00, -108421, -571965, -745 
1721830607974.00, -106553, -574331, -711 
1721830607995.00, -103448, -576644, -688 
1721830608018.00, -100138, -578885, -653 
1721830608039.00, -96181, -581064, -655 
1721830608061.00, -93835, -583147, -748 
1721830608082.00, -97965, -585192, -739 
1721830608105.00, -100073, -587302, -703 
1721830608126.00, -99003, -589475, -636 
1721830608148.00, -94082, -591617, -525 
1721830608169.00, -84698, -593641, -416 
1721830608191.00, -47134, -595463, -329 
1721830608212.00, -24750, -596490, -282 
1721830608236.00, -11841, -597052, -227 
1721830608256.00, -4308, -597318, -180 
1721830608277.00, 60, -597412, -108 
1721830608299.00, 2491, -597414, 8 
1721830608321.00, 4060, -597345, 195 
1721830608341.00, 16788, -597250, 372 
1721830608363.00, 35044, -596885, 610 
1721830608385.00, 60011, -596153, 673 
1721830608406.00, 78335, -594871, 718 
1721830608428.00, 91872, -593151, 799 
1721830608454.00, 104875, -591154, 825 
1721830608471.00, 114061, -588881, 828 
1721830608494.00, 119333, -586385, 841 
1721830608515.00, 119359, -583783, 840 
1721830608536.00, 119529, -581186, 835 
1721830608558.00, 119258, -578591, 829 
1721830608580.00, 119552, -576000, 801 
1721830608602.00, 119323, -573390, 780 
1721830608624.00, 119152, -570801, 792 
1721830608645.00, 119460, -568204, 784 
1721830608670.00, 119398, -565606, 770 
1721830608689.00, 118591, -563013, 760 
1721830608711.00, 117098, -560428, 768 
1721830608732.00, 116577, -557884, 772 
1721830608754.00, 116682, -555355, 770 
1721830608777.00, 116360, -552818, 787 
1721830608798.00, 117061, -550278, 791 
1721830608819.00, 117804, -547727, 795 
1721830608841.00, 118334, -545165, 807 
1721830608863.00, 119267, -542599, 813 
1721830608885.00, 119352, -540000, 803 
1721830608906.00, 119393, -537399, 810 
1721830608928.00, 119399, -534801, 805 
1721830608949.00, 119461, -532201, 811 
1721830608972.00, 119332, -529610, 826 
1721830608999.00, 119392, -527006, 833 
1721830609015.00, 119357, -524404, 830 
1721830609037.00, 119448, -521808, 851 
1721830609058.00, 119496, -519211, 839 
1721830609080.00, 119310, -516618, 837 
1721830609102.00, 119337, -514022, 798 
1721830609124.00, 118555, -511417, 774 
1721830609145.00, 116915, -508833, 747 
1721830609167.00, 114256, -506309, 740 
1721830609189.00, 112165, -503829, 744 
1721830609210.00, 110805, -501380, 740 
1721830609232.00, 110014, -498965, 745 
1721830609254.00, 109734, -496580, 789 
1721830609275.00, 112101, -494195, 798 
1721830609297.00, 114068, -491734, 794 
1721830609319.00, 114913, -489263, 801 
1721830609340.00, 115807, -486767, 814 
1721830609362.00, 116945, -484242, 809 
1721830609384.00, 117380, -481686, 811 
1721830609406.00, 117698, -479132, 823 
1721830609428.00, 118663, -476567, 833 
1721830609450.00, 119421, -473998, 845 
1721830609471.00, 119399, -471397, 853 
1721830609493.00, 119433, -468788, 880 
1721830609514.00, 119491, -466195, 875 
1721830609536.00, 119430, -463595, 885 
1721830609558.00, 119470, -461007, 878 
1721830609579.00, 119202, -458394, 859 
1721830609602.00, 119310, -455801, 857 
1721830609623.00, 119503, -453202, 856 
1721830609645.00, 119393, -450607, 826 
1721830609667.00, 119307, -448021, 799 
1721830609688.00, 117662, -445415, 761 
1721830609710.00, 114616, -442854, 726 
1721830609732.00, 110470, -440374, 679 
1721830609753.00, 105190, -437978, 654 
1721830609775.00, 100425, -435691, 596 
1721830609797.00, 94146, -433507, 532 
1721830609819.00, 86317, -431490, 452 
1721830609840.00, 49512, -429623, 301 
1721830609862.00, 27356, -428567, 190 
1721830609883.00, 14254, -427970, -25 
1721830609905.00, 5420, -427649, -193 
1721830609927.00, -9409, -427532, -260 
1721830609948.00, -22298, -427735, -520 
1721830609970.00, -45978, -428220, -678 
1721830609992.00, -69493, -429186, -699 
1721830610013.00, -84744, -430691, -764 
1721830610035.00, -97481, -432527, -869 
1721830610056.00, -110354, -434667, -879 
1721830610078.00, -117938, -437066, -876 
1721830610100.00, -119489, -439631, -882 
1721830610121.00, -119187, -442242, -876 
1721830610143.00, -119370, -444843, -862 
1721830610165.00, -119402, -447430, -846 
1721830610186.00, -119433, -450020, -858 
1721830610208.00, -119379, -452625, -856 
1721830610230.00, -119360, -455229, -858 
1721830610252.00, -119384, -457824, -855 
1721830610273.00, -119469, -460419, -867 
1721830610295.00, -119425, -463005, -877 
1721830610317.00, -119387, -465601, -895 
1721830610338.00, -119505, -468213, -891 
1721830610361.00, -119378, -470819, -899 
1721830610382.00, -119541, -473395, -882 
1721830610404.00, -119388, -475999, -910 
1721830610426.00, -119314, -478601, -877 
1721830610448.00, -119449, -481186, -869 
1721830610469.00, -119350, -483795, -826 
1721830610491.00, -117844, -486385, -818 
1721830610512.00, -116503, -488936, -821 
1721830610534.00, -115771, -491477, -805 
1721830610556.00, -114216, -493999, -786 
1721830610578.00, -112250, -496481, -803 
1721830610602.00, -112162, -498916, -806 
1721830610621.00, -112216, -501361, -771 
1721830610643.00, -109949, -503813, -755 
1721830610665.00, -108071, -506196, -785 
1721830610687.00, -108599, -508547, -771 
1721830610708.00, -108041, -510910, -717 
1721830610730.00, -104480, -513258, -708 
1721830610752.00, -101831, -515526, -691 
1721830610773.00, -99282, -517743, -680 
1721830610795.00, -97024, -519901, -639 
1721830610816.00, -93261, -521985, -651 
1721830610838.00, -91860, -524007, -651 
1721830610860.00, -91072, -526004, -616 
1721830610882.00, -88478, -527962, -645 
1721830610902.00, -88502, -529885, -649 
1721830610924.00, -88938, -531793, -611 
1721830610946.00, -86889, -533728, -635 
1721830610969.00, -87073, -535620, -625 
1721830610989.00, -86600, -537498, -663 
1721830611011.00, -88682, -539382, -631 
1721830611033.00, -88211, -541301, -668 
1721830611054.00, -89866, -543219, -706 
1721830611076.00, -93267, -545157, -652 
1721830611098.00, -91930, -547174, -686 
1721830611119.00, -93373, -549181, -673 
1721830611141.00, -93343, -551194, -665 
1721830611162.00, -92724, -553221, -669 
1721830611185.00, -92784, -555224, -648 
1721830611206.00, -91585, -557237, -680 
1721830611228.00, -92637, -559230, -656 
1721830611249.00, -92105, -561227, -666 
1721830611271.00, -92235, -563219, -725 
1721830611294.00, -95870, -565224, -704 
1721830611314.00, -96950, -567302, -732 
1721830611335.00, -98911, -569414, -756 
1721830611357.00, -101792, -571542, -726 
1721830611379.00, -101658, -573766, -731 
1721830611403.00, -101853, -575983, -700 
1721830611422.00, -100120, -578188, -714 
1721830611444.00, -99879, -580356, -688 
1721830611465.00, -98201, -582531, -649 
1721830611488.00, -94846, -584655, -631 
1721830611509.00, -91685, -586700, -602 
1721830611530.00, -88243, -588683, -530 
1721830611552.00, -81714, -590582, -476 
1721830611574.00, -74436, -592347, -417 
1721830611596.00, -66636, -593953, -342 
1721830611617.00, -36966, -595388, -285 
1721830611639.00, -19235, -596197, -245 
1721830611661.00, -8729, -596628, -180 
1721830611682.00, -2620, -596823, -121 
1721830611703.00, 201, -596881, -66 
1721830611725.00, 2359, -596876, 10 
1721830611746.00, 81, -596812, 148 
1721830611768.00, 11309, -596793, 333 
1721830611789.00, 28836, -596549, 458 
1721830611811.00, 46976, -595935, 640 
1721830611832.00, 68735, -594935, 687 
1721830611854.00, 84199, -593435, 730 
1721830611876.00, 96076, -591610, 787 
1721830611898.00, 106454, -589515, 864 
1721830611919.00, 116403, -587192, 868 
1721830611941.00, 119646, -584653, 872 
1721830611962.00, 119480, -582045, 899 
1721830611985.00, 119548, -579452, 905 
1721830612006.00, 119426, -576837, 897 
1721830612028.00, 119311, -574246, 916 
1721830612049.00, 119287, -571659, 938 
1721830612072.00, 119386, -569060, 957 
1721830612093.00, 119455, -566458, 933 
1721830612115.00, 119390, -563861, 926 
1721830612137.00, 119350, -561270, 923 
1721830612158.00, 119210, -558674, 931 
1721830612180.00, 119231, -556087, 924 
1721830612202.00, 119215, -553486, 913 
1721830612223.00, 119172, -550879, 905 
1721830612244.00, 119221, -548289, 912 
1721830612267.00, 119196, -545708, 895 
1721830612290.00, 119186, -543112, 901 
1721830612310.00, 119236, -540509, 894 
1721830612332.00, 119201, -537913, 895 
1721830612354.00, 119199, -535324, 885 
1721830612375.00, 119136, -532730, 901 
1721830612397.00, 119184, -530140, 880 
1721830612419.00, 119210, -527535, 860 
1721830612440.00, 119311, -524938, 859 
1721830612462.00, 119292, -522355, 856 
1721830612484.00, 119220, -519758, 856 
1721830612506.00, 119369, -517162, 851 
1721830612528.00, 119193, -514551, 857 
1721830612549.00, 119368, -511958, 871 
1721830612571.00, 119357, -509365, 881 
1721830612592.00, 119223, -506775, 885 
1721830612614.00, 119275, -504169, 866 
1721830612636.00, 119178, -501569, 849 
1721830612658.00, 119183, -498967, 833 
1721830612680.00, 118079, -496383, 836 
1721830612701.00, 117506, -493821, 840 
1721830612723.00, 117611, -491251, 836 
1721830612745.00, 117496, -488695, 867 
1721830612767.00, 118471, -486140, 889 
1721830612788.00, 118899, -483571, 899 
1721830612811.00, 119058, -480981, 906 
1721830612832.00, 119255, -478383, 914 
1721830612854.00, 119359, -475774, 928 
1721830612875.00, 119501, -473193, 916 
1721830612897.00, 119345, -470591, 914 
1721830612919.00, 119239, -467998, 899 
1721830612942.00, 119201, -465398, 868 
1721830612962.00, 119471, -462799, 845 
1721830612984.00, 119077, -460201, 848 
1721830613006.00, 118874, -457631, 830 
1721830613027.00, 117597, -455034, 808 
1721830613049.00, 115616, -452466, 806 
1721830613071.00, 114375, -449949, 818 
1721830613094.00, 114236, -447469, 819 
1721830613114.00, 114286, -444980, 793 
1721830613136.00, 112574, -442495, 755 
1721830613157.00, 109611, -440049, 698 
1721830613180.00, 104257, -437685, 608 
1721830613200.00, 95440, -435436, 471 
1721830613222.00, 81898, -433379, 292 
1721830613245.00, 63013, -431635, 111 
1721830613266.00, 34081, -430281, -84 
1721830613288.00, 12023, -429531, -227 
1721830613309.00, -8975, -429272, -434 
1721830613331.00, -34517, -429461, -694 
1721830613353.00, -65033, -430167, -711 
1721830613374.00, -84161, -431576, -758 
1721830613396.00, -98267, -433406, -870 
1721830613418.00, -112129, -435553, -884 
1721830613439.00, -119870, -438013, -872 
1721830613461.00, -119504, -440606, -885 
1721830613484.00, -119584, -443209, -909 
1721830613505.00, -119450, -445814, -923 
1721830613526.00, -119484, -448404, -905 
1721830613548.00, -119348, -451016, -947 
1721830613570.00, -119534, -453612, -951 
1721830613592.00, -119473, -456198, -963 
1721830613613.00, -119451, -458805, -971 
1721830613635.00, -119432, -461412, -982 
1721830613656.00, -119331, -464002, -991 
1721830613678.00, -119588, -466594, -991 
1721830613702.00, -119288, -469189, -981 
1721830613721.00, -119299, -471792, -968 
1721830613744.00, -119383, -474397, -970 
1721830613765.00, -119323, -476994, -984 
1721830613787.00, -119579, -479583, -976 
1721830613809.00, -119456, -482179, -977 
1721830613830.00, -119215, -484785, -985 
1721830613852.00, -119346, -487393, -960 
1721830613874.00, -119374, -489974, -919 
1721830613896.00, -119541, -492582, -915 
1721830613917.00, -119333, -495172, -901 
1721830613939.00, -119218, -497764, -845 
1721830613961.00, -119299, -500373, -819 
1721830613983.00, -119368, -502968, -807 
1721830614004.00, -119421, -505551, -811 
1721830614034.00, -119385, -508160, -792 
1721830614048.00, -119329, -510763, -798 
1721830614069.00, -119252, -513359, -773 
1721830614091.00, -118952, -515947, -751 
1721830614112.00, -117503, -518531, -738 
1721830614136.00, -115661, -521093, -755 
1721830614156.00, -115551, -523609, -735 
1721830614178.00, -114144, -526132, -702 
1721830614200.00, -111489, -528601, -715 
1721830614221.00, -110208, -531012, -744 
1721830614244.00, -110997, -533431, -720 
1721830614265.00, -110408, -535850, -698 
1721830614286.00, -108540, -538235, -724 
1721830614308.00, -108645, -540599, -730 
1721830614330.00, -109052, -542974, -694 
1721830614356.00, -107169, -545337, -691 
1721830614374.00, -105771, -547653, -718 
1721830614396.00, -106430, -549971, -716 
1721830614417.00, -106662, -552294, -695 
1721830614439.00, -105641, -554601, -675 
1721830614461.00, -103823, -556897, -663 
1721830614482.00, -101393, -559155, -692 
1721830614504.00, -102060, -561359, -716 
1721830614526.00, -103633, -563564, -722 
1721830614548.00, -105036, -565839, -689 
1721830614569.00, -103829, -568119, -721 
1721830614590.00, -104870, -570372, -728 
1721830614613.00, -105875, -572654, -682 
1721830614634.00, -103635, -574965, -700 
1721830614655.00, -103441, -577211, -713 
1721830614679.00, -103953, -579452, -668 
1721830614699.00, -101243, -581718, -656 
1721830614720.00, -98962, -583919, -650 
1721830614743.00, -97493, -586066, -601 
1721830614765.00, -93374, -588164, -562 
1721830614785.00, -88640, -590181, -511 
1721830614807.00, -82725, -592095, -412 
1721830614829.00, -73135, -593870, -305 
1721830614851.00, -42468, -595444, -263 
1721830614872.00, -23949, -596367, -206 
1721830614894.00, -13158, -596903, -119 
1721830614915.00, -7000, -597191, -29 
1721830614937.00, -3248, -597327, 73 
1721830614958.00, 2770, -597389, 186 
1721830614980.00, 13562, -597336, 301 
1721830615002.00, 27369, -597048, 383 
1721830615023.00, 40084, -596460, 610 
1721830615044.00, 61464, -595612, 664 
1721830615066.00, 77438, -594286, 646 
1721830615088.00, 85714, -592608, 668 
1721830615110.00, 91678, -590745, 716 
1721830615131.00, 97936, -588767, 724 
1721830615153.00, 102230, -586633, 719 
1721830615175.00, 104326, -584408, 700 
1721830615197.00, 104412, -582139, 709 
1721830615218.00, 104770, -579868, 666 
1721830615240.00, 102398, -577583, 681 
1721830615261.00, 101873, -575360, 715 
1721830615283.00, 103338, -573143, 704 
1721830615305.00, 103758, -570888, 705 
1721830615327.00, 103988, -568637, 739 
1721830615349.00, 106100, -566367, 740 
1721830615371.00, 107292, -564055, 743 
1721830615392.00, 108241, -561722, 762 
1721830615414.00, 109837, -559378, 776 
1721830615435.00, 111310, -556982, 767 
1721830615457.00, 111804, -554550, 777 
1721830615479.00, 112572, -552121, 802 
1721830615500.00, 114505, -549666, 809 
1721830615523.00, 116010, -547175, 790 
1721830615544.00, 115875, -544645, 798 
1721830615567.00, 116088, -542133, 805 
1721830615588.00, 116648, -539610, 805 
1721830615610.00, 117175, -537065, 804 
1721830615631.00, 117096, -534517, 797 
1721830615652.00, 116611, -531966, 817 
1721830615675.00, 117583, -529435, 834 
1721830615696.00, 118988, -526882, 826 
1721830615717.00, 119278, -524280, 826 
1721830615740.00, 119376, -521681, 833 
1721830615761.00, 119345, -519083, 831 
1721830615786.00, 119503, -516497, 836 
1721830615805.00, 119272, -513890, 830 
1721830615827.00, 119314, -511289, 815 
1721830615848.00, 118749, -508691, 814 
1721830615870.00, 118280, -506121, 805 
1721830615891.00, 117415, -503555, 802 
1721830615913.00, 116514, -500984, 792 
1721830615935.00, 115499, -498447, 786 
1721830615957.00, 114509, -495931, 800 
1721830615979.00, 114770, -493458, 798 
1721830616001.00, 114713, -490951, 801 
1721830616022.00, 114808, -488455, 792 
1721830616044.00, 114317, -485955, 808 
1721830616065.00, 114942, -483472, 825 
1721830616087.00, 116373, -480972, 816 
1721830616109.00, 116609, -478428, 829 
1721830616131.00, 117380, -475887, 834 
1721830616153.00, 118297, -473343, 821 
1721830616174.00, 118003, -470774, 838 
1721830616196.00, 118866, -468200, 851 
1721830616219.00, 119516, -465611, 859 
1721830616242.00, 119410, -463006, 884 
1721830616261.00, 119447, -460415, 901 
1721830616283.00, 119412, -457822, 889 
1721830616305.00, 119321, -455212, 903 
1721830616326.00, 119360, -452614, 891 
1721830616348.00, 119479, -450013, 885 
1721830616369.00, 119448, -447425, 863 
1721830616392.00, 119406, -444835, 843 
1721830616413.00, 119258, -442224, 832 
1721830616435.00, 119067, -439637, 819 
1721830616456.00, 118269, -437040, 808 
1721830616478.00, 116997, -434472, 798 
1721830616499.00, 115366, -431934, 763 
1721830616521.00, 66126, -429433, 695 
1721830616544.00, 36441, -428009, 756 
1721830616565.00, 18912, -427203, 576 
1721830616587.00, 8851, -426777, 463 
1721830616608.00, 2906, -426590, 249 
1721830616629.00, -86, -426543, 45 
1721830616653.00, -1394, -426555, -163 
1721830616673.00, -12508, -426601, -308 
1721830616694.00, -27894, -426876, -510 
1721830616715.00, -48899, -427473, -641 
1721830616738.00, -69351, -428524, -690 
1721830616759.00, -84562, -430023, -725 
1721830616781.00, -95471, -431858, -754 
1721830616803.00, -103651, -433923, -719 
1721830616824.00, -106281, -436189, -758 
1721830616845.00, -109885, -438515, -732 
1721830616868.00, -110412, -440895, -728 
1721830616889.00, -110387, -443304, -735 
1721830616911.00, -110671, -445702, -742 
1721830616933.00, -111348, -448113, -752 
1721830616954.00, -112201, -450534, -786 
1721830616976.00, -114694, -452975, -807 
1721830616998.00, -117266, -455478, -808 
1721830617019.00, -118812, -458029, -805 
1721830617041.00, -119411, -460628, -801 
1721830617063.00, -119463, -463204, -788 
1721830617085.00, -118524, -465799, -774 
1721830617107.00, -117163, -468393, -741 
1721830617128.00, -114366, -470943, -715 
1721830617150.00, -111041, -473412, -718 
1721830617172.00, -109077, -475824, -712 
1721830617195.00, -107570, -478203, -687 
1721830617215.00, -105019, -480537, -659 
1721830617237.00, -101894, -482812, -663 
1721830617259.00, -100120, -485036, -655 
1721830617281.00, -98504, -487217, -618 
1721830617302.00, -95373, -489336, -626 
1721830617323.00, -93841, -491403, -631 
1721830617345.00, -93277, -493452, -600 
1721830617367.00, -91195, -495455, -617 
1721830617389.00, -90572, -497432, -610 
1721830617410.00, -89846, -499387, -582 
1721830617431.00, -87816, -501343, -586 
1721830617454.00, -86875, -503253, -544 
1721830617475.00, -83781, -505114, -568 
1721830617497.00, -83161, -506938, -571 
1721830617518.00, -82981, -508731, -552 
1721830617540.00, -81750, -510542, -578 
1721830617562.00, -82475, -512306, -581 
1721830617583.00, -82897, -514091, -626 
1721830617605.00, -85998, -515897, -614 
1721830617626.00, -87040, -517767, -664 
1721830617648.00, -90704, -519670, -652 
1721830617670.00, -92151, -521621, -667 
1721830617692.00, -93848, -523624, -653 
1721830617714.00, -94023, -525658, -622 
1721830617734.00, -92158, -527691, -645 
1721830617757.00, -92482, -529694, -609 
1721830617778.00, -90515, -531685, -612 
1721830617799.00, -89424, -533659, -623 
1721830617821.00, -89538, -535600, -601 
1721830617843.00, -88202, -537530, -649 
1721830617865.00, -90139, -539447, -645 
1721830617886.00, -91155, -541397, -637 
1721830617908.00, -91166, -543381, -657 
1721830617929.00, -92557, -545358, -662 
1721830617951.00, -93606, -547348, -682 
1721830617982.00, -95112, -549399, -644 
1721830617994.00, -94062, -551456, -665 
1721830618016.00, -94453, -553489, -695 
1721830618038.00, -96577, -555539, -645 
1721830618059.00, -94809, -557630, -672 
1721830618081.00, -95144, -559692, -705 
1721830618103.00, -97453, -561752, -670 
1721830618124.00, -96912, -563852, -682 
1721830618146.00, -97212, -565969, -713 
1721830618167.00, -99228, -568074, -739 
1721830618189.00, -101944, -570212, -750 
1721830618211.00, -104079, -572438, -748 
1721830618232.00, -105426, -574712, -786 
1721830618255.00, -108380, -577002, -799 
1721830618276.00, -110808, -579352, -775 
1721830618298.00, -110726, -581781, -797 
1721830618320.00, -111947, -584177, -772 
1721830618341.00, -111123, -586613, -672 
1721830618363.00, -104519, -589027, -632 
1721830618385.00, -98142, -591299, -597 
1721830618412.00, -92402, -593412, -533 
1721830618428.00, -52570, -595398, -465 
1721830618450.00, -28899, -596539, -438 
1721830618471.00, -15163, -597189, -386 
1721830618493.00, -6826, -597525, -295 
1721830618517.00, -2028, -597676, -221 
1721830618536.00, 110, -597718, -113 
1721830618557.00, 1839, -597705, 59 
1721830618579.00, 6315, -597647, 273 
1721830618601.00, 22259, -597510, 378 
1721830618623.00, 37670, -597038, 591 
1721830618644.00, 59554, -596235, 639 
1721830618666.00, 75558, -594962, 703 
1721830618687.00, 88806, -593308, 774 
1721830618709.00, 100766, -591380, 810 
1721830618730.00, 109942, -589191, 793 
1721830618752.00, 114144, -586791, 788 
1721830618774.00, 116202, -584299, 795 
1721830618796.00, 117791, -581774, 781 
1721830618818.00, 117768, -579213, 768 
1721830618840.00, 117081, -576644, 741 
1721830618860.00, 114702, -574098, 728 
1721830618882.00, 112537, -571618, 721 
1721830618904.00, 110687, -569170, 719 
1721830618926.00, 109284, -566755, 693 
1721830618950.00, 106971, -564373, 685 
1721830618971.00, 105064, -562060, 705 
1721830618991.00, 105196, -559776, 705 
1721830619013.00, 104962, -557484, 690 
1721830619034.00, 104070, -555213, 711 
1721830619056.00, 104616, -552947, 719 
1721830619078.00, 105359, -550666, 695 
1721830619100.00, 104168, -548373, 726 
1721830619122.00, 105300, -546108, 747 
1721830619143.00, 107200, -543811, 737 
1721830619165.00, 107747, -541474, 749 
1721830619189.00, 108789, -539133, 764 
1721830619209.00, 110274, -536769, 766 
1721830619231.00, 111199, -534356, 766 
1721830619252.00, 111674, -531936, 795 
1721830619279.00, 113565, -529511, 811 
1721830619296.00, 115617, -527038, 813 
1721830619317.00, 116884, -524511, 811 
1721830619339.00, 117483, -521974, 819 
1721830619361.00, 118324, -519420, 821 
1721830619383.00, 118827, -516844, 833 
1721830619404.00, 119504, -514256, 836 
1721830619426.00, 119281, -511651, 834 
1721830619448.00, 119368, -509053, 839 
1721830619469.00, 119414, -506462, 839 
1721830619490.00, 119333, -503861, 827 
1721830619513.00, 119396, -501259, 806 
1721830619534.00, 118421, -498657, 794 
1721830619557.00, 116993, -496086, 809 
1721830619578.00, 117173, -493548, 802 
1721830619599.00, 116715, -490988, 794 
1721830619620.00, 115859, -488451, 807 
1721830619643.00, 116352, -485934, 801 
1721830619665.00, 115956, -483405, 805 
1721830619686.00, 115940, -480881, 810 
1721830619708.00, 116174, -478353, 796 
1721830619730.00, 115537, -475817, 786 
1721830619752.00, 114645, -473321, 789 
1721830619773.00, 114010, -470825, 800 
1721830619795.00, 114218, -468335, 788 
1721830619817.00, 113673, -465847, 776 
1721830619839.00, 112789, -463369, 781 
1721830619860.00, 112472, -460929, 790 
1721830619882.00, 112834, -458482, 769 
1721830619904.00, 111609, -456027, 754 
1721830619926.00, 110160, -453599, 792 
1721830619948.00, 111397, -451206, 800 
1721830619969.00, 112639, -448783, 773 
1721830619990.00, 111700, -446322, 772 
1721830620012.00, 111168, -443896, 785 
1721830620034.00, 111406, -441490, 765 
1721830620056.00, 110285, -439066, 723 
1721830620078.00, 107382, -436668, 720 
1721830620099.00, 105149, -434343, 701 
1721830620121.00, 102718, -432057, 619 
1721830620142.00, 58544, -429842, 516 
1721830620164.00, 32234, -428573, 536 
1721830620185.00, 16623, -427869, 336 
1721830620208.00, 7422, -427509, 152 
1721830620229.00, 2184, -427349, -7 
1721830620250.00, 32, -427308, -175 
1721830620272.00, -12128, -427319, -295 
1721830620294.00, -26515, -427582, -520 
1721830620315.00, -48824, -428160, -615 
1721830620337.00, -67834, -429195, -692 
1721830620358.00, -83446, -430667, -750 
1721830620380.00, -96280, -432482, -821 
1721830620401.00, -108225, -434595, -830 
1721830620424.00, -115652, -436943, -819 
1721830620445.00, -119323, -439457, -835 
1721830620467.00, -119376, -442065, -832 
1721830620500.00, -119426, -444663, -802 
1721830620510.00, -119440, -447254, -841 
1721830620532.00, -119516, -449847, -860 
1721830620553.00, -119364, -452452, -882 
1721830620576.00, -119290, -455059, -889 
1721830620598.00, -119370, -457652, -916 
1721830620619.00, -119487, -460248, -948 
1721830620641.00, -119567, -462838, -933 
1721830620662.00, -119390, -465430, -936 
1721830620684.00, -119061, -468049, -936 
1721830620706.00, -118996, -470642, -902 
1721830620728.00, -119199, -473223, -886 
1721830620749.00, -119361, -475809, -878 
1721830620771.00, -119353, -478409, -868 
1721830620792.00, -119123, -481002, -860 
1721830620814.00, -119180, -483610, -855 
1721830620836.00, -119311, -486198, -859 
1721830620858.00, -119385, -488781, -851 
1721830620880.00, -119259, -491388, -831 
1721830620901.00, -117667, -493984, -806 
1721830620923.00, -115466, -496546, -787 
1721830620944.00, -113111, -499052, -782 
1721830620967.00, -111248, -501516, -759 
1721830620988.00, -108842, -503946, -725 
1721830621009.00, -105520, -506301, -713 
1721830621032.00, -102816, -508592, -718 
1721830621053.00, -101405, -510832, -701 
1721830621075.00, -99728, -513031, -659 
1721830621097.00, -96241, -515180, -697 
1721830621118.00, -96186, -517276, -696 
1721830621141.00, -96372, -519365, -650 
1721830621162.00, -93584, -521437, -663 
1721830621183.00, -92657, -523477, -649 
1721830621204.00, -91315, -525478, -628 
1721830621227.00, -89402, -527459, -624 
1721830621249.00, -88032, -529395, -594 
1721830621270.00, -85514, -531290, -653 
1721830621291.00, -87296, -533159, -678 
1721830621312.00, -90042, -535045, -669 
1721830621335.00, -91155, -537001, -724 
1721830621357.00, -95098, -538969, -718 
1721830621378.00, -97181, -541036, -743 
1721830621400.00, -99740, -543152, -732 
1721830621421.00, -100812, -545301, -715 
1721830621443.00, -100414, -547488, -728 
1721830621470.00, -100728, -549686, -707 
1721830621486.00, -99959, -551875, -680 
1721830621507.00, -97877, -554027, -728 
1721830621529.00, -99334, -556157, -751 
1721830621552.00, -101751, -558305, -778 
1721830621575.00, -104762, -560526, -825 
1721830621595.00, -109228, -562801, -857 
1721830621617.00, -113640, -565185, -871 
1721830621638.00, -116283, -567653, -859 
1721830621660.00, -117642, -570190, -896 
1721830621682.00, -118473, -572754, -869 
1721830621703.00, -119071, -575340, -794 
1721830621725.00, -115897, -577923, -781 
1721830621746.00, -113283, -580423, -747 
1721830621768.00, -109415, -582889, -652 
1721830621790.00, -101547, -585270, -584 
1721830621816.00, -92787, -587457, -554 
1721830621834.00, -85808, -589462, -514 
1721830621855.00, -79119, -591312, -451 
1721830621876.00, -71570, -593018, -407 
1721830621899.00, -39633, -594555, -350 
1721830621920.00, -20477, -595439, -347 
1721830621942.00, -9161, -595900, -320 
1721830621963.00, -2721, -596112, -294 
1721830621984.00, 176, -596174, -267 
1721830622006.00, 2267, -596174, -252 
1721830622027.00, 3648, -596129, -223 
1721830622050.00, 4473, -596050, -193 
1721830622072.00, 4956, -595953, -164 
1721830622093.00, 5077, -595844, -108 
1721830622114.00, 5106, -595739, -133 
1721830622136.00, 5152, -595629, -145 
1721830622158.00, 4930, -595516, -119 
1721830622179.00, 4776, -595404, -90 
1721830622201.00, 4699, -595299, -63 
1721830622222.00, 4522, -595196, -44 
1721830622243.00, 4329, -595097, -48 
1721830622265.00, 4349, -594999, -46 
1721830622286.00, 4426, -594905, -50 
1721830622308.00, 4226, -594813, -55 
1721830622330.00, 4161, -594721, -60 
1721830622352.00, 3836, -594629, -45 
1721830622373.00, 3851, -594543, -39 
1721830622395.00, 3743, -594459, -29 
1721830622416.00, 3806, -594380, -30 
1721830622438.00, 3631, -594300, -25 
1721830622459.00, 3570, -594221, -29 
1721830622481.00, 3406, -594144, -25 
1721830622503.00, 3378, -594065, -6 
1721830622524.00, 3369, -593993, 15 
1721830622545.00, 4018, -593921, -2 
1721830622567.00, 3553, -593835, -15 
1721830622617.00, 3156, -593755, 2 
1721830622618.00, 3055, -593686, 8 
1721830622637.00, 2897, -593622, -3 
1721830622653.00, 0, -593557, -63 
1721830622674.00, 0, -593545, -45 
1721830622695.00, 0, -593545, -44 
1721830622716.00, 0, -593546, -52 
1721830622736.00, 0, -593546, -57 
1721830622757.00, 0, -593546, -41 
1721830622778.00, 0, -593545, -42 
1721830622800.00, 0, -593547, -57 
1721830622821.00, 0, -593547, -50 
1721830622842.00, 0, -593546, -46 
1721830622863.00, 0, -593546, -48 
1721830622884.00, 0, -593546, -60 
1721830622905.00, 0, -593547, -47 
1721830622926.00, 0, -593545, -47 
1721830622947.00, 0, -593546, -51 
1721830622968.00, 0, -593546, -55 
1721830622989.00, 0, -593546, -45 
1721830623010.00, 0, -593546, -47 
1721830623031.00, 0, -593546, -55 
1721830623052.00, 0, -593546, -47 
1721830623073.00, 0, -593545, -48 
1721830623094.00, 0, -593547, -47 
1721830623115.00, 0, -593546, -58 
1721830623137.00, 0, -593546, -44 
1721830623157.00, 0, -593546, -49 
1721830623178.00, 0, -593545, -50 
1721830623200.00, 0, -593546, -55 
1721830623220.00, 0, -593546, -46 
1721830623251.00, 0, -593547, -49 
1721830623262.00, 0, -593546, -51 
1721830623283.00, 0, -593546, -54 
1721830623305.00, 0, -593546, -48 
1721830623325.00, 0, -593545, -49 
1721830623346.00, 0, -593546, -51 
1721830623368.00, 0, -593546, -51 
1721830623389.00, 0, -593546, -48 
1721830623409.00, 0, -593546, -49 
1721830623430.00, 0, -593546, -52 
1721830623451.00, 0, -593545, -49 
1721830623472.00, 0, -593546, -49 
1721830623493.00, 0, -593546, -50 
1721830623514.00, 0, -593546, -52 
1721830623536.00, 0, -593547, -48 
1721830623556.00, 0, -593546, -50 
1721830623578.00, 0, -593546, -51 
1721830623599.00, 0, -593545, -50 
1721830623620.00, 0, -593546, -49 
1721830623641.00, 0, -593547, -50 
1721830623661.00, 0, -593547, -51 
1721830623683.00, 0, -593547, -48 
1721830623704.00, 0, -593546, -50 
1721830623725.00, 0, -593547, -50 
1721830623746.00, 0, -593546, -51 
1721830623767.00, 0, -593546, -49 
1721830623788.00, 0, -593546, -50 
1721830623809.00, 0, -593546, -51 
1721830623830.00, 0, -593546, -49 
1721830623851.00, 0, -593547, -50 
1721830623877.00, 0, -593547, -50 
1721830623893.00, 0, -593545, -50 
1721830623914.00, 0, -593546, -49 
1721830623935.00, 0, -593547, -51 
1721830623956.00, 0, -593546, -50 
1721830623977.00, 0, -593546, -49 
1721830623998.00, 0, -593547, -50 
1721830624020.00, 0, -593546, -50 
1721830624041.00, 0, -593546, -50 
1721830624061.00, 0, -593547, -49 
1721830624082.00, 0, -593547, -51 
1721830624103.00, 0, -593547, -50 
1721830624125.00, 0, -593547, -50 
1721830624146.00, 0, -593547, -50 
1721830624166.00, 0, -593546, -50 
1721830624188.00, 0, -593545, -49 
1721830624209.00, 0, -593546, -49 
1721830624229.00, 0, -593546, -50 
1721830624251.00, 0, -593548, -50 
1721830624271.00, 0, -593547, -50 
1721830624292.00, 0, -593547, -50 
1721830624314.00, 0, -593546, -50 
1721830624334.00, 0, -593547, -49 
1721830624356.00, 0, -593546, -50 
1721830624377.00, 0, -593546, -50 
1721830624397.00, 0, -593545, -49 
1721830624418.00, 0, -593547, -50 
1721830624439.00, 0, -593546, -50 
1721830624460.00, 0, -593546, -50 
1721830624482.00, 0, -593546, -49 
1721830624502.00, 0, -593547, -50 
1721830624546.00, 0, -593545, -50 
1721830624546.00, 0, -593546, -50 
1721830624566.00, 0, -593547, -50 
1721830624587.00, 0, -593545, -50 
1721830624608.00, 0, -593546, -50 
1721830624630.00, 0, -593546, -49 
1721830624650.00, 0, -593546, -50 
1721830624671.00, 0, -593546, -50 
1721830624692.00, 0, -593546, -50 
1721830624713.00, 0, -593546, -50 
1721830624734.00, 0, -593547, -50 
1721830624756.00, 0, -593546, -50 
1721830624776.00, 0, -593547, -50 
1721830624797.00, 0, -593547, -50 
1721830624818.00, 0, -593546, -50 
1721830624839.00, 0, -593546, -50 
1721830624861.00, 0, -593547, -50 
1721830624881.00, 0, -593546, -50 
1721830624902.00, 0, -593547, -50 
1721830624923.00, 0, -593547, -50 
1721830624944.00, 0, -593547, -50 
1721830624965.00, 0, -593546, -50 
1721830624987.00, 0, -593546, -50 
1721830625008.00, 0, -593546, -50 
1721830625029.00, 0, -593546, -50 
1721830625050.00, 0, -593546, -50 
1721830625071.00, 0, -593546, -50 
1721830625092.00, 0, -593545, -50 
1721830625113.00, 0, -593545, -50 
1721830625134.00, 0, -593546, -50 
1721830625154.00, 0, -593546, -50 
1721830625175.00, 0, -593546, -50 
1721830625197.00, 0, -593546, -50 
1721830625218.00, 0, -593546, -50 
1721830625239.00, 0, -593546, -50 
1721830625259.00, 0, -593546, -50 
1721830625281.00, 0, -593545, -50 
1721830625301.00, 0, -593545, -50 
1721830625323.00, 0, -593546, -50 
1721830625343.00, 0, -593545, -50 
1721830625364.00, 0, -593546, -50 
1721830625386.00, 0, -593547, -50 
1721830625407.00, 0, -593547, -50 
1721830625428.00, 0, -593546, -50 
1721830625449.00, 0, -593547, -51 
1721830625470.00, 0, -593546, -50 
1721830625491.00, 0, -593547, -48 
1721830625513.00, 0, -593547, -50 
1721830625533.00, 0, -593547, -51 
1721830625554.00, 0, -593546, -50 
