1720534154293.00, 618, -592999, -339 
1720534154315.00, 642, -592985, -340 
1720534154336.00, 688, -592972, -343 
1720534154358.00, 652, -592958, -343 
1720534154380.00, 614, -592942, -341 
1720534154401.00, 571, -592929, -339 
1720534154421.00, 556, -592917, -338 
1720534154444.00, 533, -592904, -336 
1720534154466.00, 537, -592892, -333 
1720534154487.00, 524, -592880, -331 
1720534154508.00, 486, -592869, -330 
1720534154530.00, 463, -592857, -332 
1720534154552.00, 452, -592849, -333 
1720534154573.00, 458, -592839, -333 
1720534154595.00, 450, -592830, -331 
1720534154617.00, 436, -592819, -331 
1720534154637.00, 420, -592810, -330 
1720534154659.00, 487, -592800, -329 
1720534154681.00, 507, -592791, -329 
1720534154702.00, 462, -592782, -330 
1720534154724.00, 446, -592770, -329 
1720534154746.00, 409, -592761, -327 
1720534154767.00, 390, -592751, -324 
1720534154789.00, 360, -592743, -322 
1720534154811.00, 351, -592736, -322 
1720534154832.00, 327, -592727, -323 
1720534154854.00, 324, -592720, -324 
1720534154875.00, 302, -592715, -324 
1720534154896.00, -17788, -592709, -324 
1720534154919.00, -29349, -593050, -276 
1720534154940.00, -17539, -593659, -239 
1720534154962.00, -10024, -594056, -279 
1720534154983.00, -5733, -594285, -288 
1720534155005.00, -3220, -594415, -262 
1720534155026.00, -1628, -594487, -276 
1720534155048.00, -743, -594526, -274 
1720534155069.00, -290, -594542, -265 
1720534155091.00, -56, -594547, -262 
1720534155112.00, 24, -594549, -256 
1720534155133.00, 33, -594549, -254 
1720534155154.00, -1, -594549, -258 
1720534155176.00, 67, -594549, -263 
1720534155198.00, 49, -594549, -263 
1720534155219.00, 42, -594549, -262 
1720534155240.00, 0, -594549, -261 
1720534155264.00, 0, -594548, -262 
1720534155283.00, 0, -594548, -261 
1720534155304.00, 0, -594548, -260 
1720534155325.00, 0, -594549, -263 
1720534155347.00, 0, -594549, -266 
1720534155374.00, 0, -594549, -269 
1720534155389.00, 0, -594548, -269 
1720534155410.00, 0, -594549, -268 
1720534155432.00, 1, -594549, -265 
1720534155454.00, 42, -594549, -264 
1720534155480.00, 0, -594549, -265 
1720534155496.00, 0, -594549, -266 
1720534155517.00, 0, -594548, -265 
1720534155539.00, 0, -594549, -267 
1720534155560.00, 0, -594549, -265 
1720534155581.00, 0, -594549, -264 
1720534155602.00, 23, -594549, -264 
1720534155624.00, 0, -594549, -264 
1720534155645.00, 0, -594549, -266 
1720534155667.00, 0, -594550, -268 
1720534155688.00, 0, -594549, -269 
1720534155709.00, 0, -594549, -270 
1720534155730.00, 0, -594550, -270 
1720534155752.00, 0, -594550, -269 
1720534155773.00, 0, -594549, -268 
1720534155794.00, 0, -594550, -268 
1720534155816.00, 0, -594548, -269 
1720534155837.00, 0, -594549, -269 
1720534155858.00, 0, -594550, -268 
1720534155879.00, 0, -594550, -267 
1720534155901.00, 0, -594549, -267 
1720534155922.00, 0, -594550, -269 
1720534155943.00, 0, -594549, -271 
1720534155964.00, 0, -594549, -271 
1720534155986.00, 0, -594549, -271 
1720534156006.00, 0, -594549, -271 
1720534156028.00, 0, -594549, -270 
1720534156050.00, 0, -594549, -269 
1720534156071.00, 0, -594549, -269 
1720534156092.00, 0, -594549, -269 
1720534156114.00, 0, -594549, -269 
1720534156137.00, 0, -594549, -270 
1720534156154.00, 0, -594548, -271 
1720534156178.00, 0, -594549, -272 
1720534156199.00, 0, -594550, -272 
1720534156221.00, 0, -594549, -272 
1720534156243.00, 0, -594549, -272 
1720534156263.00, 0, -594550, -271 
1720534156284.00, 0, -594550, -271 
1720534156305.00, 0, -594549, -272 
1720534156327.00, 0, -594549, -272 
1720534156348.00, 0, -594549, -269 
1720534156369.00, 0, -594550, -267 
1720534156391.00, 0, -594550, -266 
1720534156411.00, 0, -594550, -266 
1720534156433.00, 0, -594550, -265 
1720534156455.00, 0, -594550, -265 
1720534156476.00, 0, -594549, -264 
1720534156497.00, 0, -594549, -263 
1720534156518.00, 0, -594549, -261 
1720534156539.00, 0, -594549, -258 
1720534156561.00, 0, -594550, -256 
1720534156583.00, 0, -594549, -254 
1720534156604.00, 0, -594549, -248 
1720534156625.00, 19, -594550, -249 
1720534156647.00, 0, -594549, -243 
1720534156667.00, 0, -594549, -234 
1720534156689.00, 2, -594549, -232 
1720534156710.00, 0, -594548, -229 
1720534156731.00, 0, -594548, -221 
1720534156753.00, 0, -594548, -213 
1720534156775.00, 56, -594547, -194 
1720534156796.00, 1, -594544, -154 
1720534156817.00, 4, -594542, -111 
1720534156839.00, 0, -594540, -72 
1720534156860.00, 0, -594537, -33 
1720534156880.00, 0, -594535, 4 
1720534156904.00, 0, -594533, 39 
1720534156923.00, 2299, -594530, 66 
1720534156945.00, 5532, -594485, 94 
1720534156966.00, 8992, -594373, 104 
1720534156988.00, 11860, -594185, 97 
1720534157009.00, 12969, -593936, 92 
1720534157031.00, 13220, -593657, 88 
1720534157052.00, 13489, -593373, 77 
1720534157074.00, 12497, -593093, 69 
1720534157096.00, 11444, -592820, 66 
1720534157116.00, 10953, -592575, 59 
1720534157138.00, 9887, -592343, 55 
1720534157160.00, 8891, -592126, 52 
1720534157181.00, 8410, -591935, 49 
1720534157202.00, 7694, -591752, 48 
1720534157224.00, 7336, -591583, 46 
1720534157246.00, 6940, -591421, 45 
1720534157267.00, 6631, -591271, 44 
1720534157288.00, 6582, -591127, 43 
1720534157311.00, 6350, -590988, 43 
1720534157332.00, 6420, -590849, 47 
1720534157353.00, 6441, -590712, 49 
1720534157374.00, 6760, -590568, 52 
1720534157396.00, 7220, -590423, 66 
1720534157418.00, 8128, -590269, 84 
1720534157439.00, 9905, -590095, 103 
1720534157460.00, 11938, -589880, 128 
1720534157482.00, 14577, -589613, 166 
1720534157504.00, 18609, -589295, 198 
1720534157525.00, 23141, -588896, 232 
1720534157547.00, 27527, -588399, 270 
1720534157569.00, 32448, -587797, 310 
1720534157591.00, 38029, -587090, 337 
1720534157612.00, 41328, -586277, 369 
1720534157634.00, 43382, -585389, 404 
1720534157656.00, 43677, -584444, 431 
1720534157677.00, 43559, -583495, 469 
1720534157699.00, 43758, -582550, 463 
1720534157720.00, 43827, -581597, 558 
1720534157742.00, 43720, -580645, 552 
1720534157764.00, 43555, -579695, 596 
1720534157785.00, 43732, -578751, 628 
1720534157807.00, 43858, -577800, 649 
1720534157829.00, 43570, -576851, 682 
1720534157850.00, 43697, -575914, 687 
1720534157872.00, 43844, -574970, 691 
1720534157896.00, 43617, -574016, 719 
1720534157915.00, 43677, -573064, 730 
1720534157937.00, 43760, -572118, 746 
1720534157958.00, 43719, -571167, 780 
1720534157980.00, 43645, -570219, 783 
1720534158008.00, 43690, -569280, 802 
1720534158024.00, 43619, -568331, 811 
1720534158045.00, 43714, -567384, 810 
1720534158067.00, 43717, -566437, 814 
1720534158088.00, 43732, -565494, 814 
1720534158110.00, 43689, -564538, 826 
1720534158131.00, 43669, -563588, 842 
1720534158153.00, 43649, -562652, 820 
1720534158175.00, 43623, -561708, 790 
1720534158196.00, 43551, -560761, 757 
1720534158218.00, 43616, -559824, 735 
1720534158239.00, 43558, -558885, 700 
1720534158261.00, 43616, -557932, 698 
1720534158283.00, 43803, -556988, 710 
1720534158305.00, 43617, -556045, 717 
1720534158329.00, 43526, -555092, 759 
1720534158348.00, 43748, -554139, 790 
1720534158369.00, 43673, -553201, 796 
1720534158391.00, 43617, -552255, 813 
1720534158412.00, 43777, -551299, 839 
1720534158434.00, 43822, -550355, 872 
1720534158455.00, 43702, -549411, 883 
1720534158478.00, 43687, -548458, 891 
1720534158499.00, 43717, -547505, 907 
1720534158521.00, 43465, -546564, 903 
1720534158544.00, 43466, -545622, 904 
1720534158564.00, 43735, -544673, 910 
1720534158586.00, 43609, -543731, 916 
1720534158608.00, 43593, -542793, 937 
1720534158629.00, 43706, -541838, 930 
1720534158650.00, 43550, -540889, 936 
1720534158672.00, 43635, -539946, 940 
1720534158694.00, 43916, -538998, 953 
1720534158716.00, 43594, -538051, 951 
1720534158737.00, 43485, -537104, 962 
1720534158759.00, 43592, -536167, 975 
1720534158780.00, 43556, -535214, 986 
1720534158803.00, 43652, -534266, 1006 
1720534158824.00, 43771, -533320, 1019 
1720534158846.00, 43796, -532367, 1034 
1720534158872.00, 43717, -531408, 1059 
1720534158889.00, 43481, -530463, 1065 
1720534158911.00, 43346, -529516, 1069 
1720534158933.00, 43631, -528565, 1078 
1720534158954.00, 43744, -527614, 1064 
1720534158978.00, 43576, -526672, 1077 
1720534158998.00, 43444, -525719, 1066 
1720534159020.00, 43631, -524767, 1088 
1720534159041.00, 43719, -523821, 1096 
1720534159063.00, 43713, -522875, 1098 
1720534159085.00, 43616, -521917, 1101 
1720534159106.00, 43774, -520965, 1109 
1720534159129.00, 43681, -520024, 1118 
1720534159150.00, 43627, -519070, 1138 
1720534159172.00, 43577, -518118, 1141 
1720534159193.00, 43773, -517168, 1164 
1720534159215.00, 43848, -516215, 1197 
1720534159237.00, 43628, -515260, 1196 
1720534159258.00, 43672, -514304, 1219 
1720534159280.00, 43566, -513364, 1226 
1720534159302.00, 43727, -512409, 1216 
1720534159323.00, 43833, -511460, 1233 
1720534159346.00, 43778, -510514, 1232 
1720534159367.00, 43527, -509565, 1235 
1720534159389.00, 43616, -508610, 1229 
1720534159411.00, 43632, -507661, 1234 
1720534159433.00, 43580, -506713, 1246 
1720534159454.00, 43668, -505760, 1249 
1720534159477.00, 43624, -504808, 1275 
1720534159498.00, 43760, -503865, 1263 
1720534159522.00, 43699, -502915, 1286 
1720534159542.00, 43531, -501962, 1292 
1720534159563.00, 43618, -501008, 1303 
1720534159585.00, 43917, -500064, 1291 
1720534159606.00, 43666, -499103, 1298 
1720534159628.00, 43532, -498151, 1302 
1720534159650.00, 43592, -497206, 1326 
1720534159672.00, 43734, -496257, 1329 
1720534159693.00, 43790, -495308, 1335 
1720534159716.00, 43611, -494357, 1352 
1720534159736.00, 43540, -493412, 1347 
1720534159759.00, 43675, -492456, 1361 
1720534159780.00, 43622, -491506, 1368 
1720534159802.00, 43529, -490558, 1381 
1720534159823.00, 43776, -489605, 1394 
1720534159845.00, 43824, -488653, 1422 
1720534159867.00, 43816, -487701, 1455 
1720534159889.00, 43673, -486752, 1483 
1720534159910.00, 43400, -485797, 1479 
1720534159931.00, 43620, -484847, 1492 
1720534159955.00, 43861, -483905, 1481 
1720534159976.00, 43661, -482949, 1477 
1720534159997.00, 43575, -482000, 1455 
1720534160019.00, 43553, -481049, 1476 
1720534160041.00, 43732, -480105, 1483 
1720534160062.00, 43780, -479152, 1492 
1720534160089.00, 43506, -478204, 1483 
1720534160106.00, 43537, -477259, 1489 
1720534160127.00, 43814, -476302, 1500 
1720534160149.00, 43576, -475345, 1562 
1720534160171.00, 43757, -474400, 1583 
1720534160192.00, 43831, -473449, 1601 
1720534160214.00, 43817, -472494, 1618 
1720534160236.00, 43693, -471545, 1602 
1720534160258.00, 43563, -470599, 1622 
1720534160279.00, 43500, -469646, 1611 
1720534160301.00, 43841, -468698, 1592 
1720534160323.00, 43765, -467752, 1599 
1720534160345.00, 43532, -466799, 1586 
1720534160367.00, 43485, -465845, 1582 
1720534160388.00, 43659, -464898, 1575 
1720534160410.00, 43621, -463954, 1582 
1720534160432.00, 43592, -463000, 1569 
1720534160454.00, 43620, -462049, 1602 
1720534160475.00, 43636, -461107, 1608 
1720534160496.00, 43652, -460151, 1618 
1720534160523.00, 43672, -459199, 1606 
1720534160540.00, 43616, -458247, 1607 
1720534160562.00, 43800, -457306, 1582 
1720534160584.00, 43654, -456350, 1574 
1720534160605.00, 43607, -455404, 1528 
1720534160628.00, 43368, -454459, 1523 
1720534160649.00, 43576, -453507, 1499 
1720534160671.00, 43694, -452562, 1496 
1720534160693.00, 43603, -451616, 1483 
1720534160713.00, 43514, -450662, 1467 
1720534160736.00, 43705, -449710, 1458 
1720534160757.00, 43698, -448758, 1450 
1720534160780.00, 43450, -447817, 1429 
1720534160801.00, 43420, -446862, 1400 
1720534160822.00, 43690, -445916, 1368 
1720534160845.00, 43840, -444974, 1343 
1720534160866.00, 43422, -444023, 1335 
1720534160888.00, 43736, -443075, 1300 
1720534160910.00, 43690, -442125, 1343 
1720534160931.00, 43488, -441182, 1286 
1720534160953.00, 43558, -440230, 1200 
1720534160975.00, 43915, -439284, 1194 
1720534160997.00, 43628, -438341, 1170 
1720534161018.00, 43665, -437391, 1141 
1720534161040.00, 43285, -436444, 1133 
1720534161062.00, 43613, -435493, 1112 
1720534161083.00, 43602, -434551, 1113 
1720534161105.00, 43643, -433596, 1055 
1720534161126.00, 43171, -432649, 1018 
1720534161149.00, 43386, -431714, 886 
1720534161170.00, 24579, -430774, 864 
1720534161192.00, 13637, -430218, 821 
1720534161213.00, 6887, -429922, 729 
1720534161235.00, 3063, -429774, 611 
1720534161257.00, 533, -429707, 554 
1720534161278.00, -153, -429698, 423 
1720534161299.00, -1097, -429706, 295 
1720534161320.00, -1787, -429731, 174 
1720534161341.00, -2134, -429774, 58 
1720534161363.00, -2283, -429835, -31 
1720534161387.00, -4063, -429893, -118 
1720534161406.00, -10189, -429984, -184 
1720534161428.00, -17903, -430203, -235 
1720534161449.00, -25573, -430589, -270 
1720534161471.00, -32057, -431142, -292 
1720534161496.00, -37487, -431836, -291 
1720534161514.00, -40191, -432643, -377 
1720534161535.00, -43310, -433507, -315 
1720534161558.00, -43633, -434457, -380 
1720534161579.00, -43759, -435404, -383 
1720534161601.00, -43858, -436348, -413 
1720534161623.00, -43580, -437298, -428 
1720534161645.00, -43549, -438255, -443 
1720534161666.00, -43712, -439195, -458 
1720534161688.00, -43842, -440139, -470 
1720534161709.00, -43656, -441094, -488 
1720534161731.00, -43784, -442041, -495 
1720534161753.00, -43828, -442983, -497 
1720534161775.00, -43540, -443933, -523 
1720534161796.00, -43637, -444890, -533 
1720534161818.00, -43730, -445827, -537 
1720534161839.00, -43642, -446773, -536 
1720534161861.00, -43524, -447723, -547 
1720534161883.00, -43705, -448666, -548 
1720534161904.00, -43694, -449606, -534 
1720534161926.00, -43729, -450559, -542 
1720534161948.00, -43734, -451514, -539 
1720534161969.00, -43781, -452453, -534 
1720534161990.00, -43431, -453398, -534 
1720534162012.00, -43821, -454352, -535 
1720534162034.00, -43767, -455291, -540 
1720534162055.00, -43474, -456231, -530 
1720534162077.00, -43672, -457183, -541 
1720534162098.00, -43771, -458138, -542 
1720534162120.00, -43558, -459074, -541 
1720534162142.00, -43630, -460022, -539 
1720534162164.00, -43707, -460978, -541 
1720534162185.00, -43648, -461915, -548 
1720534162207.00, -43621, -462858, -541 
1720534162229.00, -43730, -463808, -548 
1720534162250.00, -43725, -464758, -554 
1720534162272.00, -43686, -465696, -554 
1720534162293.00, -43682, -466643, -559 
1720534162314.00, -43813, -467598, -556 
1720534162337.00, -43800, -468544, -555 
1720534162358.00, -43620, -469483, -543 
1720534162380.00, -43717, -470437, -542 
1720534162401.00, -43594, -471385, -537 
1720534162423.00, -43675, -472315, -517 
1720534162445.00, -43738, -473265, -513 
1720534162467.00, -43620, -474218, -503 
1720534162488.00, -43612, -475154, -501 
1720534162508.00, -43833, -476099, -494 
1720534162532.00, -43569, -477055, -492 
1720534162553.00, -43629, -478000, -496 
1720534162574.00, -43707, -478934, -482 
1720534162596.00, -43735, -479880, -484 
1720534162618.00, -43516, -480837, -484 
1720534162639.00, -43626, -481768, -482 
1720534162661.00, -43635, -482712, -476 
1720534162682.00, -43475, -483674, -477 
1720534162704.00, -43582, -484618, -482 
1720534162726.00, -43636, -485557, -476 
1720534162747.00, -43471, -486507, -488 
1720534162769.00, -43762, -487455, -480 
1720534162791.00, -43753, -488387, -466 
1720534162813.00, -43395, -489332, -469 
1720534162834.00, -43575, -490292, -469 
1720534162856.00, -43681, -491229, -465 
1720534162878.00, -43708, -492171, -453 
1720534162899.00, -43697, -493125, -454 
1720534162921.00, -43680, -494075, -449 
1720534162943.00, -43591, -495004, -437 
1720534162964.00, -43736, -495954, -438 
1720534162986.00, -43682, -496909, -432 
1720534163007.00, -43711, -497849, -428 
1720534163031.00, -43555, -498789, -418 
1720534163050.00, -43674, -499744, -419 
1720534163072.00, -43479, -500693, -420 
1720534163094.00, -43690, -501631, -408 
1720534163116.00, -43783, -502577, -412 
1720534163139.00, -43797, -503535, -412 
1720534163159.00, -43561, -504471, -411 
1720534163180.00, -43740, -505408, -406 
1720534163202.00, -43643, -506365, -408 
1720534163224.00, -43527, -507311, -417 
1720534163246.00, -43596, -508251, -401 
1720534163267.00, -43701, -509201, -404 
1720534163289.00, -43451, -510159, -408 
1720534163310.00, -43602, -511092, -406 
1720534163332.00, -43690, -512033, -408 
1720534163354.00, -43527, -512988, -413 
1720534163375.00, -43696, -513930, -417 
1720534163397.00, -43775, -514867, -407 
1720534163419.00, -43490, -515818, -412 
1720534163441.00, -43660, -516778, -417 
1720534163463.00, -43676, -517714, -417 
1720534163483.00, -43630, -518659, -419 
1720534163505.00, -43646, -519617, -427 
1720534163527.00, -43904, -520554, -430 
1720534163548.00, -43768, -521494, -424 
1720534163571.00, -43536, -522450, -439 
1720534163592.00, -43625, -523403, -441 
1720534163613.00, -43771, -524336, -430 
1720534163635.00, -43563, -525283, -430 
1720534163656.00, -43806, -526240, -425 
1720534163678.00, -43735, -527176, -420 
1720534163700.00, -43607, -528117, -413 
1720534163722.00, -43657, -529072, -416 
1720534163743.00, -43667, -530020, -416 
1720534163765.00, -43567, -530958, -413 
1720534163787.00, -43794, -531903, -418 
1720534163808.00, -43717, -532859, -417 
1720534163830.00, -43622, -533799, -417 
1720534163851.00, -43660, -534745, -420 
1720534163873.00, -43766, -535700, -425 
1720534163895.00, -43638, -536648, -430 
1720534163917.00, -43788, -537585, -420 
1720534163937.00, -43819, -538531, -415 
1720534163960.00, -43733, -539482, -417 
1720534163981.00, -43478, -540423, -417 
1720534164003.00, -43533, -541368, -406 
1720534164024.00, -43637, -542321, -412 
1720534164046.00, -43571, -543265, -416 
1720534164068.00, -43692, -544202, -406 
1720534164090.00, -43784, -545151, -419 
1720534164111.00, -43479, -546102, -428 
1720534164132.00, -43614, -547041, -439 
1720534164154.00, -43724, -547985, -440 
1720534164176.00, -43636, -548939, -437 
1720534164198.00, -43601, -549884, -434 
1720534164220.00, -43692, -550824, -427 
1720534164242.00, -43545, -551771, -418 
1720534164263.00, -43578, -552724, -413 
1720534164284.00, -43732, -553658, -402 
1720534164306.00, -43843, -554606, -397 
1720534164328.00, -43499, -555559, -395 
1720534164349.00, -43598, -556500, -395 
1720534164371.00, -43483, -557438, -394 
1720534164393.00, -43486, -558390, -393 
1720534164414.00, -43684, -559337, -391 
1720534164435.00, -43644, -560272, -387 
1720534164457.00, -43510, -561221, -382 
1720534164479.00, -43675, -562174, -387 
1720534164501.00, -43605, -563112, -388 
1720534164522.00, -43586, -564051, -384 
1720534164544.00, -43709, -565000, -386 
1720534164566.00, -43829, -565955, -385 
1720534164587.00, -43392, -566892, -382 
1720534164608.00, -43521, -567842, -382 
1720534164630.00, -43651, -568791, -400 
1720534164652.00, -43635, -569731, -391 
1720534164673.00, -43845, -570669, -375 
1720534164695.00, -43825, -571616, -380 
1720534164717.00, -43519, -572568, -376 
1720534164738.00, -43582, -573506, -371 
1720534164760.00, -43598, -574458, -365 
1720534164782.00, -43551, -575409, -369 
1720534164804.00, -43778, -576349, -371 
1720534164825.00, -43924, -577288, -369 
1720534164847.00, -43445, -578240, -384 
1720534164869.00, -43544, -579185, -400 
1720534164890.00, -43659, -580127, -419 
1720534164912.00, -43490, -581077, -430 
1720534164933.00, -43738, -582030, -445 
1720534164955.00, -43828, -582969, -451 
1720534164977.00, -43612, -583912, -442 
1720534164998.00, -43670, -584863, -453 
1720534165020.00, -43744, -585808, -446 
1720534165041.00, -43493, -586750, -443 
1720534165063.00, -43640, -587700, -441 
1720534165085.00, -43834, -588646, -444 
1720534165112.00, -43544, -589586, -456 
1720534165128.00, -43448, -590532, -469 
1720534165150.00, -43682, -591483, -497 
1720534165171.00, -43731, -592429, -514 
1720534165193.00, -43548, -593369, -518 
1720534165215.00, -24924, -594313, -510 
1720534165236.00, -13595, -594877, -521 
1720534165258.00, -7040, -595186, -492 
1720534165279.00, -3028, -595342, -483 
1720534165301.00, -493, -595412, -461 
1720534165322.00, 100, -595423, -418 
1720534165344.00, 923, -595421, -347 
1720534165366.00, 1567, -595404, -280 
1720534165387.00, 2177, -595364, -177 
1720534165408.00, 2551, -595308, -15 
1720534165430.00, 2601, -595241, 134 
1720534165452.00, 10875, -595167, 260 
1720534165473.00, 23196, -594939, 370 
1720534165495.00, 33977, -594441, 491 
1720534165517.00, 40009, -593714, 693 
1720534165538.00, 43533, -592858, 713 
1720534165560.00, 43887, -591923, 763 
1720534165581.00, 43709, -590965, 845 
1720534165603.00, 43868, -590015, 876 
1720534165625.00, 43745, -589067, 955 
1720534165646.00, 43751, -588116, 1012 
1720534165668.00, 43647, -587158, 1050 
1720534165690.00, 43450, -586205, 1098 
1720534165711.00, 43765, -585257, 1111 
1720534165733.00, 44019, -584302, 1112 
1720534165755.00, 43631, -583351, 1136 
1720534165776.00, 43460, -582403, 1150 
1720534165798.00, 43700, -581449, 1158 
1720534165820.00, 43863, -580497, 1154 
1720534165842.00, 43758, -579543, 1180 
1720534165863.00, 43729, -578599, 1169 
1720534165885.00, 43487, -577648, 1156 
1720534165908.00, 43810, -576695, 1170 
1720534165929.00, 43556, -575754, 1169 
1720534165951.00, 43594, -574802, 1167 
1720534165972.00, 43788, -573848, 1185 
1720534165994.00, 43683, -572895, 1174 
1720534166015.00, 43706, -571943, 1180 
1720534166037.00, 43700, -570994, 1152 
1720534166059.00, 43401, -570042, 1179 
1720534166081.00, 43667, -569103, 1166 
1720534166103.00, 43831, -568154, 1162 
1720534166124.00, 43673, -567200, 1135 
1720534166146.00, 43499, -566253, 1146 
1720534166168.00, 43565, -565304, 1132 
1720534166189.00, 43558, -564352, 1124 
1720534166211.00, 43623, -563404, 1140 
1720534166233.00, 43564, -562462, 1142 
1720534166254.00, 43680, -561509, 1139 
1720534166276.00, 43753, -560559, 1138 
1720534166298.00, 43514, -559613, 1151 
1720534166320.00, 43604, -558666, 1128 
1720534166341.00, 43903, -557715, 1112 
1720534166363.00, 43881, -556765, 1126 
1720534166384.00, 43624, -555820, 1145 
1720534166407.00, 43498, -554866, 1127 
1720534166428.00, 43620, -553912, 1152 
1720534166451.00, 43704, -552970, 1172 
1720534166472.00, 43629, -552021, 1150 
1720534166494.00, 43638, -551066, 1168 
1720534166515.00, 43593, -550118, 1179 
1720534166537.00, 43779, -549172, 1166 
1720534166559.00, 43520, -548217, 1195 
1720534166580.00, 43528, -547262, 1188 
1720534166602.00, 43681, -546318, 1211 
1720534166624.00, 43855, -545368, 1219 
1720534166646.00, 43573, -544417, 1231 
1720534166667.00, 43413, -543468, 1220 
1720534166689.00, 43460, -542522, 1218 
1720534166711.00, 43581, -541572, 1220 
1720534166732.00, 43858, -540622, 1237 
1720534166754.00, 43486, -539674, 1251 
1720534166776.00, 43495, -538723, 1256 
1720534166798.00, 43714, -537774, 1249 
1720534166819.00, 43516, -536825, 1307 
1720534166841.00, 43487, -535880, 1297 
1720534166863.00, 43654, -534922, 1317 
1720534166884.00, 43818, -533975, 1301 
1720534166906.00, 43651, -533026, 1345 
1720534166928.00, 43414, -532073, 1323 
1720534166950.00, 43487, -531120, 1317 
1720534166972.00, 43721, -530181, 1300 
1720534166994.00, 43775, -529234, 1293 
1720534167015.00, 43356, -528280, 1301 
1720534167036.00, 43670, -527332, 1248 
1720534167059.00, 43555, -526395, 1252 
1720534167080.00, 43562, -525443, 1211 
1720534167101.00, 43589, -524489, 1219 
1720534167124.00, 43894, -523544, 1231 
1720534167145.00, 43842, -522592, 1244 
1720534167167.00, 43732, -521634, 1304 
1720534167189.00, 43345, -520683, 1302 
1720534167211.00, 43458, -519744, 1296 
1720534167232.00, 43753, -518790, 1306 
1720534167254.00, 43721, -517841, 1287 
1720534167276.00, 43324, -516897, 1279 
1720534167298.00, 43444, -515941, 1288 
1720534167319.00, 43576, -514994, 1239 
1720534167341.00, 43590, -514046, 1290 
1720534167363.00, 43682, -513101, 1259 
1720534167384.00, 43665, -512147, 1301 
1720534167406.00, 43811, -511194, 1283 
1720534167428.00, 43622, -510256, 1305 
1720534167450.00, 43396, -509295, 1331 
1720534167472.00, 43754, -508345, 1299 
1720534167493.00, 43771, -507399, 1304 
1720534167515.00, 43599, -506452, 1283 
1720534167536.00, 43374, -505493, 1297 
1720534167558.00, 43490, -504547, 1289 
1720534167580.00, 43650, -503610, 1289 
1720534167602.00, 43613, -502655, 1312 
1720534167624.00, 43552, -501702, 1317 
1720534167645.00, 43722, -500755, 1312 
1720534167667.00, 43660, -499808, 1322 
1720534167688.00, 43465, -498848, 1312 
1720534167710.00, 43575, -497901, 1316 
1720534167732.00, 43821, -496957, 1335 
1720534167754.00, 43841, -496000, 1351 
1720534167776.00, 43624, -495047, 1366 
1720534167796.00, 43456, -494104, 1356 
1720534167819.00, 43475, -493155, 1394 
1720534167840.00, 43649, -492203, 1375 
1720534167862.00, 43877, -491250, 1394 
1720534167884.00, 43790, -490305, 1433 
1720534167906.00, 43592, -489348, 1438 
1720534167928.00, 43755, -488396, 1463 
1720534167949.00, 43746, -487451, 1450 
1720534167971.00, 43666, -486502, 1473 
1720534167992.00, 43779, -485549, 1461 
1720534168014.00, 43755, -484594, 1500 
1720534168036.00, 43699, -483650, 1495 
1720534168062.00, 43588, -482688, 1499 
1720534168080.00, 43451, -481734, 1507 
1720534168101.00, 43504, -480796, 1500 
1720534168123.00, 43819, -479843, 1518 
1720534168145.00, 43630, -478894, 1520 
1720534168166.00, 43553, -477945, 1525 
1720534168188.00, 43695, -476999, 1532 
1720534168210.00, 43642, -476044, 1551 
1720534168232.00, 43902, -475092, 1531 
1720534168253.00, 43815, -474146, 1560 
1720534168277.00, 43675, -473192, 1580 
1720534168296.00, 43873, -472241, 1594 
1720534168318.00, 43687, -471292, 1591 
1720534168340.00, 43728, -470347, 1612 
1720534168362.00, 43735, -469389, 1614 
1720534168384.00, 43781, -468437, 1617 
1720534168405.00, 43689, -467493, 1593 
1720534168426.00, 43657, -466534, 1584 
1720534168448.00, 43528, -465584, 1569 
1720534168471.00, 43637, -464638, 1578 
1720534168492.00, 43827, -463692, 1560 
1720534168514.00, 43577, -462741, 1514 
1720534168536.00, 43592, -461790, 1494 
1720534168557.00, 43708, -460853, 1480 
1720534168579.00, 43603, -459895, 1458 
1720534168603.00, 43461, -458948, 1451 
1720534168622.00, 43742, -458003, 1403 
1720534168644.00, 43782, -457056, 1415 
1720534168666.00, 43801, -456101, 1430 
1720534168687.00, 43539, -455149, 1433 
1720534168710.00, 43409, -454208, 1428 
1720534168731.00, 43654, -453253, 1422 
1720534168753.00, 43838, -452305, 1417 
1720534168775.00, 43465, -451358, 1419 
1720534168796.00, 43508, -450402, 1408 
1720534168821.00, 43550, -449451, 1405 
1720534168840.00, 43589, -448506, 1389 
1720534168862.00, 43555, -447565, 1366 
1720534168883.00, 43587, -446610, 1352 
1720534168905.00, 43654, -445664, 1318 
1720534168927.00, 43619, -444722, 1314 
1720534168948.00, 43401, -443762, 1316 
1720534168970.00, 43590, -442815, 1275 
1720534168992.00, 43667, -441874, 1243 
1720534169013.00, 43863, -440925, 1203 
1720534169036.00, 43583, -439972, 1204 
1720534169057.00, 43593, -439024, 1181 
1720534169079.00, 43614, -438085, 1183 
1720534169100.00, 43594, -437129, 1148 
1720534169122.00, 43685, -436177, 1183 
1720534169145.00, 43870, -435229, 1153 
1720534169165.00, 43684, -434278, 1155 
1720534169187.00, 43826, -433326, 1151 
1720534169209.00, 43712, -432373, 1197 
1720534169230.00, 24711, -431434, 1164 
1720534169253.00, 13687, -430864, 1189 
1720534169274.00, 7010, -430559, 1159 
1720534169296.00, 3059, -430403, 1128 
1720534169318.00, 525, -430335, 1139 
1720534169339.00, -77, -430326, 1001 
1720534169360.00, -1105, -430334, 790 
1720534169381.00, -1839, -430357, 579 
1720534169403.00, -2261, -430403, 415 
1720534169425.00, -2405, -430458, 307 
1720534169446.00, -2536, -430519, 216 
1720534169467.00, -2508, -430578, 146 
1720534169489.00, -2453, -430634, 91 
1720534169510.00, -2406, -430691, 37 
1720534169532.00, -2308, -430749, -14 
1720534169554.00, -2988, -430808, -72 
1720534169575.00, -6848, -430875, -107 
1720534169601.00, -11109, -431024, -151 
1720534169618.00, -16587, -431271, -187 
1720534169640.00, -21925, -431626, -214 
1720534169661.00, -26662, -432091, -228 
1720534169683.00, -30355, -432654, -243 
1720534169707.00, -33515, -433306, -258 
1720534169727.00, -36225, -434024, -271 
1720534169747.00, -38380, -434816, -285 
1720534169770.00, -40569, -435641, -300 
1720534169791.00, -42622, -436508, -301 
1720534169817.00, -43591, -437431, -311 
1720534169834.00, -43679, -438390, -328 
1720534169856.00, -43733, -439326, -334 
1720534169878.00, -43643, -440272, -336 
1720534169899.00, -43748, -441227, -339 
1720534169921.00, -43566, -442170, -340 
1720534169943.00, -43619, -443112, -360 
1720534169964.00, -43623, -444061, -361 
1720534169985.00, -43724, -445015, -359 
1720534170008.00, -43836, -445951, -379 
1720534170032.00, -43544, -446899, -386 
1720534170050.00, -43702, -447851, -385 
1720534170072.00, -43714, -448787, -388 
1720534170094.00, -43415, -449730, -383 
1720534170115.00, -43560, -450688, -393 
1720534170140.00, -43725, -451639, -396 
1720534170159.00, -43591, -452573, -397 
1720534170181.00, -43694, -453521, -402 
1720534170202.00, -43747, -454476, -404 
1720534170224.00, -43477, -455413, -414 
1720534170247.00, -43540, -456356, -410 
1720534170267.00, -43797, -457306, -411 
1720534170288.00, -43475, -458255, -415 
1720534170310.00, -43650, -459191, -412 
1720534170332.00, -43764, -460137, -415 
1720534170358.00, -43487, -461094, -411 
1720534170375.00, -43673, -462029, -406 
1720534170396.00, -43808, -462968, -396 
1720534170419.00, -43719, -463920, -392 
1720534170440.00, -43697, -464868, -397 
1720534170461.00, -43742, -465802, -388 
1720534170483.00, -43483, -466755, -394 
1720534170504.00, -43643, -467711, -396 
1720534170527.00, -43807, -468646, -395 
1720534170548.00, -43764, -469590, -391 
1720534170573.00, -43681, -470548, -389 
1720534170591.00, -43721, -471489, -395 
1720534170613.00, -43504, -472427, -383 
1720534170635.00, -43594, -473376, -387 
1720534170656.00, -43753, -474328, -385 
1720534170683.00, -43723, -475262, -382 
1720534170700.00, -43492, -476211, -382 
1720534170721.00, -43633, -477169, -379 
1720534170743.00, -43483, -478107, -385 
1720534170765.00, -43366, -479047, -381 
1720534170786.00, -43621, -479996, -385 
1720534170808.00, -43766, -480944, -383 
1720534170829.00, -43619, -481875, -379 
1720534170851.00, -43700, -482825, -384 
1720534170873.00, -43662, -483785, -389 
1720534170895.00, -43608, -484725, -387 
1720534170915.00, -43927, -485666, -373 
1720534170937.00, -43738, -486620, -372 
1720534170959.00, -43492, -487569, -377 
1720534170981.00, -43610, -488503, -379 
1720534171006.00, -43680, -489448, -373 
1720534171024.00, -43613, -490404, -374 
1720534171046.00, -43777, -491347, -377 
1720534171067.00, -43675, -492290, -378 
1720534171089.00, -43714, -493244, -377 
1720534171111.00, -43605, -494191, -378 
1720534171132.00, -43624, -495126, -376 
1720534171154.00, -43623, -496075, -372 
1720534171176.00, -43773, -497029, -371 
1720534171197.00, -43751, -497962, -368 
1720534171219.00, -43694, -498904, -358 
1720534171241.00, -43485, -499865, -361 
1720534171262.00, -43619, -500810, -366 
1720534171283.00, -43730, -501747, -359 
1720534171306.00, -43555, -502700, -362 
1720534171327.00, -43756, -503656, -369 
1720534171354.00, -43672, -504588, -373 
1720534171371.00, -43486, -505531, -360 
1720534171392.00, -43710, -506488, -360 
1720534171413.00, -43892, -507430, -381 
1720534171435.00, -43511, -508370, -373 
1720534171457.00, -43652, -509324, -371 
1720534171478.00, -43729, -510277, -371 
1720534171500.00, -43520, -511212, -376 
1720534171522.00, -43521, -512158, -378 
1720534171544.00, -43730, -513108, -372 
1720534171566.00, -43661, -514047, -385 
1720534171587.00, -43839, -514988, -366 
1720534171608.00, -43720, -515943, -359 
1720534171630.00, -43601, -516897, -359 
1720534171651.00, -43628, -517832, -360 
1720534171675.00, -43783, -518780, -356 
1720534171695.00, -43714, -519737, -354 
1720534171716.00, -43560, -520674, -364 
1720534171738.00, -43686, -521615, -363 
1720534171760.00, -43607, -522566, -370 
1720534171793.00, -43413, -523519, -378 
1720534171803.00, -43531, -524455, -373 
1720534171825.00, -43708, -525401, -370 
1720534171846.00, -43657, -526355, -371 
1720534171869.00, -43726, -527288, -366 
1720534171889.00, -43562, -528235, -364 
1720534171912.00, -43554, -529190, -370 
1720534171933.00, -43551, -530135, -371 
1720534171954.00, -43773, -531071, -373 
1720534171976.00, -43659, -532017, -375 
1720534171998.00, -43588, -532974, -375 
1720534172019.00, -43669, -533915, -377 
1720534172041.00, -43737, -534860, -375 
1720534172063.00, -43563, -535816, -377 
1720534172084.00, -43864, -536761, -387 
1720534172111.00, -43701, -537698, -384 
1720534172128.00, -43493, -538650, -393 
1720534172150.00, -43595, -539600, -400 
1720534172171.00, -43768, -540537, -408 
1720534172193.00, -43565, -541482, -409 
1720534172215.00, -43745, -542440, -420 
1720534172236.00, -43672, -543384, -423 
1720534172258.00, -43610, -544323, -416 
1720534172279.00, -43567, -545273, -423 
1720534172301.00, -43608, -546221, -429 
1720534172323.00, -43662, -547156, -411 
1720534172344.00, -43754, -548105, -393 
1720534172366.00, -43629, -549061, -397 
1720534172387.00, -43626, -550003, -394 
1720534172409.00, -43505, -550943, -393 
1720534172430.00, -43658, -551898, -392 
1720534172452.00, -43793, -552843, -397 
1720534172475.00, -43593, -553782, -392 
1720534172496.00, -43589, -554731, -395 
1720534172517.00, -43599, -555684, -404 
1720534172539.00, -43580, -556622, -394 
1720534172560.00, -43731, -557565, -396 
1720534172582.00, -43757, -558514, -395 
1720534172604.00, -43711, -559463, -392 
1720534172625.00, -43542, -560405, -396 
1720534172652.00, -43594, -561353, -397 
1720534172669.00, -43649, -562306, -398 
1720534172691.00, -43663, -563241, -396 
1720534172712.00, -43776, -564184, -396 
1720534172734.00, -43815, -565138, -393 
1720534172761.00, -43494, -566088, -386 
1720534172776.00, -43573, -567023, -377 
1720534172799.00, -43592, -567974, -363 
1720534172820.00, -43634, -568921, -359 
1720534172841.00, -43890, -569861, -353 
1720534172864.00, -43869, -570802, -348 
1720534172885.00, -43410, -571753, -354 
1720534172907.00, -43533, -572700, -350 
1720534172928.00, -43566, -573639, -346 
1720534172950.00, -43319, -574592, -342 
1720534172972.00, -43545, -575541, -336 
1720534172995.00, -43866, -576476, -338 
1720534173015.00, -43602, -577416, -331 
1720534173037.00, -43678, -578367, -331 
1720534173059.00, -43639, -579311, -325 
1720534173080.00, -43376, -580253, -318 
1720534173101.00, -43644, -581205, -319 
1720534173123.00, -43804, -582152, -324 
1720534173145.00, -43531, -583092, -323 
1720534173166.00, -43485, -584035, -325 
1720534173188.00, -43508, -584988, -339 
1720534173209.00, -43458, -585927, -339 
1720534173231.00, -43683, -586870, -332 
1720534173253.00, -43820, -587817, -326 
1720534173275.00, -43440, -588766, -322 
1720534173296.00, -43611, -589702, -318 
1720534173317.00, -43542, -590646, -305 
1720534173339.00, -43125, -591595, -310 
1720534173361.00, -43320, -592528, -311 
1720534173383.00, -43475, -593460, -308 
1720534173404.00, -24789, -594404, -311 
1720534173426.00, -13329, -594967, -330 
1720534173448.00, -6701, -595274, -318 
1720534173469.00, -2805, -595426, -305 
1720534173491.00, -488, -595494, -332 
1720534173512.00, 143, -595506, -295 
1720534173538.00, 1125, -595501, -212 
1720534173556.00, 1800, -595473, -67 
1720534173576.00, 2175, -595424, 81 
1720534173599.00, 7369, -595364, 185 
1720534173620.00, 16571, -595205, 294 
1720534173642.00, 28612, -594844, 430 
1720534173663.00, 36729, -594237, 489 
1720534173685.00, 41578, -593439, 627 
1720534173707.00, 43848, -592548, 655 
1720534173728.00, 43788, -591599, 707 
1720534173751.00, 43809, -590642, 773 
1720534173772.00, 43708, -589693, 794 
1720534173793.00, 43566, -588751, 849 
1720534173815.00, 43665, -587795, 897 
1720534173836.00, 43883, -586846, 933 
1720534173860.00, 43656, -585899, 954 
1720534173880.00, 43779, -584953, 981 
1720534173901.00, 43688, -584000, 1007 
1720534173923.00, 43566, -583052, 1007 
1720534173944.00, 43493, -582106, 1003 
1720534173966.00, 43900, -581151, 1008 
1720534173988.00, 43864, -580196, 1003 
1720534174010.00, 43600, -579253, 987 
1720534174032.00, 43558, -578307, 1008 
1720534174053.00, 43582, -577353, 996 
1720534174077.00, 43760, -576413, 996 
1720534174097.00, 43745, -575472, 985 
1720534174118.00, 43425, -574522, 992 
1720534174139.00, 43781, -573573, 975 
1720534174161.00, 43627, -572627, 972 
1720534174185.00, 43459, -571678, 956 
1720534174204.00, 43786, -570732, 930 
1720534174226.00, 43743, -569791, 942 
1720534174248.00, 43673, -568851, 917 
1720534174270.00, 43772, -567902, 909 
1720534174292.00, 43626, -566950, 913 
1720534174312.00, 43424, -566010, 918 
1720534174334.00, 43498, -565059, 933 
1720534174356.00, 43935, -564108, 936 
1720534174378.00, 43607, -563161, 956 
1720534174401.00, 43572, -562221, 977 
1720534174420.00, 43876, -561268, 962 
1720534174442.00, 43456, -560319, 988 
1720534174464.00, 43628, -559382, 983 
1720534174486.00, 43998, -558434, 951 
1720534174512.00, 43556, -557485, 944 
1720534174529.00, 43571, -556547, 919 
1720534174551.00, 43658, -555600, 942 
1720534174572.00, 43616, -554649, 966 
1720534174594.00, 43659, -553702, 945 
1720534174618.00, 43750, -552765, 926 
1720534174637.00, 43714, -551816, 919 
1720534174659.00, 43586, -550864, 927 
1720534174681.00, 43513, -549918, 921 
1720534174702.00, 43637, -548978, 899 
1720534174724.00, 43667, -548026, 897 
1720534174746.00, 43625, -547078, 911 
1720534174766.00, 43842, -546138, 923 
1720534174788.00, 43714, -545185, 957 
1720534174811.00, 43454, -544231, 1002 
1720534174834.00, 43632, -543285, 1035 
1720534174854.00, 43905, -542337, 1043 
1720534174876.00, 43904, -541376, 1057 
1720534174897.00, 43671, -540424, 1096 
1720534174919.00, 43443, -539477, 1110 
1720534174941.00, 43600, -538521, 1113 
1720534174962.00, 43816, -537569, 1133 
1720534174984.00, 43767, -536623, 1162 
1720534175006.00, 43919, -535673, 1173 
1720534175027.00, 43582, -534721, 1161 
1720534175050.00, 43905, -533766, 1189 
1720534175070.00, 43831, -532817, 1204 
1720534175093.00, 43607, -531861, 1209 
1720534175115.00, 43806, -530911, 1191 
1720534175137.00, 43703, -529965, 1222 
1720534175158.00, 43646, -529012, 1235 
1720534175180.00, 43571, -528061, 1196 
1720534175202.00, 43368, -527112, 1195 
1720534175223.00, 43480, -526167, 1187 
1720534175245.00, 43875, -525214, 1181 
1720534175267.00, 43686, -524265, 1155 
1720534175289.00, 43627, -523318, 1153 
1720534175310.00, 43478, -522363, 1164 
1720534175332.00, 43615, -521412, 1140 
1720534175354.00, 43829, -520465, 1158 
1720534175375.00, 43858, -519519, 1162 
1720534175397.00, 43618, -518560, 1172 
1720534175419.00, 43630, -517611, 1191 
1720534175441.00, 43770, -516665, 1192 
1720534175462.00, 43729, -515708, 1206 
1720534175484.00, 43778, -514754, 1196 
1720534175506.00, 43684, -513806, 1204 
1720534175527.00, 43691, -512859, 1193 
1720534175549.00, 43757, -511906, 1213 
1720534175571.00, 43504, -510955, 1213 
1720534175592.00, 43396, -510018, 1171 
1720534175615.00, 43755, -509059, 1184 
1720534175636.00, 43759, -508112, 1194 
1720534175658.00, 43652, -507162, 1216 
1720534175679.00, 43587, -506210, 1222 
1720534175701.00, 43534, -505254, 1250 
1720534175723.00, 43822, -504307, 1260 
1720534175745.00, 43840, -503365, 1284 
1720534175766.00, 43562, -502405, 1281 
1720534175788.00, 43665, -501453, 1284 
1720534175810.00, 43652, -500507, 1318 
1720534175832.00, 43607, -499554, 1305 
1720534175853.00, 43596, -498602, 1277 
1720534175875.00, 43577, -497654, 1273 
1720534175897.00, 43715, -496710, 1267 
1720534175919.00, 43657, -495753, 1265 
1720534175940.00, 43575, -494805, 1266 
1720534175962.00, 43656, -493861, 1264 
1720534175983.00, 43831, -492909, 1252 
1720534176006.00, 43966, -491956, 1257 
1720534176027.00, 43723, -491002, 1292 
1720534176049.00, 43465, -490053, 1309 
1720534176070.00, 43567, -489101, 1286 
1720534176092.00, 43745, -488153, 1276 
1720534176114.00, 43542, -487213, 1249 
1720534176136.00, 43574, -486261, 1225 
1720534176158.00, 43662, -485309, 1227 
1720534176179.00, 43752, -484362, 1225 
1720534176201.00, 43589, -483413, 1223 
1720534176223.00, 43417, -482455, 1220 
1720534176245.00, 43656, -481504, 1240 
1720534176266.00, 43809, -480568, 1208 
1720534176288.00, 43575, -479611, 1219 
1720534176310.00, 43434, -478664, 1187 
1720534176332.00, 43554, -477721, 1174 
1720534176352.00, 43675, -476771, 1168 
1720534176378.00, 43893, -475817, 1182 
1720534176396.00, 43547, -474863, 1215 
1720534176419.00, 43576, -473922, 1203 
1720534176440.00, 43684, -472963, 1207 
1720534176462.00, 43608, -472015, 1223 
1720534176484.00, 43481, -471072, 1216 
1720534176505.00, 43732, -470122, 1207 
1720534176526.00, 43774, -469170, 1216 
1720534176549.00, 43802, -468217, 1242 
1720534176570.00, 43605, -467270, 1285 
1720534176592.00, 43573, -466309, 1293 
1720534176613.00, 43870, -465356, 1309 
1720534176636.00, 43807, -464416, 1297 
1720534176657.00, 43455, -463460, 1283 
1720534176679.00, 43571, -462511, 1255 
1720534176700.00, 43642, -461566, 1264 
1720534176722.00, 43723, -460622, 1232 
1720534176744.00, 43647, -459669, 1251 
1720534176765.00, 43797, -458716, 1226 
1720534176788.00, 43671, -457773, 1224 
1720534176811.00, 43721, -456815, 1208 
1720534176831.00, 43468, -455867, 1217 
1720534176853.00, 43362, -454918, 1216 
1720534176874.00, 43770, -453977, 1184 
1720534176896.00, 43687, -453027, 1173 
1720534176922.00, 43502, -452077, 1166 
1720534176939.00, 43374, -451131, 1128 
1720534176961.00, 43423, -450181, 1090 
1720534176983.00, 43433, -449232, 1076 
1720534177005.00, 43428, -448289, 1057 
1720534177026.00, 43612, -447347, 1042 
1720534177048.00, 43685, -446398, 1029 
1720534177070.00, 43637, -445447, 1034 
1720534177092.00, 43423, -444505, 1026 
1720534177114.00, 43717, -443552, 1000 
1720534177135.00, 43826, -442603, 990 
1720534177157.00, 43511, -441662, 1001 
1720534177178.00, 43523, -440710, 977 
1720534177199.00, 43537, -439767, 951 
1720534177222.00, 43532, -438823, 935 
1720534177243.00, 43636, -437887, 904 
1720534177265.00, 43814, -436936, 894 
1720534177286.00, 43504, -435992, 886 
1720534177308.00, 43575, -435049, 871 
1720534177330.00, 43696, -434099, 863 
1720534177353.00, 43493, -433151, 857 
1720534177373.00, 43651, -432212, 818 
1720534177396.00, 24948, -431277, 781 
1720534177416.00, 13823, -430708, 793 
1720534177438.00, 7258, -430397, 818 
1720534177461.00, 3169, -430238, 797 
1720534177481.00, 722, -430168, 759 
1720534177502.00, -53, -430153, 679 
1720534177523.00, -986, -430158, 549 
1720534177545.00, -1703, -430179, 407 
1720534177567.00, -2129, -430219, 277 
1720534177588.00, -2302, -430272, 157 
1720534177609.00, -2449, -430328, 67 
1720534177630.00, -2504, -430392, -9 
1720534177652.00, -2451, -430452, -78 
1720534177674.00, -7139, -430510, -138 
1720534177696.00, -13456, -430662, -184 
1720534177716.00, -20148, -430948, -224 
1720534177738.00, -26233, -431379, -255 
1720534177760.00, -31687, -431941, -273 
1720534177781.00, -35862, -432613, -278 
1720534177804.00, -38589, -433388, -286 
1720534177825.00, -40844, -434229, -295 
1720534177847.00, -42507, -435113, -306 
1720534177868.00, -43648, -436026, -315 
1720534177890.00, -43515, -436975, -323 
1720534177911.00, -44154, -437934, -319 
1720534177934.00, -43721, -438882, -370 
1720534177954.00, -43571, -439818, -328 
1720534177977.00, -43506, -440768, -353 
1720534177999.00, -43726, -441723, -363 
1720534178020.00, -43672, -442660, -369 
1720534178042.00, -43654, -443607, -368 
1720534178063.00, -43710, -444568, -368 
1720534178084.00, -43673, -445506, -368 
1720534178106.00, -43546, -446446, -356 
1720534178128.00, -43678, -447396, -353 
1720534178150.00, -43747, -448345, -359 
1720534178171.00, -43729, -449279, -350 
1720534178193.00, -43612, -450228, -344 
1720534178215.00, -43639, -451186, -337 
1720534178236.00, -43648, -452127, -330 
1720534178258.00, -43614, -453066, -320 
1720534178280.00, -43779, -454019, -322 
1720534178301.00, -43782, -454965, -324 
1720534178323.00, -43614, -455903, -318 
1720534178345.00, -43678, -456849, -317 
1720534178366.00, -43551, -457806, -316 
1720534178387.00, -43558, -458745, -312 
1720534178409.00, -43888, -459686, -304 
1720534178431.00, -43447, -460640, -312 
1720534178454.00, -43470, -461580, -318 
1720534178474.00, -43572, -462509, -310 
1720534178496.00, -43371, -463455, -318 
1720534178518.00, -43513, -464410, -323 
1720534178539.00, -43568, -465337, -320 
1720534178561.00, -43790, -466281, -316 
1720534178583.00, -43837, -467236, -311 
1720534178604.00, -43699, -468183, -305 
1720534178625.00, -43147, -469122, -288 
1720534178647.00, -41893, -470065, -298 
1720534178669.00, -41761, -470983, -297 
1720534178692.00, -41665, -471874, -298 
1720534178712.00, -41660, -472775, -305 
1720534178734.00, -42237, -473683, -303 
1720534178755.00, -42249, -474593, -301 
1720534178781.00, -42161, -475502, -297 
1720534178799.00, -41743, -476417, -298 
1720534178820.00, -41649, -477340, -297 
1720534178842.00, -41470, -478233, -300 
1720534178864.00, -41668, -479130, -294 
1720534178890.00, -41518, -480035, -296 
1720534178907.00, -41617, -480937, -292 
1720534178928.00, -41143, -481821, -292 
1720534178950.00, -40900, -482719, -303 
1720534178971.00, -41430, -483617, -304 
1720534178994.00, -41837, -484515, -313 
1720534179015.00, -42504, -485417, -311 
1720534179037.00, -43052, -486344, -316 
1720534179058.00, -43371, -487283, -312 
1720534179080.00, -43498, -488208, -316 
1720534179102.00, -43546, -489148, -313 
1720534179123.00, -43522, -490103, -309 
1720534179145.00, -43305, -491046, -307 
1720534179167.00, -43270, -491982, -298 
1720534179188.00, -42716, -492923, -302 
1720534179209.00, -42600, -493852, -303 
1720534179232.00, -42463, -494763, -309 
1720534179253.00, -42735, -495684, -309 
1720534179275.00, -42964, -496619, -311 
1720534179297.00, -42935, -497549, -318 
1720534179318.00, -43247, -498476, -315 
1720534179340.00, -43593, -499418, -324 
1720534179361.00, -43698, -500372, -326 
1720534179383.00, -43772, -501308, -324 
1720534179404.00, -43727, -502256, -330 
1720534179426.00, -43490, -503212, -336 
1720534179448.00, -43663, -504155, -336 
1720534179469.00, -43772, -505090, -330 
1720534179491.00, -43592, -506044, -339 
1720534179513.00, -43562, -506996, -344 
1720534179534.00, -43623, -507931, -335 
1720534179556.00, -43637, -508880, -339 
1720534179578.00, -43629, -509837, -341 
1720534179599.00, -43803, -510777, -348 
1720534179621.00, -43679, -511717, -337 
1720534179643.00, -43750, -512669, -341 
1720534179664.00, -43638, -513618, -345 
1720534179686.00, -43504, -514552, -340 
1720534179707.00, -43444, -515503, -340 
1720534179729.00, -43697, -516461, -343 
1720534179751.00, -43691, -517400, -342 
1720534179772.00, -43540, -518341, -335 
1720534179794.00, -43581, -519296, -350 
1720534179816.00, -43577, -520242, -356 
1720534179837.00, -43563, -521173, -346 
1720534179858.00, -43712, -522122, -352 
1720534179880.00, -43884, -523080, -359 
1720534179902.00, -43550, -524018, -363 
1720534179924.00, -43634, -524962, -353 
1720534179946.00, -43835, -525913, -355 
1720534179967.00, -43727, -526861, -364 
1720534179989.00, -43706, -527799, -362 
1720534180010.00, -43847, -528750, -365 
1720534180032.00, -43642, -529704, -368 
1720534180054.00, -43607, -530640, -375 
1720534180075.00, -43692, -531585, -375 
1720534180097.00, -43790, -532539, -380 
1720534180119.00, -43675, -533488, -383 
1720534180140.00, -43910, -534431, -378 
1720534180161.00, -43671, -535382, -383 
1720534180184.00, -43509, -536336, -385 
1720534180205.00, -43569, -537271, -386 
1720534180227.00, -43706, -538213, -384 
1720534180248.00, -43620, -539163, -383 
1720534180269.00, -43551, -540108, -391 
1720534180292.00, -43707, -541049, -388 
1720534180315.00, -43523, -542003, -390 
1720534180335.00, -43534, -542951, -393 
1720534180356.00, -43653, -543889, -391 
1720534180378.00, -43623, -544830, -385 
1720534180400.00, -43711, -545783, -387 
1720534180422.00, -43709, -546722, -385 
1720534180443.00, -43497, -547663, -379 
1720534180465.00, -43501, -548617, -384 
1720534180487.00, -43647, -549571, -387 
1720534180507.00, -43707, -550508, -386 
1720534180535.00, -43564, -551453, -389 
1720534180553.00, -43666, -552410, -395 
1720534180573.00, -43729, -553346, -400 
1720534180595.00, -43682, -554289, -397 
1720534180617.00, -43702, -555242, -409 
1720534180637.00, -43923, -556193, -412 
1720534180660.00, -43625, -557129, -398 
1720534180681.00, -43558, -558075, -392 
1720534180703.00, -43499, -559029, -398 
1720534180724.00, -43543, -559965, -391 
1720534180746.00, -43674, -560906, -380 
1720534180768.00, -43852, -561857, -382 
1720534180790.00, -43547, -562804, -386 
1720534180811.00, -43643, -563741, -382 
1720534180833.00, -43693, -564687, -375 
1720534180859.00, -43514, -565642, -380 
1720534180876.00, -43478, -566583, -379 
1720534180898.00, -43749, -567526, -366 
1720534180919.00, -43607, -568479, -373 
1720534180941.00, -43661, -569423, -374 
1720534180962.00, -43752, -570358, -369 
1720534180984.00, -43716, -571306, -372 
1720534181006.00, -43602, -572258, -374 
1720534181027.00, -43768, -573201, -376 
1720534181049.00, -43784, -574151, -374 
1720534181071.00, -43489, -575108, -380 
1720534181093.00, -43620, -576050, -384 
1720534181114.00, -43699, -576984, -384 
1720534181136.00, -43526, -577933, -381 
1720534181157.00, -43772, -578880, -381 
1720534181179.00, -43724, -579816, -384 
1720534181201.00, -43466, -580767, -379 
1720534181222.00, -43578, -581717, -380 
1720534181243.00, -43741, -582665, -376 
1720534181265.00, -43639, -583603, -367 
1720534181291.00, -43736, -584552, -371 
1720534181309.00, -43669, -585501, -369 
1720534181331.00, -43689, -586440, -362 
1720534181352.00, -43585, -587390, -358 
1720534181374.00, -43669, -588341, -374 
1720534181398.00, -43790, -589282, -375 
1720534181417.00, -43717, -590223, -378 
1720534181439.00, -43685, -591173, -390 
1720534181460.00, -43735, -592121, -392 
1720534181482.00, -43568, -593065, -391 
1720534181503.00, -24743, -594008, -395 
1720534181525.00, -13602, -594576, -418 
1720534181547.00, -6907, -594883, -422 
1720534181569.00, -2911, -595044, -430 
1720534181589.00, -440, -595113, -438 
1720534181611.00, 98, -595124, -387 
1720534181633.00, 880, -595123, -350 
1720534181654.00, 1608, -595111, -315 
1720534181676.00, 2055, -595074, -214 
1720534181698.00, 2240, -595022, -95 
1720534181719.00, 2315, -594968, -27 
1720534181741.00, 2430, -594910, 45 
1720534181762.00, 5140, -594847, 153 
1720534181783.00, 13014, -594726, 243 
1720534181806.00, 23502, -594447, 283 
1720534181827.00, 32109, -593953, 322 
1720534181855.00, 38657, -593269, 364 
1720534181870.00, 42380, -592443, 375 
1720534181892.00, 44052, -591527, 388 
1720534181914.00, 43830, -590572, 399 
1720534181935.00, 43528, -589626, 408 
1720534181957.00, 43736, -588688, 411 
1720534181979.00, 43769, -587734, 418 
1720534182000.00, 43417, -586783, 436 
1720534182022.00, 43774, -585843, 435 
1720534182043.00, 43916, -584892, 514 
1720534182066.00, 43593, -583944, 492 
1720534182086.00, 43604, -583001, 497 
1720534182108.00, 43800, -582058, 499 
1720534182129.00, 43658, -581102, 500 
1720534182151.00, 43653, -580150, 508 
1720534182174.00, 43967, -579214, 509 
1720534182194.00, 43649, -578265, 499 
1720534182216.00, 43522, -577317, 496 
1720534182238.00, 43684, -576375, 507 
1720534182260.00, 43555, -575435, 503 
1720534182282.00, 43627, -574483, 495 
1720534182303.00, 43879, -573535, 494 
1720534182324.00, 43649, -572592, 499 
1720534182346.00, 43732, -571643, 500 
1720534182368.00, 43683, -570695, 503 
1720534182390.00, 43769, -569755, 512 
1720534182411.00, 43668, -568811, 506 
1720534182432.00, 43754, -567863, 495 
1720534182454.00, 43721, -566913, 504 
1720534182476.00, 43602, -565973, 501 
1720534182498.00, 43412, -565020, 495 
1720534182519.00, 43588, -564070, 498 
1720534182541.00, 43733, -563133, 506 
1720534182562.00, 43801, -562191, 511 
1720534182584.00, 43755, -561237, 528 
1720534182606.00, 43654, -560290, 544 
1720534182627.00, 43569, -559353, 564 
1720534182648.00, 43886, -558399, 592 
1720534182671.00, 43844, -557446, 622 
1720534182692.00, 43614, -556499, 669 
1720534182715.00, 43795, -555553, 724 
1720534182735.00, 43765, -554600, 791 
1720534182757.00, 43793, -553647, 829 
1720534182779.00, 43671, -552706, 880 
1720534182801.00, 43724, -551750, 933 
1720534182822.00, 43877, -550798, 983 
1720534182844.00, 43488, -549850, 1047 
1720534182865.00, 43413, -548896, 1088 
1720534182887.00, 43901, -547941, 1124 
1720534182910.00, 43813, -546988, 1183 
1720534182931.00, 43732, -546040, 1224 
1720534182952.00, 43627, -545088, 1241 
1720534182975.00, 43602, -544131, 1268 
1720534182995.00, 43734, -543189, 1272 
1720534183018.00, 43871, -542240, 1297 
1720534183039.00, 43553, -541285, 1281 
1720534183061.00, 43667, -540332, 1302 
1720534183082.00, 43688, -539389, 1302 
1720534183104.00, 43715, -538438, 1299 
1720534183126.00, 43704, -537485, 1308 
1720534183151.00, 43636, -536541, 1312 
1720534183169.00, 43703, -535591, 1315 
1720534183191.00, 43774, -534638, 1321 
1720534183213.00, 43547, -533687, 1318 
1720534183234.00, 43667, -532739, 1311 
1720534183257.00, 43843, -531787, 1299 
1720534183278.00, 43857, -530834, 1288 
1720534183300.00, 43642, -529897, 1259 
1720534183322.00, 43490, -528943, 1265 
1720534183343.00, 43573, -527991, 1235 
1720534183365.00, 43769, -527047, 1245 
1720534183387.00, 43659, -526101, 1241 
1720534183408.00, 43643, -525148, 1229 
1720534183430.00, 43682, -524197, 1213 
1720534183452.00, 43655, -523251, 1235 
1720534183473.00, 43608, -522299, 1220 
1720534183495.00, 43474, -521347, 1246 
1720534183517.00, 43642, -520403, 1202 
1720534183539.00, 43879, -519465, 1150 
1720534183561.00, 43489, -518506, 1165 
1720534183583.00, 43485, -517561, 1140 
1720534183604.00, 43501, -516622, 1108 
1720534183625.00, 43498, -515666, 1079 
1720534183647.00, 43667, -514716, 1074 
1720534183669.00, 43746, -513773, 1076 
1720534183691.00, 43825, -512820, 1108 
1720534183712.00, 43754, -511867, 1146 
1720534183734.00, 43616, -510914, 1179 
1720534183756.00, 43461, -509970, 1207 
1720534183778.00, 43728, -509013, 1220 
1720534183799.00, 43690, -508062, 1213 
1720534183821.00, 43705, -507115, 1217 
1720534183843.00, 43581, -506163, 1253 
1720534183865.00, 43587, -505207, 1267 
1720534183887.00, 43798, -504259, 1263 
1720534183909.00, 43946, -503315, 1288 
1720534183930.00, 43483, -502356, 1307 
1720534183952.00, 43633, -501406, 1329 
1720534183973.00, 43770, -500461, 1349 
1720534183995.00, 43730, -499502, 1399 
1720534184017.00, 43757, -498546, 1386 
1720534184039.00, 43887, -497600, 1409 
1720534184060.00, 43699, -496652, 1397 
1720534184082.00, 43701, -495695, 1421 
1720534184104.00, 43605, -494749, 1406 
1720534184126.00, 43460, -493804, 1437 
1720534184147.00, 43813, -492853, 1403 
1720534184169.00, 43744, -491900, 1431 
1720534184190.00, 43671, -490948, 1438 
1720534184212.00, 43628, -490002, 1429 
1720534184234.00, 43452, -489044, 1460 
1720534184256.00, 43790, -488096, 1468 
1720534184277.00, 43827, -487156, 1479 
1720534184299.00, 43485, -486201, 1460 
1720534184321.00, 43428, -485248, 1471 
1720534184343.00, 43437, -484305, 1464 
1720534184365.00, 43554, -483358, 1436 
1720534184386.00, 43662, -482401, 1473 
1720534184408.00, 43737, -481453, 1457 
1720534184430.00, 43713, -480507, 1478 
1720534184452.00, 43717, -479554, 1476 
1720534184473.00, 43486, -478601, 1495 
1720534184495.00, 43349, -477653, 1512 
1720534184517.00, 43786, -476705, 1511 
1720534184538.00, 43656, -475753, 1534 
1720534184560.00, 43682, -474804, 1504 
1720534184581.00, 43461, -473859, 1500 
1720534184604.00, 43510, -472905, 1518 
1720534184625.00, 43728, -471957, 1489 
1720534184647.00, 43672, -471016, 1478 
1720534184669.00, 43510, -470060, 1486 
1720534184690.00, 43668, -469110, 1486 
1720534184712.00, 43651, -468161, 1475 
1720534184733.00, 43549, -467213, 1500 
1720534184756.00, 43566, -466256, 1494 
1720534184777.00, 43854, -465304, 1467 
1720534184799.00, 43663, -464363, 1481 
1720534184821.00, 43537, -463407, 1459 
1720534184843.00, 43539, -462458, 1456 
1720534184864.00, 43647, -461519, 1419 
1720534184885.00, 43662, -460576, 1371 
1720534184907.00, 43732, -459617, 1365 
1720534184929.00, 43765, -458667, 1342 
1720534184951.00, 43640, -457724, 1363 
1720534184973.00, 43567, -456765, 1345 
1720534184994.00, 43413, -455821, 1309 
1720534185016.00, 43329, -454876, 1309 
1720534185038.00, 43760, -453933, 1317 
1720534185060.00, 43705, -452983, 1305 
1720534185081.00, 43560, -452028, 1301 
1720534185103.00, 43579, -451087, 1280 
1720534185125.00, 43633, -450130, 1267 
1720534185146.00, 43812, -449177, 1293 
1720534185168.00, 43757, -448233, 1305 
1720534185189.00, 43604, -447278, 1300 
1720534185211.00, 43717, -446331, 1281 
1720534185233.00, 43533, -445382, 1261 
1720534185255.00, 43453, -444442, 1215 
1720534185277.00, 43728, -443487, 1183 
1720534185299.00, 43859, -442540, 1197 
1720534185320.00, 43608, -441595, 1173 
1720534185342.00, 43543, -440645, 1144 
1720534185364.00, 43616, -439695, 1111 
1720534185386.00, 43794, -438748, 1112 
1720534185407.00, 43605, -437802, 1123 
1720534185429.00, 43597, -436847, 1076 
1720534185458.00, 43656, -435900, 1070 
1720534185472.00, 43606, -434958, 1027 
1720534185494.00, 43438, -434004, 991 
1720534185516.00, 43410, -433061, 925 
1720534185537.00, 43617, -432124, 897 
1720534185561.00, 24806, -431190, 848 
1720534185580.00, 13475, -430625, 801 
1720534185601.00, 6881, -430319, 744 
1720534185624.00, 3007, -430163, 761 
1720534185645.00, 548, -430095, 760 
1720534185666.00, -66, -430084, 683 
1720534185687.00, -988, -430091, 551 
1720534185709.00, -1591, -430110, 439 
1720534185731.00, -2110, -430146, 326 
1720534185752.00, -2420, -430196, 224 
1720534185773.00, -2451, -430254, 114 
1720534185795.00, -2509, -430314, 27 
1720534185816.00, -2509, -430380, -53 
1720534185838.00, -5592, -430439, -137 
1720534185860.00, -12336, -430563, -200 
1720534185885.00, -20173, -430828, -252 
1720534185904.00, -27803, -431265, -286 
1720534185925.00, -34251, -431866, -322 
1720534185946.00, -39840, -432593, -310 
1720534185968.00, -42787, -433459, -438 
1720534185989.00, -43607, -434398, -406 
1720534186011.00, -43839, -435348, -435 
1720534186032.00, -43835, -436290, -443 
1720534186054.00, -43743, -437236, -440 
1720534186076.00, -43681, -438194, -446 
1720534186097.00, -43754, -439134, -445 
1720534186119.00, -43658, -440073, -442 
1720534186141.00, -43687, -441026, -442 
1720534186163.00, -43866, -441977, -439 
1720534186184.00, -43542, -442913, -434 
1720534186206.00, -43564, -443863, -433 
1720534186227.00, -43696, -444817, -429 
1720534186249.00, -43475, -445753, -429 
1720534186271.00, -43496, -446697, -421 
1720534186292.00, -43697, -447645, -423 
1720534186314.00, -43711, -448588, -421 
1720534186336.00, -43566, -449526, -409 
1720534186357.00, -43622, -450479, -405 
1720534186379.00, -43657, -451434, -400 
1720534186400.00, -43583, -452370, -399 
1720534186422.00, -43899, -453314, -394 
1720534186444.00, -43678, -454269, -395 
1720534186466.00, -43552, -455210, -402 
1720534186487.00, -43613, -456150, -397 
1720534186508.00, -43715, -457100, -400 
1720534186530.00, -43506, -458052, -398 
1720534186552.00, -43759, -458992, -394 
1720534186573.00, -43667, -459935, -391 
1720534186595.00, -43452, -460891, -391 
1720534186617.00, -43567, -461830, -396 
1720534186639.00, -43744, -462768, -394 
1720534186660.00, -43612, -463718, -401 
1720534186682.00, -43744, -464671, -406 
1720534186703.00, -43750, -465605, -403 
1720534186725.00, -43586, -466555, -413 
1720534186747.00, -43553, -467511, -414 
1720534186768.00, -43630, -468452, -422 
1720534186789.00, -43602, -469394, -416 
1720534186812.00, -43766, -470349, -419 
1720534186833.00, -43698, -471297, -419 
1720534186855.00, -43602, -472229, -408 
1720534186877.00, -43457, -473178, -410 
1720534186898.00, -43605, -474133, -413 
1720534186919.00, -43701, -475068, -414 
1720534186941.00, -43706, -476012, -405 
1720534186963.00, -43661, -476969, -404 
1720534186985.00, -43677, -477919, -407 
1720534187006.00, -43589, -478853, -394 
1720534187028.00, -43632, -479799, -398 
1720534187050.00, -43732, -480756, -398 
1720534187071.00, -43737, -481684, -396 
1720534187095.00, -43626, -482633, -402 
1720534187115.00, -43620, -483595, -401 
1720534187136.00, -43683, -484538, -403 
1720534187158.00, -43618, -485481, -396 
1720534187179.00, -43739, -486430, -405 
1720534187201.00, -43752, -487382, -404 
1720534187223.00, -43549, -488316, -395 
1720534187245.00, -43653, -489259, -389 
1720534187265.00, -43652, -490214, -384 
1720534187287.00, -43579, -491159, -384 
1720534187309.00, -43808, -492099, -374 
1720534187331.00, -43934, -493052, -377 
1720534187352.00, -43390, -494003, -375 
1720534187374.00, -43527, -494935, -373 
1720534187396.00, -43579, -495881, -377 
1720534187420.00, -43395, -496835, -373 
1720534187439.00, -43602, -497774, -380 
1720534187461.00, -43833, -498708, -376 
1720534187483.00, -43544, -499663, -380 
1720534187504.00, -43597, -500616, -380 
1720534187529.00, -43630, -501551, -359 
1720534187547.00, -43449, -502500, -357 
1720534187569.00, -43656, -503458, -372 
1720534187590.00, -43845, -504391, -372 
1720534187612.00, -43512, -505330, -358 
1720534187636.00, -43511, -506283, -368 
1720534187656.00, -43589, -507231, -378 
1720534187677.00, -43492, -508166, -368 
1720534187699.00, -43685, -509120, -376 
1720534187720.00, -43852, -510077, -376 
1720534187747.00, -43467, -511008, -377 
1720534187764.00, -43719, -511953, -374 
1720534187785.00, -43656, -512902, -382 
1720534187807.00, -43591, -513849, -382 
1720534187829.00, -43692, -514782, -370 
1720534187850.00, -43911, -515734, -378 
1720534187872.00, -43539, -516695, -374 
1720534187894.00, -43630, -517629, -366 
1720534187915.00, -43676, -518573, -364 
1720534187937.00, -43580, -519527, -365 
1720534187961.00, -43590, -520468, -370 
1720534187980.00, -43858, -521406, -363 
1720534188002.00, -43543, -522358, -372 
1720534188023.00, -43424, -523311, -374 
1720534188045.00, -43469, -524247, -373 
1720534188067.00, -43650, -525190, -381 
1720534188088.00, -43550, -526147, -408 
1720534188110.00, -43723, -527089, -422 
1720534188132.00, -43553, -528028, -432 
1720534188153.00, -43447, -528981, -438 
1720534188174.00, -43613, -529933, -422 
1720534188197.00, -43675, -530860, -393 
1720534188218.00, -43672, -531805, -398 
1720534188239.00, -43877, -532762, -392 
1720534188261.00, -43670, -533704, -375 
1720534188283.00, -43517, -534648, -372 
1720534188305.00, -43660, -535599, -381 
1720534188326.00, -43653, -536550, -381 
1720534188348.00, -43591, -537486, -377 
1720534188369.00, -43730, -538428, -370 
1720534188391.00, -43554, -539383, -379 
1720534188413.00, -43462, -540323, -380 
1720534188434.00, -43640, -541267, -368 
1720534188456.00, -43607, -542218, -365 
1720534188477.00, -43616, -543163, -355 
1720534188499.00, -43690, -544099, -342 
1720534188521.00, -43746, -545044, -338 
1720534188542.00, -43552, -545999, -342 
1720534188564.00, -43535, -546937, -344 
1720534188585.00, -43648, -547877, -332 
1720534188608.00, -43643, -548831, -331 
1720534188629.00, -43859, -549778, -331 
1720534188650.00, -43598, -550717, -319 
1720534188672.00, -43523, -551663, -308 
1720534188694.00, -43301, -552618, -300 
1720534188716.00, -42547, -553545, -283 
1720534188737.00, -41414, -554470, -264 
1720534188759.00, -39568, -555369, -264 
1720534188781.00, -38459, -556231, -262 
1720534188802.00, -37712, -557054, -247 
1720534188824.00, -36220, -557866, -247 
1720534188850.00, -35320, -558661, -256 
1720534188867.00, -35498, -559427, -259 
1720534188889.00, -35774, -560185, -251 
1720534188910.00, -35331, -560960, -250 
1720534188932.00, -35060, -561729, -263 
1720534188957.00, -35339, -562491, -265 
1720534188975.00, -35855, -563255, -267 
1720534188997.00, -36236, -564029, -269 
1720534189019.00, -36839, -564821, -277 
1720534189039.00, -37619, -565628, -288 
1720534189062.00, -38466, -566437, -294 
1720534189084.00, -39548, -567270, -292 
1720534189105.00, -39993, -568132, -298 
1720534189126.00, -40769, -569006, -311 
1720534189148.00, -42106, -569881, -317 
1720534189170.00, -43095, -570783, -314 
1720534189192.00, -43455, -571713, -328 
1720534189212.00, -43582, -572657, -337 
1720534189235.00, -43657, -573597, -332 
1720534189256.00, -43770, -574550, -333 
1720534189278.00, -43543, -575501, -335 
1720534189300.00, -43857, -576440, -340 
1720534189321.00, -43718, -577381, -328 
1720534189343.00, -43578, -578332, -338 
1720534189364.00, -43698, -579280, -347 
1720534189391.00, -43805, -580223, -354 
1720534189408.00, -43589, -581173, -357 
1720534189430.00, -43848, -582124, -356 
1720534189451.00, -43669, -583066, -367 
1720534189472.00, -43520, -584009, -363 
1720534189494.00, -43503, -584960, -371 
1720534189515.00, -43708, -585905, -367 
1720534189537.00, -43683, -586844, -357 
1720534189559.00, -43694, -587797, -358 
1720534189581.00, -43698, -588746, -364 
1720534189603.00, -43678, -589681, -367 
1720534189624.00, -43460, -590629, -364 
1720534189645.00, -43577, -591581, -372 
1720534189667.00, -43659, -592522, -372 
1720534189689.00, -43806, -593462, -377 
1720534189711.00, -24879, -594409, -381 
1720534189733.00, -13477, -594974, -383 
1720534189754.00, -6802, -595285, -374 
1720534189776.00, -2922, -595440, -364 
1720534189797.00, -620, -595506, -367 
1720534189818.00, 89, -595521, -337 
1720534189839.00, 989, -595520, -270 
1720534189862.00, 1661, -595497, -172 
1720534189882.00, 2137, -595457, -70 
1720534189904.00, 2357, -595404, 40 
1720534189926.00, 4777, -595346, 138 
1720534189948.00, 12145, -595233, 203 
1720534189969.00, 20424, -594970, 303 
1720534189991.00, 31177, -594527, 411 
1720534190013.00, 37991, -593857, 435 
1720534190036.00, 41943, -593027, 602 
1720534190056.00, 44070, -592125, 607 
1720534190078.00, 43861, -591164, 676 
1720534190099.00, 43651, -590211, 740 
1720534190121.00, 43668, -589262, 788 
1720534190143.00, 43774, -588318, 828 
1720534190164.00, 43727, -587364, 851 
1720534190186.00, 43535, -586415, 887 
1720534190208.00, 43689, -585473, 882 
1720534190229.00, 43701, -584525, 873 
1720534190251.00, 43729, -583578, 869 
1720534190272.00, 43642, -582638, 860 
1720534190294.00, 43733, -581692, 838 
1720534190315.00, 43638, -580740, 815 
1720534190337.00, 43571, -579792, 802 
1720534190359.00, 43766, -578853, 783 
1720534190381.00, 43623, -577904, 784 
1720534190402.00, 43378, -576955, 792 
1720534190424.00, 43806, -576020, 764 
1720534190446.00, 43672, -575072, 769 
1720534190467.00, 43571, -574122, 764 
1720534190488.00, 43875, -573171, 759 
1720534190510.00, 43699, -572229, 764 
1720534190532.00, 43547, -571274, 764 
1720534190554.00, 43635, -570328, 778 
1720534190575.00, 43747, -569387, 790 
1720534190597.00, 43722, -568445, 771 
1720534190618.00, 43573, -567493, 786 
1720534190640.00, 43735, -566548, 768 
1720534190662.00, 43585, -565606, 765 
1720534190683.00, 43633, -564652, 757 
1720534190705.00, 43758, -563700, 753 
1720534190726.00, 43733, -562766, 732 
1720534190748.00, 43600, -561816, 751 
1720534190770.00, 43681, -560867, 745 
1720534190792.00, 43716, -559926, 746 
1720534190814.00, 43757, -558982, 767 
1720534190835.00, 43763, -558029, 760 
1720534190857.00, 43661, -557080, 770 
1720534190878.00, 43624, -556141, 759 
1720534190900.00, 43666, -555195, 764 
1720534190921.00, 43824, -554246, 776 
1720534190943.00, 43678, -553303, 768 
1720534190964.00, 43565, -552359, 774 
1720534190986.00, 43738, -551409, 790 
1720534191008.00, 43848, -550460, 804 
1720534191030.00, 43505, -549517, 828 
1720534191052.00, 43637, -548565, 825 
1720534191072.00, 43767, -547616, 837 
1720534191095.00, 43491, -546671, 834 
1720534191116.00, 43640, -545730, 854 
1720534191143.00, 43719, -544784, 851 
1720534191159.00, 43617, -543836, 853 
1720534191181.00, 43550, -542900, 855 
1720534191203.00, 43647, -541950, 844 
1720534191224.00, 43404, -540998, 842 
1720534191246.00, 43673, -540054, 855 
1720534191268.00, 43733, -539117, 859 
1720534191288.00, 43651, -538165, 859 
1720534191310.00, 43660, -537223, 852 
1720534191332.00, 43737, -536285, 839 
1720534191356.00, 43614, -535334, 809 
1720534191375.00, 43511, -534387, 812 
1720534191397.00, 43736, -533443, 818 
1720534191419.00, 43662, -532498, 816 
1720534191440.00, 43762, -531549, 798 
1720534191462.00, 43862, -530599, 813 
1720534191483.00, 43637, -529663, 807 
1720534191506.00, 43623, -528712, 830 
1720534191526.00, 43836, -527757, 848 
1720534191549.00, 43681, -526820, 854 
1720534191570.00, 43689, -525871, 860 
1720534191591.00, 43757, -524920, 861 
1720534191613.00, 43649, -523973, 853 
1720534191635.00, 43461, -523035, 844 
1720534191657.00, 43677, -522085, 825 
1720534191682.00, 43737, -521140, 820 
1720534191700.00, 43636, -520203, 830 
1720534191722.00, 43521, -519258, 817 
1720534191743.00, 43713, -518305, 826 
1720534191764.00, 43714, -517359, 848 
1720534191787.00, 43684, -516416, 855 
1720534191809.00, 43749, -515462, 851 
1720534191830.00, 43673, -514510, 853 
1720534191851.00, 43425, -513573, 854 
1720534191873.00, 43626, -512625, 849 
1720534191895.00, 43608, -511679, 853 
1720534191917.00, 43585, -510740, 845 
1720534191938.00, 43817, -509795, 852 
1720534191960.00, 43661, -508838, 860 
1720534191982.00, 43554, -507892, 884 
1720534192003.00, 43640, -506954, 887 
1720534192025.00, 43653, -506001, 893 
1720534192047.00, 43633, -505052, 901 
1720534192068.00, 43838, -504110, 899 
1720534192090.00, 43769, -503170, 889 
1720534192112.00, 43620, -502216, 886 
1720534192133.00, 43378, -501270, 889 
1720534192154.00, 43516, -500329, 900 
1720534192176.00, 43621, -499377, 896 
1720534192197.00, 43777, -498426, 917 
1720534192219.00, 43702, -497488, 923 
1720534192242.00, 43693, -496542, 933 
1720534192262.00, 43529, -495585, 953 
1720534192285.00, 43762, -494640, 977 
1720534192306.00, 43694, -493705, 1000 
1720534192327.00, 43696, -492746, 1004 
1720534192350.00, 43548, -491793, 1002 
1720534192371.00, 43717, -490844, 1004 
1720534192393.00, 43659, -489896, 1003 
1720534192415.00, 43598, -488942, 1008 
1720534192437.00, 43689, -487992, 1014 
1720534192458.00, 43761, -487050, 1032 
1720534192480.00, 43681, -486088, 1052 
1720534192502.00, 43642, -485139, 1050 
1720534192524.00, 43593, -484193, 1054 
1720534192545.00, 43564, -483239, 1069 
1720534192566.00, 43886, -482281, 1078 
1720534192588.00, 43671, -481336, 1056 
1720534192610.00, 43635, -480393, 1059 
1720534192632.00, 43410, -479434, 1082 
1720534192653.00, 43642, -478487, 1059 
1720534192675.00, 43643, -477548, 1068 
1720534192697.00, 43641, -476595, 1037 
1720534192719.00, 43528, -475643, 1031 
1720534192741.00, 43679, -474693, 1036 
1720534192762.00, 43738, -473750, 1036 
1720534192784.00, 43519, -472793, 1051 
1720534192806.00, 43723, -471845, 1039 
1720534192827.00, 43942, -470902, 1049 
1720534192849.00, 43637, -469945, 1049 
1720534192871.00, 43565, -468992, 1075 
1720534192893.00, 43553, -468048, 1072 
1720534192914.00, 43754, -467100, 1091 
1720534192936.00, 43756, -466141, 1098 
1720534192957.00, 43887, -465189, 1122 
1720534192980.00, 43634, -464242, 1140 
1720534193002.00, 43694, -463285, 1171 
1720534193023.00, 43613, -462334, 1204 
1720534193045.00, 43661, -461391, 1205 
1720534193067.00, 43778, -460442, 1197 
1720534193088.00, 43640, -459488, 1201 
1720534193110.00, 43662, -458536, 1180 
1720534193131.00, 43657, -457597, 1165 
1720534193153.00, 43341, -456639, 1153 
1720534193175.00, 43669, -455693, 1124 
1720534193197.00, 43941, -454750, 1160 
1720534193218.00, 43563, -453796, 1156 
1720534193240.00, 43540, -452845, 1173 
1720534193262.00, 43532, -451891, 1188 
1720534193284.00, 43645, -450949, 1192 
1720534193306.00, 43610, -449990, 1194 
1720534193327.00, 43551, -449038, 1161 
1720534193349.00, 43584, -448097, 1152 
1720534193370.00, 43701, -447145, 1169 
1720534193392.00, 43562, -446197, 1158 
1720534193414.00, 43234, -445248, 1152 
1720534193436.00, 43493, -444309, 1089 
1720534193458.00, 43723, -443362, 1043 
1720534193480.00, 43634, -442413, 1036 
1720534193501.00, 43434, -441466, 1033 
1720534193522.00, 43602, -440514, 1032 
1720534193545.00, 43765, -439569, 1028 
1720534193566.00, 43664, -438616, 1060 
1720534193588.00, 43540, -437668, 1054 
1720534193610.00, 43754, -436710, 1039 
1720534193632.00, 43763, -435768, 1039 
1720534193653.00, 43416, -434817, 1060 
1720534193674.00, 43522, -433861, 1009 
1720534193697.00, 43731, -432916, 1020 
1720534193718.00, 43798, -431972, 974 
1720534193740.00, 24892, -431030, 972 
1720534193763.00, 13601, -430460, 976 
1720534193784.00, 6733, -430151, 1000 
1720534193805.00, 2881, -429998, 970 
1720534193826.00, 454, -429931, 987 
1720534193848.00, -103, -429925, 856 
1720534193870.00, -1121, -429932, 709 
1720534193891.00, -1841, -429957, 516 
1720534193912.00, -2276, -430002, 354 
1720534193933.00, -2382, -430057, 221 
1720534193954.00, -2373, -430115, 108 
1720534193976.00, -2457, -430174, 13 
1720534193997.00, -2330, -430244, -92 
1720534194019.00, -7785, -430303, -186 
1720534194041.00, -16429, -430470, -262 
1720534194062.00, -26773, -430826, -303 
1720534194084.00, -34573, -431407, -451 
1720534194105.00, -39958, -432151, -400 
1720534194127.00, -43344, -433010, -463 
1720534194149.00, -43522, -433945, -494 
1720534194171.00, -43805, -434905, -513 
1720534194192.00, -43735, -435847, -523 
1720534194213.00, -43331, -436790, -517 
1720534194235.00, -43682, -437743, -502 
1720534194257.00, -43839, -438687, -491 
1720534194278.00, -43572, -439624, -464 
1720534194301.00, -43564, -440573, -464 
1720534194321.00, -43650, -441520, -445 
1720534194344.00, -43434, -442457, -425 
1720534194366.00, -43589, -443401, -417 
1720534194387.00, -43799, -444355, -416 
1720534194408.00, -43547, -445298, -415 
1720534194430.00, -43683, -446235, -409 
1720534194452.00, -43815, -447180, -408 
1720534194473.00, -43587, -448132, -409 
1720534194495.00, -43748, -449064, -401 
1720534194517.00, -43875, -450015, -395 
1720534194538.00, -43761, -450973, -396 
1720534194560.00, -43656, -451914, -392 
1720534194582.00, -43775, -452857, -385 
1720534194603.00, -43510, -453806, -391 
1720534194625.00, -43583, -454756, -388 
1720534194647.00, -43810, -455688, -379 
1720534194668.00, -43845, -456632, -368 
1720534194689.00, -43550, -457588, -361 
1720534194711.00, -43617, -458527, -351 
1720534194733.00, -43471, -459467, -331 
1720534194755.00, -43624, -460419, -329 
1720534194776.00, -43765, -461367, -328 
1720534194798.00, -43774, -462297, -327 
1720534194820.00, -43542, -463244, -329 
1720534194841.00, -43643, -464202, -324 
1720534194863.00, -43474, -465140, -327 
1720534194884.00, -43369, -466080, -324 
1720534194906.00, -43595, -467034, -331 
1720534194927.00, -43788, -467981, -333 
1720534194949.00, -43631, -468916, -321 
1720534194971.00, -43659, -469861, -323 
1720534194993.00, -43575, -470822, -322 
1720534195014.00, -43711, -471755, -325 
1720534195035.00, -43960, -472699, -321 
1720534195057.00, -43759, -473650, -328 
1720534195079.00, -43462, -474598, -336 
1720534195101.00, -43659, -475535, -330 
1720534195122.00, -43702, -476485, -339 
1720534195144.00, -43499, -477445, -343 
1720534195165.00, -43733, -478382, -341 
1720534195187.00, -43776, -479324, -330 
1720534195208.00, -43624, -480273, -328 
1720534195230.00, -43575, -481218, -333 
1720534195251.00, -43588, -482151, -314 
1720534195274.00, -43498, -483102, -312 
1720534195295.00, -43730, -484060, -308 
1720534195317.00, -43615, -484996, -304 
1720534195339.00, -43103, -485935, -296 
1720534195360.00, -42100, -486879, -304 
1720534195382.00, -42080, -487794, -314 
1720534195403.00, -42836, -488703, -298 
1720534195425.00, -42484, -489633, -304 
1720534195446.00, -42606, -490559, -304 
1720534195469.00, -42606, -491470, -295 
1720534195490.00, -41871, -492392, -290 
1720534195512.00, -41132, -493315, -299 
1720534195533.00, -41313, -494209, -300 
1720534195555.00, -41442, -495091, -277 
1720534195576.00, -40305, -495991, -276 
1720534195599.00, -39643, -496880, -289 
1720534195621.00, -40071, -497731, -288 
1720534195642.00, -40198, -498589, -288 
1720534195663.00, -40233, -499464, -293 
1720534195685.00, -40477, -500347, -305 
1720534195707.00, -41422, -501218, -316 
1720534195728.00, -42082, -502111, -312 
1720534195750.00, -42645, -503037, -317 
1720534195771.00, -43146, -503966, -324 
1720534195793.00, -43443, -504890, -321 
1720534195815.00, -43631, -505829, -327 
1720534195842.00, -43906, -506784, -328 
1720534195858.00, -43721, -507720, -327 
1720534195880.00, -43514, -508668, -338 
1720534195901.00, -43633, -509628, -356 
1720534195923.00, -43669, -510574, -358 
1720534195949.00, -43516, -511510, -355 
1720534195966.00, -43820, -512458, -369 
1720534195987.00, -43785, -513410, -376 
1720534196009.00, -43478, -514345, -379 
1720534196031.00, -43723, -515292, -375 
1720534196056.00, -43764, -516249, -383 
1720534196074.00, -43623, -517197, -388 
1720534196096.00, -43896, -518134, -384 
1720534196118.00, -43719, -519088, -387 
1720534196139.00, -43661, -520041, -386 
1720534196161.00, -43511, -520971, -375 
1720534196183.00, -43529, -521918, -370 
1720534196204.00, -43604, -522876, -375 
1720534196226.00, -43660, -523815, -374 
1720534196248.00, -43665, -524754, -358 
1720534196269.00, -43690, -525706, -367 
1720534196290.00, -43411, -526660, -376 
1720534196313.00, -43663, -527593, -363 
1720534196334.00, -43808, -528538, -357 
1720534196356.00, -43692, -529497, -359 
1720534196377.00, -43675, -530436, -361 
1720534196398.00, -43835, -531376, -355 
1720534196420.00, -43429, -532332, -364 
1720534196442.00, -43552, -533279, -361 
1720534196464.00, -43759, -534217, -352 
1720534196485.00, -43861, -535166, -354 
1720534196508.00, -43473, -536124, -355 
1720534196528.00, -43624, -537061, -344 
1720534196551.00, -43622, -538000, -338 
1720534196572.00, -43498, -538951, -342 
1720534196594.00, -43681, -539898, -344 
1720534196616.00, -43686, -540836, -331 
1720534196636.00, -43506, -541787, -329 
1720534196659.00, -43575, -542745, -335 
1720534196681.00, -43625, -543679, -337 
1720534196702.00, -43580, -544621, -334 
1720534196723.00, -43662, -545572, -338 
1720534196745.00, -43903, -546514, -336 
1720534196767.00, -43361, -547453, -328 
1720534196789.00, -43481, -548405, -331 
1720534196810.00, -43608, -549357, -330 
1720534196832.00, -43566, -550292, -321 
1720534196854.00, -43690, -551234, -314 
1720534196875.00, -43803, -552188, -321 
1720534196897.00, -43544, -553134, -320 
1720534196918.00, -43560, -554071, -309 
1720534196940.00, -43426, -555021, -307 
1720534196961.00, -43152, -555967, -311 
1720534196983.00, -43475, -556895, -308 
1720534197005.00, -43361, -557834, -301 
1720534197026.00, -42983, -558779, -307 
1720534197048.00, -42930, -559707, -304 
1720534197070.00, -42487, -560630, -297 
1720534197092.00, -41920, -561560, -296 
1720534197113.00, -41627, -562476, -300 
1720534197135.00, -41742, -563371, -296 
1720534197156.00, -41719, -564274, -286 
1720534197179.00, -41119, -565182, -290 
1720534197200.00, -40993, -566073, -291 
1720534197221.00, -40701, -566954, -287 
1720534197243.00, -40498, -567841, -286 
1720534197266.00, -40256, -568724, -299 
1720534197287.00, -40678, -569594, -300 
1720534197308.00, -41008, -570470, -290 
1720534197330.00, -40909, -571363, -293 
1720534197351.00, -41031, -572252, -297 
1720534197377.00, -41440, -573136, -297 
1720534197395.00, -41519, -574033, -287 
1720534197416.00, -40949, -574936, -292 
1720534197437.00, -40941, -575823, -289 
1720534197459.00, -40740, -576700, -278 
1720534197485.00, -39747, -577581, -269 
1720534197503.00, -38824, -578449, -268 
1720534197524.00, -38050, -579291, -262 
1720534197546.00, -37144, -580110, -253 
1720534197567.00, -36289, -580923, -249 
1720534197592.00, -35595, -581715, -246 
1720534197611.00, -35048, -582486, -240 
1720534197633.00, -34354, -583239, -241 
1720534197654.00, -33852, -583983, -240 
1720534197676.00, -33688, -584721, -235 
1720534197700.00, -33295, -585450, -234 
1720534197719.00, -32880, -586165, -239 
1720534197740.00, -32923, -586875, -234 
1720534197762.00, -32689, -587593, -229 
1720534197784.00, -32351, -588300, -229 
1720534197810.00, -31958, -588998, -222 
1720534197827.00, -31461, -589686, -215 
1720534197850.00, -30699, -590366, -211 
1720534197870.00, -29877, -591034, -211 
1720534197892.00, -29569, -591686, -209 
1720534197914.00, -29045, -592325, -212 
1720534197936.00, -29082, -592951, -207 
1720534197957.00, -16142, -593579, -197 
1720534197979.00, -8559, -593952, -205 
1720534198000.00, -3902, -594147, -207 
1720534198023.00, -1265, -594241, -201 
1720534198042.00, -1, -594273, -200 
1720534198065.00, 219, -594276, -177 
1720534198086.00, 60, -594272, -152 
1720534198108.00, 107, -594267, -101 
1720534198131.00, 210, -594260, -15 
1720534198150.00, 201, -594249, 83 
1720534198171.00, 5227, -594232, 150 
1720534198194.00, 12399, -594116, 222 
1720534198215.00, 21188, -593851, 306 
1720534198237.00, 31041, -593400, 395 
1720534198258.00, 37121, -592741, 432 
1720534198280.00, 40762, -591943, 448 
1720534198302.00, 43062, -591044, 603 
1720534198323.00, 43723, -590114, 600 
1720534198345.00, 43728, -589166, 659 
1720534198367.00, 43846, -588221, 706 
1720534198388.00, 43769, -587264, 738 
1720534198410.00, 43612, -586315, 772 
1720534198432.00, 43826, -585376, 765 
1720534198453.00, 43712, -584422, 783 
1720534198475.00, 43565, -583477, 787 
1720534198497.00, 43732, -582538, 774 
1720534198518.00, 43825, -581588, 802 
1720534198539.00, 43657, -580633, 804 
1720534198561.00, 43525, -579688, 805 
1720534198583.00, 43866, -578746, 814 
1720534198605.00, 43789, -577794, 817 
1720534198625.00, 43559, -576848, 818 
1720534198648.00, 43719, -575909, 823 
1720534198670.00, 43819, -574961, 828 
1720534198691.00, 43581, -574013, 825 
1720534198713.00, 43788, -573059, 829 
1720534198735.00, 43764, -572117, 829 
1720534198755.00, 43724, -571165, 827 
1720534198778.00, 43633, -570218, 836 
1720534198799.00, 43721, -569276, 836 
1720534198821.00, 43632, -568328, 858 
1720534198843.00, 43803, -567378, 861 
1720534198864.00, 43679, -566435, 852 
1720534198886.00, 43687, -565490, 852 
1720534198907.00, 43679, -564539, 848 
1720534198929.00, 43628, -563583, 857 
1720534198951.00, 43642, -562649, 848 
1720534198972.00, 43650, -561702, 847 
1720534198994.00, 43669, -560754, 832 
1720534199015.00, 43784, -559812, 851 
1720534199037.00, 43636, -558870, 838 
1720534199059.00, 43484, -557918, 834 
1720534199081.00, 43664, -556972, 822 
1720534199102.00, 43575, -556036, 808 
1720534199125.00, 43365, -555088, 812 
1720534199145.00, 43552, -554139, 805 
1720534199167.00, 43684, -553201, 795 
1720534199188.00, 43624, -552260, 779 
1720534199210.00, 43734, -551308, 767 
1720534199238.00, 43647, -550366, 773 
1720534199254.00, 43674, -549425, 758 
1720534199275.00, 43764, -548471, 754 
1720534199297.00, 43678, -547521, 755 
1720534199319.00, 43547, -546580, 745 
1720534199340.00, 43535, -545636, 740 
1720534199362.00, 43700, -544689, 722 
1720534199383.00, 43607, -543746, 712 
1720534199405.00, 43629, -542810, 728 
1720534199427.00, 43717, -541857, 711 
1720534199448.00, 43564, -540906, 708 
1720534199471.00, 43729, -539963, 705 
1720534199492.00, 43733, -539018, 700 
1720534199513.00, 43467, -538067, 716 
1720534199535.00, 43551, -537125, 713 
1720534199558.00, 43609, -536187, 709 
1720534199579.00, 43576, -535238, 706 
1720534199600.00, 43703, -534288, 705 
1720534199621.00, 43702, -533350, 702 
1720534199643.00, 43577, -532400, 698 
1720534199671.00, 43463, -531446, 705 
1720534199686.00, 43704, -530504, 695 
1720534199708.00, 43779, -529568, 695 
1720534199730.00, 43505, -528619, 704 
1720534199752.00, 43703, -527667, 698 
1720534199773.00, 43680, -526731, 693 
1720534199795.00, 43626, -525782, 687 
1720534199816.00, 43740, -524830, 691 
1720534199837.00, 43617, -523885, 696 
1720534199860.00, 43546, -522946, 686 
1720534199881.00, 43620, -521994, 693 
1720534199903.00, 43691, -521043, 705 
1720534199925.00, 43722, -520108, 719 
1720534199946.00, 43616, -519158, 739 
1720534199968.00, 43626, -518204, 765 
1720534199990.00, 43698, -517259, 775 
1720534200011.00, 43624, -516316, 778 
1720534200033.00, 43714, -515360, 771 
1720534200054.00, 43716, -514410, 778 
1720534200076.00, 43484, -513474, 771 
1720534200097.00, 43644, -512525, 776 
1720534200119.00, 43790, -511580, 781 
1720534200141.00, 43466, -510637, 796 
1720534200163.00, 43650, -509692, 800 
1720534200184.00, 43799, -508740, 804 
1720534200207.00, 43490, -507789, 816 
1720534200228.00, 43691, -506852, 823 
1720534200249.00, 43769, -505899, 839 
1720534200271.00, 43608, -504952, 851 
1720534200292.00, 43580, -504010, 859 
1720534200314.00, 43694, -503065, 865 
1720534200336.00, 43497, -502111, 869 
1720534200357.00, 43632, -501166, 870 
1720534200379.00, 43805, -500231, 867 
1720534200400.00, 43817, -499273, 872 
1720534200422.00, 43606, -498320, 871 
1720534200444.00, 43775, -497380, 890 
1720534200466.00, 43701, -496436, 884 
1720534200487.00, 43508, -495488, 877 
1720534200508.00, 43786, -494541, 876 
1720534200530.00, 43804, -493606, 880 
1720534200552.00, 43630, -492651, 874 
1720534200574.00, 43609, -491704, 875 
1720534200595.00, 43565, -490759, 880 
1720534200617.00, 43550, -489815, 879 
1720534200638.00, 43802, -488865, 891 
1720534200660.00, 43822, -487922, 892 
1720534200681.00, 43655, -486980, 900 
1720534200704.00, 43612, -486026, 906 
1720534200725.00, 43688, -485078, 911 
1720534200746.00, 43608, -484140, 923 
1720534200769.00, 43680, -483184, 937 
1720534200790.00, 43888, -482229, 966 
1720534200812.00, 43826, -481284, 989 
1720534200834.00, 43508, -480343, 1009 
1720534200854.00, 43473, -479389, 995 
1720534200877.00, 43666, -478445, 992 
1720534200898.00, 43618, -477512, 979 
1720534200920.00, 43634, -476555, 971 
1720534200942.00, 43809, -475607, 977 
1720534200963.00, 43585, -474660, 994 
1720534200985.00, 43469, -473715, 1015 
1720534201007.00, 43670, -472764, 993 
1720534201028.00, 43788, -471819, 972 
1720534201050.00, 43648, -470883, 979 
1720534201071.00, 43670, -469931, 953 
1720534201093.00, 43636, -468985, 953 
1720534201115.00, 43524, -468041, 961 
1720534201136.00, 43680, -467097, 949 
1720534201158.00, 43680, -466145, 958 
1720534201179.00, 43716, -465200, 961 
1720534201205.00, 43744, -464260, 955 
1720534201223.00, 43686, -463304, 947 
1720534201244.00, 43397, -462361, 943 
1720534201266.00, 43489, -461423, 937 
1720534201288.00, 43586, -460481, 939 
1720534201309.00, 43601, -459532, 936 
1720534201331.00, 43542, -458586, 923 
1720534201352.00, 43639, -457648, 925 
1720534201374.00, 43500, -456692, 930 
1720534201396.00, 43740, -455751, 925 
1720534201417.00, 43691, -454812, 931 
1720534201439.00, 43644, -453867, 910 
1720534201460.00, 43681, -452920, 911 
1720534201483.00, 43745, -451972, 896 
1720534201504.00, 43544, -451032, 895 
1720534201526.00, 43577, -450077, 891 
1720534201547.00, 43759, -449132, 870 
1720534201569.00, 43706, -448191, 882 
1720534201591.00, 43567, -447247, 845 
1720534201612.00, 43688, -446300, 827 
1720534201636.00, 43708, -445359, 824 
1720534201655.00, 43684, -444418, 809 
1720534201677.00, 43726, -443464, 803 
1720534201699.00, 43614, -442525, 763 
1720534201720.00, 43521, -441582, 759 
1720534201745.00, 43660, -440637, 736 
1720534201763.00, 43554, -439688, 726 
1720534201785.00, 43437, -438746, 722 
1720534201808.00, 43515, -437813, 676 
1720534201829.00, 43496, -436860, 664 
1720534201850.00, 43715, -435918, 660 
1720534201872.00, 43547, -434982, 645 
1720534201894.00, 43421, -434031, 600 
1720534201915.00, 43505, -433088, 532 
1720534201936.00, 43567, -432155, 460 
1720534201958.00, 24660, -431216, 487 
1720534201980.00, 13696, -430649, 484 
1720534202001.00, 6830, -430347, 456 
1720534202023.00, 2812, -430192, 391 
1720534202045.00, 483, -430129, 340 
1720534202066.00, -126, -430119, 265 
1720534202087.00, -987, -430124, 191 
1720534202108.00, -1593, -430145, 125 
1720534202130.00, -1906, -430184, 35 
1720534202151.00, -2110, -430238, -22 
1720534202173.00, -3568, -430290, -85 
1720534202195.00, -7997, -430371, -146 
1720534202216.00, -14624, -430545, -190 
1720534202238.00, -20883, -430854, -218 
1720534202259.00, -26176, -431312, -245 
1720534202281.00, -30932, -431878, -268 
1720534202302.00, -35141, -432540, -278 
1720534202325.00, -38325, -433297, -287 
1720534202345.00, -40777, -434128, -297 
1720534202368.00, -42610, -435015, -306 
1720534202389.00, -43779, -435931, -315 
1720534202411.00, -43555, -436877, -321 
1720534202433.00, -43807, -437833, -296 
1720534202454.00, -43852, -438787, -392 
1720534202475.00, -43568, -439720, -314 
1720534202498.00, -43702, -440670, -345 
1720534202519.00, -43706, -441625, -347 
1720534202540.00, -43662, -442563, -344 
1720534202563.00, -43561, -443510, -351 
1720534202583.00, -43887, -444467, -359 
1720534202605.00, -43633, -445413, -365 
1720534202627.00, -43626, -446352, -359 
1720534202649.00, -43488, -447301, -365 
1720534202671.00, -43737, -448251, -368 
1720534202692.00, -43782, -449184, -361 
1720534202714.00, -43933, -450135, -366 
1720534202744.00, -43740, -451098, -365 
1720534202757.00, -43705, -452038, -368 
1720534202779.00, -43418, -452980, -362 
1720534202800.00, -43797, -453930, -365 
1720534202822.00, -43832, -454882, -366 
1720534202844.00, -43714, -455819, -361 
1720534202866.00, -43586, -456762, -368 
1720534202887.00, -43690, -457722, -367 
1720534202908.00, -43517, -458660, -367 
1720534202930.00, -43436, -459606, -356 
1720534202952.00, -43765, -460558, -357 
1720534202974.00, -43893, -461507, -358 
1720534202995.00, -43486, -462440, -346 
1720534203017.00, -43710, -463386, -347 
1720534203039.00, -43685, -464345, -350 
1720534203061.00, -43693, -465282, -348 
1720534203082.00, -43927, -466227, -340 
1720534203103.00, -43838, -467183, -335 
1720534203125.00, -43569, -468129, -339 
1720534203147.00, -43596, -469070, -330 
1720534203168.00, -43768, -470021, -333 
1720534203190.00, -43682, -470976, -331 
1720534203212.00, -43690, -471907, -323 
1720534203233.00, -43845, -472852, -321 
1720534203255.00, -43846, -473807, -313 
1720534203276.00, -43528, -474749, -320 
1720534203298.00, -43627, -475689, -317 
1720534203320.00, -43787, -476641, -318 
1720534203342.00, -43650, -477594, -318 
1720534203363.00, -43808, -478530, -317 
1720534203385.00, -43809, -479479, -317 
1720534203406.00, -43450, -480430, -318 
1720534203428.00, -43507, -481369, -327 
1720534203450.00, -43693, -482308, -318 
1720534203470.00, -43541, -483260, -319 
1720534203493.00, -43626, -484216, -318 
1720534203515.00, -43699, -485149, -319 
1720534203536.00, -43567, -486099, -316 
1720534203558.00, -43621, -487053, -316 
1720534203579.00, -43827, -487988, -318 
1720534203606.00, -43652, -488932, -318 
1720534203623.00, -43673, -489882, -319 
1720534203645.00, -43735, -490837, -323 
1720534203665.00, -43597, -491773, -328 
1720534203688.00, -43553, -492725, -323 
1720534203709.00, -43739, -493680, -327 
1720534203730.00, -43816, -494613, -332 
1720534203752.00, -43785, -495557, -321 
1720534203774.00, -43660, -496508, -326 
1720534203796.00, -43606, -497456, -333 
1720534203817.00, -43645, -498389, -323 
1720534203839.00, -43660, -499341, -328 
1720534203861.00, -43814, -500302, -339 
1720534203882.00, -43660, -501236, -337 
1720534203904.00, -43621, -502182, -329 
1720534203925.00, -43619, -503139, -336 
1720534203947.00, -43528, -504084, -334 
1720534203968.00, -43571, -505015, -330 
1720534203991.00, -43731, -505967, -339 
1720534204012.00, -43741, -506918, -336 
1720534204034.00, -43636, -507855, -332 
1720534204055.00, -43671, -508801, -340 
1720534204077.00, -43763, -509759, -345 
1720534204098.00, -43532, -510704, -350 
1720534204120.00, -43848, -511641, -345 
1720534204141.00, -43771, -512588, -356 
1720534204163.00, -43568, -513540, -356 
1720534204185.00, -43570, -514474, -352 
1720534204207.00, -43662, -515422, -360 
1720534204228.00, -43551, -516381, -362 
1720534204250.00, -43749, -517325, -365 
1720534204272.00, -43710, -518263, -356 
1720534204293.00, -43492, -519216, -354 
1720534204315.00, -43483, -520166, -352 
1720534204337.00, -43675, -521097, -348 
1720534204358.00, -43628, -522041, -350 
1720534204380.00, -43776, -523001, -349 
1720534204402.00, -43712, -523939, -355 
1720534204423.00, -43670, -524881, -357 
1720534204445.00, -43553, -525837, -368 
1720534204466.00, -43583, -526784, -375 
1720534204488.00, -43744, -527720, -374 
1720534204510.00, -43794, -528672, -377 
1720534204532.00, -43697, -529626, -378 
1720534204553.00, -43670, -530564, -379 
1720534204575.00, -43465, -531506, -373 
1720534204596.00, -43623, -532459, -373 
1720534204618.00, -43636, -533406, -375 
1720534204640.00, -43593, -534346, -366 
1720534204661.00, -43651, -535296, -368 
1720534204683.00, -43690, -536253, -377 
1720534204704.00, -43576, -537188, -379 
1720534204726.00, -43678, -538131, -372 
1720534204748.00, -43784, -539079, -374 
1720534204769.00, -43684, -540026, -382 
1720534204791.00, -43449, -540966, -373 
1720534204812.00, -43585, -541918, -379 
1720534204834.00, -43727, -542872, -382 
1720534204856.00, -43663, -543804, -378 
1720534204878.00, -43810, -544748, -376 
1720534204899.00, -43822, -545702, -384 
1720534204922.00, -43592, -546644, -388 
1720534204942.00, -43673, -547583, -380 
1720534204964.00, -43654, -548534, -384 
1720534204986.00, -43640, -549492, -385 
1720534205008.00, -43850, -550428, -379 
1720534205028.00, -43944, -551375, -377 
1720534205051.00, -43326, -552329, -378 
1720534205072.00, -43496, -553269, -376 
1720534205094.00, -43538, -554205, -365 
1720534205116.00, -43389, -555154, -356 
1720534205137.00, -43608, -556098, -350 
1720534205159.00, -43825, -557035, -349 
1720534205181.00, -43636, -557979, -351 
1720534205202.00, -43726, -558935, -352 
1720534205224.00, -43627, -559876, -359 
1720534205246.00, -43418, -560816, -358 
1720534205267.00, -43663, -561766, -359 
1720534205288.00, -43864, -562714, -356 
1720534205310.00, -43489, -563648, -357 
1720534205332.00, -43482, -564597, -353 
1720534205354.00, -43531, -565549, -352 
1720534205375.00, -43479, -566489, -347 
1720534205397.00, -43717, -567429, -336 
1720534205418.00, -43817, -568380, -343 
1720534205440.00, -43455, -569326, -343 
1720534205462.00, -43639, -570262, -335 
1720534205483.00, -43693, -571207, -325 
1720534205505.00, -43536, -572156, -327 
1720534205527.00, -43689, -573098, -319 
1720534205548.00, -43883, -574047, -306 
1720534205573.00, -43240, -574997, -301 
1720534205591.00, -42632, -575939, -284 
1720534205613.00, -41187, -576855, -276 
1720534205635.00, -39923, -577756, -275 
1720534205657.00, -39038, -578628, -277 
1720534205680.00, -38883, -579474, -268 
1720534205700.00, -38175, -580310, -258 
1720534205721.00, -37130, -581146, -263 
1720534205743.00, -36731, -581955, -265 
1720534205765.00, -36817, -582754, -266 
1720534205786.00, -36992, -583547, -259 
1720534205808.00, -36464, -584347, -262 
1720534205830.00, -36454, -585142, -271 
1720534205851.00, -36994, -585932, -272 
1720534205872.00, -37440, -586729, -270 
1720534205894.00, -37549, -587541, -269 
1720534205916.00, -37583, -588355, -276 
1720534205938.00, -37753, -589167, -279 
1720534205960.00, -38018, -589982, -269 
1720534205981.00, -37861, -590812, -262 
1720534206003.00, -37344, -591634, -263 
1720534206024.00, -36839, -592443, -256 
1720534206045.00, -36385, -593239, -241 
1720534206067.00, -20778, -594024, -234 
1720534206089.00, -11177, -594495, -242 
1720534206111.00, -5366, -594747, -226 
1720534206132.00, -2165, -594871, -202 
1720534206154.00, -165, -594924, -230 
1720534206176.00, 133, -594931, -200 
1720534206197.00, 1033, -594927, -136 
1720534206219.00, 1654, -594906, -57 
1720534206241.00, 1978, -594866, 47 
1720534206262.00, 4766, -594808, 173 
1720534206283.00, 13849, -594693, 247 
1720534206305.00, 24167, -594394, 307 
1720534206327.00, 33780, -593877, 400 
1720534206348.00, 40036, -593154, 462 
1720534206370.00, 43156, -592296, 594 
1720534206392.00, 43899, -591358, 582 
1720534206413.00, 43748, -590407, 583 
1720534206434.00, 43585, -589458, 619 
1720534206456.00, 43770, -588520, 622 
1720534206478.00, 43679, -587568, 611 
1720534206500.00, 43610, -586618, 613 
1720534206521.00, 43667, -585674, 640 
1720534206543.00, 43751, -584729, 644 
1720534206565.00, 43763, -583779, 645 
1720534206586.00, 43522, -582836, 659 
1720534206607.00, 43698, -581891, 670 
1720534206630.00, 43690, -580938, 685 
1720534206650.00, 43651, -579985, 687 
1720534206674.00, 43592, -579046, 690 
1720534206694.00, 43751, -578099, 696 
1720534206716.00, 43599, -577151, 709 
1720534206737.00, 43782, -576208, 733 
1720534206759.00, 43752, -575266, 730 
1720534206781.00, 43636, -574316, 738 
1720534206802.00, 43636, -573363, 736 
1720534206823.00, 43820, -572421, 725 
1720534206846.00, 43587, -571474, 722 
1720534206868.00, 43358, -570522, 727 
1720534206889.00, 43437, -569586, 724 
1720534206911.00, 43512, -568647, 701 
1720534206932.00, 43653, -567701, 691 
1720534206954.00, 43716, -566754, 699 
1720534206975.00, 43564, -565815, 695 
1720534206997.00, 43783, -564862, 692 
1720534207019.00, 43700, -563914, 683 
1720534207041.00, 43612, -562970, 688 
1720534207062.00, 43767, -562029, 689 
1720534207084.00, 43818, -561079, 685 
1720534207109.00, 43722, -560136, 685 
1720534207126.00, 43505, -559197, 671 
1720534207149.00, 43658, -558240, 707 
1720534207170.00, 43744, -557292, 706 
1720534207192.00, 43527, -556356, 689 
1720534207214.00, 43643, -555409, 690 
1720534207236.00, 43700, -554455, 734 
1720534207257.00, 43494, -553511, 740 
1720534207279.00, 43717, -552576, 719 
1720534207300.00, 43699, -551623, 733 
1720534207322.00, 43660, -550678, 735 
1720534207343.00, 43649, -549735, 745 
1720534207365.00, 43822, -548782, 780 
1720534207387.00, 43670, -547826, 797 
1720534207408.00, 43594, -546881, 807 
1720534207433.00, 43676, -545944, 815 
1720534207452.00, 43610, -544988, 824 
1720534207473.00, 43613, -544043, 833 
1720534207495.00, 43836, -543102, 853 
1720534207516.00, 43833, -542155, 859 
1720534207540.00, 43531, -541203, 871 
1720534207559.00, 43794, -540257, 876 
1720534207581.00, 43698, -539317, 895 
1720534207602.00, 43589, -538368, 892 
1720534207624.00, 43801, -537419, 903 
1720534207646.00, 43718, -536483, 907 
1720534207668.00, 43654, -535535, 892 
1720534207689.00, 43645, -534584, 906 
1720534207711.00, 43551, -533639, 881 
1720534207732.00, 43489, -532697, 859 
1720534207754.00, 43680, -531745, 850 
1720534207776.00, 43693, -530803, 839 
1720534207798.00, 43545, -529864, 831 
1720534207820.00, 43548, -528915, 835 
1720534207841.00, 43543, -527965, 857 
1720534207862.00, 43507, -527026, 873 
1720534207884.00, 43601, -526085, 869 
1720534207906.00, 43654, -525129, 884 
1720534207928.00, 43703, -524186, 882 
1720534207949.00, 43713, -523245, 876 
1720534207971.00, 43708, -522296, 867 
1720534207993.00, 43682, -521345, 853 
1720534208014.00, 43645, -520404, 877 
1720534208036.00, 43818, -519460, 881 
1720534208057.00, 43654, -518509, 905 
1720534208078.00, 43709, -517559, 909 
1720534208100.00, 43599, -516620, 935 
1720534208122.00, 43649, -515661, 927 
1720534208144.00, 43775, -514713, 934 
1720534208165.00, 43681, -513774, 931 
1720534208186.00, 43743, -512827, 925 
1720534208208.00, 43654, -511877, 946 
1720534208230.00, 43486, -510932, 931 
1720534208252.00, 43693, -509996, 938 
1720534208273.00, 43876, -509041, 943 
1720534208295.00, 43617, -508093, 963 
1720534208317.00, 43802, -507150, 964 
1720534208338.00, 43786, -506202, 978 
1720534208360.00, 43468, -505251, 983 
1720534208382.00, 43725, -504309, 988 
1720534208403.00, 43861, -503369, 1015 
1720534208429.00, 43575, -502409, 1040 
1720534208447.00, 43527, -501456, 1050 
1720534208469.00, 43462, -500511, 1058 
1720534208491.00, 43596, -499559, 1051 
1720534208512.00, 43706, -498605, 1055 
1720534208534.00, 43692, -497659, 1062 
1720534208556.00, 43689, -496713, 1096 
1720534208577.00, 43820, -495754, 1099 
1720534208599.00, 43633, -494803, 1116 
1720534208621.00, 43806, -493862, 1128 
1720534208643.00, 43604, -492907, 1147 
1720534208664.00, 43929, -491952, 1156 
1720534208686.00, 43740, -490998, 1182 
1720534208708.00, 43591, -490053, 1181 
1720534208729.00, 43491, -489097, 1204 
1720534208751.00, 43713, -488148, 1228 
1720534208773.00, 43856, -487209, 1211 
1720534208795.00, 43731, -486251, 1214 
1720534208817.00, 43494, -485301, 1195 
1720534208838.00, 43564, -484353, 1202 
1720534208860.00, 43574, -483406, 1214 
1720534208882.00, 43603, -482449, 1206 
1720534208903.00, 43675, -481498, 1212 
1720534208925.00, 43696, -480559, 1215 
1720534208947.00, 43645, -479602, 1232 
1720534208971.00, 43659, -478655, 1225 
1720534208990.00, 43644, -477709, 1235 
1720534209012.00, 43700, -476758, 1247 
1720534209034.00, 43897, -475804, 1242 
1720534209055.00, 43793, -474850, 1242 
1720534209079.00, 43545, -473906, 1258 
1720534209099.00, 43391, -472950, 1251 
1720534209121.00, 43499, -472002, 1251 
1720534209142.00, 43582, -471063, 1253 
1720534209163.00, 43733, -470114, 1244 
1720534209187.00, 43676, -469162, 1264 
1720534209207.00, 43731, -468207, 1304 
1720534209228.00, 43643, -467259, 1318 
1720534209250.00, 43561, -466299, 1323 
1720534209273.00, 43688, -465346, 1324 
1720534209297.00, 44000, -464407, 1330 
1720534209316.00, 43609, -463452, 1327 
1720534209338.00, 43568, -462502, 1309 
1720534209359.00, 43559, -461556, 1314 
1720534209383.00, 43663, -460612, 1331 
1720534209403.00, 43814, -459659, 1312 
1720534209425.00, 43833, -458705, 1337 
1720534209446.00, 43574, -457759, 1327 
1720534209468.00, 43601, -456803, 1342 
1720534209490.00, 43560, -455857, 1339 
1720534209512.00, 43642, -454911, 1327 
1720534209533.00, 43794, -453965, 1327 
1720534209555.00, 43709, -453008, 1345 
1720534209577.00, 43676, -452056, 1362 
1720534209598.00, 43665, -451107, 1354 
1720534209622.00, 43369, -450147, 1349 
1720534209641.00, 43669, -449200, 1304 
1720534209663.00, 43877, -448256, 1300 
1720534209685.00, 43493, -447309, 1251 
1720534209707.00, 43368, -446360, 1232 
1720534209729.00, 43455, -445416, 1185 
1720534209750.00, 43466, -444475, 1193 
1720534209772.00, 43559, -443521, 1160 
1720534209793.00, 43725, -442573, 1188 
1720534209815.00, 43742, -441630, 1169 
1720534209838.00, 43667, -440674, 1209 
1720534209859.00, 43441, -439724, 1197 
1720534209882.00, 43199, -438772, 1197 
1720534209903.00, 43503, -437832, 1178 
1720534209924.00, 43583, -436879, 1180 
1720534209947.00, 43591, -435933, 1162 
1720534209968.00, 43498, -434988, 1170 
1720534209989.00, 43528, -434032, 1123 
1720534210011.00, 43707, -433087, 1114 
1720534210033.00, 43579, -432139, 1097 
1720534210058.00, 24820, -431199, 1073 
1720534210077.00, 13859, -430627, 1112 
1720534210097.00, 6949, -430317, 1137 
1720534210120.00, 3091, -430156, 1144 
1720534210141.00, 666, -430089, 1128 
1720534210164.00, -43, -430073, 1096 
1720534210184.00, -523, -430076, 1011 
1720534210205.00, -1311, -430087, 910 
1720534210227.00, -1937, -430113, 787 
1720534210248.00, -2338, -430161, 639 
1720534210270.00, -2425, -430219, 506 
1720534210291.00, -2373, -430276, 408 
1720534210313.00, -2446, -430332, 325 
1720534210334.00, -2388, -430391, 245 
1720534210355.00, -2339, -430445, 176 
1720534210378.00, -2221, -430500, 109 
1720534210399.00, -2139, -430554, 43 
1720534210420.00, -2039, -430608, -10 
1720534210441.00, -8, -430665, -70 
1720534210463.00, -4947, -430674, -134 
1720534210484.00, -11725, -430778, -183 
1720534210505.00, -18812, -431030, -213 
1720534210527.00, -24669, -431435, -236 
1720534210549.00, -29579, -431966, -265 
1720534210571.00, -34118, -432595, -284 
1720534210593.00, -37956, -433331, -300 
1720534210617.00, -41106, -434155, -321 
1720534210636.00, -43737, -435051, -333 
1720534210658.00, -43648, -435995, -374 
1720534210679.00, -43774, -436938, -351 
1720534210700.00, -43549, -437896, -377 
1720534210722.00, -43813, -438838, -382 
1720534210744.00, -43718, -439781, -392 
1720534210765.00, -43513, -440731, -403 
1720534210787.00, -43751, -441685, -405 
1720534210809.00, -43810, -442620, -405 
1720534210831.00, -43487, -443568, -406 
1720534210852.00, -43702, -444527, -408 
1720534210874.00, -43738, -445468, -407 
1720534210895.00, -43547, -446407, -398 
1720534210917.00, -43535, -447356, -403 
1720534210939.00, -43751, -448305, -401 
1720534210960.00, -43815, -449237, -395 
1720534210982.00, -43822, -450189, -399 
1720534211004.00, -43763, -451147, -391 
1720534211025.00, -43670, -452087, -396 
1720534211049.00, -43614, -453031, -393 
1720534211069.00, -43776, -453983, -394 
1720534211090.00, -43861, -454932, -394 
1720534211111.00, -43571, -455868, -391 
1720534211133.00, -43685, -456812, -391 
1720534211155.00, -43778, -457769, -387 
1720534211177.00, -43498, -458710, -393 
1720534211198.00, -43627, -459652, -388 
1720534211220.00, -43843, -460607, -384 
1720534211242.00, -43748, -461554, -393 
1720534211264.00, -43516, -462490, -388 
1720534211285.00, -43746, -463435, -387 
1720534211306.00, -43733, -464391, -385 
1720534211328.00, -43552, -465326, -388 
1720534211350.00, -44000, -466273, -383 
1720534211371.00, -43778, -467227, -380 
1720534211393.00, -43551, -468175, -380 
1720534211415.00, -43643, -469116, -380 
1720534211436.00, -43696, -470065, -376 
1720534211458.00, -43564, -471021, -378 
1720534211481.00, -43807, -471954, -376 
1720534211501.00, -43745, -472897, -368 
1720534211523.00, -43569, -473852, -370 
1720534211544.00, -43470, -474795, -373 
1720534211566.00, -43719, -475733, -369 
1720534211592.00, -43704, -476689, -366 
1720534211609.00, -43704, -477644, -372 
1720534211631.00, -43687, -478578, -373 
1720534211652.00, -43768, -479524, -368 
1720534211674.00, -43430, -480479, -369 
1720534211696.00, -43669, -481414, -366 
1720534211718.00, -43797, -482358, -362 
1720534211739.00, -43778, -483317, -368 
1720534211760.00, -43474, -484271, -377 
1720534211782.00, -43719, -485208, -384 
1720534211804.00, -43594, -486156, -400 
1720534211825.00, -43530, -487114, -400 
1720534211847.00, -43752, -488051, -402 
1720534211869.00, -43726, -488991, -396 
1720534211890.00, -43425, -489942, -395 
1720534211913.00, -43725, -490892, -391 
1720534211933.00, -43728, -491836, -384 
1720534211956.00, -43666, -492786, -393 
1720534211977.00, -43678, -493741, -387 
1720534211999.00, -43936, -494673, -378 
1720534212022.00, -43545, -495618, -367 
1720534212042.00, -43450, -496571, -374 
1720534212063.00, -43647, -497516, -375 
1720534212085.00, -43680, -498448, -365 
1720534212106.00, -43648, -499398, -376 
1720534212129.00, -43879, -500357, -371 
1720534212150.00, -43701, -501294, -371 
1720534212172.00, -43518, -502243, -381 
1720534212194.00, -43606, -503199, -382 
1720534212215.00, -43678, -504142, -386 
1720534212236.00, -43669, -505075, -377 
1720534212258.00, -43781, -506029, -386 
1720534212280.00, -43598, -506982, -390 
1720534212301.00, -43564, -507919, -387 
1720534212323.00, -43800, -508866, -390 
1720534212344.00, -43700, -509823, -395 
1720534212367.00, -43724, -510765, -400 
1720534212388.00, -43558, -511705, -389 
1720534212409.00, -43777, -512654, -401 
1720534212432.00, -43662, -513604, -410 
1720534212453.00, -43434, -514541, -405 
1720534212474.00, -43558, -515490, -399 
1720534212496.00, -43715, -516445, -407 
1720534212518.00, -43571, -517386, -406 
1720534212540.00, -43722, -518328, -398 
1720534212562.00, -43783, -519280, -402 
1720534212583.00, -43508, -520231, -408 
1720534212604.00, -43669, -521163, -399 
1720534212627.00, -43806, -522107, -397 
1720534212648.00, -43474, -523068, -400 
1720534212669.00, -43601, -524005, -396 
1720534212692.00, -43780, -524946, -385 
1720534212712.00, -43670, -525898, -389 
1720534212735.00, -43822, -526847, -398 
1720534212756.00, -43779, -527785, -390 
1720534212777.00, -43780, -528736, -382 
1720534212799.00, -43631, -529692, -386 
1720534212821.00, -43743, -530623, -389 
1720534212843.00, -43551, -531567, -384 
1720534212864.00, -43549, -532522, -386 
1720534212886.00, -43664, -533471, -390 
1720534212907.00, -43836, -534409, -381 
1720534212929.00, -43563, -535359, -383 
1720534212951.00, -43682, -536317, -391 
1720534212972.00, -43681, -537250, -389 
1720534212994.00, -43654, -538191, -384 
1720534213018.00, -43723, -539148, -393 
1720534213037.00, -43744, -540089, -392 
1720534213059.00, -43578, -541033, -384 
1720534213081.00, -43636, -541986, -389 
1720534213102.00, -43663, -542936, -395 
1720534213125.00, -43549, -543877, -397 
1720534213146.00, -43591, -544820, -395 
1720534213167.00, -43725, -545771, -397 
1720534213189.00, -43651, -546711, -394 
1720534213210.00, -43404, -547650, -385 
1720534213237.00, -43565, -548604, -385 
1720534213254.00, -43629, -549554, -385 
1720534213275.00, -43777, -550492, -380 
1720534213297.00, -43772, -551435, -371 
1720534213319.00, -43667, -552392, -367 
1720534213344.00, -43559, -553330, -374 
1720534213362.00, -43761, -554274, -370 
1720534213384.00, -43637, -555224, -376 
1720534213405.00, -43652, -556174, -392 
1720534213427.00, -43723, -557113, -393 
1720534213448.00, -43798, -558060, -393 
1720534213470.00, -43490, -559014, -404 
1720534213492.00, -43644, -559954, -403 
1720534213513.00, -43858, -560895, -398 
1720534213535.00, -43792, -561847, -396 
1720534213563.00, -43641, -562794, -398 
1720534213578.00, -43830, -563730, -396 
1720534213599.00, -43558, -564676, -390 
1720534213622.00, -43483, -565630, -385 
1720534213643.00, -43686, -566571, -384 
1720534213665.00, -43740, -567514, -380 
1720534213686.00, -43580, -568468, -381 
1720534213708.00, -43731, -569415, -387 
1720534213730.00, -43701, -570349, -387 
1720534213752.00, -43654, -571293, -394 
1720534213778.00, -43724, -572247, -400 
1720534213795.00, -43760, -573191, -409 
1720534213816.00, -43490, -574140, -412 
1720534213838.00, -43647, -575097, -419 
1720534213860.00, -43658, -576039, -421 
1720534213883.00, -43656, -576977, -434 
1720534213903.00, -43626, -577923, -441 
1720534213924.00, -43847, -578873, -437 
1720534213946.00, -43725, -579809, -444 
1720534213968.00, -43610, -580761, -453 
1720534213991.00, -43742, -581712, -453 
1720534214011.00, -43777, -582658, -448 
1720534214033.00, -43566, -583602, -454 
1720534214054.00, -43692, -584548, -449 
1720534214076.00, -43637, -585495, -441 
1720534214098.00, -43480, -586433, -438 
1720534214119.00, -43633, -587378, -421 
1720534214140.00, -43589, -588327, -411 
1720534214162.00, -43495, -589266, -390 
1720534214184.00, -43791, -590206, -369 
1720534214206.00, -43714, -591152, -361 
1720534214227.00, -43501, -592096, -327 
1720534214249.00, -43477, -593035, -283 
1720534214271.00, -24828, -593972, -266 
1720534214292.00, -13595, -594535, -273 
1720534214314.00, -7018, -594842, -264 
1720534214336.00, -2964, -594999, -238 
1720534214357.00, -496, -595069, -237 
1720534214377.00, 111, -595082, -198 
1720534214400.00, 1127, -595078, -115 
1720534214421.00, 1822, -595050, 16 
1720534214443.00, 3192, -595001, 164 
1720534214464.00, 12862, -594923, 235 
1720534214486.00, 23075, -594646, 363 
1720534214508.00, 33418, -594154, 485 
1720534214530.00, 39639, -593437, 525 
1720534214551.00, 43067, -592579, 665 
1720534214573.00, 43763, -591654, 660 
1720534214594.00, 43757, -590693, 714 
1720534214616.00, 43705, -589747, 737 
1720534214637.00, 43486, -588807, 774 
1720534214663.00, 43660, -587855, 792 
1720534214681.00, 43778, -586903, 801 
1720534214702.00, 43495, -585957, 822 
1720534214724.00, 43722, -585014, 820 
1720534214745.00, 43738, -584064, 831 
1720534214768.00, 43515, -583117, 826 
1720534214789.00, 43590, -582176, 829 
1720534214811.00, 43907, -581225, 830 
1720534214832.00, 43660, -580275, 830 
1720534214853.00, 43473, -579333, 829 
1720534214876.00, 43778, -578390, 803 
1720534214897.00, 43619, -577444, 769 
1720534214918.00, 43490, -576500, 767 
1720534214940.00, 43742, -575561, 750 
1720534214963.00, 43724, -574613, 728 
1720534214990.00, 43528, -573663, 720 
1720534215006.00, 43894, -572718, 716 
1720534215027.00, 43837, -571770, 710 
1720534215049.00, 43692, -570820, 720 
1720534215071.00, 43670, -569877, 734 
1720534215093.00, 43681, -568937, 723 
1720534215114.00, 43704, -567984, 733 
1720534215135.00, 43755, -567033, 724 
1720534215156.00, 43593, -566093, 736 
1720534215178.00, 43764, -565143, 739 
1720534215200.00, 43649, -564196, 704 
1720534215222.00, 43786, -563250, 714 
1720534215244.00, 43798, -562312, 701 
1720534215265.00, 43511, -561359, 716 
1720534215287.00, 43680, -560411, 726 
1720534215308.00, 43771, -559472, 704 
1720534215330.00, 43474, -558527, 697 
1720534215352.00, 43448, -557576, 716 
1720534215373.00, 43659, -556635, 713 
1720534215395.00, 43667, -555696, 722 
1720534215419.00, 43740, -554743, 744 
1720534215438.00, 43716, -553792, 756 
1720534215460.00, 43710, -552851, 773 
1720534215482.00, 43688, -551905, 777 
1720534215503.00, 43766, -550951, 778 
1720534215526.00, 43720, -550005, 799 
1720534215546.00, 43710, -549062, 804 
1720534215568.00, 43814, -548110, 803 
1720534215590.00, 43806, -547158, 833 
1720534215611.00, 43563, -546216, 837 
1720534215633.00, 43550, -545268, 860 
1720534215654.00, 43707, -544320, 862 
1720534215676.00, 43576, -543380, 880 
1720534215698.00, 43486, -542435, 887 
1720534215719.00, 43822, -541482, 887 
1720534215741.00, 43689, -540540, 872 
1720534215763.00, 43683, -539598, 878 
1720534215785.00, 43740, -538646, 890 
1720534215806.00, 43596, -537699, 899 
1720534215828.00, 43448, -536757, 924 
1720534215850.00, 43857, -535813, 925 
1720534215871.00, 43668, -534863, 925 
1720534215893.00, 43608, -533917, 932 
1720534215914.00, 43648, -532973, 927 
1720534215935.00, 43659, -532022, 934 
1720534215958.00, 43592, -531072, 941 
1720534215979.00, 43735, -530135, 936 
1720534216001.00, 43808, -529187, 937 
1720534216022.00, 43598, -528236, 929 
1720534216044.00, 43728, -527287, 950 
1720534216066.00, 43699, -526352, 947 
1720534216087.00, 43621, -525405, 925 
1720534216109.00, 43767, -524452, 931 
1720534216131.00, 43851, -523512, 945 
1720534216152.00, 43700, -522564, 963 
1720534216174.00, 43572, -521612, 959 
1720534216195.00, 43561, -520667, 976 
1720534216217.00, 43659, -519731, 1006 
1720534216239.00, 43837, -518773, 1006 
1720534216261.00, 43642, -517821, 1045 
1720534216283.00, 43635, -516872, 1087 
1720534216304.00, 43741, -515914, 1115 
1720534216326.00, 43558, -514957, 1154 
1720534216348.00, 43653, -514008, 1160 
1720534216369.00, 43884, -513065, 1158 
1720534216391.00, 43814, -512112, 1168 
1720534216413.00, 43757, -511155, 1203 
1720534216435.00, 43494, -510217, 1212 
1720534216456.00, 43521, -509252, 1254 
1720534216478.00, 43875, -508303, 1269 
1720534216500.00, 43849, -507355, 1290 
1720534216522.00, 43722, -506407, 1285 
1720534216543.00, 43567, -505449, 1300 
1720534216565.00, 43539, -504496, 1336 
1720534216587.00, 43721, -503556, 1351 
1720534216608.00, 43800, -502598, 1412 
1720534216629.00, 43618, -501643, 1445 
1720534216652.00, 43654, -500691, 1485 
1720534216674.00, 43764, -499741, 1505 
1720534216695.00, 43732, -498783, 1529 
1720534216717.00, 43783, -497832, 1535 
1720534216739.00, 43706, -496889, 1549 
1720534216760.00, 43574, -495930, 1544 
1720534216782.00, 43823, -494980, 1566 
1720534216804.00, 43634, -494038, 1566 
1720534216825.00, 43548, -493088, 1588 
1720534216848.00, 43699, -492132, 1588 
1720534216869.00, 43811, -491182, 1592 
1720534216891.00, 43602, -490236, 1599 
1720534216912.00, 43603, -489279, 1602 
1720534216935.00, 43380, -488328, 1610 
1720534216956.00, 43640, -487386, 1618 
1720534216978.00, 43814, -486442, 1601 
1720534217000.00, 43461, -485487, 1594 
1720534217021.00, 43441, -484535, 1603 
1720534217043.00, 43514, -483594, 1585 
1720534217064.00, 43494, -482638, 1587 
1720534217087.00, 43719, -481686, 1593 
1720534217108.00, 43651, -480749, 1610 
1720534217130.00, 43813, -479799, 1585 
1720534217152.00, 43737, -478843, 1616 
1720534217173.00, 43669, -477896, 1615 
1720534217195.00, 43631, -476951, 1629 
1720534217216.00, 43807, -475991, 1652 
1720534217239.00, 43839, -475036, 1655 
1720534217260.00, 43766, -474093, 1673 
1720534217281.00, 43468, -473137, 1675 
1720534217304.00, 43699, -472190, 1673 
1720534217325.00, 43867, -471245, 1676 
1720534217346.00, 43630, -470299, 1670 
1720534217369.00, 43654, -469347, 1660 
1720534217391.00, 43776, -468395, 1651 
1720534217412.00, 43591, -467445, 1661 
1720534217434.00, 43665, -466492, 1663 
1720534217455.00, 43617, -465540, 1670 
1720534217477.00, 43842, -464595, 1671 
1720534217499.00, 43765, -463642, 1675 
1720534217521.00, 43573, -462692, 1664 
1720534217542.00, 43594, -461745, 1655 
1720534217565.00, 43625, -460804, 1640 
1720534217586.00, 43622, -459847, 1635 
1720534217608.00, 43694, -458898, 1622 
1720534217629.00, 43588, -457954, 1604 
1720534217651.00, 43700, -457006, 1603 
1720534217673.00, 43717, -456050, 1613 
1720534217695.00, 43556, -455101, 1592 
1720534217718.00, 43559, -454161, 1587 
1720534217738.00, 43781, -453207, 1571 
1720534217760.00, 43681, -452255, 1574 
1720534217781.00, 43566, -451310, 1564 
1720534217803.00, 43552, -450353, 1532 
1720534217825.00, 43441, -449403, 1526 
1720534217847.00, 43645, -448457, 1522 
1720534217868.00, 43636, -447516, 1518 
1720534217890.00, 43553, -446563, 1502 
1720534217911.00, 43566, -445611, 1487 
1720534217934.00, 43563, -444674, 1471 
1720534217955.00, 43455, -443720, 1449 
1720534217977.00, 43598, -442770, 1421 
1720534217998.00, 43815, -441826, 1413 
1720534218020.00, 43731, -440876, 1405 
1720534218045.00, 43444, -439929, 1369 
1720534218064.00, 43465, -438981, 1326 
1720534218085.00, 43509, -438040, 1291 
1720534218107.00, 43506, -437090, 1256 
1720534218129.00, 43567, -436143, 1231 
1720534218151.00, 43801, -435198, 1183 
1720534218172.00, 43525, -434249, 1165 
1720534218194.00, 43435, -433304, 1086 
1720534218216.00, 43380, -432356, 1033 
1720534218238.00, 24727, -431420, 1013 
1720534218260.00, 13283, -430861, 917 
1720534218281.00, 6790, -430562, 820 
1720534218302.00, 2935, -430406, 823 
1720534218323.00, 590, -430338, 839 
1720534218345.00, -45, -430327, 787 
1720534218367.00, -911, -430330, 686 
1720534218388.00, -1685, -430347, 544 
1720534218409.00, -2203, -430388, 382 
1720534218431.00, -2395, -430440, 247 
1720534218453.00, -2392, -430501, 124 
1720534218473.00, -2407, -430564, 25 
1720534218495.00, -2303, -430629, -40 
1720534218517.00, -4547, -430684, -95 
1720534218538.00, -9093, -430784, -150 
1720534218560.00, -15287, -430982, -182 
1720534218581.00, -20765, -431310, -203 
1720534218603.00, -25587, -431758, -221 
1720534218624.00, -29046, -432298, -236 
1720534218647.00, -32264, -432921, -254 
1720534218668.00, -34835, -433613, -263 
1720534218690.00, -36823, -434375, -265 
1720534218711.00, -38354, -435182, -278 
1720534218733.00, -40038, -436006, -283 
1720534218755.00, -41242, -436870, -284 
1720534218776.00, -41858, -437772, -286 
1720534218797.00, -42389, -438680, -293 
1720534218819.00, -43367, -439594, -286 
1720534218841.00, -43151, -440530, -293 
1720534218863.00, -43469, -441477, -292 
1720534218884.00, -43679, -442412, -297 
1720534218906.00, -43582, -443358, -306 
1720534218928.00, -43764, -444313, -309 
1720534218949.00, -43837, -445261, -313 
1720534218971.00, -43655, -446197, -311 
1720534218992.00, -43625, -447144, -312 
1720534219014.00, -43668, -448093, -308 
1720534219035.00, -43645, -449031, -309 
1720534219057.00, -43561, -449979, -304 
1720534219081.00, -43875, -450936, -300 
1720534219101.00, -43539, -451885, -301 
1720534219122.00, -43626, -452825, -292 
1720534219144.00, -43578, -453770, -294 
1720534219165.00, -43712, -454724, -293 
1720534219188.00, -43563, -455659, -295 
1720534219209.00, -44048, -456606, -297 
1720534219231.00, -43738, -457562, -295 
1720534219252.00, -43538, -458503, -297 
1720534219274.00, -43533, -459447, -294 
1720534219296.00, -43589, -460397, -302 
1720534219316.00, -43641, -461345, -301 
1720534219339.00, -43693, -462279, -292 
1720534219360.00, -43404, -463224, -295 
1720534219382.00, -43301, -464177, -291 
1720534219403.00, -43170, -465110, -295 
1720534219425.00, -43023, -466042, -290 
1720534219446.00, -42942, -466983, -290 
1720534219468.00, -42940, -467918, -290 
1720534219490.00, -42697, -468837, -291 
1720534219512.00, -42598, -469763, -290 
1720534219534.00, -42517, -470695, -292 
1720534219555.00, -42528, -471611, -294 
1720534219576.00, -42567, -472528, -294 
1720534219598.00, -42585, -473457, -293 
1720534219620.00, -42702, -474386, -293 
1720534219641.00, -42887, -475299, -297 
1720534219663.00, -42879, -476226, -295 
1720534219686.00, -42904, -477167, -293 
1720534219707.00, -42769, -478093, -308 
1720534219728.00, -43568, -479014, -299 
1720534219750.00, -43529, -479958, -294 
1720534219772.00, -43296, -480906, -301 
1720534219792.00, -43283, -481827, -297 
1720534219815.00, -43117, -482768, -294 
1720534219837.00, -42890, -483715, -289 
1720534219858.00, -42317, -484641, -302 
1720534219880.00, -42622, -485555, -288 
1720534219902.00, -42223, -486484, -291 
1720534219923.00, -42105, -487404, -300 
1720534219944.00, -42560, -488303, -296 
1720534219966.00, -42574, -489223, -291 
1720534219988.00, -42294, -490154, -303 
1720534220010.00, -42411, -491068, -316 
1720534220031.00, -43473, -491992, -307 
1720534220053.00, -43814, -492936, -311 
1720534220074.00, -43701, -493889, -316 
1720534220096.00, -43795, -494822, -314 
1720534220124.00, -43645, -495767, -315 
1720534220140.00, -43470, -496724, -324 
1720534220161.00, -43712, -497670, -330 
1720534220183.00, -43809, -498606, -318 
1720534220204.00, -43660, -499558, -327 
1720534220226.00, -43631, -500516, -330 
1720534220248.00, -43784, -501454, -328 
1720534220269.00, -43659, -502403, -335 
1720534220291.00, -43481, -503359, -341 
1720534220312.00, -43877, -504295, -290 
1720534220334.00, -42713, -505242, -381 
1720534220355.00, -43658, -506176, -346 
1720534220377.00, -43727, -507124, -349 
1720534220399.00, -43413, -508061, -360 
1720534220420.00, -43700, -509012, -362 
1720534220443.00, -43808, -509970, -364 
1720534220464.00, -43502, -510909, -380 
1720534220486.00, -43726, -511852, -378 
1720534220507.00, -43749, -512804, -385 
1720534220528.00, -43623, -513752, -399 
1720534220551.00, -43694, -514692, -413 
1720534220572.00, -43721, -515641, -420 
1720534220594.00, -43720, -516604, -420 
1720534220614.00, -43600, -517540, -427 
1720534220637.00, -43745, -518485, -422 
1720534220659.00, -43849, -519439, -420 
1720534220681.00, -43720, -520383, -433 
1720534220702.00, -43656, -521321, -421 
1720534220724.00, -43817, -522272, -418 
1720534220745.00, -43630, -523226, -424 
1720534220767.00, -43551, -524165, -419 
1720534220788.00, -43760, -525111, -409 
1720534220810.00, -43748, -526066, -411 
1720534220832.00, -43735, -527010, -422 
1720534220854.00, -43886, -527948, -413 
1720534220875.00, -43700, -528900, -412 
1720534220897.00, -43595, -529852, -405 
1720534220918.00, -43660, -530785, -398 
1720534220940.00, -43788, -531732, -401 
1720534220962.00, -43610, -532687, -409 
1720534220983.00, -43676, -533633, -413 
1720534221005.00, -43867, -534579, -407 
1720534221027.00, -43536, -535531, -409 
1720534221048.00, -43449, -536484, -425 
1720534221070.00, -43620, -537415, -418 
1720534221091.00, -43726, -538357, -415 
1720534221113.00, -43615, -539312, -418 
1720534221135.00, -43722, -540253, -429 
1720534221156.00, -43624, -541199, -425 
1720534221178.00, -43557, -542152, -413 
1720534221200.00, -43614, -543098, -398 
1720534221221.00, -43814, -544034, -386 
1720534221243.00, -43501, -544978, -383 
1720534221264.00, -43603, -545933, -383 
1720534221286.00, -43629, -546868, -371 
1720534221307.00, -43586, -547809, -369 
1720534221330.00, -43700, -548766, -381 
1720534221351.00, -43804, -549714, -386 
1720534221372.00, -43526, -550651, -367 
1720534221394.00, -43484, -551601, -367 
1720534221416.00, -43607, -552554, -377 
1720534221438.00, -43636, -553488, -371 
1720534221459.00, -43736, -554429, -357 
1720534221481.00, -43848, -555384, -364 
1720534221503.00, -43568, -556332, -372 
1720534221525.00, -43589, -557272, -369 
1720534221549.00, -43718, -558220, -370 
1720534221568.00, -43527, -559171, -380 
1720534221589.00, -43367, -560110, -382 
1720534221611.00, -43707, -561054, -380 
1720534221632.00, -43678, -562005, -389 
1720534221655.00, -43621, -562947, -403 
1720534221676.00, -43627, -563887, -406 
1720534221697.00, -43736, -564835, -394 
1720534221718.00, -43482, -565787, -396 
1720534221741.00, -43732, -566729, -409 
1720534221763.00, -43799, -567673, -400 
1720534221784.00, -43557, -568627, -403 
1720534221805.00, -43651, -569570, -399 
1720534221827.00, -43737, -570504, -394 
1720534221849.00, -43539, -571456, -395 
1720534221872.00, -43794, -572405, -403 
1720534221892.00, -43788, -573343, -404 
1720534221913.00, -43487, -574299, -401 
1720534221935.00, -43638, -575249, -406 
1720534221957.00, -43761, -576188, -402 
1720534221979.00, -43599, -577126, -384 
1720534222001.00, -43697, -578073, -376 
1720534222021.00, -43745, -579016, -373 
1720534222043.00, -43589, -579956, -366 
1720534222065.00, -43705, -580904, -359 
1720534222088.00, -43693, -581857, -375 
1720534222108.00, -43564, -582803, -375 
1720534222130.00, -43670, -583744, -378 
1720534222151.00, -43681, -584693, -385 
1720534222173.00, -43710, -585641, -386 
1720534222198.00, -43614, -586579, -380 
1720534222217.00, -43741, -587529, -368 
1720534222238.00, -43650, -588479, -380 
1720534222262.00, -43818, -589418, -375 
1720534222281.00, -43855, -590360, -360 
1720534222306.00, -43656, -591310, -366 
1720534222324.00, -43478, -592258, -364 
1720534222346.00, -43442, -593196, -357 
1720534222367.00, -24956, -594135, -340 
1720534222389.00, -13599, -594699, -358 
1720534222411.00, -6901, -595012, -383 
1720534222433.00, -2816, -595165, -330 
1720534222453.00, -406, -595233, -331 
1720534222475.00, 123, -595246, -300 
1720534222497.00, 1033, -595243, -244 
1720534222518.00, 1552, -595222, -168 
1720534222540.00, 1981, -595187, -104 
1720534222562.00, 2330, -595141, -36 
1720534222584.00, 2321, -595080, 75 
1720534222605.00, 7086, -595014, 183 
1720534222626.00, 16216, -594858, 279 
1720534222648.00, 27507, -594508, 373 
1720534222669.00, 36102, -593922, 468 
1720534222692.00, 40815, -593143, 555 
1720534222713.00, 43921, -592256, 652 
1720534222734.00, 43797, -591308, 676 
1720534222757.00, 43709, -590354, 741 
1720534222777.00, 43672, -589409, 756 
1720534222799.00, 43767, -588466, 777 
1720534222822.00, 43795, -587517, 786 
1720534222843.00, 43529, -586567, 801 
1720534222869.00, 43887, -585625, 800 
1720534222887.00, 43737, -584676, 804 
1720534222907.00, 43622, -583730, 808 
1720534222929.00, 43669, -582787, 809 
1720534222951.00, 43687, -581842, 793 
1720534222972.00, 43675, -580890, 783 
1720534222995.00, 43606, -579940, 768 
1720534223016.00, 43668, -578999, 763 
1720534223038.00, 43646, -578053, 765 
1720534223060.00, 43687, -577106, 739 
1720534223081.00, 43744, -576168, 739 
1720534223103.00, 43741, -575222, 741 
1720534223125.00, 43579, -574271, 729 
1720534223146.00, 43624, -573320, 726 
1720534223168.00, 43708, -572378, 706 
1720534223189.00, 43539, -571430, 716 
1720534223211.00, 43563, -570481, 716 
1720534223232.00, 43836, -569539, 712 
1720534223254.00, 43758, -568595, 716 
1720534223276.00, 43643, -567643, 705 
1720534223298.00, 43868, -566697, 711 
1720534223319.00, 43687, -565754, 718 
1720534223341.00, 43536, -564802, 721 
1720534223363.00, 43690, -563851, 714 
1720534223384.00, 43777, -562912, 719 
1720534223406.00, 43759, -561969, 714 
1720534223427.00, 43690, -561016, 735 
1720534223449.00, 43741, -560070, 737 
1720534223471.00, 43726, -559132, 724 
1720534223492.00, 43559, -558178, 733 
1720534223514.00, 43823, -557231, 725 
1720534223535.00, 43665, -556290, 740 
1720534223557.00, 43568, -555340, 741 
1720534223579.00, 43700, -554390, 743 
1720534223601.00, 43826, -553443, 747 
1720534223624.00, 43662, -552507, 757 
1720534223644.00, 43564, -551552, 763 
1720534223665.00, 43705, -550606, 750 
1720534223686.00, 43657, -549665, 728 
1720534223709.00, 43636, -548715, 739 
1720534223733.00, 43818, -547764, 728 
1720534223751.00, 43619, -546819, 721 
1720534223775.00, 43513, -545880, 722 
1720534223795.00, 43815, -544926, 732 
1720534223817.00, 43742, -543979, 745 
1720534223842.00, 43457, -543039, 745 
1720534223860.00, 43674, -542088, 759 
1720534223882.00, 43870, -541137, 766 
1720534223903.00, 43602, -540190, 779 
1720534223925.00, 43655, -539248, 788 
1720534223947.00, 43897, -538299, 787 
1720534223968.00, 43695, -537346, 811 
1720534223990.00, 43502, -536408, 817 
1720534224012.00, 43718, -535458, 815 
1720534224033.00, 43648, -534510, 817 
1720534224059.00, 43771, -533565, 809 
1720534224076.00, 43597, -532619, 816 
1720534224098.00, 43783, -531665, 815 
1720534224120.00, 43743, -530717, 811 
1720534224141.00, 43698, -529779, 826 
1720534224165.00, 43779, -528831, 823 
1720534224185.00, 43648, -527876, 818 
1720534224206.00, 43607, -526937, 831 
1720534224228.00, 43905, -525993, 841 
1720534224250.00, 43775, -525039, 842 
1720534224271.00, 43556, -524092, 841 
1720534224293.00, 43733, -523154, 837 
1720534224315.00, 43681, -522201, 848 
1720534224336.00, 43734, -521251, 849 
1720534224357.00, 43705, -520313, 853 
1720534224379.00, 43807, -519368, 844 
1720534224401.00, 43690, -518417, 840 
1720534224423.00, 43478, -517469, 854 
1720534224444.00, 43593, -516528, 855 
1720534224466.00, 43652, -515573, 880 
1720534224487.00, 43556, -514629, 860 
1720534224509.00, 43708, -513688, 863 
1720534224531.00, 43668, -512742, 848 
1720534224552.00, 43474, -511795, 841 
1720534224574.00, 43575, -510852, 831 
1720534224596.00, 43615, -509916, 819 
1720534224618.00, 43456, -508962, 827 
1720534224640.00, 43764, -508015, 831 
1720534224661.00, 43641, -507074, 858 
1720534224683.00, 43545, -506125, 863 
1720534224704.00, 43716, -505174, 870 
1720534224726.00, 43750, -504234, 878 
1720534224747.00, 43697, -503291, 864 
1720534224769.00, 43580, -502337, 869 
1720534224791.00, 43748, -501389, 876 
1720534224812.00, 43649, -500452, 866 
1720534224834.00, 43587, -499497, 851 
1720534224856.00, 43856, -498548, 857 
1720534224879.00, 43733, -497604, 892 
1720534224899.00, 43653, -496660, 893 
1720534224920.00, 43690, -495707, 890 
1720534224942.00, 43593, -494762, 892 
1720534224963.00, 43522, -493825, 911 
1720534224985.00, 43859, -492874, 920 
1720534225006.00, 43752, -491928, 938 
1720534225029.00, 43479, -490979, 939 
1720534225050.00, 43466, -490038, 923 
1720534225071.00, 43501, -489083, 929 
1720534225094.00, 43471, -488145, 913 
1720534225115.00, 43688, -487209, 924 
1720534225137.00, 43716, -486258, 924 
1720534225158.00, 43572, -485311, 928 
1720534225180.00, 43557, -484365, 937 
1720534225201.00, 43628, -483420, 924 
1720534225223.00, 43541, -482469, 922 
1720534225245.00, 43673, -481521, 942 
1720534225266.00, 43833, -480583, 959 
1720534225288.00, 43567, -479633, 958 
1720534225310.00, 43554, -478685, 972 
1720534225331.00, 43669, -477743, 983 
1720534225353.00, 43698, -476800, 990 
1720534225375.00, 43740, -475848, 994 
1720534225396.00, 43842, -474896, 999 
1720534225418.00, 43673, -473957, 1024 
1720534225440.00, 43626, -473001, 1025 
1720534225462.00, 43558, -472052, 1028 
1720534225483.00, 43866, -471107, 1040 
1720534225505.00, 43964, -470153, 1053 
1720534225527.00, 43685, -469201, 1076 
1720534225548.00, 43605, -468246, 1106 
1720534225570.00, 43643, -467300, 1108 
1720534225592.00, 43681, -466337, 1164 
1720534225613.00, 43777, -465385, 1153 
1720534225635.00, 43749, -464441, 1182 
1720534225657.00, 43547, -463482, 1191 
1720534225679.00, 43823, -462535, 1180 
1720534225701.00, 43575, -461590, 1198 
1720534225722.00, 43541, -460644, 1190 
1720534225744.00, 43602, -459689, 1199 
1720534225766.00, 43907, -458738, 1196 
1720534225788.00, 43707, -457794, 1206 
1720534225809.00, 43674, -456837, 1208 
1720534225831.00, 43422, -455886, 1197 
1720534225852.00, 43544, -454937, 1221 
1720534225874.00, 43770, -453998, 1202 
1720534225896.00, 43772, -453042, 1211 
1720534225917.00, 43389, -452090, 1217 
1720534225940.00, 43463, -451142, 1215 
1720534225961.00, 43484, -450189, 1175 
1720534225983.00, 43493, -449241, 1146 
1720534226005.00, 43660, -448303, 1109 
1720534226026.00, 43714, -447354, 1095 
1720534226048.00, 43746, -446401, 1100 
1720534226070.00, 43548, -445450, 1084 
1720534226092.00, 43522, -444510, 1060 
1720534226113.00, 43652, -443553, 1033 
1720534226138.00, 43837, -442608, 1019 
1720534226156.00, 43416, -441661, 1008 
1720534226178.00, 43503, -440712, 975 
1720534226200.00, 43571, -439768, 974 
1720534226221.00, 43558, -438823, 971 
1720534226244.00, 43636, -437885, 962 
1720534226265.00, 43871, -436931, 973 
1720534226287.00, 43514, -435987, 959 
1720534226308.00, 43470, -435048, 935 
1720534226330.00, 43590, -434100, 887 
1720534226351.00, 43457, -433160, 836 
1720534226373.00, 43704, -432217, 787 
1720534226395.00, 24979, -431280, 802 
1720534226416.00, 13786, -430714, 769 
1720534226438.00, 6990, -430408, 708 
1720534226459.00, 2927, -430255, 628 
1720534226481.00, 416, -430193, 526 
1720534226502.00, -181, -430185, 397 
1720534226524.00, -1087, -430194, 279 
1720534226545.00, -1676, -430218, 191 
1720534226567.00, -1956, -430256, 117 
1720534226588.00, -2078, -430303, 53 
1720534226609.00, -2225, -430356, -4 
1720534226631.00, -2225, -430412, -62 
1720534226652.00, -5866, -430465, -99 
1720534226674.00, -10166, -430593, -130 
1720534226697.00, -14554, -430813, -158 
1720534226717.00, -18947, -431132, -184 
1720534226739.00, -23213, -431542, -199 
1720534226760.00, -26523, -432037, -216 
1720534226782.00, -29517, -432603, -239 
1720534226804.00, -32535, -433235, -249 
1720534226825.00, -35153, -433939, -255 
1720534226847.00, -36967, -434706, -263 
1720534226868.00, -38467, -435498, -271 
1720534226890.00, -39811, -436323, -277 
1720534226912.00, -40774, -437181, -287 
1720534226934.00, -41916, -438074, -286 
1720534226955.00, -42377, -438976, -281 
1720534226976.00, -42367, -439891, -288 
1720534226998.00, -42795, -440815, -298 
1720534227020.00, -43383, -441745, -295 
1720534227042.00, -43694, -442680, -289 
1720534227063.00, -43703, -443629, -293 
1720534227084.00, -43533, -444588, -293 
1720534227106.00, -43590, -445526, -290 
1720534227128.00, -43442, -446467, -286 
1720534227150.00, -43102, -447410, -290 
1720534227171.00, -43302, -448351, -296 
1720534227193.00, -43651, -449273, -297 
1720534227214.00, -43721, -450221, -303 
1720534227237.00, -43631, -451182, -308 
1720534227258.00, -43665, -452122, -319 
1720534227280.00, -43618, -453066, -322 
1720534227301.00, -43651, -454020, -304 
1720534227323.00, -43796, -454969, -366 
1720534227345.00, -43592, -455904, -334 
1720534227367.00, -43753, -456850, -333 
1720534227388.00, -43670, -457809, -335 
1720534227409.00, -43561, -458748, -337 
1720534227432.00, -43847, -459688, -322 
1720534227452.00, -43887, -460643, -316 
1720534227474.00, -43438, -461587, -316 
1720534227496.00, -43701, -462521, -305 
1720534227518.00, -43649, -463470, -310 
1720534227539.00, -43456, -464426, -307 
1720534227562.00, -43744, -465361, -300 
1720534227582.00, -43948, -466306, -290 
1720534227604.00, -43380, -467265, -292 
1720534227625.00, -43288, -468207, -300 
1720534227648.00, -43537, -469140, -288 
1720534227669.00, -42980, -470087, -293 
1720534227691.00, -42968, -471029, -289 
1720534227713.00, -42946, -471949, -283 
1720534227734.00, -42508, -472872, -289 
1720534227755.00, -42482, -473798, -291 
1720534227779.00, -42348, -474714, -291 
1720534227799.00, -42217, -475628, -280 
1720534227820.00, -41585, -476553, -287 
1720534227841.00, -41635, -477470, -287 
1720534227864.00, -41784, -478358, -283 
1720534227886.00, -41584, -479262, -275 
1720534227907.00, -40879, -480164, -276 
1720534227929.00, -40688, -481052, -283 
1720534227950.00, -40759, -481921, -280 
1720534227972.00, -40626, -482808, -273 
1720534227994.00, -40126, -483701, -270 
1720534228016.00, -39721, -484571, -279 
1720534228037.00, -39926, -485424, -273 
1720534228059.00, -39734, -486295, -281 
1720534228080.00, -40124, -487162, -283 
1720534228105.00, -40444, -488021, -292 
1720534228124.00, -41304, -488894, -295 
1720534228145.00, -41844, -489788, -306 
1720534228167.00, -42502, -490700, -311 
1720534228189.00, -43106, -491608, -314 
1720534228210.00, -43480, -492541, -317 
1720534228232.00, -43452, -493490, -318 
1720534228254.00, -43715, -494428, -327 
1720534228275.00, -43827, -495367, -318 
1720534228296.00, -43668, -496315, -322 
1720534228318.00, -43692, -497273, -325 
1720534228339.00, -43758, -498204, -323 
1720534228362.00, -43422, -499153, -328 
1720534228383.00, -43592, -500115, -331 
1720534228404.00, -43749, -501050, -344 
1720534228427.00, -43774, -501998, -336 
1720534228448.00, -43484, -502952, -343 
1720534228469.00, -43592, -503901, -347 
1720534228491.00, -43435, -504831, -343 
1720534228513.00, -43572, -505778, -349 
1720534228535.00, -43748, -506734, -347 
1720534228556.00, -43728, -507672, -342 
1720534228578.00, -43574, -508616, -338 
1720534228600.00, -43738, -509570, -343 
1720534228621.00, -43603, -510520, -346 
1720534228642.00, -43453, -511457, -339 
1720534228665.00, -43761, -512406, -349 
1720534228686.00, -43868, -513358, -352 
1720534228708.00, -43556, -514292, -353 
1720534228729.00, -43612, -515238, -357 
1720534228751.00, -43693, -516196, -367 
1720534228773.00, -43653, -517144, -367 
1720534228794.00, -43883, -518085, -362 
1720534228816.00, -43820, -519038, -375 
1720534228838.00, -43598, -519990, -373 
1720534228859.00, -43594, -520921, -364 
1720534228880.00, -43758, -521866, -359 
1720534228903.00, -43794, -522824, -364 
1720534228924.00, -43690, -523768, -373 
1720534228945.00, -43775, -524708, -360 
1720534228967.00, -43828, -525658, -359 
1720534228988.00, -43611, -526612, -366 
1720534229011.00, -43693, -527547, -363 
1720534229033.00, -43804, -528495, -352 
1720534229054.00, -43783, -529449, -351 
1720534229075.00, -43657, -530392, -357 
1720534229097.00, -43844, -531327, -353 
1720534229119.00, -43789, -532283, -356 
1720534229141.00, -43506, -533236, -365 
1720534229161.00, -43608, -534178, -365 
1720534229184.00, -43767, -535124, -367 
1720534229205.00, -43514, -536081, -371 
1720534229227.00, -43736, -537021, -372 
1720534229249.00, -43707, -537958, -373 
1720534229270.00, -43640, -538909, -374 
1720534229292.00, -43641, -539856, -360 
1720534229313.00, -43779, -540796, -352 
1720534229335.00, -43723, -541747, -355 
1720534229357.00, -43535, -542704, -357 
1720534229378.00, -43642, -543642, -355 
1720534229400.00, -43750, -544585, -349 
1720534229422.00, -43566, -545535, -358 
1720534229444.00, -43863, -546480, -362 
1720534229465.00, -43808, -547418, -355 
1720534229487.00, -43523, -548370, -359 
1720534229508.00, -43679, -549326, -362 
1720534229530.00, -43777, -550265, -371 
1720534229552.00, -43573, -551208, -373 
1720534229573.00, -43747, -552164, -385 
1720534229595.00, -43730, -553112, -399 
1720534229617.00, -43647, -554050, -404 
1720534229638.00, -43619, -555001, -417 
1720534229660.00, -43709, -555951, -418 
1720534229681.00, -43668, -556892, -406 
1720534229703.00, -43701, -557834, -410 
1720534229725.00, -43679, -558789, -421 
1720534229748.00, -43691, -559732, -416 
1720534229768.00, -43576, -560673, -414 
1720534229790.00, -43599, -561623, -412 
1720534229811.00, -43623, -562573, -418 
1720534229833.00, -43619, -563506, -420 
1720534229854.00, -43727, -564454, -418 
1720534229876.00, -43767, -565406, -422 
1720534229897.00, -43546, -566353, -430 
1720534229919.00, -43503, -567295, -424 
1720534229941.00, -43631, -568244, -428 
1720534229963.00, -43720, -569191, -431 
1720534229984.00, -43548, -570127, -430 
1720534230006.00, -43695, -571071, -413 
1720534230028.00, -43589, -572023, -432 
1720534230049.00, -43695, -572966, -429 
1720534230073.00, -43801, -573912, -421 
1720534230092.00, -43803, -574865, -434 
1720534230114.00, -43553, -575814, -447 
1720534230135.00, -43760, -576750, -463 
1720534230158.00, -43643, -577698, -463 
1720534230179.00, -43578, -578647, -469 
1720534230200.00, -43629, -579590, -481 
1720534230222.00, -43876, -580532, -482 
1720534230244.00, -43474, -581485, -496 
1720534230265.00, -43769, -582435, -507 
1720534230287.00, -43796, -583377, -528 
1720534230309.00, -43519, -584322, -535 
1720534230331.00, -43553, -585274, -545 
1720534230352.00, -43647, -586211, -555 
1720534230374.00, -43573, -587156, -553 
1720534230396.00, -43637, -588108, -552 
1720534230417.00, -43595, -589051, -552 
1720534230438.00, -43581, -589989, -526 
1720534230460.00, -43696, -590934, -495 
1720534230482.00, -43696, -591884, -510 
1720534230504.00, -43407, -592822, -490 
1720534230525.00, -24599, -593759, -452 
1720534230546.00, -13420, -594322, -438 
1720534230568.00, -6919, -594629, -428 
1720534230590.00, -2886, -594780, -415 
1720534230611.00, -426, -594846, -388 
1720534230633.00, 149, -594856, -297 
1720534230654.00, 1040, -594851, -213 
1720534230676.00, 1704, -594826, -105 
1720534230698.00, 2163, -594785, -14 
1720534230719.00, 2284, -594733, 80 
1720534230740.00, 7159, -594672, 172 
1720534230763.00, 15674, -594513, 229 
1720534230784.00, 24073, -594182, 295 
1720534230806.00, 33249, -593659, 377 
1720534230827.00, 39575, -592957, 421 
1720534230849.00, 43276, -592117, 440 
1720534230870.00, 43809, -591181, 472 
1720534230892.00, 43486, -590226, 494 
1720534230914.00, 43908, -589288, 478 
1720534230935.00, 43702, -588340, 554 
1720534230956.00, 43769, -587389, 539 
1720534230979.00, 43773, -586440, 548 
1720534231000.00, 43693, -585497, 577 
1720534231022.00, 43676, -584545, 596 
1720534231044.00, 43654, -583595, 602 
1720534231065.00, 43703, -582655, 609 
1720534231087.00, 43773, -581708, 616 
1720534231109.00, 43592, -580755, 632 
1720534231130.00, 43657, -579803, 647 
1720534231152.00, 43690, -578865, 638 
1720534231173.00, 43498, -577917, 619 
1720534231194.00, 43544, -576973, 597 
1720534231217.00, 43707, -576039, 579 
1720534231238.00, 43653, -575095, 555 
1720534231260.00, 43718, -574144, 556 
1720534231282.00, 43659, -573194, 578 
1720534231303.00, 43541, -572249, 576 
1720534231325.00, 43598, -571298, 566 
1720534231346.00, 43740, -570353, 585 
1720534231368.00, 43748, -569412, 590 
1720534231389.00, 43746, -568465, 610 
1720534231412.00, 43810, -567511, 666 
1720534231434.00, 43740, -566562, 691 
1720534231455.00, 43609, -565618, 701 
1720534231476.00, 43738, -564663, 735 
1720534231498.00, 43772, -563713, 751 
1720534231520.00, 43607, -562773, 760 
1720534231541.00, 43617, -561825, 775 
1720534231563.00, 43688, -560876, 792 
1720534231584.00, 43668, -559932, 799 
1720534231609.00, 43654, -558987, 823 
1720534231628.00, 43735, -558037, 819 
1720534231649.00, 43500, -557090, 826 
1720534231671.00, 43481, -556150, 830 
1720534231694.00, 43691, -555205, 811 
1720534231715.00, 43695, -554256, 790 
1720534231736.00, 43624, -553314, 797 
1720534231758.00, 43703, -552373, 784 
1720534231779.00, 43663, -551420, 788 
1720534231800.00, 43643, -550477, 780 
1720534231825.00, 43653, -549533, 793 
1720534231844.00, 43712, -548579, 826 
1720534231867.00, 43743, -547626, 828 
1720534231887.00, 43510, -546682, 847 
1720534231909.00, 43705, -545737, 858 
1720534231936.00, 43740, -544790, 864 
1720534231953.00, 43561, -543845, 870 
1720534231974.00, 43589, -542908, 869 
1720534231996.00, 43590, -541957, 850 
1720534232017.00, 43351, -541003, 870 
1720534232043.00, 43612, -540061, 856 
1720534232061.00, 43608, -539124, 852 
1720534232081.00, 43622, -538175, 841 
1720534232103.00, 43727, -537231, 832 
1720534232125.00, 43732, -536294, 830 
1720534232149.00, 43607, -535340, 827 
1720534232169.00, 43614, -534389, 837 
1720534232190.00, 43754, -533444, 857 
1720534232212.00, 43777, -532501, 853 
1720534232233.00, 43769, -531545, 853 
1720534232255.00, 43759, -530600, 867 
1720534232277.00, 43487, -529661, 877 
1720534232299.00, 43582, -528712, 860 
1720534232320.00, 43817, -527760, 885 
1720534232342.00, 43571, -526823, 879 
1720534232364.00, 43623, -525878, 853 
1720534232385.00, 43753, -524926, 850 
1720534232406.00, 43556, -523981, 836 
1720534232428.00, 43396, -523040, 853 
1720534232450.00, 43681, -522087, 886 
1720534232471.00, 43757, -521142, 870 
1720534232493.00, 43670, -520203, 892 
1720534232518.00, 43683, -519258, 903 
1720534232537.00, 43712, -518306, 902 
1720534232558.00, 43630, -517358, 908 
1720534232580.00, 43790, -516417, 892 
1720534232602.00, 43794, -515460, 881 
1720534232624.00, 43632, -514510, 891 
1720534232645.00, 43523, -513575, 899 
1720534232667.00, 43610, -512624, 901 
1720534232688.00, 43537, -511680, 899 
1720534232710.00, 43521, -510738, 895 
1720534232731.00, 43822, -509799, 890 
1720534232753.00, 43590, -508843, 888 
1720534232774.00, 43635, -507894, 898 
1720534232796.00, 43737, -506958, 895 
1720534232818.00, 43660, -506010, 902 
1720534232840.00, 43641, -505058, 887 
1720534232861.00, 43844, -504116, 917 
1720534232882.00, 43743, -503173, 918 
1720534232904.00, 43644, -502218, 917 
1720534232928.00, 43482, -501270, 923 
1720534232948.00, 43584, -500332, 932 
1720534232970.00, 43558, -499379, 930 
1720534232991.00, 43840, -498429, 928 
1720534233012.00, 43684, -497489, 933 
1720534233037.00, 43694, -496543, 936 
1720534233057.00, 43579, -495591, 934 
1720534233078.00, 43733, -494647, 939 
1720534233099.00, 43624, -493712, 921 
1720534233121.00, 43630, -492760, 909 
1720534233142.00, 43723, -491807, 924 
1720534233164.00, 43748, -490861, 944 
1720534233186.00, 43505, -489916, 946 
1720534233207.00, 43564, -488965, 962 
1720534233229.00, 43653, -488025, 967 
1720534233252.00, 43718, -487084, 956 
1720534233271.00, 43651, -486132, 963 
1720534233294.00, 43774, -485185, 956 
1720534233315.00, 43676, -484243, 987 
1720534233337.00, 43647, -483289, 981 
1720534233359.00, 43896, -482339, 994 
1720534233380.00, 43660, -481389, 1015 
1720534233402.00, 43454, -480450, 1002 
1720534233424.00, 43578, -479493, 990 
1720534233446.00, 43534, -478548, 1004 
1720534233467.00, 43422, -477609, 999 
1720534233489.00, 43797, -476661, 997 
1720534233511.00, 43857, -475710, 994 
1720534233532.00, 43582, -474767, 988 
1720534233554.00, 43638, -473827, 983 
1720534233576.00, 43648, -472873, 994 
1720534233597.00, 43579, -471927, 1026 
1720534233619.00, 43771, -470986, 1020 
1720534233640.00, 43733, -470030, 1026 
1720534233662.00, 43832, -469078, 1037 
1720534233685.00, 43586, -468127, 1040 
1720534233706.00, 43457, -467180, 1034 
1720534233728.00, 43684, -466223, 1049 
1720534233750.00, 43875, -465271, 1068 
1720534233771.00, 43571, -464328, 1083 
1720534233793.00, 43606, -463370, 1098 
1720534233815.00, 43515, -462419, 1135 
1720534233836.00, 43703, -461478, 1131 
1720534233858.00, 43716, -460529, 1143 
1720534233879.00, 43653, -459572, 1148 
1720534233904.00, 43551, -458620, 1151 
1720534233924.00, 43644, -457675, 1190 
1720534233945.00, 43625, -456718, 1212 
1720534233967.00, 43841, -455767, 1242 
1720534233988.00, 43569, -454820, 1276 
1720534234011.00, 43814, -453869, 1297 
1720534234032.00, 43825, -452918, 1319 
1720534234053.00, 43772, -451963, 1321 
1720534234075.00, 43520, -451018, 1342 
1720534234097.00, 43497, -450056, 1351 
1720534234119.00, 43717, -449103, 1360 
1720534234140.00, 43747, -448165, 1362 
1720534234162.00, 43531, -447210, 1382 
1720534234184.00, 43581, -446258, 1384 
1720534234206.00, 43663, -445308, 1402 
1720534234227.00, 43739, -444367, 1418 
1720534234249.00, 43727, -443406, 1442 
1720534234271.00, 43591, -442458, 1427 
1720534234293.00, 43540, -441511, 1435 
1720534234314.00, 43590, -440559, 1425 
1720534234336.00, 43546, -439609, 1411 
1720534234357.00, 43606, -438664, 1377 
1720534234379.00, 43805, -437719, 1385 
1720534234401.00, 43669, -436762, 1356 
1720534234423.00, 43615, -435817, 1360 
1720534234448.00, 43339, -434872, 1316 
1720534234466.00, 43521, -433919, 1275 
1720534234488.00, 43632, -432973, 1256 
1720534234510.00, 43723, -432028, 1227 
1720534234532.00, 24750, -431087, 1188 
1720534234556.00, 13780, -430521, 1152 
1720534234575.00, 6874, -430210, 1197 
1720534234597.00, 2806, -430054, 1197 
1720534234617.00, 363, -429990, 1157 
1720534234640.00, -119, -429984, 1045 
1720534234661.00, -1091, -429991, 882 
1720534234682.00, -1807, -430016, 689 
1720534234704.00, -2272, -430059, 526 
1720534234725.00, -2491, -430112, 399 
1720534234746.00, -2589, -430170, 280 
1720534234768.00, -2478, -430232, 179 
1720534234789.00, -2341, -430294, 83 
1720534234811.00, -2273, -430354, -2 
1720534234832.00, -2170, -430416, -87 
1720534234854.00, -7555, -430472, -156 
1720534234875.00, -14533, -430633, -228 
1720534234898.00, -23222, -430947, -279 
1720534234919.00, -31235, -431449, -314 
1720534234940.00, -38397, -432118, -331 
1720534234962.00, -42238, -432939, -428 
1720534234984.00, -43794, -433842, -373 
1720534235006.00, -43669, -434807, -443 
1720534235027.00, -43804, -435748, -441 
1720534235048.00, -43731, -436694, -460 
1720534235070.00, -43690, -437648, -481 
1720534235092.00, -43710, -438601, -496 
1720534235113.00, -43800, -439540, -504 
1720534235135.00, -43627, -440486, -505 
1720534235156.00, -43551, -441441, -514 
1720534235179.00, -43762, -442382, -527 
1720534235200.00, -43701, -443325, -526 
1720534235222.00, -43706, -444280, -518 
1720534235243.00, -43748, -445227, -516 
1720534235265.00, -43675, -446163, -516 
1720534235287.00, -43618, -447113, -525 
1720534235308.00, -43706, -448062, -527 
1720534235330.00, -43675, -448999, -535 
1720534235352.00, -43557, -449945, -533 
1720534235373.00, -43779, -450906, -529 
1720534235396.00, -43781, -451852, -529 
1720534235416.00, -43579, -452792, -530 
1720534235440.00, -43666, -453740, -539 
1720534235460.00, -43755, -454692, -538 
1720534235481.00, -43634, -455630, -537 
1720534235503.00, -43691, -456574, -535 
1720534235525.00, -43789, -457527, -539 
1720534235546.00, -43694, -458474, -551 
1720534235568.00, -43610, -459413, -550 
1720534235589.00, -43745, -460364, -545 
1720534235611.00, -43687, -461316, -538 
1720534235633.00, -43583, -462248, -528 
1720534235656.00, -43770, -463192, -517 
1720534235676.00, -43712, -464150, -512 
1720534235697.00, -43682, -465093, -527 
1720534235720.00, -43724, -466032, -519 
1720534235741.00, -43722, -466983, -514 
1720534235763.00, -43647, -467940, -522 
1720534235784.00, -43717, -468877, -529 
1720534235806.00, -43759, -469822, -525 
1720534235828.00, -43689, -470779, -520 
1720534235849.00, -43708, -471719, -531 
1720534235873.00, -43780, -472659, -533 
1720534235893.00, -43702, -473610, -531 
1720534235914.00, -43440, -474560, -524 
1720534235936.00, -43599, -475499, -531 
1720534235958.00, -43550, -476445, -542 
1720534235981.00, -43414, -477404, -530 
1720534236001.00, -43494, -478339, -520 
1720534236022.00, -43658, -479275, -508 
1720534236044.00, -43645, -480223, -505 
1720534236065.00, -43811, -481166, -499 
1720534236090.00, -43648, -482103, -491 
1720534236109.00, -43447, -483055, -491 
1720534236131.00, -43654, -484013, -483 
1720534236151.00, -43729, -484947, -493 
1720534236173.00, -43523, -485891, -499 
1720534236198.00, -43628, -486849, -496 
1720534236219.00, -43699, -487794, -507 
1720534236239.00, -43591, -488727, -501 
1720534236260.00, -43679, -489678, -508 
1720534236281.00, -43706, -490630, -503 
1720534236305.00, -43519, -491570, -498 
1720534236325.00, -43742, -492516, -497 
1720534236346.00, -43717, -493472, -502 
1720534236368.00, -43563, -494413, -506 
1720534236390.00, -43618, -495350, -495 
1720534236416.00, -43858, -496301, -503 
1720534236433.00, -43467, -497254, -497 
1720534236455.00, -43649, -498188, -485 
1720534236476.00, -43700, -499131, -495 
1720534236498.00, -43622, -500092, -498 
1720534236520.00, -43470, -501034, -498 
1720534236541.00, -43651, -501976, -485 
1720534236563.00, -43652, -502926, -497 
1720534236585.00, -43663, -503875, -503 
1720534236607.00, -43732, -504809, -499 
1720534236628.00, -43758, -505759, -505 
1720534236649.00, -43507, -506713, -509 
1720534236671.00, -43625, -507653, -503 
1720534236693.00, -43610, -508594, -498 
1720534236715.00, -43472, -509548, -496 
1720534236736.00, -43557, -510500, -502 
1720534236758.00, -43627, -511433, -488 
1720534236780.00, -43570, -512377, -466 
1720534236801.00, -43774, -513329, -454 
1720534236822.00, -43727, -514264, -461 
1720534236844.00, -43576, -515209, -465 
1720534236866.00, -43572, -516166, -468 
1720534236888.00, -43714, -517116, -476 
1720534236909.00, -43535, -518056, -475 
1720534236931.00, -43519, -519004, -480 
1720534236952.00, -43627, -519955, -479 
1720534236974.00, -43606, -520889, -480 
1720534236996.00, -43775, -521834, -482 
1720534237017.00, -43621, -522787, -469 
1720534237039.00, -43742, -523734, -450 
1720534237061.00, -43548, -524673, -454 
1720534237082.00, -43765, -525622, -460 
1720534237104.00, -43748, -526576, -448 
1720534237126.00, -43378, -527508, -436 
1720534237147.00, -43637, -528455, -441 
1720534237169.00, -43699, -529409, -450 
1720534237190.00, -43540, -530352, -456 
1720534237212.00, -43752, -531288, -437 
1720534237234.00, -43723, -532237, -432 
1720534237256.00, -43576, -533194, -452 
1720534237277.00, -43643, -534133, -450 
1720534237299.00, -43795, -535081, -444 
1720534237320.00, -43533, -536037, -456 
1720534237342.00, -43695, -536979, -460 
1720534237364.00, -43811, -537920, -453 
1720534237385.00, -43658, -538868, -454 
1720534237407.00, -43759, -539818, -464 
1720534237428.00, -43727, -540758, -456 
1720534237450.00, -43809, -541705, -455 
1720534237472.00, -43579, -542663, -470 
1720534237493.00, -43778, -543605, -470 
1720534237515.00, -43704, -544543, -453 
1720534237536.00, -43670, -545494, -454 
1720534237559.00, -43599, -546440, -470 
1720534237580.00, -43697, -547380, -457 
1720534237602.00, -43640, -548330, -453 
1720534237625.00, -43678, -549286, -462 
1720534237645.00, -43747, -550221, -463 
1720534237666.00, -43791, -551167, -464 
1720534237688.00, -43470, -552123, -462 
1720534237711.00, -43636, -553069, -462 
1720534237732.00, -43723, -554005, -464 
1720534237753.00, -43566, -554954, -473 
1720534237774.00, -43713, -555907, -486 
1720534237797.00, -43780, -556849, -489 
1720534237818.00, -43462, -557789, -484 
1720534237840.00, -43662, -558746, -493 
1720534237862.00, -43771, -559689, -487 
1720534237883.00, -43416, -560629, -489 
1720534237904.00, -43613, -561577, -486 
1720534237927.00, -43680, -562523, -477 
1720534237951.00, -43613, -563456, -465 
1720534237969.00, -43720, -564401, -465 
1720534237991.00, -43690, -565359, -465 
1720534238013.00, -43625, -566302, -457 
1720534238035.00, -43697, -567243, -438 
1720534238059.00, -43656, -568194, -442 
1720534238078.00, -43740, -569147, -454 
1720534238100.00, -43603, -570081, -445 
1720534238121.00, -43651, -571024, -432 
1720534238142.00, -43618, -571974, -437 
1720534238165.00, -43694, -572921, -445 
1720534238186.00, -43819, -573865, -441 
1720534238208.00, -43788, -574821, -443 
1720534238230.00, -43616, -575770, -447 
1720534238251.00, -43658, -576708, -467 
1720534238272.00, -43741, -577652, -457 
1720534238294.00, -43416, -578602, -463 
1720534238315.00, -43408, -579543, -461 
1720534238337.00, -43612, -580481, -428 
1720534238359.00, -43537, -581432, -440 
1720534238386.00, -43584, -582381, -448 
1720534238403.00, -43581, -583318, -417 
1720534238424.00, -43650, -584263, -391 
1720534238445.00, -43693, -585215, -424 
1720534238467.00, -43719, -586156, -421 
1720534238489.00, -43694, -587097, -384 
1720534238510.00, -43716, -588047, -376 
1720534238532.00, -43647, -588999, -403 
1720534238553.00, -43703, -589938, -399 
1720534238576.00, -43551, -590884, -387 
1720534238597.00, -43839, -591834, -392 
1720534238619.00, -43790, -592774, -389 
1720534238641.00, -24947, -593712, -361 
1720534238661.00, -13672, -594282, -372 
1720534238683.00, -6872, -594595, -399 
1720534238705.00, -2945, -594748, -361 
1720534238727.00, -655, -594813, -340 
1720534238748.00, 103, -594829, -341 
1720534238770.00, 886, -594830, -320 
1720534238791.00, 1459, -594815, -275 
1720534238813.00, 1838, -594784, -225 
1720534238835.00, 2053, -594743, -183 
1720534238856.00, 2146, -594694, -139 
1720534238878.00, 2233, -594644, -78 
1720534238899.00, 2297, -594590, 4 
1720534238920.00, 2242, -594532, 98 
1720534238943.00, 8402, -594477, 158 
1720534238964.00, 15580, -594300, 196 
1720534238985.00, 21887, -593970, 247 
1720534239007.00, 28821, -593497, 287 
1720534239028.00, 35284, -592887, 307 
1720534239050.00, 40202, -592136, 321 
1720534239072.00, 43347, -591267, 332 
1720534239094.00, 43651, -590328, 343 
1720534239115.00, 43616, -589386, 356 
1720534239137.00, 43727, -588442, 359 
1720534239158.00, 43733, -587489, 362 
1720534239180.00, 43805, -586537, 388 
1720534239202.00, 43689, -585599, 411 
1720534239223.00, 43723, -584648, 426 
1720534239245.00, 43568, -583693, 448 
1720534239266.00, 43713, -582756, 477 
1720534239288.00, 43771, -581803, 501 
1720534239310.00, 43949, -580848, 525 
1720534239331.00, 43367, -579895, 596 
1720534239353.00, 43844, -578958, 591 
1720534239374.00, 43659, -578008, 570 
1720534239396.00, 43582, -577058, 580 
1720534239417.00, 43709, -576122, 584 
1720534239439.00, 43852, -575179, 587 
1720534239461.00, 43660, -574225, 600 
1720534239486.00, 43685, -573274, 611 
1720534239505.00, 43776, -572331, 617 
1720534239526.00, 43765, -571378, 620 
1720534239548.00, 43699, -570429, 636 
1720534239569.00, 43793, -569490, 651 
1720534239594.00, 43691, -568543, 659 
1720534239613.00, 43665, -567590, 682 
1720534239634.00, 43877, -566643, 704 
1720534239656.00, 43695, -565698, 727 
1720534239677.00, 43754, -564745, 738 
1720534239703.00, 43631, -563794, 758 
1720534239721.00, 43670, -562854, 757 
1720534239742.00, 43578, -561906, 771 
1720534239764.00, 43683, -560957, 771 
1720534239786.00, 43784, -560013, 777 
1720534239812.00, 43733, -559071, 783 
1720534239828.00, 43480, -558120, 791 
1720534239850.00, 43669, -557172, 784 
1720534239872.00, 43751, -556236, 784 
1720534239894.00, 43567, -555287, 780 
1720534239915.00, 43587, -554334, 796 
1720534239937.00, 43698, -553393, 795 
1720534239959.00, 43524, -552453, 791 
1720534239980.00, 43695, -551503, 778 
1720534240002.00, 43704, -550558, 781 
1720534240026.00, 43731, -549617, 801 
1720534240046.00, 43803, -548662, 835 
1720534240067.00, 43820, -547705, 841 
1720534240089.00, 43585, -546763, 847 
1720534240111.00, 43556, -545825, 849 
1720534240136.00, 43670, -544873, 856 
1720534240153.00, 43637, -543929, 852 
1720534240175.00, 43630, -542992, 847 
1720534240196.00, 43789, -542045, 829 
1720534240219.00, 43697, -541090, 836 
1720534240240.00, 43357, -540144, 836 
1720534240262.00, 43519, -539205, 827 
1720534240284.00, 43654, -538258, 819 
1720534240305.00, 43629, -537313, 821 
1720534240326.00, 43577, -536378, 825 
1720534240348.00, 43638, -535427, 812 
1720534240370.00, 43606, -534480, 821 
1720534240391.00, 43831, -533534, 814 
1720534240413.00, 43627, -532590, 813 
1720534240435.00, 43488, -531637, 806 
1720534240456.00, 43598, -530692, 813 
1720534240478.00, 43666, -529758, 815 
1720534240499.00, 43575, -528806, 795 
1720534240522.00, 43557, -527856, 812 
1720534240543.00, 43774, -526919, 820 
1720534240564.00, 43831, -525973, 809 
1720534240586.00, 43555, -525021, 835 
1720534240608.00, 43684, -524071, 855 
1720534240629.00, 43832, -523134, 860 
1720534240651.00, 43587, -522179, 881 
1720534240673.00, 43922, -521229, 901 
1720534240695.00, 43737, -520289, 936 
1720534240716.00, 43605, -519344, 955 
1720534240738.00, 43711, -518389, 972 
1720534240760.00, 43625, -517439, 1004 
1720534240781.00, 43554, -516493, 1017 
1720534240803.00, 43847, -515534, 1032 
1720534240825.00, 43773, -514579, 1068 
1720534240847.00, 43795, -513637, 1067 
1720534240868.00, 43809, -512688, 1062 
1720534240890.00, 43439, -511731, 1099 
1720534240912.00, 43631, -510785, 1077 
1720534240939.00, 43923, -509841, 1073 
1720534240955.00, 43667, -508884, 1074 
1720534240977.00, 43634, -507933, 1080 
1720534240998.00, 43457, -506989, 1088 
1720534241021.00, 43619, -506034, 1105 
1720534241042.00, 43760, -505085, 1097 
1720534241064.00, 43627, -504139, 1104 
1720534241086.00, 43522, -503192, 1098 
1720534241108.00, 43660, -502234, 1115 
1720534241129.00, 43528, -501287, 1093 
1720534241151.00, 43714, -500345, 1079 
1720534241173.00, 43670, -499384, 1102 
1720534241194.00, 44051, -498435, 1077 
1720534241215.00, 43678, -497485, 1120 
1720534241237.00, 43637, -496539, 1126 
1720534241259.00, 43445, -495583, 1127 
1720534241281.00, 43696, -494633, 1129 
1720534241303.00, 43811, -493694, 1136 
1720534241325.00, 43686, -492737, 1142 
1720534241346.00, 43565, -491787, 1109 
1720534241367.00, 43553, -490835, 1127 
1720534241390.00, 43643, -489888, 1133 
1720534241411.00, 43688, -488937, 1118 
1720534241433.00, 43645, -487986, 1164 
1720534241455.00, 43633, -487039, 1163 
1720534241476.00, 43623, -486086, 1158 
1720534241498.00, 43629, -485135, 1172 
1720534241520.00, 43613, -484188, 1171 
1720534241542.00, 43587, -483236, 1153 
1720534241564.00, 43853, -482282, 1140 
1720534241585.00, 43679, -481329, 1161 
1720534241607.00, 43594, -480389, 1148 
1720534241628.00, 43383, -479435, 1147 
1720534241650.00, 43651, -478485, 1161 
1720534241673.00, 43695, -477547, 1162 
1720534241694.00, 43734, -476592, 1147 
1720534241716.00, 43607, -475637, 1163 
1720534241737.00, 43691, -474686, 1182 
1720534241759.00, 43665, -473742, 1161 
1720534241781.00, 43565, -472784, 1160 
1720534241802.00, 43678, -471835, 1185 
1720534241824.00, 43958, -470895, 1174 
1720534241845.00, 43650, -469938, 1162 
1720534241868.00, 43545, -468990, 1161 
1720534241890.00, 43484, -468042, 1144 
1720534241911.00, 43750, -467096, 1146 
1720534241932.00, 43721, -466139, 1153 
1720534241954.00, 43789, -465188, 1139 
1720534241977.00, 43612, -464246, 1114 
1720534241998.00, 43696, -463288, 1106 
1720534242019.00, 43552, -462342, 1084 
1720534242041.00, 43613, -461398, 1088 
1720534242063.00, 43762, -460451, 1100 
1720534242085.00, 43736, -459496, 1103 
1720534242108.00, 43700, -458544, 1091 
1720534242128.00, 43596, -457602, 1081 
1720534242149.00, 43381, -456646, 1056 
1720534242172.00, 43698, -455698, 1046 
1720534242194.00, 43826, -454759, 1042 
1720534242218.00, 43552, -453805, 1042 
1720534242237.00, 43546, -452858, 1041 
1720534242259.00, 43557, -451902, 1055 
1720534242280.00, 43546, -450958, 1060 
1720534242302.00, 43563, -449999, 1053 
1720534242327.00, 43667, -449053, 1044 
1720534242346.00, 43825, -448106, 1035 
1720534242367.00, 43702, -447156, 1015 
1720534242388.00, 43444, -446206, 999 
1720534242410.00, 43213, -445260, 1013 
1720534242432.00, 43513, -444321, 1005 
1720534242454.00, 43569, -443371, 994 
1720534242476.00, 43665, -442426, 995 
1720534242497.00, 43727, -441485, 989 
1720534242519.00, 43570, -440535, 1000 
1720534242541.00, 43640, -439583, 991 
1720534242562.00, 43898, -438639, 1011 
1720534242584.00, 43743, -437689, 1017 
1720534242606.00, 43579, -436734, 1021 
1720534242628.00, 43444, -435788, 1003 
1720534242651.00, 43462, -434843, 1002 
1720534242670.00, 43542, -433887, 994 
1720534242693.00, 43663, -432946, 982 
1720534242714.00, 43792, -432000, 976 
1720534242736.00, 25028, -431060, 968 
1720534242757.00, 13497, -430489, 1010 
1720534242779.00, 6981, -430179, 987 
1720534242801.00, 3115, -430025, 1016 
1720534242822.00, 761, -429958, 982 
1720534242844.00, -50, -429942, 957 
1720534242865.00, -424, -429942, 926 
1720534242886.00, -1043, -429947, 905 
1720534242907.00, -1604, -429964, 913 
1720534242929.00, -1902, -429999, 850 
1720534242951.00, -1974, -430041, 821 
1720534242972.00, -2037, -430085, 793 
1720534242994.00, -2131, -430129, 761 
1720534243014.00, -2122, -430175, 736 
1720534243036.00, -1970, -430219, 735 
1720534243058.00, -1917, -430264, 730 
1720534243080.00, -2063, -430304, 717 
1720534243101.00, -2058, -430346, 701 
1720534243123.00, -1995, -430392, 691 
1720534243144.00, -1930, -430433, 686 
1720534243165.00, -1873, -430475, 682 
1720534243186.00, -1895, -430517, 649 
1720534243208.00, -1846, -430558, 633 
1720534243231.00, -1831, -430600, 595 
1720534243250.00, -1763, -430642, 550 
1720534243273.00, -1837, -430681, 500 
1720534243294.00, -1800, -430723, 423 
1720534243315.00, -1730, -430766, 355 
1720534243336.00, -1609, -430805, 303 
1720534243358.00, -1643, -430844, 235 
1720534243379.00, -1639, -430885, 145 
1720534243401.00, -1650, -430927, 73 
1720534243422.00, -1616, -430978, -17 
1720534243444.00, -2513, -431022, -110 
1720534243465.00, -8469, -431080, -171 
1720534243487.00, -15634, -431269, -229 
1720534243509.00, -23299, -431609, -284 
1720534243531.00, -31216, -432114, -320 
1720534243552.00, -37806, -432778, -311 
1720534243574.00, -41617, -433594, -426 
1720534243596.00, -43848, -434503, -429 
1720534243617.00, -43803, -435453, -460 
1720534243639.00, -43701, -436398, -496 
1720534243661.00, -43565, -437347, -508 
1720534243682.00, -43714, -438304, -524 
1720534243704.00, -43662, -439243, -541 
1720534243726.00, -43557, -440187, -539 
1720534243747.00, -43657, -441140, -529 
1720534243769.00, -43844, -442086, -534 
1720534243790.00, -43613, -443023, -530 
1720534243812.00, -43591, -443973, -530 
1720534243834.00, -43717, -444928, -517 
1720534243855.00, -43755, -445863, -503 
1720534243877.00, -43649, -446808, -487 
1720534243898.00, -43759, -447760, -465 
1720534243920.00, -43687, -448697, -451 
1720534243942.00, -43555, -449636, -451 
1720534243964.00, -43786, -450590, -456 
1720534243985.00, -43702, -451545, -459 
1720534244007.00, -43584, -452485, -458 
1720534244028.00, -43661, -453431, -463 
1720534244049.00, -43915, -454386, -468 
1720534244074.00, -43641, -455326, -482 
1720534244093.00, -43808, -456268, -482 
1720534244114.00, -43758, -457219, -489 
1720534244136.00, -43701, -458171, -483 
1720534244158.00, -43538, -459108, -476 
1720534244183.00, -43768, -460057, -485 
1720534244201.00, -43658, -461014, -478 
1720534244222.00, -43532, -461946, -473 
1720534244245.00, -43728, -462888, -466 
1720534244265.00, -43633, -463841, -471 
1720534244288.00, -43563, -464792, -467 
1720534244310.00, -43797, -465726, -462 
1720534244331.00, -43692, -466678, -473 
1720534244353.00, -43716, -467633, -474 
1720534244374.00, -43657, -468572, -477 
1720534244395.00, -43759, -469517, -467 
1720534244417.00, -43724, -470472, -464 
1720534244439.00, -43614, -471419, -470 
1720534244461.00, -43709, -472353, -462 
1720534244482.00, -43798, -473302, -466 
1720534244504.00, -43535, -474255, -473 
1720534244526.00, -43791, -475193, -481 
1720534244547.00, -43844, -476139, -475 
1720534244569.00, -43515, -477099, -479 
1720534244590.00, -43767, -478041, -490 
1720534244612.00, -43800, -478980, -483 
1720534244634.00, -43543, -479931, -490 
1720534244655.00, -43723, -480881, -493 
1720534244676.00, -43726, -481813, -494 
1720534244699.00, -43694, -482763, -490 
1720534244720.00, -43605, -483722, -487 
1720534244741.00, -43753, -484668, -490 
1720534244764.00, -43712, -485610, -491 
1720534244786.00, -43591, -486559, -500 
1720534244807.00, -43669, -487509, -496 
1720534244829.00, -43760, -488445, -486 
1720534244850.00, -43608, -489391, -493 
1720534244871.00, -43656, -490347, -489 
1720534244894.00, -43663, -491289, -494 
1720534244915.00, -43723, -492234, -491 
1720534244936.00, -43726, -493188, -491 
1720534244958.00, -43755, -494135, -487 
1720534244980.00, -43618, -495068, -465 
1720534245002.00, -43472, -496015, -467 
1720534245023.00, -43817, -496976, -474 
1720534245045.00, -43731, -497910, -468 
1720534245067.00, -43546, -498850, -457 
1720534245088.00, -43573, -499810, -467 
1720534245110.00, -43694, -500759, -479 
1720534245132.00, -43627, -501699, -472 
1720534245153.00, -43694, -502646, -472 
1720534245174.00, -43834, -503604, -471 
1720534245196.00, -43666, -504541, -478 
1720534245218.00, -43689, -505483, -472 
1720534245239.00, -43795, -506438, -475 
1720534245261.00, -43700, -507384, -486 
1720534245283.00, -43505, -508324, -471 
1720534245304.00, -43815, -509278, -478 
1720534245326.00, -43657, -510235, -489 
1720534245347.00, -43716, -511170, -493 
1720534245369.00, -43621, -512113, -482 
1720534245391.00, -43815, -513067, -476 
1720534245413.00, -43586, -514011, -490 
1720534245435.00, -43817, -514948, -475 
1720534245456.00, -43751, -515901, -464 
1720534245477.00, -43599, -516859, -469 
1720534245500.00, -43428, -517794, -462 
1720534245521.00, -43838, -518740, -451 
1720534245543.00, -43793, -519694, -420 
1720534245564.00, -43546, -520631, -408 
1720534245586.00, -43728, -521572, -411 
1720534245613.00, -43746, -522524, -409 
1720534245630.00, -43448, -523477, -403 
1720534245651.00, -43505, -524412, -397 
1720534245672.00, -43835, -525364, -412 
1720534245694.00, -43763, -526318, -421 
1720534245715.00, -43555, -527258, -421 
1720534245737.00, -43715, -528199, -417 
1720534245759.00, -43777, -529153, -413 
1720534245780.00, -43612, -530101, -418 
1720534245802.00, -43903, -531035, -406 
1720534245824.00, -43838, -531982, -396 
1720534245846.00, -43551, -532942, -396 
1720534245867.00, -43746, -533880, -404 
1720534245889.00, -43847, -534827, -401 
1720534245911.00, -43661, -535784, -406 
1720534245934.00, -43676, -536730, -416 
1720534245954.00, -43706, -537668, -411 
1720534245975.00, -43872, -538614, -403 
1720534245997.00, -43460, -539567, -410 
1720534246019.00, -43555, -540503, -397 
1720534246045.00, -43633, -541447, -379 
1720534246062.00, -43616, -542399, -364 
1720534246084.00, -43720, -543344, -362 
1720534246105.00, -43725, -544283, -354 
1720534246127.00, -43379, -545227, -351 
1720534246152.00, -43532, -546180, -351 
1720534246170.00, -43697, -547114, -356 
1720534246192.00, -43500, -548060, -353 
1720534246214.00, -43553, -549014, -349 
1720534246235.00, -43614, -549956, -347 
1720534246257.00, -43413, -550896, -341 
1720534246278.00, -43574, -551846, -338 
1720534246300.00, -43803, -552796, -340 
1720534246322.00, -43548, -553731, -335 
1720534246343.00, -43765, -554678, -335 
1720534246365.00, -43689, -555632, -338 
1720534246387.00, -43469, -556573, -326 
1720534246408.00, -43560, -557513, -319 
1720534246430.00, -43717, -558460, -315 
1720534246452.00, -43579, -559409, -304 
1720534246473.00, -43363, -560345, -285 
1720534246495.00, -42000, -561281, -277 
1720534246517.00, -40412, -562199, -286 
1720534246538.00, -40199, -563072, -285 
1720534246560.00, -40055, -563937, -280 
1720534246582.00, -39691, -564808, -289 
1720534246602.00, -40002, -565675, -296 
1720534246625.00, -40609, -566535, -297 
1720534246646.00, -41076, -567412, -290 
1720534246668.00, -40928, -568305, -303 
1720534246690.00, -41763, -569195, -313 
1720534246711.00, -42655, -570084, -315 
1720534246733.00, -43126, -571003, -307 
1720534246754.00, -43053, -571941, -310 
1720534246776.00, -42935, -572874, -319 
1720534246798.00, -43264, -573809, -311 
1720534246819.00, -43329, -574752, -311 
1720534246841.00, -43630, -575696, -318 
1720534246862.00, -43675, -576626, -326 
1720534246884.00, -43455, -577573, -334 
1720534246906.00, -43572, -578524, -340 
1720534246928.00, -43645, -579465, -340 
1720534246949.00, -43655, -580407, -334 
1720534246971.00, -43700, -581357, -338 
1720534246993.00, -43794, -582309, -354 
1720534247014.00, -43650, -583251, -358 
1720534247035.00, -43618, -584198, -360 
1720534247058.00, -43684, -585151, -388 
1720534247078.00, -43626, -586094, -387 
1720534247100.00, -43629, -587036, -377 
1720534247122.00, -43670, -587988, -390 
1720534247144.00, -43659, -588936, -380 
1720534247166.00, -43379, -589872, -374 
1720534247188.00, -43535, -590819, -366 
1720534247209.00, -43655, -591761, -356 
1720534247230.00, -43945, -592704, -337 
1720534247252.00, -43729, -593645, -306 
1720534247274.00, -25143, -594586, -296 
1720534247295.00, -13609, -595155, -301 
1720534247317.00, -6776, -595466, -291 
1720534247339.00, -2835, -595619, -255 
1720534247360.00, -447, -595686, -269 
1720534247381.00, 119, -595698, -227 
1720534247402.00, 1005, -595696, -163 
1720534247425.00, 1675, -595674, -80 
1720534247446.00, 2136, -595635, 10 
1720534247467.00, -63, -595582, 108 
1720534247489.00, 7520, -595565, 185 
1720534247511.00, 16445, -595409, 243 
1720534247533.00, 25644, -595052, 345 
1720534247554.00, 34832, -594499, 426 
1720534247576.00, 40768, -593750, 473 
1720534247597.00, 43963, -592870, 588 
1720534247618.00, 43839, -591930, 622 
1720534247640.00, 43603, -590975, 635 
1720534247662.00, 43701, -590023, 686 
1720534247689.00, 43788, -589081, 721 
1720534247705.00, 43781, -588131, 738 
1720534247727.00, 43630, -587179, 764 
1720534247749.00, 43687, -586233, 780 
1720534247770.00, 43797, -585290, 784 
1720534247798.00, 43753, -584338, 806 
1720534247813.00, 43743, -583391, 815 
1720534247835.00, 43753, -582450, 828 
1720534247856.00, 43557, -581502, 834 
1720534247879.00, 43636, -580549, 833 
1720534247900.00, 43848, -579604, 841 
1720534247921.00, 43656, -578664, 832 
1720534247944.00, 43679, -577714, 831 
1720534247965.00, 43802, -576765, 839 
1720534247987.00, 43642, -575829, 831 
1720534248010.00, 43408, -574880, 824 
1720534248030.00, 43662, -573930, 835 
1720534248051.00, 43639, -572986, 824 
1720534248073.00, 43625, -572040, 827 
1720534248095.00, 43616, -571089, 814 
1720534248119.00, 43638, -570150, 788 
1720534248138.00, 43589, -569211, 777 
1720534248160.00, 43802, -568263, 758 
1720534248181.00, 43543, -567319, 722 
1720534248203.00, 43419, -566378, 682 
1720534248224.00, 43636, -565440, 629 
1720534248246.00, 43636, -564492, 598 
1720534248268.00, 43581, -563543, 605 
1720534248290.00, 43751, -562606, 609 
1720534248310.00, 43686, -561659, 605 
1720534248333.00, 43539, -560708, 628 
1720534248354.00, 43807, -559765, 643 
1720534248376.00, 43711, -558820, 649 
1720534248398.00, 43666, -557867, 677 
1720534248419.00, 43654, -556920, 690 
1720534248442.00, 43710, -555980, 685 
1720534248463.00, 43654, -555029, 693 
1720534248484.00, 43739, -554080, 689 
1720534248506.00, 43679, -553142, 681 
1720534248527.00, 43873, -552192, 701 
1720534248549.00, 43518, -551241, 710 
1720534248571.00, 43688, -550296, 706 
1720534248592.00, 43820, -549356, 708 
1720534248614.00, 43587, -548403, 729 
1720534248636.00, 43729, -547447, 728 
1720534248657.00, 43756, -546509, 722 
1720534248679.00, 43534, -545568, 713 
1720534248701.00, 43518, -544615, 720 
1720534248722.00, 43662, -543675, 711 
1720534248743.00, 43617, -542737, 698 
1720534248765.00, 43668, -541782, 707 
1720534248799.00, 43767, -540832, 728 
1720534248808.00, 43605, -539891, 734 
1720534248830.00, 43758, -538943, 730 
1720534248852.00, 43791, -537995, 748 
1720534248874.00, 43683, -537052, 753 
1720534248895.00, 43754, -536111, 741 
1720534248917.00, 43744, -535156, 745 
1720534248938.00, 43703, -534210, 737 
1720534248960.00, 43519, -533269, 733 
1720534248981.00, 43625, -532315, 737 
1720534249003.00, 43746, -531363, 763 
1720534249025.00, 43540, -530423, 783 
1720534249047.00, 43518, -529479, 799 
1720534249068.00, 43676, -528528, 814 
1720534249090.00, 43639, -527580, 827 
1720534249112.00, 43703, -526644, 830 
1720534249133.00, 43730, -525694, 840 
1720534249155.00, 43542, -524743, 853 
1720534249176.00, 43421, -523798, 855 
1720534249198.00, 43752, -522853, 872 
1720534249219.00, 43762, -521902, 899 
1720534249243.00, 43537, -520953, 946 
1720534249263.00, 43591, -520014, 974 
1720534249284.00, 43617, -519065, 987 
1720534249306.00, 43576, -518114, 1014 
1720534249328.00, 43727, -517168, 1022 
1720534249350.00, 43787, -516215, 1032 
1720534249372.00, 43665, -515258, 1037 
1720534249394.00, 43817, -514307, 1039 
1720534249415.00, 43513, -513365, 1040 
1720534249437.00, 43636, -512411, 1025 
1720534249459.00, 43878, -511462, 1042 
1720534249481.00, 43773, -510518, 1030 
1720534249502.00, 43592, -509568, 1022 
1720534249523.00, 43621, -508610, 1020 
1720534249545.00, 43673, -507661, 1023 
1720534249567.00, 43640, -506720, 1020 
1720534249588.00, 43745, -505763, 1015 
1720534249610.00, 43670, -504814, 1029 
1720534249632.00, 43811, -503869, 1015 
1720534249658.00, 43766, -502918, 1024 
1720534249676.00, 43503, -501965, 1026 
1720534249698.00, 43617, -501015, 1038 
1720534249719.00, 43969, -500067, 1037 
1720534249741.00, 43635, -499109, 1036 
1720534249765.00, 43527, -498152, 1054 
1720534249784.00, 43575, -497211, 1069 
1720534249806.00, 43756, -496259, 1068 
1720534249828.00, 43852, -495310, 1058 
1720534249849.00, 43747, -494364, 1073 
1720534249875.00, 43463, -493416, 1107 
1720534249893.00, 43619, -492456, 1109 
1720534249915.00, 43566, -491508, 1115 
1720534249937.00, 43538, -490563, 1116 
1720534249958.00, 43717, -489609, 1121 
1720534249981.00, 43836, -488660, 1119 
1720534250002.00, 43795, -487710, 1151 
1720534250023.00, 43796, -486763, 1164 
1720534250046.00, 43429, -485804, 1175 
1720534250067.00, 43631, -484854, 1200 
1720534250092.00, 43877, -483910, 1207 
1720534250110.00, 43569, -482953, 1207 
1720534250132.00, 43539, -481999, 1199 
1720534250154.00, 43452, -481052, 1209 
1720534250176.00, 43628, -480108, 1214 
1720534250199.00, 43783, -479161, 1186 
1720534250219.00, 43605, -478208, 1205 
1720534250241.00, 43623, -477267, 1177 
1720534250263.00, 43774, -476311, 1169 
1720534250283.00, 43534, -475357, 1181 
1720534250307.00, 43678, -474413, 1179 
1720534250328.00, 43695, -473464, 1185 
1720534250349.00, 44061, -472509, 1187 
1720534250370.00, 43614, -471559, 1207 
1720534250392.00, 43520, -470617, 1197 
1720534250416.00, 43436, -469658, 1211 
1720534250436.00, 43682, -468715, 1191 
1720534250458.00, 43683, -467772, 1175 
1720534250480.00, 43613, -466817, 1164 
1720534250501.00, 43582, -465862, 1146 
1720534250523.00, 43735, -464915, 1143 
1720534250545.00, 43587, -463973, 1152 
1720534250566.00, 43401, -463015, 1150 
1720534250588.00, 43741, -462070, 1133 
1720534250610.00, 43809, -461133, 1139 
1720534250635.00, 43664, -460173, 1149 
1720534250653.00, 43633, -459223, 1152 
1720534250675.00, 43659, -458274, 1158 
1720534250697.00, 43768, -457328, 1154 
1720534250718.00, 43884, -456372, 1168 
1720534250742.00, 43570, -455420, 1185 
1720534250762.00, 43512, -454477, 1189 
1720534250784.00, 43649, -453522, 1196 
1720534250805.00, 43701, -452574, 1220 
1720534250827.00, 43587, -451626, 1226 
1720534250848.00, 43518, -450670, 1228 
1720534250871.00, 43663, -449720, 1219 
1720534250893.00, 43730, -448769, 1228 
1720534250914.00, 43525, -447824, 1242 
1720534250935.00, 43481, -446870, 1249 
1720534250958.00, 43904, -445924, 1226 
1720534250979.00, 43886, -444979, 1239 
1720534251000.00, 43464, -444027, 1231 
1720534251023.00, 43573, -443074, 1228 
1720534251044.00, 43730, -442126, 1246 
1720534251066.00, 43752, -441183, 1249 
1720534251088.00, 43636, -440225, 1265 
1720534251109.00, 43792, -439275, 1254 
1720534251131.00, 43666, -438331, 1269 
1720534251153.00, 43739, -437377, 1250 
1720534251175.00, 43425, -436425, 1277 
1720534251196.00, 43396, -435479, 1259 
1720534251218.00, 43774, -434532, 1262 
1720534251240.00, 43803, -433576, 1267 
1720534251262.00, 43458, -432625, 1259 
1720534251284.00, 43431, -431684, 1223 
1720534251304.00, 24780, -430739, 1215 
1720534251326.00, 13437, -430174, 1243 
1720534251348.00, 7052, -429869, 1261 
1720534251370.00, 3059, -429716, 1277 
1720534251392.00, 676, -429645, 1284 
1720534251413.00, -16, -429631, 1249 
1720534251434.00, -327, -429631, 1207 
1720534251455.00, -962, -429635, 1169 
1720534251477.00, -1621, -429651, 1100 
1720534251498.00, -2237, -429688, 995 
1720534251521.00, -2689, -429741, 830 
1720534251542.00, -2772, -429807, 644 
1720534251564.00, -2666, -429875, 489 
1720534251585.00, -2489, -429942, 373 
1720534251606.00, -2407, -429999, 288 
1720534251629.00, -2337, -430055, 204 
1720534251648.00, -2217, -430111, 113 
1720534251670.00, -2207, -430162, 38 
1720534251691.00, -2161, -430223, -30 
1720534251713.00, -3811, -430276, -98 
1720534251740.00, -8668, -430360, -154 
1720534251757.00, -15003, -430550, -194 
1720534251778.00, -21230, -430875, -237 
1720534251799.00, -27203, -431338, -269 
1720534251822.00, -32770, -431930, -295 
1720534251843.00, -37745, -432629, -312 
1720534251865.00, -42129, -433443, -314 
1720534251886.00, -43520, -434359, -403 
1720534251908.00, -43752, -435305, -361 
1720534251929.00, -43852, -436246, -393 
1720534251951.00, -43764, -437198, -403 
1720534251973.00, -43606, -438156, -425 
1720534251994.00, -43767, -439095, -444 
1720534252016.00, -43593, -440037, -441 
1720534252038.00, -43669, -440992, -436 
1720534252060.00, -43787, -441938, -433 
1720534252081.00, -43720, -442873, -429 
1720534252103.00, -43621, -443824, -435 
1720534252124.00, -43691, -444781, -435 
1720534252146.00, -43682, -445720, -432 
1720534252171.00, -43542, -446664, -424 
1720534252189.00, -43579, -447614, -416 
1720534252211.00, -43750, -448555, -411 
1720534252233.00, -43624, -449490, -400 
1720534252254.00, -43495, -450443, -405 
1720534252276.00, -43616, -451397, -400 
1720534252298.00, -43711, -452333, -393 
1720534252319.00, -43823, -453279, -388 
1720534252340.00, -43750, -454234, -383 
1720534252362.00, -43607, -455172, -386 
1720534252384.00, -43561, -456110, -379 
1720534252406.00, -43669, -457059, -380 
1720534252427.00, -43649, -458014, -372 
1720534252449.00, -43637, -458948, -363 
1720534252471.00, -43715, -459896, -355 
1720534252492.00, -43716, -460849, -346 
1720534252514.00, -43424, -461788, -345 
1720534252535.00, -43562, -462727, -332 
1720534252557.00, -43752, -463674, -331 
1720534252579.00, -43717, -464626, -331 
1720534252600.00, -43821, -465561, -324 
1720534252621.00, -43738, -466508, -322 
1720534252644.00, -43511, -467467, -321 
1720534252665.00, -43567, -468408, -328 
1720534252686.00, -43677, -469350, -324 
1720534252708.00, -43596, -470303, -326 
1720534252730.00, -43687, -471254, -334 
1720534252752.00, -43709, -472186, -331 
1720534252773.00, -43616, -473134, -334 
1720534252795.00, -43643, -474087, -333 
1720534252817.00, -43771, -475027, -336 
1720534252838.00, -43600, -475971, -328 
1720534252860.00, -43645, -476926, -323 
1720534252882.00, -43706, -477874, -324 
1720534252903.00, -43632, -478811, -316 
1720534252925.00, -43501, -479757, -320 
1720534252946.00, -43619, -480711, -319 
1720534252968.00, -43792, -481639, -317 
1720534252990.00, -43884, -482586, -315 
1720534253012.00, -43650, -483546, -318 
1720534253033.00, -43670, -484495, -319 
1720534253054.00, -43618, -485434, -303 
1720534253076.00, -43218, -486382, -307 
1720534253097.00, -42941, -487326, -305 
1720534253120.00, -42914, -488248, -303 
1720534253141.00, -42657, -489174, -305 
1720534253163.00, -42501, -490106, -309 
1720534253183.00, -42834, -491028, -314 
1720534253206.00, -43179, -491954, -310 
1720534253228.00, -43288, -492894, -321 
1720534253250.00, -43516, -493840, -326 
1720534253271.00, -43612, -494770, -330 
1720534253293.00, -43638, -495712, -337 
1720534253314.00, -43687, -496667, -342 
1720534253336.00, -43715, -497613, -354 
1720534253358.00, -43706, -498551, -346 
1720534253380.00, -43810, -499504, -351 
1720534253401.00, -43578, -500461, -358 
1720534253422.00, -43604, -501399, -350 
1720534253444.00, -43542, -502344, -346 
1720534253466.00, -43601, -503299, -341 
1720534253488.00, -43665, -504235, -339 
1720534253508.00, -43832, -505174, -329 
1720534253531.00, -43765, -506128, -336 
1720534253553.00, -43670, -507079, -341 
1720534253573.00, -43556, -508017, -342 
1720534253596.00, -43500, -508965, -350 
1720534253617.00, -43733, -509923, -344 
1720534253639.00, -43721, -510863, -353 
1720534253661.00, -43566, -511803, -349 
1720534253682.00, -43605, -512753, -352 
1720534253709.00, -43545, -513701, -356 
1720534253725.00, -43567, -514636, -349 
1720534253747.00, -43750, -515583, -352 
1720534253769.00, -43759, -516542, -352 
1720534253790.00, -43439, -517481, -354 
1720534253812.00, -43639, -518423, -350 
1720534253834.00, -43599, -519376, -357 
1720534253855.00, -43494, -520322, -362 
1720534253876.00, -43725, -521259, -349 
1720534253898.00, -43922, -522206, -352 
1720534253920.00, -43462, -523163, -350 
1720534253942.00, -43641, -524098, -347 
1720534253964.00, -43672, -525041, -342 
1720534253985.00, -43489, -525996, -344 
1720534254006.00, -43591, -526940, -343 
1720534254028.00, -43757, -527876, -328 
1720534254050.00, -43458, -528825, -330 
1720534254072.00, -43581, -529780, -333 
1720534254094.00, -43633, -530711, -328 
1720534254115.00, -43545, -531655, -322 
1720534254139.00, -43715, -532612, -322 
1720534254158.00, -43837, -533556, -325 
1720534254180.00, -43470, -534500, -327 
1720534254202.00, -43576, -535449, -332 
1720534254223.00, -43717, -536402, -333 
1720534254247.00, -43686, -537339, -331 
1720534254266.00, -43739, -538282, -337 
1720534254288.00, -43940, -539237, -342 
1720534254309.00, -43619, -540176, -344 
1720534254331.00, -43462, -541122, -348 
1720534254352.00, -43630, -542075, -358 
1720534254374.00, -43616, -543022, -360 
1720534254396.00, -43642, -543961, -353 
1720534254418.00, -43864, -544905, -353 
1720534254439.00, -43604, -545861, -360 
1720534254461.00, -43492, -546798, -365 
1720534254483.00, -43739, -547741, -359 
1720534254504.00, -43664, -548694, -353 
1720534254526.00, -43671, -549644, -353 
1720534254547.00, -43742, -550584, -355 
1720534254569.00, -43804, -551530, -350 
1720534254591.00, -43610, -552484, -357 
1720534254613.00, -43460, -553422, -350 
1720534254634.00, -43710, -554366, -350 
1720534254656.00, -43731, -555314, -357 
1720534254678.00, -43639, -556265, -358 
1720534254699.00, -43671, -557201, -364 
1720534254721.00, -43686, -558151, -366 
1720534254742.00, -43553, -559105, -366 
1720534254764.00, -43602, -560045, -378 
1720534254785.00, -43791, -560988, -371 
1720534254807.00, -43476, -561939, -376 
1720534254829.00, -43770, -562884, -384 
1720534254851.00, -43794, -563820, -394 
1720534254872.00, -43534, -564771, -397 
1720534254894.00, -43787, -565724, -398 
1720534254915.00, -43716, -566664, -404 
1720534254936.00, -43650, -567609, -404 
1720534254959.00, -43716, -568563, -408 
1720534254980.00, -43809, -569509, -414 
1720534255002.00, -43465, -570446, -418 
1720534255023.00, -43637, -571392, -407 
1720534255045.00, -43759, -572340, -409 
1720534255067.00, -43786, -573282, -408 
1720534255089.00, -43646, -574233, -395 
1720534255110.00, -43707, -575185, -403 
1720534255132.00, -43474, -576128, -396 
1720534255153.00, -43595, -577067, -392 
1720534255175.00, -43784, -578011, -386 
1720534255196.00, -43665, -578959, -402 
1720534255218.00, -43584, -579898, -411 
1720534255240.00, -43727, -580849, -411 
1720534255262.00, -43555, -581802, -426 
1720534255283.00, -43377, -582746, -416 
1720534255305.00, -43676, -583689, -419 
1720534255327.00, -43754, -584633, -434 
1720534255348.00, -43502, -585583, -428 
1720534255370.00, -43602, -586522, -419 
1720534255391.00, -43747, -587469, -415 
1720534255413.00, -43678, -588418, -441 
1720534255434.00, -43788, -589366, -475 
1720534255478.00, -43765, -590305, -463 
1720534255479.00, -43521, -591253, -459 
1720534255499.00, -43617, -592199, -452 
1720534255521.00, -43683, -593140, -445 
1720534255542.00, -24856, -594080, -423 
1720534255564.00, -13567, -594646, -424 
1720534255586.00, -6895, -594955, -410 
1720534255607.00, -2966, -595110, -393 
1720534255629.00, -493, -595178, -391 
1720534255651.00, 107, -595190, -332 
1720534255673.00, 1093, -595185, -224 
1720534255694.00, 1840, -595159, -95 
1720534255715.00, 2308, -595113, 52 
1720534255736.00, 5585, -595046, 186 
1720534255758.00, 15671, -594916, 300 
1720534255780.00, 28395, -594579, 432 
1720534255802.00, 36865, -593975, 493 
1720534255823.00, 41625, -593180, 630 
1720534255845.00, 43875, -592291, 649 
1720534255866.00, 43681, -591339, 657 
1720534255888.00, 43861, -590384, 703 
1720534255909.00, 43720, -589440, 718 
1720534255931.00, 43681, -588495, 736 
1720534255953.00, 43838, -587542, 760 
1720534255975.00, 43855, -586591, 781 
1720534255997.00, 43644, -585649, 800 
1720534256018.00, 43560, -584701, 821 
1720534256039.00, 43755, -583753, 826 
1720534256061.00, 43699, -582808, 829 
1720534256083.00, 43644, -581867, 821 
1720534256106.00, 43769, -580913, 813 
1720534256126.00, 43717, -579964, 802 
1720534256148.00, 43334, -579026, 799 
1720534256170.00, 43470, -578078, 785 
1720534256191.00, 43495, -577134, 776 
1720534256213.00, 43504, -576199, 763 
1720534256234.00, 43604, -575260, 751 
1720534256255.00, 43557, -574310, 744 
1720534256277.00, 43645, -573360, 723 
1720534256299.00, 43835, -572419, 730 
1720534256320.00, 43641, -571467, 755 
1720534256343.00, 43420, -570518, 748 
1720534256364.00, 43665, -569581, 750 
1720534256386.00, 43674, -568639, 739 
1720534256408.00, 43579, -567687, 742 
1720534256432.00, 43662, -566739, 744 
1720534256451.00, 43717, -565801, 740 
1720534256472.00, 43655, -564848, 724 
1720534256494.00, 43646, -563899, 718 
1720534256516.00, 43693, -562959, 724 
1720534256539.00, 43783, -562018, 701 
1720534256559.00, 43728, -561067, 691 
1720534256580.00, 43776, -560119, 712 
1720534256602.00, 43635, -559180, 704 
1720534256624.00, 43508, -558229, 707 
1720534256646.00, 43694, -557279, 714 
1720534256667.00, 43628, -556341, 720 
1720534256688.00, 43434, -555389, 733 
1720534256710.00, 43761, -554440, 738 
1720534256731.00, 43651, -553499, 734 
1720534256753.00, 43645, -552560, 729 
1720534256775.00, 43663, -551608, 732 
1720534256797.00, 43686, -550660, 722 
1720534256819.00, 43515, -549719, 712 
1720534256840.00, 43716, -548770, 722 
1720534256862.00, 43734, -547820, 719 
1720534256883.00, 43610, -546873, 711 
1720534256905.00, 43540, -545933, 725 
1720534256927.00, 43746, -544980, 746 
1720534256949.00, 43727, -544035, 755 
1720534256970.00, 43557, -543094, 768 
1720534256991.00, 43673, -542147, 757 
1720534257014.00, 43679, -541194, 784 
1720534257035.00, 43738, -540248, 791 
1720534257057.00, 43724, -539304, 799 
1720534257078.00, 43753, -538351, 821 
1720534257100.00, 43755, -537404, 845 
1720534257122.00, 43775, -536464, 883 
1720534257143.00, 43799, -535510, 914 
1720534257165.00, 43676, -534557, 950 
1720534257186.00, 43429, -533612, 951 
1720534257208.00, 43473, -532668, 963 
1720534257230.00, 43670, -531717, 970 
1720534257251.00, 43600, -530771, 969 
1720534257273.00, 43689, -529833, 979 
1720534257295.00, 43667, -528885, 967 
1720534257319.00, 43485, -527931, 979 
1720534257338.00, 43733, -526993, 972 
1720534257360.00, 43851, -526054, 949 
1720534257382.00, 43403, -525100, 956 
1720534257403.00, 43591, -524152, 944 
1720534257425.00, 43607, -523216, 940 
1720534257446.00, 43451, -522266, 937 
1720534257467.00, 43658, -521320, 935 
1720534257490.00, 43828, -520380, 934 
1720534257511.00, 43547, -519441, 925 
1720534257533.00, 43511, -518483, 934 
1720534257554.00, 43638, -517539, 946 
1720534257576.00, 43692, -516602, 930 
1720534257598.00, 43716, -515648, 927 
1720534257618.00, 43957, -514695, 940 
1720534257641.00, 43652, -513757, 955 
1720534257662.00, 43518, -512811, 961 
1720534257684.00, 43626, -511862, 947 
1720534257706.00, 43587, -510918, 931 
1720534257727.00, 43508, -509978, 936 
1720534257749.00, 43810, -509026, 925 
1720534257771.00, 43689, -508080, 918 
1720534257792.00, 43652, -507138, 905 
1720534257814.00, 43695, -506191, 904 
1720534257836.00, 43460, -505240, 915 
1720534257857.00, 43528, -504298, 896 
1720534257879.00, 43794, -503361, 894 
1720534257901.00, 43660, -502408, 896 
1720534257922.00, 43636, -501462, 893 
1720534257943.00, 43674, -500521, 871 
1720534257968.00, 43697, -499568, 875 
1720534257987.00, 43666, -498616, 886 
1720534258009.00, 43692, -497674, 893 
1720534258030.00, 43754, -496731, 903 
1720534258052.00, 43734, -495775, 912 
1720534258075.00, 43447, -494832, 909 
1720534258095.00, 43605, -493895, 904 
1720534258117.00, 43685, -492945, 901 
1720534258138.00, 43665, -491997, 910 
1720534258159.00, 43628, -491050, 918 
1720534258182.00, 43613, -490107, 918 
1720534258204.00, 43420, -489151, 917 
1720534258225.00, 43654, -488207, 938 
1720534258247.00, 43696, -487272, 930 
1720534258268.00, 43755, -486320, 935 
1720534258290.00, 43610, -485375, 919 
1720534258311.00, 43748, -484426, 919 
1720534258333.00, 43613, -483484, 918 
1720534258355.00, 43470, -482530, 913 
1720534258376.00, 43783, -481582, 906 
1720534258398.00, 43695, -480647, 904 
1720534258420.00, 43549, -479695, 913 
1720534258441.00, 43715, -478751, 894 
1720534258463.00, 43458, -477813, 900 
1720534258485.00, 43445, -476865, 893 
1720534258507.00, 43689, -475915, 889 
1720534258528.00, 43682, -474970, 881 
1720534258550.00, 43514, -474032, 874 
1720534258571.00, 43634, -473077, 877 
1720534258593.00, 43515, -472134, 867 
1720534258614.00, 43229, -471195, 895 
1720534258636.00, 43452, -470249, 882 
1720534258658.00, 43428, -469305, 889 
1720534258679.00, 43746, -468360, 882 
1720534258700.00, 43694, -467421, 885 
1720534258723.00, 43426, -466465, 898 
1720534258744.00, 43615, -465517, 899 
1720534258766.00, 43798, -464582, 903 
1720534258788.00, 43682, -463628, 905 
1720534258809.00, 43538, -462681, 907 
1720534258831.00, 43680, -461738, 896 
1720534258852.00, 43505, -460802, 888 
1720534258873.00, 43519, -459852, 875 
1720534258896.00, 43707, -458908, 863 
1720534258917.00, 43788, -457966, 868 
1720534258939.00, 43651, -457017, 868 
1720534258960.00, 43770, -456069, 869 
1720534258982.00, 43500, -455125, 866 
1720534259004.00, 43461, -454185, 872 
1720534259026.00, 43663, -453236, 865 
1720534259046.00, 43679, -452292, 856 
1720534259069.00, 43577, -451348, 861 
1720534259090.00, 43668, -450394, 853 
1720534259112.00, 43542, -449448, 837 
1720534259134.00, 43665, -448508, 832 
1720534259155.00, 43857, -447568, 822 
1720534259177.00, 43564, -446618, 808 
1720534259199.00, 43490, -445674, 790 
1720534259219.00, 43585, -444737, 796 
1720534259242.00, 43405, -443785, 792 
1720534259263.00, 43639, -442837, 788 
1720534259284.00, 43725, -441901, 780 
1720534259306.00, 43729, -440956, 768 
1720534259328.00, 43592, -440008, 767 
1720534259350.00, 43818, -439058, 775 
1720534259372.00, 43547, -438120, 775 
1720534259392.00, 43375, -437166, 766 
1720534259415.00, 43627, -436226, 740 
1720534259436.00, 43633, -435287, 717 
1720534259458.00, 43716, -434340, 701 
1720534259480.00, 43777, -433392, 690 
1720534259501.00, 43538, -432447, 679 
1720534259523.00, 24751, -431513, 650 
1720534259545.00, 13780, -430946, 665 
1720534259566.00, 7098, -430638, 679 
1720534259587.00, 3133, -430479, 669 
1720534259610.00, 582, -430410, 630 
1720534259630.00, -94, -430400, 547 
1720534259651.00, -1041, -430403, 438 
1720534259673.00, -1643, -430424, 332 
1720534259695.00, -2026, -430462, 242 
1720534259721.00, -2290, -430511, 174 
1720534259737.00, -2404, -430565, 103 
1720534259759.00, -2315, -430623, 33 
1720534259780.00, -2208, -430685, -17 
1720534259802.00, -3181, -430739, -74 
1720534259823.00, -7163, -430812, -114 
1720534259845.00, -11957, -430965, -150 
1720534259867.00, -17024, -431224, -194 
1720534259888.00, -22447, -431593, -237 
1720534259910.00, -28190, -432075, -260 
1720534259938.00, -32982, -432677, -288 
1720534259954.00, -37453, -433389, -313 
1720534259975.00, -41674, -434199, -296 
1720534259996.00, -43160, -435112, -378 
1720534260018.00, -43705, -436036, -342 
1720534260041.00, -43619, -436981, -356 
1720534260061.00, -43801, -437941, -363 
1720534260083.00, -43727, -438884, -369 
1720534260105.00, -43528, -439823, -363 
1720534260126.00, -43459, -440771, -355 
1720534260150.00, -43794, -441725, -351 
1720534260170.00, -43736, -442659, -351 
1720534260191.00, -43606, -443610, -360 
1720534260213.00, -43694, -444569, -354 
1720534260235.00, -43669, -445509, -356 
1720534260257.00, -43561, -446447, -350 
1720534260278.00, -43680, -447396, -356 
1720534260300.00, -43770, -448349, -360 
1720534260321.00, -43739, -449282, -354 
1720534260343.00, -43504, -450230, -358 
1720534260364.00, -43549, -451192, -355 
1720534260386.00, -43573, -452129, -361 
1720534260408.00, -43595, -453073, -364 
1720534260430.00, -43729, -454025, -370 
1720534260451.00, -43781, -454968, -375 
1720534260472.00, -43524, -455907, -377 
1720534260494.00, -43628, -456855, -380 
1720534260516.00, -43572, -457808, -372 
1720534260537.00, -43614, -458746, -372 
1720534260559.00, -43796, -459689, -372 
1720534260581.00, -43772, -460642, -375 
1720534260603.00, -43418, -461588, -376 
1720534260624.00, -43586, -462523, -367 
1720534260645.00, -43573, -463469, -375 
1720534260667.00, -43394, -464422, -377 
1720534260689.00, -43586, -465355, -373 
1720534260711.00, -43825, -466299, -370 
1720534260733.00, -43682, -467257, -381 
1720534260753.00, -43811, -468203, -390 
1720534260776.00, -43672, -469144, -388 
1720534260797.00, -43521, -470094, -397 
1720534260819.00, -43730, -471049, -406 
1720534260840.00, -43781, -471981, -415 
1720534260862.00, -43465, -472926, -423 
1720534260883.00, -43428, -473880, -428 
1720534260905.00, -43528, -474821, -429 
1720534260926.00, -43466, -475758, -421 
1720534260948.00, -43678, -476712, -433 
1720534260970.00, -43774, -477663, -434 
1720534260992.00, -43611, -478598, -434 
1720534261013.00, -43824, -479543, -435 
1720534261035.00, -43609, -480499, -443 
1720534261057.00, -43519, -481438, -448 
1720534261078.00, -43606, -482377, -442 
1720534261100.00, -43750, -483333, -451 
1720534261121.00, -43457, -484285, -455 
1720534261143.00, -43684, -485225, -444 
1720534261165.00, -43746, -486169, -444 
1720534261186.00, -43493, -487124, -445 
1720534261208.00, -43503, -488060, -444 
1720534261230.00, -43565, -489001, -434 
1720534261251.00, -43408, -489949, -438 
1720534261273.00, -43596, -490897, -437 
1720534261295.00, -43661, -491832, -429 
1720534261316.00, -43614, -492784, -437 
1720534261338.00, -43715, -493741, -440 
1720534261360.00, -43858, -494677, -440 
1720534261381.00, -43444, -495617, -429 
1720534261402.00, -43465, -496572, -432 
1720534261424.00, -43610, -497518, -436 
1720534261446.00, -43563, -498447, -414 
1720534261467.00, -43688, -499400, -415 
1720534261489.00, -43822, -500356, -417 
1720534261511.00, -43641, -501290, -408 
1720534261533.00, -43527, -502236, -400 
1720534261555.00, -43673, -503195, -407 
1720534261576.00, -43640, -504140, -411 
1720534261598.00, -43646, -505073, -399 
1720534261619.00, -43763, -506022, -400 
1720534261641.00, -43592, -506977, -406 
1720534261662.00, -43556, -507914, -407 
1720534261684.00, -43827, -508861, -408 
1720534261706.00, -43669, -509818, -410 
1720534261728.00, -43554, -510761, -412 
1720534261749.00, -43610, -511702, -401 
1720534261770.00, -43730, -512648, -412 
1720534261793.00, -43571, -513599, -411 
1720534261814.00, -43519, -514533, -399 
1720534261835.00, -43524, -515480, -399 
1720534261857.00, -43618, -516439, -398 
1720534261878.00, -43746, -517379, -397 
1720534261902.00, -43752, -518323, -398 
1720534261922.00, -43629, -519274, -400 
1720534261944.00, -43527, -520223, -405 
1720534261966.00, -43634, -521157, -404 
1720534261987.00, -43739, -522105, -408 
1720534262009.00, -43481, -523063, -407 
1720534262031.00, -43707, -523999, -409 
1720534262052.00, -43747, -524943, -396 
1720534262074.00, -43585, -525895, -389 
1720534262095.00, -43724, -526841, -390 
1720534262117.00, -43753, -527778, -389 
1720534262139.00, -43704, -528728, -385 
1720534262160.00, -43719, -529681, -379 
1720534262182.00, -43728, -530620, -380 
1720534262203.00, -43472, -531562, -374 
1720534262225.00, -43685, -532518, -380 
1720534262247.00, -43817, -533464, -384 
1720534262268.00, -43792, -534406, -374 
1720534262290.00, -43581, -535357, -377 
1720534262312.00, -43722, -536311, -379 
1720534262333.00, -43584, -537245, -385 
1720534262354.00, -43638, -538191, -389 
1720534262376.00, -43676, -539145, -399 
1720534262398.00, -43659, -540088, -407 
1720534262420.00, -43578, -541029, -404 
1720534262442.00, -43700, -541981, -419 
1720534262464.00, -43669, -542934, -428 
1720534262485.00, -43581, -543872, -424 
1720534262506.00, -43554, -544818, -436 
1720534262528.00, -43724, -545770, -444 
1720534262550.00, -43594, -546708, -447 
1720534262571.00, -43562, -547652, -439 
1720534262593.00, -43702, -548603, -451 
1720534262615.00, -43683, -549556, -455 
1720534262636.00, -43718, -550498, -451 
1720534262658.00, -43809, -551440, -461 
1720534262679.00, -43695, -552396, -455 
1720534262702.00, -43633, -553337, -444 
1720534262723.00, -43702, -554279, -461 
1720534262744.00, -43705, -555231, -460 
1720534262767.00, -43587, -556181, -458 
1720534262788.00, -43633, -557119, -461 
1720534262810.00, -43771, -558066, -462 
1720534262831.00, -43631, -559020, -477 
1720534262852.00, -43744, -559962, -480 
1720534262874.00, -43866, -560901, -464 
1720534262896.00, -43781, -561854, -473 
1720534262918.00, -43524, -562802, -486 
1720534262939.00, -43812, -563740, -477 
1720534262961.00, -43705, -564687, -477 
1720534262983.00, -43449, -565641, -483 
1720534263005.00, -43608, -566583, -480 
1720534263025.00, -43632, -567525, -496 
1720534263047.00, -43501, -568479, -516 
1720534263069.00, -43644, -569426, -521 
1720534263091.00, -43678, -570360, -498 
1720534263112.00, -43659, -571303, -483 
1720534263134.00, -43655, -572259, -500 
1720534263155.00, -43637, -573199, -497 
1720534263177.00, -43658, -574146, -468 
1720534263198.00, -43783, -575098, -465 
1720534263220.00, -43635, -576044, -463 
1720534263242.00, -43616, -576982, -456 
1720534263264.00, -43677, -577927, -441 
1720534263285.00, -43907, -578875, -445 
1720534263306.00, -43780, -579813, -443 
1720534263329.00, -43511, -580763, -433 
1720534263350.00, -43623, -581714, -435 
1720534263372.00, -43667, -582658, -422 
1720534263394.00, -43577, -583598, -408 
1720534263415.00, -43767, -584545, -395 
1720534263437.00, -43634, -585494, -381 
1720534263459.00, -43490, -586430, -376 
1720534263480.00, -43646, -587378, -363 
1720534263502.00, -43512, -588323, -356 
1720534263524.00, -43441, -589266, -331 
1720534263545.00, -43736, -590203, -317 
1720534263567.00, -43774, -591150, -317 
1720534263589.00, -43508, -592097, -291 
1720534263610.00, -41972, -593036, -284 
1720534263632.00, -24054, -593950, -268 
1720534263653.00, -13055, -594494, -259 
1720534263675.00, -6506, -594793, -276 
1720534263696.00, -2793, -594942, -275 
1720534263717.00, -473, -595007, -274 
1720534263740.00, 71, -595022, -277 
1720534263761.00, 777, -595023, -295 
1720534263783.00, 1360, -595015, -294 
1720534263804.00, 1740, -594989, -271 
1720534263826.00, 2009, -594951, -260 
1720534263848.00, 2239, -594904, -220 
1720534263870.00, 2314, -594852, -160 
1720534263890.00, 2416, -594798, -85 
1720534263912.00, 2479, -594740, 3 
1720534263934.00, 2298, -594679, 104 
1720534263955.00, 8227, -594613, 192 
1720534263977.00, 17482, -594431, 267 
1720534263998.00, 27254, -594058, 355 
1720534264020.00, 35800, -593471, 435 
1720534264042.00, 40733, -592708, 465 
1720534264063.00, 43553, -591824, 586 
1720534264084.00, 43650, -590877, 573 
1720534264106.00, 43487, -589922, 646 
1720534264128.00, 43793, -588983, 675 
1720534264149.00, 43717, -588032, 698 
1720534264171.00, 43595, -587077, 724 
1720534264192.00, 43779, -586135, 747 
1720534264215.00, 43774, -585188, 764 
1720534264235.00, 43593, -584238, 764 
1720534264258.00, 43705, -583291, 778 
1720534264279.00, 43654, -582350, 783 
1720534264301.00, 43694, -581399, 780 
1720534264324.00, 43624, -580449, 775 
1720534264344.00, 43733, -579506, 765 
1720534264366.00, 43537, -578566, 766 
1720534264388.00, 43593, -577616, 755 
1720534264410.00, 43733, -576668, 768 
1720534264431.00, 43650, -575733, 751 
1720534264453.00, 43537, -574784, 734 
1720534264474.00, 43670, -573833, 737 
1720534264496.00, 43703, -572888, 724 
1720534264517.00, 43709, -571942, 714 
1720534264539.00, 43736, -570991, 712 
1720534264561.00, 43686, -570047, 719 
1720534264583.00, 43695, -569109, 712 
1720534264604.00, 43756, -568159, 710 
1720534264626.00, 43814, -567208, 712 
1720534264647.00, 43667, -566266, 698 
1720534264669.00, 43552, -565320, 707 
1720534264691.00, 43938, -564368, 714 
1720534264712.00, 43776, -563418, 731 
1720534264733.00, 43486, -562481, 741 
1720534264755.00, 43832, -561529, 750 
1720534264777.00, 43738, -560579, 762 
1720534264799.00, 43506, -559638, 772 
1720534264820.00, 43900, -558695, 764 
1720534264842.00, 43803, -557741, 764 
1720534264863.00, 43505, -556796, 775 
1720534264885.00, 43416, -555858, 750 
1720534264907.00, 43780, -554906, 737 
1720534264928.00, 43579, -553958, 736 
1720534264950.00, 43723, -553018, 736 
1720534264972.00, 43760, -552073, 737 
1720534264993.00, 43666, -551123, 732 
1720534265015.00, 43599, -550176, 733 
1720534265036.00, 43834, -549236, 732 
1720534265058.00, 43719, -548280, 726 
1720534265080.00, 43520, -547330, 726 
1720534265102.00, 43711, -546394, 727 
1720534265123.00, 43802, -545447, 717 
1720534265145.00, 43682, -544497, 705 
1720534265167.00, 43559, -543553, 713 
1720534265189.00, 43699, -542614, 706 
1720534265210.00, 43766, -541661, 697 
1720534265232.00, 43612, -540711, 699 
1720534265253.00, 43704, -539772, 699 
1720534265275.00, 43816, -538825, 698 
1720534265296.00, 43608, -537875, 706 
1720534265318.00, 43701, -536933, 712 
1720534265340.00, 43751, -535993, 706 
1720534265361.00, 43665, -535036, 714 
1720534265383.00, 43707, -534090, 706 
1720534265405.00, 43843, -533148, 717 
1720534265426.00, 43549, -532195, 722 
1720534265448.00, 43516, -531247, 728 
1720534265469.00, 43717, -530307, 743 
1720534265491.00, 43733, -529363, 759 
1720534265513.00, 43435, -528407, 784 
1720534265533.00, 43728, -527461, 800 
1720534265556.00, 43529, -526525, 814 
1720534265578.00, 43476, -525574, 791 
1720534265600.00, 43653, -524626, 796 
1720534265625.00, 43740, -523684, 812 
1720534265643.00, 43706, -522742, 807 
1720534265664.00, 43844, -521788, 810 
1720534265686.00, 43759, -520840, 822 
1720534265707.00, 43715, -519903, 824 
1720534265732.00, 43679, -518950, 835 
1720534265751.00, 43816, -518002, 843 
1720534265773.00, 43737, -517058, 854 
1720534265794.00, 43663, -516110, 828 
1720534265815.00, 43768, -515158, 808 
1720534265840.00, 43509, -514213, 802 
1720534265859.00, 43450, -513278, 777 
1720534265880.00, 43534, -512328, 767 
1720534265902.00, 43506, -511386, 747 
1720534265924.00, 43435, -510446, 753 
1720534265950.00, 43619, -509502, 748 
1720534265967.00, 43677, -508551, 748 
1720534265988.00, 43661, -507602, 764 
1720534266011.00, 43771, -506664, 759 
1720534266032.00, 43585, -505709, 774 
1720534266060.00, 43510, -504762, 771 
1720534266075.00, 43700, -503824, 782 
1720534266097.00, 43714, -502879, 777 
1720534266119.00, 43433, -501927, 773 
1720534266140.00, 43676, -500982, 772 
1720534266162.00, 43751, -500042, 768 
1720534266184.00, 43537, -499085, 763 
1720534266205.00, 43676, -498137, 762 
1720534266227.00, 43829, -497199, 767 
1720534266249.00, 43615, -496250, 754 
1720534266275.00, 43766, -495303, 762 
1720534266292.00, 43748, -494363, 765 
1720534266313.00, 43647, -493419, 766 
1720534266335.00, 43579, -492462, 783 
1720534266357.00, 43651, -491514, 794 
1720534266380.00, 43573, -490573, 808 
1720534266400.00, 43826, -489625, 804 
1720534266422.00, 43847, -488673, 830 
1720534266443.00, 43813, -487728, 882 
1720534266545.00, 43649, -486782, 920 
1720534266546.00, 43619, -485830, 925 
1720534266546.00, 43768, -484883, 925 
1720534266547.00, 43810, -483938, 944 
1720534266556.00, 43635, -482984, 942 
1720534266573.00, 43860, -482033, 962 
1720534266595.00, 43538, -481089, 970 
1720534266617.00, 43398, -480148, 961 
1720534266638.00, 43626, -479199, 972 
1720534266660.00, 43766, -478257, 969 
1720534266682.00, 43452, -477320, 950 
1720534266703.00, 43621, -476365, 950 
1720534266725.00, 43695, -475420, 955 
1720534266746.00, 43453, -474479, 943 
1720534266768.00, 43663, -473527, 946 
1720534266789.00, 43844, -472582, 942 
1720534266811.00, 43738, -471638, 957 
1720534266833.00, 43639, -470698, 969 
1720534266854.00, 43585, -469740, 963 
1720534266876.00, 43361, -468800, 973 
1720534266898.00, 43501, -467857, 981 
1720534266919.00, 43781, -466909, 996 
1720534266941.00, 43556, -465957, 1007 
1720534266962.00, 43542, -465009, 1016 
1720534266984.00, 43679, -464067, 1022 
1720534267006.00, 43489, -463111, 1013 
1720534267028.00, 43578, -462166, 995 
1720534267051.00, 43952, -461226, 1001 
1720534267071.00, 43685, -460275, 998 
1720534267093.00, 43551, -459326, 992 
1720534267114.00, 43452, -458382, 974 
1720534267136.00, 43523, -457441, 964 
1720534267157.00, 43557, -456495, 960 
1720534267179.00, 43760, -455552, 954 
1720534267201.00, 43627, -454615, 941 
1720534267222.00, 43592, -453661, 923 
1720534267244.00, 43514, -452717, 916 
1720534267266.00, 43521, -451772, 912 
1720534267287.00, 43401, -450829, 905 
1720534267309.00, 43661, -449880, 888 
1720534267330.00, 43662, -448932, 875 
1720534267353.00, 43512, -447997, 856 
1720534267378.00, 43523, -447047, 842 
1720534267395.00, 43540, -446102, 835 
1720534267417.00, 43474, -445164, 829 
1720534267439.00, 43724, -444224, 814 
1720534267461.00, 43739, -443272, 817 
1720534267488.00, 43701, -442324, 811 
1720534267504.00, 43581, -441385, 805 
1720534267526.00, 43630, -440436, 800 
1720534267547.00, 43645, -439490, 795 
1720534267569.00, 43697, -438548, 779 
1720534267591.00, 43775, -437602, 773 
1720534267612.00, 43639, -436655, 759 
1720534267634.00, 43508, -435707, 750 
1720534267656.00, 43632, -434765, 741 
1720534267677.00, 43677, -433815, 703 
1720534267699.00, 43477, -432872, 666 
1720534267720.00, 43698, -431931, 635 
1720534267742.00, 24948, -430993, 616 
1720534267764.00, 13639, -430428, 582 
1720534267785.00, 6966, -430124, 540 
1720534267809.00, 2934, -429969, 517 
1720534267828.00, 525, -429902, 493 
1720534267849.00, -162, -429892, 438 
1720534267871.00, -1049, -429898, 353 
1720534267892.00, -1558, -429921, 271 
1720534267920.00, -1913, -429956, 195 
1720534267935.00, -2135, -430000, 125 
1720534267956.00, -2149, -430052, 60 
1720534267978.00, -2157, -430107, 4 
1720534268000.00, -2175, -430162, -51 
1720534268022.00, -5264, -430212, -92 
1720534268042.00, -9684, -430325, -133 
1720534268064.00, -14546, -430529, -170 
1720534268086.00, -19834, -430842, -199 
1720534268107.00, -24626, -431272, -222 
1720534268130.00, -28786, -431801, -243 
1720534268151.00, -32605, -432416, -258 
1720534268173.00, -35716, -433106, -265 
1720534268194.00, -37962, -433876, -282 
1720534268216.00, -40207, -434706, -299 
1720534268237.00, -42596, -435568, -304 
1720534268259.00, -43641, -436482, -310 
1720534268281.00, -43639, -437429, -295 
1720534268302.00, -43639, -438390, -377 
1720534268323.00, -43670, -439323, -322 
1720534268346.00, -43667, -440272, -334 
1720534268367.00, -43780, -441227, -331 
1720534268388.00, -43606, -442167, -336 
1720534268411.00, -43628, -443112, -338 
1720534268432.00, -43744, -444065, -348 
1720534268454.00, -43743, -445016, -342 
1720534268476.00, -43811, -445953, -343 
1720534268497.00, -43531, -446899, -349 
1720534268518.00, -43735, -447853, -345 
1720534268540.00, -43706, -448792, -354 
1720534268562.00, -43373, -449735, -348 
1720534268583.00, -43740, -450689, -346 
1720534268605.00, -43825, -451641, -347 
1720534268627.00, -43649, -452581, -344 
1720534268648.00, -43585, -453528, -342 
1720534268670.00, -43694, -454482, -326 
1720534268692.00, -43634, -455420, -319 
1720534268714.00, -43613, -456364, -315 
1720534268735.00, -43889, -457317, -319 
1720534268757.00, -43879, -458266, -329 
1720534268778.00, -43578, -459204, -335 
1720534268799.00, -43659, -460155, -350 
1720534268821.00, -43729, -461110, -363 
1720534268843.00, -43798, -462047, -370 
1720534268865.00, -43692, -462993, -365 
1720534268887.00, -43862, -463946, -365 
1720534268908.00, -43662, -464892, -366 
1720534268929.00, -43614, -465831, -361 
1720534268951.00, -43726, -466781, -384 
1720534268973.00, -43800, -467742, -396 
1720534268995.00, -43687, -468681, -403 
1720534269016.00, -43951, -469628, -412 
1720534269038.00, -43731, -470583, -421 
1720534269059.00, -43580, -471527, -429 
1720534269081.00, -43619, -472467, -421 
1720534269103.00, -43857, -473414, -421 
1720534269124.00, -43755, -474367, -421 
1720534269146.00, -43549, -475303, -416 
1720534269168.00, -43729, -476251, -409 
1720534269189.00, -43605, -477210, -411 
1720534269211.00, -43477, -478152, -416 
1720534269233.00, -43669, -479090, -406 
1720534269254.00, -43860, -480041, -412 
1720534269276.00, -43598, -480993, -411 
1720534269297.00, -43669, -481925, -397 
1720534269319.00, -43729, -482875, -401 
1720534269341.00, -43703, -483833, -401 
1720534269363.00, -43556, -484778, -397 
1720534269384.00, -43897, -485717, -379 
1720534269406.00, -43697, -486671, -395 
1720534269427.00, -43553, -487620, -401 
1720534269449.00, -43796, -488555, -385 
1720534269471.00, -43746, -489502, -388 
1720534269492.00, -43663, -490461, -393 
1720534269514.00, -43801, -491400, -389 
1720534269536.00, -43724, -492345, -373 
1720534269557.00, -43567, -493300, -387 
1720534269579.00, -43548, -494247, -396 
1720534269600.00, -43774, -495181, -381 
1720534269622.00, -43713, -496131, -387 
1720534269644.00, -43635, -497089, -395 
1720534269668.00, -43771, -498022, -402 
1720534269687.00, -43776, -498966, -402 
1720534269709.00, -43507, -499928, -412 
1720534269731.00, -43701, -500874, -420 
1720534269752.00, -43753, -501812, -408 
1720534269776.00, -43688, -502767, -415 
1720534269795.00, -43540, -503721, -419 
1720534269817.00, -43769, -504656, -419 
1720534269839.00, -43653, -505598, -418 
1720534269860.00, -43537, -506554, -417 
1720534269883.00, -43619, -507494, -426 
1720534269904.00, -43620, -508440, -428 
1720534269925.00, -43541, -509393, -438 
1720534269947.00, -43705, -510344, -441 
1720534269968.00, -43677, -511282, -434 
1720534269990.00, -43648, -512231, -438 
1720534270012.00, -43652, -513182, -440 
1720534270034.00, -43770, -514120, -438 
1720534270055.00, -43539, -515063, -421 
1720534270076.00, -43513, -516016, -426 
1720534270098.00, -43608, -516969, -428 
1720534270120.00, -43699, -517905, -419 
1720534270142.00, -43664, -518852, -426 
1720534270163.00, -43788, -519809, -440 
1720534270185.00, -43614, -520745, -446 
1720534270207.00, -43518, -521684, -435 
1720534270228.00, -43649, -522640, -452 
1720534270250.00, -43695, -523590, -464 
1720534270271.00, -43628, -524527, -458 
1720534270293.00, -43685, -525476, -473 
1720534270314.00, -43534, -526431, -474 
1720534270337.00, -43559, -527366, -462 
1720534270358.00, -43812, -528309, -463 
1720534270379.00, -43677, -529263, -465 
1720534270401.00, -43575, -530208, -458 
1720534270423.00, -43632, -531144, -449 
1720534270445.00, -43749, -532090, -462 
1720534270466.00, -43616, -533047, -459 
1720534270487.00, -43580, -533983, -450 
1720534270509.00, -43664, -534929, -452 
1720534270531.00, -43572, -535886, -455 
1720534270553.00, -43568, -536830, -444 
1720534270574.00, -43736, -537767, -457 
1720534270595.00, -43594, -538717, -478 
1720534270617.00, -43609, -539668, -497 
1720534270639.00, -43717, -540611, -519 
1720534270661.00, -43767, -541556, -537 
1720534270682.00, -43550, -542515, -567 
1720534270703.00, -43739, -543460, -576 
1720534270726.00, -43797, -544396, -577 
1720534270747.00, -43515, -545340, -555 
1720534270769.00, -43720, -546291, -554 
1720534270791.00, -43704, -547226, -554 
1720534270812.00, -43558, -548170, -540 
1720534270833.00, -43628, -549128, -532 
1720534270855.00, -43719, -550068, -530 
1720534270879.00, -43545, -551012, -521 
1720534270899.00, -43648, -551960, -523 
1720534270920.00, -43687, -552909, -521 
1720534270942.00, -43682, -553846, -515 
1720534270964.00, -43741, -554794, -519 
1720534270989.00, -43736, -555749, -512 
1720534271008.00, -43511, -556687, -500 
1720534271028.00, -43703, -557630, -493 
1720534271050.00, -43774, -558578, -485 
1720534271072.00, -43565, -559525, -474 
1720534271098.00, -43542, -560466, -479 
1720534271115.00, -43638, -561408, -471 
1720534271136.00, -43441, -562359, -462 
1720534271158.00, -43481, -563299, -468 
1720534271180.00, -43603, -564238, -471 
1720534271202.00, -43646, -565187, -457 
1720534271223.00, -43696, -566134, -464 
1720534271244.00, -43862, -567081, -496 
1720534271266.00, -43685, -568030, -523 
1720534271288.00, -43673, -568982, -540 
1720534271312.00, -43903, -569923, -544 
1720534271331.00, -43660, -570865, -555 
1720534271353.00, -43539, -571816, -568 
1720534271375.00, -43674, -572763, -562 
1720534271396.00, -43727, -573704, -540 
1720534271421.00, -43508, -574651, -514 
1720534271440.00, -43655, -575604, -493 
1720534271460.00, -43607, -576535, -483 
1720534271482.00, -43695, -577479, -476 
1720534271504.00, -43755, -578430, -473 
1720534271528.00, -43594, -579373, -468 
1720534271548.00, -43564, -580310, -448 
1720534271569.00, -43695, -581260, -448 
1720534271591.00, -43632, -582212, -460 
1720534271613.00, -43571, -583150, -446 
1720534271635.00, -43665, -584096, -431 
1720534271656.00, -43716, -585045, -441 
1720534271677.00, -43643, -585990, -443 
1720534271699.00, -43640, -586930, -424 
1720534271721.00, -43771, -587882, -422 
1720534271744.00, -43622, -588830, -408 
1720534271764.00, -43676, -589766, -398 
1720534271786.00, -43851, -590708, -385 
1720534271807.00, -43679, -591658, -375 
1720534271828.00, -43555, -592602, -362 
1720534271852.00, -43691, -593543, -340 
1720534271872.00, -25006, -594486, -319 
1720534271894.00, -13532, -595049, -312 
1720534271915.00, -6819, -595360, -308 
1720534271937.00, -2863, -595512, -256 
1720534271958.00, -463, -595578, -246 
1720534271980.00, 126, -595590, -200 
1720534272001.00, 976, -595586, -147 
1720534272023.00, 1579, -595566, -104 
1720534272044.00, 1991, -595532, -35 
1720534272066.00, 2079, -595484, 30 
1720534272088.00, 4008, -595436, 71 
1720534272109.00, 7627, -595348, 110 
1720534272131.00, 11956, -595180, 178 
1720534272152.00, 18630, -594914, 236 
1720534272174.00, 26353, -594510, 263 
1720534272196.00, 32099, -593949, 298 
1720534272217.00, 37600, -593253, 316 
1720534272239.00, 41986, -592449, 315 
1720534272260.00, 43897, -591542, 339 
1720534272282.00, 43831, -590586, 359 
1720534272304.00, 43553, -589645, 374 
1720534272325.00, 43709, -588703, 382 
1720534272347.00, 43707, -587746, 408 
1720534272369.00, 43473, -586793, 432 
1720534272391.00, 43882, -585856, 436 
1720534272412.00, 43936, -584907, 455 
1720534272434.00, 43484, -583951, 476 
1720534272455.00, 43753, -583009, 494 
1720534272476.00, 43807, -582066, 497 
1720534272498.00, 43580, -581111, 508 
1720534272520.00, 43658, -580160, 532 
1720534272542.00, 43861, -579219, 531 
1720534272563.00, 43590, -578270, 523 
1720534272585.00, 43562, -577321, 523 
1720534272607.00, 43726, -576382, 516 
1720534272629.00, 43596, -575442, 523 
1720534272650.00, 43606, -574487, 539 
1720534272672.00, 43898, -573533, 548 
1720534272693.00, 43558, -572591, 557 
1720534272715.00, 43964, -571640, 562 
1720534272737.00, 43615, -570684, 614 
1720534272759.00, 43796, -569749, 604 
1720534272780.00, 43809, -568805, 604 
1720534272801.00, 43589, -567851, 626 
1720534272823.00, 43810, -566901, 640 
1720534272845.00, 43800, -565960, 650 
1720534272866.00, 43525, -565011, 653 
1720534272888.00, 43613, -564056, 678 
1720534272909.00, 43726, -563113, 691 
1720534272931.00, 43709, -562174, 680 
1720534272953.00, 43724, -561220, 702 
1720534272975.00, 43687, -560269, 733 
1720534272996.00, 43673, -559333, 712 
1720534273018.00, 43706, -558382, 717 
1720534273039.00, 43775, -557430, 707 
1720534273061.00, 43690, -556490, 712 
1720534273083.00, 43769, -555544, 725 
1720534273104.00, 43817, -554594, 731 
1720534273126.00, 43753, -553648, 730 
1720534273148.00, 43579, -552710, 720 
1720534273169.00, 43625, -551759, 721 
1720534273190.00, 43736, -550808, 733 
1720534273213.00, 43604, -549867, 738 
1720534273234.00, 43514, -548920, 729 
1720534273256.00, 43784, -547968, 725 
1720534273277.00, 43594, -547023, 741 
1720534273299.00, 43589, -546082, 731 
1720534273321.00, 43773, -545131, 728 
1720534273343.00, 43632, -544186, 724 
1720534273363.00, 43556, -543248, 709 
1720534273387.00, 43937, -542305, 694 
1720534273407.00, 43631, -541348, 688 
1720534273429.00, 43566, -540404, 678 
1720534273451.00, 43658, -539467, 669 
1720534273472.00, 43745, -538514, 676 
1720534273494.00, 43637, -537564, 677 
1720534273515.00, 43654, -536630, 667 
1720534273537.00, 43735, -535681, 679 
1720534273558.00, 43601, -534730, 681 
1720534273580.00, 43742, -533784, 682 
1720534273603.00, 43886, -532840, 682 
1720534273624.00, 43715, -531885, 684 
1720534273645.00, 43569, -530938, 690 
1720534273667.00, 43759, -529998, 706 
1720534273688.00, 43797, -529050, 706 
1720534273710.00, 43608, -528096, 714 
1720534273732.00, 43639, -527156, 707 
1720534273753.00, 43739, -526213, 711 
1720534273775.00, 43761, -525261, 721 
1720534273797.00, 43643, -524311, 715 
1720534273818.00, 43785, -523370, 716 
1720534273840.00, 43653, -522422, 718 
1720534273861.00, 43565, -521471, 725 
1720534273883.00, 43851, -520528, 731 
1720534273905.00, 43727, -519590, 742 
1720534273927.00, 43440, -518633, 746 
1720534273948.00, 43717, -517687, 753 
1720534273970.00, 43712, -516747, 755 
1720534273992.00, 43611, -515789, 764 
1720534274013.00, 43596, -514841, 761 
1720534274035.00, 43741, -513900, 760 
1720534274057.00, 43623, -512956, 757 
1720534274078.00, 43509, -512005, 758 
1720534274099.00, 43713, -511057, 771 
1720534274121.00, 43753, -510120, 781 
1720534274143.00, 43440, -509163, 792 
1720534274165.00, 43596, -508215, 793 
1720534274186.00, 43780, -507274, 799 
1720534274208.00, 43771, -506327, 797 
1720534274229.00, 43588, -505371, 802 
1720534274252.00, 43823, -504426, 813 
1720534274273.00, 43740, -503490, 811 
1720534274294.00, 43519, -502537, 815 
1720534274316.00, 43778, -501586, 835 
1720534274338.00, 43873, -500641, 851 
1720534274359.00, 43590, -499689, 900 
1720534274381.00, 43593, -498733, 947 
1720534274403.00, 43942, -497789, 956 
1720534274424.00, 43749, -496849, 973 
1720534274446.00, 43472, -495892, 955 
1720534274467.00, 43887, -494946, 957 
1720534274489.00, 43564, -494006, 976 
1720534274511.00, 43647, -493059, 970 
1720534274532.00, 43723, -492103, 1011 
1720534274554.00, 43965, -491155, 1004 
1720534274576.00, 43668, -490207, 1038 
1720534274598.00, 43653, -489248, 1030 
1720534274620.00, 43363, -488300, 1029 
1720534274641.00, 43592, -487357, 1030 
1720534274663.00, 43816, -486407, 1017 
1720534274685.00, 43739, -485453, 992 
1720534274706.00, 43308, -484507, 990 
1720534274728.00, 43766, -483563, 993 
1720534274749.00, 43561, -482605, 1022 
1720534274771.00, 43617, -481654, 1028 
1720534274792.00, 43703, -480711, 1062 
1720534274815.00, 43698, -479757, 1101 
1720534274836.00, 43692, -478805, 1106 
1720534274858.00, 43639, -477852, 1147 
1720534274880.00, 43592, -476909, 1133 
1720534274902.00, 43736, -475946, 1164 
1720534274923.00, 43859, -474997, 1159 
1720534274945.00, 43667, -474052, 1175 
1720534274967.00, 43529, -473095, 1185 
1720534274988.00, 43508, -472144, 1180 
1720534275010.00, 43655, -471201, 1175 
1720534275032.00, 43778, -470252, 1172 
1720534275054.00, 43663, -469298, 1171 
1720534275076.00, 43678, -468347, 1152 
1720534275097.00, 43605, -467403, 1136 
1720534275119.00, 43505, -466445, 1124 
1720534275141.00, 43690, -465495, 1096 
1720534275162.00, 43681, -464556, 1119 
1720534275183.00, 43805, -463602, 1098 
1720534275205.00, 43722, -462648, 1110 
1720534275228.00, 43480, -461702, 1108 
1720534275249.00, 43402, -460760, 1095 
1720534275271.00, 43551, -459807, 1089 
1720534275293.00, 43700, -458861, 1079 
1720534275314.00, 43763, -457919, 1060 
1720534275336.00, 43574, -456964, 1049 
1720534275358.00, 43635, -456013, 1041 
1720534275379.00, 43670, -455068, 1038 
1720534275401.00, 43554, -454124, 1019 
1720534275423.00, 43648, -453170, 1018 
1720534275445.00, 43840, -452223, 996 
1720534275466.00, 43612, -451281, 981 
1720534275487.00, 43529, -450325, 973 
1720534275509.00, 43588, -449378, 975 
1720534275531.00, 43664, -448437, 966 
1720534275553.00, 43763, -447497, 952 
1720534275574.00, 43747, -446548, 937 
1720534275596.00, 43606, -445602, 925 
1720534275617.00, 43451, -444667, 894 
1720534275639.00, 43590, -443711, 878 
1720534275661.00, 43614, -442767, 882 
1720534275684.00, 43537, -441829, 881 
1720534275704.00, 43653, -440883, 871 
1720534275726.00, 43662, -439932, 865 
1720534275747.00, 43592, -438989, 867 
1720534275769.00, 43566, -438051, 850 
1720534275790.00, 43624, -437098, 866 
1720534275812.00, 43695, -436155, 859 
1720534275834.00, 43657, -435209, 880 
1720534275856.00, 43670, -434263, 863 
1720534275877.00, 43536, -433314, 852 
1720534275902.00, 43520, -432370, 861 
1720534275920.00, 24949, -431434, 843 
1720534275944.00, 13617, -430867, 842 
1720534275964.00, 7152, -430558, 821 
1720534275985.00, 3164, -430397, 858 
1720534276009.00, 673, -430332, 804 
1720534276028.00, -66, -430319, 715 
1720534276049.00, -1024, -430322, 579 
1720534276071.00, -1800, -430341, 437 
1720534276092.00, -2151, -430382, 325 
1720534276115.00, -2327, -430432, 237 
1720534276135.00, -2367, -430488, 154 
1720534276157.00, -2397, -430547, 76 
1720534276178.00, -2357, -430604, 14 
1720534276199.00, -2181, -430668, -44 
1720534276221.00, -4831, -430723, -104 
1720534276242.00, -9979, -430826, -148 
1720534276264.00, -15685, -431039, -179 
1720534276286.00, -20832, -431379, -210 
1720534276307.00, -25744, -431828, -247 
1720534276328.00, -30782, -432378, -263 
1720534276351.00, -34884, -433036, -283 
1720534276372.00, -38097, -433786, -297 
1720534276394.00, -41140, -434625, -309 
1720534276415.00, -43585, -435514, -322 
1720534276437.00, -44007, -436447, -315 
1720534276459.00, -43687, -437399, -345 
1720534276481.00, -43623, -438353, -321 
1720534276502.00, -43652, -439290, -326 
1720534276523.00, -43830, -440236, -328 
1720534276545.00, -43694, -441191, -328 
1720534276568.00, -43641, -442134, -331 
1720534276589.00, -43726, -443073, -329 
1720534276610.00, -43547, -444025, -335 
1720534276632.00, -43523, -444979, -333 
1720534276654.00, -43774, -445915, -333 
1720534276677.00, -43893, -446865, -339 
1720534276697.00, -43605, -447818, -343 
1720534276718.00, -43736, -448759, -346 
1720534276740.00, -43648, -449701, -342 
1720534276761.00, -43451, -450653, -342 
1720534276783.00, -43800, -451608, -342 
1720534276805.00, -43856, -452545, -330 
1720534276827.00, -43558, -453489, -328 
1720534276849.00, -43387, -454447, -324 
1720534276870.00, -43720, -455383, -319 
1720534276892.00, -43621, -456327, -315 
1720534276913.00, -43681, -457280, -321 
1720534276934.00, -43869, -458229, -326 
1720534276957.00, -43623, -459166, -323 
1720534276978.00, -43532, -460115, -331 
1720534277008.00, -43703, -461073, -330 
1720534277022.00, -43753, -462008, -334 
1720534277043.00, -43570, -462953, -337 
1720534277065.00, -43754, -463902, -339 
1720534277086.00, -43683, -464850, -342 
1720534277112.00, -43602, -465787, -332 
1720534277130.00, -43527, -466737, -340 
1720534277151.00, -43617, -467695, -341 
1720534277172.00, -43591, -468630, -338 
1720534277194.00, -43911, -469575, -334 
1720534277220.00, -43790, -470529, -334 
1720534277238.00, -43626, -471472, -342 
1720534277260.00, -43444, -472410, -333 
1720534277281.00, -43699, -473360, -339 
1720534277303.00, -43714, -474312, -340 
1720534277329.00, -43613, -475247, -343 
1720534277346.00, -43639, -476196, -344 
1720534277368.00, -43593, -477152, -341 
1720534277389.00, -43353, -478096, -340 
1720534277411.00, -43473, -479034, -332 
1720534277434.00, -43675, -479980, -337 
1720534277455.00, -43721, -480931, -339 
1720534277476.00, -43762, -481862, -334 
1720534277498.00, -43652, -482810, -342 
1720534277519.00, -43475, -483772, -344 
1720534277545.00, -43581, -484716, -355 
1720534277562.00, -43752, -485653, -348 
1720534277584.00, -43581, -486606, -354 
1720534277606.00, -43569, -487554, -357 
1720534277627.00, -43719, -488490, -349 
1720534277648.00, -43616, -489433, -352 
1720534277671.00, -43637, -490392, -343 
1720534277692.00, -43829, -491331, -349 
1720534277714.00, -43566, -492275, -344 
1720534277735.00, -43619, -493229, -350 
1720534277757.00, -43655, -494176, -351 
1720534277779.00, -43455, -495107, -345 
1720534277801.00, -43447, -496057, -351 
1720534277822.00, -43802, -497012, -345 
1720534277844.00, -43640, -497945, -342 
1720534277865.00, -43608, -498888, -345 
1720534277887.00, -43680, -499846, -344 
1720534277909.00, -43541, -500791, -339 
1720534277930.00, -43511, -501732, -333 
1720534277952.00, -43718, -502681, -338 
1720534277973.00, -43703, -503634, -335 
1720534277995.00, -43606, -504568, -335 
1720534278016.00, -43697, -505510, -332 
1720534278038.00, -43671, -506463, -323 
1720534278060.00, -43674, -507405, -324 
1720534278083.00, -43818, -508349, -328 
1720534278103.00, -43864, -509303, -336 
1720534278125.00, -43486, -510260, -352 
1720534278147.00, -43647, -511192, -349 
1720534278168.00, -43691, -512140, -357 
1720534278190.00, -43722, -513091, -364 
1720534278211.00, -43805, -514034, -372 
1720534278233.00, -43860, -514973, -374 
1720534278254.00, -43597, -515928, -380 
1720534278276.00, -43504, -516883, -369 
1720534278298.00, -43560, -517816, -347 
1720534278320.00, -43663, -518763, -357 
1720534278341.00, -43614, -519719, -370 
1720534278362.00, -43674, -520656, -370 
1720534278385.00, -43695, -521595, -354 
1720534278406.00, -43578, -522548, -361 
1720534278427.00, -43643, -523498, -382 
1720534278449.00, -43644, -524435, -374 
1720534278471.00, -43636, -525382, -364 
1720534278493.00, -43789, -526339, -368 
1720534278514.00, -43740, -527277, -387 
1720534278536.00, -43429, -528220, -378 
1720534278558.00, -43634, -529173, -380 
1720534278579.00, -43760, -530119, -390 
1720534278600.00, -43707, -531055, -391 
1720534278623.00, -43717, -532003, -392 
1720534278644.00, -43739, -532961, -395 
1720534278666.00, -43616, -533900, -400 
1720534278687.00, -43719, -534847, -396 
1720534278709.00, -43700, -535801, -398 
1720534278731.00, -43801, -536749, -397 
1720534278753.00, -43545, -537685, -399 
1720534278774.00, -43670, -538633, -406 
1720534278795.00, -43754, -539587, -408 
1720534278817.00, -43675, -540524, -414 
1720534278839.00, -43779, -541468, -412 
1720534278861.00, -43692, -542424, -405 
1720534278882.00, -43595, -543370, -410 
1720534278904.00, -43722, -544308, -407 
1720534278925.00, -43761, -545254, -399 
1720534278947.00, -43536, -546202, -382 
1720534278969.00, -43537, -547138, -374 
1720534278990.00, -43762, -548085, -365 
1720534279012.00, -43557, -549041, -369 
1720534279033.00, -43665, -549980, -363 
1720534279055.00, -43737, -550918, -347 
1720534279081.00, -43713, -551870, -350 
1720534279098.00, -43658, -552822, -346 
1720534279119.00, -43751, -553758, -338 
1720534279142.00, -43761, -554705, -332 
1720534279163.00, -43621, -555658, -338 
1720534279185.00, -43646, -556600, -337 
1720534279207.00, -43727, -557539, -338 
1720534279228.00, -43597, -558492, -352 
1720534279250.00, -43831, -559439, -357 
1720534279271.00, -43901, -560378, -349 
1720534279293.00, -43532, -561327, -348 
1720534279315.00, -43635, -562282, -368 
1720534279336.00, -43797, -563217, -371 
1720534279358.00, -43556, -564157, -352 
1720534279380.00, -43658, -565112, -359 
1720534279401.00, -43643, -566060, -363 
1720534279423.00, -43524, -566995, -340 
1720534279445.00, -43573, -567945, -323 
1720534279466.00, -43525, -568894, -325 
1720534279488.00, -43414, -569831, -314 
1720534279513.00, -43693, -570770, -300 
1720534279531.00, -42883, -571715, -301 
1720534279552.00, -42489, -572652, -304 
1720534279575.00, -42455, -573567, -303 
1720534279596.00, -42472, -574494, -302 
1720534279619.00, -42393, -575418, -300 
1720534279639.00, -42141, -576333, -312 
1720534279661.00, -42740, -577244, -313 
1720534279683.00, -43342, -578172, -322 
1720534279703.00, -43421, -579108, -324 
1720534279726.00, -43470, -580044, -331 
1720534279747.00, -43668, -580990, -330 
1720534279769.00, -43706, -581944, -341 
1720534279791.00, -43842, -582886, -345 
1720534279812.00, -43812, -583826, -331 
1720534279834.00, -43601, -584778, -341 
1720534279856.00, -43499, -585725, -343 
1720534279877.00, -43648, -586667, -335 
1720534279899.00, -43669, -587611, -318 
1720534279920.00, -43704, -588562, -328 
1720534279942.00, -43788, -589500, -329 
1720534279964.00, -43833, -590442, -316 
1720534279985.00, -43441, -591397, -322 
1720534280007.00, -43571, -592342, -315 
1720534280029.00, -43676, -593280, -296 
1720534280051.00, -24831, -594223, -295 
1720534280072.00, -13552, -594791, -317 
1720534280094.00, -6832, -595100, -310 
1720534280115.00, -2986, -595255, -285 
1720534280137.00, -577, -595324, -313 
1720534280157.00, 89, -595339, -285 
1720534280180.00, 860, -595336, -225 
1720534280201.00, 1414, -595323, -187 
1720534280223.00, 1863, -595292, -158 
1720534280244.00, 2114, -595249, -100 
1720534280266.00, 2255, -595196, -19 
1720534280288.00, 2321, -595140, 73 
1720534280309.00, 6706, -595085, 133 
1720534280331.00, 12955, -594938, 171 
1720534280352.00, 18876, -594656, 220 
1720534280374.00, 25598, -594249, 261 
1720534280396.00, 31992, -593703, 283 
1720534280418.00, 36747, -593026, 297 
1720534280439.00, 40492, -592238, 305 
1720534280460.00, 43227, -591363, 304 
1720534280482.00, 43609, -590430, 308 
1720534280504.00, 43532, -589489, 314 
1720534280526.00, 43754, -588547, 315 
1720534280547.00, 43644, -587592, 329 
1720534280569.00, 43725, -586642, 343 
1720534280590.00, 44019, -585701, 365 
1720534280612.00, 43679, -584747, 389 
1720534280634.00, 43611, -583800, 401 
1720534280656.00, 43612, -582859, 424 
1720534280676.00, 43603, -581912, 448 
1720534280699.00, 43680, -580955, 459 
1720534280720.00, 43767, -580006, 489 
1720534280742.00, 43562, -579063, 510 
1720534280763.00, 43979, -578116, 500 
1720534280785.00, 43462, -577162, 595 
1720534280806.00, 43756, -576225, 603 
1720534280828.00, 43832, -575282, 599 
1720534280850.00, 43625, -574327, 630 
1720534280871.00, 43773, -573375, 660 
1720534280893.00, 43859, -572434, 688 
1720534280914.00, 43588, -571481, 702 
1720534280936.00, 43497, -570529, 726 
1720534280958.00, 43719, -569591, 727 
1720534280980.00, 43728, -568647, 747 
1720534281002.00, 43659, -567696, 745 
1720534281023.00, 43709, -566752, 741 
1720534281047.00, 43639, -565812, 731 
1720534281067.00, 43695, -564860, 722 
1720534281088.00, 43797, -563912, 723 
1720534281110.00, 43595, -562968, 726 
1720534281131.00, 43742, -562025, 730 
1720534281153.00, 43816, -561076, 724 
1720534281174.00, 43704, -560132, 720 
1720534281196.00, 43508, -559193, 715 
1720534281218.00, 43568, -558241, 707 
1720534281239.00, 43718, -557296, 699 
1720534281261.00, 43662, -556358, 711 
1720534281283.00, 43675, -555410, 718 
1720534281304.00, 43721, -554459, 704 
1720534281326.00, 43536, -553518, 702 
1720534281348.00, 43844, -552580, 693 
1720534281373.00, 43741, -551629, 695 
1720534281391.00, 43563, -550684, 691 
1720534281412.00, 43699, -549741, 691 
1720534281434.00, 43725, -548797, 680 
1720534281456.00, 43480, -547841, 699 
1720534281480.00, 43622, -546895, 705 
1720534281499.00, 43643, -545959, 704 
1720534281520.00, 43527, -545005, 728 
1720534281542.00, 43713, -544061, 720 
1720534281564.00, 43718, -543124, 724 
1720534281589.00, 43794, -542177, 720 
1720534281606.00, 43652, -541225, 718 
1720534281629.00, 43799, -540276, 725 
1720534281650.00, 43778, -539338, 727 
1720534281672.00, 43619, -538387, 724 
1720534281699.00, 43730, -537438, 718 
1720534281715.00, 43730, -536505, 718 
1720534281736.00, 43652, -535552, 724 
1720534281759.00, 43785, -534601, 747 
1720534281780.00, 43635, -533658, 761 
1720534281803.00, 43573, -532711, 766 
1720534281823.00, 43742, -531756, 785 
1720534281845.00, 43754, -530810, 782 
1720534281866.00, 43514, -529875, 782 
1720534281888.00, 43555, -528924, 790 
1720534281910.00, 43577, -527976, 782 
1720534281932.00, 43549, -527037, 772 
1720534281954.00, 43569, -526095, 761 
1720534281975.00, 43640, -525143, 778 
1720534281997.00, 43618, -524197, 787 
1720534282018.00, 43598, -523257, 782 
1720534282040.00, 43653, -522307, 787 
1720534282061.00, 43649, -521356, 796 
1720534282083.00, 43629, -520415, 811 
1720534282105.00, 43749, -519473, 812 
1720534282127.00, 43681, -518519, 815 
1720534282148.00, 43553, -517571, 827 
1720534282170.00, 43576, -516634, 821 
1720534282192.00, 43585, -515673, 847 
1720534282213.00, 43656, -514728, 848 
1720534282235.00, 43764, -513789, 851 
1720534282256.00, 43774, -512841, 858 
1720534282278.00, 43652, -511891, 870 
1720534282300.00, 43621, -510946, 882 
1720534282321.00, 43817, -510007, 894 
1720534282342.00, 43921, -509050, 903 
1720534282364.00, 43612, -508102, 920 
1720534282386.00, 43768, -507159, 949 
1720534282407.00, 43806, -506211, 939 
1720534282429.00, 43403, -505261, 908 
1720534282451.00, 43620, -504318, 897 
1720534282472.00, 43747, -503382, 881 
1720534282494.00, 43539, -502429, 890 
1720534282516.00, 43758, -501480, 919 
1720534282537.00, 43695, -500540, 926 
1720534282559.00, 43467, -499588, 951 
1720534282580.00, 43623, -498630, 975 
1720534282603.00, 43836, -497692, 972 
1720534282624.00, 43576, -496750, 990 
1720534282646.00, 43623, -495793, 995 
1720534282667.00, 43687, -494852, 987 
1720534282693.00, 43568, -493914, 972 
1720534282710.00, 43554, -492963, 969 
1720534282733.00, 43890, -492015, 968 
1720534282754.00, 43772, -491067, 987 
1720534282776.00, 43533, -490128, 984 
1720534282799.00, 43604, -489171, 986 
1720534282818.00, 43542, -488227, 977 
1720534282840.00, 43309, -487291, 971 
1720534282862.00, 43682, -486342, 968 
1720534282884.00, 43648, -485399, 971 
1720534282906.00, 43539, -484451, 969 
1720534282927.00, 43796, -483508, 949 
1720534282949.00, 43563, -482552, 955 
1720534282971.00, 43615, -481606, 947 
1720534282992.00, 43882, -480673, 931 
1720534283013.00, 43569, -479721, 914 
1720534283035.00, 43507, -478775, 900 
1720534283056.00, 43526, -477833, 906 
1720534283079.00, 43460, -476893, 905 
1720534283100.00, 43440, -475938, 909 
1720534283126.00, 43770, -474994, 902 
1720534283143.00, 43616, -474059, 898 
1720534283165.00, 43480, -473105, 893 
1720534283186.00, 43656, -472159, 915 
1720534283208.00, 43738, -471220, 921 
1720534283231.00, 43589, -470274, 917 
1720534283251.00, 43847, -469323, 946 
1720534283273.00, 43778, -468377, 940 
1720534283295.00, 43576, -467433, 954 
1720534283316.00, 43469, -466479, 947 
1720534283338.00, 43627, -465532, 945 
1720534283360.00, 43588, -464593, 957 
1720534283381.00, 43775, -463642, 965 
1720534283403.00, 43733, -462695, 974 
1720534283425.00, 43714, -461753, 981 
1720534283446.00, 43504, -460810, 980 
1720534283468.00, 43545, -459858, 976 
1720534283489.00, 43653, -458913, 967 
1720534283512.00, 43711, -457976, 963 
1720534283533.00, 43766, -457025, 948 
1720534283558.00, 43677, -456074, 954 
1720534283576.00, 43485, -455131, 947 
1720534283598.00, 43621, -454190, 953 
1720534283619.00, 43745, -453240, 973 
1720534283640.00, 43575, -452295, 968 
1720534283664.00, 43613, -451354, 938 
1720534283684.00, 43769, -450400, 921 
1720534283705.00, 43463, -449453, 905 
1720534283728.00, 43671, -448513, 883 
1720534283750.00, 43705, -447576, 864 
1720534283771.00, 43637, -446625, 854 
1720534283792.00, 43599, -445678, 845 
1720534283815.00, 43631, -444741, 836 
1720534283835.00, 43393, -443786, 835 
1720534283857.00, 43694, -442842, 819 
1720534283879.00, 43715, -441903, 825 
1720534283901.00, 43685, -440958, 817 
1720534283923.00, 43667, -440008, 794 
1720534283944.00, 43758, -439062, 793 
1720534283965.00, 43664, -438125, 782 
1720534283987.00, 43452, -437171, 779 
1720534284009.00, 43733, -436227, 770 
1720534284031.00, 43716, -435283, 766 
1720534284053.00, 43541, -434341, 754 
1720534284074.00, 43770, -433387, 747 
1720534284096.00, 43591, -432444, 739 
1720534284117.00, 24714, -431509, 727 
1720534284139.00, 13876, -430943, 714 
1720534284160.00, 7182, -430634, 739 
1720534284181.00, 3220, -430474, 723 
1720534284204.00, 703, -430405, 688 
1720534284224.00, -57, -430393, 613 
1720534284246.00, -996, -430398, 494 
1720534284268.00, -1664, -430417, 373 
1720534284289.00, -2123, -430458, 258 
1720534284310.00, -2363, -430507, 159 
1720534284332.00, -2526, -430563, 76 
1720534284353.00, -2474, -430631, -3 
1720534284375.00, -2296, -430693, -73 
1720534284396.00, -6668, -430748, -133 
1720534284418.00, -12810, -430890, -183 
1720534284440.00, -19814, -431168, -227 
1720534284461.00, -26459, -431587, -261 
1720534284483.00, -32082, -432148, -288 
1720534284503.00, -37251, -432832, -308 
1720534284526.00, -41176, -433632, -330 
1720534284550.00, -44094, -434532, -318 
1720534284569.00, -43860, -435483, -405 
1720534284591.00, -43568, -436425, -364 
1720534284613.00, -43714, -437370, -376 
1720534284634.00, -43643, -438329, -387 
1720534284656.00, -43547, -439267, -394 
1720534284678.00, -43646, -440211, -404 
1720534284699.00, -43743, -441168, -414 
1720534284721.00, -43686, -442110, -419 
1720534284742.00, -43545, -443052, -417 
1720534284763.00, -43725, -444002, -426 
1720534284785.00, -43824, -444956, -423 
1720534284807.00, -43531, -445892, -423 
1720534284829.00, -43966, -446837, -426 
1720534284850.00, -43787, -447791, -429 
1720534284872.00, -43591, -448733, -434 
1720534284893.00, -43734, -449672, -431 
1720534284915.00, -43760, -450624, -431 
1720534284937.00, -43636, -451583, -445 
1720534284959.00, -43798, -452520, -447 
1720534284987.00, -43773, -453466, -451 
1720534285002.00, -43671, -454424, -459 
1720534285023.00, -43546, -455364, -470 
1720534285045.00, -43773, -456306, -464 
1720534285067.00, -43754, -457257, -467 
1720534285093.00, -43549, -458207, -479 
1720534285110.00, -43826, -459145, -484 
1720534285132.00, -43693, -460094, -492 
1720534285154.00, -43589, -461052, -488 
1720534285175.00, -43738, -461988, -519 
1720534285196.00, -43766, -462932, -529 
1720534285219.00, -43680, -463886, -532 
1720534285240.00, -43528, -464831, -518 
1720534285261.00, -43713, -465768, -515 
1720534285283.00, -43661, -466719, -538 
1720534285305.00, -43522, -467675, -535 
1720534285327.00, -43660, -468615, -539 
1720534285348.00, -43568, -469558, -539 
1720534285369.00, -43478, -470513, -560 
1720534285391.00, -43672, -471459, -569 
1720534285413.00, -43701, -472394, -569 
1720534285435.00, -43655, -473343, -583 
1720534285456.00, -43714, -474296, -593 
1720534285478.00, -43700, -475235, -598 
1720534285499.00, -43398, -476180, -591 
1720534285527.00, -43557, -477136, -570 
1720534285543.00, -43784, -478077, -560 
1720534285564.00, -43583, -479012, -549 
1720534285586.00, -43700, -479962, -551 
1720534285607.00, -43777, -480915, -554 
1720534285629.00, -43607, -481851, -559 
1720534285650.00, -43577, -482797, -562 
1720534285672.00, -43713, -483757, -566 
1720534285694.00, -43722, -484704, -589 
1720534285716.00, -43572, -485642, -586 
1720534285737.00, -43681, -486594, -586 
1720534285759.00, -43563, -487543, -576 
1720534285780.00, -43566, -488479, -581 
1720534285802.00, -43795, -489423, -566 
1720534285824.00, -43642, -490377, -551 
1720534285846.00, -43516, -491316, -542 
1720534285867.00, -43638, -492260, -541 
1720534285889.00, -43754, -493212, -543 
1720534285911.00, -43598, -494161, -545 
1720534285932.00, -43602, -495094, -539 
1720534285954.00, -43658, -496041, -537 
1720534285976.00, -43638, -496997, -527 
1720534285997.00, -43639, -497934, -534 
1720534286019.00, -43770, -498874, -531 
1720534286040.00, -43534, -499833, -524 
1720534286062.00, -43566, -500779, -518 
1720534286084.00, -43645, -501718, -511 
1720534286105.00, -43557, -502664, -500 
1720534286129.00, -43564, -503620, -505 
1720534286149.00, -43694, -504555, -508 
1720534286170.00, -43723, -505498, -504 
1720534286192.00, -43671, -506450, -499 
1720534286213.00, -43821, -507397, -500 
1720534286235.00, -43656, -508339, -492 
1720534286256.00, -43535, -509288, -483 
1720534286279.00, -43720, -510244, -473 
1720534286300.00, -43848, -511176, -470 
1720534286322.00, -43487, -512124, -474 
1720534286343.00, -43721, -513075, -472 
1720534286365.00, -43741, -514014, -464 
1720534286386.00, -43664, -514951, -449 
1720534286408.00, -43791, -515905, -460 
1720534286429.00, -43719, -516863, -457 
1720534286451.00, -43465, -517799, -439 
1720534286473.00, -43679, -518746, -445 
1720534286494.00, -43765, -519702, -447 
1720534286517.00, -43619, -520637, -447 
1720534286538.00, -43577, -521577, -443 
1720534286559.00, -43671, -522532, -441 
1720534286582.00, -43458, -523482, -441 
1720534286603.00, -43373, -524417, -420 
1720534286625.00, -43588, -525364, -424 
1720534286647.00, -43593, -526316, -426 
1720534286668.00, -43615, -527252, -416 
1720534286690.00, -43737, -528191, -407 
1720534286711.00, -43695, -529146, -417 
1720534286733.00, -43618, -530095, -417 
1720534286754.00, -43883, -531029, -413 
1720534286776.00, -43736, -531976, -412 
1720534286798.00, -43544, -532938, -412 
1720534286819.00, -43700, -533874, -411 
1720534286841.00, -43780, -534819, -407 
1720534286862.00, -43582, -535774, -413 
1720534286884.00, -43785, -536724, -420 
1720534286906.00, -43694, -537658, -402 
1720534286927.00, -43761, -538604, -394 
1720534286949.00, -43589, -539556, -403 
1720534286971.00, -43660, -540498, -412 
1720534286992.00, -43704, -541443, -409 
1720534287014.00, -43650, -542397, -403 
1720534287036.00, -43707, -543344, -409 
1720534287066.00, -43750, -544283, -413 
1720534287079.00, -43418, -545231, -408 
1720534287101.00, -43624, -546180, -397 
1720534287122.00, -43681, -547113, -396 
1720534287144.00, -43624, -548059, -396 
1720534287166.00, -43667, -549015, -384 
1720534287188.00, -43720, -549958, -391 
1720534287209.00, -43572, -550898, -391 
1720534287230.00, -43723, -551852, -388 
1720534287252.00, -43804, -552802, -398 
1720534287274.00, -43563, -553736, -396 
1720534287296.00, -43730, -554684, -400 
1720534287317.00, -43689, -555638, -409 
1720534287339.00, -43555, -556578, -414 
1720534287360.00, -43594, -557522, -410 
1720534287382.00, -43730, -558470, -413 
1720534287404.00, -43718, -559419, -417 
1720534287425.00, -43918, -560358, -411 
1720534287447.00, -43783, -561305, -417 
1720534287468.00, -43653, -562257, -423 
1720534287494.00, -43604, -563196, -431 
1720534287512.00, -43785, -564138, -421 
1720534287533.00, -43649, -565093, -428 
1720534287555.00, -43492, -566043, -438 
1720534287576.00, -43677, -566981, -432 
1720534287598.00, -43627, -567930, -432 
1720534287620.00, -43448, -568879, -440 
1720534287642.00, -43615, -569818, -421 
1720534287663.00, -43735, -570754, -419 
1720534287684.00, -43658, -571705, -440 
1720534287706.00, -43717, -572653, -440 
1720534287728.00, -43584, -573591, -420 
1720534287750.00, -43489, -574547, -416 
1720534287771.00, -43615, -575498, -432 
1720534287793.00, -43742, -576434, -434 
1720534287815.00, -43565, -577372, -415 
1720534287839.00, -43743, -578324, -424 
1720534287857.00, -43696, -579268, -428 
1720534287879.00, -43611, -580207, -414 
1720534287901.00, -43687, -581159, -418 
1720534287922.00, -43847, -582111, -429 
1720534287945.00, -43562, -583052, -424 
1720534287966.00, -43533, -583994, -424 
1720534287988.00, -43725, -584945, -431 
1720534288009.00, -43716, -585888, -436 
1720534288030.00, -43763, -586830, -433 
1720534288053.00, -43811, -587781, -434 
1720534288074.00, -43600, -588730, -453 
1720534288096.00, -43638, -589671, -465 
1720534288118.00, -43706, -590613, -451 
1720534288139.00, -43556, -591565, -464 
1720534288161.00, -43429, -592511, -466 
1720534288182.00, -43659, -593450, -466 
1720534288204.00, -24936, -594391, -474 
1720534288226.00, -13359, -594959, -485 
1720534288247.00, -6750, -595267, -465 
1720534288269.00, -2704, -595422, -466 
1720534288290.00, -436, -595484, -437 
1720534288312.00, 86, -595496, -411 
1720534288333.00, 846, -595496, -383 
1720534288355.00, 1477, -595482, -356 
1720534288376.00, 1793, -595450, -292 
1720534288398.00, 1906, -595409, -240 
1720534288419.00, 2051, -595363, -221 
1720534288441.00, 2183, -595318, -195 
1720534288463.00, 2111, -595271, -161 
1720534288484.00, 2019, -595221, -137 
1720534288506.00, 1971, -595177, -133 
1720534288528.00, 2027, -595133, -122 
1720534288550.00, 1969, -595089, -102 
1720534288571.00, 1828, -595045, -86 
1720534288647.00, 1780, -595004, -91 
1720534288648.00, 1790, -594964, -79 
1720534288648.00, 1747, -594925, -65 
1720534288656.00, 1709, -594885, -63 
1720534288679.00, -13, -594847, -166 
1720534288700.00, 0, -594840, -152 
1720534288721.00, 0, -594840, -145 
1720534288742.00, -10, -594840, -140 
1720534288763.00, 0, -594839, -144 
1720534288784.00, 42, -594840, -134 
1720534288805.00, -50, -594839, -123 
1720534288827.00, 0, -594839, -119 
1720534288848.00, 0, -594838, -110 
1720534288869.00, 0, -594837, -96 
1720534288890.00, 0, -594838, -100 
1720534288911.00, 0, -594838, -101 
1720534288932.00, 0, -594836, -87 
1720534288953.00, 0, -594836, -76 
1720534288974.00, 0, -594835, -65 
1720534288995.00, 0, -594834, -67 
1720534289016.00, 0, -594836, -68 
1720534289037.00, 0, -594835, -66 
1720534289058.00, 0, -594834, -55 
1720534289079.00, 0, -594834, -45 
1720534289101.00, 0, -594833, -34 
1720534289122.00, 0, -594832, -19 
1720534289143.00, 0, -594830, 0 
1720534289163.00, 0, -594827, 24 
1720534289184.00, 0, -594826, 37 
1720534289206.00, 0, -594827, 31 
1720534289226.00, 0, -594826, 27 
1720534289254.00, -61, -594827, 25 
1720534289268.00, 0, -594827, 22 
1720534289288.00, 0, -594826, 23 
1720534289310.00, 0, -594827, 30 
1720534289331.00, -17, -594825, 42 
1720534289352.00, 0, -594825, 40 
1720534289373.00, 4, -594825, 43 
1720534289394.00, -5, -594825, 49 
1720534289415.00, 15, -594824, 47 
1720534289436.00, -15, -594824, 50 
1720534289457.00, 0, -594825, 48 
1720534289478.00, 0, -594824, 42 
1720534289498.00, 0, -594826, 29 
1720534289519.00, 0, -594827, -3 
1720534289557.00, 0, -594833, -56 
1720534289561.00, 0, -594833, -79 
1720534289582.00, -45, -594833, -85 
1720534289604.00, 0, -594833, -76 
1720534289625.00, 0, -594833, -79 
1720534289646.00, 0, -594835, -85 
1720534289667.00, 0, -594833, -79 
1720534289689.00, -20, -594833, -77 
1720534289709.00, 0, -594834, -85 
1720534289730.00, 0, -594834, -79 
1720534289751.00, -69, -594833, -77 
1720534289771.00, 0, -594834, -84 
1720534289793.00, 0, -594834, -79 
1720534289814.00, -46, -594834, -78 
1720534289835.00, 0, -594833, -82 
1720534289857.00, 0, -594834, -81 
1720534289878.00, 0, -594833, -79 
1720534289899.00, 0, -594834, -81 
1720534289920.00, 0, -594834, -81 
1720534289940.00, 0, -594834, -78 
1720534289962.00, 0, -594834, -81 
1720534289982.00, 0, -594833, -81 
1720534290004.00, 44, -594834, -78 
1720534290025.00, -17, -594834, -81 
1720534290046.00, 0, -594835, -80 
1720534290067.00, 1, -594834, -79 
1720534290088.00, 35, -594833, -80 
1720534290109.00, 0, -594834, -81 
1720534290130.00, 0, -594834, -80 
1720534290152.00, -3, -594834, -80 
1720534290172.00, 11, -594833, -80 
1720534290194.00, 40, -594835, -80 
1720534290214.00, 0, -594833, -80 
1720534290235.00, 0, -594835, -80 
1720534290257.00, 0, -594834, -80 
1720534290278.00, 0, -594835, -80 
1720534290299.00, 0, -594833, -80 
1720534290320.00, 0, -594834, -80 
1720534290341.00, 0, -594834, -80 
1720534290362.00, 0, -594833, -80 
1720534290383.00, 0, -594835, -80 
1720534290404.00, 0, -594834, -80 
1720534290425.00, 0, -594835, -80 
1720534290446.00, 0, -594834, -80 
1720534290467.00, 0, -594833, -80 
1720534290488.00, 30, -594834, -80 
1720534290509.00, 1, -594833, -80 
1720534290531.00, 0, -594833, -80 
1720534290552.00, 0, -594834, -80 
1720534290573.00, 0, -594833, -80 
1720534290594.00, 0, -594834, -80 
1720534290615.00, 0, -594834, -80 
1720534290636.00, 0, -594834, -80 
1720534290657.00, 0, -594834, -80 
1720534290677.00, 0, -594835, -80 
1720534290699.00, 0, -594833, -80 
1720534290719.00, 0, -594834, -80 
1720534290741.00, 1, -594834, -80 
1720534290762.00, 0, -594833, -80 
1720534290783.00, 0, -594834, -80 
1720534290804.00, 0, -594834, -80 
1720534290825.00, 0, -594835, -80 
1720534290846.00, 38, -594835, -80 
1720534290868.00, -55, -594833, -80 
1720534290889.00, -56, -594834, -80 
1720534290910.00, 0, -594834, -80 
1720534290930.00, 0, -594833, -80 
1720534290952.00, 0, -594834, -80 
1720534290973.00, 0, -594834, -80 
1720534290993.00, 10, -594834, -80 
1720534291014.00, 0, -594835, -80 
1720534291036.00, 3, -594835, -80 
1720534291057.00, 0, -594834, -80 
1720534291078.00, 0, -594834, -80 
1720534291099.00, 0, -594834, -80 
1720534291120.00, 0, -594834, -80 
1720534291141.00, 0, -594834, -80 
1720534291162.00, 0, -594834, -80 
1720534291183.00, 0, -594834, -80 
1720534291204.00, 0, -594834, -80 
1720534291225.00, 6, -594834, -80 
1720534291246.00, 0, -594834, -80 
1720534291267.00, -13, -594833, -80 
1720534291288.00, -1, -594835, -80 
1720534291309.00, -70, -594834, -80 
1720534291330.00, 0, -594835, -80 
1720534291352.00, 1, -594834, -80 
1720534291372.00, 0, -594834, -80 
1720534291394.00, 0, -594833, -80 
1720534291415.00, 17, -594834, -80 
1720534291436.00, -19, -594834, -80 
1720534291457.00, 0, -594835, -80 
1720534291478.00, 0, -594834, -80 
1720534291499.00, 0, -594834, -80 
1720534291520.00, -7, -594835, -80 
1720534291541.00, 0, -594834, -80 
1720534291562.00, 0, -594833, -80 
