1721292093663.00, 417, -593586, -517 
1721292093684.00, 438, -593580, -525 
1721292093706.00, 463, -593570, -530 
1721292093727.00, 535, -593561, -533 
1721292093750.00, 600, -593549, -526 
1721292093770.00, 611, -593536, -519 
1721292093791.00, 571, -593523, -518 
1721292093814.00, 520, -593511, -521 
1721292093835.00, 494, -593500, -529 
1721292093860.00, 463, -593490, -539 
1721292093878.00, 379, -593481, -546 
1721292093900.00, 329, -593474, -568 
1721292093921.00, 315, -593469, -592 
1721292093942.00, 306, -593462, -605 
1721292093969.00, 300, -593457, -622 
1721292093986.00, 358, -593451, -634 
1721292094007.00, 431, -593442, -630 
1721292094029.00, 430, -593434, -618 
1721292094050.00, 466, -593424, -608 
1721292094072.00, 472, -593413, -595 
1721292094094.00, 515, -593402, -575 
1721292094115.00, 476, -593390, -550 
1721292094136.00, 483, -593379, -532 
1721292094158.00, 479, -593368, -509 
1721292094180.00, 496, -593355, -487 
1721292094201.00, 494, -593345, -464 
1721292094223.00, 493, -593332, -436 
1721292094244.00, 464, -593321, -412 
1721292094266.00, 384, -593309, -392 
1721292094288.00, 368, -593300, -388 
1721292094309.00, 314, -593293, -388 
1721292094330.00, 280, -593287, -392 
1721292094352.00, 218, -593282, -401 
1721292094374.00, 154, -593277, -411 
1721292094395.00, 148, -593274, -431 
1721292094416.00, 156, -593271, -434 
1721292094438.00, 169, -593269, -442 
1721292094460.00, 186, -593265, -443 
1721292094481.00, 185, -593262, -447 
1721292094503.00, 187, -593258, -452 
1721292094524.00, 164, -593252, -442 
1721292094546.00, 163, -593248, -452 
1721292094567.00, 81, -593245, -447 
1721292094588.00, 57, -593245, -505 
1721292094610.00, 211, -593242, -509 
1721292094632.00, 176, -593235, -431 
1721292094653.00, 241, -593232, -447 
1721292094675.00, 185, -593226, -427 
1721292094696.00, 180, -593224, -450 
1721292094718.00, 142, -593219, -441 
1721292094740.00, 154, -593217, -447 
1721292094761.00, 163, -593214, -440 
1721292094783.00, 158, -593210, -440 
1721292094804.00, 150, -593208, -439 
1721292094826.00, 308, -593204, -442 
1721292094847.00, 388, -593199, -414 
1721292094869.00, 321, -593191, -403 
1721292094890.00, 200, -593184, -407 
1721292094912.00, 132, -593180, -422 
1721292094934.00, 104, -593177, -421 
1721292094954.00, 90, -593175, -421 
1721292094976.00, 75, -593173, -423 
1721292094998.00, 74, -593172, -427 
1721292095019.00, 83, -593171, -430 
1721292095040.00, 73, -593170, -430 
1721292095062.00, 87, -593166, -425 
1721292095083.00, 73, -593166, -425 
1721292095105.00, 77, -593164, -433 
1721292095127.00, 91, -593163, -431 
1721292095148.00, 98, -593161, -428 
1721292095169.00, 104, -593159, -425 
1721292095191.00, 81, -593156, -421 
1721292095212.00, 92, -593155, -426 
1721292095234.00, 84, -593151, -416 
1721292095255.00, 66, -593151, -416 
1721292095280.00, 78, -593149, -415 
1721292095298.00, 90, -593147, -404 
1721292095320.00, 120, -593144, -400 
1721292095342.00, 115, -593141, -391 
1721292095362.00, 110, -593139, -384 
1721292095385.00, 100, -593136, -380 
1721292095406.00, 65, -593134, -376 
1721292095428.00, 48, -593133, -384 
1721292095448.00, 61, -593132, -382 
1721292095471.00, 63, -593130, -381 
1721292095491.00, 62, -593129, -382 
1721292095513.00, 69, -593128, -380 
1721292095535.00, 41, -593127, -377 
1721292095556.00, 19, -593125, -380 
1721292095578.00, -5, -593125, -390 
1721292095599.00, 0, -593124, -391 
1721292095620.00, 5, -593125, -398 
1721292095642.00, 0, -593124, -405 
1721292095663.00, 0, -593125, -412 
1721292095683.00, 16, -593124, -414 
1721292095706.00, 0, -593124, -423 
1721292095727.00, 0, -593125, -428 
1721292095749.00, 0, -593124, -431 
1721292095771.00, 0, -593125, -430 
1721292095792.00, 0, -593125, -428 
1721292095813.00, 10, -593125, -430 
1721292095834.00, 0, -593125, -434 
1721292095855.00, 0, -593125, -440 
1721292095876.00, 0, -593125, -445 
1721292095898.00, 1, -593125, -442 
1721292095919.00, -13, -593125, -434 
1721292095941.00, 0, -593124, -429 
1721292095962.00, 0, -593124, -432 
1721292095983.00, 0, -593125, -438 
1721292096004.00, 0, -593124, -439 
1721292096026.00, 0, -593126, -441 
1721292096050.00, 0, -593125, -436 
1721292096068.00, 0, -593123, -431 
1721292096090.00, 0, -593124, -426 
1721292096111.00, 0, -593125, -429 
1721292096132.00, 0, -593123, -426 
1721292096155.00, 0, -593125, -420 
1721292096175.00, 0, -593124, -411 
1721292096196.00, 46, -593124, -404 
1721292096217.00, 0, -593124, -400 
1721292096239.00, 1, -593122, -394 
1721292096263.00, -62, -593123, -392 
1721292096282.00, 0, -593123, -389 
1721292096303.00, 0, -593123, -389 
1721292096324.00, 0, -593122, -389 
1721292096346.00, 7, -593122, -393 
1721292096367.00, -2, -593123, -396 
1721292096388.00, 0, -593122, -393 
1721292096410.00, 0, -593121, -387 
1721292096431.00, 0, -593121, -382 
1721292096452.00, 0, -593121, -381 
1721292096473.00, 0, -593120, -375 
1721292096494.00, 0, -593121, -374 
1721292096516.00, 0, -593121, -371 
1721292096537.00, 13, -593120, -369 
1721292096559.00, 0, -593120, -365 
1721292096580.00, 31, -593120, -362 
1721292096601.00, 0, -593119, -362 
1721292096623.00, 1, -593120, -362 
1721292096644.00, 0, -593120, -362 
1721292096665.00, 47, -593119, -363 
1721292096687.00, 1, -593120, -360 
1721292096708.00, 67, -593119, -356 
1721292096730.00, 0, -593118, -354 
1721292096751.00, 0, -593119, -352 
1721292096772.00, 42, -593118, -349 
1721292096793.00, -5, -593118, -345 
1721292096819.00, -3, -593118, -343 
1721292096836.00, 0, -593117, -345 
1721292096858.00, 0, -593118, -350 
1721292096879.00, 1, -593117, -352 
1721292096900.00, 63, -593117, -347 
1721292096922.00, 0, -593116, -344 
1721292096943.00, 1, -593117, -344 
1721292096964.00, 1, -593115, -342 
1721292096986.00, 39, -593116, -342 
1721292097007.00, 0, -593116, -342 
1721292097029.00, 0, -593115, -343 
1721292097050.00, -61, -593116, -343 
1721292097071.00, 0, -593115, -345 
1721292097093.00, 0, -593115, -345 
1721292097113.00, 70, -593117, -349 
1721292097135.00, 0, -593115, -353 
1721292097156.00, 0, -593116, -355 
1721292097177.00, 0, -593116, -360 
1721292097199.00, 0, -593116, -369 
1721292097220.00, 0, -593117, -376 
1721292097242.00, 0, -593117, -380 
1721292097263.00, 0, -593117, -381 
1721292097284.00, 0, -593116, -383 
1721292097305.00, 0, -593116, -382 
1721292097327.00, 0, -593116, -382 
1721292097348.00, 0, -593117, -384 
1721292097369.00, -71, -593117, -386 
1721292097391.00, 0, -593117, -388 
1721292097412.00, 0, -593116, -392 
1721292097433.00, 0, -593118, -398 
1721292097455.00, 0, -593117, -407 
1721292097476.00, 4, -593117, -417 
1721292097497.00, 0, -593117, -416 
1721292097518.00, -13, -593118, -417 
1721292097539.00, 0, -593118, -418 
1721292097561.00, 0, -593118, -431 
1721292097585.00, 0, -593119, -445 
1721292097604.00, 0, -593120, -465 
1721292097625.00, 67, -593120, -474 
1721292097646.00, 0, -593120, -468 
1721292097667.00, -62, -593120, -455 
1721292097690.00, 0, -593120, -461 
1721292097710.00, 0, -593120, -453 
1721292097731.00, 0, -593119, -446 
1721292097753.00, 0, -593119, -426 
1721292097774.00, 0, -593117, -399 
1721292097795.00, 0, -593116, -372 
1721292097817.00, 56, -593116, -365 
1721292097839.00, 0, -593117, -387 
1721292097860.00, 0, -593117, -398 
1721292097881.00, 0, -593117, -400 
1721292097906.00, -8, -593117, -411 
1721292097923.00, 16, -593119, -418 
1721292097945.00, 1, -593118, -422 
1721292097966.00, 0, -593119, -435 
1721292097988.00, 0, -593118, -443 
1721292098009.00, 0, -593118, -445 
1721292098030.00, 1, -593117, -408 
1721292098051.00, 0, -593117, -369 
1721292098073.00, 0, -593116, -370 
1721292098093.00, 0, -593115, -362 
1721292098115.00, 68, -593113, -329 
1721292098137.00, 57, -593113, -305 
1721292098158.00, 0, -593112, -308 
1721292098180.00, 0, -593112, -313 
1721292098200.00, 7, -593112, -301 
1721292098222.00, 25, -593110, -276 
1721292098244.00, 46, -593109, -275 
1721292098265.00, 66, -593108, -262 
1721292098287.00, 28, -593108, -267 
1721292098308.00, 67, -593108, -282 
1721292098329.00, 26, -593106, -284 
1721292098351.00, -6, -593106, -285 
1721292098373.00, 3, -593106, -294 
1721292098394.00, -4, -593106, -291 
1721292098415.00, 0, -593106, -308 
1721292098436.00, 33, -593106, -314 
1721292098457.00, 0, -593106, -318 
1721292098479.00, 0, -593107, -336 
1721292098500.00, 0, -593107, -343 
1721292098522.00, -68, -593108, -353 
1721292098542.00, 0, -593108, -354 
1721292098564.00, 0, -593106, -357 
1721292098585.00, 4, -593108, -365 
1721292098606.00, 0, -593108, -367 
1721292098628.00, 0, -593108, -371 
1721292098649.00, -1, -593108, -381 
1721292098673.00, 0, -593108, -383 
1721292098692.00, 0, -593108, -376 
1721292098713.00, 0, -593109, -375 
1721292098735.00, 60, -593108, -373 
1721292098756.00, 0, -593109, -364 
1721292098777.00, 0, -593107, -365 
1721292098798.00, 0, -593108, -365 
1721292098820.00, 0, -593107, -367 
1721292098841.00, 0, -593108, -374 
1721292098862.00, 0, -593108, -382 
1721292098884.00, 0, -593108, -372 
1721292098905.00, -7, -593107, -366 
1721292098926.00, 7, -593107, -366 
1721292098948.00, 0, -593107, -374 
1721292098969.00, 0, -593108, -374 
1721292098990.00, 10, -593108, -358 
1721292099012.00, 9, -593107, -339 
1721292099033.00, 0, -593105, -322 
1721292099054.00, -3, -593105, -292 
1721292099076.00, 67, -593103, -263 
1721292099097.00, 166, -593101, -217 
1721292099119.00, 306, -593095, -158 
1721292099140.00, 309, -593084, -105 
1721292099162.00, 342, -593072, -33 
1721292099183.00, 274, -593058, 47 
1721292099204.00, 3068, -593046, 106 
1721292099226.00, 8066, -592979, 129 
1721292099248.00, 12403, -592807, 141 
1721292099270.00, 16071, -592541, 141 
1721292099291.00, 17875, -592198, 148 
1721292099313.00, 19508, -591809, 163 
1721292099334.00, 21170, -591389, 138 
1721292099356.00, 20793, -590922, 137 
1721292099377.00, 20356, -590464, 148 
1721292099399.00, 21010, -590014, 192 
1721292099421.00, 23876, -589554, 258 
1721292099443.00, 29761, -589042, 285 
1721292099464.00, 34637, -588401, 318 
1721292099486.00, 39521, -587641, 391 
1721292099508.00, 42446, -586787, 442 
1721292099529.00, 43793, -585875, 489 
1721292099554.00, 43785, -584928, 535 
1721292099572.00, 43680, -583974, 523 
1721292099593.00, 43629, -583020, 662 
1721292099616.00, 43554, -582081, 614 
1721292099637.00, 43737, -581128, 654 
1721292099661.00, 43770, -580176, 694 
1721292099681.00, 43639, -579232, 714 
1721292099702.00, 43533, -578286, 736 
1721292099724.00, 43782, -577333, 766 
1721292099745.00, 43747, -576389, 818 
1721292099772.00, 43602, -575451, 834 
1721292099789.00, 43666, -574497, 820 
1721292099810.00, 43770, -573547, 852 
1721292099832.00, 43736, -572602, 877 
1721292099853.00, 43592, -571656, 863 
1721292099876.00, 43745, -570704, 861 
1721292099896.00, 43748, -569765, 889 
1721292099918.00, 43780, -568821, 891 
1721292099940.00, 43805, -567871, 896 
1721292099961.00, 43615, -566917, 931 
1721292099985.00, 43395, -565977, 965 
1721292100004.00, 43559, -565026, 971 
1721292100026.00, 43744, -564075, 991 
1721292100048.00, 43549, -563132, 1000 
1721292100070.00, 43604, -562189, 1009 
1721292100092.00, 43766, -561234, 1017 
1721292100114.00, 43643, -560284, 1027 
1721292100135.00, 43681, -559342, 1053 
1721292100157.00, 43957, -558388, 1068 
1721292100179.00, 43730, -557432, 1075 
1721292100201.00, 43734, -556482, 1091 
1721292100222.00, 43520, -555538, 1107 
1721292100244.00, 43472, -554583, 1100 
1721292100266.00, 43740, -553632, 1108 
1721292100287.00, 43878, -552695, 1110 
1721292100309.00, 43708, -551735, 1148 
1721292100331.00, 43561, -550782, 1156 
1721292100351.00, 43551, -549835, 1149 
1721292100374.00, 43636, -548891, 1152 
1721292100396.00, 43667, -547933, 1168 
1721292100417.00, 43699, -546979, 1209 
1721292100439.00, 43739, -546037, 1210 
1721292100461.00, 43770, -545082, 1203 
1721292100483.00, 43573, -544129, 1209 
1721292100505.00, 43416, -543183, 1229 
1721292100527.00, 43853, -542238, 1220 
1721292100547.00, 43733, -541282, 1240 
1721292100570.00, 43734, -540331, 1242 
1721292100592.00, 43515, -539382, 1287 
1721292100613.00, 43507, -538430, 1303 
1721292100636.00, 43832, -537477, 1336 
1721292100657.00, 43743, -536534, 1379 
1721292100678.00, 43621, -535581, 1387 
1721292100700.00, 43579, -534628, 1423 
1721292100722.00, 43592, -533671, 1445 
1721292100744.00, 43836, -532727, 1456 
1721292100765.00, 43649, -531769, 1491 
1721292100787.00, 43678, -530813, 1510 
1721292100809.00, 43534, -529870, 1530 
1721292100831.00, 43581, -528918, 1544 
1721292100852.00, 43479, -527968, 1554 
1721292100875.00, 43661, -527020, 1585 
1721292100895.00, 43708, -526077, 1588 
1721292100917.00, 43687, -525119, 1617 
1721292100939.00, 43762, -524164, 1624 
1721292100961.00, 43647, -523220, 1648 
1721292100983.00, 43530, -522266, 1649 
1721292101004.00, 43659, -521310, 1664 
1721292101026.00, 43846, -520364, 1689 
1721292101047.00, 43776, -519417, 1688 
1721292101069.00, 43539, -518462, 1714 
1721292101091.00, 43758, -517505, 1737 
1721292101113.00, 43849, -516567, 1751 
1721292101135.00, 43774, -515603, 1780 
1721292101156.00, 43687, -514646, 1798 
1721292101177.00, 43553, -513702, 1818 
1721292101200.00, 43689, -512752, 1831 
1721292101222.00, 43706, -511799, 1866 
1721292101243.00, 43744, -510845, 1880 
1721292101265.00, 43725, -509905, 1914 
1721292101287.00, 43668, -508943, 1934 
1721292101308.00, 43785, -507987, 1976 
1721292101330.00, 43712, -507038, 2018 
1721292101352.00, 43685, -506089, 2019 
1721292101373.00, 43625, -505131, 2046 
1721292101395.00, 43849, -504181, 2059 
1721292101417.00, 43787, -503237, 2078 
1721292101439.00, 43642, -502282, 2073 
1721292101460.00, 43578, -501327, 2108 
1721292101482.00, 43594, -500379, 2119 
1721292101504.00, 43812, -499426, 2128 
1721292101525.00, 43692, -498471, 2154 
1721292101547.00, 43662, -497521, 2140 
1721292101569.00, 43595, -496575, 2176 
1721292101591.00, 43724, -495623, 2164 
1721292101612.00, 43714, -494666, 2193 
1721292101635.00, 43806, -493727, 2200 
1721292101656.00, 43582, -492772, 2223 
1721292101677.00, 43616, -491816, 2211 
1721292101700.00, 43695, -490865, 2215 
1721292101721.00, 43654, -489919, 2199 
1721292101743.00, 43463, -488965, 2212 
1721292101764.00, 43838, -488012, 2230 
1721292101787.00, 43854, -487078, 2216 
1721292101808.00, 43509, -486120, 2230 
1721292101830.00, 43531, -485165, 2242 
1721292101851.00, 43435, -484221, 2231 
1721292101873.00, 43642, -483274, 2225 
1721292101895.00, 43760, -482319, 2214 
1721292101916.00, 43460, -481365, 2210 
1721292101938.00, 43558, -480429, 2198 
1721292101960.00, 43670, -479475, 2188 
1721292101982.00, 43513, -478525, 2160 
1721292102004.00, 43380, -477581, 2166 
1721292102025.00, 43609, -476634, 2118 
1721292102047.00, 43565, -475683, 2096 
1721292102069.00, 43611, -474734, 2083 
1721292102090.00, 43461, -473792, 2050 
1721292102113.00, 43544, -472837, 2037 
1721292102134.00, 43773, -471888, 2029 
1721292102155.00, 43649, -470949, 2019 
1721292102177.00, 43454, -469995, 2025 
1721292102199.00, 43681, -469043, 2001 
1721292102221.00, 43647, -468090, 2022 
1721292102243.00, 43516, -467150, 2007 
1721292102264.00, 43635, -466188, 2015 
1721292102287.00, 43732, -465238, 2012 
1721292102307.00, 43642, -464294, 2006 
1721292102330.00, 43482, -463341, 1996 
1721292102351.00, 43760, -462389, 1987 
1721292102373.00, 43796, -461446, 1991 
1721292102395.00, 43693, -460504, 1938 
1721292102417.00, 43505, -459547, 1938 
1721292102438.00, 43661, -458595, 1915 
1721292102460.00, 43635, -457653, 1913 
1721292102482.00, 43531, -456703, 1858 
1721292102503.00, 43343, -455752, 1862 
1721292102525.00, 43493, -454812, 1815 
1721292102547.00, 43532, -453867, 1829 
1721292102568.00, 43495, -452920, 1784 
1721292102590.00, 43471, -451965, 1806 
1721292102612.00, 43610, -451030, 1769 
1721292102634.00, 43433, -450072, 1744 
1721292102655.00, 43557, -449122, 1721 
1721292102677.00, 43842, -448183, 1662 
1721292102698.00, 43553, -447237, 1587 
1721292102721.00, 43475, -446289, 1580 
1721292102742.00, 43414, -445343, 1532 
1721292102764.00, 43441, -444407, 1504 
1721292102786.00, 43538, -443459, 1402 
1721292102807.00, 43624, -442511, 1393 
1721292102829.00, 43633, -441567, 1364 
1721292102851.00, 43625, -440621, 1287 
1721292102873.00, 43445, -439670, 1283 
1721292102894.00, 43258, -438721, 1296 
1721292102916.00, 43517, -437779, 1273 
1721292102938.00, 43628, -436830, 1241 
1721292102959.00, 43689, -435884, 1222 
1721292102981.00, 43519, -434936, 1234 
1721292103003.00, 43578, -433986, 1178 
1721292103024.00, 43646, -433038, 1141 
1721292103046.00, 43638, -432092, 1106 
1721292103068.00, 24808, -431151, 1071 
1721292103089.00, 13808, -430583, 1064 
1721292103111.00, 6832, -430277, 1017 
1721292103133.00, 2819, -430120, 992 
1721292103155.00, 288, -430058, 914 
1721292103175.00, -199, -430054, 739 
1721292103197.00, -1158, -430065, 558 
1721292103218.00, -1821, -430088, 423 
1721292103239.00, -2183, -430130, 307 
1721292103266.00, -2270, -430183, 214 
1721292103283.00, -2273, -430236, 149 
1721292103304.00, -2356, -430289, 98 
1721292103326.00, -2274, -430339, 57 
1721292103348.00, -2145, -430392, 19 
1721292103369.00, -2046, -430453, -24 
1721292103390.00, -3563, -430501, -67 
1721292103412.00, -6768, -430579, -94 
1721292103433.00, -10604, -430723, -128 
1721292103454.00, -14876, -430946, -159 
1721292103476.00, -19165, -431268, -191 
1721292103498.00, -23537, -431679, -219 
1721292103519.00, -27658, -432184, -253 
1721292103541.00, -32283, -432776, -282 
1721292103563.00, -36627, -433474, -304 
1721292103584.00, -40378, -434273, -329 
1721292103606.00, -43272, -435151, -341 
1721292103627.00, -43781, -436080, -354 
1721292103650.00, -43774, -437028, -372 
1721292103671.00, -43869, -437987, -379 
1721292103693.00, -43662, -438927, -383 
1721292103714.00, -43585, -439871, -390 
1721292103736.00, -43626, -440823, -406 
1721292103758.00, -43775, -441775, -416 
1721292103779.00, -43665, -442711, -422 
1721292103800.00, -44081, -443663, -422 
1721292103822.00, -43557, -444632, -482 
1721292103844.00, -43704, -445562, -442 
1721292103866.00, -43714, -446507, -468 
1721292103887.00, -43719, -447458, -468 
1721292103908.00, -43738, -448407, -472 
1721292103930.00, -43590, -449340, -467 
1721292103952.00, -43754, -450295, -470 
1721292103974.00, -43690, -451254, -475 
1721292103996.00, -43479, -452193, -475 
1721292104018.00, -43695, -453139, -466 
1721292104039.00, -43813, -454092, -464 
1721292104060.00, -43618, -455033, -460 
1721292104082.00, -43675, -455968, -452 
1721292104104.00, -43657, -456921, -454 
1721292104126.00, -43755, -457876, -450 
1721292104157.00, -43590, -458814, -446 
1721292104169.00, -43895, -459758, -442 
1721292104191.00, -43619, -460715, -443 
1721292104212.00, -43646, -461658, -444 
1721292104234.00, -43611, -462594, -436 
1721292104255.00, -43749, -463546, -443 
1721292104277.00, -43573, -464500, -444 
1721292104298.00, -43748, -465432, -443 
1721292104320.00, -43677, -466382, -444 
1721292104342.00, -43699, -467342, -453 
1721292104364.00, -43530, -468285, -461 
1721292104386.00, -43625, -469228, -449 
1721292104407.00, -43686, -470182, -456 
1721292104428.00, -43616, -471131, -459 
1721292104450.00, -43666, -472063, -456 
1721292104472.00, -43706, -473012, -453 
1721292104493.00, -43514, -473966, -457 
1721292104515.00, -43682, -474904, -464 
1721292104537.00, -43792, -475847, -455 
1721292104557.00, -43764, -476805, -461 
1721292104580.00, -43602, -477756, -460 
1721292104602.00, -43648, -478692, -455 
1721292104624.00, -43509, -479639, -460 
1721292104645.00, -43544, -480590, -461 
1721292104667.00, -43670, -481524, -462 
1721292104689.00, -43599, -482464, -450 
1721292104710.00, -43522, -483426, -461 
1721292104732.00, -43636, -484375, -463 
1721292104753.00, -43535, -485312, -452 
1721292104775.00, -43557, -486262, -459 
1721292104799.00, -43746, -487212, -459 
1721292104818.00, -43775, -488146, -466 
1721292104840.00, -43458, -489093, -465 
1721292104861.00, -43602, -490049, -469 
1721292104883.00, -43794, -490989, -476 
1721292104908.00, -43526, -491931, -469 
1721292104926.00, -43663, -492884, -474 
1721292104948.00, -43806, -493836, -477 
1721292104970.00, -43570, -494771, -479 
1721292104991.00, -43659, -495715, -477 
1721292105015.00, -43707, -496670, -482 
1721292105034.00, -43632, -497613, -487 
1721292105056.00, -43751, -498548, -474 
1721292105078.00, -43870, -499504, -479 
1721292105099.00, -43374, -500459, -483 
1721292105124.00, -43497, -501396, -478 
1721292105143.00, -43594, -502343, -480 
1721292105164.00, -43441, -503295, -478 
1721292105186.00, -43582, -504234, -478 
1721292105208.00, -43823, -505169, -464 
1721292105230.00, -43601, -506121, -472 
1721292105251.00, -43714, -507072, -477 
1721292105273.00, -43642, -508005, -465 
1721292105294.00, -43625, -508958, -462 
1721292105315.00, -43723, -509916, -471 
1721292105337.00, -43867, -510853, -471 
1721292105359.00, -43614, -511795, -460 
1721292105380.00, -43376, -512746, -471 
1721292105402.00, -43544, -513691, -476 
1721292105424.00, -43592, -514625, -464 
1721292105445.00, -43584, -515577, -470 
1721292105467.00, -43707, -516533, -476 
1721292105488.00, -43597, -517470, -474 
1721292105510.00, -43654, -518417, -469 
1721292105532.00, -43694, -519373, -474 
1721292105554.00, -43602, -520314, -474 
1721292105576.00, -43431, -521251, -463 
1721292105597.00, -43708, -522203, -467 
1721292105618.00, -43664, -523155, -472 
1721292105640.00, -43645, -524092, -473 
1721292105662.00, -43647, -525037, -463 
1721292105683.00, -43653, -525992, -465 
1721292105705.00, -43515, -526936, -471 
1721292105726.00, -43941, -527873, -463 
1721292105748.00, -43669, -528824, -464 
1721292105770.00, -43590, -529774, -466 
1721292105795.00, -43478, -530707, -458 
1721292105813.00, -43716, -531655, -452 
1721292105835.00, -43700, -532606, -456 
1721292105857.00, -43703, -533553, -458 
1721292105878.00, -43658, -534496, -449 
1721292105900.00, -43696, -535448, -456 
1721292105922.00, -43432, -536399, -454 
1721292105943.00, -43563, -537334, -444 
1721292105965.00, -43757, -538277, -445 
1721292105986.00, -43736, -539230, -443 
1721292106008.00, -43667, -540167, -436 
1721292106029.00, -43629, -541110, -422 
1721292106051.00, -43549, -542066, -436 
1721292106073.00, -43610, -543017, -442 
1721292106094.00, -43783, -543955, -430 
1721292106116.00, -43642, -544899, -425 
1721292106138.00, -43703, -545854, -435 
1721292106160.00, -43700, -546791, -431 
1721292106181.00, -43646, -547736, -427 
1721292106202.00, -43659, -548691, -436 
1721292106224.00, -43875, -549643, -442 
1721292106246.00, -43493, -550580, -436 
1721292106268.00, -43633, -551525, -443 
1721292106289.00, -43704, -552479, -455 
1721292106310.00, -43500, -553418, -455 
1721292106338.00, -43547, -554362, -449 
1721292106354.00, -43832, -555310, -456 
1721292106376.00, -43692, -556256, -459 
1721292106397.00, -43543, -557196, -451 
1721292106419.00, -43608, -558145, -449 
1721292106440.00, -43631, -559097, -455 
1721292106462.00, -43556, -560033, -449 
1721292106484.00, -43820, -560975, -434 
1721292106505.00, -43783, -561930, -429 
1721292106527.00, -43589, -562872, -433 
1721292106549.00, -43672, -563808, -429 
1721292106570.00, -43702, -564756, -417 
1721292106592.00, -43710, -565709, -415 
1721292106614.00, -43753, -566647, -415 
1721292106636.00, -43857, -567597, -410 
1721292106659.00, -43617, -568552, -412 
1721292106678.00, -43639, -569494, -414 
1721292106700.00, -43777, -570431, -418 
1721292106722.00, -43771, -571383, -421 
1721292106744.00, -43733, -572334, -423 
1721292106770.00, -43931, -573273, -416 
1721292106787.00, -43631, -574223, -411 
1721292106808.00, -43584, -575176, -416 
1721292106830.00, -43653, -576118, -412 
1721292106851.00, -43881, -577054, -408 
1721292106873.00, -43641, -578005, -408 
1721292106895.00, -43738, -578952, -408 
1721292106917.00, -43701, -579887, -407 
1721292106937.00, -43531, -580840, -406 
1721292106959.00, -43591, -581794, -418 
1721292106981.00, -43750, -582737, -425 
1721292107003.00, -43688, -583680, -435 
1721292107024.00, -43720, -584631, -445 
1721292107046.00, -43748, -585580, -448 
1721292107068.00, -43439, -586518, -456 
1721292107092.00, -43493, -587468, -451 
1721292107111.00, -43700, -588411, -449 
1721292107133.00, -43695, -589352, -434 
1721292107155.00, -43624, -590294, -418 
1721292107176.00, -43681, -591246, -412 
1721292107202.00, -43607, -592189, -395 
1721292107219.00, -43486, -593129, -373 
1721292107241.00, -24737, -594070, -353 
1721292107263.00, -13414, -594634, -356 
1721292107284.00, -6821, -594940, -335 
1721292107307.00, -2926, -595092, -312 
1721292107327.00, -517, -595161, -323 
1721292107349.00, 83, -595179, -311 
1721292107370.00, 785, -595177, -273 
1721292107392.00, 1306, -595165, -248 
1721292107413.00, 1733, -595141, -254 
1721292107435.00, 2054, -595103, -229 
1721292107457.00, 2120, -595057, -185 
1721292107478.00, 2132, -595008, -169 
1721292107500.00, 2115, -594961, -168 
1721292107521.00, 2104, -594915, -155 
1721292107543.00, 2103, -594865, -127 
1721292107565.00, 2134, -594817, -88 
1721292107586.00, 2095, -594772, -66 
1721292107608.00, 2090, -594725, -51 
1721292107629.00, 1968, -594678, -8 
1721292107651.00, 1948, -594630, 47 
1721292107672.00, 4545, -594580, 116 
1721292107694.00, 10368, -594468, 182 
1721292107716.00, 18007, -594242, 260 
1721292107737.00, 26998, -593854, 345 
1721292107759.00, 35558, -593274, 413 
1721292107781.00, 40600, -592512, 495 
1721292107802.00, 43603, -591637, 568 
1721292107824.00, 43738, -590684, 643 
1721292107846.00, 43578, -589728, 733 
1721292107868.00, 43837, -588788, 771 
1721292107888.00, 43803, -587834, 840 
1721292107910.00, 43768, -586876, 896 
1721292107932.00, 43785, -585930, 936 
1721292107953.00, 43933, -584983, 983 
1721292107976.00, 43734, -584031, 1005 
1721292107997.00, 43388, -583080, 1026 
1721292108019.00, 43640, -582135, 1033 
1721292108041.00, 43941, -581178, 1037 
1721292108062.00, 43809, -580223, 1046 
1721292108084.00, 43508, -579277, 1053 
1721292108106.00, 43522, -578329, 1030 
1721292108127.00, 43706, -577376, 1021 
1721292108149.00, 43763, -576427, 1031 
1721292108171.00, 43840, -575482, 1055 
1721292108193.00, 43777, -574525, 1070 
1721292108214.00, 43618, -573569, 1084 
1721292108236.00, 43799, -572622, 1085 
1721292108258.00, 43787, -571673, 1091 
1721292108280.00, 43666, -570718, 1093 
1721292108304.00, 43773, -569768, 1123 
1721292108323.00, 43806, -568823, 1137 
1721292108345.00, 43734, -567869, 1152 
1721292108366.00, 43567, -566912, 1169 
1721292108388.00, 43537, -565969, 1174 
1721292108411.00, 43530, -565012, 1187 
1721292108431.00, 44017, -564057, 1199 
1721292108454.00, 43667, -563110, 1190 
1721292108475.00, 43648, -562165, 1212 
1721292108497.00, 43572, -561208, 1230 
1721292108524.00, 43629, -560256, 1232 
1721292108540.00, 43891, -559311, 1260 
1721292108562.00, 43862, -558357, 1265 
1721292108584.00, 43562, -557404, 1260 
1721292108605.00, 43637, -556456, 1263 
1721292108627.00, 43786, -555508, 1296 
1721292108649.00, 43761, -554551, 1305 
1721292108670.00, 43713, -553598, 1306 
1721292108692.00, 43682, -552661, 1295 
1721292108713.00, 43568, -551703, 1308 
1721292108737.00, 43613, -550752, 1298 
1721292108758.00, 43537, -549804, 1305 
1721292108778.00, 43465, -548855, 1340 
1721292108801.00, 43868, -547899, 1367 
1721292108823.00, 43740, -546947, 1384 
1721292108848.00, 43579, -546002, 1415 
1721292108866.00, 43602, -545048, 1403 
1721292108888.00, 43600, -544096, 1436 
1721292108909.00, 43795, -543150, 1447 
1721292108932.00, 43819, -542202, 1431 
1721292108954.00, 43610, -541246, 1421 
1721292108975.00, 43573, -540295, 1452 
1721292108997.00, 43657, -539350, 1461 
1721292109018.00, 43664, -538399, 1449 
1721292109040.00, 43651, -537442, 1469 
1721292109065.00, 43740, -536505, 1439 
1721292109083.00, 43703, -535550, 1474 
1721292109105.00, 43799, -534599, 1487 
1721292109127.00, 43611, -533644, 1516 
1721292109149.00, 43746, -532698, 1529 
1721292109170.00, 43798, -531741, 1510 
1721292109192.00, 43930, -530787, 1523 
1721292109214.00, 43767, -529845, 1518 
1721292109235.00, 43476, -528891, 1550 
1721292109257.00, 43486, -527939, 1527 
1721292109282.00, 43787, -526995, 1545 
1721292109301.00, 43681, -526055, 1522 
1721292109322.00, 43599, -525098, 1519 
1721292109344.00, 43507, -524147, 1519 
1721292109366.00, 43655, -523202, 1516 
1721292109392.00, 43670, -522252, 1491 
1721292109409.00, 43472, -521299, 1512 
1721292109431.00, 43650, -520356, 1496 
1721292109453.00, 43690, -519408, 1528 
1721292109475.00, 43594, -518455, 1516 
1721292109500.00, 43569, -517502, 1519 
1721292109518.00, 43509, -516560, 1497 
1721292109540.00, 43640, -515604, 1492 
1721292109561.00, 43840, -514649, 1493 
1721292109583.00, 43630, -513702, 1506 
1721292109605.00, 43521, -512757, 1493 
1721292109627.00, 43607, -511804, 1501 
1721292109648.00, 43721, -510855, 1520 
1721292109670.00, 43668, -509915, 1523 
1721292109691.00, 43582, -508952, 1534 
1721292109717.00, 43656, -508002, 1519 
1721292109735.00, 43812, -507054, 1556 
1721292109757.00, 43684, -506101, 1585 
1721292109779.00, 43520, -505143, 1609 
1721292109801.00, 43703, -504196, 1604 
1721292109823.00, 43839, -503252, 1615 
1721292109843.00, 43671, -502296, 1587 
1721292109865.00, 43598, -501339, 1642 
1721292109887.00, 43524, -500394, 1640 
1721292109909.00, 43714, -499444, 1637 
1721292109930.00, 43852, -498486, 1647 
1721292109953.00, 43775, -497539, 1652 
1721292109974.00, 43613, -496594, 1654 
1721292109996.00, 43762, -495639, 1649 
1721292110018.00, 43736, -494683, 1668 
1721292110039.00, 43777, -493744, 1700 
1721292110061.00, 43706, -492787, 1699 
1721292110082.00, 43594, -491829, 1720 
1721292110104.00, 43672, -490881, 1708 
1721292110126.00, 43638, -489936, 1679 
1721292110147.00, 43425, -488981, 1686 
1721292110169.00, 43794, -488028, 1681 
1721292110192.00, 43881, -487093, 1695 
1721292110213.00, 43631, -486137, 1669 
1721292110235.00, 43555, -485181, 1705 
1721292110257.00, 43402, -484235, 1689 
1721292110278.00, 43641, -483285, 1710 
1721292110300.00, 43844, -482330, 1718 
1721292110321.00, 43656, -481376, 1717 
1721292110343.00, 43507, -480435, 1726 
1721292110365.00, 43640, -479481, 1709 
1721292110387.00, 43601, -478533, 1703 
1721292110409.00, 43527, -477590, 1698 
1721292110430.00, 43605, -476639, 1699 
1721292110452.00, 43781, -475687, 1651 
1721292110473.00, 43755, -474735, 1693 
1721292110495.00, 43620, -473792, 1645 
1721292110517.00, 43384, -472834, 1689 
1721292110539.00, 43710, -471884, 1659 
1721292110561.00, 43768, -470945, 1668 
1721292110583.00, 43472, -469990, 1640 
1721292110605.00, 43508, -469039, 1652 
1721292110626.00, 43656, -468092, 1652 
1721292110648.00, 43599, -467144, 1673 
1721292110669.00, 43693, -466185, 1644 
1721292110691.00, 43639, -465234, 1644 
1721292110713.00, 43580, -464288, 1677 
1721292110735.00, 43623, -463335, 1647 
1721292110756.00, 43705, -462389, 1633 
1721292110778.00, 43629, -461446, 1593 
1721292110800.00, 43772, -460498, 1591 
1721292110822.00, 43803, -459545, 1575 
1721292110844.00, 43752, -458594, 1551 
1721292110865.00, 43414, -457655, 1472 
1721292110887.00, 43403, -456700, 1429 
1721292110909.00, 43479, -455755, 1399 
1721292110930.00, 43379, -454815, 1388 
1721292110952.00, 43709, -453869, 1383 
1721292110974.00, 43658, -452924, 1365 
1721292110995.00, 43669, -451970, 1327 
1721292111017.00, 43517, -451029, 1292 
1721292111039.00, 43515, -450067, 1314 
1721292111060.00, 43785, -449117, 1306 
1721292111082.00, 43752, -448176, 1292 
1721292111104.00, 43658, -447227, 1233 
1721292111126.00, 43652, -446279, 1230 
1721292111147.00, 43762, -445329, 1209 
1721292111169.00, 43671, -444387, 1245 
1721292111191.00, 43715, -443430, 1204 
1721292111212.00, 43725, -442478, 1221 
1721292111234.00, 43631, -441533, 1214 
1721292111256.00, 43655, -440583, 1198 
1721292111277.00, 43453, -439631, 1183 
1721292111300.00, 43428, -438682, 1187 
1721292111320.00, 43685, -437742, 1168 
1721292111343.00, 43713, -436787, 1154 
1721292111365.00, 43608, -435837, 1161 
1721292111386.00, 43568, -434892, 1152 
1721292111408.00, 43618, -433939, 1125 
1721292111430.00, 43684, -432986, 1142 
1721292111451.00, 43768, -432038, 1153 
1721292111473.00, 24902, -431097, 1127 
1721292111494.00, 13937, -430528, 1145 
1721292111517.00, 7150, -430218, 1165 
1721292111538.00, 3080, -430058, 1170 
1721292111560.00, 638, -429987, 1164 
1721292111582.00, -26, -429972, 1155 
1721292111603.00, -328, -429974, 1162 
1721292111624.00, -1046, -429978, 1116 
1721292111645.00, -1541, -429997, 1044 
1721292111667.00, -1790, -430030, 983 
1721292111688.00, -2216, -430069, 969 
1721292111710.00, -2474, -430119, 870 
1721292111732.00, -2589, -430177, 774 
1721292111753.00, -2582, -430239, 648 
1721292111774.00, -2625, -430297, 563 
1721292111796.00, -2582, -430358, 461 
1721292111817.00, -2493, -430419, 350 
1721292111839.00, -2489, -430479, 262 
1721292111860.00, -2398, -430535, 186 
1721292111882.00, -2252, -430591, 123 
1721292111906.00, -2086, -430647, 41 
1721292111924.00, -1914, -430707, -40 
1721292111946.00, -4142, -430756, -113 
1721292111968.00, -9902, -430852, -180 
1721292111989.00, -17568, -431066, -242 
1721292112010.00, -25540, -431446, -311 
1721292112032.00, -34555, -431994, -374 
1721292112054.00, -40120, -432725, -396 
1721292112075.00, -43102, -433592, -449 
1721292112097.00, -43811, -434534, -491 
1721292112119.00, -43618, -435484, -518 
1721292112140.00, -43817, -436426, -525 
1721292112162.00, -43844, -437380, -567 
1721292112183.00, -43615, -438336, -573 
1721292112205.00, -43769, -439271, -586 
1721292112227.00, -43825, -440221, -582 
1721292112249.00, -43764, -441174, -592 
1721292112270.00, -43495, -442117, -593 
1721292112292.00, -43765, -443056, -585 
1721292112314.00, -43731, -444013, -600 
1721292112336.00, -43514, -444964, -602 
1721292112357.00, -43708, -445899, -594 
1721292112378.00, -43798, -446847, -587 
1721292112400.00, -43597, -447799, -591 
1721292112422.00, -43786, -448739, -588 
1721292112444.00, -43626, -449677, -562 
1721292112465.00, -43538, -450634, -566 
1721292112487.00, -43692, -451586, -563 
1721292112509.00, -43769, -452524, -550 
1721292112530.00, -43626, -453470, -540 
1721292112552.00, -43458, -454423, -544 
1721292112574.00, -43728, -455360, -546 
1721292112595.00, -43654, -456302, -530 
1721292112617.00, -43639, -457257, -535 
1721292112638.00, -43703, -458205, -534 
1721292112660.00, -43717, -459143, -533 
1721292112681.00, -43566, -460092, -549 
1721292112703.00, -43757, -461052, -555 
1721292112725.00, -43676, -461985, -556 
1721292112746.00, -43459, -462927, -552 
1721292112768.00, -43563, -463884, -568 
1721292112789.00, -43622, -464825, -572 
1721292112812.00, -43658, -465762, -562 
1721292112833.00, -43547, -466713, -566 
1721292112854.00, -43624, -467666, -564 
1721292112876.00, -43511, -468604, -559 
1721292112898.00, -43825, -469550, -559 
1721292112919.00, -43735, -470502, -567 
1721292112941.00, -43631, -471446, -561 
1721292112963.00, -43556, -472380, -528 
1721292112985.00, -43731, -473332, -526 
1721292113006.00, -43620, -474281, -518 
1721292113028.00, -43561, -475216, -516 
1721292113049.00, -43608, -476164, -516 
1721292113071.00, -43532, -477122, -519 
1721292113092.00, -43448, -478063, -516 
1721292113114.00, -43565, -478999, -511 
1721292113136.00, -43531, -479948, -513 
1721292113157.00, -43736, -480898, -513 
1721292113179.00, -43739, -481826, -508 
1721292113200.00, -43576, -482778, -503 
1721292113222.00, -43550, -483736, -509 
1721292113243.00, -43678, -484678, -515 
1721292113266.00, -43606, -485618, -502 
1721292113287.00, -43492, -486572, -508 
1721292113308.00, -43595, -487520, -516 
1721292113337.00, -43641, -488452, -514 
1721292113356.00, -43757, -489398, -515 
1721292113374.00, -43723, -490354, -522 
1721292113395.00, -43812, -491294, -529 
1721292113416.00, -43474, -492242, -516 
1721292113442.00, -43739, -493195, -520 
1721292113461.00, -43794, -494144, -529 
1721292113481.00, -43447, -495076, -521 
1721292113503.00, -43619, -496024, -515 
1721292113525.00, -43704, -496980, -520 
1721292113548.00, -43532, -497912, -524 
1721292113569.00, -43665, -498856, -516 
1721292113590.00, -43722, -499815, -520 
1721292113612.00, -43603, -500761, -525 
1721292113633.00, -43664, -501700, -513 
1721292113657.00, -43778, -502650, -517 
1721292113677.00, -43614, -503606, -516 
1721292113698.00, -43708, -504542, -519 
1721292113719.00, -43738, -505485, -523 
1721292113741.00, -43750, -506439, -533 
1721292113767.00, -43776, -507384, -535 
1721292113785.00, -43676, -508325, -525 
1721292113807.00, -43768, -509280, -538 
1721292113828.00, -43643, -510236, -539 
1721292113850.00, -43796, -511168, -535 
1721292113877.00, -43672, -512116, -539 
1721292113893.00, -43575, -513065, -537 
1721292113915.00, -43584, -514006, -539 
1721292113937.00, -43764, -514947, -541 
1721292113958.00, -43621, -515901, -546 
1721292113982.00, -43586, -516857, -544 
1721292114001.00, -43681, -517795, -541 
1721292114023.00, -43706, -518743, -546 
1721292114045.00, -43563, -519697, -549 
1721292114066.00, -43588, -520634, -558 
1721292114088.00, -43620, -521575, -553 
1721292114110.00, -43574, -522528, -560 
1721292114131.00, -43603, -523479, -563 
1721292114152.00, -43693, -524416, -562 
1721292114175.00, -43494, -525364, -564 
1721292114196.00, -43725, -526319, -559 
1721292114217.00, -43724, -527254, -557 
1721292114239.00, -43456, -528199, -555 
1721292114261.00, -43550, -529152, -563 
1721292114282.00, -43712, -530095, -567 
1721292114304.00, -43564, -531031, -559 
1721292114326.00, -43682, -531978, -566 
1721292114347.00, -43770, -532937, -579 
1721292114369.00, -43622, -533877, -584 
1721292114391.00, -43709, -534820, -577 
1721292114413.00, -43846, -535779, -588 
1721292114434.00, -43617, -536726, -596 
1721292114456.00, -43540, -537663, -578 
1721292114477.00, -43706, -538607, -575 
1721292114499.00, -43630, -539556, -563 
1721292114521.00, -43621, -540492, -536 
1721292114542.00, -43743, -541435, -512 
1721292114564.00, -43751, -542395, -524 
1721292114585.00, -43543, -543336, -504 
1721292114607.00, -43712, -544275, -494 
1721292114629.00, -43674, -545223, -500 
1721292114650.00, -43512, -546174, -495 
1721292114672.00, -43555, -547112, -491 
1721292114693.00, -43699, -548059, -489 
1721292114716.00, -43501, -549013, -487 
1721292114737.00, -43642, -549954, -486 
1721292114758.00, -43639, -550893, -473 
1721292114780.00, -43570, -551845, -478 
1721292114802.00, -43648, -552796, -474 
1721292114824.00, -43777, -553727, -456 
1721292114845.00, -43564, -554673, -463 
1721292114866.00, -43673, -555629, -481 
1721292114888.00, -43702, -556569, -479 
1721292114910.00, -43650, -557511, -457 
1721292114931.00, -43620, -558463, -463 
1721292114953.00, -43910, -559412, -472 
1721292114975.00, -43842, -560350, -461 
1721292114997.00, -43455, -561296, -452 
1721292115019.00, -43554, -562249, -460 
1721292115040.00, -43632, -563184, -448 
1721292115061.00, -43641, -564122, -431 
1721292115083.00, -43780, -565074, -416 
1721292115105.00, -43666, -566023, -406 
1721292115126.00, -43497, -566962, -400 
1721292115156.00, -43553, -567915, -398 
1721292115170.00, -43579, -568861, -403 
1721292115191.00, -43529, -569802, -398 
1721292115213.00, -43802, -570739, -391 
1721292115234.00, -43764, -571689, -397 
1721292115256.00, -43488, -572635, -388 
1721292115278.00, -43539, -573578, -376 
1721292115300.00, -43718, -574527, -368 
1721292115321.00, -43548, -575477, -372 
1721292115343.00, -43834, -576415, -365 
1721292115365.00, -43804, -577355, -359 
1721292115386.00, -43588, -578305, -363 
1721292115408.00, -43555, -579252, -357 
1721292115429.00, -43667, -580192, -353 
1721292115451.00, -43625, -581142, -351 
1721292115473.00, -43735, -582090, -352 
1721292115494.00, -43748, -583035, -348 
1721292115517.00, -43610, -583977, -340 
1721292115538.00, -43491, -584929, -342 
1721292115560.00, -43637, -585871, -330 
1721292115581.00, -43770, -586808, -320 
1721292115603.00, -43652, -587761, -312 
1721292115624.00, -43795, -588707, -300 
1721292115646.00, -42874, -589645, -289 
1721292115668.00, -41522, -590577, -278 
1721292115689.00, -40363, -591487, -273 
1721292115710.00, -39156, -592363, -248 
1721292115732.00, -37145, -593212, -219 
1721292115754.00, -21047, -594015, -209 
1721292115775.00, -11291, -594494, -219 
1721292115797.00, -5568, -594749, -198 
1721292115818.00, -2236, -594875, -166 
1721292115856.00, -225, -594927, -169 
1721292115862.00, 109, -594936, -159 
1721292115883.00, 912, -594933, -120 
1721292115905.00, 1497, -594916, -53 
1721292115926.00, 1877, -594882, 12 
1721292115948.00, 2732, -594835, 58 
1721292115969.00, 6285, -594772, 109 
1721292115991.00, 11007, -594639, 155 
1721292116012.00, 16746, -594395, 195 
1721292116034.00, 22421, -594035, 236 
1721292116056.00, 28614, -593546, 287 
1721292116077.00, 35390, -592940, 329 
1721292116099.00, 40927, -592185, 382 
1721292116121.00, 43875, -591306, 434 
1721292116143.00, 43556, -590352, 493 
1721292116164.00, 43838, -589402, 551 
1721292116186.00, 43763, -588454, 593 
1721292116207.00, 43793, -587499, 685 
1721292116229.00, 43691, -586545, 715 
1721292116251.00, 43889, -585604, 780 
1721292116272.00, 43759, -584648, 841 
1721292116293.00, 43630, -583696, 899 
1721292116315.00, 43921, -582750, 962 
1721292116337.00, 43872, -581801, 996 
1721292116359.00, 43582, -580845, 1027 
1721292116381.00, 43535, -579890, 1048 
1721292116402.00, 43609, -578945, 1068 
1721292116424.00, 43693, -577994, 1063 
1721292116446.00, 43832, -577043, 1069 
1721292116467.00, 43581, -576099, 1094 
1721292116489.00, 43688, -575151, 1082 
1721292116510.00, 43765, -574193, 1077 
1721292116533.00, 43656, -573242, 1088 
1721292116554.00, 43761, -572296, 1093 
1721292116575.00, 43885, -571336, 1132 
1721292116597.00, 43745, -570384, 1165 
1721292116620.00, 43721, -569438, 1168 
1721292116641.00, 43516, -568491, 1178 
1721292116662.00, 43655, -567534, 1185 
1721292116685.00, 43858, -566581, 1216 
1721292116706.00, 44004, -565632, 1274 
1721292116728.00, 43663, -564673, 1312 
1721292116750.00, 43660, -563717, 1338 
1721292116772.00, 43555, -562770, 1376 
1721292116794.00, 43707, -561818, 1389 
1721292116815.00, 43981, -560865, 1448 
1721292116837.00, 43724, -559913, 1467 
1721292116858.00, 43604, -558970, 1490 
1721292116880.00, 43576, -558014, 1497 
1721292116902.00, 43724, -557065, 1489 
1721292116923.00, 43774, -556118, 1510 
1721292116945.00, 43881, -555166, 1503 
1721292116967.00, 43517, -554211, 1512 
1721292116989.00, 43816, -553262, 1522 
1721292117011.00, 43671, -552314, 1535 
1721292117032.00, 43673, -551361, 1536 
1721292117054.00, 43690, -550409, 1561 
1721292117076.00, 43561, -549462, 1573 
1721292117097.00, 43822, -548505, 1601 
1721292117119.00, 43839, -547548, 1639 
1721292117140.00, 43567, -546599, 1662 
1721292117166.00, 43815, -545652, 1684 
1721292117184.00, 43747, -544694, 1695 
1721292117206.00, 43928, -543742, 1720 
1721292117228.00, 43764, -542798, 1743 
1721292117249.00, 43555, -541844, 1761 
1721292117270.00, 43556, -540888, 1777 
1721292117293.00, 43954, -539935, 1794 
1721292117315.00, 43836, -538988, 1787 
1721292117336.00, 43631, -538037, 1808 
1721292117358.00, 43554, -537087, 1813 
1721292117380.00, 43667, -536142, 1838 
1721292117401.00, 43724, -535187, 1852 
1721292117423.00, 43748, -534230, 1876 
1721292117445.00, 43576, -533282, 1883 
1721292117466.00, 43507, -532332, 1908 
1721292117491.00, 43657, -531376, 1899 
1721292117510.00, 43701, -530424, 1918 
1721292117532.00, 43778, -529480, 1907 
1721292117553.00, 43581, -528530, 1885 
1721292117575.00, 43596, -527578, 1866 
1721292117600.00, 43817, -526636, 1856 
1721292117619.00, 43763, -525685, 1853 
1721292117641.00, 43423, -524730, 1857 
1721292117662.00, 43816, -523779, 1856 
1721292117683.00, 43941, -522836, 1846 
1721292117707.00, 43651, -521881, 1855 
1721292117727.00, 43629, -520926, 1842 
1721292117749.00, 43423, -519985, 1828 
1721292117771.00, 43678, -519039, 1802 
1721292117792.00, 43734, -518085, 1785 
1721292117815.00, 43680, -517135, 1786 
1721292117835.00, 43662, -516188, 1761 
1721292117858.00, 43606, -515229, 1779 
1721292117880.00, 43835, -514278, 1765 
1721292117901.00, 43691, -513337, 1755 
1721292117923.00, 43623, -512385, 1727 
1721292117945.00, 43733, -511434, 1721 
1721292117967.00, 43805, -510487, 1724 
1721292117988.00, 43685, -509539, 1714 
1721292118010.00, 43482, -508583, 1703 
1721292118033.00, 43400, -507629, 1711 
1721292118054.00, 43569, -506691, 1741 
1721292118075.00, 43718, -505741, 1680 
1721292118097.00, 43581, -504785, 1730 
1721292118119.00, 43602, -503839, 1730 
1721292118142.00, 43768, -502894, 1739 
1721292118162.00, 43625, -501939, 1735 
1721292118184.00, 43779, -500984, 1759 
1721292118206.00, 43724, -500038, 1778 
1721292118227.00, 43725, -499078, 1788 
1721292118249.00, 43843, -498124, 1784 
1721292118270.00, 43510, -497179, 1812 
1721292118292.00, 43541, -496228, 1810 
1721292118314.00, 43774, -495278, 1820 
1721292118336.00, 43760, -494331, 1807 
1721292118358.00, 43712, -493389, 1789 
1721292118379.00, 43522, -492432, 1777 
1721292118400.00, 43509, -491477, 1764 
1721292118423.00, 43589, -490536, 1744 
1721292118445.00, 43725, -489585, 1720 
1721292118466.00, 43524, -488631, 1759 
1721292118488.00, 43722, -487686, 1745 
1721292118509.00, 43708, -486741, 1754 
1721292118531.00, 43559, -485783, 1742 
1721292118553.00, 43561, -484833, 1745 
1721292118578.00, 43760, -483892, 1720 
1721292118596.00, 43592, -482936, 1704 
1721292118618.00, 43634, -481979, 1693 
1721292118639.00, 43479, -481038, 1671 
1721292118662.00, 43568, -480092, 1644 
1721292118685.00, 43699, -479142, 1637 
1721292118705.00, 43636, -478196, 1607 
1721292118727.00, 43432, -477254, 1569 
1721292118749.00, 43553, -476298, 1563 
1721292118771.00, 43645, -475349, 1534 
1721292118792.00, 43526, -474406, 1506 
1721292118814.00, 43597, -473456, 1489 
1721292118836.00, 43872, -472504, 1472 
1721292118857.00, 43804, -471556, 1487 
1721292118878.00, 43587, -470613, 1468 
1721292118900.00, 43306, -469655, 1473 
1721292118923.00, 43691, -468706, 1458 
1721292118944.00, 43750, -467764, 1462 
1721292118965.00, 43805, -466810, 1476 
1721292118987.00, 43554, -465856, 1465 
1721292119009.00, 43727, -464906, 1413 
1721292119031.00, 43591, -463964, 1412 
1721292119053.00, 43442, -463010, 1391 
1721292119074.00, 43588, -462061, 1376 
1721292119096.00, 44041, -461126, 1358 
1721292119118.00, 43673, -460169, 1356 
1721292119140.00, 43603, -459218, 1344 
1721292119162.00, 43736, -458267, 1335 
1721292119183.00, 43724, -457322, 1340 
1721292119205.00, 43865, -456367, 1338 
1721292119226.00, 43802, -455415, 1314 
1721292119248.00, 43462, -454473, 1314 
1721292119270.00, 43624, -453524, 1315 
1721292119292.00, 43654, -452571, 1313 
1721292119314.00, 43726, -451625, 1292 
1721292119335.00, 43799, -450677, 1275 
1721292119357.00, 43684, -449718, 1268 
1721292119379.00, 43787, -448766, 1241 
1721292119400.00, 43632, -447826, 1251 
1721292119422.00, 43447, -446872, 1248 
1721292119444.00, 43658, -445920, 1245 
1721292119465.00, 43927, -444976, 1240 
1721292119488.00, 43615, -444026, 1268 
1721292119509.00, 43574, -443075, 1233 
1721292119531.00, 43471, -442124, 1239 
1721292119552.00, 43572, -441181, 1238 
1721292119574.00, 43632, -440226, 1229 
1721292119596.00, 43589, -439281, 1205 
1721292119618.00, 43599, -438335, 1184 
1721292119639.00, 43618, -437383, 1182 
1721292119661.00, 43508, -436437, 1143 
1721292119684.00, 43632, -435486, 1138 
1721292119704.00, 43799, -434543, 1116 
1721292119726.00, 43894, -433588, 1097 
1721292119748.00, 43720, -432636, 1087 
1721292119770.00, 43504, -431691, 1082 
1721292119791.00, 24637, -430744, 1081 
1721292119813.00, 13323, -430182, 1053 
1721292119835.00, 6911, -429881, 1026 
1721292119857.00, 3018, -429735, 945 
1721292119878.00, 594, -429668, 899 
1721292119899.00, -45, -429655, 860 
1721292119920.00, -1021, -429659, 753 
1721292119942.00, -1871, -429680, 597 
1721292119964.00, -2336, -429724, 417 
1721292119985.00, -2462, -429779, 287 
1721292120006.00, -2336, -429837, 202 
1721292120028.00, -2225, -429895, 139 
1721292120049.00, -2209, -429947, 92 
1721292120071.00, -2178, -429999, 52 
1721292120091.00, -2197, -430056, 4 
1721292120114.00, -2065, -430107, -67 
1721292120135.00, -6155, -430156, -118 
1721292120158.00, -11557, -430288, -167 
1721292120177.00, -17794, -430539, -233 
1721292120200.00, -25117, -430926, -324 
1721292120222.00, -34241, -431475, -381 
1721292120243.00, -39806, -432211, -406 
1721292120265.00, -42864, -433063, -427 
1721292120286.00, -43854, -433992, -429 
1721292120308.00, -43615, -434957, -518 
1721292120330.00, -43567, -435890, -432 
1721292120351.00, -43733, -436838, -456 
1721292120373.00, -43668, -437793, -442 
1721292120395.00, -43784, -438733, -434 
1721292120416.00, -43537, -439675, -438 
1721292120437.00, -43785, -440627, -448 
1721292120460.00, -43595, -441578, -459 
1721292120481.00, -43614, -442515, -458 
1721292120502.00, -43767, -443461, -462 
1721292120524.00, -43845, -444422, -466 
1721292120547.00, -43467, -445363, -473 
1721292120568.00, -43831, -446301, -475 
1721292120589.00, -43605, -447253, -480 
1721292120611.00, -43528, -448202, -469 
1721292120632.00, -43595, -449135, -470 
1721292120658.00, -43795, -450089, -474 
1721292120676.00, -43596, -451045, -481 
1721292120698.00, -43607, -451986, -474 
1721292120719.00, -43641, -452931, -479 
1721292120741.00, -43693, -453882, -489 
1721292120761.00, -43600, -454828, -478 
1721292120784.00, -43742, -455763, -464 
1721292120805.00, -43565, -456711, -455 
1721292120827.00, -43589, -457664, -458 
1721292120848.00, -43718, -458606, -472 
1721292120870.00, -43737, -459550, -469 
1721292120892.00, -43696, -460504, -475 
1721292120913.00, -43783, -461453, -486 
1721292120935.00, -43779, -462387, -487 
1721292120956.00, -43546, -463336, -497 
1721292120978.00, -43575, -464289, -493 
1721292121000.00, -43766, -465225, -498 
1721292121021.00, -43675, -466173, -489 
1721292121043.00, -43587, -467130, -494 
1721292121065.00, -43700, -468077, -489 
1721292121087.00, -43672, -469012, -467 
1721292121108.00, -43681, -469965, -472 
1721292121130.00, -43727, -470918, -466 
1721292121151.00, -43858, -471855, -465 
1721292121173.00, -43388, -472798, -461 
1721292121195.00, -43538, -473749, -465 
1721292121216.00, -43643, -474693, -473 
1721292121238.00, -43358, -475629, -463 
1721292121259.00, -43514, -476582, -469 
1721292121281.00, -43726, -477534, -471 
1721292121303.00, -43613, -478468, -477 
1721292121324.00, -43707, -479413, -481 
1721292121346.00, -43689, -480365, -484 
1721292121367.00, -43514, -481303, -489 
1721292121390.00, -43597, -482244, -475 
1721292121411.00, -43792, -483198, -479 
1721292121432.00, -43511, -484152, -481 
1721292121454.00, -43630, -485089, -476 
1721292121476.00, -43727, -486034, -474 
1721292121498.00, -43606, -486990, -479 
1721292121520.00, -43771, -487930, -490 
1721292121541.00, -43799, -488869, -486 
1721292121562.00, -43765, -489824, -497 
1721292121584.00, -43648, -490773, -496 
1721292121606.00, -43792, -491713, -492 
1721292121627.00, -43553, -492664, -488 
1721292121649.00, -43587, -493620, -480 
1721292121670.00, -43696, -494551, -464 
1721292121693.00, -43776, -495493, -453 
1721292121714.00, -43492, -496445, -452 
1721292121735.00, -43630, -497395, -457 
1721292121757.00, -43609, -498325, -454 
1721292121779.00, -43586, -499277, -452 
1721292121801.00, -43640, -500239, -460 
1721292121822.00, -43709, -501175, -470 
1721292121844.00, -43601, -502120, -464 
1721292121866.00, -43612, -503074, -459 
1721292121887.00, -43610, -504019, -470 
1721292121909.00, -43495, -504957, -470 
1721292121931.00, -43507, -505906, -475 
1721292121952.00, -43753, -506858, -473 
1721292121974.00, -43658, -507793, -484 
1721292121995.00, -43511, -508741, -486 
1721292122017.00, -43640, -509701, -491 
1721292122038.00, -43726, -510643, -498 
1721292122060.00, -43713, -511581, -486 
1721292122083.00, -43777, -512529, -495 
1721292122104.00, -43707, -513484, -503 
1721292122124.00, -43625, -514417, -502 
1721292122147.00, -43781, -515366, -508 
1721292122168.00, -43778, -516323, -518 
1721292122190.00, -43704, -517268, -524 
1721292122212.00, -43577, -518212, -527 
1721292122233.00, -43731, -519168, -548 
1721292122255.00, -43599, -520117, -557 
1721292122277.00, -43659, -521052, -556 
1721292122298.00, -43861, -522000, -558 
1721292122320.00, -43736, -522958, -571 
1721292122342.00, -43524, -523895, -573 
1721292122363.00, -43731, -524839, -555 
1721292122385.00, -43693, -525791, -553 
1721292122409.00, -43446, -526741, -556 
1721292122428.00, -43447, -527674, -547 
1721292122450.00, -43524, -528621, -548 
1721292122471.00, -43474, -529572, -555 
1721292122493.00, -43702, -530507, -562 
1721292122514.00, -43791, -531453, -560 
1721292122536.00, -43662, -532404, -556 
1721292122558.00, -43701, -533354, -541 
1721292122579.00, -43645, -534295, -541 
1721292122601.00, -43608, -535245, -546 
1721292122624.00, -43624, -536199, -545 
1721292122644.00, -43740, -537136, -535 
1721292122666.00, -43706, -538076, -529 
1721292122688.00, -43606, -539028, -527 
1721292122709.00, -43795, -539973, -529 
1721292122731.00, -43762, -540916, -520 
1721292122753.00, -43521, -541868, -522 
1721292122774.00, -43674, -542822, -525 
1721292122796.00, -43722, -543754, -513 
1721292122817.00, -43509, -544699, -501 
1721292122839.00, -43732, -545653, -499 
1721292122861.00, -43729, -546594, -494 
1721292122883.00, -43646, -547533, -481 
1721292122904.00, -43702, -548487, -486 
1721292122925.00, -43733, -549440, -489 
1721292122947.00, -43634, -550383, -489 
1721292122969.00, -43586, -551327, -501 
1721292122990.00, -43667, -552282, -515 
1721292123012.00, -43716, -553223, -524 
1721292123034.00, -43601, -554166, -531 
1721292123056.00, -43662, -555118, -545 
1721292123077.00, -43685, -556069, -554 
1721292123099.00, -43730, -557008, -549 
1721292123121.00, -43789, -557955, -542 
1721292123142.00, -43671, -558907, -544 
1721292123165.00, -43639, -559846, -532 
1721292123186.00, -43459, -560791, -527 
1721292123207.00, -43611, -561743, -525 
1721292123229.00, -43835, -562686, -531 
1721292123250.00, -43509, -563622, -526 
1721292123272.00, -43578, -564573, -518 
1721292123294.00, -43648, -565526, -525 
1721292123315.00, -43607, -566467, -526 
1721292123337.00, -43783, -567415, -523 
1721292123358.00, -43844, -568363, -517 
1721292123380.00, -43460, -569309, -512 
1721292123402.00, -43656, -570249, -518 
1721292123424.00, -43665, -571192, -515 
1721292123445.00, -43561, -572143, -508 
1721292123466.00, -43604, -573084, -499 
1721292123489.00, -43834, -574034, -497 
1721292123510.00, -43556, -574984, -493 
1721292123531.00, -43668, -575929, -482 
1721292123553.00, -43665, -576866, -473 
1721292123575.00, -43561, -577813, -470 
1721292123597.00, -43474, -578761, -474 
1721292123619.00, -43786, -579700, -468 
1721292123640.00, -43624, -580645, -455 
1721292123661.00, -43562, -581598, -448 
1721292123683.00, -43601, -582543, -446 
1721292123705.00, -43798, -583484, -444 
1721292123727.00, -43625, -584431, -441 
1721292123748.00, -43674, -585382, -440 
1721292123769.00, -43599, -586321, -434 
1721292123792.00, -43608, -587266, -427 
1721292123813.00, -43516, -588219, -429 
1721292123835.00, -43633, -589160, -411 
1721292123856.00, -43706, -590101, -398 
1721292123878.00, -43807, -591051, -393 
1721292123899.00, -43689, -591999, -380 
1721292123921.00, -43438, -592937, -356 
1721292123943.00, -24622, -593877, -319 
1721292123964.00, -13456, -594439, -315 
1721292123986.00, -6608, -594745, -308 
1721292124008.00, -2732, -594897, -280 
1721292124029.00, -411, -594963, -259 
1721292124051.00, 79, -594976, -229 
1721292124072.00, 834, -594973, -187 
1721292124094.00, 1450, -594960, -139 
1721292124115.00, 1891, -594928, -86 
1721292124136.00, 2098, -594885, -28 
1721292124158.00, 2148, -594835, 27 
1721292124180.00, 3986, -594783, 82 
1721292124201.00, 8128, -594698, 135 
1721292124223.00, 13730, -594514, 200 
1721292124245.00, 21081, -594214, 296 
1721292124266.00, 31411, -593754, 406 
1721292124288.00, 38361, -593090, 477 
1721292124309.00, 42404, -592270, 512 
1721292124331.00, 43818, -591355, 538 
1721292124352.00, 43542, -590399, 575 
1721292124374.00, 43927, -589454, 594 
1721292124396.00, 43751, -588505, 679 
1721292124418.00, 43714, -587552, 674 
1721292124439.00, 43732, -586601, 718 
1721292124460.00, 43758, -585658, 754 
1721292124483.00, 43519, -584711, 747 
1721292124504.00, 43753, -583760, 754 
1721292124525.00, 43779, -582817, 771 
1721292124547.00, 43553, -581871, 789 
1721292124569.00, 43679, -580917, 810 
1721292124593.00, 43865, -579963, 816 
1721292124612.00, 43594, -579024, 829 
1721292124634.00, 43688, -578077, 864 
1721292124656.00, 43789, -577125, 884 
1721292124677.00, 43793, -576184, 893 
1721292124699.00, 43656, -575240, 911 
1721292124720.00, 43585, -574286, 931 
1721292124742.00, 43640, -573338, 935 
1721292124764.00, 43704, -572395, 941 
1721292124785.00, 43598, -571447, 959 
1721292124807.00, 43796, -570495, 986 
1721292124829.00, 43676, -569558, 981 
1721292124850.00, 43683, -568613, 983 
1721292124872.00, 43755, -567660, 1012 
1721292124893.00, 43671, -566706, 1010 
1721292124915.00, 43735, -565765, 1033 
1721292124937.00, 43712, -564803, 1053 
1721292124959.00, 43593, -563849, 1067 
1721292124981.00, 43628, -562906, 1070 
1721292125002.00, 43712, -561962, 1050 
1721292125024.00, 43580, -561009, 1040 
1721292125046.00, 43752, -560059, 1059 
1721292125068.00, 43836, -559115, 1078 
1721292125089.00, 43696, -558162, 1078 
1721292125111.00, 43681, -557205, 1099 
1721292125132.00, 43618, -556261, 1129 
1721292125155.00, 43869, -555309, 1115 
1721292125176.00, 43867, -554355, 1142 
1721292125198.00, 43705, -553405, 1139 
1721292125219.00, 43587, -552461, 1162 
1721292125240.00, 43622, -551505, 1160 
1721292125262.00, 43673, -550555, 1189 
1721292125285.00, 43779, -549610, 1207 
1721292125306.00, 43724, -548656, 1232 
1721292125328.00, 43581, -547696, 1253 
1721292125349.00, 43622, -546748, 1261 
1721292125372.00, 43609, -545804, 1250 
1721292125393.00, 43470, -544850, 1275 
1721292125415.00, 43655, -543903, 1235 
1721292125436.00, 43804, -542966, 1217 
1721292125459.00, 43625, -542012, 1233 
1721292125480.00, 43607, -541056, 1236 
1721292125502.00, 43434, -540106, 1230 
1721292125524.00, 43634, -539168, 1193 
1721292125545.00, 43599, -538216, 1197 
1721292125567.00, 43733, -537267, 1155 
1721292125589.00, 43544, -536328, 1158 
1721292125610.00, 43601, -535371, 1177 
1721292125632.00, 43547, -534419, 1218 
1721292125654.00, 43532, -533473, 1216 
1721292125676.00, 43790, -532522, 1228 
1721292125697.00, 43764, -531568, 1211 
1721292125719.00, 43643, -530616, 1241 
1721292125741.00, 43576, -529673, 1231 
1721292125762.00, 43504, -528721, 1251 
1721292125784.00, 43653, -527766, 1251 
1721292125806.00, 43795, -526826, 1209 
1721292125827.00, 43399, -525878, 1228 
1721292125849.00, 43507, -524921, 1205 
1721292125871.00, 43481, -523975, 1206 
1721292125893.00, 43600, -523037, 1188 
1721292125915.00, 43507, -522081, 1191 
1721292125937.00, 43833, -521130, 1197 
1721292125958.00, 43771, -520189, 1207 
1721292125980.00, 43619, -519236, 1226 
1721292126001.00, 43438, -518283, 1222 
1721292126023.00, 43639, -517328, 1243 
1721292126045.00, 43853, -516386, 1229 
1721292126067.00, 43791, -515427, 1237 
1721292126089.00, 43572, -514475, 1198 
1721292126110.00, 43468, -513533, 1211 
1721292126131.00, 43590, -512582, 1203 
1721292126153.00, 43578, -511635, 1170 
1721292126176.00, 43687, -510689, 1166 
1721292126197.00, 43834, -509743, 1138 
1721292126219.00, 43746, -508787, 1137 
1721292126240.00, 43745, -507830, 1170 
1721292126262.00, 43585, -506887, 1212 
1721292126284.00, 43558, -505933, 1206 
1721292126305.00, 43826, -504983, 1180 
1721292126327.00, 43773, -504038, 1176 
1721292126349.00, 43552, -503093, 1173 
1721292126371.00, 43517, -502136, 1148 
1721292126392.00, 43630, -501186, 1134 
1721292126414.00, 43741, -500246, 1141 
1721292126436.00, 43779, -499286, 1148 
1721292126459.00, 43650, -498331, 1119 
1721292126480.00, 43688, -497387, 1123 
1721292126501.00, 43764, -496437, 1136 
1721292126523.00, 43528, -495482, 1158 
1721292126544.00, 43655, -494530, 1160 
1721292126566.00, 44035, -493588, 1167 
1721292126588.00, 43696, -492633, 1176 
1721292126610.00, 43729, -491678, 1154 
1721292126632.00, 43508, -490731, 1163 
1721292126653.00, 43560, -489781, 1166 
1721292126675.00, 43963, -488826, 1172 
1721292126697.00, 43844, -487879, 1189 
1721292126718.00, 43678, -486933, 1186 
1721292126740.00, 43580, -485981, 1175 
1721292126762.00, 43631, -485024, 1186 
1721292126785.00, 43713, -484080, 1203 
1721292126806.00, 43790, -483124, 1225 
1721292126827.00, 43703, -482166, 1232 
1721292126848.00, 43767, -481215, 1253 
1721292126871.00, 43737, -480274, 1255 
1721292126892.00, 43519, -479320, 1243 
1721292126913.00, 43432, -478369, 1225 
1721292126936.00, 43720, -477429, 1243 
1721292126958.00, 43728, -476475, 1211 
1721292126979.00, 43690, -475521, 1216 
1721292127001.00, 43463, -474572, 1233 
1721292127022.00, 43583, -473625, 1202 
1721292127044.00, 43779, -472669, 1233 
1721292127066.00, 43749, -471722, 1226 
1721292127088.00, 43491, -470782, 1219 
1721292127109.00, 43530, -469823, 1203 
1721292127131.00, 43601, -468876, 1221 
1721292127153.00, 43605, -467932, 1200 
1721292127175.00, 43578, -466981, 1194 
1721292127196.00, 43725, -466023, 1188 
1721292127218.00, 43843, -465074, 1160 
1721292127240.00, 43632, -464133, 1169 
1721292127262.00, 43266, -463176, 1175 
1721292127284.00, 43588, -462227, 1164 
1721292127304.00, 43645, -461291, 1154 
1721292127334.00, 43789, -460344, 1142 
1721292127348.00, 43564, -459389, 1131 
1721292127369.00, 43821, -458437, 1150 
1721292127392.00, 43740, -457495, 1138 
1721292127414.00, 43530, -456539, 1167 
1721292127436.00, 43602, -455584, 1174 
1721292127457.00, 44022, -454643, 1206 
1721292127479.00, 43682, -453695, 1190 
1721292127500.00, 43656, -452741, 1205 
1721292127522.00, 43679, -451792, 1204 
1721292127544.00, 43668, -450845, 1208 
1721292127566.00, 43831, -449884, 1217 
1721292127587.00, 43742, -448936, 1196 
1721292127609.00, 43473, -447992, 1204 
1721292127631.00, 43432, -447046, 1167 
1721292127653.00, 43456, -446100, 1128 
1721292127673.00, 43354, -445153, 1112 
1721292127696.00, 43684, -444214, 1092 
1721292127718.00, 43743, -443262, 1097 
1721292127740.00, 43722, -442312, 1094 
1721292127761.00, 43590, -441367, 1081 
1721292127783.00, 43487, -440412, 1088 
1721292127805.00, 43739, -439465, 1055 
1721292127826.00, 43842, -438523, 1034 
1721292127848.00, 43562, -437577, 993 
1721292127870.00, 43764, -436627, 998 
1721292127890.00, 43611, -435682, 984 
1721292127913.00, 43452, -434743, 954 
1721292127935.00, 43507, -433789, 964 
1721292127956.00, 43706, -432846, 914 
1721292127979.00, 43379, -431907, 911 
1721292128000.00, 24764, -430967, 905 
1721292128021.00, 13345, -430403, 889 
1721292128043.00, 6845, -430100, 866 
1721292128064.00, 2949, -429945, 905 
1721292128086.00, 538, -429880, 877 
1721292128107.00, -118, -429869, 777 
1721292128128.00, -988, -429874, 656 
1721292128150.00, -1573, -429898, 516 
1721292128171.00, -2006, -429934, 402 
1721292128193.00, -2295, -429980, 323 
1721292128214.00, -2311, -430031, 245 
1721292128236.00, -2314, -430083, 194 
1721292128257.00, -2390, -430133, 154 
1721292128279.00, -2365, -430186, 106 
1721292128300.00, -2184, -430242, 34 
1721292128321.00, -2120, -430305, -24 
1721292128343.00, -3554, -430357, -92 
1721292128364.00, -8301, -430437, -151 
1721292128386.00, -14581, -430618, -201 
1721292128408.00, -21589, -430939, -272 
1721292128429.00, -29754, -431406, -301 
1721292128451.00, -36496, -432044, -330 
1721292128473.00, -41254, -432822, -377 
1721292128494.00, -43775, -433711, -402 
1721292128515.00, -43927, -434668, -409 
1721292128537.00, -43565, -435619, -446 
1721292128559.00, -43815, -436556, -450 
1721292128581.00, -43487, -437514, -463 
1721292128602.00, -43687, -438465, -460 
1721292128623.00, -43808, -439401, -475 
1721292128646.00, -43796, -440347, -459 
1721292128667.00, -43587, -441302, -462 
1721292128689.00, -43753, -442241, -453 
1721292128711.00, -43582, -443185, -444 
1721292128732.00, -43398, -444140, -441 
1721292128754.00, -43802, -445090, -437 
1721292128776.00, -43808, -446025, -422 
1721292128797.00, -43507, -446972, -413 
1721292128819.00, -43507, -447923, -416 
1721292128840.00, -43707, -448859, -419 
1721292128862.00, -43530, -449807, -413 
1721292128884.00, -43775, -450762, -414 
1721292128906.00, -43902, -451713, -417 
1721292128927.00, -43637, -452652, -417 
1721292128948.00, -43698, -453603, -426 
1721292128970.00, -43688, -454555, -429 
1721292128991.00, -43638, -455491, -443 
1721292129013.00, -43583, -456439, -451 
1721292129035.00, -43857, -457393, -455 
1721292129056.00, -43712, -458338, -460 
1721292129078.00, -43718, -459281, -447 
1721292129100.00, -43502, -460230, -457 
1721292129122.00, -43698, -461183, -451 
1721292129144.00, -43663, -462117, -439 
1721292129164.00, -43928, -463063, -432 
1721292129189.00, -43628, -464020, -435 
1721292129209.00, -43609, -464955, -424 
1721292129230.00, -43411, -465896, -405 
1721292129252.00, -43845, -466852, -406 
1721292129273.00, -43802, -467802, -393 
1721292129296.00, -43661, -468743, -389 
1721292129316.00, -43663, -469689, -384 
1721292129338.00, -43706, -470645, -383 
1721292129359.00, -43435, -471584, -386 
1721292129381.00, -43488, -472522, -377 
1721292129404.00, -43801, -473475, -383 
1721292129425.00, -43852, -474426, -379 
1721292129447.00, -43498, -475363, -374 
1721292129468.00, -43662, -476315, -368 
1721292129489.00, -43710, -477272, -363 
1721292129511.00, -43625, -478211, -365 
1721292129533.00, -43915, -479152, -345 
1721292129555.00, -43804, -480102, -343 
1721292129576.00, -43446, -481048, -349 
1721292129598.00, -43647, -481982, -345 
1721292129619.00, -43639, -482936, -344 
1721292129641.00, -43645, -483894, -343 
1721292129663.00, -43714, -484835, -357 
1721292129684.00, -43832, -485778, -353 
1721292129706.00, -43798, -486736, -362 
1721292129727.00, -43476, -487681, -381 
1721292129749.00, -43761, -488619, -377 
1721292129771.00, -43780, -489570, -389 
1721292129793.00, -43715, -490525, -395 
1721292129815.00, -43686, -491465, -404 
1721292129835.00, -43847, -492409, -398 
1721292129857.00, -43560, -493367, -406 
1721292129879.00, -43578, -494311, -423 
1721292129900.00, -43765, -495249, -420 
1721292129923.00, -43683, -496201, -437 
1721292129944.00, -43432, -497155, -442 
1721292129965.00, -43606, -498088, -445 
1721292129987.00, -43624, -499034, -449 
1721292130008.00, -43565, -499993, -443 
1721292130030.00, -43638, -500932, -442 
1721292130052.00, -43663, -501877, -435 
1721292130074.00, -43532, -502828, -435 
1721292130095.00, -43725, -503776, -431 
1721292130117.00, -43717, -504708, -434 
1721292130139.00, -43480, -505656, -429 
1721292130160.00, -43612, -506611, -424 
1721292130182.00, -43826, -507548, -427 
1721292130203.00, -43760, -508493, -420 
1721292130225.00, -43642, -509450, -431 
1721292130247.00, -43754, -510399, -433 
1721292130269.00, -43709, -511334, -427 
1721292130290.00, -43642, -512282, -432 
1721292130311.00, -43857, -513233, -431 
1721292130334.00, -43612, -514169, -431 
1721292130355.00, -43524, -515116, -423 
1721292130377.00, -43671, -516072, -430 
1721292130400.00, -43639, -517018, -425 
1721292130420.00, -43511, -517958, -420 
1721292130442.00, -43740, -518906, -429 
1721292130463.00, -43735, -519859, -428 
1721292130485.00, -43564, -520793, -422 
1721292130509.00, -43635, -521740, -432 
1721292130528.00, -43775, -522692, -438 
1721292130549.00, -43528, -523637, -445 
1721292130571.00, -43859, -524579, -441 
1721292130593.00, -43697, -525529, -446 
1721292130614.00, -43634, -526486, -455 
1721292130636.00, -43619, -527418, -454 
1721292130658.00, -43765, -528364, -453 
1721292130680.00, -43610, -529315, -459 
1721292130701.00, -43620, -530259, -463 
1721292130722.00, -43663, -531197, -459 
1721292130744.00, -43605, -532150, -461 
1721292130766.00, -43522, -533104, -468 
1721292130788.00, -43641, -534040, -459 
1721292130809.00, -43760, -534986, -459 
1721292130833.00, -43594, -535946, -465 
1721292130853.00, -43638, -536884, -468 
1721292130874.00, -43656, -537823, -464 
1721292130896.00, -43442, -538776, -474 
1721292130916.00, -43600, -539723, -475 
1721292130941.00, -43686, -540661, -466 
1721292130961.00, -43695, -541606, -466 
1721292130983.00, -43772, -542565, -477 
1721292131003.00, -43730, -543504, -481 
1721292131025.00, -43510, -544443, -459 
1721292131049.00, -43621, -545394, -457 
1721292131069.00, -43740, -546341, -468 
1721292131091.00, -43553, -547280, -458 
1721292131112.00, -43588, -548228, -457 
1721292131133.00, -43712, -549182, -469 
1721292131159.00, -43635, -550124, -463 
1721292131177.00, -43694, -551068, -469 
1721292131198.00, -43812, -552020, -481 
1721292131221.00, -43695, -552968, -499 
1721292131242.00, -43512, -553911, -515 
1721292131266.00, -43658, -554859, -532 
1721292131285.00, -43866, -555812, -541 
1721292131307.00, -43600, -556751, -552 
1721292131329.00, -43730, -557696, -555 
1721292131350.00, -43771, -558650, -566 
1721292131375.00, -43582, -559595, -573 
1721292131393.00, -43669, -560537, -575 
1721292131414.00, -43706, -561485, -580 
1721292131437.00, -43600, -562435, -587 
1721292131458.00, -43651, -563373, -581 
1721292131485.00, -43839, -564315, -574 
1721292131502.00, -43566, -565273, -580 
1721292131523.00, -43615, -566219, -589 
1721292131545.00, -43686, -567159, -579 
1721292131567.00, -43649, -568110, -573 
1721292131590.00, -43611, -569059, -574 
1721292131609.00, -43680, -569994, -576 
1721292131631.00, -43787, -570937, -565 
1721292131652.00, -43610, -571888, -560 
1721292131675.00, -43653, -572835, -565 
1721292131698.00, -43692, -573778, -561 
1721292131718.00, -43641, -574727, -565 
1721292131739.00, -43616, -575680, -566 
1721292131761.00, -43692, -576615, -561 
1721292131782.00, -43601, -577561, -556 
1721292131805.00, -43677, -578510, -565 
1721292131826.00, -43765, -579452, -568 
1721292131848.00, -43586, -580394, -563 
1721292131869.00, -43514, -581344, -560 
1721292131890.00, -43644, -582295, -552 
1721292131912.00, -43711, -583232, -555 
1721292131934.00, -43724, -584178, -557 
1721292131956.00, -43730, -585127, -553 
1721292131977.00, -43639, -586070, -540 
1721292131999.00, -43587, -587016, -536 
1721292132021.00, -43665, -587965, -541 
1721292132043.00, -43697, -588911, -531 
1721292132064.00, -43413, -589850, -517 
1721292132086.00, -43634, -590794, -501 
1721292132107.00, -43637, -591741, -493 
1721292132129.00, -43753, -592685, -491 
1721292132150.00, -43662, -593627, -472 
1721292132172.00, -25009, -594569, -451 
1721292132194.00, -13514, -595134, -439 
1721292132215.00, -6695, -595446, -446 
1721292132236.00, -2696, -595601, -448 
1721292132258.00, -372, -595667, -432 
1721292132280.00, 91, -595678, -405 
1721292132302.00, 838, -595678, -397 
1721292132323.00, 1515, -595664, -359 
1721292132345.00, 2001, -595630, -289 
1721292132366.00, 2100, -595586, -230 
1721292132387.00, 2217, -595536, -194 
1721292132409.00, 2322, -595481, -114 
1721292132431.00, 2228, -595424, -30 
1721292132453.00, 2214, -595375, 5 
1721292132474.00, 2161, -595326, 31 
1721292132495.00, 4003, -595276, 85 
1721292132517.00, 8278, -595188, 125 
1721292132538.00, 13366, -595014, 144 
1721292132560.00, 17354, -594724, 171 
1721292132582.00, 21582, -594347, 193 
1721292132604.00, 25029, -593886, 207 
1721292132625.00, 27954, -593345, 229 
1721292132647.00, 31020, -592745, 246 
1721292132669.00, 33997, -592080, 254 
1721292132690.00, 36383, -591342, 270 
1721292132712.00, 38428, -590562, 291 
1721292132734.00, 40914, -589733, 311 
1721292132755.00, 43544, -588856, 335 
1721292132777.00, 43808, -587910, 361 
1721292132798.00, 43586, -586954, 382 
1721292132820.00, 43739, -586009, 420 
1721292132842.00, 43803, -585064, 453 
1721292132863.00, 43842, -584107, 490 
1721292132885.00, 43658, -583161, 522 
1721292132909.00, 43658, -582220, 541 
1721292132928.00, 43695, -581263, 550 
1721292132949.00, 43700, -580312, 553 
1721292132972.00, 43753, -579374, 574 
1721292132993.00, 43772, -578426, 587 
1721292133016.00, 43702, -577476, 614 
1721292133036.00, 43654, -576530, 595 
1721292133058.00, 43750, -575588, 659 
1721292133080.00, 43718, -574638, 639 
1721292133101.00, 43581, -573687, 652 
1721292133123.00, 43879, -572742, 666 
1721292133144.00, 43638, -571794, 667 
1721292133166.00, 43560, -570844, 661 
1721292133188.00, 43812, -569902, 658 
1721292133209.00, 43704, -568965, 654 
1721292133231.00, 43536, -568015, 653 
1721292133253.00, 43699, -567063, 667 
1721292133274.00, 43681, -566122, 672 
1721292133296.00, 43631, -565174, 656 
1721292133317.00, 43638, -564220, 645 
1721292133339.00, 43687, -563280, 637 
1721292133360.00, 43791, -562344, 615 
1721292133382.00, 43674, -561393, 597 
1721292133404.00, 43582, -560447, 573 
1721292133426.00, 43453, -559512, 563 
1721292133447.00, 43405, -558563, 557 
1721292133469.00, 43624, -557614, 575 
1721292133491.00, 43665, -556676, 585 
1721292133512.00, 43645, -555735, 594 
1721292133534.00, 43797, -554782, 610 
1721292133556.00, 43673, -553830, 625 
1721292133577.00, 43708, -552893, 637 
1721292133599.00, 43881, -551947, 654 
1721292133620.00, 43608, -550992, 666 
1721292133642.00, 43544, -550049, 663 
1721292133664.00, 43614, -549109, 657 
1721292133685.00, 43750, -548154, 650 
1721292133707.00, 43603, -547205, 662 
1721292133729.00, 43760, -546268, 657 
1721292133750.00, 43738, -545322, 655 
1721292133771.00, 43583, -544369, 660 
1721292133793.00, 43695, -543428, 648 
1721292133815.00, 43745, -542486, 655 
1721292133836.00, 43542, -541532, 667 
1721292133859.00, 43484, -540584, 665 
1721292133880.00, 43657, -539650, 657 
1721292133901.00, 43635, -538700, 655 
1721292133924.00, 43537, -537751, 657 
1721292133945.00, 43725, -536810, 662 
1721292133967.00, 43644, -535869, 665 
1721292133988.00, 43488, -534911, 689 
1721292134009.00, 43667, -533964, 691 
1721292134031.00, 43677, -533026, 695 
1721292134053.00, 43550, -532074, 691 
1721292134075.00, 43694, -531123, 692 
1721292134096.00, 43728, -530182, 699 
1721292134118.00, 43603, -529241, 693 
1721292134140.00, 43739, -528288, 703 
1721292134161.00, 43715, -527341, 715 
1721292134183.00, 43552, -526404, 718 
1721292134204.00, 43608, -525450, 719 
1721292134226.00, 43750, -524501, 707 
1721292134248.00, 43551, -523561, 710 
1721292134269.00, 43632, -522616, 698 
1721292134291.00, 43739, -521664, 696 
1721292134313.00, 43589, -520722, 692 
1721292134335.00, 43754, -519785, 677 
1721292134356.00, 43777, -518832, 688 
1721292134378.00, 43633, -517885, 685 
1721292134399.00, 43537, -516944, 676 
1721292134420.00, 43642, -515994, 662 
1721292134442.00, 43631, -515041, 661 
1721292134464.00, 43712, -514095, 660 
1721292134486.00, 43735, -513160, 656 
1721292134508.00, 43744, -512207, 658 
1721292134529.00, 43618, -511257, 661 
1721292134552.00, 43844, -510319, 667 
1721292134572.00, 43757, -509370, 666 
1721292134594.00, 43590, -508416, 678 
1721292134616.00, 43567, -507469, 687 
1721292134637.00, 43767, -506532, 689 
1721292134659.00, 43655, -505576, 703 
1721292134681.00, 43601, -504630, 717 
1721292134702.00, 43793, -503692, 731 
1721292134724.00, 43743, -502744, 738 
1721292134745.00, 43590, -501790, 754 
1721292134767.00, 43714, -500843, 767 
1721292134789.00, 43822, -499902, 779 
1721292134810.00, 43532, -498942, 783 
1721292134832.00, 43630, -497995, 793 
1721292134854.00, 43589, -497062, 788 
1721292134876.00, 43515, -496108, 800 
1721292134897.00, 43693, -495160, 808 
1721292134918.00, 43901, -494221, 818 
1721292134940.00, 43593, -493278, 835 
1721292134962.00, 43505, -492322, 842 
1721292134987.00, 43715, -491372, 850 
1721292135006.00, 43713, -490431, 865 
1721292135026.00, 43411, -489479, 874 
1721292135048.00, 43697, -488532, 893 
1721292135070.00, 43669, -487591, 912 
1721292135095.00, 43489, -486646, 931 
1721292135113.00, 43696, -485691, 959 
1721292135135.00, 43959, -484745, 980 
1721292135157.00, 43717, -483801, 1007 
1721292135178.00, 43522, -482837, 1024 
1721292135203.00, 43805, -481884, 1035 
1721292135222.00, 43674, -480942, 1055 
1721292135243.00, 43608, -479989, 1075 
1721292135265.00, 43682, -479035, 1078 
1721292135287.00, 43794, -478086, 1116 
1721292135310.00, 43716, -477140, 1127 
1721292135330.00, 43720, -476182, 1135 
1721292135352.00, 43490, -475227, 1155 
1721292135374.00, 43384, -474283, 1158 
1721292135395.00, 43781, -473332, 1181 
1721292135420.00, 43689, -472381, 1189 
1721292135438.00, 43588, -471431, 1190 
1721292135461.00, 43488, -470489, 1185 
1721292135483.00, 43532, -469533, 1184 
1721292135504.00, 43735, -468587, 1185 
1721292135526.00, 43898, -467640, 1197 
1721292135548.00, 43655, -466682, 1202 
1721292135570.00, 43787, -465728, 1209 
1721292135590.00, 43622, -464780, 1210 
1721292135613.00, 43640, -463835, 1208 
1721292135635.00, 43732, -462884, 1205 
1721292135656.00, 43926, -461930, 1208 
1721292135678.00, 43732, -460992, 1203 
1721292135700.00, 43587, -460032, 1202 
1721292135722.00, 43518, -459084, 1185 
1721292135743.00, 43535, -458139, 1199 
1721292135765.00, 43768, -457186, 1196 
1721292135787.00, 43694, -456235, 1182 
1721292135808.00, 43665, -455287, 1160 
1721292135830.00, 43641, -454349, 1147 
1721292135851.00, 43565, -453392, 1141 
1721292135874.00, 43532, -452445, 1125 
1721292135895.00, 43795, -451495, 1149 
1721292135917.00, 43761, -450543, 1159 
1721292135939.00, 43784, -449588, 1169 
1721292135961.00, 43552, -448637, 1179 
1721292135983.00, 43445, -447694, 1188 
1721292136004.00, 43656, -446742, 1199 
1721292136026.00, 43807, -445792, 1178 
1721292136047.00, 43529, -444849, 1189 
1721292136069.00, 43454, -443894, 1187 
1721292136091.00, 43532, -442948, 1179 
1721292136113.00, 43580, -442000, 1155 
1721292136134.00, 43655, -441055, 1155 
1721292136156.00, 43734, -440102, 1185 
1721292136178.00, 43772, -439152, 1148 
1721292136199.00, 43613, -438206, 1194 
1721292136221.00, 43366, -437251, 1168 
1721292136242.00, 43608, -436304, 1139 
1721292136264.00, 43831, -435356, 1139 
1721292136286.00, 43829, -434410, 1160 
1721292136308.00, 43620, -433455, 1157 
1721292136330.00, 43697, -432504, 1135 
1721292136351.00, 24695, -431566, 1126 
1721292136373.00, 13428, -430999, 1107 
1721292136395.00, 6969, -430690, 1151 
1721292136416.00, 3108, -430535, 1163 
1721292136438.00, 669, -430464, 1192 
1721292136460.00, 1, -430450, 1104 
1721292136480.00, -370, -430450, 1107 
1721292136501.00, -61, -430456, 1046 
1721292136523.00, -60, -430458, 996 
1721292136545.00, -202, -430461, 932 
1721292136566.00, -350, -430470, 833 
1721292136587.00, -349, -430479, 737 
1721292136609.00, -385, -430490, 665 
1721292136630.00, -423, -430500, 584 
1721292136652.00, -522, -430515, 488 
1721292136673.00, -470, -430532, 374 
1721292136694.00, -431, -430547, 283 
1721292136716.00, -440, -430562, 197 
1721292136737.00, -376, -430579, 90 
1721292136758.00, -345, -430605, -11 
1721292136780.00, -906, -430624, -123 
1721292136801.00, -7845, -430650, -210 
1721292136823.00, -17351, -430820, -279 
1721292136846.00, -27148, -431194, -328 
1721292136866.00, -35107, -431775, -357 
1721292136888.00, -39380, -432522, -435 
1721292136910.00, -42202, -433370, -420 
1721292136930.00, -43779, -434298, -506 
1721292136958.00, -43795, -435246, -508 
1721292136974.00, -43576, -436188, -553 
1721292136996.00, -43846, -437143, -591 
1721292137017.00, -43791, -438100, -615 
1721292137039.00, -43680, -439040, -629 
1721292137060.00, -43621, -439982, -633 
1721292137082.00, -43789, -440938, -644 
1721292137104.00, -43736, -441886, -645 
1721292137126.00, -43589, -442821, -640 
1721292137147.00, -43650, -443772, -646 
1721292137169.00, -43609, -444728, -655 
1721292137190.00, -43388, -445663, -640 
1721292137212.00, -43545, -446607, -631 
1721292137234.00, -43560, -447554, -632 
1721292137255.00, -43651, -448495, -620 
1721292137277.00, -43743, -449429, -599 
1721292137299.00, -43557, -450382, -612 
1721292137321.00, -43578, -451340, -609 
1721292137342.00, -43748, -452277, -598 
1721292137363.00, -43598, -453222, -593 
1721292137393.00, -43491, -454174, -586 
1721292137407.00, -43614, -455111, -585 
1721292137428.00, -43727, -456050, -576 
1721292137450.00, -43744, -457000, -587 
1721292137472.00, -43701, -457952, -584 
1721292137494.00, -43771, -458894, -580 
1721292137515.00, -43430, -459841, -590 
1721292137537.00, -43612, -460794, -591 
1721292137558.00, -43735, -461732, -592 
1721292137580.00, -43444, -462670, -588 
1721292137602.00, -43601, -463619, -602 
1721292137624.00, -43709, -464572, -600 
1721292137645.00, -43537, -465502, -587 
1721292137667.00, -43621, -466451, -570 
1721292137688.00, -43718, -467407, -562 
1721292137709.00, -43526, -468349, -558 
1721292137732.00, -43607, -469289, -543 
1721292137753.00, -43635, -470238, -537 
1721292137774.00, -43462, -471190, -524 
1721292137797.00, -43612, -472120, -503 
1721292137818.00, -43688, -473066, -495 
1721292137840.00, -43609, -474017, -484 
1721292137861.00, -43796, -474956, -475 
1721292137882.00, -43717, -475901, -463 
1721292137905.00, -43658, -476856, -455 
1721292137926.00, -43754, -477804, -444 
1721292137948.00, -43794, -478737, -428 
1721292137970.00, -43435, -479686, -431 
1721292137991.00, -43646, -480637, -428 
1721292138013.00, -43754, -481567, -431 
1721292138034.00, -43815, -482512, -423 
1721292138056.00, -43700, -483473, -426 
1721292138077.00, -43751, -484421, -438 
1721292138099.00, -43600, -485361, -429 
1721292138121.00, -43681, -486312, -433 
1721292138143.00, -43843, -487265, -428 
1721292138164.00, -43666, -488200, -421 
1721292138185.00, -43549, -489142, -418 
1721292138208.00, -43586, -490099, -417 
1721292138229.00, -43497, -491037, -409 
1721292138251.00, -43331, -491980, -386 
1721292138272.00, -43692, -492933, -387 
1721292138294.00, -43789, -493878, -379 
1721292138316.00, -43469, -494811, -364 
1721292138337.00, -43520, -495754, -353 
1721292138359.00, -43596, -496708, -344 
1721292138381.00, -43675, -497645, -337 
1721292138402.00, -43928, -498585, -338 
1721292138424.00, -43807, -499541, -350 
1721292138446.00, -43537, -500494, -339 
1721292138467.00, -43690, -501430, -322 
1721292138492.00, -43719, -502376, -321 
1721292138511.00, -43534, -503333, -315 
1721292138532.00, -43843, -504269, -322 
1721292138554.00, -43908, -505210, -314 
1721292138575.00, -43724, -506165, -331 
1721292138597.00, -43609, -507116, -349 
1721292138619.00, -43662, -508052, -354 
1721292138640.00, -43731, -509007, -383 
1721292138662.00, -43749, -509969, -407 
1721292138684.00, -43763, -510904, -427 
1721292138705.00, -43870, -511851, -453 
1721292138727.00, -43488, -512806, -488 
1721292138748.00, -43597, -513753, -515 
1721292138769.00, -43753, -514691, -542 
1721292138792.00, -43477, -515644, -561 
1721292138813.00, -43554, -516602, -565 
1721292138834.00, -43698, -517540, -581 
1721292138857.00, -43632, -518485, -587 
1721292138878.00, -43689, -519439, -587 
1721292138900.00, -43833, -520384, -589 
1721292138926.00, -43449, -521322, -579 
1721292138943.00, -43476, -522271, -573 
1721292138965.00, -43669, -523222, -572 
1721292138987.00, -43644, -524159, -565 
1721292139008.00, -43681, -525103, -552 
1721292139030.00, -43791, -526057, -544 
1721292139051.00, -43677, -526999, -536 
1721292139073.00, -43722, -527937, -517 
1721292139094.00, -43711, -528887, -505 
1721292139116.00, -43686, -529835, -486 
1721292139138.00, -43594, -530768, -463 
1721292139159.00, -43687, -531716, -453 
1721292139182.00, -43748, -532669, -438 
1721292139202.00, -43495, -533610, -417 
1721292139225.00, -43540, -534553, -383 
1721292139246.00, -43456, -535501, -361 
1721292139267.00, -43380, -536448, -353 
1721292139289.00, -43547, -537377, -328 
1721292139310.00, -43706, -538320, -317 
1721292139332.00, -43764, -539271, -317 
1721292139354.00, -43719, -540211, -313 
1721292139375.00, -43563, -541157, -302 
1721292139398.00, -42977, -542113, -310 
1721292139419.00, -43202, -543045, -318 
1721292139441.00, -43594, -543973, -307 
1721292139464.00, -43537, -544916, -311 
1721292139484.00, -43428, -545864, -323 
1721292139506.00, -43578, -546800, -333 
1721292139528.00, -43747, -547741, -341 
1721292139549.00, -43527, -548699, -366 
1721292139571.00, -43721, -549651, -399 
1721292139593.00, -43768, -550593, -423 
1721292139614.00, -43894, -551543, -486 
1721292139636.00, -43571, -552504, -535 
1721292139658.00, -43734, -553442, -555 
1721292139679.00, -43819, -554387, -577 
1721292139701.00, -43569, -555337, -591 
1721292139722.00, -43730, -556291, -596 
1721292139744.00, -43783, -557228, -597 
1721292139765.00, -43473, -558176, -602 
1721292139787.00, -43554, -559132, -615 
1721292139809.00, -43747, -560068, -617 
1721292139830.00, -43510, -561013, -624 
1721292139852.00, -43531, -561966, -635 
1721292139874.00, -43659, -562906, -633 
1721292139895.00, -43575, -563842, -619 
1721292139917.00, -43748, -564791, -625 
1721292139938.00, -43758, -565747, -628 
1721292139960.00, -43358, -566683, -588 
1721292139982.00, -43516, -567627, -575 
1721292140004.00, -43655, -568578, -569 
1721292140025.00, -43523, -569516, -534 
1721292140047.00, -43584, -570453, -507 
1721292140069.00, -43689, -571398, -496 
1721292140090.00, -43591, -572345, -476 
1721292140111.00, -43784, -573285, -438 
1721292140134.00, -43682, -574230, -412 
1721292140154.00, -43485, -575184, -404 
1721292140176.00, -43467, -576122, -376 
1721292140198.00, -43685, -577055, -333 
1721292140220.00, -43457, -577999, -298 
1721292140241.00, -42833, -578942, -270 
1721292140263.00, -40412, -579857, -246 
1721292140285.00, -37639, -580744, -217 
1721292140306.00, -34330, -581568, -203 
1721292140328.00, -31636, -582315, -186 
1721292140350.00, -28947, -582998, -173 
1721292140372.00, -26365, -583626, -157 
1721292140393.00, -24030, -584203, -154 
1721292140415.00, -22492, -584733, -157 
1721292140436.00, -21804, -585220, -150 
1721292140459.00, -21207, -585692, -148 
1721292140479.00, -20326, -586147, -146 
1721292140501.00, -19956, -586590, -149 
1721292140523.00, -19698, -587022, -148 
1721292140544.00, -19763, -587454, -146 
1721292140568.00, -19511, -587882, -139 
1721292140588.00, -19101, -588304, -133 
1721292140609.00, -18183, -588721, -127 
1721292140631.00, -17480, -589116, -120 
1721292140653.00, -16572, -589494, -108 
1721292140675.00, -15731, -589855, -95 
1721292140696.00, -14046, -590190, -93 
1721292140717.00, -13194, -590499, -87 
1721292140739.00, -12231, -590784, -76 
1721292140760.00, -11135, -591050, -70 
1721292140783.00, -9852, -591289, -65 
1721292140803.00, -9036, -591504, -61 
1721292140825.00, -8387, -591699, -53 
1721292140846.00, -7537, -591879, -44 
1721292140868.00, -6300, -592038, -41 
1721292140891.00, -5496, -592171, -38 
1721292140911.00, -4896, -592289, -31 
1721292140932.00, -4140, -592395, -27 
1721292140954.00, -3392, -592483, -22 
1721292140975.00, -2693, -592555, -20 
1721292140997.00, -2132, -592614, -18 
1721292141018.00, -1646, -592659, -15 
1721292141039.00, -1163, -592695, -13 
1721292141061.00, -840, -592721, -19 
1721292141082.00, 0, -592740, -33 
1721292141104.00, 53, -592743, -54 
1721292141125.00, 0, -592744, -91 
1721292141146.00, 0, -592749, -143 
1721292141167.00, 0, -592750, -203 
1721292141189.00, 0, -592753, -226 
1721292141209.00, 0, -592753, -225 
1721292141230.00, 1, -592752, -183 
1721292141252.00, -2, -592747, -80 
1721292141273.00, 2, -592740, 37 
1721292141295.00, 2321, -592725, 161 
1721292141316.00, 11531, -592675, 277 
1721292141338.00, 23554, -592434, 403 
1721292141360.00, 33108, -591934, 491 
1721292141382.00, 38821, -591220, 563 
1721292141403.00, 42048, -590378, 658 
1721292141425.00, 43653, -589474, 716 
1721292141446.00, 43934, -588531, 707 
1721292141468.00, 43772, -587574, 778 
1721292141490.00, 43692, -586625, 780 
1721292141511.00, 43625, -585682, 800 
1721292141533.00, 43709, -584738, 810 
1721292141555.00, 43660, -583789, 828 
1721292141576.00, 43615, -582838, 848 
1721292141597.00, 43824, -581900, 827 
1721292141620.00, 43740, -580945, 826 
1721292141641.00, 43699, -579996, 822 
1721292141663.00, 43628, -579057, 817 
1721292141684.00, 43752, -578112, 795 
1721292141706.00, 43556, -577165, 768 
1721292141727.00, 43654, -576225, 750 
1721292141749.00, 43818, -575288, 716 
1721292141771.00, 43568, -574336, 706 
1721292141792.00, 43550, -573385, 697 
1721292141814.00, 43819, -572447, 681 
1721292141836.00, 43572, -571498, 675 
1721292141858.00, 43597, -570550, 676 
1721292141879.00, 43789, -569609, 673 
1721292141901.00, 43732, -568667, 670 
1721292141923.00, 43544, -567714, 665 
1721292141944.00, 43728, -566766, 671 
1721292141966.00, 43773, -565828, 674 
1721292141987.00, 43665, -564874, 674 
1721292142009.00, 43778, -563922, 686 
1721292142031.00, 43763, -562979, 701 
1721292142052.00, 43558, -562037, 720 
1721292142074.00, 43647, -561085, 719 
1721292142096.00, 43825, -560137, 733 
1721292142117.00, 43612, -559202, 737 
1721292142138.00, 43659, -558248, 736 
1721292142160.00, 43670, -557295, 745 
1721292142181.00, 43695, -556356, 752 
1721292142204.00, 43499, -555410, 763 
1721292142225.00, 43735, -554453, 776 
1721292142247.00, 43685, -553511, 782 
1721292142269.00, 43720, -552572, 776 
1721292142290.00, 43470, -551620, 770 
1721292142312.00, 43803, -550676, 763 
1721292142334.00, 43743, -549736, 733 
1721292142355.00, 43577, -548789, 715 
1721292142377.00, 43671, -547833, 714 
1721292142399.00, 43659, -546890, 698 
1721292142420.00, 43534, -545953, 678 
1721292142442.00, 43718, -544996, 672 
1721292142463.00, 43673, -544052, 675 
1721292142485.00, 43622, -543113, 670 
1721292142507.00, 43765, -542164, 677 
1721292142528.00, 43809, -541211, 693 
1721292142550.00, 43605, -540262, 697 
1721292142572.00, 43652, -539321, 694 
1721292142593.00, 43865, -538371, 692 
1721292142615.00, 43695, -537421, 698 
1721292142637.00, 43728, -536487, 695 
1721292142658.00, 43749, -535535, 700 
1721292142679.00, 43768, -534585, 704 
1721292142701.00, 43525, -533637, 712 
1721292142722.00, 43648, -532693, 724 
1721292142749.00, 43837, -531738, 734 
1721292142767.00, 43710, -530786, 747 
1721292142788.00, 43440, -529851, 761 
1721292142810.00, 43741, -528900, 760 
1721292142831.00, 43680, -527949, 770 
1721292142853.00, 43599, -527008, 765 
1721292142875.00, 43679, -526070, 751 
1721292142896.00, 43689, -525116, 754 
1721292142918.00, 43635, -524168, 760 
1721292142939.00, 43651, -523228, 762 
1721292142961.00, 43673, -522275, 766 
1721292142982.00, 43590, -521324, 773 
1721292143005.00, 43541, -520384, 793 
1721292143026.00, 43723, -519443, 806 
1721292143048.00, 43675, -518489, 814 
1721292143069.00, 43631, -517542, 827 
1721292143091.00, 43692, -516599, 841 
1721292143113.00, 43657, -515643, 852 
1721292143134.00, 43692, -514693, 862 
1721292143156.00, 43692, -513751, 866 
1721292143177.00, 43766, -512809, 867 
1721292143200.00, 43684, -511860, 875 
1721292143220.00, 43655, -510910, 879 
1721292143242.00, 43804, -509973, 880 
1721292143264.00, 43732, -509016, 883 
1721292143286.00, 43606, -508067, 874 
1721292143307.00, 43847, -507126, 882 
1721292143329.00, 43715, -506178, 888 
1721292143351.00, 43473, -505228, 891 
1721292143372.00, 43701, -504285, 882 
1721292143394.00, 43719, -503350, 878 
1721292143415.00, 43516, -502396, 867 
1721292143437.00, 43780, -501450, 850 
1721292143459.00, 43687, -500510, 840 
1721292143481.00, 43587, -499558, 824 
1721292143502.00, 43702, -498608, 817 
1721292143524.00, 43689, -497664, 822 
1721292143545.00, 43564, -496723, 815 
1721292143567.00, 43658, -495770, 809 
1721292143589.00, 43686, -494824, 802 
1721292143611.00, 43596, -493893, 788 
1721292143632.00, 43633, -492940, 777 
1721292143653.00, 43726, -491991, 769 
1721292143675.00, 43793, -491044, 755 
1721292143696.00, 43586, -490100, 749 
1721292143718.00, 43632, -489147, 731 
1721292143740.00, 43544, -488204, 711 
1721292143762.00, 43377, -487271, 687 
1721292143784.00, 43506, -486322, 667 
1721292143805.00, 43494, -485376, 653 
1721292143827.00, 43443, -484439, 627 
1721292143849.00, 43624, -483496, 606 
1721292143870.00, 43576, -482541, 595 
1721292143892.00, 43706, -481595, 582 
1721292143913.00, 43718, -480664, 570 
1721292143935.00, 43462, -479711, 560 
1721292143957.00, 43676, -478761, 560 
1721292143978.00, 43749, -477824, 568 
1721292144000.00, 43590, -476881, 569 
1721292144022.00, 43516, -475922, 587 
1721292144043.00, 43758, -474975, 604 
1721292144065.00, 43602, -474037, 604 
1721292144086.00, 43500, -473082, 620 
1721292144108.00, 43624, -472131, 645 
1721292144130.00, 43819, -471196, 660 
1721292144151.00, 43594, -470250, 677 
1721292144173.00, 43664, -469294, 698 
1721292144194.00, 43818, -468345, 727 
1721292144216.00, 43701, -467404, 762 
1721292144238.00, 43539, -466443, 796 
1721292144259.00, 43689, -465491, 808 
1721292144282.00, 43721, -464553, 827 
1721292144303.00, 43559, -463601, 863 
1721292144324.00, 43713, -462651, 892 
1721292144346.00, 43841, -461709, 890 
1721292144368.00, 43483, -460767, 925 
1721292144391.00, 43657, -459812, 953 
1721292144411.00, 43829, -458867, 979 
1721292144433.00, 43746, -457920, 1004 
1721292144455.00, 43575, -456967, 1015 
1721292144476.00, 43890, -456015, 1020 
1721292144499.00, 43608, -455064, 1028 
1721292144520.00, 43469, -454121, 1052 
1721292144541.00, 43549, -453171, 1054 
1721292144563.00, 43943, -452218, 1067 
1721292144585.00, 43727, -451269, 1117 
1721292144609.00, 43697, -450311, 1135 
1721292144628.00, 43444, -449356, 1157 
1721292144650.00, 43634, -448406, 1188 
1721292144672.00, 43813, -447463, 1223 
1721292144694.00, 43835, -446509, 1238 
1721292144718.00, 43462, -445554, 1245 
1721292144737.00, 43467, -444613, 1285 
1721292144758.00, 43535, -443660, 1263 
1721292144780.00, 43653, -442704, 1307 
1721292144802.00, 43611, -441759, 1322 
1721292144829.00, 43581, -440808, 1352 
1721292144846.00, 43757, -439856, 1342 
1721292144867.00, 43576, -438904, 1383 
1721292144889.00, 43370, -437962, 1375 
1721292144910.00, 43616, -437009, 1341 
1721292144932.00, 43849, -436061, 1332 
1721292144954.00, 43560, -435115, 1340 
1721292144975.00, 43386, -434165, 1282 
1721292144997.00, 43490, -433218, 1245 
1721292145019.00, 43641, -432270, 1233 
1721292145040.00, 24807, -431335, 1217 
1721292145063.00, 13498, -430767, 1185 
1721292145084.00, 6858, -430462, 1132 
1721292145106.00, 3018, -430312, 1050 
1721292145127.00, 382, -430246, 1016 
1721292145149.00, -156, -430241, 845 
1721292145170.00, -1247, -430251, 643 
1721292145191.00, -2033, -430282, 430 
1721292145213.00, -2483, -430332, 244 
1721292145235.00, -2707, -430396, 80 
1721292145256.00, -2609, -430477, -70 
1721292145278.00, -6752, -430548, -225 
1721292145299.00, -18336, -430700, -356 
1721292145321.00, -30625, -431097, -440 
1721292145342.00, -37904, -431765, -715 
1721292145363.00, -42412, -432571, -697 
1721292145386.00, -43833, -433485, -805 
1721292145407.00, -43559, -434440, -833 
1721292145429.00, -43669, -435398, -942 
1721292145451.00, -43748, -436334, -935 
1721292145472.00, -43458, -437282, -950 
1721292145494.00, -43686, -438241, -950 
1721292145515.00, -43770, -439178, -931 
1721292145537.00, -43596, -440119, -904 
1721292145558.00, -43591, -441073, -903 
1721292145580.00, -43767, -442018, -900 
1721292145602.00, -43641, -442956, -875 
1721292145624.00, -43542, -443904, -856 
1721292145645.00, -43716, -444855, -839 
1721292145667.00, -43648, -445793, -821 
1721292145689.00, -43467, -446740, -823 
1721292145713.00, -43789, -447692, -834 
1721292145732.00, -43600, -448634, -844 
1721292145753.00, -43623, -449575, -853 
1721292145775.00, -43838, -450524, -831 
1721292145796.00, -43636, -451480, -813 
1721292145819.00, -43528, -452421, -826 
1721292145840.00, -43566, -453365, -788 
1721292145861.00, -43798, -454316, -783 
1721292145883.00, -43705, -455257, -797 
1721292145905.00, -43499, -456197, -769 
1721292145931.00, -43656, -457145, -786 
1721292145948.00, -43745, -458101, -797 
1721292145970.00, -43484, -459038, -805 
1721292145991.00, -43730, -459982, -781 
1721292146012.00, -43870, -460938, -771 
1721292146038.00, -43487, -461879, -795 
1721292146056.00, -43627, -462817, -774 
1721292146078.00, -43798, -463768, -768 
1721292146099.00, -43610, -464718, -775 
1721292146121.00, -43745, -465652, -759 
1721292146143.00, -43823, -466603, -750 
1721292146164.00, -43617, -467558, -765 
1721292146186.00, -43761, -468502, -754 
1721292146208.00, -43751, -469444, -764 
1721292146229.00, -43693, -470402, -796 
1721292146252.00, -43699, -471347, -792 
1721292146273.00, -43874, -472283, -784 
1721292146294.00, -43579, -473232, -787 
1721292146316.00, -43595, -474187, -786 
1721292146337.00, -43714, -475126, -795 
1721292146364.00, -43757, -476070, -796 
1721292146380.00, -43518, -477026, -780 
1721292146403.00, -43802, -477971, -766 
1721292146423.00, -43567, -478907, -736 
1721292146446.00, -43604, -479852, -701 
1721292146472.00, -43578, -480800, -671 
1721292146489.00, -43722, -481730, -621 
1721292146511.00, -43598, -482672, -585 
1721292146531.00, -43666, -483637, -591 
1721292146554.00, -43659, -484581, -590 
1721292146579.00, -43533, -485519, -574 
1721292146597.00, -43627, -486470, -583 
1721292146619.00, -43857, -487425, -610 
1721292146641.00, -43692, -488361, -628 
1721292146661.00, -43439, -489306, -631 
1721292146683.00, -43783, -490265, -638 
1721292146705.00, -43816, -491207, -654 
1721292146727.00, -43603, -492151, -635 
1721292146749.00, -43679, -493103, -637 
1721292146770.00, -43655, -494054, -625 
1721292146792.00, -43649, -494987, -620 
1721292146813.00, -43781, -495934, -612 
1721292146835.00, -43733, -496892, -592 
1721292146857.00, -43628, -497828, -608 
1721292146879.00, -43506, -498769, -600 
1721292146900.00, -43674, -499723, -599 
1721292146921.00, -43736, -500673, -604 
1721292146943.00, -43723, -501615, -618 
1721292146965.00, -43769, -502563, -633 
1721292146987.00, -43773, -503520, -638 
1721292147008.00, -43505, -504456, -630 
1721292147030.00, -43701, -505397, -617 
1721292147052.00, -43793, -506352, -630 
1721292147073.00, -43501, -507298, -633 
1721292147094.00, -43495, -508238, -609 
1721292147116.00, -43519, -509181, -606 
1721292147138.00, -43466, -510139, -608 
1721292147160.00, -43610, -511074, -586 
1721292147181.00, -43689, -512012, -552 
1721292147203.00, -43563, -512961, -545 
1721292147225.00, -43612, -513903, -531 
1721292147246.00, -43621, -514838, -494 
1721292147267.00, -43606, -515790, -490 
1721292147290.00, -43669, -516745, -484 
1721292147311.00, -43702, -517681, -473 
1721292147333.00, -43595, -518625, -468 
1721292147354.00, -43662, -519586, -469 
1721292147376.00, -43879, -520523, -474 
1721292147398.00, -43876, -521463, -469 
1721292147419.00, -43550, -522416, -484 
1721292147441.00, -43585, -523367, -476 
1721292147463.00, -43648, -524301, -446 
1721292147484.00, -43565, -525249, -434 
1721292147506.00, -43781, -526206, -453 
1721292147527.00, -43713, -527141, -448 
1721292147549.00, -43610, -528083, -444 
1721292147571.00, -43755, -529035, -461 
1721292147593.00, -43680, -529985, -473 
1721292147614.00, -43541, -530924, -472 
1721292147636.00, -43707, -531873, -490 
1721292147658.00, -43673, -532831, -496 
1721292147678.00, -43675, -533771, -493 
1721292147701.00, -43712, -534718, -500 
1721292147722.00, -43732, -535670, -509 
1721292147744.00, -43715, -536615, -502 
1721292147766.00, -43737, -537552, -501 
1721292147787.00, -43799, -538504, -513 
1721292147809.00, -43744, -539454, -512 
1721292147831.00, -43459, -540391, -501 
1721292147852.00, -43556, -541340, -496 
1721292147874.00, -43712, -542295, -502 
1721292147896.00, -43598, -543240, -506 
1721292147917.00, -43590, -544174, -490 
1721292147939.00, -43681, -545122, -500 
1721292147960.00, -43576, -546079, -516 
1721292147982.00, -43654, -547018, -518 
1721292148004.00, -43813, -547962, -522 
1721292148025.00, -43640, -548917, -538 
1721292148047.00, -43660, -549864, -552 
1721292148068.00, -43775, -550806, -560 
1721292148090.00, -43632, -551757, -571 
1721292148112.00, -43512, -552715, -588 
1721292148133.00, -43554, -553650, -602 
1721292148155.00, -43719, -554594, -617 
1721292148177.00, -43442, -555544, -631 
1721292148198.00, -43648, -556492, -645 
1721292148222.00, -43748, -557431, -646 
1721292148241.00, -43504, -558381, -664 
1721292148263.00, -43628, -559335, -686 
1721292148285.00, -43621, -560272, -688 
1721292148307.00, -43594, -561218, -702 
1721292148328.00, -43730, -562170, -719 
1721292148350.00, -43671, -563112, -731 
1721292148371.00, -43615, -564056, -741 
1721292148392.00, -43559, -565007, -749 
1721292148415.00, -43695, -565961, -747 
1721292148437.00, -43556, -566897, -736 
1721292148458.00, -43491, -567844, -720 
1721292148480.00, -43630, -568792, -728 
1721292148502.00, -43647, -569736, -723 
1721292148523.00, -43679, -570674, -702 
1721292148545.00, -43805, -571621, -691 
1721292148566.00, -43749, -572570, -700 
1721292148588.00, -43430, -573510, -697 
1721292148610.00, -43639, -574459, -681 
1721292148631.00, -43753, -575410, -683 
1721292148652.00, -43481, -576350, -666 
1721292148674.00, -43558, -577287, -633 
1721292148696.00, -43580, -578232, -619 
1721292148718.00, -43487, -579176, -597 
1721292148739.00, -43609, -580116, -564 
1721292148761.00, -43563, -581059, -532 
1721292148782.00, -43451, -582010, -529 
1721292148804.00, -43631, -582947, -515 
1721292148826.00, -43717, -583886, -487 
1721292148848.00, -43605, -584837, -489 
1721292148869.00, -43586, -585782, -491 
1721292148891.00, -43560, -586722, -473 
1721292148912.00, -43563, -587668, -454 
1721292148934.00, -43732, -588617, -457 
1721292148956.00, -43686, -589556, -471 
1721292148978.00, -43399, -590501, -466 
1721292148999.00, -43596, -591453, -461 
1721292149020.00, -43564, -592396, -452 
1721292149042.00, -43567, -593337, -434 
1721292149064.00, -24764, -594277, -423 
1721292149086.00, -13429, -594840, -431 
1721292149108.00, -6970, -595149, -402 
1721292149128.00, -3046, -595304, -392 
1721292149150.00, -650, -595376, -409 
1721292149172.00, 56, -595393, -414 
1721292149193.00, 761, -595392, -382 
1721292149214.00, 1323, -595380, -337 
1721292149236.00, 1626, -595352, -314 
1721292149257.00, 1770, -595317, -299 
1721292149280.00, 1919, -595278, -294 
1721292149302.00, 2108, -595234, -275 
1721292149323.00, 2218, -595187, -239 
1721292149345.00, 2323, -595134, -168 
1721292149365.00, 2290, -595082, -95 
1721292149388.00, 2176, -595029, -54 
1721292149409.00, 2173, -594978, -12 
1721292149431.00, 2139, -594925, 55 
1721292149452.00, 5274, -594872, 130 
1721292149474.00, 11600, -594747, 193 
1721292149496.00, 19451, -594493, 251 
1721292149517.00, 27481, -594079, 314 
1721292149539.00, 35972, -593488, 381 
1721292149561.00, 40863, -592720, 442 
1721292149582.00, 43723, -591841, 511 
1721292149604.00, 43749, -590888, 541 
1721292149625.00, 43561, -589929, 701 
1721292149649.00, 43758, -588985, 740 
1721292149669.00, 43774, -588034, 783 
1721292149690.00, 43537, -587082, 805 
1721292149711.00, 43583, -586141, 771 
1721292149733.00, 43818, -585203, 746 
1721292149755.00, 43773, -584248, 760 
1721292149776.00, 43515, -583303, 761 
1721292149799.00, 43755, -582363, 750 
1721292149820.00, 43791, -581410, 753 
1721292149842.00, 43546, -580459, 796 
1721292149863.00, 43920, -579512, 831 
1721292149885.00, 43727, -578568, 869 
1721292149907.00, 43694, -577616, 859 
1721292149928.00, 43680, -576667, 888 
1721292149950.00, 43678, -575728, 945 
1721292149971.00, 43586, -574779, 944 
1721292149993.00, 43753, -573827, 959 
1721292150015.00, 43779, -572879, 989 
1721292150036.00, 43802, -571933, 1008 
1721292150058.00, 43637, -570980, 1007 
1721292150082.00, 43445, -570031, 1006 
1721292150101.00, 43730, -569091, 991 
1721292150123.00, 43897, -568144, 969 
1721292150145.00, 43575, -567193, 985 
1721292150166.00, 43835, -566248, 1003 
1721292150189.00, 43665, -565299, 1024 
1721292150210.00, 43602, -564344, 1041 
1721292150232.00, 43656, -563390, 1071 
1721292150254.00, 43893, -562445, 1095 
1721292150275.00, 43752, -561490, 1119 
1721292150297.00, 43743, -560536, 1153 
1721292150319.00, 43506, -559587, 1161 
1721292150340.00, 43708, -558639, 1177 
1721292150362.00, 43822, -557687, 1210 
1721292150384.00, 43933, -556735, 1222 
1721292150408.00, 43727, -555788, 1243 
1721292150426.00, 43543, -554834, 1252 
1721292150448.00, 43600, -553879, 1279 
1721292150471.00, 43785, -552936, 1278 
1721292150493.00, 43711, -551993, 1236 
1721292150518.00, 43537, -551037, 1261 
1721292150535.00, 43669, -550089, 1220 
1721292150557.00, 43646, -549146, 1207 
1721292150579.00, 43568, -548193, 1173 
1721292150601.00, 43536, -547241, 1166 
1721292150625.00, 43726, -546297, 1189 
1721292150644.00, 43801, -545350, 1161 
1721292150666.00, 43508, -544398, 1150 
1721292150688.00, 43535, -543450, 1127 
1721292150710.00, 43605, -542506, 1166 
1721292150731.00, 43691, -541552, 1153 
1721292150753.00, 43900, -540597, 1189 
1721292150775.00, 43615, -539657, 1181 
1721292150796.00, 43638, -538699, 1230 
1721292150818.00, 43730, -537749, 1242 
1721292150840.00, 43613, -536800, 1279 
1721292150862.00, 43623, -535850, 1271 
1721292150883.00, 43748, -534895, 1317 
1721292150905.00, 43738, -533938, 1369 
1721292150927.00, 43746, -532992, 1361 
1721292150948.00, 43499, -532036, 1396 
1721292150970.00, 43538, -531080, 1409 
1721292150992.00, 43761, -530137, 1398 
1721292151014.00, 43878, -529190, 1392 
1721292151035.00, 43509, -528237, 1376 
1721292151063.00, 43661, -527289, 1357 
1721292151079.00, 43781, -526347, 1380 
1721292151101.00, 43715, -525393, 1384 
1721292151122.00, 43748, -524434, 1414 
1721292151144.00, 43945, -523488, 1423 
1721292151166.00, 43821, -522535, 1448 
1721292151187.00, 43813, -521577, 1473 
1721292151209.00, 43540, -520626, 1488 
1721292151230.00, 43540, -519682, 1523 
1721292151253.00, 43830, -518728, 1539 
1721292151274.00, 43815, -517775, 1559 
1721292151296.00, 43716, -516829, 1569 
1721292151318.00, 43612, -515870, 1575 
1721292151340.00, 43411, -514911, 1614 
1721292151360.00, 43721, -513964, 1632 
1721292151382.00, 43720, -513023, 1627 
1721292151404.00, 43465, -512069, 1617 
1721292151426.00, 43472, -511119, 1606 
1721292151448.00, 43472, -510180, 1598 
1721292151470.00, 43455, -509226, 1563 
1721292151492.00, 43425, -508278, 1504 
1721292151513.00, 43721, -507334, 1461 
1721292151535.00, 43552, -506390, 1422 
1721292151557.00, 43505, -505437, 1365 
1721292151578.00, 43374, -504491, 1351 
1721292151600.00, 43469, -503552, 1292 
1721292151622.00, 43428, -502603, 1272 
1721292151643.00, 43469, -501654, 1249 
1721292151665.00, 43801, -500712, 1203 
1721292151687.00, 43745, -499763, 1221 
1721292151709.00, 43569, -498801, 1247 
1721292151730.00, 43656, -497850, 1262 
1721292151752.00, 43886, -496909, 1278 
1721292151774.00, 43794, -495947, 1289 
1721292151796.00, 43630, -494995, 1322 
1721292151818.00, 43400, -494054, 1324 
1721292151839.00, 43486, -493105, 1298 
1721292151862.00, 43626, -492147, 1331 
1721292151883.00, 43770, -491200, 1314 
1721292151904.00, 43718, -490257, 1299 
1721292151926.00, 43579, -489298, 1270 
1721292151948.00, 43753, -488349, 1244 
1721292151970.00, 43645, -487410, 1247 
1721292151992.00, 43548, -486461, 1232 
1721292152013.00, 43708, -485506, 1207 
1721292152035.00, 43843, -484559, 1189 
1721292152056.00, 43613, -483615, 1176 
1721292152078.00, 43503, -482655, 1128 
1721292152099.00, 43369, -481698, 1126 
1721292152122.00, 43530, -480768, 1109 
1721292152143.00, 43680, -479816, 1096 
1721292152169.00, 43620, -478868, 1031 
1721292152187.00, 43634, -477923, 1039 
1721292152209.00, 43707, -476981, 1003 
1721292152230.00, 43584, -476020, 1006 
1721292152252.00, 43683, -475068, 1027 
1721292152278.00, 44001, -474123, 1053 
1721292152295.00, 43739, -473166, 1050 
1721292152317.00, 43757, -472216, 1047 
1721292152338.00, 43375, -471270, 1076 
1721292152360.00, 43433, -470323, 1064 
1721292152383.00, 43667, -469370, 1067 
1721292152404.00, 43715, -468424, 1056 
1721292152426.00, 43610, -467483, 1014 
1721292152448.00, 43657, -466523, 1038 
1721292152469.00, 43604, -465567, 1040 
1721292152491.00, 43472, -464626, 1037 
1721292152513.00, 43539, -463680, 983 
1721292152534.00, 43821, -462730, 1004 
1721292152555.00, 43748, -461782, 1017 
1721292152578.00, 43585, -460844, 1013 
1721292152599.00, 43505, -459889, 1006 
1721292152621.00, 43652, -458934, 1034 
1721292152643.00, 43684, -457992, 1035 
1721292152665.00, 43561, -457044, 961 
1721292152686.00, 43601, -456092, 958 
1721292152710.00, 43629, -455147, 972 
1721292152730.00, 43363, -454213, 959 
1721292152750.00, 43442, -453271, 883 
1721292152773.00, 43612, -452332, 794 
1721292152794.00, 43622, -451396, 764 
1721292152817.00, 43655, -450446, 746 
1721292152837.00, 43558, -449501, 662 
1721292152859.00, 43618, -448560, 631 
1721292152881.00, 43613, -447622, 627 
1721292152902.00, 43446, -446677, 548 
1721292152927.00, 43609, -445738, 452 
1721292152945.00, 43835, -444811, 394 
1721292152967.00, 43620, -443859, 376 
1721292152989.00, 43441, -442912, 323 
1721292153011.00, 43568, -441982, 270 
1721292153032.00, 40794, -441049, 213 
1721292153054.00, 35940, -440156, 137 
1721292153075.00, 28406, -439379, 93 
1721292153097.00, 21377, -438765, 38 
1721292153118.00, 13886, -438312, -19 
1721292153143.00, 5896, -438009, -95 
1721292153161.00, -2901, -437873, -119 
1721292153183.00, -9837, -437923, -189 
1721292153205.00, -18436, -438130, -223 
1721292153226.00, -25100, -438513, -261 
1721292153248.00, -31533, -439047, -273 
1721292153270.00, -36264, -439724, -303 
1721292153291.00, -40731, -440508, -320 
1721292153313.00, -43526, -441388, -314 
1721292153334.00, -43717, -442327, -322 
1721292153357.00, -43749, -443274, -329 
1721292153378.00, -43735, -444233, -362 
1721292153399.00, -43771, -445183, -404 
1721292153421.00, -43787, -446124, -437 
1721292153443.00, -43796, -447079, -507 
1721292153465.00, -43563, -448033, -543 
1721292153485.00, -43836, -448972, -550 
1721292153508.00, -43760, -449926, -597 
1721292153529.00, -43663, -450886, -628 
1721292153551.00, -43604, -451833, -640 
1721292153572.00, -43783, -452778, -672 
1721292153599.00, -43696, -453728, -697 
1721292153616.00, -43496, -454684, -707 
1721292153637.00, -43746, -455619, -730 
1721292153660.00, -43672, -456569, -759 
1721292153681.00, -43565, -457523, -773 
1721292153703.00, -43795, -458469, -785 
1721292153724.00, -43720, -459414, -800 
1721292153746.00, -43715, -460368, -804 
1721292153767.00, -43650, -461319, -814 
1721292153789.00, -43700, -462256, -858 
1721292153811.00, -43668, -463198, -834 
1721292153832.00, -43723, -464157, -814 
1721292153853.00, -43650, -465099, -841 
1721292153875.00, -43643, -466040, -831 
1721292153897.00, -43617, -466995, -809 
1721292153919.00, -43698, -467945, -816 
1721292153940.00, -43748, -468887, -795 
1721292153962.00, -43584, -469832, -802 
1721292153984.00, -43643, -470788, -792 
1721292154005.00, -43717, -471723, -765 
1721292154027.00, -43559, -472665, -777 
1721292154049.00, -43457, -473616, -746 
1721292154070.00, -43781, -474564, -710 
1721292154092.00, -43710, -475503, -724 
1721292154114.00, -43679, -476454, -722 
1721292154135.00, -43598, -477412, -708 
1721292154157.00, -43728, -478346, -685 
1721292154179.00, -43489, -479288, -666 
1721292154200.00, -43585, -480239, -667 
1721292154222.00, -43727, -481181, -644 
1721292154246.00, -43462, -482117, -636 
1721292154265.00, -43552, -483069, -630 
1721292154286.00, -43715, -484022, -613 
1721292154308.00, -43527, -484960, -621 
1721292154330.00, -43571, -485905, -616 
1721292154352.00, -43714, -486859, -608 
1721292154373.00, -43612, -487798, -613 
1721292154395.00, -43601, -488736, -603 
1721292154417.00, -43690, -489691, -629 
1721292154438.00, -43582, -490642, -630 
1721292154460.00, -43589, -491579, -607 
1721292154482.00, -43730, -492526, -614 
1721292154503.00, -43687, -493483, -620 
1721292154525.00, -43774, -494423, -617 
1721292154546.00, -43650, -495360, -592 
1721292154568.00, -43731, -496312, -593 
1721292154590.00, -43598, -497262, -593 
1721292154611.00, -43794, -498198, -590 
1721292154633.00, -43711, -499143, -582 
1721292154655.00, -43659, -500103, -571 
1721292154678.00, -43632, -501044, -576 
1721292154698.00, -43770, -501990, -557 
1721292154720.00, -43584, -502941, -553 
1721292154741.00, -43657, -503890, -552 
1721292154762.00, -43679, -504823, -550 
1721292154786.00, -43750, -505775, -552 
1721292154806.00, -43473, -506727, -544 
1721292154828.00, -43571, -507665, -540 
1721292154849.00, -43610, -508609, -537 
1721292154871.00, -43474, -509563, -529 
1721292154895.00, -43591, -510506, -506 
1721292154914.00, -43494, -511442, -486 
1721292154936.00, -43522, -512389, -472 
1721292154957.00, -43751, -513336, -456 
1721292154980.00, -43655, -514269, -465 
1721292155001.00, -43501, -515216, -458 
1721292155022.00, -43596, -516174, -465 
1721292155044.00, -43681, -517118, -475 
1721292155066.00, -43786, -518062, -475 
1721292155088.00, -43660, -519014, -476 
1721292155109.00, -43706, -519965, -478 
1721292155130.00, -43626, -520896, -475 
1721292155152.00, -43692, -521843, -474 
1721292155174.00, -43679, -522800, -477 
1721292155196.00, -43608, -523743, -470 
1721292155222.00, -43592, -524682, -439 
1721292155239.00, -43724, -525633, -433 
1721292155261.00, -43566, -526582, -439 
1721292155282.00, -43705, -527517, -434 
1721292155304.00, -43767, -528466, -435 
1721292155325.00, -43716, -529421, -443 
1721292155347.00, -43574, -530360, -452 
1721292155369.00, -43794, -531297, -443 
1721292155390.00, -43571, -532253, -450 
1721292155412.00, -43527, -533203, -459 
1721292155434.00, -43724, -534141, -447 
1721292155455.00, -43653, -535091, -453 
1721292155477.00, -43444, -536045, -459 
1721292155499.00, -43599, -536982, -450 
1721292155520.00, -43646, -537921, -438 
1721292155541.00, -43591, -538873, -451 
1721292155564.00, -43716, -539818, -454 
1721292155585.00, -43633, -540756, -440 
1721292155607.00, -43552, -541706, -440 
1721292155628.00, -43780, -542662, -446 
1721292155650.00, -43656, -543599, -444 
1721292155672.00, -43516, -544539, -437 
1721292155693.00, -43586, -545496, -436 
1721292155715.00, -43775, -546435, -441 
1721292155736.00, -43739, -547373, -436 
1721292155758.00, -43681, -548325, -435 
1721292155780.00, -43657, -549280, -440 
1721292155801.00, -43673, -550220, -439 
1721292155823.00, -43728, -551166, -446 
1721292155845.00, -43820, -552120, -466 
1721292155866.00, -43655, -553067, -473 
1721292155888.00, -43662, -554005, -471 
1721292155910.00, -43726, -554955, -474 
1721292155931.00, -43587, -555905, -484 
1721292155953.00, -43488, -556845, -479 
1721292155974.00, -43671, -557788, -479 
1721292155996.00, -43718, -558738, -480 
1721292156018.00, -43605, -559680, -476 
1721292156039.00, -43694, -560623, -466 
1721292156061.00, -43717, -561570, -457 
1721292156082.00, -43474, -562517, -453 
1721292156104.00, -43689, -563452, -442 
1721292156126.00, -43662, -564393, -426 
1721292156148.00, -43601, -565349, -421 
1721292156169.00, -43685, -566293, -425 
1721292156191.00, -43738, -567236, -426 
1721292156212.00, -43530, -568190, -426 
1721292156234.00, -43812, -569135, -419 
1721292156255.00, -43700, -570072, -426 
1721292156277.00, -43463, -571016, -423 
1721292156299.00, -43522, -571967, -430 
1721292156320.00, -43675, -572911, -434 
1721292156342.00, -43591, -573853, -435 
1721292156364.00, -43721, -574804, -442 
1721292156385.00, -43804, -575752, -457 
1721292156407.00, -43566, -576690, -477 
1721292156428.00, -43555, -577638, -492 
1721292156450.00, -43564, -578590, -507 
1721292156472.00, -43533, -579527, -500 
1721292156493.00, -43781, -580472, -498 
1721292156515.00, -43725, -581422, -494 
1721292156536.00, -43616, -582369, -486 
1721292156558.00, -43520, -583307, -470 
1721292156580.00, -43742, -584251, -444 
1721292156602.00, -43621, -585197, -427 
1721292156623.00, -43735, -586140, -423 
1721292156645.00, -43691, -587082, -410 
1721292156667.00, -43583, -588032, -392 
1721292156688.00, -43606, -588976, -372 
1721292156709.00, -43779, -589916, -375 
1721292156731.00, -43613, -590863, -378 
1721292156754.00, -43692, -591812, -371 
1721292156775.00, -43763, -592753, -364 
1721292156796.00, -25082, -593695, -358 
1721292156818.00, -13442, -594263, -367 
1721292156840.00, -6595, -594573, -367 
1721292156861.00, -2662, -594729, -363 
1721292156883.00, -439, -594794, -376 
1721292156904.00, 74, -594809, -385 
1721292156926.00, 881, -594808, -372 
1721292156947.00, 1443, -594797, -351 
1721292156968.00, 1798, -594765, -325 
1721292156991.00, 2050, -594728, -294 
1721292157012.00, 2125, -594681, -259 
1721292157034.00, 2075, -594633, -225 
1721292157055.00, 2199, -594585, -193 
1721292157077.00, 2137, -594538, -159 
1721292157099.00, 2067, -594488, -115 
1721292157119.00, 2042, -594442, -82 
1721292157141.00, 2027, -594396, -50 
1721292157163.00, 1993, -594350, -4 
1721292157185.00, 2009, -594302, 42 
1721292157206.00, 4458, -594257, 87 
1721292157228.00, 8825, -594159, 114 
1721292157249.00, 12797, -593969, 151 
1721292157271.00, 17366, -593684, 211 
1721292157293.00, 23754, -593310, 256 
1721292157314.00, 30258, -592806, 291 
1721292157336.00, 36339, -592159, 319 
1721292157357.00, 41352, -591378, 360 
1721292157379.00, 43893, -590488, 397 
1721292157401.00, 43517, -589541, 431 
1721292157423.00, 43686, -588599, 456 
1721292157444.00, 43784, -587642, 490 
1721292157465.00, 43362, -586686, 530 
1721292157487.00, 43625, -585752, 495 
1721292157509.00, 43694, -584792, 649 
1721292157531.00, 43707, -583846, 629 
1721292157552.00, 43667, -582898, 663 
1721292157573.00, 43776, -581949, 708 
1721292157596.00, 43829, -580996, 702 
1721292157617.00, 43671, -580043, 736 
1721292157638.00, 43809, -579106, 742 
1721292157661.00, 43818, -578157, 738 
1721292157682.00, 43701, -577207, 756 
1721292157703.00, 43609, -576265, 764 
1721292157726.00, 43755, -575322, 767 
1721292157747.00, 43718, -574372, 776 
1721292157769.00, 43628, -573420, 789 
1721292157790.00, 43599, -572475, 790 
1721292157812.00, 43776, -571530, 790 
1721292157833.00, 43816, -570578, 815 
1721292157855.00, 43583, -569634, 851 
1721292157877.00, 43773, -568690, 846 
1721292157898.00, 43664, -567738, 844 
1721292157920.00, 43489, -566791, 841 
1721292157942.00, 43850, -565851, 847 
1721292157964.00, 43694, -564900, 843 
1721292157984.00, 43442, -563946, 840 
1721292158007.00, 43685, -563006, 834 
1721292158028.00, 43750, -562065, 828 
1721292158050.00, 43560, -561115, 835 
1721292158072.00, 43594, -560168, 821 
1721292158093.00, 43724, -559233, 804 
1721292158115.00, 43598, -558284, 785 
1721292158136.00, 43467, -557335, 779 
1721292158158.00, 43786, -556393, 771 
1721292158181.00, 43788, -555446, 780 
1721292158202.00, 43532, -554492, 802 
1721292158223.00, 43674, -553547, 806 
1721292158245.00, 43681, -552610, 812 
1721292158266.00, 43633, -551658, 810 
1721292158288.00, 43521, -550709, 824 
1721292158309.00, 43609, -549767, 833 
1721292158331.00, 43595, -548821, 812 
1721292158352.00, 43540, -547870, 818 
1721292158375.00, 43643, -546923, 826 
1721292158396.00, 43649, -545987, 818 
1721292158418.00, 43579, -545036, 824 
1721292158439.00, 43734, -544087, 815 
1721292158461.00, 43676, -543149, 823 
1721292158482.00, 43609, -542206, 806 
1721292158504.00, 43680, -541250, 811 
1721292158526.00, 43554, -540307, 797 
1721292158548.00, 43482, -539365, 795 
1721292158569.00, 43582, -538413, 817 
1721292158591.00, 43706, -537472, 805 
1721292158618.00, 43525, -536534, 793 
1721292158634.00, 43625, -535587, 787 
1721292158655.00, 43737, -534641, 772 
1721292158677.00, 43486, -533694, 767 
1721292158699.00, 43740, -532752, 778 
1721292158723.00, 43716, -531800, 770 
1721292158742.00, 43539, -530847, 784 
1721292158763.00, 43638, -529914, 785 
1721292158786.00, 43639, -528963, 779 
1721292158807.00, 43413, -528014, 788 
1721292158836.00, 43695, -527072, 792 
1721292158851.00, 43680, -526136, 784 
1721292158872.00, 43610, -525182, 793 
1721292158894.00, 43712, -524230, 810 
1721292158915.00, 43714, -523291, 808 
1721292158938.00, 43603, -522341, 793 
1721292158959.00, 43529, -521394, 787 
1721292158980.00, 43715, -520449, 785 
1721292159002.00, 43662, -519514, 773 
1721292159023.00, 43683, -518559, 776 
1721292159048.00, 43748, -517613, 775 
1721292159067.00, 43610, -516674, 778 
1721292159088.00, 43497, -515714, 780 
1721292159110.00, 43734, -514765, 797 
1721292159132.00, 43782, -513826, 813 
1721292159153.00, 43660, -512882, 834 
1721292159175.00, 43776, -511927, 868 
1721292159197.00, 43713, -510980, 889 
1721292159218.00, 43506, -510038, 908 
1721292159240.00, 43604, -509085, 904 
1721292159261.00, 43711, -508140, 906 
1721292159283.00, 43624, -507199, 901 
1721292159305.00, 43492, -506250, 893 
1721292159326.00, 43562, -505298, 894 
1721292159348.00, 43597, -504354, 909 
1721292159369.00, 43784, -503417, 925 
1721292159391.00, 43721, -502463, 949 
1721292159413.00, 43675, -501513, 962 
1721292159435.00, 43552, -500567, 994 
1721292159456.00, 43641, -499614, 1027 
1721292159477.00, 43767, -498657, 1069 
1721292159500.00, 43744, -497707, 1081 
1721292159522.00, 43753, -496764, 1097 
1721292159544.00, 43610, -495806, 1087 
1721292159565.00, 43856, -494855, 1081 
1721292159592.00, 43658, -493917, 1082 
1721292159608.00, 43531, -492963, 1092 
1721292159630.00, 43772, -492005, 1078 
1721292159652.00, 43870, -491056, 1106 
1721292159673.00, 43666, -490111, 1107 
1721292159696.00, 43583, -489151, 1115 
1721292159717.00, 43457, -488202, 1107 
1721292159739.00, 43536, -487261, 1124 
1721292159760.00, 43789, -486310, 1118 
1721292159782.00, 43607, -485360, 1116 
1721292159804.00, 43497, -484408, 1122 
1721292159826.00, 43527, -483460, 1142 
1721292159847.00, 43591, -482503, 1117 
1721292159869.00, 43639, -481555, 1133 
1721292159891.00, 43950, -480616, 1121 
1721292159912.00, 43763, -479660, 1131 
1721292159935.00, 43735, -478710, 1129 
1721292159956.00, 43553, -477766, 1131 
1721292159978.00, 43473, -476816, 1137 
1721292160000.00, 43779, -475859, 1136 
1721292160022.00, 43792, -474912, 1124 
1721292160043.00, 43604, -473968, 1127 
1721292160065.00, 43574, -473010, 1117 
1721292160086.00, 43681, -472061, 1117 
1721292160108.00, 43672, -471122, 1120 
1721292160130.00, 43698, -470169, 1128 
1721292160153.00, 43628, -469216, 1145 
1721292160173.00, 43765, -468263, 1122 
1721292160195.00, 43686, -467318, 1140 
1721292160217.00, 43533, -466360, 1124 
1721292160239.00, 43356, -465404, 1121 
1721292160264.00, 43782, -464466, 1101 
1721292160282.00, 43763, -463512, 1122 
1721292160303.00, 43637, -462565, 1117 
1721292160325.00, 43494, -461616, 1101 
1721292160347.00, 43495, -460675, 1102 
1721292160369.00, 43725, -459722, 1080 
1721292160390.00, 43756, -458772, 1089 
1721292160412.00, 43373, -457821, 1114 
1721292160434.00, 43453, -456871, 1093 
1721292160455.00, 43588, -455927, 1041 
1721292160477.00, 43500, -454980, 1047 
1721292160499.00, 43587, -454037, 1040 
1721292160521.00, 43882, -453087, 1025 
1721292160543.00, 43763, -452134, 1024 
1721292160564.00, 43591, -451191, 1011 
1721292160586.00, 43464, -450233, 990 
1721292160608.00, 43742, -449278, 1043 
1721292160630.00, 43716, -448338, 1046 
1721292160651.00, 43860, -447391, 1042 
1721292160673.00, 43597, -446435, 1046 
1721292160695.00, 43747, -445483, 1065 
1721292160716.00, 43680, -444545, 1021 
1721292160738.00, 43477, -443587, 1026 
1721292160760.00, 43557, -442636, 1015 
1721292160782.00, 43972, -441690, 1013 
1721292160803.00, 43615, -440741, 1011 
1721292160825.00, 43554, -439793, 980 
1721292160846.00, 43680, -438845, 948 
1721292160868.00, 43705, -437908, 960 
1721292160889.00, 43661, -436953, 949 
1721292160912.00, 43673, -436012, 890 
1721292160933.00, 43648, -435070, 857 
1721292160955.00, 43588, -434125, 826 
1721292160976.00, 43521, -433174, 802 
1721292160998.00, 43585, -432236, 752 
1721292161019.00, 24775, -431304, 691 
1721292161041.00, 13570, -430740, 669 
1721292161063.00, 6894, -430435, 601 
1721292161084.00, 2967, -430281, 590 
1721292161106.00, 464, -430215, 551 
1721292161128.00, -151, -430205, 461 
1721292161148.00, -1092, -430214, 335 
1721292161170.00, -1741, -430236, 226 
1721292161191.00, -2136, -430280, 95 
1721292161213.00, -2406, -430341, -4 
1721292161234.00, -2479, -430405, -130 
1721292161256.00, -10076, -430470, -254 
1721292161277.00, -21874, -430688, -323 
1721292161299.00, -32612, -431169, -405 
1721292161320.00, -39246, -431875, -529 
1721292161343.00, -42656, -432712, -590 
1721292161364.00, -43810, -433642, -651 
1721292161386.00, -43812, -434606, -719 
1721292161407.00, -43723, -435552, -746 
1721292161429.00, -43704, -436495, -790 
1721292161451.00, -43844, -437451, -817 
1721292161472.00, -43708, -438407, -872 
1721292161494.00, -43533, -439342, -864 
1721292161516.00, -43850, -440290, -886 
1721292161537.00, -43730, -441245, -889 
1721292161558.00, -43621, -442189, -903 
1721292161580.00, -43772, -443132, -928 
1721292161602.00, -43687, -444084, -913 
1721292161624.00, -43649, -445034, -881 
1721292161645.00, -43636, -445971, -908 
1721292161670.00, -43624, -446919, -884 
1721292161688.00, -43833, -447871, -888 
1721292161711.00, -43614, -448806, -882 
1721292161732.00, -43601, -449751, -865 
1721292161753.00, -43598, -450704, -841 
1721292161775.00, -43717, -451654, -803 
1721292161797.00, -43682, -452594, -807 
1721292161819.00, -43753, -453538, -791 
1721292161840.00, -43501, -454489, -761 
1721292161861.00, -43651, -455428, -755 
1721292161883.00, -43710, -456366, -729 
1721292161905.00, -43505, -457315, -728 
1721292161927.00, -43679, -458265, -726 
1721292161948.00, -43674, -459202, -707 
1721292161970.00, -43561, -460149, -701 
1721292161992.00, -43722, -461105, -703 
1721292162013.00, -43819, -462042, -718 
1721292162035.00, -43372, -462985, -696 
1721292162056.00, -43585, -463933, -662 
1721292162078.00, -43643, -464872, -648 
1721292162100.00, -43659, -465808, -615 
1721292162121.00, -43767, -466760, -596 
1721292162142.00, -43747, -467716, -593 
1721292162164.00, -43580, -468654, -600 
1721292162186.00, -43821, -469598, -592 
1721292162208.00, -43663, -470555, -604 
1721292162229.00, -43582, -471496, -619 
1721292162251.00, -43707, -472433, -605 
1721292162272.00, -43855, -473384, -630 
1721292162294.00, -43551, -474333, -648 
1721292162316.00, -43565, -475272, -634 
1721292162337.00, -43695, -476215, -612 
1721292162359.00, -43546, -477174, -635 
1721292162381.00, -43641, -478116, -635 
1721292162403.00, -43790, -479051, -624 
1721292162424.00, -43580, -480001, -637 
1721292162446.00, -43811, -480952, -655 
1721292162467.00, -43744, -481885, -657 
1721292162489.00, -43422, -482835, -631 
1721292162511.00, -43582, -483793, -635 
1721292162532.00, -43767, -484731, -633 
1721292162553.00, -43596, -485673, -633 
1721292162576.00, -43572, -486626, -620 
1721292162597.00, -43746, -487569, -594 
1721292162619.00, -43628, -488507, -612 
1721292162640.00, -43653, -489454, -601 
1721292162663.00, -43771, -490405, -571 
1721292162684.00, -43703, -491347, -569 
1721292162705.00, -43556, -492289, -540 
1721292162727.00, -43561, -493244, -523 
1721292162748.00, -43445, -494184, -492 
1721292162770.00, -43444, -495113, -425 
1721292162792.00, -43484, -496055, -366 
1721292162814.00, -43478, -497002, -295 
1721292162835.00, -42619, -497925, -222 
1721292162857.00, -37770, -498845, -199 
1721292162879.00, -33539, -499680, -221 
1721292162900.00, -32074, -500415, -223 
1721292162922.00, -31645, -501102, -231 
1721292162943.00, -31534, -501785, -257 
1721292162964.00, -32935, -502477, -293 
1721292162987.00, -36277, -503206, -326 
1721292163008.00, -39386, -503986, -360 
1721292163030.00, -41094, -504829, -373 
1721292163052.00, -42255, -505720, -383 
1721292163073.00, -42845, -506646, -394 
1721292163095.00, -43489, -507567, -413 
1721292163117.00, -43740, -508504, -426 
1721292163138.00, -43538, -509464, -461 
1721292163160.00, -43779, -510414, -496 
1721292163181.00, -43847, -511355, -515 
1721292163205.00, -43683, -512307, -548 
1721292163224.00, -43612, -513259, -575 
1721292163247.00, -43696, -514197, -586 
1721292163268.00, -43734, -515143, -588 
1721292163289.00, -43685, -516097, -592 
1721292163311.00, -43789, -517049, -590 
1721292163333.00, -43733, -517991, -601 
1721292163355.00, -43675, -518941, -626 
1721292163376.00, -43592, -519895, -620 
1721292163398.00, -43644, -520830, -619 
1721292163420.00, -43531, -521777, -637 
1721292163441.00, -43565, -522730, -652 
1721292163462.00, -43611, -523675, -632 
1721292163485.00, -43627, -524614, -640 
1721292163506.00, -43650, -525561, -648 
1721292163528.00, -43827, -526517, -642 
1721292163549.00, -43638, -527452, -639 
1721292163571.00, -43512, -528398, -642 
1721292163593.00, -43659, -529350, -639 
1721292163614.00, -43775, -530290, -625 
1721292163641.00, -43488, -531229, -639 
1721292163658.00, -43493, -532182, -629 
1721292163679.00, -43609, -533131, -608 
1721292163701.00, -43633, -534067, -604 
1721292163723.00, -43696, -535014, -603 
1721292163744.00, -43785, -535971, -597 
1721292163766.00, -43522, -536913, -601 
1721292163787.00, -43773, -537854, -589 
1721292163809.00, -43611, -538801, -599 
1721292163831.00, -43547, -539752, -603 
1721292163853.00, -43549, -540690, -591 
1721292163874.00, -43743, -541637, -600 
1721292163895.00, -43464, -542589, -602 
1721292163917.00, -43771, -543531, -582 
1721292163939.00, -43703, -544470, -567 
1721292163960.00, -43514, -545422, -574 
1721292163982.00, -43471, -546370, -577 
1721292164004.00, -43503, -547303, -550 
1721292164026.00, -43487, -548251, -537 
1721292164047.00, -43687, -549202, -534 
1721292164068.00, -43714, -550144, -547 
1721292164090.00, -43720, -551088, -541 
1721292164112.00, -43666, -552042, -552 
1721292164134.00, -43707, -552989, -564 
1721292164155.00, -43582, -553929, -559 
1721292164177.00, -43601, -554872, -535 
1721292164199.00, -43732, -555826, -550 
1721292164220.00, -43778, -556766, -547 
1721292164241.00, -43613, -557710, -537 
1721292164264.00, -43715, -558660, -520 
1721292164284.00, -43787, -559606, -524 
1721292164306.00, -43522, -560548, -524 
1721292164328.00, -43670, -561496, -520 
1721292164350.00, -43763, -562444, -510 
1721292164372.00, -43618, -563381, -512 
1721292164393.00, -43628, -564328, -526 
1721292164415.00, -43672, -565282, -531 
1721292164437.00, -43704, -566227, -520 
1721292164458.00, -43863, -567171, -518 
1721292164480.00, -43735, -568120, -521 
1721292164501.00, -43757, -569072, -520 
1721292164523.00, -43433, -570010, -522 
1721292164545.00, -43630, -570953, -515 
1721292164567.00, -43757, -571901, -514 
1721292164588.00, -43485, -572845, -514 
1721292164610.00, -43632, -573791, -512 
1721292164634.00, -43806, -574740, -510 
1721292164653.00, -43545, -575688, -500 
1721292164675.00, -43693, -576628, -510 
1721292164696.00, -43799, -577573, -522 
1721292164718.00, -43570, -578523, -530 
1721292164740.00, -43610, -579466, -527 
1721292164761.00, -43795, -580408, -535 
1721292164783.00, -43589, -581360, -537 
1721292164804.00, -43668, -582310, -523 
1721292164826.00, -43790, -583248, -524 
1721292164848.00, -43762, -584193, -518 
1721292164869.00, -43668, -585141, -510 
1721292164891.00, -43769, -586088, -514 
1721292164912.00, -43768, -587028, -487 
1721292164934.00, -43584, -587977, -462 
1721292164956.00, -43747, -588925, -464 
1721292164977.00, -43652, -589864, -485 
1721292165000.00, -43562, -590812, -460 
1721292165021.00, -43711, -591760, -434 
1721292165042.00, -43899, -592703, -434 
1721292165065.00, -43478, -593646, -431 
1721292165086.00, -24582, -594588, -404 
1721292165107.00, -13271, -595150, -397 
1721292165128.00, -6691, -595456, -395 
1721292165150.00, -2867, -595606, -364 
1721292165176.00, -580, -595672, -362 
1721292165193.00, 60, -595688, -370 
1721292165215.00, 837, -595688, -336 
1721292165236.00, 1536, -595674, -262 
1721292165258.00, 1974, -595639, -157 
1721292165283.00, 2108, -595591, -77 
1721292165301.00, 2170, -595539, -35 
1721292165322.00, 2210, -595488, 17 
1721292165344.00, 3284, -595438, 58 
1721292165366.00, 6254, -595366, 101 
1721292165388.00, 10617, -595227, 156 
1721292165409.00, 16633, -594995, 203 
1721292165431.00, 22846, -594636, 252 
1721292165453.00, 29701, -594141, 313 
1721292165474.00, 37148, -593499, 375 
1721292165496.00, 41737, -592704, 444 
1721292165517.00, 43870, -591806, 515 
1721292165539.00, 43643, -590852, 555 
1721292165561.00, 43880, -589899, 591 
1721292165582.00, 43736, -588949, 717 
1721292165608.00, 43708, -588004, 683 
1721292165625.00, 43689, -587050, 673 
1721292165647.00, 43821, -586103, 767 
1721292165668.00, 43775, -585157, 780 
1721292165690.00, 43567, -584206, 804 
1721292165712.00, 43694, -583255, 830 
1721292165734.00, 43733, -582313, 852 
1721292165755.00, 43719, -581360, 872 
1721292165777.00, 43612, -580411, 894 
1721292165798.00, 43829, -579462, 924 
1721292165820.00, 43707, -578521, 919 
1721292165842.00, 43552, -577572, 936 
1721292165863.00, 43660, -576620, 974 
1721292165885.00, 43651, -575683, 977 
1721292165906.00, 43584, -574728, 1000 
1721292165928.00, 43699, -573777, 1004 
1721292165950.00, 43772, -572826, 1010 
1721292165972.00, 43732, -571874, 1030 
1721292165993.00, 43651, -570920, 1030 
1721292166015.00, 43545, -569970, 1065 
1721292166037.00, 43891, -569027, 1061 
1721292166059.00, 43873, -568074, 1062 
1721292166080.00, 43568, -567117, 1083 
1721292166102.00, 43557, -566172, 1066 
1721292166124.00, 43659, -565222, 1077 
1721292166146.00, 43778, -564267, 1083 
1721292166167.00, 43786, -563317, 1085 
1721292166189.00, 43759, -562374, 1079 
1721292166211.00, 43570, -561420, 1057 
1721292166233.00, 43732, -560468, 1061 
1721292166254.00, 43594, -559522, 1098 
1721292166276.00, 43751, -558574, 1086 
1721292166298.00, 43771, -557619, 1110 
1721292166319.00, 43705, -556668, 1086 
1721292166341.00, 43741, -555723, 1106 
1721292166363.00, 43642, -554768, 1097 
1721292166385.00, 43487, -553818, 1088 
1721292166406.00, 43744, -552874, 1092 
1721292166428.00, 43996, -551924, 1067 
1721292166450.00, 43639, -550970, 1086 
1721292166471.00, 43624, -550019, 1078 
1721292166493.00, 43447, -549075, 1079 
1721292166514.00, 43776, -548119, 1086 
1721292166537.00, 43762, -547164, 1049 
1721292166559.00, 43712, -546227, 1013 
1721292166580.00, 43491, -545274, 997 
1721292166604.00, 43730, -544327, 978 
1721292166623.00, 43546, -543386, 966 
1721292166644.00, 43368, -542443, 962 
1721292166667.00, 43845, -541489, 979 
1721292166688.00, 43858, -540540, 1002 
1721292166710.00, 43730, -539593, 1029 
1721292166732.00, 43424, -538639, 1065 
1721292166753.00, 43685, -537683, 1087 
1721292166775.00, 43758, -536740, 1078 
1721292166797.00, 43642, -535792, 1066 
1721292166818.00, 43578, -534836, 1057 
1721292166840.00, 43690, -533886, 1051 
1721292166862.00, 43768, -532943, 1051 
1721292166884.00, 43644, -531980, 1076 
1721292166906.00, 43629, -531027, 1096 
1721292166927.00, 43779, -530082, 1107 
1721292166949.00, 43743, -529129, 1148 
1721292166971.00, 43772, -528173, 1195 
1721292166993.00, 43751, -527219, 1235 
1721292167014.00, 43549, -526278, 1245 
1721292167036.00, 43676, -525323, 1245 
1721292167058.00, 43946, -524367, 1252 
1721292167079.00, 43797, -523423, 1253 
1721292167101.00, 43648, -522471, 1249 
1721292167123.00, 43346, -521512, 1276 
1721292167145.00, 43726, -520566, 1279 
1721292167166.00, 43810, -519629, 1294 
1721292167188.00, 43852, -518673, 1304 
1721292167210.00, 43593, -517716, 1328 
1721292167231.00, 43721, -516773, 1306 
1721292167252.00, 43710, -515816, 1338 
1721292167275.00, 43631, -514859, 1347 
1721292167297.00, 43677, -513912, 1367 
1721292167318.00, 43895, -512963, 1397 
1721292167340.00, 43729, -512011, 1403 
1721292167362.00, 43700, -511056, 1429 
1721292167383.00, 43761, -510116, 1428 
1721292167406.00, 43519, -509158, 1438 
1721292167426.00, 43841, -508206, 1410 
1721292167448.00, 43814, -507259, 1431 
1721292167471.00, 43666, -506312, 1407 
1721292167492.00, 43594, -505356, 1414 
1721292167513.00, 43716, -504405, 1429 
1721292167536.00, 43875, -503461, 1464 
1721292167558.00, 43868, -502506, 1477 
1721292167584.00, 43538, -501552, 1495 
1721292167601.00, 43617, -500605, 1496 
1721292167622.00, 43717, -499654, 1529 
1721292167644.00, 43547, -498698, 1509 
1721292167666.00, 43608, -497748, 1506 
1721292167689.00, 43719, -496808, 1506 
1721292167708.00, 43688, -495853, 1488 
1721292167731.00, 43753, -494900, 1504 
1721292167753.00, 43514, -493958, 1495 
1721292167774.00, 43501, -493005, 1507 
1721292167796.00, 43766, -492052, 1525 
1721292167818.00, 43700, -491099, 1524 
1721292167840.00, 43592, -490158, 1545 
1721292167862.00, 43570, -489201, 1535 
1721292167883.00, 43538, -488249, 1555 
1721292167905.00, 43731, -487310, 1538 
1721292167926.00, 43635, -486357, 1566 
1721292167948.00, 43670, -485404, 1535 
1721292167970.00, 43464, -484452, 1564 
1721292167991.00, 43687, -483506, 1525 
1721292168016.00, 43594, -482551, 1557 
1721292168035.00, 43644, -481597, 1520 
1721292168057.00, 43803, -480660, 1509 
1721292168078.00, 43590, -479708, 1500 
1721292168100.00, 43630, -478755, 1502 
1721292168129.00, 43508, -477810, 1478 
1721292168144.00, 43453, -476860, 1494 
1721292168166.00, 43657, -475909, 1463 
1721292168187.00, 43727, -474953, 1485 
1721292168209.00, 43411, -474010, 1511 
1721292168230.00, 43586, -473053, 1499 
1721292168253.00, 43662, -472104, 1539 
1721292168274.00, 43822, -471163, 1501 
1721292168296.00, 43507, -470211, 1529 
1721292168317.00, 43626, -469261, 1491 
1721292168339.00, 43791, -468303, 1521 
1721292168361.00, 43781, -467362, 1496 
1721292168383.00, 43360, -466400, 1531 
1721292168405.00, 43677, -465446, 1524 
1721292168426.00, 43870, -464506, 1518 
1721292168447.00, 43606, -463554, 1510 
1721292168470.00, 43499, -462602, 1500 
1721292168491.00, 43570, -461656, 1512 
1721292168513.00, 43645, -460717, 1485 
1721292168535.00, 43534, -459762, 1507 
1721292168557.00, 43772, -458815, 1463 
1721292168578.00, 43741, -457868, 1476 
1721292168600.00, 43673, -456917, 1432 
1721292168622.00, 43526, -455965, 1437 
1721292168644.00, 43496, -455013, 1437 
1721292168665.00, 43706, -454074, 1426 
1721292168687.00, 43744, -453122, 1438 
1721292168709.00, 43863, -452171, 1415 
1721292168730.00, 43521, -451228, 1418 
1721292168752.00, 43640, -450270, 1383 
1721292168774.00, 43479, -449315, 1404 
1721292168796.00, 43497, -448376, 1370 
1721292168817.00, 43772, -447430, 1348 
1721292168839.00, 43825, -446480, 1336 
1721292168861.00, 43679, -445528, 1342 
1721292168882.00, 43443, -444589, 1334 
1721292168904.00, 43384, -443633, 1289 
1721292168926.00, 43564, -442687, 1274 
1721292168948.00, 43669, -441748, 1241 
1721292168969.00, 43331, -440795, 1257 
1721292168991.00, 43491, -439847, 1221 
1721292169013.00, 43481, -438902, 1182 
1721292169034.00, 43345, -437964, 1160 
1721292169056.00, 43593, -437009, 1138 
1721292169077.00, 43729, -436064, 1142 
1721292169100.00, 43515, -435120, 1086 
1721292169122.00, 43428, -434172, 1070 
1721292169143.00, 43559, -433220, 1070 
1721292169165.00, 43619, -432277, 1016 
1721292169186.00, 24838, -431337, 998 
1721292169208.00, 13588, -430770, 1030 
1721292169231.00, 7058, -430463, 970 
1721292169251.00, 3087, -430307, 968 
1721292169272.00, 577, -430235, 970 
1721292169294.00, -41, -430223, 904 
1721292169315.00, -719, -430227, 812 
1721292169336.00, -1458, -430238, 726 
1721292169358.00, -2097, -430270, 653 
1721292169379.00, -2451, -430318, 547 
1721292169401.00, -2506, -430374, 451 
1721292169422.00, -2438, -430433, 361 
1721292169444.00, -2441, -430492, 275 
1721292169465.00, -2294, -430550, 202 
1721292169487.00, -2146, -430608, 136 
1721292169508.00, -2001, -430660, 81 
1721292169529.00, -2012, -430708, 39 
1721292169551.00, -1974, -430760, -4 
1721292169572.00, -1879, -430810, -63 
1721292169594.00, -5648, -430855, -110 
1721292169615.00, -10819, -430978, -159 
1721292169637.00, -16538, -431212, -214 
1721292169661.00, -23124, -431574, -277 
1721292169680.00, -31027, -432072, -313 
1721292169702.00, -37926, -432733, -369 
1721292169724.00, -41783, -433551, -399 
1721292169746.00, -43894, -434471, -476 
1721292169770.00, -43689, -435421, -498 
1721292169789.00, -43730, -436361, -519 
1721292169810.00, -43695, -437318, -565 
1721292169832.00, -43628, -438276, -585 
1721292169853.00, -43716, -439213, -594 
1721292169880.00, -43735, -440159, -606 
1721292169897.00, -43473, -441113, -604 
1721292169919.00, -43865, -442061, -619 
1721292169940.00, -43698, -443000, -639 
1721292169962.00, -43434, -443952, -637 
1721292169983.00, -43705, -444905, -622 
1721292170005.00, -43737, -445842, -616 
1721292170027.00, -43580, -446787, -604 
1721292170048.00, -43600, -447740, -593 
1721292170070.00, -43753, -448678, -595 
1721292170095.00, -43766, -449620, -585 
1721292170113.00, -43637, -450574, -576 
1721292170135.00, -43736, -451528, -565 
1721292170157.00, -43835, -452466, -552 
1721292170178.00, -43491, -453412, -556 
1721292170202.00, -43577, -454366, -550 
1721292170222.00, -43792, -455303, -544 
1721292170243.00, -43758, -456241, -538 
1721292170265.00, -43689, -457197, -540 
1721292170286.00, -43755, -458149, -536 
1721292170310.00, -43679, -459085, -527 
1721292170330.00, -43604, -460037, -538 
1721292170351.00, -43760, -460991, -532 
1721292170373.00, -43615, -461927, -539 
1721292170395.00, -43462, -462872, -546 
1721292170416.00, -43608, -463822, -555 
1721292170438.00, -43712, -464765, -542 
1721292170460.00, -43628, -465703, -535 
1721292170481.00, -43567, -466656, -551 
1721292170503.00, -43730, -467612, -549 
1721292170525.00, -43498, -468549, -535 
1721292170546.00, -43576, -469491, -524 
1721292170568.00, -43702, -470447, -521 
1721292170589.00, -43600, -471388, -504 
1721292170611.00, -43714, -472320, -485 
1721292170633.00, -43801, -473275, -488 
1721292170654.00, -43553, -474225, -478 
1721292170676.00, -43612, -475164, -491 
1721292170697.00, -43726, -476112, -494 
1721292170719.00, -43591, -477068, -494 
1721292170741.00, -43660, -478010, -495 
1721292170762.00, -43768, -478950, -494 
1721292170784.00, -43667, -479900, -504 
1721292170806.00, -43588, -480852, -489 
1721292170827.00, -43680, -481783, -492 
1721292170849.00, -43764, -482732, -489 
1721292170871.00, -43575, -483693, -487 
1721292170892.00, -43744, -484635, -493 
1721292170913.00, -43840, -485578, -492 
1721292170936.00, -43632, -486529, -503 
1721292170957.00, -43558, -487476, -501 
1721292170978.00, -43688, -488414, -504 
1721292171001.00, -43613, -489359, -514 
1721292171022.00, -43539, -490317, -520 
1721292171044.00, -43652, -491253, -525 
1721292171066.00, -43741, -492199, -509 
1721292171087.00, -43701, -493154, -517 
1721292171109.00, -43733, -494102, -506 
1721292171130.00, -43671, -495032, -484 
1721292171152.00, -43508, -495983, -490 
1721292171174.00, -43650, -496940, -486 
1721292171199.00, -43726, -497871, -481 
1721292171217.00, -43519, -498812, -472 
1721292171239.00, -43504, -499771, -471 
1721292171260.00, -43536, -500715, -464 
1721292171282.00, -43537, -501654, -452 
1721292171307.00, -43646, -502604, -465 
1721292171325.00, -43773, -503556, -455 
1721292171347.00, -43536, -504490, -451 
1721292171369.00, -43741, -505433, -459 
1721292171390.00, -43610, -506389, -463 
1721292171412.00, -43471, -507331, -461 
1721292171433.00, -43584, -508271, -456 
1721292171455.00, -43756, -509221, -458 
1721292171477.00, -43431, -510175, -451 
1721292171499.00, -43657, -511111, -464 
1721292171523.00, -43680, -512055, -459 
1721292171541.00, -43471, -513007, -459 
1721292171563.00, -43563, -513948, -469 
1721292171585.00, -43588, -514887, -469 
1721292171607.00, -43371, -515840, -480 
1721292171631.00, -43589, -516795, -483 
1721292171649.00, -43714, -517730, -486 
1721292171671.00, -43604, -518678, -494 
1721292171693.00, -43669, -519632, -503 
1721292171715.00, -43810, -520570, -509 
1721292171742.00, -43496, -521512, -503 
1721292171758.00, -43651, -522464, -511 
1721292171780.00, -43854, -523413, -523 
1721292171801.00, -43691, -524353, -522 
1721292171822.00, -43641, -525299, -527 
1721292171847.00, -43799, -526255, -528 
1721292171866.00, -43687, -527194, -525 
1721292171887.00, -43604, -528137, -525 
1721292171909.00, -43671, -529089, -533 
1721292171930.00, -43785, -530035, -542 
1721292171956.00, -43552, -530976, -529 
1721292171974.00, -43678, -531921, -525 
1721292171996.00, -43681, -532875, -530 
1721292172017.00, -43586, -533817, -528 
1721292172039.00, -43776, -534760, -526 
1721292172064.00, -43668, -535715, -523 
1721292172082.00, -43542, -536661, -517 
1721292172104.00, -43636, -537596, -497 
1721292172125.00, -43711, -538541, -490 
1721292172147.00, -43608, -539490, -483 
1721292172169.00, -43554, -540427, -469 
1721292172190.00, -43640, -541372, -455 
1721292172212.00, -43648, -542326, -447 
1721292172234.00, -43679, -543270, -443 
1721292172255.00, -43791, -544207, -435 
1721292172282.00, -43571, -545157, -450 
1721292172299.00, -43573, -546110, -468 
1721292172320.00, -43721, -547050, -476 
1721292172341.00, -43656, -547996, -489 
1721292172364.00, -43523, -548952, -507 
1721292172386.00, -43708, -549896, -510 
1721292172407.00, -43754, -550834, -506 
1721292172428.00, -43553, -551788, -502 
1721292172450.00, -43671, -552737, -499 
1721292172472.00, -43653, -553668, -475 
1721292172493.00, -43654, -554617, -471 
1721292172514.00, -43705, -555570, -485 
1721292172537.00, -43680, -556510, -487 
1721292172558.00, -43438, -557453, -480 
1721292172580.00, -43633, -558406, -491 
1721292172602.00, -43694, -559353, -502 
1721292172623.00, -43756, -560290, -494 
1721292172645.00, -43773, -561237, -496 
1721292172668.00, -43690, -562189, -511 
1721292172688.00, -43504, -563127, -507 
1721292172710.00, -43738, -564071, -494 
1721292172732.00, -43686, -565022, -502 
1721292172753.00, -43645, -565975, -515 
1721292172774.00, -43654, -566912, -502 
1721292172796.00, -43824, -567860, -498 
1721292172817.00, -43458, -568813, -521 
1721292172839.00, -43395, -569753, -516 
1721292172861.00, -43603, -570688, -489 
1721292172883.00, -43652, -571633, -487 
1721292172904.00, -43673, -572582, -491 
1721292172926.00, -43674, -573525, -491 
1721292172948.00, -43609, -574475, -484 
1721292172969.00, -43622, -575425, -490 
1721292172991.00, -43789, -576366, -494 
1721292173013.00, -43706, -577309, -492 
1721292173034.00, -43639, -578257, -496 
1721292173056.00, -43864, -579202, -497 
1721292173078.00, -43747, -580143, -508 
1721292173099.00, -43525, -581092, -500 
1721292173121.00, -43717, -582044, -489 
1721292173142.00, -43728, -582985, -487 
1721292173167.00, -43759, -583926, -476 
1721292173185.00, -43618, -584877, -483 
1721292173207.00, -43665, -585821, -469 
1721292173229.00, -43565, -586761, -456 
1721292173251.00, -43790, -587711, -453 
1721292173276.00, -43685, -588658, -443 
1721292173294.00, -43636, -589594, -431 
1721292173316.00, -43579, -590539, -423 
1721292173337.00, -43703, -591492, -424 
1721292173358.00, -43714, -592435, -405 
1721292173380.00, -43697, -593377, -394 
1721292173402.00, -24791, -594321, -404 
1721292173424.00, -13503, -594885, -401 
1721292173445.00, -6987, -595195, -391 
1721292173466.00, -2977, -595352, -397 
1721292173488.00, -528, -595423, -412 
1721292173510.00, 79, -595435, -373 
1721292173531.00, 870, -595435, -328 
1721292173553.00, 1440, -595421, -297 
1721292173574.00, 1829, -595390, -253 
1721292173596.00, 2076, -595346, -195 
1721292173617.00, 2265, -595296, -118 
1721292173639.00, 2337, -595243, -33 
1721292173661.00, 2299, -595183, 58 
1721292173682.00, 5998, -595123, 144 
1721292173705.00, 13473, -594990, 239 
1721292173725.00, 23392, -594698, 384 
1721292173747.00, 33624, -594198, 459 
1721292173769.00, 39786, -593481, 491 
1721292173790.00, 43159, -592624, 616 
1721292173813.00, 43838, -591698, 623 
1721292173834.00, 43755, -590741, 649 
1721292173856.00, 43736, -589790, 691 
1721292173877.00, 43726, -588848, 715 
1721292173899.00, 43806, -587895, 741 
1721292173920.00, 43555, -586944, 753 
1721292173942.00, 43868, -585999, 769 
1721292173963.00, 43737, -585055, 785 
1721292173986.00, 43631, -584101, 799 
1721292174007.00, 43730, -583154, 818 
1721292174032.00, 43671, -582211, 814 
1721292174050.00, 43480, -581259, 828 
1721292174072.00, 43784, -580309, 823 
1721292174093.00, 43739, -579365, 831 
1721292174115.00, 43754, -578420, 850 
1721292174137.00, 43684, -577468, 868 
1721292174158.00, 43790, -576518, 921 
1721292174180.00, 43773, -575580, 950 
1721292174201.00, 43754, -574626, 969 
1721292174223.00, 43640, -573673, 975 
1721292174245.00, 43813, -572729, 973 
1721292174266.00, 43622, -571781, 996 
1721292174288.00, 43508, -570833, 995 
1721292174310.00, 43675, -569890, 1013 
1721292174331.00, 43752, -568945, 1041 
1721292174353.00, 43593, -567990, 1063 
1721292174375.00, 43641, -567030, 1103 
1721292174396.00, 43714, -566088, 1110 
1721292174419.00, 43731, -565137, 1126 
1721292174440.00, 43708, -564176, 1163 
1721292174462.00, 43675, -563225, 1176 
1721292174484.00, 43553, -562283, 1199 
1721292174506.00, 43614, -561329, 1201 
1721292174527.00, 43507, -560375, 1219 
1721292174549.00, 43723, -559432, 1243 
1721292174571.00, 43614, -558484, 1248 
1721292174592.00, 43740, -557526, 1269 
1721292174614.00, 43687, -556578, 1280 
1721292174635.00, 43700, -555633, 1288 
1721292174658.00, 43589, -554675, 1284 
1721292174679.00, 43623, -553722, 1294 
1721292174701.00, 43798, -552783, 1306 
1721292174723.00, 43903, -551829, 1327 
1721292174744.00, 43457, -550873, 1361 
1721292174766.00, 43572, -549922, 1381 
1721292174787.00, 43676, -548977, 1400 
1721292174809.00, 43659, -548020, 1419 
1721292174831.00, 43779, -547068, 1434 
1721292174853.00, 43703, -546123, 1449 
1721292174874.00, 43656, -545167, 1462 
1721292174897.00, 43700, -544214, 1462 
1721292174918.00, 43640, -543267, 1490 
1721292174940.00, 43619, -542321, 1488 
1721292174961.00, 43675, -541364, 1500 
1721292174983.00, 43760, -540410, 1508 
1721292175005.00, 43664, -539468, 1513 
1721292175027.00, 43486, -538512, 1498 
1721292175048.00, 43646, -537560, 1490 
1721292175070.00, 43859, -536618, 1498 
1721292175092.00, 43775, -535671, 1496 
1721292175114.00, 43497, -534720, 1486 
1721292175136.00, 43668, -533764, 1490 
1721292175158.00, 43704, -532821, 1473 
1721292175179.00, 43710, -531866, 1481 
1721292175200.00, 43630, -530914, 1469 
1721292175222.00, 43861, -529972, 1466 
1721292175244.00, 43740, -529018, 1474 
1721292175266.00, 43748, -528066, 1477 
1721292175288.00, 43444, -527118, 1493 
1721292175309.00, 43499, -526173, 1489 
1721292175331.00, 43827, -525221, 1490 
1721292175353.00, 43674, -524267, 1492 
1721292175374.00, 43487, -523325, 1506 
1721292175396.00, 43470, -522370, 1519 
1721292175418.00, 43600, -521417, 1524 
1721292175440.00, 43791, -520473, 1532 
1721292175461.00, 43621, -519529, 1546 
1721292175483.00, 43414, -518575, 1519 
1721292175504.00, 43629, -517620, 1546 
1721292175526.00, 43568, -516679, 1553 
1721292175548.00, 43440, -515724, 1538 
1721292175570.00, 43689, -514771, 1539 
1721292175592.00, 43804, -513828, 1545 
1721292175614.00, 43630, -512881, 1558 
1721292175635.00, 43420, -511925, 1534 
1721292175656.00, 43373, -510979, 1511 
1721292175682.00, 43564, -510041, 1519 
1721292175700.00, 43615, -509084, 1539 
1721292175722.00, 43539, -508132, 1535 
1721292175744.00, 43787, -507187, 1540 
1721292175766.00, 43760, -506236, 1562 
1721292175787.00, 43572, -505280, 1564 
1721292175809.00, 43710, -504330, 1579 
1721292175831.00, 43767, -503390, 1579 
1721292175853.00, 43647, -502434, 1577 
1721292175874.00, 43790, -501480, 1597 
1721292175895.00, 43592, -500532, 1620 
1721292175918.00, 43528, -499578, 1625 
1721292175939.00, 43804, -498622, 1641 
1721292175961.00, 43822, -497671, 1677 
1721292175983.00, 43744, -496729, 1661 
1721292176005.00, 43445, -495771, 1657 
1721292176026.00, 43755, -494823, 1650 
1721292176048.00, 43813, -493883, 1645 
1721292176070.00, 43678, -492932, 1647 
1721292176091.00, 43655, -491978, 1619 
1721292176114.00, 43641, -491023, 1623 
1721292176135.00, 43702, -490082, 1594 
1721292176157.00, 43688, -489126, 1622 
1721292176178.00, 43523, -488174, 1588 
1721292176200.00, 43387, -487234, 1594 
1721292176221.00, 43717, -486283, 1595 
1721292176244.00, 43642, -485333, 1613 
1721292176265.00, 43553, -484382, 1599 
1721292176287.00, 43537, -483432, 1597 
1721292176308.00, 43562, -482478, 1607 
1721292176330.00, 43880, -481524, 1588 
1721292176352.00, 43652, -480588, 1624 
1721292176374.00, 43684, -479632, 1600 
1721292176396.00, 43782, -478681, 1638 
1721292176417.00, 43685, -477736, 1607 
1721292176439.00, 43638, -476784, 1623 
1721292176461.00, 43649, -475830, 1603 
1721292176482.00, 43730, -474877, 1607 
1721292176504.00, 43649, -473934, 1604 
1721292176525.00, 43658, -472978, 1583 
1721292176547.00, 43434, -472026, 1581 
1721292176569.00, 43442, -471085, 1567 
1721292176591.00, 43714, -470142, 1546 
1721292176613.00, 43622, -469193, 1522 
1721292176634.00, 43561, -468236, 1527 
1721292176656.00, 43648, -467297, 1498 
1721292176678.00, 43652, -466339, 1493 
1721292176699.00, 43562, -465384, 1460 
1721292176722.00, 43736, -464446, 1440 
1721292176743.00, 43762, -463493, 1431 
1721292176768.00, 43686, -462543, 1415 
1721292176787.00, 43545, -461599, 1381 
1721292176808.00, 43418, -460656, 1363 
1721292176829.00, 43701, -459703, 1347 
1721292176852.00, 43750, -458751, 1340 
1721292176875.00, 43521, -457811, 1322 
1721292176895.00, 43496, -456858, 1300 
1721292176917.00, 43585, -455906, 1313 
1721292176939.00, 43621, -454961, 1304 
1721292176960.00, 43659, -454018, 1299 
1721292176982.00, 43752, -453066, 1287 
1721292177004.00, 43733, -452114, 1292 
1721292177026.00, 43608, -451166, 1281 
1721292177047.00, 43389, -450208, 1270 
1721292177069.00, 43481, -449258, 1265 
1721292177091.00, 43637, -448314, 1242 
1721292177113.00, 43792, -447371, 1242 
1721292177134.00, 43646, -446417, 1218 
1721292177156.00, 43697, -445467, 1210 
1721292177178.00, 43736, -444525, 1217 
1721292177199.00, 43612, -443568, 1213 
1721292177221.00, 43749, -442618, 1201 
1721292177242.00, 43819, -441668, 1207 
1721292177265.00, 43607, -440723, 1189 
1721292177286.00, 43658, -439771, 1167 
1721292177313.00, 43726, -438822, 1155 
1721292177329.00, 43513, -437875, 1147 
1721292177351.00, 43728, -436919, 1138 
1721292177373.00, 43857, -435972, 1131 
1721292177395.00, 43614, -435025, 1145 
1721292177416.00, 43548, -434072, 1148 
1721292177439.00, 43617, -433121, 1119 
1721292177460.00, 43854, -432172, 1124 
1721292177482.00, 25085, -431234, 1108 
1721292177504.00, 13930, -430662, 1082 
1721292177525.00, 7192, -430348, 1109 
1721292177547.00, 3144, -430190, 1064 
1721292177568.00, 623, -430125, 997 
1721292177590.00, -74, -430113, 878 
1721292177611.00, -1124, -430118, 721 
1721292177632.00, -1829, -430143, 544 
1721292177654.00, -2185, -430185, 403 
1721292177675.00, -2291, -430238, 285 
1721292177697.00, -2403, -430293, 213 
1721292177718.00, -2430, -430348, 141 
1721292177739.00, -2354, -430410, 55 
1721292177761.00, -2306, -430477, -10 
1721292177782.00, -21, -430532, -74 
1721292177804.00, -5063, -430542, -158 
1721292177826.00, -13273, -430657, -201 
1721292177847.00, -21128, -430942, -272 
1721292177869.00, -29770, -431397, -337 
1721292177890.00, -37354, -432034, -397 
1721292177912.00, -41735, -432832, -464 
1721292177933.00, -43995, -433740, -555 
1721292177955.00, -43893, -434701, -574 
1721292177977.00, -43412, -435650, -625 
1721292177999.00, -43775, -436594, -666 
1721292178020.00, -43764, -437550, -694 
1721292178042.00, -43549, -438500, -714 
1721292178064.00, -43692, -439440, -719 
1721292178085.00, -43730, -440385, -711 
1721292178107.00, -43703, -441337, -723 
1721292178129.00, -43662, -442281, -709 
1721292178150.00, -43691, -443225, -712 
1721292178172.00, -43616, -444179, -722 
1721292178193.00, -43653, -445131, -724 
1721292178214.00, -43639, -446064, -712 
1721292178237.00, -43687, -447013, -719 
1721292178258.00, -43693, -447963, -721 
1721292178280.00, -43648, -448900, -717 
1721292178302.00, -43682, -449847, -714 
1721292178322.00, -43700, -450804, -731 
1721292178345.00, -43548, -451751, -716 
1721292178366.00, -43801, -452691, -709 
1721292178388.00, -43839, -453641, -742 
1721292178410.00, -43511, -454593, -750 
1721292178431.00, -43664, -455529, -736 
1721292178453.00, -43678, -456471, -729 
1721292178475.00, -43595, -457421, -731 
1721292178496.00, -43757, -458369, -725 
1721292178518.00, -43828, -459310, -734 
1721292178539.00, -43447, -460260, -733 
1721292178561.00, -43604, -461214, -730 
1721292178583.00, -43630, -462147, -730 
1721292178604.00, -43675, -463090, -735 
1721292178626.00, -43726, -464040, -741 
1721292178647.00, -43826, -464982, -735 
1721292178669.00, -43461, -465926, -727 
1721292178691.00, -43573, -466880, -747 
1721292178712.00, -43699, -467829, -750 
1721292178735.00, -43610, -468765, -724 
1721292178756.00, -43659, -469711, -743 
1721292178777.00, -43791, -470666, -743 
1721292178799.00, -43478, -471608, -736 
1721292178821.00, -43358, -472544, -737 
1721292178846.00, -43515, -473494, -737 
1721292178864.00, -43513, -474439, -708 
1721292178886.00, -43603, -475374, -693 
1721292178907.00, -43665, -476324, -696 
1721292178929.00, -43560, -477278, -702 
1721292178954.00, -43620, -478218, -700 
1721292178972.00, -43705, -479157, -683 
1721292178994.00, -43535, -480109, -706 
1721292179016.00, -43635, -481057, -722 
1721292179037.00, -43788, -481992, -722 
1721292179062.00, -43603, -482943, -715 
1721292179080.00, -43568, -483903, -727 
1721292179102.00, -43709, -484842, -731 
1721292179124.00, -43529, -485781, -708 
1721292179145.00, -43673, -486737, -729 
1721292179171.00, -43824, -487682, -741 
1721292179188.00, -43499, -488619, -721 
1721292179210.00, -43390, -489567, -721 
1721292179232.00, -43678, -490520, -729 
1721292179253.00, -43605, -491459, -734 
1721292179276.00, -43520, -492401, -725 
1721292179297.00, -43681, -493358, -727 
1721292179319.00, -43690, -494301, -748 
1721292179340.00, -43539, -495238, -746 
1721292179362.00, -43628, -496187, -744 
1721292179386.00, -43746, -497141, -755 
1721292179405.00, -43605, -498074, -744 
1721292179426.00, -43713, -499018, -725 
1721292179449.00, -43744, -499979, -724 
1721292179470.00, -43717, -500925, -732 
1721292179491.00, -43638, -501864, -720 
1721292179513.00, -43790, -502817, -740 
1721292179535.00, -43694, -503769, -740 
1721292179557.00, -43702, -504705, -733 
1721292179578.00, -43624, -505647, -726 
1721292179600.00, -43662, -506602, -728 
1721292179621.00, -43619, -507543, -721 
1721292179643.00, -43827, -508485, -714 
1721292179665.00, -43729, -509440, -727 
1721292179686.00, -43662, -510391, -728 
1721292179708.00, -43670, -511331, -736 
1721292179729.00, -43763, -512274, -735 
1721292179751.00, -43520, -513229, -728 
1721292179773.00, -43574, -514167, -727 
1721292179794.00, -43655, -515107, -727 
1721292179816.00, -43608, -516062, -728 
1721292179838.00, -43652, -517013, -722 
1721292179859.00, -43706, -517952, -717 
1721292179881.00, -43634, -518902, -736 
1721292179903.00, -43742, -519855, -735 
1721292179924.00, -43812, -520794, -745 
1721292179951.00, -43545, -521737, -753 
1721292179968.00, -43532, -522692, -756 
1721292179989.00, -43608, -523637, -742 
1721292180011.00, -43662, -524574, -723 
1721292180032.00, -43568, -525521, -723 
1721292180054.00, -43679, -526476, -714 
1721292180076.00, -43743, -527411, -697 
1721292180098.00, -43689, -528353, -674 
1721292180119.00, -43726, -529305, -684 
1721292180140.00, -43827, -530253, -710 
1721292180166.00, -43541, -531193, -711 
1721292180183.00, -43493, -532141, -717 
1721292180205.00, -43731, -533097, -737 
1721292180228.00, -43705, -534036, -745 
1721292180249.00, -43633, -534982, -743 
1721292180272.00, -43789, -535937, -746 
1721292180292.00, -43636, -536882, -759 
1721292180313.00, -43571, -537821, -745 
1721292180335.00, -43715, -538769, -742 
1721292180357.00, -43497, -539717, -745 
1721292180383.00, -43361, -540656, -735 
1721292180400.00, -43580, -541599, -731 
1721292180422.00, -43562, -542553, -721 
1721292180444.00, -43597, -543490, -715 
1721292180465.00, -43615, -544430, -707 
1721292180487.00, -43652, -545380, -694 
1721292180508.00, -43591, -546330, -690 
1721292180530.00, -43692, -547266, -693 
1721292180552.00, -43751, -548215, -700 
1721292180574.00, -43531, -549170, -715 
1721292180595.00, -43651, -550113, -698 
1721292180616.00, -43655, -551058, -690 
1721292180638.00, -43470, -552008, -707 
1721292180660.00, -43565, -552954, -704 
1721292180682.00, -43724, -553887, -679 
1721292180703.00, -43605, -554833, -673 
1721292180725.00, -43767, -555787, -675 
1721292180746.00, -43805, -556725, -652 
1721292180768.00, -43582, -557667, -637 
1721292180790.00, -43642, -558622, -640 
1721292180815.00, -43661, -559567, -622 
1721292180833.00, -43663, -560505, -604 
1721292180855.00, -43690, -561453, -609 
1721292180876.00, -43625, -562402, -613 
1721292180898.00, -43558, -563341, -598 
1721292180921.00, -43514, -564282, -579 
1721292180941.00, -43657, -565236, -578 
1721292180963.00, -43638, -566177, -569 
1721292180984.00, -43590, -567122, -556 
1721292181006.00, -43756, -568071, -556 
1721292181028.00, -43580, -569022, -564 
1721292181049.00, -43701, -569960, -557 
1721292181071.00, -43844, -570903, -551 
1721292181093.00, -43774, -571852, -558 
1721292181114.00, -43490, -572799, -560 
1721292181136.00, -43556, -573744, -549 
1721292181158.00, -43646, -574690, -550 
1721292181180.00, -43552, -575643, -553 
1721292181201.00, -43622, -576579, -554 
1721292181222.00, -43763, -577523, -554 
1721292181245.00, -43647, -578473, -571 
1721292181265.00, -43659, -579417, -576 
1721292181287.00, -43672, -580360, -565 
1721292181309.00, -43651, -581309, -560 
1721292181331.00, -43589, -582261, -554 
1721292181353.00, -43719, -583198, -545 
1721292181374.00, -43655, -584146, -523 
1721292181395.00, -43493, -585095, -519 
1721292181417.00, -43596, -586035, -499 
1721292181439.00, -43860, -586972, -476 
1721292181460.00, -43457, -587924, -469 
1721292181482.00, -43637, -588874, -465 
1721292181504.00, -43610, -589810, -453 
1721292181526.00, -43427, -590752, -418 
1721292181547.00, -43524, -591701, -404 
1721292181569.00, -43502, -592641, -379 
1721292181590.00, -43354, -593579, -321 
1721292181612.00, -24905, -594516, -260 
1721292181634.00, -13506, -595076, -237 
1721292181655.00, -6914, -595384, -231 
1721292181677.00, -2978, -595535, -184 
1721292181698.00, -599, -595602, -150 
1721292181720.00, 83, -595616, -113 
1721292181741.00, 960, -595614, -45 
1721292181762.00, 1540, -595594, 41 
1721292181784.00, 4370, -595558, 115 
1721292181806.00, 10487, -595457, 171 
1721292181827.00, 17707, -595232, 219 
1721292181849.00, 24807, -594855, 268 
1721292181871.00, 32014, -594325, 312 
1721292181892.00, 38617, -593639, 334 
1721292181914.00, 42422, -592813, 372 
1721292181936.00, 43936, -591904, 401 
1721292181957.00, 43704, -590944, 423 
1721292181979.00, 43651, -589994, 457 
1721292182000.00, 43800, -589050, 501 
1721292182024.00, 43885, -588096, 540 
1721292182044.00, 43439, -587141, 585 
1721292182066.00, 43514, -586197, 604 
1721292182087.00, 43737, -585242, 753 
1721292182109.00, 43857, -584294, 743 
1721292182133.00, 43685, -583339, 816 
1721292182152.00, 43671, -582398, 870 
1721292182173.00, 43725, -581443, 882 
1721292182195.00, 43620, -580491, 910 
1721292182217.00, 43706, -579547, 932 
1721292182239.00, 43957, -578603, 948 
1721292182259.00, 43737, -577652, 969 
1721292182281.00, 43531, -576705, 995 
1721292182304.00, 43688, -575764, 1009 
1721292182325.00, 43692, -574808, 1037 
1721292182348.00, 43743, -573856, 1033 
1721292182369.00, 43698, -572902, 1055 
1721292182390.00, 43777, -571954, 1084 
1721292182411.00, 43751, -570999, 1109 
1721292182434.00, 43614, -570048, 1146 
1721292182455.00, 43503, -569105, 1151 
1721292182477.00, 43792, -568153, 1134 
1721292182498.00, 43689, -567195, 1148 
1721292182520.00, 43655, -566249, 1148 
1721292182542.00, 43515, -565301, 1130 
1721292182567.00, 43475, -564346, 1118 
1721292182586.00, 43813, -563396, 1129 
1721292182608.00, 43896, -562453, 1125 
1721292182629.00, 43551, -561501, 1156 
1721292182651.00, 43650, -560547, 1164 
1721292182677.00, 43503, -559601, 1149 
1721292182694.00, 43836, -558653, 1165 
1721292182716.00, 43812, -557699, 1167 
1721292182738.00, 43704, -556746, 1184 
1721292182760.00, 43538, -555803, 1194 
1721292182786.00, 43746, -554849, 1178 
1721292182803.00, 43660, -553893, 1220 
1721292182825.00, 43723, -552953, 1194 
1721292182846.00, 43521, -552002, 1197 
1721292182868.00, 43697, -551047, 1206 
1721292182895.00, 43750, -550097, 1208 
1721292182912.00, 43721, -549151, 1201 
1721292182934.00, 43453, -548192, 1220 
1721292182955.00, 43594, -547241, 1206 
1721292182977.00, 43834, -546298, 1191 
1721292183002.00, 43746, -545349, 1177 
1721292183020.00, 43552, -544395, 1159 
1721292183042.00, 43535, -543445, 1186 
1721292183064.00, 43678, -542503, 1157 
1721292183085.00, 43742, -541547, 1141 
1721292183108.00, 43860, -540595, 1140 
1721292183128.00, 43535, -539647, 1180 
1721292183150.00, 43581, -538695, 1161 
1721292183172.00, 43656, -537744, 1198 
1721292183194.00, 43598, -536800, 1210 
1721292183216.00, 43540, -535851, 1220 
1721292183238.00, 43647, -534890, 1276 
1721292183259.00, 43817, -533940, 1290 
1721292183281.00, 43661, -532993, 1335 
1721292183303.00, 43590, -532036, 1333 
1721292183324.00, 43476, -531079, 1389 
1721292183346.00, 43836, -530132, 1404 
1721292183368.00, 43885, -529186, 1412 
1721292183390.00, 43628, -528230, 1423 
1721292183411.00, 43567, -527277, 1456 
1721292183433.00, 43712, -526333, 1466 
1721292183455.00, 43902, -525381, 1489 
1721292183477.00, 43849, -524425, 1509 
1721292183498.00, 43794, -523478, 1523 
1721292183520.00, 43703, -522526, 1529 
1721292183541.00, 43733, -521571, 1548 
1721292183563.00, 43619, -520619, 1548 
1721292183585.00, 43754, -519680, 1562 
1721292183607.00, 43757, -518724, 1573 
1721292183628.00, 43708, -517768, 1597 
1721292183650.00, 43768, -516822, 1615 
1721292183672.00, 43684, -515864, 1617 
1721292183694.00, 43549, -514909, 1635 
1721292183716.00, 43683, -513961, 1647 
1721292183737.00, 43913, -513016, 1647 
1721292183759.00, 43747, -512065, 1638 
1721292183781.00, 43686, -511109, 1670 
1721292183802.00, 43457, -510169, 1665 
1721292183824.00, 43696, -509212, 1679 
1721292183845.00, 43914, -508259, 1702 
1721292183867.00, 43544, -507310, 1712 
1721292183889.00, 43514, -506362, 1717 
1721292183911.00, 43620, -505410, 1707 
1721292183933.00, 43637, -504460, 1707 
1721292183954.00, 43662, -503520, 1718 
1721292183976.00, 43680, -502566, 1726 
1721292183998.00, 43688, -501609, 1757 
1721292184020.00, 43884, -500661, 1767 
1721292184041.00, 43731, -499712, 1790 
1721292184063.00, 43529, -498751, 1801 
1721292184085.00, 43623, -497799, 1805 
1721292184106.00, 43762, -496860, 1801 
1721292184128.00, 43666, -495906, 1777 
1721292184149.00, 43571, -494952, 1788 
1721292184172.00, 43348, -494011, 1782 
1721292184193.00, 43577, -493064, 1774 
1721292184215.00, 43755, -492110, 1747 
1721292184236.00, 43535, -491159, 1756 
1721292184259.00, 43354, -490218, 1736 
1721292184280.00, 43509, -489261, 1744 
1721292184302.00, 43647, -488317, 1711 
1721292184324.00, 43507, -487374, 1736 
1721292184346.00, 43760, -486425, 1700 
1721292184367.00, 43708, -485475, 1697 
1721292184389.00, 43867, -484526, 1648 
1721292184411.00, 43532, -483580, 1651 
1721292184432.00, 43398, -482617, 1645 
1721292184454.00, 43587, -481669, 1604 
1721292184476.00, 43571, -480733, 1611 
1721292184498.00, 43550, -479781, 1609 
1721292184519.00, 43694, -478830, 1632 
1721292184541.00, 43839, -477881, 1658 
1721292184562.00, 43636, -476933, 1685 
1721292184584.00, 43567, -475976, 1693 
1721292184606.00, 43759, -475020, 1704 
1721292184628.00, 43883, -474079, 1693 
1721292184651.00, 43590, -473125, 1674 
1721292184671.00, 43581, -472176, 1655 
1721292184693.00, 43698, -471228, 1644 
1721292184715.00, 43705, -470287, 1614 
1721292184737.00, 43730, -469334, 1590 
1721292184758.00, 43553, -468379, 1585 
1721292184780.00, 43450, -467436, 1564 
1721292184802.00, 43625, -466479, 1536 
1721292184823.00, 43483, -465529, 1532 
1721292184845.00, 43397, -464586, 1513 
1721292184867.00, 43820, -463635, 1508 
1721292184888.00, 43756, -462691, 1497 
1721292184910.00, 43722, -461739, 1499 
1721292184932.00, 43520, -460795, 1511 
1721292184953.00, 43583, -459840, 1501 
1721292184976.00, 43698, -458890, 1507 
1721292184997.00, 43684, -457944, 1474 
1721292185019.00, 43489, -456992, 1453 
1721292185041.00, 43718, -456040, 1427 
1721292185062.00, 43665, -455092, 1421 
1721292185084.00, 43657, -454151, 1413 
1721292185106.00, 43586, -453199, 1426 
1721292185128.00, 43677, -452244, 1424 
1721292185149.00, 43708, -451297, 1435 
1721292185171.00, 43666, -450339, 1443 
1721292185193.00, 43401, -449389, 1411 
1721292185214.00, 43698, -448441, 1378 
1721292185236.00, 43780, -447501, 1374 
1721292185257.00, 43769, -446547, 1372 
1721292185280.00, 43526, -445596, 1349 
1721292185301.00, 43482, -444656, 1343 
1721292185322.00, 43455, -443701, 1318 
1721292185345.00, 43659, -442752, 1302 
1721292185366.00, 43504, -441809, 1291 
1721292185388.00, 43727, -440859, 1281 
1721292185412.00, 43690, -439910, 1248 
1721292185431.00, 43674, -438958, 1242 
1721292185453.00, 43485, -438013, 1238 
1721292185475.00, 43546, -437059, 1239 
1721292185496.00, 43691, -436115, 1207 
1721292185518.00, 43803, -435167, 1189 
1721292185540.00, 43449, -434216, 1194 
1721292185562.00, 43589, -433267, 1162 
1721292185584.00, 43642, -432316, 1135 
1721292185606.00, 24806, -431381, 1138 
1721292185627.00, 13548, -430811, 1140 
1721292185649.00, 6931, -430501, 1155 
1721292185671.00, 2927, -430345, 1156 
1721292185692.00, 496, -430282, 1104 
1721292185713.00, -70, -430271, 1020 
1721292185735.00, -949, -430276, 885 
1721292185756.00, -1727, -430295, 745 
1721292185778.00, -2384, -430335, 604 
1721292185799.00, -2671, -430393, 452 
1721292185821.00, -2669, -430457, 321 
1721292185843.00, -2551, -430519, 233 
1721292185864.00, -2330, -430580, 172 
1721292185885.00, -2244, -430634, 125 
1721292185906.00, -2140, -430688, 67 
1721292185927.00, -2052, -430742, 9 
1721292185954.00, -2014, -430795, -23 
1721292185971.00, -3408, -430842, -71 
1721292185992.00, -6940, -430918, -119 
1721292186013.00, -11900, -431070, -166 
1721292186036.00, -17764, -431332, -202 
1721292186060.00, -23310, -431714, -237 
1721292186079.00, -28735, -432211, -278 
1721292186100.00, -34454, -432826, -306 
1721292186122.00, -39332, -433568, -324 
1721292186144.00, -42623, -434430, -343 
1721292186165.00, -43829, -435350, -362 
1721292186186.00, -43916, -436288, -347 
1721292186208.00, -43313, -437250, -454 
1721292186230.00, -43728, -438199, -379 
1721292186252.00, -43801, -439137, -419 
1721292186273.00, -43648, -440083, -419 
1721292186294.00, -43761, -441041, -442 
1721292186316.00, -43854, -441986, -455 
1721292186338.00, -43533, -442925, -455 
1721292186360.00, -43549, -443876, -459 
1721292186381.00, -43640, -444831, -456 
1721292186403.00, -43654, -445768, -458 
1721292186424.00, -43696, -446713, -463 
1721292186446.00, -43710, -447665, -457 
1721292186467.00, -43542, -448605, -451 
1721292186490.00, -43591, -449545, -451 
1721292186511.00, -43824, -450501, -462 
1721292186532.00, -43616, -451456, -455 
1721292186555.00, -43611, -452393, -448 
1721292186576.00, -43724, -453341, -452 
1721292186598.00, -43706, -454294, -461 
1721292186619.00, -43609, -455232, -458 
1721292186641.00, -43528, -456171, -446 
1721292186662.00, -43657, -457122, -452 
1721292186684.00, -43747, -458076, -448 
1721292186706.00, -43667, -459013, -441 
1721292186728.00, -43704, -459963, -449 
1721292186749.00, -43671, -460918, -458 
1721292186771.00, -43511, -461856, -470 
1721292186792.00, -43746, -462799, -463 
1721292186814.00, -43784, -463749, -471 
1721292186836.00, -43535, -464698, -465 
1721292186857.00, -43739, -465630, -458 
1721292186879.00, -43739, -466583, -470 
1721292186901.00, -43604, -467542, -472 
1721292186922.00, -43830, -468480, -477 
1721292186944.00, -43740, -469424, -476 
1721292186965.00, -43710, -470383, -498 
1721292186987.00, -43677, -471329, -510 
1721292187009.00, -43907, -472262, -498 
1721292187031.00, -43667, -473215, -511 
1721292187052.00, -43619, -474170, -525 
1721292187073.00, -43732, -475104, -522 
1721292187095.00, -43792, -476051, -517 
1721292187117.00, -43573, -477008, -532 
1721292187138.00, -43717, -477955, -544 
1721292187161.00, -43640, -478895, -540 
1721292187182.00, -43604, -479844, -553 
1721292187203.00, -43590, -480797, -566 
1721292187225.00, -43661, -481727, -568 
1721292187247.00, -43637, -482673, -573 
1721292187270.00, -43684, -483637, -588 
1721292187290.00, -43660, -484581, -597 
1721292187312.00, -43571, -485522, -579 
1721292187333.00, -43535, -486471, -585 
1721292187355.00, -43666, -487422, -585 
1721292187380.00, -43627, -488355, -574 
1721292187398.00, -43477, -489299, -564 
1721292187420.00, -43675, -490254, -565 
1721292187441.00, -43689, -491193, -569 
1721292187463.00, -43606, -492137, -554 
1721292187484.00, -43715, -493092, -554 
1721292187506.00, -43680, -494040, -551 
1721292187528.00, -43602, -494972, -546 
1721292187550.00, -43720, -495922, -559 
1721292187571.00, -43736, -496882, -561 
1721292187593.00, -43552, -497817, -565 
1721292187614.00, -43571, -498758, -558 
1721292187636.00, -43804, -499712, -555 
1721292187658.00, -43582, -500662, -553 
1721292187680.00, -43779, -501600, -552 
1721292187701.00, -43819, -502551, -573 
1721292187723.00, -43666, -503508, -579 
1721292187744.00, -43558, -504443, -594 
1721292187766.00, -43758, -505386, -606 
1721292187787.00, -43625, -506341, -625 
1721292187813.00, -43497, -507291, -643 
1721292187831.00, -43634, -508229, -641 
1721292187852.00, -43642, -509179, -650 
1721292187874.00, -43532, -510136, -659 
1721292187896.00, -43666, -511070, -655 
1721292187919.00, -43703, -512014, -643 
1721292187939.00, -43580, -512965, -648 
1721292187960.00, -43695, -513911, -650 
1721292187982.00, -43617, -514849, -641 
1721292188004.00, -43534, -515797, -638 
1721292188026.00, -43649, -516756, -634 
1721292188047.00, -43681, -517690, -630 
1721292188069.00, -43582, -518639, -626 
1721292188090.00, -43573, -519592, -608 
1721292188112.00, -43674, -520527, -592 
1721292188134.00, -43767, -521465, -586 
1721292188156.00, -43571, -522420, -591 
1721292188177.00, -43728, -523370, -591 
1721292188199.00, -43921, -524309, -589 
1721292188221.00, -43510, -525257, -600 
1721292188242.00, -43712, -526215, -608 
1721292188264.00, -43728, -527151, -627 
1721292188286.00, -43553, -528096, -621 
1721292188307.00, -43692, -529047, -628 
1721292188329.00, -43633, -529995, -638 
1721292188351.00, -43396, -530933, -627 
1721292188372.00, -43544, -531877, -623 
1721292188393.00, -43715, -532833, -633 
1721292188415.00, -43570, -533773, -629 
1721292188436.00, -43701, -534716, -609 
1721292188459.00, -43854, -535668, -604 
1721292188480.00, -43517, -536615, -610 
1721292188502.00, -43668, -537551, -598 
1721292188523.00, -43777, -538496, -586 
1721292188544.00, -43630, -539448, -581 
1721292188566.00, -43595, -540386, -586 
1721292188588.00, -43690, -541333, -573 
1721292188610.00, -43647, -542287, -561 
1721292188631.00, -43545, -543232, -562 
1721292188653.00, -43667, -544171, -565 
1721292188675.00, -43624, -545116, -562 
1721292188697.00, -43479, -546070, -567 
1721292188717.00, -43671, -547007, -567 
1721292188740.00, -43740, -547952, -579 
1721292188762.00, -43494, -548909, -583 
1721292188783.00, -43639, -549851, -571 
1721292188804.00, -43730, -550794, -572 
1721292188826.00, -43493, -551744, -574 
1721292188848.00, -43639, -552696, -569 
1721292188870.00, -43770, -553628, -555 
1721292188892.00, -43627, -554574, -546 
1721292188913.00, -43584, -555525, -548 
1721292188935.00, -43688, -556469, -545 
1721292188956.00, -43532, -557413, -546 
1721292188978.00, -43597, -558363, -552 
1721292188999.00, -43689, -559312, -549 
1721292189021.00, -43512, -560247, -540 
1721292189042.00, -43529, -561195, -531 
1721292189065.00, -43605, -562147, -511 
1721292189086.00, -43553, -563078, -469 
1721292189108.00, -43623, -564013, -427 
1721292189129.00, -43723, -564961, -381 
1721292189151.00, -43672, -565906, -330 
1721292189173.00, -43581, -566844, -296 
1721292189194.00, -42501, -567793, -273 
1721292189216.00, -40716, -568720, -271 
1721292189238.00, -39452, -569601, -270 
1721292189259.00, -38672, -570455, -293 
1721292189281.00, -39495, -571297, -343 
1721292189302.00, -41400, -572164, -394 
1721292189324.00, -42467, -573054, -434 
1721292189351.00, -42883, -573976, -485 
1721292189367.00, -43300, -574916, -517 
1721292189388.00, -43473, -575855, -515 
1721292189411.00, -43464, -576785, -491 
1721292189432.00, -43748, -577731, -493 
1721292189453.00, -43858, -578679, -506 
1721292189475.00, -43545, -579623, -504 
1721292189497.00, -43755, -580564, -475 
1721292189518.00, -43747, -581518, -491 
1721292189540.00, -43588, -582464, -505 
1721292189562.00, -43690, -583407, -500 
1721292189584.00, -43829, -584353, -495 
1721292189605.00, -43626, -585305, -518 
1721292189626.00, -43827, -586249, -534 
1721292189649.00, -43654, -587193, -538 
1721292189670.00, -43648, -588142, -532 
1721292189692.00, -43674, -589090, -527 
1721292189714.00, -43809, -590031, -543 
1721292189735.00, -43682, -590979, -546 
1721292189757.00, -43569, -591932, -547 
1721292189780.00, -43646, -592869, -538 
1721292189800.00, -25071, -593811, -532 
1721292189822.00, -13598, -594377, -543 
1721292189843.00, -6903, -594691, -563 
1721292189865.00, -2962, -594848, -591 
1721292189888.00, -549, -594920, -600 
1721292189908.00, 64, -594934, -570 
1721292189929.00, 761, -594934, -525 
1721292189951.00, 1442, -594923, -487 
1721292189972.00, 2024, -594891, -428 
1721292189994.00, 2380, -594843, -336 
1721292190016.00, 2516, -594789, -248 
1721292190038.00, 2582, -594733, -191 
1721292190059.00, 2443, -594674, -134 
1721292190081.00, 2357, -594616, -55 
1721292190102.00, 2329, -594560, 21 
1721292190123.00, 3411, -594504, 84 
1721292190145.00, 7843, -594426, 131 
1721292190167.00, 13244, -594251, 188 
1721292190188.00, 20255, -593960, 238 
1721292190210.00, 27505, -593528, 285 
1721292190232.00, 34231, -592950, 329 
1721292190253.00, 40058, -592216, 384 
1721292190275.00, 43405, -591354, 422 
1721292190297.00, 43777, -590412, 459 
1721292190318.00, 43635, -589469, 479 
1721292190339.00, 43625, -588525, 496 
1721292190362.00, 43736, -587570, 513 
1721292190383.00, 43832, -586622, 526 
1721292190405.00, 43705, -585681, 527 
1721292190426.00, 43496, -584731, 538 
1721292190448.00, 43789, -583783, 530 
1721292190469.00, 43677, -582839, 547 
1721292190491.00, 43556, -581897, 554 
1721292190513.00, 43743, -580940, 562 
1721292190535.00, 43858, -579988, 586 
1721292190556.00, 43541, -579053, 591 
1721292190577.00, 43717, -578101, 582 
1721292190599.00, 43690, -577153, 589 
1721292190621.00, 43559, -576216, 595 
1721292190642.00, 43458, -575273, 606 
1721292190664.00, 43630, -574319, 623 
1721292190686.00, 43498, -573370, 639 
1721292190708.00, 43719, -572428, 639 
1721292190729.00, 43698, -571482, 636 
1721292190750.00, 43670, -570534, 641 
1721292190772.00, 43655, -569596, 637 
1721292190794.00, 43861, -568650, 638 
1721292190816.00, 43738, -567696, 634 
1721292190837.00, 43506, -566748, 646 
1721292190859.00, 43753, -565807, 657 
1721292190880.00, 43770, -564857, 661 
1721292190902.00, 43694, -563903, 680 
1721292190924.00, 43681, -562962, 689 
1721292190946.00, 43896, -562027, 621 
1721292190967.00, 43504, -561063, 773 
1721292190989.00, 43708, -560126, 664 
1721292191010.00, 43672, -559186, 706 
1721292191032.00, 43790, -558234, 697 
1721292191054.00, 43576, -557285, 706 
1721292191075.00, 43677, -556343, 709 
1721292191097.00, 43718, -555395, 706 
1721292191118.00, 43666, -554446, 703 
1721292191140.00, 43777, -553501, 738 
1721292191162.00, 43768, -552563, 735 
1721292191183.00, 43606, -551611, 716 
1721292191206.00, 43603, -550664, 714 
1721292191228.00, 43692, -549722, 725 
1721292191248.00, 43588, -548778, 698 
1721292191269.00, 43501, -547821, 725 
1721292191292.00, 43627, -546875, 721 
1721292191314.00, 43574, -545941, 704 
1721292191335.00, 43670, -544987, 724 
1721292191357.00, 43770, -544038, 738 
1721292191378.00, 43735, -543096, 757 
1721292191400.00, 43715, -542148, 779 
1721292191422.00, 43856, -541193, 807 
1721292191443.00, 43655, -540245, 816 
1721292191464.00, 43627, -539303, 836 
1721292191487.00, 43648, -538349, 849 
1721292191508.00, 43669, -537402, 856 
1721292191531.00, 43687, -536469, 839 
1721292191551.00, 43735, -535520, 815 
1721292191573.00, 43792, -534572, 808 
1721292191595.00, 43459, -533626, 808 
1721292191616.00, 43370, -532684, 791 
1721292191638.00, 43538, -531730, 791 
1721292191660.00, 43561, -530787, 776 
1721292191681.00, 43516, -529853, 774 
1721292191703.00, 43566, -528903, 769 
1721292191725.00, 43599, -527954, 773 
1721292191746.00, 43815, -527016, 769 
1721292191768.00, 43707, -526075, 775 
1721292191790.00, 43581, -525122, 780 
1721292191811.00, 43524, -524171, 786 
1721292191832.00, 43744, -523231, 791 
1721292191859.00, 43666, -522282, 794 
1721292191876.00, 43509, -521331, 805 
1721292191898.00, 43754, -520388, 818 
1721292191919.00, 43750, -519447, 831 
1721292191941.00, 43539, -518496, 835 
1721292191964.00, 43718, -517548, 848 
1721292191985.00, 43714, -516608, 856 
1721292192006.00, 43444, -515651, 858 
1721292192027.00, 43747, -514702, 854 
1721292192049.00, 43696, -513764, 860 
1721292192071.00, 43654, -512820, 850 
1721292192093.00, 43681, -511869, 855 
1721292192114.00, 43744, -510925, 851 
1721292192136.00, 43622, -509986, 847 
1721292192157.00, 43621, -509029, 849 
1721292192179.00, 43795, -508083, 848 
1721292192201.00, 43745, -507140, 861 
1721292192222.00, 43516, -506194, 868 
1721292192243.00, 43660, -505243, 849 
1721292192265.00, 43663, -504301, 853 
1721292192287.00, 43651, -503362, 849 
1721292192309.00, 43688, -502411, 809 
1721292192330.00, 43800, -501464, 806 
1721292192352.00, 43540, -500520, 819 
1721292192373.00, 43551, -499569, 826 
1721292192395.00, 43724, -498617, 834 
1721292192417.00, 43732, -497674, 848 
1721292192438.00, 43523, -496734, 863 
1721292192460.00, 43735, -495779, 865 
1721292192482.00, 43741, -494833, 879 
1721292192503.00, 43623, -493900, 874 
1721292192525.00, 43769, -492948, 875 
1721292192547.00, 43890, -491995, 886 
1721292192568.00, 43703, -491045, 901 
1721292192590.00, 43754, -490103, 929 
1721292192612.00, 43703, -489150, 939 
1721292192633.00, 43466, -488204, 937 
1721292192656.00, 43400, -487267, 948 
1721292192677.00, 43654, -486321, 928 
1721292192697.00, 43614, -485375, 926 
1721292192720.00, 43678, -484427, 930 
1721292192742.00, 43666, -483485, 930 
1721292192763.00, 43485, -482529, 934 
1721292192785.00, 43812, -481581, 935 
1721292192806.00, 43830, -480649, 952 
1721292192828.00, 43381, -479697, 938 
1721292192849.00, 43531, -478752, 923 
1721292192871.00, 43613, -477812, 924 
1721292192893.00, 43418, -476872, 916 
1721292192915.00, 43639, -475919, 921 
1721292192936.00, 43758, -474975, 905 
1721292192959.00, 43482, -474035, 918 
1721292192980.00, 43579, -473086, 902 
1721292193001.00, 43653, -472137, 900 
1721292193023.00, 43641, -471201, 907 
1721292193044.00, 43624, -470258, 898 
1721292193070.00, 43824, -469305, 895 
1721292193087.00, 43498, -468358, 899 
1721292193109.00, 43623, -467417, 886 
1721292193130.00, 43752, -466461, 911 
1721292193153.00, 43514, -465513, 916 
1721292193176.00, 43611, -464576, 907 
1721292193196.00, 43797, -463627, 921 
1721292193218.00, 43596, -462682, 929 
1721292193239.00, 43658, -461737, 924 
1721292193261.00, 43744, -460799, 919 
1721292193283.00, 43519, -459846, 934 
1721292193304.00, 43618, -458896, 952 
1721292193325.00, 43890, -457954, 972 
1721292193347.00, 43683, -457007, 988 
1721292193369.00, 43589, -456055, 1013 
1721292193391.00, 43639, -455106, 983 
1721292193412.00, 43487, -454172, 969 
1721292193433.00, 43473, -453224, 945 
1721292193455.00, 43731, -452276, 927 
1721292193477.00, 43687, -451338, 928 
1721292193499.00, 43707, -450386, 928 
1721292193520.00, 43661, -449431, 963 
1721292193542.00, 43752, -448488, 960 
1721292193564.00, 43565, -447549, 961 
1721292193585.00, 43790, -446600, 947 
1721292193607.00, 43806, -445650, 951 
1721292193629.00, 43533, -444713, 966 
1721292193650.00, 43421, -443762, 926 
1721292193672.00, 43490, -442819, 900 
1721292193693.00, 43349, -441878, 877 
1721292193715.00, 43663, -440939, 894 
1721292193736.00, 43682, -439992, 877 
1721292193758.00, 43547, -439044, 855 
1721292193780.00, 43650, -438106, 858 
1721292193802.00, 43532, -437155, 858 
1721292193823.00, 43611, -436211, 847 
1721292193845.00, 43897, -435271, 809 
1721292193867.00, 43597, -434326, 807 
1721292193888.00, 43530, -433374, 793 
1721292193910.00, 43507, -432426, 798 
1721292193932.00, 25109, -431499, 736 
1721292193953.00, 13708, -430932, 760 
1721292193974.00, 7098, -430622, 719 
1721292193996.00, 3180, -430463, 705 
1721292194018.00, 675, -430395, 692 
1721292194039.00, -66, -430382, 618 
1721292194060.00, -1037, -430387, 510 
1721292194082.00, -1612, -430407, 399 
1721292194103.00, -1913, -430443, 325 
1721292194125.00, -2237, -430486, 288 
1721292194147.00, -2393, -430537, 242 
1721292194168.00, -2440, -430594, 190 
1721292194189.00, -2394, -430651, 129 
1721292194211.00, -2454, -430709, 48 
1721292194231.00, -2422, -430776, -50 
1721292194254.00, -5462, -430835, -161 
1721292194275.00, -13613, -430955, -244 
1721292194298.00, -23739, -431254, -319 
1721292194318.00, -34024, -431756, -353 
1721292194340.00, -39406, -432482, -523 
1721292194361.00, -42846, -433329, -448 
1721292194384.00, -43610, -434267, -534 
1721292194404.00, -43849, -435218, -540 
1721292194427.00, -43746, -436162, -576 
1721292194448.00, -43492, -437109, -583 
1721292194470.00, -43734, -438068, -600 
1721292194492.00, -43825, -439009, -610 
1721292194513.00, -43607, -439951, -608 
1721292194534.00, -43711, -440902, -616 
1721292194556.00, -43757, -441852, -636 
1721292194578.00, -43706, -442789, -635 
1721292194600.00, -43397, -443741, -641 
1721292194621.00, -43666, -444697, -638 
1721292194664.00, -43893, -445636, -634 
1721292194668.00, -43568, -446578, -633 
1721292194686.00, -43680, -447531, -637 
1721292194708.00, -43815, -448474, -627 
1721292194729.00, -43649, -449413, -624 
1721292194751.00, -43588, -450364, -639 
1721292194773.00, -43712, -451322, -627 
1721292194794.00, -43704, -452259, -626 
1721292194816.00, -43633, -453206, -631 
1721292194838.00, -43780, -454158, -627 
1721292194859.00, -43546, -455099, -634 
1721292194880.00, -43578, -456040, -632 
1721292194902.00, -43723, -456989, -635 
1721292194924.00, -43581, -457940, -624 
1721292194945.00, -43612, -458877, -631 
1721292194968.00, -43665, -459826, -643 
1721292194989.00, -43678, -460779, -652 
1721292195010.00, -43672, -461720, -650 
1721292195032.00, -43631, -462659, -653 
1721292195054.00, -43657, -463606, -652 
1721292195076.00, -43590, -464557, -631 
1721292195097.00, -43689, -465495, -648 
1721292195119.00, -43649, -466442, -661 
1721292195140.00, -43475, -467400, -655 
1721292195162.00, -43623, -468341, -636 
1721292195184.00, -43667, -469280, -618 
1721292195206.00, -43572, -470234, -649 
1721292195226.00, -43638, -471183, -657 
1721292195249.00, -43685, -472116, -650 
1721292195271.00, -43613, -473062, -645 
1721292195292.00, -43755, -474016, -659 
1721292195313.00, -43746, -474957, -657 
1721292195334.00, -43476, -475899, -641 
1721292195363.00, -43603, -476855, -646 
1721292195379.00, -43668, -477800, -639 
1721292195400.00, -43673, -478737, -642 
1721292195422.00, -43540, -479685, -631 
1721292195443.00, -43672, -480636, -634 
1721292195465.00, -43575, -481571, -646 
1721292195487.00, -43717, -482514, -626 
1721292195508.00, -43778, -483469, -626 
1721292195530.00, -43649, -484418, -631 
1721292195551.00, -43454, -485359, -624 
1721292195573.00, -43621, -486309, -618 
1721292195595.00, -43655, -487257, -604 
1721292195616.00, -43529, -488194, -613 
1721292195638.00, -43610, -489139, -619 
1721292195660.00, -43634, -490089, -627 
1721292195681.00, -43416, -491037, -624 
1721292195703.00, -43551, -491976, -616 
1721292195725.00, -43635, -492927, -619 
1721292195746.00, -43660, -493879, -619 
1721292195767.00, -43672, -494815, -627 
1721292195789.00, -43665, -495758, -611 
1721292195811.00, -43560, -496715, -607 
1721292195833.00, -43715, -497654, -623 
1721292195854.00, -43781, -498592, -600 
1721292195876.00, -43501, -499545, -590 
1721292195898.00, -43610, -500503, -600 
1721292195920.00, -43753, -501439, -603 
1721292195941.00, -43674, -502385, -588 
1721292195963.00, -43653, -503340, -581 
1721292195984.00, -43799, -504281, -597 
1721292196006.00, -43572, -505219, -589 
1721292196028.00, -43627, -506171, -588 
1721292196049.00, -43797, -507122, -580 
1721292196071.00, -43597, -508060, -581 
1721292196092.00, -43533, -509008, -588 
1721292196114.00, -43673, -509967, -582 
1721292196135.00, -43757, -510902, -579 
1721292196157.00, -43581, -511847, -577 
1721292196179.00, -43539, -512799, -593 
1721292196200.00, -43758, -513744, -596 
1721292196222.00, -43704, -514678, -581 
1721292196244.00, -43516, -515631, -601 
1721292196265.00, -43698, -516589, -609 
1721292196287.00, -43647, -517527, -605 
1721292196309.00, -43534, -518473, -595 
1721292196330.00, -43774, -519428, -584 
1721292196352.00, -43846, -520369, -582 
1721292196374.00, -43438, -521305, -579 
1721292196396.00, -43647, -522256, -585 
1721292196417.00, -43691, -523210, -591 
1721292196439.00, -43577, -524147, -586 
1721292196461.00, -43637, -525095, -589 
1721292196482.00, -43823, -526052, -603 
1721292196504.00, -43574, -526992, -602 
1721292196526.00, -43880, -527929, -581 
1721292196547.00, -43719, -528879, -582 
1721292196568.00, -43558, -529835, -598 
1721292196590.00, -43664, -530768, -604 
1721292196612.00, -43802, -531712, -590 
1721292196633.00, -43654, -532673, -586 
1721292196655.00, -43603, -533616, -594 
1721292196676.00, -43744, -534562, -597 
1721292196698.00, -43678, -535509, -592 
1721292196720.00, -43527, -536464, -599 
1721292196741.00, -43648, -537397, -600 
1721292196763.00, -43731, -538340, -602 
1721292196785.00, -43670, -539295, -603 
1721292196806.00, -43712, -540237, -604 
1721292196828.00, -43557, -541179, -593 
1721292196850.00, -43585, -542135, -594 
1721292196871.00, -43566, -543082, -594 
1721292196893.00, -43561, -544021, -583 
1721292196914.00, -43454, -544962, -580 
1721292196936.00, -43619, -545917, -579 
1721292196958.00, -43762, -546848, -563 
1721292196979.00, -43797, -547792, -555 
1721292197001.00, -43598, -548749, -565 
1721292197022.00, -43689, -549699, -559 
1721292197044.00, -43630, -550636, -535 
1721292197066.00, -43438, -551582, -536 
1721292197088.00, -43597, -552536, -542 
1721292197111.00, -43779, -553470, -529 
1721292197131.00, -43631, -554411, -520 
1721292197152.00, -43791, -555365, -524 
1721292197174.00, -43644, -556311, -523 
1721292197195.00, -43553, -557253, -521 
1721292197218.00, -43706, -558201, -530 
1721292197239.00, -43670, -559155, -548 
1721292197260.00, -43504, -560092, -538 
1721292197283.00, -43625, -561037, -528 
1721292197304.00, -43747, -561989, -546 
1721292197328.00, -43511, -562931, -550 
1721292197347.00, -43593, -563869, -540 
1721292197369.00, -43753, -564818, -538 
1721292197391.00, -43535, -565770, -543 
1721292197412.00, -43574, -566711, -536 
1721292197436.00, -43803, -567654, -532 
1721292197456.00, -43586, -568608, -540 
1721292197478.00, -43629, -569554, -540 
1721292197499.00, -43798, -570492, -533 
1721292197521.00, -43693, -571437, -534 
1721292197542.00, -43610, -572389, -554 
1721292197564.00, -43705, -573334, -559 
1721292197585.00, -43678, -574280, -553 
1721292197607.00, -43618, -575234, -565 
1721292197629.00, -43695, -576176, -566 
1721292197650.00, -43654, -577114, -559 
1721292197672.00, -43543, -578063, -550 
1721292197694.00, -43619, -579010, -544 
1721292197715.00, -43711, -579949, -555 
1721292197737.00, -43614, -580899, -559 
1721292197759.00, -43714, -581850, -549 
1721292197780.00, -43710, -582793, -526 
1721292197802.00, -43683, -583732, -505 
1721292197824.00, -43474, -584680, -486 
1721292197845.00, -43586, -585627, -476 
1721292197868.00, -43493, -586564, -461 
1721292197889.00, -43514, -587508, -446 
1721292197910.00, -43658, -588455, -442 
1721292197932.00, -43816, -589394, -427 
1721292197954.00, -43751, -590336, -411 
1721292197975.00, -43740, -591288, -398 
1721292197997.00, -43492, -592229, -363 
1721292198018.00, -43376, -593170, -317 
1721292198040.00, -24914, -594106, -288 
1721292198062.00, -13532, -594668, -278 
1721292198083.00, -6822, -594974, -246 
1721292198105.00, -2812, -595128, -203 
1721292198126.00, -439, -595196, -205 
1721292198148.00, 102, -595209, -186 
1721292198169.00, 949, -595207, -137 
1721292198191.00, 1578, -595186, -43 
1721292198215.00, 1976, -595147, 45 
1721292198233.00, 5018, -595101, 109 
1721292198255.00, 10559, -594985, 177 
1721292198277.00, 17821, -594757, 235 
1721292198299.00, 26005, -594371, 287 
1721292198321.00, 33761, -593820, 344 
1721292198341.00, 39549, -593101, 394 
1721292198364.00, 43188, -592250, 420 
1721292198385.00, 43729, -591318, 450 
1721292198407.00, 43702, -590363, 464 
1721292198428.00, 43641, -589419, 472 
1721292198450.00, 43574, -588478, 475 
1721292198472.00, 43769, -587524, 492 
1721292198494.00, 43830, -586573, 503 
1721292198515.00, 43602, -585632, 508 
1721292198538.00, 43654, -584683, 524 
1721292198558.00, 43767, -583733, 539 
1721292198580.00, 43619, -582790, 542 
1721292198601.00, 43735, -581848, 539 
1721292198623.00, 43909, -580892, 546 
1721292198644.00, 43828, -579942, 550 
1721292198666.00, 43371, -579007, 539 
1721292198688.00, 43611, -578057, 533 
1721292198710.00, 43685, -577109, 533 
1721292198731.00, 43633, -576170, 540 
1721292198753.00, 43528, -575226, 550 
1721292198774.00, 43798, -574270, 569 
1721292198796.00, 43668, -573320, 589 
1721292198818.00, 43657, -572379, 600 
1721292198839.00, 43799, -571429, 616 
1721292198863.00, 43584, -570479, 636 
1721292198883.00, 43790, -569542, 613 
1721292198904.00, 43692, -568589, 699 
1721292198926.00, 43758, -567639, 628 
1721292198947.00, 43627, -566693, 664 
1721292198972.00, 43721, -565754, 680 
1721292198991.00, 43749, -564799, 674 
1721292199012.00, 43582, -563850, 685 
1721292199034.00, 43656, -562908, 683 
1721292199056.00, 43832, -561965, 693 
1721292199083.00, 43675, -561012, 713 
1721292199099.00, 43656, -560068, 726 
1721292199121.00, 43792, -559133, 716 
1721292199142.00, 43719, -558178, 708 
1721292199164.00, 43573, -557230, 703 
1721292199190.00, 43823, -556290, 702 
1721292199207.00, 43739, -555343, 690 
1721292199228.00, 43726, -554390, 696 
1721292199251.00, 43685, -553445, 701 
1721292199272.00, 43844, -552511, 696 
1721292199296.00, 43707, -551555, 710 
1721292199316.00, 43644, -550608, 742 
1721292199336.00, 43828, -549666, 741 
1721292199359.00, 43748, -548712, 745 
1721292199380.00, 43553, -547758, 760 
1721292199403.00, 43927, -546813, 763 
1721292199424.00, 43667, -545875, 759 
1721292199444.00, 43533, -544923, 778 
1721292199467.00, 43778, -543974, 768 
1721292199489.00, 43718, -543036, 767 
1721292199513.00, 43519, -542086, 772 
1721292199531.00, 43755, -541131, 781 
1721292199553.00, 43797, -540186, 785 
1721292199575.00, 43661, -539246, 794 
1721292199597.00, 43561, -538293, 794 
1721292199619.00, 43793, -537349, 785 
1721292199640.00, 43749, -536415, 782 
1721292199661.00, 43523, -535463, 789 
1721292199683.00, 43667, -534512, 776 
1721292199705.00, 43741, -533567, 801 
1721292199726.00, 43531, -532622, 815 
1721292199748.00, 43713, -531669, 809 
1721292199769.00, 43743, -530718, 825 
1721292199792.00, 43703, -529779, 810 
1721292199813.00, 43543, -528830, 825 
1721292199835.00, 43672, -527882, 830 
1721292199856.00, 43772, -526939, 836 
1721292199878.00, 43649, -525998, 832 
1721292199900.00, 43801, -525045, 822 
1721292199921.00, 43813, -524097, 811 
1721292199943.00, 43537, -523159, 815 
1721292199964.00, 43681, -522205, 801 
1721292199986.00, 43799, -521257, 796 
1721292200008.00, 43672, -520315, 800 
1721292200029.00, 43662, -519372, 809 
1721292200051.00, 43779, -518421, 809 
1721292200072.00, 43593, -517472, 824 
1721292200094.00, 43382, -516529, 835 
1721292200116.00, 43571, -515574, 850 
1721292200137.00, 43576, -514627, 857 
1721292200160.00, 43530, -513692, 852 
1721292200180.00, 43595, -512745, 861 
1721292200202.00, 43539, -511795, 875 
1721292200224.00, 43587, -510849, 871 
1721292200245.00, 43875, -509915, 858 
1721292200267.00, 43644, -508962, 870 
1721292200290.00, 43636, -508012, 882 
1721292200310.00, 43597, -507070, 902 
1721292200332.00, 43683, -506123, 908 
1721292200354.00, 43608, -505171, 904 
1721292200376.00, 43785, -504228, 917 
1721292200400.00, 43847, -503286, 918 
1721292200419.00, 43614, -502333, 933 
1721292200440.00, 43640, -501383, 967 
1721292200462.00, 43618, -500441, 1002 
1721292200484.00, 43661, -499486, 985 
1721292200509.00, 43611, -498533, 1000 
1721292200528.00, 43863, -497587, 988 
1721292200549.00, 43733, -496648, 977 
1721292200571.00, 43718, -495696, 989 
1721292200592.00, 43471, -494749, 990 
1721292200614.00, 43566, -493809, 1027 
1721292200636.00, 43756, -492857, 1018 
1721292200658.00, 43728, -491901, 1040 
1721292200679.00, 43348, -490950, 1042 
1721292200701.00, 43526, -490003, 1035 
1721292200722.00, 43515, -489051, 1065 
1721292200744.00, 43514, -488101, 1074 
1721292200765.00, 43516, -487158, 1094 
1721292200788.00, 43613, -486205, 1071 
1721292200809.00, 43700, -485259, 1048 
1721292200837.00, 43561, -484308, 1057 
1721292200853.00, 43545, -483361, 1021 
1721292200875.00, 43696, -482403, 1012 
1721292200896.00, 43720, -481454, 996 
1721292200918.00, 43446, -480521, 987 
1721292200940.00, 43569, -479567, 1002 
1721292200961.00, 43660, -478622, 991 
1721292200982.00, 43573, -477682, 963 
1721292201005.00, 43684, -476733, 950 
1721292201027.00, 43878, -475784, 941 
1721292201049.00, 43627, -474834, 951 
1721292201070.00, 43552, -473892, 981 
1721292201090.00, 43591, -472938, 997 
1721292201113.00, 43654, -471992, 1008 
1721292201134.00, 43694, -471049, 1053 
1721292201158.00, 43835, -470092, 1105 
1721292201178.00, 43772, -469140, 1123 
1721292201200.00, 43710, -468187, 1137 
1721292201222.00, 43508, -467240, 1140 
1721292201243.00, 43544, -466280, 1148 
1721292201267.00, 43749, -465327, 1146 
1721292201286.00, 43790, -464388, 1140 
1721292201309.00, 43547, -463433, 1159 
1721292201330.00, 43677, -462482, 1164 
1721292201352.00, 43779, -461534, 1191 
1721292201381.00, 43684, -460590, 1216 
1721292201396.00, 43774, -459634, 1227 
1721292201417.00, 43883, -458677, 1243 
1721292201438.00, 43760, -457730, 1265 
1721292201461.00, 43763, -456771, 1298 
1721292201483.00, 43474, -455821, 1305 
1721292201504.00, 43382, -454877, 1263 
1721292201525.00, 43736, -453938, 1236 
1721292201547.00, 43742, -452991, 1193 
1721292201569.00, 43490, -452038, 1183 
1721292201591.00, 43429, -451094, 1143 
1721292201613.00, 43417, -450140, 1136 
1721292201634.00, 43524, -449195, 1094 
1721292201656.00, 43440, -448249, 1095 
1721292201678.00, 43532, -447304, 1078 
1721292201699.00, 43594, -446355, 1080 
1721292201721.00, 43641, -445406, 1057 
1721292201743.00, 43428, -444466, 1069 
1721292201764.00, 43526, -443510, 1051 
1721292201786.00, 43705, -442564, 1017 
1721292201808.00, 43459, -441618, 1015 
1721292201829.00, 43602, -440669, 994 
1721292201851.00, 43609, -439722, 1006 
1721292201873.00, 43790, -438777, 944 
1721292201895.00, 43524, -437837, 959 
1721292201916.00, 43749, -436884, 954 
1721292201938.00, 43503, -435943, 914 
1721292201959.00, 43435, -435005, 840 
1721292201981.00, 43569, -434060, 787 
1721292202003.00, 43540, -433115, 751 
1721292202025.00, 43628, -432173, 755 
1721292202045.00, 24887, -431240, 696 
1721292202068.00, 13630, -430673, 689 
1721292202089.00, 7018, -430368, 618 
1721292202111.00, 3083, -430214, 573 
1721292202132.00, 603, -430147, 541 
1721292202154.00, -88, -430135, 457 
1721292202175.00, -1031, -430140, 364 
1721292202196.00, -1707, -430160, 262 
1721292202218.00, -2062, -430202, 139 
1721292202238.00, -2285, -430257, 28 
1721292202260.00, -2370, -430322, -82 
1721292202282.00, -7312, -430382, -174 
1721292202304.00, -15867, -430540, -233 
1721292202326.00, -24527, -430879, -314 
1721292202347.00, -34630, -431405, -362 
1721292202368.00, -40179, -432143, -466 
1721292202390.00, -43327, -432993, -450 
1721292202412.00, -43760, -433941, -531 
1721292202434.00, -43892, -434902, -566 
1721292202455.00, -43564, -435843, -598 
1721292202477.00, -43766, -436788, -600 
1721292202499.00, -43888, -437745, -610 
1721292202520.00, -43648, -438695, -632 
1721292202542.00, -43625, -439633, -632 
1721292202563.00, -43788, -440583, -640 
1721292202586.00, -43662, -441536, -631 
1721292202607.00, -43572, -442477, -648 
1721292202628.00, -43674, -443423, -658 
1721292202655.00, -43741, -444379, -652 
1721292202672.00, -43526, -445321, -660 
1721292202693.00, -43800, -446260, -648 
1721292202718.00, -43773, -447213, -665 
1721292202737.00, -43707, -448164, -672 
1721292202758.00, -43556, -449100, -676 
1721292202780.00, -43758, -450049, -680 
1721292202801.00, -43847, -451009, -701 
1721292202823.00, -43637, -451953, -714 
1721292202845.00, -43837, -452896, -701 
1721292202867.00, -43781, -453848, -713 
1721292202888.00, -43544, -454798, -707 
1721292202910.00, -43755, -455731, -695 
1721292202931.00, -43753, -456680, -687 
1721292202952.00, -43549, -457634, -700 
1721292202975.00, -43713, -458576, -698 
1721292202996.00, -43825, -459519, -674 
1721292203018.00, -43693, -460475, -696 
1721292203039.00, -43540, -461423, -707 
1721292203061.00, -43743, -462357, -703 
1721292203083.00, -43786, -463304, -706 
1721292203105.00, -43608, -464258, -707 
1721292203126.00, -43750, -465195, -683 
1721292203148.00, -43846, -466145, -705 
1721292203170.00, -43712, -467100, -721 
1721292203191.00, -43538, -468049, -702 
1721292203213.00, -43824, -468988, -696 
1721292203235.00, -43595, -469940, -701 
1721292203256.00, -43387, -470894, -693 
1721292203278.00, -43724, -471827, -672 
1721292203299.00, -43768, -472767, -626 
1721292203321.00, -43677, -473720, -626 
1721292203344.00, -43726, -474667, -648 
1721292203364.00, -43687, -475606, -622 
1721292203386.00, -43452, -476560, -643 
1721292203407.00, -43624, -477520, -672 
1721292203429.00, -43776, -478454, -678 
1721292203455.00, -43601, -479399, -689 
1721292203472.00, -43511, -480353, -697 
1721292203493.00, -43682, -481295, -722 
1721292203515.00, -43605, -482230, -732 
1721292203537.00, -43635, -483184, -737 
1721292203559.00, -43805, -484144, -772 
1721292203580.00, -43769, -485084, -778 
1721292203602.00, -43587, -486029, -806 
1721292203623.00, -43752, -486979, -766 
1721292203645.00, -43678, -487923, -793 
1721292203667.00, -43473, -488862, -801 
1721292203689.00, -43702, -489811, -786 
1721292203710.00, -43652, -490757, -766 
1721292203732.00, -43687, -491699, -776 
1721292203754.00, -43574, -492648, -756 
1721292203775.00, -43613, -493606, -743 
1721292203797.00, -43474, -494542, -736 
1721292203818.00, -43792, -495480, -728 
1721292203840.00, -43836, -496428, -742 
1721292203861.00, -43649, -497381, -758 
1721292203883.00, -43506, -498315, -736 
1721292203905.00, -43739, -499265, -736 
1721292203927.00, -43702, -500222, -714 
1721292203948.00, -43562, -501160, -721 
1721292203970.00, -43643, -502102, -707 
1721292203991.00, -43705, -503058, -719 
1721292204013.00, -43462, -504003, -733 
1721292204035.00, -43616, -504943, -715 
1721292204057.00, -43763, -505888, -732 
1721292204078.00, -43672, -506841, -744 
1721292204100.00, -43735, -507779, -744 
1721292204121.00, -43715, -508726, -752 
1721292204143.00, -43626, -509682, -761 
1721292204165.00, -43664, -510631, -774 
1721292204187.00, -43731, -511569, -751 
1721292204208.00, -43518, -512513, -730 
1721292204229.00, -43577, -513463, -720 
1721292204251.00, -43789, -514396, -709 
1721292204273.00, -43671, -515343, -699 
1721292204295.00, -43589, -516299, -692 
1721292204316.00, -43744, -517247, -688 
1721292204338.00, -43458, -518183, -676 
1721292204359.00, -43681, -519138, -687 
1721292204381.00, -43762, -520084, -691 
1721292204403.00, -43515, -521020, -690 
1721292204424.00, -43420, -521965, -693 
1721292204446.00, -43577, -522921, -678 
1721292204467.00, -43616, -523857, -680 
1721292204490.00, -43557, -524801, -687 
1721292204511.00, -43593, -525750, -671 
1721292204533.00, -43559, -526698, -658 
1721292204554.00, -43604, -527635, -674 
1721292204576.00, -43721, -528583, -684 
1721292204598.00, -43638, -529537, -707 
1721292204619.00, -43692, -530475, -706 
1721292204641.00, -43854, -531416, -710 
1721292204662.00, -43702, -532374, -730 
1721292204684.00, -43599, -533323, -729 
1721292204706.00, -43668, -534263, -723 
1721292204727.00, -43806, -535208, -717 
1721292204749.00, -43550, -536165, -709 
1721292204770.00, -43727, -537101, -705 
1721292204792.00, -43658, -538041, -678 
1721292204813.00, -43627, -538987, -647 
1721292204836.00, -43597, -539937, -653 
1721292204857.00, -43719, -540875, -634 
1721292204879.00, -43545, -541823, -621 
1721292204901.00, -43651, -542777, -607 
1721292204922.00, -43679, -543712, -597 
1721292204943.00, -43659, -544655, -595 
1721292204965.00, -43671, -545608, -586 
1721292204988.00, -43697, -546551, -576 
1721292205009.00, -43680, -547492, -564 
1721292205030.00, -43732, -548442, -560 
1721292205052.00, -43711, -549396, -551 
1721292205073.00, -43541, -550336, -537 
1721292205096.00, -43474, -551277, -517 
1721292205117.00, -43668, -552229, -515 
1721292205138.00, -43639, -553169, -524 
1721292205160.00, -43507, -554107, -503 
1721292205182.00, -43650, -555054, -484 
1721292205202.00, -43718, -556004, -509 
1721292205225.00, -43786, -556943, -514 
1721292205246.00, -43789, -557890, -509 
1721292205268.00, -43667, -558843, -520 
1721292205290.00, -43631, -559785, -532 
1721292205315.00, -43723, -560732, -556 
1721292205333.00, -43786, -561680, -564 
1721292205355.00, -43576, -562627, -567 
1721292205376.00, -43684, -563564, -574 
1721292205398.00, -43850, -564511, -582 
1721292205424.00, -43512, -565468, -591 
1721292205441.00, -43680, -566413, -580 
1721292205463.00, -43853, -567354, -562 
1721292205485.00, -43602, -568302, -581 
1721292205506.00, -43668, -569251, -585 
1721292205527.00, -43873, -570188, -573 
1721292205549.00, -43688, -571136, -579 
1721292205571.00, -43556, -572087, -590 
1721292205592.00, -43647, -573028, -570 
1721292205614.00, -43495, -573970, -532 
1721292205636.00, -43499, -574918, -531 
1721292205657.00, -43608, -575862, -539 
1721292205679.00, -43505, -576798, -524 
1721292205701.00, -43643, -577742, -498 
1721292205723.00, -43795, -578692, -507 
1721292205744.00, -43449, -579629, -499 
1721292205765.00, -43658, -580572, -478 
1721292205787.00, -43797, -581524, -482 
1721292205809.00, -43526, -582468, -473 
1721292205831.00, -43595, -583411, -455 
1721292205853.00, -43745, -584355, -459 
1721292205874.00, -43700, -585304, -457 
1721292205895.00, -43826, -586242, -422 
1721292205916.00, -43710, -587187, -422 
1721292205939.00, -43627, -588137, -442 
1721292205961.00, -43560, -589080, -406 
1721292205982.00, -43740, -590021, -392 
1721292206004.00, -43672, -590969, -396 
1721292206025.00, -43541, -591919, -376 
1721292206047.00, -43603, -592857, -376 
1721292206069.00, -24976, -593798, -363 
1721292206090.00, -13354, -594360, -328 
1721292206112.00, -6879, -594664, -289 
1721292206133.00, -2859, -594817, -277 
1721292206154.00, -526, -594887, -292 
1721292206176.00, 82, -594902, -289 
1721292206198.00, 900, -594900, -253 
1721292206219.00, 1547, -594885, -191 
1721292206241.00, 1894, -594852, -133 
1721292206263.00, 2156, -594807, -84 
1721292206284.00, 2239, -594759, -39 
1721292206305.00, 2244, -594708, 1 
1721292206327.00, 2169, -594656, 43 
1721292206348.00, 4773, -594604, 82 
1721292206370.00, 8562, -594502, 118 
1721292206391.00, 13046, -594315, 149 
1721292206413.00, 17392, -594033, 180 
1721292206435.00, 21946, -593652, 214 
1721292206457.00, 26867, -593182, 247 
1721292206478.00, 31517, -592612, 262 
1721292206500.00, 35355, -591941, 274 
1721292206524.00, 38269, -591173, 285 
1721292206543.00, 40346, -590343, 297 
1721292206564.00, 42233, -589473, 311 
1721292206586.00, 43813, -588565, 307 
1721292206608.00, 43737, -587611, 312 
1721292206633.00, 43581, -586658, 325 
1721292206651.00, 44103, -585721, 325 
1721292206673.00, 43631, -584770, 332 
1721292206694.00, 43513, -583820, 350 
1721292206716.00, 43647, -582875, 361 
1721292206738.00, 43755, -581932, 372 
1721292206759.00, 43590, -580976, 390 
1721292206781.00, 43848, -580023, 408 
1721292206803.00, 43788, -579084, 431 
1721292206826.00, 43743, -578134, 459 
1721292206848.00, 43560, -577180, 486 
1721292206868.00, 43672, -576242, 482 
1721292206889.00, 43780, -575302, 482 
1721292206911.00, 43773, -574345, 492 
1721292206932.00, 43521, -573396, 502 
1721292206957.00, 43777, -572458, 502 
1721292206975.00, 43635, -571503, 507 
1721292206997.00, 43654, -570555, 520 
1721292207019.00, 43735, -569617, 541 
1721292207041.00, 43835, -568668, 537 
1721292207068.00, 43546, -567718, 529 
1721292207084.00, 43648, -566770, 533 
1721292207106.00, 43704, -565834, 523 
1721292207127.00, 43683, -564880, 507 
1721292207149.00, 43845, -563927, 522 
1721292207176.00, 43905, -562987, 537 
1721292207192.00, 43499, -562044, 543 
1721292207214.00, 43541, -561090, 551 
1721292207235.00, 43695, -560149, 562 
1721292207257.00, 43580, -559213, 578 
1721292207281.00, 43691, -558261, 582 
1721292207300.00, 43875, -557310, 589 
1721292207321.00, 43543, -556374, 570 
1721292207343.00, 43334, -555424, 562 
1721292207365.00, 43468, -554476, 565 
1721292207387.00, 43350, -553536, 549 
1721292207409.00, 43583, -552606, 543 
1721292207430.00, 43823, -551652, 545 
1721292207451.00, 43420, -550708, 562 
1721292207474.00, 43634, -549766, 585 
1721292207495.00, 43743, -548818, 599 
1721292207516.00, 43621, -547862, 634 
1721292207538.00, 43574, -546916, 666 
1721292207560.00, 43946, -545984, 593 
1721292207581.00, 43452, -545019, 780 
1721292207603.00, 43664, -544076, 716 
1721292207625.00, 43839, -543136, 758 
1721292207646.00, 43649, -542187, 794 
1721292207668.00, 43580, -541235, 780 
1721292207689.00, 43843, -540287, 790 
1721292207711.00, 43694, -539345, 806 
1721292207733.00, 43579, -538395, 799 
1721292207754.00, 43758, -537448, 809 
1721292207776.00, 43623, -536510, 814 
1721292207798.00, 43518, -535560, 814 
1721292207819.00, 43767, -534609, 830 
1721292207840.00, 43602, -533667, 840 
1721292207863.00, 43664, -532722, 839 
1721292207884.00, 43790, -531770, 853 
1721292207906.00, 43781, -530816, 854 
1721292207927.00, 43585, -529880, 852 
1721292207949.00, 43484, -528930, 849 
1721292207970.00, 43599, -527982, 850 
1721292207992.00, 43679, -527042, 860 
1721292208014.00, 43515, -526102, 865 
1721292208036.00, 43578, -525149, 866 
1721292208058.00, 43717, -524201, 872 
1721292208079.00, 43589, -523260, 896 
1721292208101.00, 43675, -522310, 890 
1721292208123.00, 43603, -521358, 919 
1721292208144.00, 43565, -520415, 935 
1721292208165.00, 43820, -519476, 921 
1721292208186.00, 43702, -518523, 922 
1721292208208.00, 43544, -517576, 915 
1721292208230.00, 43663, -516638, 921 
1721292208252.00, 43612, -515680, 916 
1721292208274.00, 43596, -514734, 905 
1721292208295.00, 43660, -513794, 911 
1721292208317.00, 43760, -512852, 885 
1721292208338.00, 43653, -511900, 879 
1721292208361.00, 43550, -510956, 866 
1721292208384.00, 43511, -510020, 838 
1721292208404.00, 43516, -509069, 838 
1721292208425.00, 43562, -508123, 816 
1721292208447.00, 43709, -507182, 813 
1721292208469.00, 43621, -506235, 796 
1721292208493.00, 43611, -505285, 804 
1721292208512.00, 43742, -504338, 821 
1721292208533.00, 43652, -503402, 821 
1721292208555.00, 43437, -502445, 819 
1721292208576.00, 43699, -501498, 814 
1721292208601.00, 43645, -500561, 821 
1721292208620.00, 43543, -499608, 833 
1721292208641.00, 43724, -498655, 836 
1721292208664.00, 43836, -497712, 842 
1721292208685.00, 43732, -496769, 847 
1721292208709.00, 43729, -495817, 859 
1721292208728.00, 43757, -494869, 864 
1721292208750.00, 43653, -493931, 890 
1721292208771.00, 43587, -492982, 891 
1721292208793.00, 43834, -492029, 902 
1721292208815.00, 43842, -491080, 904 
1721292208837.00, 43581, -490141, 902 
1721292208858.00, 43677, -489183, 923 
1721292208879.00, 43571, -488240, 914 
1721292208901.00, 43480, -487303, 923 
1721292208926.00, 43791, -486354, 917 
1721292208945.00, 43678, -485407, 917 
1721292208966.00, 43472, -484462, 907 
1721292208987.00, 43454, -483517, 921 
1721292209010.00, 43539, -482562, 916 
1721292209033.00, 43490, -481619, 924 
1721292209053.00, 43719, -480685, 912 
1721292209074.00, 43680, -479735, 923 
1721292209096.00, 43666, -478786, 934 
1721292209117.00, 43604, -477841, 957 
1721292209142.00, 43627, -476900, 961 
1721292209161.00, 43486, -475946, 976 
1721292209183.00, 43628, -474995, 964 
1721292209204.00, 43706, -474060, 943 
1721292209226.00, 43488, -473109, 935 
1721292209248.00, 43659, -472161, 928 
1721292209269.00, 43701, -471222, 935 
1721292209290.00, 43569, -470278, 931 
1721292209312.00, 43724, -469329, 936 
1721292209334.00, 43815, -468380, 936 
1721292209357.00, 43651, -467438, 931 
1721292209378.00, 43589, -466484, 918 
1721292209399.00, 43622, -465532, 924 
1721292209421.00, 43741, -464594, 924 
1721292209442.00, 43792, -463642, 948 
1721292209466.00, 43729, -462695, 964 
1721292209485.00, 43821, -461749, 991 
1721292209507.00, 43664, -460810, 994 
1721292209529.00, 43607, -459855, 1002 
1721292209551.00, 43797, -458905, 989 
1721292209572.00, 43723, -457963, 982 
1721292209594.00, 43578, -457016, 968 
1721292209616.00, 43866, -456065, 971 
1721292209637.00, 43590, -455122, 977 
1721292209661.00, 43349, -454184, 980 
1721292209680.00, 43657, -453235, 962 
1721292209702.00, 43789, -452290, 976 
1721292209724.00, 43460, -451347, 975 
1721292209745.00, 43631, -450392, 994 
1721292209767.00, 43745, -449444, 998 
1721292209789.00, 43415, -448501, 995 
1721292209810.00, 43656, -447564, 961 
1721292209831.00, 43781, -446618, 943 
1721292209853.00, 43668, -445670, 932 
1721292209875.00, 43682, -444733, 919 
1721292209896.00, 43613, -443779, 916 
1721292209918.00, 43436, -442832, 888 
1721292209940.00, 43465, -441891, 883 
1721292209961.00, 43700, -440952, 865 
1721292209983.00, 43604, -440002, 871 
1721292210005.00, 43658, -439058, 839 
1721292210027.00, 43704, -438116, 848 
1721292210048.00, 43453, -437168, 828 
1721292210070.00, 43656, -436221, 821 
1721292210092.00, 43734, -435279, 818 
1721292210113.00, 43481, -434338, 796 
1721292210135.00, 43601, -433382, 798 
1721292210157.00, 43683, -432437, 767 
1721292210178.00, 25008, -431506, 771 
1721292210200.00, 13641, -430940, 765 
1721292210222.00, 7042, -430628, 756 
1721292210243.00, 2951, -430469, 778 
1721292210264.00, 474, -430402, 737 
1721292210286.00, -90, -430391, 675 
1721292210307.00, -987, -430395, 605 
1721292210328.00, -1631, -430412, 510 
1721292210350.00, -2008, -430448, 425 
1721292210371.00, -2320, -430494, 348 
1721292210393.00, -2370, -430548, 260 
1721292210414.00, -2264, -430604, 198 
1721292210436.00, -2220, -430658, 153 
1721292210459.00, -2191, -430712, 92 
1721292210479.00, -2197, -430767, 22 
1721292210500.00, -2179, -430828, -56 
1721292210522.00, -5555, -430880, -134 
1721292210543.00, -12287, -431005, -215 
1721292210567.00, -20877, -431269, -282 
1721292210587.00, -30076, -431720, -328 
1721292210608.00, -37124, -432362, -362 
1721292210629.00, -41585, -433161, -427 
1721292210652.00, -43781, -434061, -415 
1721292210675.00, -43768, -435020, -458 
1721292210695.00, -43780, -435960, -503 
1721292210716.00, -43673, -436905, -492 
1721292210738.00, -43609, -437862, -490 
1721292210759.00, -43793, -438803, -503 
1721292210784.00, -43695, -439743, -501 
1721292210803.00, -43567, -440699, -519 
1721292210825.00, -43826, -441649, -523 
1721292210846.00, -43851, -442586, -528 
1721292210867.00, -43381, -443534, -522 
1721292210890.00, -43727, -444491, -512 
1721292210911.00, -43790, -445431, -525 
1721292210933.00, -43606, -446373, -536 
1721292210954.00, -43647, -447325, -540 
1721292210976.00, -43782, -448273, -529 
1721292211002.00, -43688, -449212, -551 
1721292211019.00, -43770, -450159, -555 
1721292211041.00, -43745, -451116, -550 
1721292211062.00, -43775, -452059, -553 
1721292211084.00, -43688, -453001, -552 
1721292211109.00, -43769, -453956, -552 
1721292211127.00, -43679, -454900, -544 
1721292211149.00, -43571, -455834, -526 
1721292211170.00, -43718, -456781, -530 
1721292211192.00, -43689, -457736, -526 
1721292211216.00, -43552, -458676, -525 
1721292211235.00, -43622, -459621, -510 
1721292211257.00, -43670, -460574, -525 
1721292211279.00, -43679, -461521, -529 
1721292211300.00, -43707, -462454, -525 
1721292211323.00, -43645, -463405, -538 
1721292211343.00, -43753, -464358, -521 
1721292211365.00, -43498, -465292, -510 
1721292211387.00, -43664, -466237, -489 
1721292211408.00, -43591, -467194, -505 
1721292211430.00, -43615, -468138, -514 
1721292211451.00, -43684, -469080, -494 
1721292211473.00, -43781, -470033, -517 
1721292211495.00, -43608, -470986, -518 
1721292211516.00, -43758, -471918, -527 
1721292211538.00, -43704, -472863, -524 
1721292211560.00, -43536, -473820, -530 
1721292211581.00, -43626, -474762, -536 
1721292211603.00, -43787, -475701, -519 
1721292211625.00, -43681, -476655, -526 
1721292211647.00, -43657, -477610, -512 
1721292211668.00, -43793, -478543, -512 
1721292211690.00, -43650, -479493, -525 
1721292211712.00, -43506, -480446, -531 
1721292211733.00, -43607, -481381, -530 
1721292211755.00, -43662, -482323, -515 
1721292211780.00, -43632, -483280, -529 
1721292211798.00, -43713, -484231, -530 
1721292211819.00, -43685, -485169, -521 
1721292211842.00, -43416, -486116, -521 
1721292211863.00, -43640, -487074, -529 
1721292211888.00, -43715, -488007, -541 
1721292211906.00, -43440, -488949, -547 
1721292211928.00, -43608, -489903, -557 
1721292211950.00, -43721, -490848, -562 
1721292211971.00, -43591, -491789, -558 
1721292211995.00, -43663, -492741, -558 
1721292212015.00, -43783, -493698, -560 
1721292212035.00, -43557, -494632, -570 
1721292212058.00, -43451, -495574, -572 
1721292212079.00, -43583, -496529, -581 
1721292212101.00, -43786, -497470, -579 
1721292212122.00, -43684, -498408, -585 
1721292212144.00, -43724, -499362, -615 
1721292212166.00, -43715, -500323, -620 
1721292212187.00, -43596, -501259, -618 
1721292212209.00, -43771, -502203, -622 
1721292212230.00, -43740, -503159, -630 
1721292212252.00, -43621, -504103, -631 
1721292212274.00, -43755, -505040, -623 
1721292212296.00, -43746, -505991, -634 
1721292212317.00, -43529, -506945, -641 
1721292212339.00, -43605, -507884, -657 
1721292212360.00, -43746, -508829, -647 
1721292212382.00, -43479, -509784, -652 
1721292212404.00, -43591, -510727, -644 
1721292212426.00, -43696, -511664, -630 
1721292212447.00, -43616, -512612, -638 
1721292212469.00, -43630, -513565, -642 
1721292212491.00, -43632, -514495, -633 
1721292212512.00, -43559, -515446, -626 
1721292212535.00, -43523, -516402, -622 
1721292212555.00, -43688, -517345, -622 
1721292212577.00, -43649, -518288, -619 
1721292212598.00, -43366, -519242, -628 
1721292212620.00, -43507, -520188, -621 
1721292212642.00, -43602, -521118, -612 
1721292212663.00, -43527, -522062, -612 
1721292212685.00, -43726, -523021, -606 
1721292212707.00, -43567, -523955, -605 
1721292212729.00, -43621, -524899, -597 
1721292212751.00, -43780, -525854, -588 
1721292212771.00, -43677, -526798, -589 
1721292212793.00, -43438, -527734, -567 
1721292212815.00, -43671, -528681, -550 
1721292212836.00, -43538, -529630, -551 
1721292212859.00, -43609, -530564, -537 
1721292212880.00, -43625, -531506, -510 
1721292212901.00, -43599, -532461, -512 
1721292212922.00, -43531, -533407, -516 
1721292212945.00, -43771, -534347, -505 
1721292212966.00, -43651, -535295, -498 
1721292212988.00, -43606, -536251, -507 
1721292213009.00, -43684, -537187, -510 
1721292213031.00, -43748, -538130, -522 
1721292213053.00, -43544, -539082, -530 
1721292213076.00, -43697, -540025, -532 
1721292213096.00, -43636, -540971, -553 
1721292213118.00, -43485, -541922, -549 
1721292213139.00, -43647, -542874, -541 
1721292213161.00, -43773, -543807, -535 
1721292213184.00, -43556, -544750, -529 
1721292213204.00, -43663, -545706, -518 
1721292213226.00, -43681, -546641, -497 
1721292213248.00, -43452, -547581, -487 
1721292213269.00, -43579, -548535, -497 
1721292213291.00, -43703, -549487, -503 
1721292213313.00, -43505, -550424, -493 
1721292213334.00, -43611, -551370, -503 
1721292213356.00, -43615, -552324, -516 
1721292213378.00, -43479, -553263, -520 
1721292213399.00, -43690, -554203, -507 
1721292213420.00, -43643, -555150, -496 
1721292213442.00, -43604, -556099, -509 
1721292213464.00, -43634, -557038, -503 
1721292213485.00, -43707, -557982, -483 
1721292213507.00, -43633, -558935, -475 
1721292213529.00, -43526, -559876, -470 
1721292213550.00, -43575, -560817, -464 
1721292213572.00, -43522, -561764, -451 
1721292213594.00, -43650, -562707, -440 
1721292213615.00, -43722, -563643, -439 
1721292213637.00, -43459, -564590, -430 
1721292213659.00, -43500, -565544, -413 
1721292213680.00, -43633, -566480, -399 
1721292213702.00, -43672, -567427, -400 
1721292213724.00, -43745, -568379, -398 
1721292213745.00, -43719, -569321, -380 
1721292213767.00, -43634, -570260, -368 
1721292213788.00, -43643, -571205, -369 
1721292213809.00, -43649, -572154, -369 
1721292213831.00, -43674, -573096, -354 
1721292213853.00, -43783, -574042, -348 
1721292213875.00, -43713, -574993, -352 
1721292213897.00, -43700, -575938, -342 
1721292213919.00, -43420, -576876, -331 
1721292213940.00, -43598, -577826, -330 
1721292213962.00, -43675, -578769, -338 
1721292213983.00, -43932, -579709, -329 
1721292214005.00, -43712, -580654, -312 
1721292214026.00, -43742, -581605, -313 
1721292214048.00, -43367, -582552, -311 
1721292214070.00, -43532, -583494, -304 
1721292214091.00, -43063, -584431, -289 
1721292214113.00, -42012, -585371, -279 
1721292214134.00, -40970, -586273, -283 
1721292214156.00, -40221, -587156, -280 
1721292214177.00, -39609, -588035, -263 
1721292214200.00, -38323, -588897, -253 
1721292214221.00, -36931, -589721, -264 
1721292214243.00, -36734, -590525, -259 
1721292214264.00, -36386, -591325, -250 
1721292214286.00, -35535, -592113, -248 
1721292214308.00, -35065, -592883, -256 
1721292214329.00, -20000, -593638, -243 
1721292214351.00, -10917, -594090, -250 
1721292214373.00, -5356, -594336, -255 
1721292214394.00, -2004, -594458, -243 
1721292214416.00, 5, -594503, -221 
1721292214437.00, 187, -594508, -199 
1721292214459.00, 850, -594506, -200 
1721292214480.00, 1384, -594491, -187 
1721292214501.00, 1784, -594463, -151 
1721292214523.00, 2037, -594423, -98 
1721292214545.00, 2174, -594374, -36 
1721292214566.00, 2189, -594324, 22 
1721292214588.00, 3581, -594272, 77 
1721292214609.00, 7762, -594191, 119 
1721292214631.00, 12993, -594022, 171 
1721292214653.00, 18769, -593746, 216 
1721292214674.00, 25110, -593344, 246 
1721292214695.00, 30535, -592812, 272 
1721292214719.00, 35179, -592160, 300 
1721292214739.00, 39891, -591400, 316 
1721292214760.00, 43150, -590540, 325 
1721292214782.00, 43699, -589610, 352 
1721292214804.00, 43757, -588668, 372 
1721292214826.00, 43635, -587712, 387 
1721292214847.00, 43560, -586762, 391 
1721292214868.00, 43864, -585823, 400 
1721292214890.00, 43811, -584874, 416 
1721292214912.00, 43502, -583921, 428 
1721292214937.00, 43732, -582978, 443 
1721292214955.00, 43700, -582036, 441 
1721292214977.00, 43629, -581077, 454 
1721292214999.00, 43743, -580128, 467 
1721292215020.00, 43869, -579187, 475 
1721292215042.00, 43544, -578241, 473 
1721292215064.00, 43500, -577285, 483 
1721292215086.00, 43790, -576345, 499 
1721292215107.00, 43570, -575406, 506 
1721292215128.00, 43697, -574449, 524 
1721292215155.00, 43819, -573499, 533 
1721292215172.00, 43710, -572558, 541 
1721292215194.00, 43820, -571604, 572 
1721292215215.00, 43712, -570653, 620 
1721292215237.00, 43892, -569708, 659 
1721292215258.00, 43970, -568764, 672 
1721292215280.00, 43498, -567809, 767 
1721292215301.00, 43847, -566859, 730 
1721292215323.00, 43843, -565920, 731 
1721292215345.00, 43422, -564966, 749 
1721292215367.00, 43580, -564014, 745 
1721292215388.00, 43781, -563073, 759 
1721292215409.00, 43737, -562128, 769 
1721292215431.00, 43557, -561178, 774 
1721292215453.00, 43732, -560231, 780 
1721292215475.00, 43668, -559294, 801 
1721292215497.00, 43741, -558343, 782 
1721292215518.00, 43655, -557391, 782 
1721292215540.00, 43718, -556451, 770 
1721292215562.00, 43755, -555504, 767 
1721292215583.00, 43598, -554555, 779 
1721292215605.00, 43835, -553608, 776 
1721292215626.00, 43597, -552673, 769 
1721292215648.00, 43585, -551718, 787 
1721292215670.00, 43835, -550768, 813 
1721292215691.00, 43611, -549825, 810 
1721292215713.00, 43367, -548880, 800 
1721292215735.00, 43888, -547924, 797 
1721292215756.00, 43680, -546980, 803 
1721292215778.00, 43719, -546040, 825 
1721292215799.00, 43683, -545089, 826 
1721292215821.00, 43713, -544138, 826 
1721292215842.00, 43588, -543196, 843 
1721292215864.00, 43821, -542250, 853 
1721292215886.00, 43772, -541293, 901 
1721292215907.00, 43669, -540343, 919 
1721292215929.00, 43479, -539408, 897 
1721292215951.00, 43543, -538455, 877 
1721292215973.00, 43628, -537512, 882 
1721292215994.00, 43633, -536577, 857 
1721292216016.00, 43611, -535631, 868 
1721292216039.00, 43606, -534682, 853 
1721292216059.00, 43680, -533734, 876 
1721292216080.00, 43654, -532790, 900 
1721292216102.00, 43593, -531836, 883 
1721292216124.00, 43697, -530888, 886 
1721292216150.00, 43718, -529948, 916 
1721292216168.00, 43710, -529001, 893 
1721292216189.00, 43579, -528052, 894 
1721292216210.00, 43533, -527111, 880 
1721292216232.00, 43660, -526175, 846 
1721292216257.00, 43644, -525222, 853 
1721292216275.00, 43636, -524275, 849 
1721292216297.00, 43683, -523337, 839 
1721292216319.00, 43560, -522388, 825 
1721292216341.00, 43514, -521438, 824 
1721292216362.00, 43670, -520494, 815 
1721292216383.00, 43514, -519561, 796 
1721292216405.00, 43431, -518609, 804 
1721292216427.00, 43693, -517661, 797 
1721292216448.00, 43656, -516725, 803 
1721292216470.00, 43538, -515768, 816 
1721292216492.00, 43771, -514820, 824 
1721292216513.00, 43732, -513878, 840 
1721292216535.00, 43539, -512935, 831 
1721292216557.00, 43695, -511983, 838 
1721292216582.00, 43738, -511037, 845 
1721292216600.00, 43585, -510102, 850 
1721292216621.00, 43662, -509145, 864 
1721292216643.00, 43864, -508195, 869 
1721292216665.00, 43557, -507252, 874 
1721292216688.00, 43661, -506304, 877 
1721292216707.00, 43751, -505354, 884 
1721292216730.00, 43677, -504409, 903 
1721292216751.00, 43698, -503470, 928 
1721292216773.00, 43713, -502516, 924 
1721292216795.00, 43614, -501571, 901 
1721292216816.00, 43624, -500629, 893 
1721292216838.00, 43730, -499680, 874 
1721292216859.00, 43545, -498727, 889 
1721292216881.00, 43578, -497781, 897 
1721292216902.00, 43814, -496845, 898 
1721292216925.00, 43683, -495890, 901 
1721292216946.00, 43635, -494944, 902 
1721292216967.00, 43656, -494006, 910 
1721292216989.00, 43670, -493060, 914 
1721292217010.00, 43682, -492107, 891 
1721292217033.00, 43674, -491159, 885 
1721292217054.00, 43673, -490218, 895 
1721292217076.00, 43647, -489263, 888 
1721292217098.00, 43444, -488316, 893 
1721292217121.00, 43639, -487380, 904 
1721292217141.00, 43703, -486434, 914 
1721292217162.00, 43730, -485480, 933 
1721292217184.00, 43678, -484532, 955 
1721292217206.00, 43668, -483587, 980 
1721292217228.00, 43451, -482631, 999 
1721292217249.00, 43732, -481679, 1018 
1721292217271.00, 43814, -480744, 1027 
1721292217293.00, 43828, -479789, 1040 
1721292217314.00, 43602, -478837, 1050 
1721292217336.00, 43715, -477887, 1040 
1721292217357.00, 43674, -476942, 1060 
1721292217380.00, 43606, -475984, 1059 
1721292217401.00, 43665, -475031, 1046 
1721292217422.00, 43876, -474091, 1037 
1721292217444.00, 43741, -473136, 1029 
1721292217466.00, 43743, -472186, 1049 
1721292217488.00, 43716, -471239, 1050 
1721292217510.00, 43466, -470292, 1056 
1721292217532.00, 43740, -469338, 1032 
1721292217553.00, 43792, -468387, 1026 
1721292217575.00, 43571, -467443, 1023 
1721292217597.00, 43601, -466485, 1007 
1721292217619.00, 43685, -465535, 1019 
1721292217640.00, 43726, -464592, 1017 
1721292217662.00, 43801, -463640, 1002 
1721292217684.00, 43679, -462690, 1005 
1721292217705.00, 43812, -461742, 992 
1721292217727.00, 43621, -460801, 989 
1721292217749.00, 43400, -459851, 984 
1721292217770.00, 43664, -458905, 975 
1721292217792.00, 43810, -457963, 970 
1721292217814.00, 43499, -457015, 1000 
1721292217835.00, 43771, -456063, 1002 
1721292217857.00, 43682, -455110, 1052 
1721292217879.00, 43556, -454170, 1059 
1721292217900.00, 43539, -453217, 1059 
1721292217922.00, 43777, -452263, 1071 
1721292217944.00, 43732, -451318, 1096 
1721292217965.00, 43715, -450362, 1088 
1721292217987.00, 43487, -449406, 1094 
1721292218009.00, 43692, -448457, 1105 
1721292218031.00, 43786, -447519, 1095 
1721292218052.00, 43739, -446565, 1070 
1721292218074.00, 43563, -445614, 1057 
1721292218096.00, 43561, -444674, 1041 
1721292218119.00, 43558, -443716, 1029 
1721292218139.00, 43685, -442770, 1031 
1721292218161.00, 43516, -441821, 1018 
1721292218183.00, 43633, -440877, 1000 
1721292218203.00, 43767, -439924, 987 
1721292218228.00, 43688, -438975, 996 
1721292218248.00, 43531, -438037, 978 
1721292218269.00, 43540, -437089, 957 
1721292218291.00, 43662, -436147, 947 
1721292218312.00, 43779, -435201, 939 
1721292218334.00, 43660, -434257, 913 
1721292218356.00, 43732, -433309, 884 
1721292218378.00, 43624, -432363, 880 
1721292218400.00, 24810, -431425, 852 
1721292218420.00, 13477, -430860, 853 
1721292218442.00, 7106, -430554, 822 
1721292218463.00, 3077, -430397, 838 
1721292218485.00, 583, -430328, 814 
1721292218507.00, -63, -430318, 733 
1721292218528.00, -956, -430320, 647 
1721292218549.00, -1662, -430336, 556 
1721292218571.00, -2152, -430372, 472 
1721292218592.00, -2271, -430421, 375 
1721292218614.00, -2402, -430475, 312 
1721292218635.00, -2422, -430531, 257 
1721292218661.00, -2370, -430586, 202 
1721292218678.00, -2295, -430638, 154 
1721292218700.00, -2172, -430691, 113 
1721292218721.00, -2139, -430743, 64 
1721292218741.00, -2117, -430795, 11 
1721292218764.00, -2118, -430851, -47 
1721292218785.00, -4629, -430903, -129 
1721292218807.00, -11191, -431010, -177 
1721292218828.00, -18165, -431256, -245 
1721292218850.00, -26266, -431645, -313 
1721292218872.00, -34940, -432205, -348 
1721292218894.00, -40439, -432947, -361 
1721292218915.00, -43299, -433829, -495 
1721292218937.00, -43650, -434772, -429 
1721292218958.00, -43870, -435719, -503 
1721292218981.00, -43743, -436662, -512 
1721292219002.00, -43741, -437620, -546 
1721292219024.00, -43729, -438573, -580 
1721292219044.00, -43783, -439512, -606 
1721292219067.00, -43755, -440461, -613 
1721292219088.00, -43458, -441417, -645 
1721292219110.00, -43702, -442360, -677 
1721292219132.00, -43739, -443307, -686 
1721292219152.00, -43581, -444263, -685 
1721292219175.00, -43730, -445209, -685 
1721292219196.00, -43775, -446147, -702 
1721292219219.00, -43656, -447097, -695 
1721292219240.00, -43593, -448046, -692 
1721292219261.00, -43651, -448983, -693 
1721292219283.00, -43697, -449928, -684 
1721292219305.00, -43701, -450891, -698 
1721292219326.00, -43739, -451836, -699 
1721292219348.00, -43711, -452774, -674 
1721292219369.00, -43476, -453727, -691 
1721292219391.00, -43652, -454677, -664 
1721292219413.00, -43738, -455610, -642 
1721292219434.00, -43454, -456554, -636 
1721292219456.00, -43641, -457507, -613 
1721292219478.00, -43777, -458448, -588 
1721292219499.00, -43596, -459389, -579 
1721292219521.00, -43698, -460343, -587 
1721292219543.00, -43729, -461292, -569 
1721292219564.00, -43734, -462228, -577 
1721292219586.00, -43483, -463177, -604 
1721292219608.00, -43824, -464134, -619 
1721292219629.00, -43910, -465077, -660 
1721292219651.00, -43646, -466019, -660 
1721292219672.00, -43704, -466976, -669 
1721292219694.00, -43781, -467928, -672 
1721292219716.00, -43707, -468869, -677 
1721292219737.00, -43612, -469813, -679 
1721292219759.00, -43805, -470768, -668 
1721292219781.00, -43572, -471709, -703 
1721292219803.00, -43548, -472650, -701 
1721292219824.00, -43762, -473603, -694 
1721292219846.00, -43604, -474551, -685 
1721292219867.00, -43631, -475486, -654 
1721292219889.00, -43783, -476439, -669 
1721292219911.00, -43646, -477397, -672 
1721292219932.00, -43570, -478334, -671 
1721292219953.00, -43586, -479275, -643 
1721292219975.00, -43817, -480227, -637 
1721292219997.00, -43703, -481170, -633 
1721292220019.00, -43571, -482106, -614 
1721292220040.00, -43703, -483059, -612 
1721292220062.00, -43640, -484016, -613 
1721292220084.00, -43588, -484954, -600 
1721292220105.00, -43738, -485895, -592 
1721292220126.00, -43715, -486852, -591 
1721292220148.00, -43545, -487792, -580 
1721292220170.00, -43680, -488730, -571 
1721292220192.00, -43730, -489682, -565 
1721292220213.00, -43513, -490631, -548 
1721292220235.00, -43695, -491570, -536 
1721292220257.00, -43773, -492516, -535 
1721292220279.00, -43599, -493474, -531 
1721292220300.00, -43769, -494410, -517 
1721292220322.00, -43720, -495348, -497 
1721292220343.00, -43604, -496300, -517 
1721292220364.00, -43654, -497250, -516 
1721292220386.00, -43768, -498182, -504 
1721292220408.00, -43647, -499132, -514 
1721292220430.00, -43676, -500094, -527 
1721292220451.00, -43753, -501031, -524 
1721292220473.00, -43793, -501976, -498 
1721292220494.00, -43585, -502928, -501 
1721292220520.00, -43695, -503876, -504 
1721292220538.00, -43642, -504809, -490 
1721292220559.00, -43654, -505759, -488 
1721292220581.00, -43660, -506710, -478 
1721292220602.00, -43694, -507649, -491 
1721292220629.00, -43555, -508596, -494 
1721292220646.00, -43712, -509552, -500 
1721292220668.00, -43656, -510497, -498 
1721292220689.00, -43547, -511436, -490 
1721292220711.00, -43507, -512384, -510 
1721292220733.00, -43666, -513336, -514 
1721292220754.00, -43585, -514267, -512 
1721292220776.00, -43560, -515216, -511 
1721292220798.00, -43665, -516173, -517 
1721292220819.00, -43703, -517120, -516 
1721292220840.00, -43710, -518058, -505 
1721292220863.00, -43746, -519009, -509 
1721292220884.00, -43682, -519961, -505 
1721292220906.00, -43546, -520896, -502 
1721292220927.00, -43728, -521840, -501 
1721292220949.00, -43696, -522797, -511 
1721292220971.00, -43571, -523738, -513 
1721292220992.00, -43685, -524680, -505 
1721292221014.00, -43845, -525631, -512 
1721292221036.00, -43473, -526584, -508 
1721292221062.00, -43725, -527518, -496 
1721292221078.00, -43795, -528464, -495 
1721292221101.00, -43561, -529418, -496 
1721292221122.00, -43651, -530357, -490 
1721292221144.00, -43827, -531295, -484 
1721292221165.00, -43459, -532251, -494 
1721292221187.00, -43625, -533201, -490 
1721292221209.00, -43835, -534137, -477 
1721292221230.00, -43493, -535085, -480 
1721292221251.00, -43534, -536043, -488 
1721292221274.00, -43622, -536979, -488 
1721292221295.00, -43587, -537917, -481 
1721292221317.00, -43613, -538866, -481 
1721292221339.00, -43783, -539811, -479 
1721292221360.00, -43590, -540751, -464 
1721292221382.00, -43555, -541701, -466 
1721292221403.00, -43748, -542654, -466 
1721292221425.00, -43564, -543591, -458 
1721292221446.00, -43549, -544535, -446 
1721292221468.00, -43739, -545486, -447 
1721292221490.00, -43764, -546431, -444 
1721292221511.00, -43871, -547366, -428 
1721292221533.00, -43732, -548319, -433 
1721292221555.00, -43704, -549273, -438 
1721292221576.00, -43643, -550212, -431 
1721292221598.00, -43766, -551156, -415 
1721292221620.00, -43783, -552112, -417 
1721292221641.00, -43520, -553054, -425 
1721292221663.00, -43689, -553995, -426 
1721292221684.00, -43771, -554940, -423 
1721292221706.00, -43446, -555894, -442 
1721292221728.00, -43536, -556831, -442 
1721292221750.00, -43752, -557777, -442 
1721292221771.00, -43573, -558727, -445 
1721292221792.00, -43654, -559673, -448 
1721292221814.00, -43560, -560612, -451 
1721292221836.00, -43564, -561562, -461 
1721292221857.00, -43660, -562509, -463 
1721292221879.00, -43817, -563442, -463 
1721292221901.00, -43672, -564392, -464 
1721292221922.00, -43621, -565347, -457 
1721292221944.00, -43665, -566290, -444 
1721292221966.00, -43749, -567231, -439 
1721292221988.00, -43574, -568184, -438 
1721292222009.00, -43852, -569131, -428 
1721292222030.00, -43609, -570067, -418 
1721292222052.00, -43441, -571011, -421 
1721292222074.00, -43563, -571961, -441 
1721292222095.00, -43821, -572903, -449 
1721292222117.00, -43620, -573851, -467 
1721292222139.00, -43758, -574804, -486 
1721292222160.00, -43836, -575755, -508 
1721292222182.00, -43655, -576695, -527 
1721292222204.00, -43684, -577638, -531 
1721292222226.00, -43669, -578590, -543 
1721292222247.00, -43682, -579535, -544 
1721292222268.00, -43684, -580479, -548 
1721292222290.00, -43711, -581430, -555 
1721292222312.00, -43677, -582381, -559 
1721292222333.00, -43506, -583324, -558 
1721292222355.00, -43676, -584269, -552 
1721292222377.00, -43727, -585215, -564 
1721292222398.00, -43500, -586156, -546 
1721292222420.00, -43648, -587099, -529 
1721292222442.00, -43728, -588047, -525 
1721292222464.00, -43511, -588995, -517 
1721292222486.00, -43608, -589931, -498 
1721292222507.00, -43664, -590878, -474 
1721292222528.00, -43675, -591827, -466 
1721292222550.00, -43627, -592764, -447 
1721292222571.00, -25057, -593707, -428 
1721292222597.00, -13508, -594270, -409 
1721292222615.00, -6780, -594578, -384 
1721292222636.00, -2860, -594732, -375 
1721292222657.00, -476, -594801, -398 
1721292222679.00, 83, -594815, -360 
1721292222704.00, 905, -594812, -300 
1721292222723.00, 1470, -594796, -245 
1721292222744.00, 1948, -594761, -203 
1721292222766.00, 2238, -594719, -145 
1721292222788.00, 2336, -594664, -60 
1721292222813.00, 2301, -594607, 30 
1721292222831.00, 4038, -594551, 84 
1721292222851.00, 8484, -594460, 135 
1721292222873.00, 13982, -594273, 205 
1721292222895.00, 21489, -593969, 265 
1721292222922.00, 29600, -593508, 305 
1721292222938.00, 36929, -592879, 346 
1721292222959.00, 41741, -592092, 401 
1721292222982.00, 43893, -591189, 456 
1721292223003.00, 43679, -590232, 488 
1721292223025.00, 43566, -589288, 515 
1721292223046.00, 43740, -588346, 533 
1721292223067.00, 43698, -587392, 558 
1721292223090.00, 43792, -586441, 580 
1721292223112.00, 43633, -585504, 587 
1721292223135.00, 43810, -584549, 606 
1721292223154.00, 43556, -583597, 631 
1721292223176.00, 43693, -582658, 642 
1721292223198.00, 43561, -581711, 660 
1721292223220.00, 43646, -580761, 609 
1721292223241.00, 43554, -579806, 727 
1721292223262.00, 43848, -578875, 670 
1721292223285.00, 43626, -577923, 678 
1721292223305.00, 43456, -576974, 712 
1721292223327.00, 43614, -576039, 700 
1721292223349.00, 43664, -575094, 709 
1721292223371.00, 43660, -574144, 696 
1721292223393.00, 43653, -573195, 695 
1721292223414.00, 43638, -572255, 700 
1721292223436.00, 43729, -571304, 695 
1721292223458.00, 43766, -570357, 688 
1721292223479.00, 43623, -569421, 671 
1721292223500.00, 43732, -568476, 646 
1721292223522.00, 43777, -567528, 635 
1721292223544.00, 43721, -566586, 626 
1721292223565.00, 43596, -565642, 610 
1721292223589.00, 43628, -564688, 603 
1721292223608.00, 43775, -563741, 615 
1721292223631.00, 43581, -562802, 622 
1721292223652.00, 43575, -561855, 618 
1721292223674.00, 43709, -560904, 648 
1721292223700.00, 43568, -559961, 667 
1721292223717.00, 43746, -559023, 669 
1721292223739.00, 43694, -558069, 669 
1721292223760.00, 43618, -557122, 668 
1721292223781.00, 43456, -556183, 675 
1721292223803.00, 43591, -555235, 674 
1721292223824.00, 43501, -554286, 678 
1721292223847.00, 43621, -553344, 686 
1721292223868.00, 43700, -552408, 681 
1721292223890.00, 43649, -551454, 696 
1721292223912.00, 43735, -550506, 714 
1721292223933.00, 43732, -549566, 724 
1721292223955.00, 43774, -548614, 718 
1721292223976.00, 43556, -547659, 734 
1721292223998.00, 43832, -546718, 736 
1721292224025.00, 43753, -545782, 720 
1721292224041.00, 43499, -544827, 732 
1721292224063.00, 43694, -543882, 724 
1721292224085.00, 43775, -542944, 726 
1721292224107.00, 43635, -541994, 731 
1721292224133.00, 43724, -541038, 750 
1721292224150.00, 43628, -540095, 750 
1721292224171.00, 43575, -539155, 729 
1721292224193.00, 43642, -538206, 727 
1721292224215.00, 43758, -537260, 731 
1721292224238.00, 43527, -536324, 730 
1721292224258.00, 43584, -535373, 712 
1721292224280.00, 43703, -534427, 707 
1721292224301.00, 43618, -533483, 724 
1721292224323.00, 43663, -532539, 713 
1721292224346.00, 43719, -531586, 712 
1721292224366.00, 43691, -530637, 705 
1721292224388.00, 43619, -529698, 706 
1721292224409.00, 43805, -528749, 711 
1721292224431.00, 43706, -527798, 719 
1721292224453.00, 43529, -526862, 728 
1721292224474.00, 43665, -525917, 723 
1721292224495.00, 43664, -524961, 730 
1721292224518.00, 43648, -524015, 739 
1721292224539.00, 43672, -523077, 735 
1721292224568.00, 43745, -522122, 729 
1721292224582.00, 43686, -521174, 744 
1721292224604.00, 43522, -520236, 744 
1721292224626.00, 43704, -519288, 752 
1721292224648.00, 43698, -518339, 767 
1721292224670.00, 43609, -517391, 777 
1721292224691.00, 43779, -516444, 803 
1721292224712.00, 43726, -515492, 787 
1721292224734.00, 43571, -514541, 793 
1721292224756.00, 43734, -513602, 798 
1721292224777.00, 43818, -512656, 802 
1721292224799.00, 43579, -511707, 817 
1721292224821.00, 43749, -510762, 812 
1721292224842.00, 43825, -509822, 815 
1721292224864.00, 43672, -508866, 815 
1721292224885.00, 43709, -507917, 825 
1721292224907.00, 43687, -506976, 833 
1721292224929.00, 43546, -506028, 803 
1721292224950.00, 43574, -505081, 811 
1721292224972.00, 43822, -504137, 833 
1721292224993.00, 43640, -503193, 837 
1721292225015.00, 43705, -502242, 826 
1721292225037.00, 43636, -501296, 831 
1721292225057.00, 43736, -500357, 833 
1721292225080.00, 43615, -499401, 831 
1721292225103.00, 43697, -498452, 836 
1721292225123.00, 43762, -497508, 842 
1721292225145.00, 43660, -496564, 855 
1721292225167.00, 43522, -495612, 847 
1721292225189.00, 43697, -494666, 862 
1721292225210.00, 43557, -493728, 881 
1721292225231.00, 43608, -492774, 881 
1721292225253.00, 43711, -491826, 882 
1721292225275.00, 43740, -490880, 882 
1721292225297.00, 43553, -489933, 906 
1721292225318.00, 43648, -488984, 903 
1721292225340.00, 43842, -488036, 918 
1721292225362.00, 43716, -487101, 924 
1721292225383.00, 43701, -486146, 926 
1721292225405.00, 43798, -485199, 944 
1721292225427.00, 43555, -484253, 938 
1721292225448.00, 43447, -483305, 947 
1721292225470.00, 43719, -482354, 944 
1721292225491.00, 43716, -481408, 938 
1721292225513.00, 43572, -480475, 924 
1721292225535.00, 43741, -479521, 911 
1721292225556.00, 43545, -478576, 906 
1721292225578.00, 43222, -477636, 909 
1721292225600.00, 43501, -476690, 883 
1721292225621.00, 43565, -475744, 875 
1721292225642.00, 43616, -474798, 868 
1721292225664.00, 43688, -473857, 876 
1721292225686.00, 43549, -472906, 869 
1721292225708.00, 43629, -471957, 889 
1721292225729.00, 43847, -471019, 895 
1721292225751.00, 43730, -470071, 896 
1721292225773.00, 43536, -469123, 888 
1721292225794.00, 43647, -468174, 877 
1721292225816.00, 43691, -467233, 904 
1721292225837.00, 43570, -466276, 902 
1721292225859.00, 43723, -465325, 896 
1721292225881.00, 43806, -464387, 890 
1721292225903.00, 43602, -463436, 890 
1721292225924.00, 43643, -462491, 892 
1721292225946.00, 43706, -461548, 885 
1721292225967.00, 43622, -460604, 886 
1721292225990.00, 43663, -459654, 873 
1721292226011.00, 43846, -458704, 889 
1721292226032.00, 43686, -457764, 879 
1721292226054.00, 43610, -456808, 877 
1721292226076.00, 43468, -455865, 891 
1721292226101.00, 43705, -454921, 888 
1721292226118.00, 43660, -453980, 896 
1721292226140.00, 43932, -453032, 889 
1721292226162.00, 43642, -452077, 921 
1721292226183.00, 43578, -451135, 917 
1721292226207.00, 43525, -450183, 901 
1721292226227.00, 43831, -449236, 895 
1721292226248.00, 43672, -448295, 893 
1721292226271.00, 43557, -447350, 901 
1721292226292.00, 43665, -446403, 886 
1721292226314.00, 43723, -445455, 874 
1721292226335.00, 43492, -444517, 879 
1721292226357.00, 43520, -443565, 863 
1721292226378.00, 43672, -442620, 848 
1721292226400.00, 43723, -441678, 854 
1721292226422.00, 43681, -440732, 836 
1721292226444.00, 43709, -439784, 819 
1721292226465.00, 43705, -438834, 804 
1721292226487.00, 43506, -437895, 813 
1721292226508.00, 43745, -436946, 781 
1721292226533.00, 43529, -436001, 787 
1721292226552.00, 43497, -435062, 769 
1721292226573.00, 43662, -434111, 751 
1721292226595.00, 43541, -433168, 727 
1721292226617.00, 43419, -432221, 713 
1721292226641.00, 24950, -431285, 723 
1721292226660.00, 13790, -430722, 711 
1721292226682.00, 7224, -430410, 698 
1721292226703.00, 3129, -430252, 674 
1721292226724.00, 678, -430180, 674 
1721292226746.00, -13, -430164, 641 
1721292226767.00, -729, -430167, 581 
1721292226789.00, -1391, -430180, 545 
1721292226810.00, -1803, -430210, 475 
1721292226831.00, -2184, -430251, 412 
1721292226853.00, -2375, -430303, 326 
1721292226874.00, -2440, -430357, 254 
1721292226896.00, -2408, -430411, 195 
1721292226917.00, -2353, -430467, 152 
1721292226939.00, -2359, -430521, 105 
1721292226960.00, -2266, -430576, 52 
1721292226981.00, -2204, -430631, 8 
1721292227003.00, -2091, -430688, -43 
1721292227024.00, -4652, -430737, -109 
1721292227046.00, -10144, -430840, -165 
1721292227068.00, -16628, -431057, -204 
1721292227089.00, -22916, -431421, -251 
1721292227111.00, -29298, -431910, -299 
1721292227132.00, -35783, -432533, -326 
1721292227157.00, -40617, -433309, -335 
1721292227176.00, -43329, -434196, -370 
1721292227197.00, -43852, -435138, -380 
1721292227218.00, -43751, -436081, -400 
1721292227240.00, -43831, -437032, -406 
1721292227262.00, -43754, -437988, -437 
1721292227284.00, -43593, -438931, -446 
1721292227306.00, -43645, -439873, -451 
1721292227328.00, -43713, -440827, -470 
1721292227349.00, -43768, -441780, -479 
1721292227371.00, -43568, -442714, -480 
1721292227392.00, -43917, -443668, -491 
1721292227415.00, -43679, -444626, -508 
1721292227435.00, -43681, -445563, -524 
1721292227457.00, -43725, -446509, -526 
1721292227479.00, -43783, -447462, -531 
1721292227500.00, -43586, -448408, -537 
1721292227522.00, -43532, -449343, -539 
1721292227544.00, -43731, -450295, -560 
1721292227565.00, -43668, -451255, -577 
1721292227587.00, -43593, -452195, -580 
1721292227609.00, -43673, -453138, -575 
1721292227630.00, -43700, -454094, -588 
1721292227652.00, -43657, -455037, -592 
1721292227674.00, -43681, -455973, -585 
1721292227695.00, -43640, -456925, -580 
1721292227716.00, -43638, -457878, -585 
1721292227738.00, -43669, -458817, -592 
1721292227760.00, -43821, -459764, -598 
1721292227782.00, -43589, -460719, -615 
1721292227804.00, -43605, -461665, -618 
1721292227824.00, -43737, -462601, -620 
1721292227846.00, -43786, -463551, -630 
1721292227868.00, -43562, -464505, -636 
1721292227890.00, -43735, -465440, -646 
1721292227911.00, -43716, -466383, -630 
1721292227933.00, -43488, -467341, -621 
1721292227956.00, -43597, -468289, -637 
1721292227976.00, -43732, -469226, -623 
1721292227998.00, -43623, -470178, -625 
1721292228019.00, -43647, -471130, -632 
1721292228042.00, -43745, -472062, -628 
1721292228063.00, -43560, -473009, -625 
1721292228085.00, -43673, -473967, -635 
1721292228106.00, -43696, -474904, -638 
1721292228128.00, -43592, -475848, -639 
1721292228150.00, -43684, -476803, -644 
1721292228171.00, -43777, -477756, -647 
1721292228193.00, -43593, -478692, -648 
1721292228214.00, -43419, -479638, -633 
1721292228236.00, -43628, -480586, -615 
1721292228258.00, -43637, -481519, -612 
1721292228280.00, -43579, -482462, -585 
1721292228301.00, -43764, -483416, -581 
1721292228322.00, -43741, -484365, -570 
1721292228344.00, -43667, -485301, -543 
1721292228365.00, -43732, -486254, -541 
1721292228388.00, -43669, -487206, -517 
1721292228409.00, -43618, -488137, -498 
1721292228431.00, -43582, -489082, -496 
1721292228452.00, -43647, -490036, -498 
1721292228474.00, -43710, -490981, -502 
1721292228499.00, -43700, -491922, -510 
1721292228518.00, -43758, -492877, -539 
1721292228539.00, -43607, -493833, -546 
1721292228561.00, -43615, -494767, -552 
1721292228583.00, -43710, -495714, -564 
1721292228603.00, -43678, -496668, -575 
1721292228626.00, -43719, -497612, -586 
1721292228647.00, -43796, -498549, -583 
1721292228668.00, -43743, -499505, -597 
1721292228691.00, -43474, -500461, -600 
1721292228712.00, -43694, -501399, -622 
1721292228733.00, -43743, -502346, -648 
1721292228756.00, -43519, -503303, -660 
1721292228777.00, -43688, -504249, -684 
1721292228798.00, -43820, -505186, -706 
1721292228820.00, -43625, -506138, -726 
1721292228842.00, -43664, -507089, -733 
1721292228863.00, -43651, -508028, -743 
1721292228885.00, -43471, -508978, -741 
1721292228907.00, -43494, -509935, -744 
1721292228929.00, -43634, -510869, -732 
1721292228954.00, -43567, -511805, -716 
1721292228972.00, -43377, -512755, -724 
1721292228994.00, -43579, -513703, -721 
1721292229014.00, -43519, -514637, -713 
1721292229037.00, -43584, -515584, -722 
1721292229058.00, -43802, -516543, -729 
1721292229080.00, -43623, -517481, -720 
1721292229102.00, -43672, -518423, -710 
1721292229123.00, -43785, -519379, -724 
1721292229144.00, -43601, -520325, -722 
1721292229167.00, -43405, -521260, -707 
1721292229188.00, -43621, -522209, -704 
1721292229210.00, -43603, -523160, -704 
1721292229232.00, -43687, -524100, -710 
1721292229253.00, -43600, -525044, -702 
1721292229274.00, -43564, -525997, -679 
1721292229296.00, -43373, -526940, -672 
1721292229318.00, -43631, -527876, -656 
1721292229340.00, -43646, -528821, -659 
1721292229361.00, -43642, -529773, -668 
1721292229383.00, -43741, -530710, -677 
1721292229404.00, -43736, -531656, -684 
1721292229426.00, -43617, -532614, -685 
1721292229448.00, -43736, -533560, -686 
1721292229469.00, -43655, -534500, -688 
1721292229491.00, -43595, -535450, -698 
1721292229513.00, -43621, -536405, -693 
1721292229534.00, -43751, -537338, -674 
1721292229556.00, -43715, -538280, -669 
1721292229577.00, -43621, -539234, -677 
1721292229599.00, -43767, -540176, -668 
1721292229621.00, -43470, -541119, -661 
1721292229643.00, -43488, -542071, -666 
1721292229664.00, -43615, -543021, -673 
1721292229686.00, -43588, -543957, -667 
1721292229707.00, -43620, -544903, -663 
1721292229729.00, -43704, -545859, -674 
1721292229751.00, -43682, -546793, -641 
1721292229772.00, -43714, -547733, -603 
1721292229794.00, -43740, -548686, -605 
1721292229816.00, -43744, -549638, -607 
1721292229837.00, -43377, -550578, -600 
1721292229858.00, -43651, -551521, -575 
1721292229880.00, -43689, -552474, -587 
1721292229902.00, -43447, -553411, -586 
1721292229924.00, -43584, -554353, -581 
1721292229945.00, -43635, -555302, -577 
1721292229967.00, -43496, -556248, -582 
1721292229988.00, -43640, -557187, -584 
1721292230010.00, -43660, -558134, -580 
1721292230035.00, -43550, -559089, -591 
1721292230054.00, -43613, -560028, -592 
1721292230075.00, -43696, -560967, -589 
1721292230097.00, -43515, -561916, -562 
1721292230119.00, -43724, -562862, -572 
1721292230140.00, -43743, -563797, -575 
1721292230162.00, -43634, -564746, -558 
1721292230183.00, -43818, -565700, -553 
1721292230204.00, -43731, -566639, -555 
1721292230227.00, -43558, -567586, -571 
1721292230248.00, -43702, -568542, -578 
1721292230270.00, -43825, -569487, -582 
1721292230291.00, -43509, -570427, -605 
1721292230313.00, -43618, -571374, -617 
1721292230334.00, -43709, -572324, -634 
1721292230356.00, -43709, -573263, -637 
1721292230378.00, -43684, -574210, -632 
1721292230400.00, -43830, -575166, -644 
1721292230421.00, -43590, -576109, -641 
1721292230443.00, -43604, -577049, -626 
1721292230468.00, -43670, -577989, -614 
1721292230486.00, -43645, -578938, -615 
1721292230508.00, -43558, -579875, -621 
1721292230529.00, -43663, -580824, -605 
1721292230551.00, -43558, -581778, -607 
1721292230573.00, -43362, -582719, -591 
1721292230595.00, -43510, -583657, -582 
1721292230616.00, -43598, -584604, -576 
1721292230638.00, -43536, -585550, -579 
1721292230659.00, -43560, -586485, -561 
1721292230680.00, -43552, -587433, -536 
1721292230703.00, -43625, -588378, -532 
1721292230723.00, -43781, -589318, -526 
1721292230746.00, -43590, -590260, -508 
1721292230767.00, -43472, -591208, -477 
1721292230789.00, -43654, -592153, -461 
1721292230810.00, -43585, -593092, -448 
1721292230832.00, -24550, -594032, -412 
1721292230854.00, -13483, -594594, -385 
1721292230875.00, -6704, -594897, -369 
1721292230897.00, -2826, -595052, -332 
1721292230918.00, -490, -595117, -313 
1721292230940.00, 75, -595131, -306 
1721292230961.00, 896, -595131, -270 
1721292230983.00, 1637, -595113, -179 
1721292231004.00, 2036, -595075, -71 
1721292231026.00, 2150, -595026, 3 
1721292231048.00, 2260, -594973, 53 
1721292231069.00, 5434, -594918, 124 
1721292231091.00, 11566, -594793, 188 
1721292231112.00, 19325, -594540, 251 
1721292231134.00, 27320, -594131, 301 
1721292231156.00, 35351, -593541, 343 
1721292231177.00, 40712, -592788, 394 
1721292231199.00, 43599, -591919, 437 
1721292231221.00, 43637, -590965, 472 
1721292231242.00, 43790, -590012, 512 
1721292231264.00, 43705, -589071, 540 
1721292231285.00, 43625, -588117, 558 
1721292231307.00, 43814, -587165, 592 
1721292231328.00, 43999, -586222, 579 
1721292231350.00, 43762, -585272, 659 
1721292231372.00, 43820, -584322, 680 
1721292231394.00, 43888, -583375, 650 
1721292231415.00, 43756, -582431, 696 
1721292231437.00, 43432, -581480, 712 
1721292231459.00, 43837, -580525, 735 
1721292231480.00, 43849, -579580, 751 
1721292231502.00, 43524, -578639, 769 
1721292231524.00, 43738, -577688, 765 
1721292231545.00, 43795, -576739, 777 
1721292231567.00, 43502, -575805, 767 
1721292231588.00, 43352, -574855, 748 
1721292231610.00, 43831, -573904, 748 
1721292231632.00, 43584, -572961, 756 
1721292231656.00, 43608, -572013, 756 
1721292231675.00, 43697, -571064, 740 
1721292231696.00, 43638, -570119, 745 
1721292231718.00, 43658, -569181, 745 
1721292231740.00, 43881, -568231, 741 
1721292231761.00, 43664, -567280, 722 
1721292231783.00, 43479, -566341, 712 
1721292231805.00, 43637, -565397, 706 
1721292231826.00, 43694, -564446, 688 
1721292231848.00, 43718, -563495, 672 
1721292231869.00, 43715, -562560, 687 
1721292231891.00, 43785, -561609, 695 
1721292231914.00, 43608, -560658, 710 
1721292231934.00, 43569, -559714, 742 
1721292231956.00, 43854, -558771, 740 
1721292231978.00, 43797, -557817, 758 
1721292232000.00, 43616, -556873, 763 
1721292232021.00, 43751, -555934, 758 
1721292232043.00, 43723, -554981, 766 
1721292232064.00, 43681, -554033, 774 
1721292232086.00, 43528, -553092, 803 
1721292232108.00, 43701, -552142, 841 
1721292232129.00, 43757, -551194, 884 
1721292232150.00, 43663, -550244, 914 
1721292232172.00, 43690, -549306, 888 
1721292232194.00, 43549, -548350, 900 
1721292232219.00, 43479, -547401, 903 
1721292232237.00, 43657, -546463, 888 
1721292232259.00, 43555, -545523, 877 
1721292232280.00, 43521, -544576, 842 
1721292232302.00, 43699, -543631, 837 
1721292232324.00, 43765, -542694, 846 
1721292232346.00, 43553, -541742, 834 
1721292232367.00, 43643, -540791, 835 
1721292232389.00, 43777, -539850, 846 
1721292232411.00, 43779, -538905, 847 
1721292232432.00, 43824, -537956, 848 
1721292232454.00, 43736, -537013, 864 
1721292232475.00, 43702, -536071, 868 
1721292232497.00, 43680, -535119, 880 
1721292232519.00, 43945, -534168, 893 
1721292232540.00, 43554, -533226, 915 
1721292232562.00, 43502, -532277, 918 
1721292232583.00, 43674, -531323, 919 
1721292232605.00, 43570, -530382, 906 
1721292232627.00, 43449, -529442, 913 
1721292232649.00, 43716, -528492, 928 
1721292232670.00, 43695, -527546, 929 
1721292232692.00, 43717, -526610, 906 
1721292232714.00, 43688, -525661, 902 
1721292232735.00, 43518, -524711, 891 
1721292232756.00, 43398, -523765, 899 
1721292232779.00, 43639, -522825, 884 
1721292232799.00, 43587, -521878, 883 
1721292232822.00, 43587, -520929, 877 
1721292232843.00, 43680, -519990, 875 
1721292232864.00, 43599, -519046, 872 
1721292232886.00, 43538, -518096, 869 
1721292232908.00, 43809, -517154, 861 
1721292232930.00, 43760, -516209, 869 
1721292232951.00, 43588, -515252, 887 
1721292232973.00, 43914, -514301, 891 
1721292232994.00, 43746, -513365, 900 
1721292233016.00, 43513, -512418, 909 
1721292233037.00, 43711, -511469, 904 
1721292233059.00, 43713, -510528, 904 
1721292233081.00, 43679, -509583, 896 
1721292233103.00, 43593, -508631, 887 
1721292233124.00, 43570, -507681, 878 
1721292233146.00, 43679, -506743, 894 
1721292233168.00, 43811, -505791, 908 
1721292233189.00, 43850, -504840, 950 
1721292233211.00, 43652, -503900, 979 
1721292233233.00, 43608, -502953, 964 
1721292233254.00, 43585, -502003, 992 
1721292233276.00, 43595, -501055, 974 
1721292233298.00, 43490, -500117, 961 
1721292233320.00, 43430, -499162, 955 
1721292233341.00, 43638, -498215, 946 
1721292233362.00, 43476, -497273, 983 
1721292233384.00, 43638, -496330, 938 
1721292233406.00, 43648, -495382, 963 
1721292233428.00, 43689, -494441, 961 
1721292233449.00, 43713, -493501, 952 
1721292233471.00, 43690, -492544, 990 
1721292233493.00, 43628, -491592, 1002 
1721292233514.00, 43568, -490645, 1005 
1721292233536.00, 43715, -489695, 999 
1721292233558.00, 43848, -488746, 1016 
1721292233579.00, 43653, -487797, 1019 
1721292233601.00, 43534, -486849, 1037 
1721292233623.00, 43572, -485893, 1040 
1721292233645.00, 43690, -484942, 1042 
1721292233666.00, 43608, -483999, 1051 
1721292233688.00, 43580, -483039, 1038 
1721292233710.00, 43684, -482091, 1012 
1721292233732.00, 43755, -481144, 979 
1721292233753.00, 43522, -480205, 967 
1721292233775.00, 43551, -479255, 955 
1721292233796.00, 43804, -478312, 938 
1721292233818.00, 43798, -477380, 918 
1721292233840.00, 43575, -476420, 913 
1721292233863.00, 43789, -475472, 927 
1721292233883.00, 43596, -474531, 917 
1721292233905.00, 43564, -473584, 913 
1721292233926.00, 43720, -472635, 928 
1721292233948.00, 43661, -471690, 925 
1721292233969.00, 43546, -470754, 929 
1721292233991.00, 43698, -469796, 938 
1721292234012.00, 43564, -468853, 943 
1721292234034.00, 43621, -467910, 953 
1721292234056.00, 43814, -466963, 945 
1721292234078.00, 43824, -466006, 971 
1721292234099.00, 43538, -465056, 988 
1721292234121.00, 43562, -464119, 999 
1721292234142.00, 43481, -463170, 982 
1721292234163.00, 43579, -462224, 974 
1721292234189.00, 43661, -461289, 966 
1721292234207.00, 43859, -460345, 942 
1721292234229.00, 43528, -459396, 953 
1721292234251.00, 43782, -458448, 936 
1721292234272.00, 43671, -457509, 934 
1721292234294.00, 43456, -456558, 916 
1721292234315.00, 43666, -455611, 920 
1721292234337.00, 43699, -454678, 912 
1721292234359.00, 43591, -453730, 892 
1721292234380.00, 43784, -452786, 886 
1721292234403.00, 43624, -451838, 853 
1721292234424.00, 43582, -450900, 832 
1721292234445.00, 43680, -449943, 850 
1721292234467.00, 43706, -448994, 823 
1721292234488.00, 43686, -448058, 805 
1721292234511.00, 43694, -447111, 805 
1721292234532.00, 43609, -446164, 787 
1721292234553.00, 43483, -445219, 773 
1721292234575.00, 43585, -444280, 789 
1721292234597.00, 43659, -443332, 781 
1721292234618.00, 43696, -442386, 772 
1721292234640.00, 43467, -441442, 789 
1721292234661.00, 43541, -440491, 800 
1721292234684.00, 43663, -439548, 777 
1721292234704.00, 43735, -438603, 803 
1721292234727.00, 43735, -437660, 797 
1721292234748.00, 43623, -436707, 793 
1721292234769.00, 43539, -435765, 779 
1721292234792.00, 43710, -434819, 804 
1721292234813.00, 43650, -433867, 790 
1721292234835.00, 43661, -432919, 799 
1721292234857.00, 43862, -431973, 827 
1721292234878.00, 25216, -431036, 821 
1721292234899.00, 13679, -430465, 831 
1721292234921.00, 7143, -430151, 834 
1721292234942.00, 3117, -429994, 847 
1721292234963.00, 681, -429924, 855 
1721292234985.00, -8, -429908, 813 
1721292235014.00, -660, -429908, 796 
1721292235028.00, -1347, -429918, 739 
1721292235050.00, -1883, -429948, 656 
1721292235071.00, -2235, -429987, 597 
1721292235092.00, -2412, -430040, 496 
1721292235114.00, -2600, -430095, 395 
1721292235136.00, -2622, -430152, 294 
1721292235157.00, -2502, -430212, 206 
1721292235181.00, -2425, -430274, 120 
1721292235200.00, -2373, -430334, 33 
1721292235221.00, -2278, -430401, -45 
1721292235243.00, -5039, -430457, -135 
1721292235264.00, -11884, -430566, -198 
1721292235292.00, -19746, -430821, -259 
1721292235308.00, -27869, -431249, -318 
1721292235329.00, -36226, -431848, -356 
1721292235351.00, -40944, -432622, -465 
1721292235373.00, -43574, -433496, -415 
1721292235395.00, -43822, -434457, -491 
1721292235416.00, -43826, -435408, -523 
1721292235437.00, -43662, -436351, -563 
1721292235459.00, -43627, -437305, -562 
1721292235481.00, -43813, -438256, -564 
1721292235502.00, -43609, -439193, -553 
1721292235524.00, -43508, -440140, -558 
1721292235546.00, -43701, -441094, -563 
1721292235567.00, -43765, -442038, -562 
1721292235589.00, -43616, -442973, -542 
1721292235613.00, -43708, -443928, -562 
1721292235632.00, -43779, -444883, -580 
1721292235654.00, -43667, -445818, -580 
1721292235675.00, -43783, -446770, -577 
1721292235697.00, -43804, -447719, -603 
1721292235719.00, -43674, -448660, -624 
1721292235740.00, -43717, -449603, -607 
1721292235761.00, -43805, -450559, -628 
1721292235784.00, -43608, -451515, -657 
1721292235805.00, -43537, -452452, -643 
1721292235827.00, -43683, -453398, -618 
1721292235848.00, -43870, -454353, -633 
1721292235870.00, -43571, -455290, -626 
1721292235891.00, -43738, -456230, -610 
1721292235913.00, -43778, -457179, -622 
1721292235935.00, -43750, -458134, -648 
1721292235957.00, -43606, -459074, -662 
1721292235979.00, -43782, -460021, -626 
1721292236000.00, -43659, -460976, -654 
1721292236021.00, -43487, -461913, -663 
1721292236043.00, -43641, -462855, -650 
1721292236064.00, -43529, -463803, -664 
1721292236087.00, -43499, -464751, -663 
1721292236108.00, -43672, -465687, -638 
1721292236130.00, -43642, -466635, -657 
1721292236151.00, -43611, -467593, -669 
1721292236172.00, -43677, -468530, -658 
1721292236194.00, -43478, -469471, -613 
1721292236216.00, -43436, -470425, -612 
1721292236238.00, -43693, -471366, -616 
1721292236260.00, -43553, -472299, -606 
1721292236281.00, -43545, -473252, -622 
1721292236303.00, -43688, -474203, -632 
1721292236324.00, -43617, -475138, -634 
1721292236346.00, -43832, -476087, -631 
1721292236368.00, -43760, -477046, -659 
1721292236389.00, -43798, -477990, -663 
1721292236410.00, -43637, -478924, -640 
1721292236433.00, -43814, -479876, -635 
1721292236454.00, -43649, -480828, -636 
1721292236475.00, -43531, -481759, -617 
1721292236497.00, -43696, -482705, -586 
1721292236519.00, -43742, -483663, -592 
1721292236540.00, -43513, -484606, -579 
1721292236562.00, -43642, -485544, -545 
1721292236584.00, -43687, -486494, -543 
1721292236605.00, -43644, -487445, -543 
1721292236627.00, -43699, -488378, -528 
1721292236649.00, -43575, -489322, -518 
1721292236671.00, -43634, -490277, -507 
1721292236693.00, -43565, -491217, -520 
1721292236714.00, -43630, -492164, -516 
1721292236735.00, -43686, -493118, -522 
1721292236757.00, -43686, -494070, -566 
1721292236779.00, -43742, -495004, -587 
1721292236800.00, -43815, -495956, -613 
1721292236822.00, -43541, -496913, -617 
1721292236844.00, -43718, -497852, -636 
1721292236865.00, -43783, -498792, -644 
1721292236887.00, -43526, -499750, -654 
1721292236908.00, -43644, -500700, -653 
1721292236930.00, -43768, -501638, -648 
1721292236951.00, -43662, -502587, -659 
1721292236974.00, -43578, -503544, -672 
1721292236995.00, -43738, -504481, -677 
1721292237016.00, -43742, -505422, -674 
1721292237038.00, -43542, -506379, -693 
1721292237060.00, -43624, -507326, -704 
1721292237081.00, -43717, -508265, -699 
1721292237103.00, -43632, -509217, -715 
1721292237125.00, -43648, -510175, -726 
1721292237147.00, -43659, -511110, -726 
1721292237168.00, -43528, -512056, -719 
1721292237189.00, -43610, -513008, -724 
1721292237212.00, -43689, -513950, -734 
1721292237233.00, -43517, -514886, -713 
1721292237256.00, -43488, -515839, -717 
1721292237276.00, -43672, -516795, -722 
1721292237298.00, -43586, -517733, -712 
1721292237320.00, -43571, -518677, -704 
1721292237341.00, -43734, -519632, -691 
1721292237364.00, -43786, -520569, -691 
1721292237384.00, -43481, -521510, -692 
1721292237406.00, -43619, -522461, -707 
1721292237427.00, -43841, -523412, -708 
1721292237450.00, -43489, -524353, -721 
1721292237471.00, -43667, -525302, -730 
1721292237493.00, -43774, -526256, -745 
1721292237514.00, -43594, -527197, -739 
1721292237536.00, -43722, -528137, -750 
1721292237557.00, -43774, -529089, -760 
1721292237582.00, -43553, -530038, -759 
1721292237601.00, -43625, -530979, -762 
1721292237623.00, -43809, -531919, -762 
1721292237644.00, -43537, -532878, -776 
1721292237666.00, -43653, -533824, -785 
1721292237688.00, -43779, -534764, -768 
1721292237709.00, -43608, -535719, -779 
1721292237731.00, -43533, -536667, -783 
1721292237753.00, -43598, -537601, -776 
1721292237774.00, -43679, -538546, -770 
1721292237795.00, -43674, -539502, -793 
1721292237818.00, -43637, -540441, -790 
1721292237839.00, -43587, -541384, -768 
1721292237861.00, -43625, -542342, -790 
1721292237883.00, -43580, -543289, -802 
1721292237906.00, -43679, -544226, -771 
1721292237926.00, -43597, -545171, -780 
1721292237947.00, -43662, -546128, -794 
1721292237969.00, -43583, -547069, -804 
1721292237990.00, -43534, -548011, -793 
1721292238012.00, -43512, -548964, -803 
1721292238034.00, -43634, -549910, -816 
1721292238056.00, -43711, -550852, -800 
1721292238077.00, -43648, -551798, -788 
1721292238099.00, -43672, -552751, -808 
1721292238125.00, -43595, -553688, -802 
1721292238142.00, -43703, -554631, -800 
1721292238164.00, -43722, -555585, -818 
1721292238185.00, -43835, -556529, -833 
1721292238207.00, -43407, -557474, -825 
1721292238229.00, -43558, -558421, -823 
1721292238250.00, -43685, -559368, -842 
1721292238271.00, -43721, -560310, -839 
1721292238293.00, -43804, -561252, -833 
1721292238315.00, -43851, -562208, -852 
1721292238336.00, -43347, -563149, -854 
1721292238358.00, -43599, -564089, -848 
1721292238380.00, -43654, -565034, -856 
1721292238401.00, -43562, -565990, -855 
1721292238423.00, -43606, -566926, -835 
1721292238445.00, -43770, -567873, -834 
1721292238467.00, -43408, -568820, -826 
1721292238488.00, -43406, -569766, -821 
1721292238510.00, -43644, -570700, -822 
1721292238531.00, -43599, -571644, -819 
1721292238553.00, -43671, -572594, -804 
1721292238574.00, -43695, -573533, -797 
1721292238596.00, -43584, -574480, -778 
1721292238618.00, -43692, -575431, -774 
1721292238639.00, -43693, -576371, -751 
1721292238661.00, -43591, -577311, -718 
1721292238687.00, -43601, -578260, -728 
1721292238704.00, -43721, -579204, -713 
1721292238726.00, -43616, -580140, -691 
1721292238747.00, -43583, -581089, -686 
1721292238769.00, -43758, -582042, -685 
1721292238791.00, -43459, -582982, -673 
1721292238812.00, -43699, -583921, -649 
1721292238834.00, -43811, -584870, -645 
1721292238856.00, -43415, -585817, -644 
1721292238878.00, -43519, -586755, -622 
1721292238899.00, -43674, -587697, -601 
1721292238921.00, -43475, -588649, -615 
1721292238942.00, -43533, -589586, -591 
1721292238964.00, -43658, -590525, -529 
1721292238986.00, -43533, -591470, -501 
1721292239008.00, -43673, -592415, -481 
1721292239028.00, -43762, -593354, -444 
1721292239050.00, -24809, -594291, -378 
1721292239072.00, -13721, -594850, -326 
1721292239094.00, -6994, -595161, -317 
1721292239115.00, -2924, -595320, -312 
1721292239137.00, -468, -595389, -293 
1721292239158.00, 100, -595399, -240 
1721292239179.00, 941, -595395, -133 
1721292239201.00, 1550, -595373, -36 
1721292239223.00, 1939, -595337, 27 
1721292239244.00, 3901, -595292, 80 
1721292239266.00, 8330, -595206, 148 
1721292239288.00, 14983, -595026, 219 
1721292239309.00, 22955, -594707, 246 
1721292239331.00, 29174, -594219, 257 
1721292239425.00, 33531, -593589, 253 
1721292239425.00, 36011, -592870, 246 
1721292239426.00, 36909, -592107, 220 
1721292239426.00, 36096, -591304, 197 
1721292239438.00, 33727, -590526, 178 
1721292239461.00, 6, -589781, 114 
1721292239482.00, 49, -589662, 173 
1721292239503.00, -3, -589665, 75 
1721292239524.00, -4, -589665, 92 
1721292239545.00, -24, -589662, 105 
1721292239566.00, -32, -589662, 105 
1721292239587.00, 0, -589663, 105 
1721292239608.00, -32, -589664, 87 
1721292239629.00, 23, -589665, 83 
1721292239650.00, 17, -589664, 76 
1721292239670.00, -25, -589666, 67 
1721292239691.00, -48, -589666, 59 
1721292239713.00, 0, -589669, 50 
1721292239734.00, 37, -589668, 42 
1721292239755.00, 0, -589670, 32 
1721292239776.00, 0, -589671, 24 
1721292239797.00, 0, -589673, 19 
1721292239818.00, 0, -589673, 14 
1721292239839.00, 0, -589674, 10 
1721292239860.00, 0, -589675, 3 
1721292239881.00, 0, -589675, 0 
1721292239901.00, 0, -589676, -4 
1721292239922.00, 0, -589676, -9 
1721292239944.00, 0, -589677, -21 
1721292239964.00, 0, -589677, -27 
1721292239986.00, 0, -589678, -30 
1721292240007.00, 0, -589678, -22 
1721292240027.00, -29, -589676, -6 
1721292240049.00, 0, -589678, -22 
1721292240070.00, 0, -589680, -65 
1721292240091.00, 0, -589682, -76 
1721292240111.00, 0, -589681, -77 
1721292240135.00, 0, -589683, -97 
1721292240155.00, 0, -589681, -75 
1721292240175.00, 0, -589681, -60 
1721292240195.00, 0, -589682, -72 
1721292240216.00, 0, -589681, -64 
1721292240238.00, 0, -589680, -47 
1721292240259.00, 0, -589680, -57 
1721292240279.00, 0, -589680, -51 
1721292240300.00, 0, -589679, -49 
1721292240322.00, 0, -589681, -57 
1721292240343.00, 0, -589679, -50 
1721292240364.00, 0, -589680, -51 
1721292240385.00, 0, -589680, -57 
1721292240406.00, 0, -589679, -49 
1721292240427.00, 0, -589680, -52 
1721292240448.00, 0, -589680, -57 
1721292240469.00, 0, -589681, -48 
1721292240490.00, 0, -589679, -54 
1721292240511.00, 0, -589680, -56 
1721292240531.00, 0, -589681, -49 
1721292240553.00, 0, -589681, -54 
1721292240574.00, 0, -589680, -54 
1721292240595.00, 0, -589680, -50 
1721292240617.00, 0, -589680, -54 
1721292240655.00, 0, -589680, -53 
1721292240658.00, 0, -589679, -52 
1721292240680.00, 0, -589680, -54 
1721292240700.00, 0, -589679, -51 
1721292240721.00, 0, -589681, -52 
1721292240742.00, 0, -589680, -54 
1721292240764.00, 0, -589680, -53 
1721292240784.00, 0, -589680, -52 
1721292240806.00, 0, -589680, -54 
1721292240827.00, 0, -589681, -52 
1721292240848.00, 0, -589681, -52 
1721292240868.00, 0, -589680, -54 
1721292240890.00, 0, -589680, -52 
1721292240911.00, 0, -589680, -53 
1721292240932.00, 0, -589681, -53 
1721292240953.00, 0, -589680, -51 
1721292240974.00, 0, -589680, -53 
1721292240995.00, 0, -589681, -53 
1721292241015.00, 0, -589681, -52 
1721292241037.00, 0, -589680, -53 
1721292241058.00, 0, -589679, -52 
1721292241079.00, 0, -589680, -52 
1721292241099.00, 0, -589679, -53 
1721292241120.00, 0, -589681, -52 
1721292241141.00, 0, -589680, -53 
1721292241163.00, 0, -589680, -53 
1721292241184.00, 0, -589680, -52 
1721292241205.00, 0, -589680, -53 
1721292241226.00, 0, -589680, -53 
1721292241247.00, 0, -589680, -52 
1721292241268.00, 0, -589681, -53 
1721292241289.00, 0, -589679, -52 
1721292241310.00, 0, -589681, -52 
1721292241331.00, 0, -589680, -53 
1721292241353.00, 0, -589681, -52 
1721292241373.00, 0, -589679, -53 
1721292241395.00, 0, -589680, -53 
1721292241416.00, 0, -589680, -52 
1721292241436.00, 0, -589681, -53 
1721292241457.00, 0, -589680, -53 
1721292241479.00, 0, -589681, -52 
1721292241499.00, 0, -589680, -53 
1721292241520.00, 0, -589681, -52 
1721292241542.00, 0, -589681, -52 
1721292241562.00, 0, -589679, -53 
1721292241583.00, 0, -589680, -52 
1721292241605.00, 0, -589680, -53 
1721292241626.00, 0, -589681, -53 
1721292241646.00, 0, -589680, -52 
1721292241668.00, 0, -589680, -53 
1721292241689.00, 0, -589679, -52 
1721292241709.00, 0, -589681, -52 
1721292241731.00, 0, -589681, -53 
1721292241752.00, 0, -589680, -52 
1721292241772.00, 0, -589680, -52 
1721292241794.00, 0, -589680, -53 
1721292241815.00, 0, -589680, -52 
1721292241836.00, 0, -589680, -53 
1721292241857.00, 0, -589681, -53 
1721292241878.00, 0, -589681, -52 
1721292241899.00, 0, -589680, -53 
1721292241920.00, 0, -589681, -52 
1721292241941.00, 0, -589680, -52 
1721292241962.00, 0, -589680, -53 
1721292241983.00, 0, -589680, -52 
1721292242004.00, 0, -589680, -53 
1721292242024.00, -15, -589679, -53 
1721292242045.00, 0, -589679, -52 
1721292242067.00, 0, -589681, -53 
1721292242088.00, 0, -589680, -53 
1721292242109.00, 0, -589680, -52 
1721292242130.00, 0, -589680, -53 
1721292242152.00, 42, -589680, -52 
1721292242172.00, 0, -589680, -52 
1721292242193.00, 0, -589680, -53 
1721292242215.00, 0, -589680, -52 
1721292242236.00, 0, -589681, -53 
1721292242256.00, -23, -589680, -53 
1721292242277.00, 0, -589680, -52 
1721292242298.00, 14, -589680, -53 
1721292242320.00, 0, -589681, -52 
1721292242340.00, 0, -589681, -52 
