1719915947726.00, -34, -595249, -92 
1719915947743.00, 0, -595248, -91 
1719915947765.00, 0, -595248, -89 
1719915947786.00, -23, -595248, -84 
1719915947807.00, 0, -595248, -78 
1719915947829.00, 0, -595247, -71 
1719915947849.00, 0, -595247, -64 
1719915947871.00, 0, -595246, -59 
1719915947892.00, -12, -595247, -55 
1719915947913.00, 0, -595246, -52 
1719915947934.00, 0, -595247, -47 
1719915947955.00, 0, -595245, -44 
1719915947977.00, 0, -595246, -42 
1719915947998.00, 0, -595245, -39 
1719915948019.00, 6, -595245, -37 
1719915948041.00, 0, -595246, -34 
1719915948062.00, 0, -595245, -32 
1719915948083.00, 0, -595245, -31 
1719915948104.00, 0, -595245, -30 
1719915948125.00, 0, -595245, -26 
1719915948146.00, 0, -595245, -23 
1719915948168.00, 0, -595245, -21 
1719915948188.00, 0, -595244, -19 
1719915948210.00, 0, -595245, -18 
1719915948237.00, 0, -595244, -16 
1719915948252.00, 0, -595245, -15 
1719915948274.00, 0, -595244, -13 
1719915948295.00, 0, -595243, -13 
1719915948316.00, 0, -595244, -12 
1719915948337.00, 0, -595244, -11 
1719915948359.00, 0, -595244, -11 
1719915948384.00, 0, -595244, -10 
1719915948401.00, 0, -595244, -9 
1719915948422.00, -5, -595243, -9 
1719915948443.00, -44, -595243, -10 
1719915948464.00, 0, -595243, -9 
1719915948485.00, 0, -595244, -11 
1719915948507.00, 0, -595244, -13 
1719915948528.00, 0, -595243, -13 
1719915948548.00, 0, -595243, -15 
1719915948570.00, 0, -595243, -18 
1719915948592.00, 0, -595243, -19 
1719915948612.00, 0, -595244, -19 
1719915948634.00, 0, -595244, -18 
1719915948655.00, 0, -595245, -18 
1719915948676.00, 0, -595244, -18 
1719915948697.00, 0, -595244, -18 
1719915948718.00, 0, -595243, -18 
1719915948739.00, 0, -595243, -17 
1719915948761.00, 0, -595243, -17 
1719915948782.00, 0, -595243, -17 
1719915948803.00, 0, -595244, -16 
1719915948827.00, 0, -595243, -16 
1719915948846.00, 0, -595244, -15 
1719915948866.00, 0, -595244, -15 
1719915948888.00, 0, -595243, -15 
1719915948909.00, 0, -595244, -14 
1719915948932.00, 0, -595244, -13 
1719915948952.00, 0, -595243, -14 
1719915948973.00, 0, -595244, -13 
1719915948994.00, 0, -595244, -11 
1719915949015.00, 0, -595243, -9 
1719915949038.00, 0, -595245, -8 
1719915949058.00, 0, -595243, -7 
1719915949079.00, 0, -595244, -5 
1719915949101.00, 0, -595244, -4 
1719915949122.00, 0, -595243, -4 
1719915949143.00, 0, -595243, -4 
1719915949163.00, 0, -595243, -5 
1719915949185.00, 0, -595244, -5 
1719915949206.00, 0, -595244, -6 
1719915949227.00, 0, -595244, -5 
1719915949248.00, 0, -595243, -5 
1719915949270.00, 3, -595243, -6 
1719915949291.00, 0, -595243, -7 
1719915949312.00, 0, -595243, -6 
1719915949333.00, 2, -595243, -5 
1719915949354.00, -35, -595243, -4 
1719915949376.00, 0, -595244, -4 
1719915949396.00, 0, -595243, -4 
1719915949417.00, 0, -595243, -3 
1719915949438.00, 0, -595243, -3 
1719915949460.00, 0, -595243, -4 
1719915949481.00, 0, -595242, -4 
1719915949502.00, 0, -595243, -4 
1719915949523.00, 0, -595243, -5 
1719915949544.00, 0, -595243, -6 
1719915949566.00, 0, -595243, -6 
1719915949587.00, 0, -595243, -7 
1719915949608.00, 0, -595244, -8 
1719915949629.00, 0, -595243, -11 
1719915949650.00, 0, -595243, -13 
1719915949671.00, 0, -595243, -16 
1719915949693.00, -6, -595243, -19 
1719915949713.00, 0, -595244, -22 
1719915949735.00, 0, -595243, -25 
1719915949755.00, 0, -595243, -31 
1719915949776.00, 0, -595244, -33 
1719915949798.00, 0, -595244, -34 
1719915949820.00, 0, -595243, -35 
1719915949841.00, 0, -595244, -35 
1719915949862.00, 0, -595244, -35 
1719915949883.00, 0, -595244, -35 
1719915949905.00, 0, -595244, -34 
1719915949925.00, 0, -595243, -32 
1719915949947.00, 2, -595243, -27 
1719915949968.00, -16, -595243, -21 
1719915949989.00, 0, -595243, -17 
1719915950011.00, 0, -595244, -20 
1719915950033.00, 0, -595243, -22 
1719915950053.00, 0, -595244, -24 
1719915950074.00, 0, -595244, -27 
1719915950095.00, 0, -595244, -30 
1719915950116.00, 0, -595243, -36 
1719915950138.00, 0, -595244, -43 
1719915950159.00, 0, -595244, -50 
1719915950180.00, 0, -595244, -56 
1719915950201.00, 0, -595244, -66 
1719915950223.00, 0, -595245, -71 
1719915950244.00, 0, -595245, -73 
1719915950264.00, 0, -595245, -71 
1719915950286.00, 0, -595244, -66 
1719915950307.00, 0, -595244, -58 
1719915950328.00, 0, -595244, -49 
1719915950349.00, -20, -595244, -31 
1719915950371.00, 0, -595242, 6 
1719915950392.00, 0, -595235, 68 
1719915950413.00, 4048, -595224, 160 
1719915950434.00, 12096, -595136, 265 
1719915950457.00, 23048, -594875, 320 
1719915950478.00, 33331, -594375, 362 
1719915950500.00, 41632, -593670, 385 
1719915950522.00, 47919, -592780, 392 
1719915950542.00, 52044, -591748, 380 
1719915950565.00, 53764, -590617, 396 
1719915950587.00, 55587, -589446, 448 
1719915950608.00, 59980, -588238, 531 
1719915950630.00, 62575, -586933, 562 
1719915950651.00, 62731, -585578, 608 
1719915950673.00, 62580, -584214, 697 
1719915950695.00, 62641, -582855, 724 
1719915950716.00, 62781, -581497, 748 
1719915950738.00, 62612, -580135, 793 
1719915950759.00, 62740, -578776, 845 
1719915950781.00, 62687, -577413, 883 
1719915950803.00, 62723, -576064, 923 
1719915950824.00, 62603, -574699, 982 
1719915950846.00, 62552, -573338, 1011 
1719915950868.00, 62835, -571981, 1029 
1719915950889.00, 62677, -570612, 1065 
1719915950911.00, 62882, -569254, 1095 
1719915950933.00, 62583, -567884, 1125 
1719915950955.00, 62747, -566519, 1153 
1719915950977.00, 62679, -565155, 1174 
1719915950998.00, 62701, -563792, 1202 
1719915951020.00, 62535, -562432, 1238 
1719915951041.00, 62570, -561062, 1226 
1719915951063.00, 62736, -559706, 1249 
1719915951085.00, 62549, -558339, 1266 
1719915951107.00, 62556, -556980, 1269 
1719915951129.00, 62686, -555625, 1285 
1719915951150.00, 62642, -554252, 1301 
1719915951172.00, 62697, -552897, 1312 
1719915951193.00, 62804, -551529, 1316 
1719915951216.00, 62507, -550163, 1332 
1719915951237.00, 62510, -548804, 1348 
1719915951259.00, 62702, -547438, 1366 
1719915951281.00, 62548, -546078, 1371 
1719915951302.00, 62497, -544715, 1374 
1719915951324.00, 62551, -543358, 1393 
1719915951346.00, 62541, -541995, 1378 
1719915951367.00, 62616, -540631, 1408 
1719915951389.00, 62869, -539271, 1427 
1719915951411.00, 62660, -537909, 1443 
1719915951433.00, 62644, -536548, 1467 
1719915951454.00, 62698, -535182, 1490 
1719915951476.00, 62718, -533818, 1516 
1719915951498.00, 62638, -532454, 1523 
1719915951520.00, 62663, -531089, 1549 
1719915951542.00, 62547, -529734, 1551 
1719915951563.00, 62342, -528363, 1530 
1719915951585.00, 62466, -527011, 1525 
1719915951607.00, 62577, -525650, 1533 
1719915951628.00, 62425, -524287, 1532 
1719915951649.00, 62400, -522933, 1519 
1719915951671.00, 62634, -521564, 1519 
1719915951693.00, 62548, -520212, 1534 
1719915951715.00, 62417, -518849, 1509 
1719915951736.00, 62565, -517483, 1507 
1719915951758.00, 62462, -516126, 1512 
1719915951780.00, 62588, -514761, 1536 
1719915951801.00, 62837, -513406, 1540 
1719915951824.00, 62579, -512043, 1542 
1719915951845.00, 62575, -510682, 1546 
1719915951867.00, 62649, -509315, 1568 
1719915951888.00, 62659, -507951, 1574 
1719915951911.00, 62524, -506595, 1560 
1719915951933.00, 62720, -505229, 1566 
1719915951954.00, 62455, -503869, 1564 
1719915951975.00, 62482, -502505, 1552 
1719915951997.00, 62496, -501144, 1551 
1719915952020.00, 62622, -499786, 1527 
1719915952041.00, 62561, -498422, 1522 
1719915952063.00, 62558, -497065, 1533 
1719915952084.00, 62628, -495696, 1524 
1719915952107.00, 62511, -494338, 1529 
1719915952128.00, 62561, -492979, 1528 
1719915952150.00, 62745, -491611, 1533 
1719915952171.00, 62587, -490257, 1522 
1719915952193.00, 62505, -488892, 1501 
1719915952215.00, 62528, -487534, 1488 
1719915952237.00, 62396, -486173, 1481 
1719915952258.00, 62358, -484812, 1467 
1719915952280.00, 62706, -483452, 1456 
1719915952302.00, 62485, -482087, 1456 
1719915952324.00, 62438, -480732, 1480 
1719915952345.00, 62525, -479365, 1484 
1719915952367.00, 62484, -478005, 1462 
1719915952388.00, 62576, -476645, 1470 
1719915952411.00, 62687, -475278, 1448 
1719915952434.00, 62555, -473927, 1452 
1719915952454.00, 62555, -472558, 1425 
1719915952475.00, 62724, -471204, 1404 
1719915952497.00, 62440, -469836, 1395 
1719915952519.00, 62411, -468476, 1358 
1719915952545.00, 62483, -467120, 1370 
1719915952563.00, 62597, -465751, 1371 
1719915952584.00, 62557, -464400, 1362 
1719915952606.00, 62500, -463030, 1336 
1719915952628.00, 62484, -461673, 1345 
1719915952650.00, 62360, -460316, 1335 
1719915952671.00, 62468, -458956, 1277 
1719915952693.00, 62648, -457602, 1234 
1719915952715.00, 62384, -456235, 1233 
1719915952737.00, 62424, -454878, 1209 
1719915952758.00, 62565, -453521, 1192 
1719915952780.00, 62632, -452160, 1162 
1719915952802.00, 62600, -450798, 1152 
1719915952824.00, 62659, -449433, 1143 
1719915952845.00, 62520, -448071, 1133 
1719915952867.00, 62569, -446708, 1141 
1719915952889.00, 62787, -445343, 1173 
1719915952910.00, 62452, -443984, 1207 
1719915952932.00, 62498, -442619, 1221 
1719915952953.00, 62514, -441265, 1208 
1719915952978.00, 62456, -439908, 1135 
1719915952996.00, 62332, -438550, 1044 
1719915953018.00, 62284, -437200, 915 
1719915953041.00, 62396, -435856, 761 
1719915953062.00, 62472, -434514, 657 
1719915953088.00, 62537, -433163, 606 
1719915953105.00, 62488, -431814, 542 
1719915953127.00, 35504, -430459, 525 
1719915953149.00, 19445, -429668, 558 
1719915953170.00, 9887, -429224, 600 
1719915953191.00, 4509, -429000, 613 
1719915953213.00, 1170, -428897, 662 
1719915953234.00, -174, -428876, 577 
1719915953256.00, -1577, -428883, 447 
1719915953278.00, -2513, -428922, 262 
1719915953299.00, -3117, -428983, 111 
1719915953320.00, -3223, -429071, -52 
1719915953342.00, -6144, -429152, -205 
1719915953363.00, -17508, -429294, -292 
1719915953385.00, -29071, -429653, -354 
1719915953407.00, -39958, -430270, -380 
1719915953429.00, -47413, -431148, -663 
1719915953450.00, -56240, -432176, -591 
1719915953471.00, -61330, -433385, -593 
1719915953494.00, -62579, -434729, -680 
1719915953515.00, -62595, -436087, -701 
1719915953536.00, -62647, -437446, -722 
1719915953558.00, -62770, -438808, -796 
1719915953579.00, -62660, -440161, -797 
1719915953602.00, -62704, -441529, -850 
1719915953623.00, -62639, -442883, -931 
1719915953645.00, -62639, -444246, -899 
1719915953667.00, -62593, -445604, -936 
1719915953688.00, -62454, -446961, -949 
1719915953710.00, -62549, -448316, -922 
1719915953731.00, -62552, -449662, -913 
1719915953753.00, -62485, -451033, -955 
1719915953775.00, -62632, -452387, -909 
1719915953796.00, -62529, -453744, -862 
1719915953818.00, -62622, -455100, -878 
1719915953840.00, -62680, -456449, -894 
1719915953862.00, -62690, -457813, -892 
1719915953883.00, -62647, -459171, -917 
1719915953904.00, -62639, -460531, -931 
1719915953926.00, -62612, -461887, -952 
1719915953948.00, -62718, -463237, -938 
1719915953969.00, -62507, -464597, -942 
1719915953991.00, -62655, -465941, -879 
1719915954012.00, -62604, -467313, -881 
1719915954034.00, -62611, -468666, -881 
1719915954056.00, -62616, -470016, -846 
1719915954078.00, -62564, -471376, -836 
1719915954099.00, -62619, -472727, -849 
1719915954121.00, -62692, -474089, -843 
1719915954142.00, -62634, -475438, -845 
1719915954165.00, -62602, -476806, -901 
1719915954186.00, -62621, -478169, -932 
1719915954208.00, -62655, -479515, -935 
1719915954229.00, -62728, -480877, -951 
1719915954250.00, -62779, -482227, -992 
1719915954273.00, -62593, -483596, -1004 
1719915954294.00, -62606, -484961, -1039 
1719915954316.00, -62649, -486322, -1036 
1719915954338.00, -62612, -487694, -1064 
1719915954359.00, -62504, -489043, -1112 
1719915954381.00, -62457, -490415, -1085 
1719915954403.00, -62499, -491771, -1057 
1719915954424.00, -62438, -493134, -1071 
1719915954446.00, -62443, -494493, -1031 
1719915954468.00, -62446, -495839, -938 
1719915954489.00, -62427, -497201, -942 
1719915954511.00, -62391, -498542, -905 
1719915954533.00, -62459, -499901, -794 
1719915954555.00, -62445, -501248, -723 
1719915954576.00, -62491, -502602, -738 
1719915954598.00, -62497, -503964, -731 
1719915954620.00, -62401, -505305, -676 
1719915954641.00, -62535, -506668, -691 
1719915954663.00, -62345, -508025, -718 
1719915954685.00, -62632, -509383, -716 
1719915954706.00, -62716, -510742, -744 
1719915954732.00, -62580, -512099, -789 
1719915954749.00, -62600, -513459, -843 
1719915954771.00, -62787, -514810, -868 
1719915954792.00, -62707, -516179, -928 
1719915954814.00, -62567, -517544, -985 
1719915954836.00, -62608, -518897, -962 
1719915954857.00, -62685, -520261, -987 
1719915954879.00, -62411, -521605, -1024 
1719915954901.00, -62584, -522979, -1008 
1719915954923.00, -62654, -524334, -983 
1719915954946.00, -62594, -525694, -1015 
1719915954966.00, -62660, -527058, -1036 
1719915954988.00, -62622, -528408, -1002 
1719915955009.00, -62662, -529776, -990 
1719915955031.00, -62711, -531129, -1034 
1719915955058.00, -62684, -532498, -1043 
1719915955075.00, -62564, -533858, -985 
1719915955096.00, -62635, -535210, -983 
1719915955118.00, -62566, -536578, -1015 
1719915955140.00, -62485, -537925, -964 
1719915955164.00, -62604, -539286, -949 
1719915955183.00, -62609, -540645, -1000 
1719915955204.00, -62591, -542008, -1000 
1719915955226.00, -62579, -543375, -1016 
1719915955248.00, -62697, -544730, -1057 
1719915955270.00, -62508, -546097, -1073 
1719915955291.00, -62630, -547445, -1018 
1719915955313.00, -62621, -548819, -1038 
1719915955335.00, -62476, -550181, -1049 
1719915955357.00, -62479, -551537, -981 
1719915955378.00, -62556, -552894, -933 
1719915955400.00, -62515, -554242, -922 
1719915955421.00, -62414, -555597, -906 
1719915955443.00, -62381, -556951, -849 
1719915955465.00, -62420, -558300, -808 
1719915955486.00, -62520, -559657, -823 
1719915955508.00, -62471, -561007, -810 
1719915955530.00, -62531, -562366, -785 
1719915955551.00, -62673, -563708, -763 
1719915955573.00, -62647, -565075, -794 
1719915955594.00, -62539, -566435, -806 
1719915955616.00, -62499, -567790, -807 
1719915955638.00, -62696, -569156, -871 
1719915955660.00, -62539, -570501, -861 
1719915955681.00, -62694, -571855, -818 
1719915955703.00, -62569, -573211, -824 
1719915955724.00, -62461, -574571, -816 
1719915955746.00, -62436, -575927, -798 
1719915955768.00, -62368, -577272, -731 
1719915955789.00, -62476, -578623, -704 
1719915955811.00, -62505, -579970, -695 
1719915955833.00, -62513, -581330, -684 
1719915955854.00, -62620, -582687, -648 
1719915955876.00, -62675, -584037, -644 
1719915955898.00, -62628, -585401, -661 
1719915955919.00, -62765, -586749, -642 
1719915955941.00, -62478, -588105, -620 
1719915955962.00, -62449, -589458, -614 
1719915955983.00, -62655, -590813, -592 
1719915956006.00, -62526, -592169, -592 
1719915956027.00, -62590, -593519, -574 
1719915956049.00, -35375, -594865, -562 
1719915956071.00, -19257, -595670, -564 
1719915956092.00, -9602, -596104, -588 
1719915956114.00, -4153, -596328, -615 
1719915956135.00, -932, -596424, -649 
1719915956157.00, 118, -596449, -624 
1719915956178.00, 1162, -596450, -608 
1719915956200.00, 2360, -596426, -546 
1719915956221.00, 3106, -596373, -400 
1719915956243.00, 3247, -596296, -230 
1719915956265.00, 3219, -596215, -94 
1719915956287.00, 3248, -596138, 35 
1719915956308.00, 5400, -596056, 150 
1719915956329.00, 13720, -595928, 265 
1719915956351.00, 25461, -595641, 365 
1719915956373.00, 38114, -595103, 410 
1719915956394.00, 48719, -594286, 427 
1719915956416.00, 55924, -593232, 652 
1719915956438.00, 61185, -592024, 690 
1719915956459.00, 62823, -590690, 745 
1719915956481.00, 62748, -589329, 840 
1719915956502.00, 62803, -587970, 934 
1719915956524.00, 62518, -586605, 980 
1719915956546.00, 62760, -585247, 1009 
1719915956568.00, 62765, -583887, 1030 
1719915956589.00, 62698, -582524, 1051 
1719915956611.00, 62545, -581158, 1073 
1719915956632.00, 62506, -579792, 1088 
1719915956654.00, 62623, -578437, 1072 
1719915956676.00, 62631, -577070, 1071 
1719915956698.00, 62857, -575716, 1089 
1719915956719.00, 62572, -574346, 1108 
1719915956741.00, 62794, -572985, 1123 
1719915956763.00, 62661, -571627, 1125 
1719915956784.00, 62633, -570263, 1143 
1719915956806.00, 62535, -568901, 1165 
1719915956828.00, 62600, -567536, 1156 
1719915956850.00, 62675, -566175, 1191 
1719915956872.00, 62526, -564808, 1196 
1719915956893.00, 62600, -563451, 1202 
1719915956919.00, 62687, -562088, 1236 
1719915956937.00, 62549, -560720, 1255 
1719915956959.00, 62688, -559364, 1250 
1719915956980.00, 62812, -557997, 1262 
1719915957002.00, 62513, -556637, 1283 
1719915957025.00, 62611, -555279, 1256 
1719915957045.00, 62700, -553915, 1274 
1719915957067.00, 62749, -552558, 1277 
1719915957089.00, 62558, -551193, 1276 
1719915957111.00, 62683, -549825, 1294 
1719915957136.00, 62641, -548463, 1276 
1719915957154.00, 62646, -547100, 1296 
1719915957176.00, 62892, -545740, 1303 
1719915957197.00, 62656, -544372, 1342 
1719915957219.00, 62631, -543022, 1318 
1719915957243.00, 62567, -541649, 1319 
1719915957262.00, 62668, -540286, 1332 
1719915957284.00, 62525, -538929, 1319 
1719915957306.00, 62591, -537564, 1313 
1719915957328.00, 62652, -536211, 1311 
1719915957350.00, 62467, -534848, 1290 
1719915957372.00, 62483, -533482, 1324 
1719915957393.00, 62639, -532116, 1332 
1719915957415.00, 62549, -530756, 1356 
1719915957436.00, 62594, -529396, 1355 
1719915957458.00, 62835, -528026, 1370 
1719915957479.00, 62487, -526674, 1390 
1719915957502.00, 62379, -525307, 1395 
1719915957523.00, 62618, -523945, 1384 
1719915957545.00, 62513, -522590, 1422 
1719915957566.00, 62610, -521218, 1445 
1719915957588.00, 62864, -519866, 1457 
1719915957610.00, 62596, -518497, 1456 
1719915957632.00, 62571, -517137, 1477 
1719915957654.00, 62671, -515770, 1482 
1719915957676.00, 62611, -514403, 1506 
1719915957697.00, 62569, -513045, 1494 
1719915957719.00, 62686, -511682, 1506 
1719915957740.00, 62548, -510327, 1503 
1719915957762.00, 62456, -508956, 1502 
1719915957784.00, 62535, -507596, 1497 
1719915957806.00, 62602, -506240, 1478 
1719915957828.00, 62476, -504878, 1476 
1719915957849.00, 62528, -503517, 1467 
1719915957870.00, 62696, -502154, 1442 
1719915957893.00, 62568, -500791, 1435 
1719915957914.00, 62486, -499431, 1417 
1719915957936.00, 62652, -498070, 1410 
1719915957957.00, 62507, -496714, 1400 
1719915957979.00, 62571, -495347, 1404 
1719915958001.00, 62730, -493991, 1423 
1719915958023.00, 62481, -492624, 1427 
1719915958045.00, 62470, -491258, 1441 
1719915958066.00, 62648, -489901, 1441 
1719915958088.00, 62713, -488539, 1436 
1719915958110.00, 62500, -487180, 1456 
1719915958132.00, 62786, -485815, 1448 
1719915958153.00, 62419, -484454, 1479 
1719915958175.00, 62472, -483086, 1485 
1719915958196.00, 62601, -481726, 1477 
1719915958218.00, 62605, -480370, 1491 
1719915958241.00, 62614, -479003, 1488 
1719915958262.00, 62496, -477648, 1463 
1719915958284.00, 62604, -476281, 1445 
1719915958306.00, 62406, -474917, 1460 
1719915958327.00, 62480, -473561, 1444 
1719915958349.00, 62628, -472200, 1419 
1719915958370.00, 62577, -470846, 1423 
1719915958393.00, 62551, -469479, 1396 
1719915958414.00, 62578, -468116, 1379 
1719915958436.00, 62441, -466751, 1380 
1719915958458.00, 62359, -465386, 1397 
1719915958479.00, 62667, -464029, 1414 
1719915958501.00, 62415, -462670, 1418 
1719915958522.00, 62368, -461312, 1409 
1719915958544.00, 62586, -459947, 1438 
1719915958566.00, 62616, -458587, 1426 
1719915958588.00, 62629, -457229, 1445 
1719915958610.00, 62597, -455867, 1433 
1719915958632.00, 62642, -454505, 1433 
1719915958653.00, 62551, -453144, 1425 
1719915958674.00, 62814, -451781, 1396 
1719915958696.00, 62454, -450419, 1374 
1719915958717.00, 62404, -449057, 1370 
1719915958740.00, 62516, -447703, 1366 
1719915958762.00, 62508, -446341, 1338 
1719915958787.00, 62473, -444982, 1346 
1719915958805.00, 62618, -443615, 1350 
1719915958827.00, 62527, -442254, 1330 
1719915958849.00, 62474, -440898, 1327 
1719915958870.00, 62610, -439536, 1306 
1719915958891.00, 62550, -438180, 1291 
1719915958914.00, 62427, -436816, 1251 
1719915958935.00, 62418, -435459, 1229 
1719915958957.00, 62462, -434099, 1201 
1719915958979.00, 62585, -432743, 1180 
1719915959000.00, 62551, -431384, 1165 
1719915959022.00, 35732, -430028, 1149 
1719915959044.00, 19561, -429234, 1219 
1719915959065.00, 9976, -428795, 1203 
1719915959087.00, 4248, -428565, 1248 
1719915959108.00, 855, -428466, 1218 
1719915959131.00, -174, -428451, 1123 
1719915959152.00, -1510, -428458, 973 
1719915959173.00, -2639, -428495, 754 
1719915959195.00, -3258, -428561, 521 
1719915959216.00, -3445, -428641, 335 
1719915959237.00, -3621, -428724, 201 
1719915959258.00, -3536, -428809, 87 
1719915959280.00, -3481, -428899, -9 
1719915959302.00, -3265, -428981, -113 
1719915959323.00, -9983, -429060, -191 
1719915959345.00, -18452, -429268, -266 
1719915959367.00, -27946, -429664, -364 
1719915959388.00, -40131, -430260, -389 
1719915959410.00, -48049, -431130, -564 
1719915959431.00, -56521, -432165, -523 
1719915959453.00, -61413, -433387, -613 
1719915959474.00, -62569, -434736, -639 
1719915959496.00, -62780, -436089, -641 
1719915959518.00, -62642, -437450, -692 
1719915959543.00, -62857, -438813, -745 
1719915959562.00, -62659, -440164, -748 
1719915959583.00, -62652, -441526, -781 
1719915959605.00, -62563, -442883, -819 
1719915959626.00, -62551, -444243, -810 
1719915959655.00, -62699, -445600, -791 
1719915959670.00, -62581, -446956, -835 
1719915959691.00, -62424, -448314, -884 
1719915959713.00, -62516, -449657, -822 
1719915959734.00, -62706, -451031, -827 
1719915959759.00, -62718, -452386, -871 
1719915959777.00, -62439, -453743, -894 
1719915959799.00, -62618, -455095, -837 
1719915959820.00, -62737, -456445, -864 
1719915959843.00, -62675, -457811, -898 
1719915959864.00, -62603, -459172, -919 
1719915959886.00, -62716, -460527, -891 
1719915959908.00, -62598, -461885, -937 
1719915959929.00, -62703, -463233, -955 
1719915959951.00, -62651, -464599, -941 
1719915959972.00, -62712, -465944, -949 
1719915959994.00, -62687, -467320, -952 
1719915960016.00, -62528, -468679, -1014 
1719915960037.00, -62678, -470031, -948 
1719915960059.00, -62560, -471391, -905 
1719915960080.00, -62777, -472738, -902 
1719915960102.00, -62768, -474104, -934 
1719915960124.00, -62520, -475458, -964 
1719915960145.00, -62584, -476817, -909 
1719915960167.00, -62582, -478174, -882 
1719915960189.00, -62580, -479521, -876 
1719915960210.00, -62630, -480881, -855 
1719915960232.00, -62788, -482224, -833 
1719915960253.00, -62570, -483594, -825 
1719915960276.00, -62673, -484948, -757 
1719915960297.00, -62606, -486309, -776 
1719915960319.00, -62731, -487668, -815 
1719915960340.00, -62500, -489014, -810 
1719915960363.00, -62601, -490384, -833 
1719915960384.00, -62515, -491734, -878 
1719915960405.00, -62486, -493096, -856 
1719915960427.00, -62541, -494451, -822 
1719915960448.00, -62492, -495798, -845 
1719915960470.00, -62591, -497161, -856 
1719915960492.00, -62669, -498501, -773 
1719915960513.00, -62640, -499872, -779 
1719915960535.00, -62550, -501231, -836 
1719915960557.00, -62526, -502578, -795 
1719915960579.00, -62568, -503948, -803 
1719915960600.00, -62486, -505290, -829 
1719915960622.00, -62503, -506657, -862 
1719915960644.00, -62563, -508007, -819 
1719915960665.00, -62648, -509369, -827 
1719915960687.00, -62645, -510732, -873 
1719915960708.00, -62492, -512078, -851 
1719915960729.00, -62437, -513438, -836 
1719915960751.00, -62540, -514784, -840 
1719915960773.00, -62567, -516150, -826 
1719915960794.00, -62676, -517503, -815 
1719915960816.00, -62620, -518862, -822 
1719915960838.00, -62569, -520228, -874 
1719915960863.00, -62654, -521566, -834 
1719915960882.00, -62682, -522931, -830 
1719915960903.00, -62774, -524291, -869 
1719915960924.00, -62525, -525646, -854 
1719915960946.00, -62622, -527003, -801 
1719915960968.00, -62725, -528350, -791 
1719915960989.00, -62561, -529716, -842 
1719915961011.00, -62708, -531060, -824 
1719915961033.00, -62714, -532425, -810 
1719915961054.00, -62561, -533791, -864 
1719915961076.00, -62561, -535142, -862 
1719915961098.00, -62599, -536508, -859 
1719915961119.00, -62678, -537856, -908 
1719915961141.00, -62485, -539218, -957 
1719915961163.00, -62676, -540570, -883 
1719915961187.00, -62635, -541925, -838 
1719915961206.00, -62602, -543292, -902 
1719915961227.00, -62553, -544634, -872 
1719915961249.00, -62689, -545993, -844 
1719915961271.00, -62560, -547339, -856 
1719915961297.00, -62552, -548707, -856 
1719915961314.00, -62539, -550065, -829 
1719915961336.00, -62502, -551415, -792 
1719915961357.00, -62542, -552783, -813 
1719915961379.00, -62505, -554125, -814 
1719915961402.00, -62746, -555479, -811 
1719915961423.00, -62676, -556839, -825 
1719915961444.00, -62542, -558203, -866 
1719915961466.00, -62505, -559562, -886 
1719915961487.00, -62611, -560910, -864 
1719915961510.00, -62709, -562273, -889 
1719915961531.00, -62538, -563618, -932 
1719915961552.00, -62484, -564978, -923 
1719915961574.00, -62468, -566341, -914 
1719915961596.00, -62570, -567690, -948 
1719915961618.00, -62641, -569055, -960 
1719915961638.00, -62465, -570399, -935 
1719915961660.00, -62421, -571753, -923 
1719915961682.00, -62462, -573107, -905 
1719915961703.00, -62492, -574464, -848 
1719915961732.00, -62594, -575819, -834 
1719915961747.00, -62569, -577169, -858 
1719915961768.00, -62535, -578524, -822 
1719915961790.00, -62735, -579866, -778 
1719915961811.00, -62684, -581228, -780 
1719915961834.00, -62649, -582597, -829 
1719915961855.00, -62648, -583943, -787 
1719915961877.00, -62652, -585304, -784 
1719915961898.00, -62619, -586653, -815 
1719915961919.00, -62639, -588006, -801 
1719915961942.00, -62613, -589366, -777 
1719915961963.00, -62588, -590720, -808 
1719915961985.00, -62533, -592081, -820 
1719915962006.00, -62467, -593428, -777 
1719915962028.00, -35491, -594778, -763 
1719915962049.00, -19101, -595582, -816 
1719915962071.00, -9551, -596017, -795 
1719915962093.00, -4000, -596233, -792 
1719915962114.00, -603, -596331, -844 
1719915962136.00, 302, -596345, -778 
1719915962158.00, 1367, -596342, -686 
1719915962179.00, 2477, -596314, -600 
1719915962200.00, 3174, -596259, -450 
1719915962222.00, 3288, -596184, -260 
1719915962244.00, 3315, -596102, -128 
1719915962265.00, 3312, -596022, -42 
1719915962287.00, 3328, -595942, 58 
1719915962308.00, 6784, -595866, 150 
1719915962330.00, 14149, -595716, 205 
1719915962352.00, 21858, -595412, 257 
1719915962374.00, 29634, -594935, 345 
1719915962395.00, 39480, -594296, 410 
1719915962416.00, 49069, -593452, 424 
1719915962438.00, 56074, -592399, 433 
1719915962460.00, 60316, -591179, 561 
1719915962482.00, 62709, -589870, 605 
1719915962503.00, 62759, -588516, 618 
1719915962524.00, 62663, -587152, 665 
1719915962547.00, 62632, -585788, 745 
1719915962568.00, 62577, -584428, 785 
1719915962590.00, 62581, -583076, 776 
1719915962612.00, 62542, -581719, 816 
1719915962633.00, 62715, -580355, 868 
1719915962654.00, 62670, -579001, 881 
1719915962676.00, 62766, -577641, 897 
1719915962698.00, 62544, -576287, 920 
1719915962719.00, 62783, -574930, 923 
1719915962741.00, 62514, -573567, 946 
1719915962763.00, 62624, -572213, 975 
1719915962784.00, 62665, -570855, 981 
1719915962806.00, 62482, -569503, 1017 
1719915962828.00, 62586, -568134, 1052 
1719915962849.00, 62684, -566768, 1058 
1719915962871.00, 62522, -565406, 1086 
1719915962893.00, 62509, -564036, 1110 
1719915962914.00, 62643, -562681, 1126 
1719915962937.00, 62686, -561311, 1141 
1719915962958.00, 62469, -559948, 1177 
1719915962980.00, 62573, -558591, 1186 
1719915963002.00, 62627, -557225, 1188 
1719915963024.00, 62679, -555869, 1180 
1719915963048.00, 62548, -554500, 1204 
1719915963067.00, 62667, -553142, 1203 
1719915963089.00, 62561, -551776, 1188 
1719915963110.00, 62590, -550413, 1205 
1719915963132.00, 62767, -549053, 1220 
1719915963156.00, 62505, -547685, 1228 
1719915963175.00, 62497, -546320, 1242 
1719915963196.00, 62704, -544959, 1219 
1719915963219.00, 62571, -543600, 1237 
1719915963240.00, 62618, -542238, 1236 
1719915963264.00, 62702, -540870, 1248 
1719915963284.00, 62578, -539517, 1237 
1719915963306.00, 62586, -538151, 1249 
1719915963327.00, 62733, -536793, 1265 
1719915963349.00, 62658, -535429, 1247 
1719915963371.00, 62552, -534061, 1270 
1719915963393.00, 62783, -532705, 1261 
1719915963415.00, 62688, -531331, 1298 
1719915963436.00, 62730, -529973, 1322 
1719915963457.00, 62558, -528605, 1343 
1719915963480.00, 62646, -527243, 1373 
1719915963502.00, 62594, -525885, 1367 
1719915963522.00, 62599, -524513, 1390 
1719915963545.00, 62865, -523162, 1398 
1719915963566.00, 62499, -521789, 1394 
1719915963592.00, 62656, -520429, 1397 
1719915963610.00, 62803, -519070, 1408 
1719915963632.00, 62616, -517706, 1412 
1719915963653.00, 62505, -516346, 1407 
1719915963675.00, 62664, -514979, 1392 
1719915963699.00, 62565, -513620, 1395 
1719915963718.00, 62586, -512256, 1380 
1719915963740.00, 62759, -510897, 1350 
1719915963762.00, 62548, -509538, 1321 
1719915963783.00, 62748, -508170, 1318 
1719915963806.00, 62625, -506818, 1308 
1719915963828.00, 62616, -505452, 1283 
1719915963849.00, 62486, -504096, 1302 
1719915963871.00, 62504, -502727, 1316 
1719915963893.00, 62713, -501362, 1325 
1719915963918.00, 62604, -500005, 1330 
1719915963936.00, 62606, -498633, 1329 
1719915963958.00, 62642, -497274, 1348 
1719915963979.00, 62495, -495906, 1331 
1719915964000.00, 62660, -494552, 1324 
1719915964023.00, 62843, -493193, 1342 
1719915964045.00, 62570, -491827, 1321 
1719915964066.00, 62542, -490472, 1313 
1719915964087.00, 62705, -489104, 1294 
1719915964110.00, 62632, -487743, 1309 
1719915964135.00, 62543, -486385, 1300 
1719915964153.00, 62598, -485020, 1306 
1719915964175.00, 62581, -483663, 1289 
1719915964197.00, 62640, -482292, 1293 
1719915964218.00, 62798, -480936, 1317 
1719915964242.00, 62618, -479570, 1307 
1719915964261.00, 62607, -478206, 1331 
1719915964283.00, 62685, -476844, 1339 
1719915964305.00, 62742, -475476, 1357 
1719915964327.00, 62549, -474119, 1356 
1719915964351.00, 62649, -472753, 1359 
1719915964370.00, 62636, -471396, 1352 
1719915964392.00, 62402, -470030, 1330 
1719915964413.00, 62536, -468668, 1316 
1719915964436.00, 62559, -467315, 1302 
1719915964459.00, 62447, -465948, 1269 
1719915964479.00, 62495, -464594, 1252 
1719915964500.00, 62729, -463222, 1262 
1719915964523.00, 62496, -461862, 1276 
1719915964545.00, 62408, -460509, 1284 
1719915964566.00, 62565, -459143, 1280 
1719915964588.00, 62481, -457783, 1288 
1719915964610.00, 62539, -456421, 1265 
1719915964631.00, 62775, -455058, 1270 
1719915964653.00, 62523, -453702, 1235 
1719915964678.00, 62574, -452337, 1227 
1719915964696.00, 62540, -450984, 1213 
1719915964718.00, 62641, -449620, 1163 
1719915964740.00, 62487, -448261, 1170 
1719915964761.00, 62594, -446895, 1159 
1719915964782.00, 62475, -445533, 1148 
1719915964805.00, 62488, -444176, 1143 
1719915964827.00, 62519, -442814, 1116 
1719915964849.00, 62562, -441461, 1111 
1719915964870.00, 62469, -440100, 1081 
1719915964892.00, 62463, -438737, 1041 
1719915964914.00, 62590, -437377, 1021 
1719915964935.00, 62507, -436021, 998 
1719915964957.00, 62540, -434669, 961 
1719915964978.00, 62661, -433313, 920 
1719915965000.00, 62637, -431956, 907 
1719915965022.00, 35602, -430605, 901 
1719915965043.00, 19438, -429814, 923 
1719915965065.00, 9636, -429373, 930 
1719915965086.00, 4238, -429150, 930 
1719915965108.00, 911, -429055, 943 
1719915965128.00, -155, -429037, 847 
1719915965151.00, -1587, -429043, 724 
1719915965172.00, -2496, -429078, 556 
1719915965194.00, -3050, -429141, 378 
1719915965215.00, -3220, -429213, 232 
1719915965240.00, -3529, -429293, 93 
1719915965258.00, -3415, -429390, -93 
1719915965279.00, -8852, -429476, -253 
1719915965301.00, -21789, -429664, -302 
1719915965323.00, -32724, -430119, -371 
1719915965345.00, -42782, -430829, -585 
1719915965365.00, -53407, -431755, -594 
1719915965388.00, -59780, -432902, -619 
1719915965409.00, -62795, -434204, -709 
1719915965431.00, -62600, -435575, -740 
1719915965453.00, -62793, -436927, -735 
1719915965475.00, -62569, -438293, -774 
1719915965495.00, -62568, -439646, -820 
1719915965518.00, -62712, -441004, -821 
1719915965539.00, -62582, -442368, -862 
1719915965561.00, -62698, -443720, -842 
1719915965582.00, -62646, -445090, -880 
1719915965604.00, -62616, -446439, -932 
1719915965626.00, -62702, -447796, -895 
1719915965647.00, -62651, -449145, -927 
1719915965673.00, -62540, -450509, -938 
1719915965691.00, -62594, -451877, -984 
1719915965713.00, -62692, -453234, -1016 
1719915965734.00, -62667, -454602, -1033 
1719915965755.00, -62610, -455950, -1057 
1719915965779.00, -62542, -457317, -1024 
1719915965799.00, -62513, -458684, -1032 
1719915965821.00, -62489, -460036, -965 
1719915965842.00, -62625, -461399, -961 
1719915965864.00, -62625, -462741, -954 
1719915965886.00, -62453, -464109, -984 
1719915965908.00, -62636, -465459, -1011 
1719915965929.00, -62637, -466822, -977 
1719915965951.00, -62702, -468190, -1010 
1719915965973.00, -62542, -469546, -1052 
1719915965995.00, -62610, -470917, -1053 
1719915966016.00, -62545, -472270, -1040 
1719915966037.00, -62491, -473631, -1075 
1719915966060.00, -62527, -474993, -1049 
1719915966081.00, -62465, -476353, -1017 
1719915966105.00, -62764, -477726, -1035 
1719915966125.00, -62669, -479078, -1071 
1719915966147.00, -62584, -480442, -1081 
1719915966168.00, -62517, -481795, -1083 
1719915966190.00, -62481, -483164, -1114 
1719915966216.00, -62398, -484540, -1155 
1719915966234.00, -62452, -485890, -1120 
1719915966254.00, -62516, -487260, -1123 
1719915966277.00, -62305, -488608, -1147 
1719915966298.00, -62426, -489972, -1162 
1719915966322.00, -62574, -491332, -1125 
1719915966342.00, -62637, -492695, -1139 
1719915966364.00, -62605, -494064, -1176 
1719915966385.00, -62692, -495421, -1216 
1719915966407.00, -62632, -496789, -1254 
1719915966429.00, -62539, -498146, -1261 
1719915966451.00, -62558, -499508, -1227 
1719915966472.00, -62492, -500882, -1221 
1719915966494.00, -62335, -502227, -1163 
1719915966515.00, -62547, -503600, -1157 
1719915966538.00, -62612, -504947, -1148 
1719915966560.00, -62566, -506309, -1121 
1719915966581.00, -62575, -507674, -1162 
1719915966603.00, -62550, -509034, -1133 
1719915966625.00, -62487, -510401, -1115 
1719915966646.00, -62444, -511754, -1120 
1719915966667.00, -62505, -513125, -1157 
1719915966690.00, -62485, -514465, -1107 
1719915966711.00, -62645, -515838, -1110 
1719915966733.00, -62604, -517210, -1172 
1719915966754.00, -62454, -518561, -1122 
1719915966776.00, -62512, -519933, -1107 
1719915966799.00, -62587, -521285, -1157 
1719915966820.00, -62589, -522646, -1133 
1719915966842.00, -62568, -524007, -1108 
1719915966864.00, -62642, -525373, -1133 
1719915966886.00, -62512, -526743, -1192 
1719915966907.00, -62478, -528091, -1147 
1719915966929.00, -62713, -529460, -1129 
1719915966951.00, -62601, -530811, -1175 
1719915966972.00, -62538, -532177, -1178 
1719915966993.00, -62718, -533549, -1137 
1719915967015.00, -62708, -534897, -1115 
1719915967037.00, -62529, -536275, -1151 
1719915967059.00, -62637, -537626, -1128 
1719915967081.00, -62827, -538986, -1138 
1719915967102.00, -62462, -540354, -1206 
1719915967124.00, -62523, -541715, -1179 
1719915967146.00, -62680, -543082, -1172 
1719915967168.00, -62502, -544437, -1254 
1719915967189.00, -62386, -545803, -1279 
1719915967211.00, -62450, -547148, -1186 
1719915967233.00, -62497, -548518, -1220 
1719915967255.00, -62382, -549884, -1256 
1719915967276.00, -62681, -551234, -1150 
1719915967298.00, -62610, -552602, -1126 
1719915967319.00, -62605, -553954, -1134 
1719915967341.00, -62738, -555310, -1096 
1719915967363.00, -62626, -556680, -1092 
1719915967384.00, -62537, -558039, -1141 
1719915967406.00, -62531, -559402, -1108 
1719915967428.00, -62582, -560754, -1036 
1719915967450.00, -62537, -562120, -1058 
1719915967472.00, -62648, -563468, -1065 
1719915967494.00, -62592, -564833, -1002 
1719915967515.00, -62608, -566196, -985 
1719915967537.00, -62588, -567549, -995 
1719915967558.00, -62590, -568911, -972 
1719915967580.00, -62613, -570253, -935 
1719915967602.00, -62583, -571606, -945 
1719915967623.00, -62740, -572967, -906 
1719915967645.00, -62580, -574324, -867 
1719915967666.00, -62548, -575683, -922 
1719915967688.00, -62483, -577032, -888 
1719915967710.00, -62668, -578382, -786 
1719915967731.00, -62446, -579725, -790 
1719915967753.00, -62375, -581087, -787 
1719915967775.00, -62408, -582443, -736 
1719915967796.00, -62411, -583788, -701 
1719915967818.00, -62481, -585147, -717 
1719915967839.00, -62454, -586492, -703 
1719915967861.00, -62560, -587845, -649 
1719915967883.00, -62493, -589199, -655 
1719915967905.00, -62512, -590552, -617 
1719915967926.00, -62515, -591907, -577 
1719915967948.00, -62502, -593257, -566 
1719915967969.00, -35525, -594601, -522 
1719915967991.00, -19260, -595395, -502 
1719915968012.00, -9508, -595840, -543 
1719915968034.00, -3965, -596059, -547 
1719915968056.00, -584, -596154, -552 
1719915968077.00, 259, -596169, -475 
1719915968099.00, 1346, -596169, -485 
1719915968120.00, 2301, -596143, -424 
1719915968142.00, 2960, -596092, -308 
1719915968163.00, 3228, -596023, -202 
1719915968185.00, 3229, -595944, -81 
1719915968206.00, 3362, -595869, 3 
1719915968227.00, 3329, -595796, 69 
1719915968249.00, 7207, -595721, 128 
1719915968271.00, 13081, -595558, 178 
1719915968293.00, 19749, -595274, 229 
1719915968314.00, 26572, -594847, 291 
1719915968336.00, 34309, -594272, 370 
1719915968358.00, 44008, -593531, 405 
1719915968379.00, 51446, -592588, 529 
1719915968401.00, 58446, -591473, 619 
1719915968423.00, 62691, -590201, 656 
1719915968444.00, 62792, -588847, 754 
1719915968465.00, 62678, -587480, 821 
1719915968488.00, 62671, -586120, 853 
1719915968509.00, 62676, -584756, 931 
1719915968531.00, 62561, -583396, 1031 
1719915968553.00, 62601, -582035, 1037 
1719915968574.00, 62828, -580666, 1071 
1719915968596.00, 62552, -579303, 1110 
1719915968618.00, 62573, -577938, 1126 
1719915968639.00, 62756, -576577, 1133 
1719915968661.00, 62437, -575218, 1128 
1719915968682.00, 62685, -573851, 1139 
1719915968704.00, 62746, -572491, 1122 
1719915968729.00, 62596, -571126, 1135 
1719915968748.00, 62616, -569770, 1163 
1719915968769.00, 62631, -568405, 1159 
1719915968792.00, 62643, -567037, 1181 
1719915968813.00, 62443, -565675, 1235 
1719915968837.00, 62615, -564310, 1205 
1719915968857.00, 62726, -562952, 1238 
1719915968879.00, 62549, -561587, 1253 
1719915968900.00, 62594, -560223, 1239 
1719915968922.00, 62537, -558863, 1244 
1719915968946.00, 62475, -557498, 1240 
1719915968965.00, 62480, -556143, 1237 
1719915968987.00, 62908, -554778, 1250 
1719915969008.00, 62402, -553415, 1256 
1719915969031.00, 62596, -552059, 1267 
1719915969052.00, 62734, -550684, 1296 
1719915969074.00, 62558, -549329, 1305 
1719915969096.00, 62684, -547957, 1307 
1719915969118.00, 62687, -546597, 1326 
1719915969139.00, 62573, -545234, 1325 
1719915969161.00, 62602, -543873, 1350 
1719915969183.00, 62904, -542515, 1375 
1719915969205.00, 62488, -541141, 1395 
1719915969226.00, 62535, -539786, 1405 
1719915969248.00, 62613, -538419, 1420 
1719915969269.00, 62619, -537059, 1438 
1719915969291.00, 62540, -535700, 1427 
1719915969313.00, 62570, -534332, 1424 
1719915969335.00, 62500, -532977, 1377 
1719915969356.00, 62483, -531613, 1329 
1719915969378.00, 62546, -530252, 1361 
1719915969400.00, 62652, -528888, 1340 
1719915969421.00, 62426, -527527, 1341 
1719915969443.00, 62529, -526169, 1340 
1719915969465.00, 62745, -524803, 1349 
1719915969487.00, 62645, -523442, 1386 
1719915969509.00, 62569, -522075, 1393 
1719915969529.00, 62735, -520709, 1408 
1719915969552.00, 62542, -519353, 1419 
1719915969574.00, 62604, -517985, 1413 
1719915969595.00, 62865, -516629, 1425 
1719915969617.00, 62508, -515261, 1405 
1719915969639.00, 62421, -513897, 1427 
1719915969661.00, 62664, -512537, 1424 
1719915969682.00, 62536, -511178, 1436 
1719915969703.00, 62519, -509820, 1432 
1719915969726.00, 62632, -508454, 1428 
1719915969748.00, 62607, -507097, 1438 
1719915969769.00, 62594, -505727, 1438 
1719915969791.00, 62769, -504368, 1441 
1719915969812.00, 62598, -503009, 1428 
1719915969834.00, 62481, -501641, 1441 
1719915969856.00, 62621, -500288, 1442 
1719915969877.00, 62640, -498914, 1448 
1719915969899.00, 62701, -497558, 1470 
1719915969921.00, 62530, -496192, 1474 
1719915969943.00, 62660, -494828, 1466 
1719915969965.00, 62553, -493477, 1466 
1719915969987.00, 62599, -492106, 1461 
1719915970008.00, 62823, -490747, 1460 
1719915970030.00, 62475, -489380, 1478 
1719915970051.00, 62636, -488019, 1481 
1719915970073.00, 62824, -486664, 1499 
1719915970094.00, 62628, -485296, 1489 
1719915970117.00, 62472, -483934, 1490 
1719915970138.00, 62586, -482565, 1484 
1719915970166.00, 62627, -481208, 1481 
1719915970182.00, 62539, -479848, 1479 
1719915970203.00, 62695, -478487, 1446 
1719915970225.00, 62517, -477132, 1446 
1719915970247.00, 62640, -475764, 1423 
1719915970269.00, 62642, -474407, 1422 
1719915970291.00, 62577, -473043, 1407 
1719915970312.00, 62447, -471680, 1395 
1719915970334.00, 62446, -470323, 1377 
1719915970356.00, 62607, -468965, 1353 
1719915970378.00, 62517, -467608, 1326 
1719915970399.00, 62466, -466239, 1289 
1719915970421.00, 62502, -464881, 1235 
1719915970442.00, 62448, -463525, 1201 
1719915970465.00, 62522, -462165, 1157 
1719915970485.00, 62700, -460819, 1119 
1719915970507.00, 62555, -459457, 1075 
1719915970530.00, 62485, -458099, 1068 
1719915970551.00, 62579, -456734, 1047 
1719915970573.00, 62539, -455378, 1024 
1719915970595.00, 62503, -454020, 1022 
1719915970616.00, 62530, -452655, 1015 
1719915970638.00, 62507, -451300, 1004 
1719915970660.00, 62655, -449932, 1002 
1719915970682.00, 62728, -448573, 982 
1719915970703.00, 62580, -447217, 977 
1719915970724.00, 62607, -445858, 984 
1719915970746.00, 62566, -444513, 1006 
1719915970768.00, 62572, -443139, 1026 
1719915970790.00, 62614, -441781, 1023 
1719915970811.00, 62727, -440418, 1067 
1719915970833.00, 62536, -439048, 1097 
1719915970855.00, 62501, -437692, 1116 
1719915970877.00, 62552, -436332, 1099 
1719915970898.00, 62492, -434972, 1087 
1719915970920.00, 62462, -433608, 1061 
1719915970942.00, 62386, -432250, 1040 
1719915970964.00, 35250, -430898, 991 
1719915970985.00, 19241, -430109, 995 
1719915971006.00, 9681, -429675, 964 
1719915971031.00, 4128, -429454, 973 
1719915971049.00, 876, -429358, 976 
1719915971071.00, -70, -429337, 942 
1719915971092.00, -1091, -429338, 916 
1719915971114.00, -2069, -429354, 842 
1719915971141.00, -2930, -429400, 733 
1719915971157.00, -3579, -429469, 561 
1719915971178.00, -3565, -429554, 371 
1719915971200.00, -3543, -429638, 234 
1719915971221.00, -3308, -429723, 115 
1719915971243.00, -3264, -429814, 5 
1719915971264.00, -3243, -429900, -172 
1719915971286.00, -13276, -429982, -323 
1719915971307.00, -28728, -430260, -380 
1719915971328.00, -40800, -430880, -588 
1719915971353.00, -52243, -431764, -605 
1719915971373.00, -59113, -432880, -651 
1719915971394.00, -62903, -434170, -735 
1719915971416.00, -62685, -435541, -786 
1719915971437.00, -62914, -436896, -797 
1719915971459.00, -62693, -438266, -858 
1719915971480.00, -62664, -439618, -942 
1719915971502.00, -62720, -440975, -930 
1719915971524.00, -62621, -442339, -958 
1719915971546.00, -62643, -443697, -999 
1719915971576.00, -62583, -445063, -992 
1719915971589.00, -62572, -446407, -998 
1719915971610.00, -62468, -447764, -1014 
1719915971632.00, -62668, -449120, -974 
1719915971653.00, -62538, -450479, -943 
1719915971677.00, -62518, -451844, -944 
1719915971697.00, -62591, -453195, -949 
1719915971719.00, -62561, -454556, -954 
1719915971740.00, -62507, -455895, -932 
1719915971762.00, -62603, -457259, -939 
1719915971784.00, -62548, -458618, -954 
1719915971805.00, -62595, -459974, -899 
1719915971826.00, -62720, -461337, -946 
1719915971848.00, -62435, -462683, -982 
1719915971870.00, -62669, -464042, -998 
1719915971892.00, -62709, -465390, -976 
1719915971913.00, -62539, -466757, -1003 
1719915971935.00, -62460, -468127, -1033 
1719915971956.00, -62563, -469478, -991 
1719915971978.00, -62679, -470846, -953 
1719915972000.00, -62578, -472193, -980 
1719915972021.00, -62601, -473547, -992 
1719915972043.00, -62661, -474905, -988 
1719915972065.00, -62462, -476264, -965 
1719915972086.00, -62765, -477628, -982 
1719915972108.00, -62541, -478977, -976 
1719915972131.00, -62663, -480337, -1017 
1719915972152.00, -62636, -481684, -1006 
1719915972173.00, -62700, -483050, -945 
1719915972195.00, -62658, -484415, -946 
1719915972217.00, -62667, -485768, -1000 
1719915972239.00, -62638, -487142, -1005 
1719915972260.00, -62592, -488489, -931 
1719915972281.00, -62736, -489844, -946 
1719915972303.00, -62582, -491211, -981 
1719915972325.00, -62577, -492562, -934 
1719915972346.00, -62646, -493928, -943 
1719915972368.00, -62521, -495275, -950 
1719915972390.00, -62592, -496634, -937 
1719915972411.00, -62549, -497981, -921 
1719915972433.00, -62568, -499338, -852 
1719915972455.00, -62622, -500704, -853 
1719915972477.00, -62695, -502050, -852 
1719915972498.00, -62583, -503423, -848 
1719915972520.00, -62694, -504764, -805 
1719915972541.00, -62700, -506122, -821 
1719915972563.00, -62580, -507485, -876 
1719915972585.00, -62530, -508837, -850 
1719915972606.00, -62593, -510207, -897 
1719915972627.00, -62651, -511557, -946 
1719915972649.00, -62560, -512917, -948 
1719915972671.00, -62701, -514268, -944 
1719915972692.00, -62580, -515629, -958 
1719915972714.00, -62673, -516996, -973 
1719915972736.00, -62599, -518343, -970 
1719915972757.00, -62790, -519715, -1003 
1719915972784.00, -62433, -521067, -1027 
1719915972802.00, -62393, -522426, -1013 
1719915972823.00, -62820, -523792, -1001 
1719915972845.00, -62561, -525155, -1013 
1719915972866.00, -62567, -526522, -996 
1719915972888.00, -62590, -527863, -937 
1719915972910.00, -62599, -529226, -939 
1719915972931.00, -62384, -530573, -913 
1719915972953.00, -62437, -531924, -865 
1719915972975.00, -62550, -533295, -856 
1719915972996.00, -62493, -534642, -826 
1719915973018.00, -62632, -536003, -795 
1719915973039.00, -62567, -537351, -765 
1719915973061.00, -62682, -538699, -721 
1719915973083.00, -62685, -540062, -735 
1719915973107.00, -62583, -541417, -748 
1719915973126.00, -62554, -542781, -750 
1719915973147.00, -62626, -544133, -763 
1719915973169.00, -62513, -545491, -805 
1719915973190.00, -62508, -546841, -808 
1719915973214.00, -62696, -548193, -752 
1719915973234.00, -62686, -549572, -854 
1719915973256.00, -62528, -550922, -900 
1719915973277.00, -62661, -552288, -869 
1719915973299.00, -62744, -553638, -901 
1719915973324.00, -62545, -554995, -974 
1719915973342.00, -62408, -556359, -1005 
1719915973363.00, -62919, -557711, -933 
1719915973385.00, -62662, -559083, -1011 
1719915973408.00, -62606, -560434, -1028 
1719915973432.00, -62601, -561795, -948 
1719915973451.00, -62659, -563142, -929 
1719915973472.00, -62563, -564497, -925 
1719915973494.00, -62493, -565860, -887 
1719915973515.00, -62444, -567209, -819 
1719915973538.00, -62409, -568568, -813 
1719915973559.00, -62371, -569914, -775 
1719915973580.00, -62342, -571252, -705 
1719915973602.00, -62493, -572612, -689 
1719915973624.00, -62411, -573964, -658 
1719915973647.00, -62508, -575321, -631 
1719915973667.00, -62608, -576663, -591 
1719915973688.00, -62590, -578016, -587 
1719915973710.00, -62683, -579371, -598 
1719915973732.00, -62471, -580724, -590 
1719915973754.00, -62664, -582091, -596 
1719915973775.00, -62605, -583446, -624 
1719915973797.00, -62736, -584812, -693 
1719915973818.00, -62540, -586163, -723 
1719915973840.00, -62511, -587519, -728 
1719915973862.00, -62486, -588878, -738 
1719915973883.00, -62449, -590226, -720 
1719915973904.00, -62397, -591587, -723 
1719915973926.00, -62362, -592932, -683 
1719915973947.00, -35296, -594274, -609 
1719915973970.00, -18990, -595070, -641 
1719915973992.00, -9365, -595509, -629 
1719915974013.00, -3907, -595724, -597 
1719915974034.00, -572, -595815, -630 
1719915974056.00, 469, -595833, -564 
1719915974078.00, 1726, -595827, -465 
1719915974099.00, 2591, -595789, -328 
1719915974120.00, 3202, -595722, -143 
1719915974142.00, 3432, -595642, 27 
1719915974164.00, 5122, -595551, 177 
1719915974185.00, 14883, -595427, 318 
1719915974207.00, 29366, -595111, 384 
1719915974228.00, 42228, -594491, 409 
1719915974250.00, 50846, -593590, 552 
1719915974272.00, 58551, -592490, 592 
1719915974294.00, 62736, -591228, 595 
1719915974315.00, 62619, -589864, 651 
1719915974337.00, 62543, -588508, 706 
1719915974359.00, 62674, -587145, 715 
1719915974380.00, 62608, -585786, 762 
1719915974402.00, 62578, -584426, 786 
1719915974425.00, 62537, -583071, 777 
1719915974445.00, 62474, -581718, 795 
1719915974467.00, 62649, -580352, 822 
1719915974488.00, 62610, -579001, 842 
1719915974510.00, 62766, -577639, 862 
1719915974531.00, 62673, -576287, 895 
1719915974554.00, 62836, -574925, 941 
1719915974575.00, 62519, -573562, 982 
1719915974597.00, 62578, -572207, 1025 
1719915974618.00, 62543, -570844, 1037 
1719915974642.00, 62589, -569484, 1069 
1719915974662.00, 62567, -568118, 1090 
1719915974683.00, 62574, -566752, 1103 
1719915974705.00, 62529, -565394, 1108 
1719915974727.00, 62431, -564028, 1122 
1719915974749.00, 62521, -562669, 1147 
1719915974771.00, 62642, -561306, 1142 
1719915974792.00, 62469, -559946, 1148 
1719915974814.00, 62527, -558582, 1170 
1719915974836.00, 62634, -557217, 1210 
1719915974857.00, 62643, -555860, 1245 
1719915974879.00, 62689, -554493, 1235 
1719915974901.00, 62699, -553133, 1286 
1719915974923.00, 62471, -551766, 1286 
1719915974944.00, 62447, -550402, 1284 
1719915974966.00, 62693, -549043, 1300 
1719915974988.00, 62503, -547676, 1322 
1719915975010.00, 62532, -546317, 1327 
1719915975032.00, 62721, -544952, 1338 
1719915975053.00, 62587, -543596, 1354 
1719915975075.00, 62580, -542233, 1371 
1719915975097.00, 62724, -540863, 1372 
1719915975118.00, 62528, -539507, 1385 
1719915975140.00, 62534, -538146, 1362 
1719915975162.00, 62764, -536788, 1334 
1719915975187.00, 62572, -535424, 1363 
1719915975205.00, 62438, -534056, 1368 
1719915975226.00, 62540, -532699, 1377 
1719915975248.00, 62664, -531331, 1375 
1719915975270.00, 62555, -529973, 1387 
1719915975293.00, 62592, -528609, 1380 
1719915975313.00, 62703, -527250, 1383 
1719915975335.00, 62445, -525888, 1382 
1719915975357.00, 62428, -524524, 1398 
1719915975379.00, 62752, -523170, 1392 
1719915975401.00, 62457, -521802, 1381 
1719915975422.00, 62568, -520444, 1392 
1719915975443.00, 62787, -519084, 1392 
1719915975466.00, 62556, -517719, 1379 
1719915975488.00, 62487, -516362, 1379 
1719915975511.00, 62504, -514995, 1370 
1719915975531.00, 62603, -513641, 1344 
1719915975553.00, 62517, -512277, 1307 
1719915975574.00, 62708, -510920, 1266 
1719915975596.00, 62529, -509564, 1250 
1719915975618.00, 62801, -508199, 1246 
1719915975640.00, 62729, -506841, 1255 
1719915975661.00, 62672, -505471, 1271 
1719915975683.00, 62509, -504111, 1279 
1719915975704.00, 62504, -502746, 1288 
1719915975729.00, 62742, -501389, 1292 
1719915975748.00, 62550, -500026, 1285 
1719915975770.00, 62669, -498657, 1303 
1719915975792.00, 62568, -497304, 1297 
1719915975814.00, 62505, -495935, 1280 
1719915975839.00, 62609, -494575, 1269 
1719915975856.00, 62764, -493218, 1290 
1719915975879.00, 62525, -491851, 1318 
1719915975900.00, 62486, -490493, 1334 
1719915975922.00, 62729, -489126, 1339 
1719915975946.00, 62541, -487765, 1329 
1719915975965.00, 62458, -486410, 1305 
1719915975987.00, 62495, -485048, 1276 
1719915976008.00, 62478, -483687, 1262 
1719915976031.00, 62517, -482323, 1254 
1719915976052.00, 62674, -480967, 1232 
1719915976074.00, 62511, -479608, 1177 
1719915976096.00, 62534, -478251, 1127 
1719915976117.00, 62442, -476894, 1069 
1719915976139.00, 62446, -475526, 1034 
1719915976161.00, 62497, -474177, 1028 
1719915976183.00, 62662, -472810, 1021 
1719915976205.00, 62500, -471451, 1033 
1719915976226.00, 62498, -470088, 1026 
1719915976248.00, 62542, -468729, 1030 
1719915976270.00, 62686, -467367, 1050 
1719915976292.00, 62574, -466001, 1060 
1719915976313.00, 62542, -464640, 1073 
1719915976335.00, 62669, -463270, 1070 
1719915976357.00, 62690, -461911, 1069 
1719915976382.00, 62572, -460559, 1063 
1719915976399.00, 62788, -459188, 1062 
1719915976422.00, 62538, -457828, 1088 
1719915976443.00, 62602, -456468, 1088 
1719915976465.00, 62693, -455104, 1075 
1719915976487.00, 62462, -453745, 1069 
1719915976509.00, 62547, -452382, 1056 
1719915976530.00, 62565, -451021, 1058 
1719915976552.00, 62645, -449654, 1033 
1719915976574.00, 62491, -448298, 1017 
1719915976596.00, 62637, -446938, 1004 
1719915976618.00, 62407, -445573, 1008 
1719915976639.00, 62508, -444218, 1017 
1719915976661.00, 62523, -442852, 1012 
1719915976683.00, 62540, -441498, 1009 
1719915976704.00, 62571, -440134, 983 
1719915976725.00, 62478, -438777, 965 
1719915976747.00, 62559, -437425, 930 
1719915976769.00, 62587, -436063, 951 
1719915976790.00, 62611, -434713, 959 
1719915976812.00, 62701, -433350, 972 
1719915976834.00, 62582, -431994, 987 
1719915976855.00, 35534, -430640, 1005 
1719915976877.00, 19612, -429842, 1060 
1719915976898.00, 9724, -429400, 1059 
1719915976920.00, 4172, -429173, 1071 
1719915976942.00, 857, -429081, 1044 
1719915976964.00, -182, -429065, 952 
1719915976985.00, -1624, -429071, 798 
1719915977006.00, -2506, -429108, 596 
1719915977028.00, -3040, -429168, 454 
1719915977049.00, -3447, -429241, 315 
1719915977071.00, -3608, -429320, 184 
1719915977091.00, -3640, -429408, 38 
1719915977114.00, -3530, -429500, -88 
1719915977135.00, -8674, -429581, -164 
1719915977157.00, -16183, -429768, -242 
1719915977179.00, -25102, -430111, -323 
1719915977200.00, -35546, -430650, -321 
1719915977221.00, -41481, -431432, -549 
1719915977243.00, -52480, -432327, -497 
1719915977265.00, -59012, -433450, -535 
1719915977286.00, -62749, -434743, -531 
1719915977308.00, -62745, -436102, -579 
1719915977330.00, -62706, -437466, -622 
1719915977352.00, -62870, -438830, -727 
1719915977374.00, -62679, -440183, -729 
1719915977395.00, -62555, -441550, -782 
1719915977416.00, -62578, -442900, -773 
1719915977438.00, -62675, -444269, -772 
1719915977460.00, -62681, -445621, -822 
1719915977482.00, -62469, -446971, -838 
1719915977503.00, -62614, -448333, -831 
1719915977525.00, -62619, -449684, -872 
1719915977546.00, -62593, -451056, -939 
1719915977568.00, -62750, -452409, -932 
1719915977590.00, -62436, -453769, -926 
1719915977611.00, -62510, -455120, -890 
1719915977633.00, -62625, -456469, -919 
1719915977654.00, -62602, -457841, -958 
1719915977676.00, -62666, -459191, -952 
1719915977697.00, -62585, -460550, -916 
1719915977719.00, -62708, -461903, -941 
1719915977740.00, -62547, -463257, -976 
1719915977763.00, -62672, -464620, -1010 
1719915977785.00, -62826, -465971, -984 
1719915977808.00, -62518, -467343, -1016 
1719915977828.00, -62702, -468708, -1060 
1719915977849.00, -62606, -470063, -1023 
1719915977871.00, -62586, -471428, -1024 
1719915977893.00, -62713, -472777, -1000 
1719915977919.00, -62716, -474150, -1039 
1719915977936.00, -62713, -475506, -1015 
1719915977958.00, -62639, -476876, -1062 
1719915977980.00, -62586, -478241, -1056 
1719915978001.00, -62597, -479596, -1023 
1719915978028.00, -62683, -480961, -1068 
1719915978045.00, -62513, -482317, -1137 
1719915978067.00, -62487, -483692, -1092 
1719915978088.00, -62460, -485048, -1072 
1719915978110.00, -62608, -486413, -1103 
1719915978135.00, -62486, -487772, -1095 
1719915978153.00, -62644, -489124, -1073 
1719915978175.00, -62601, -490494, -1092 
1719915978197.00, -62565, -491854, -1075 
1719915978218.00, -62582, -493219, -1077 
1719915978244.00, -62580, -494580, -1071 
1719915978262.00, -62565, -495931, -1025 
1719915978284.00, -62593, -497302, -1055 
1719915978305.00, -62698, -498653, -1016 
1719915978327.00, -62747, -500028, -994 
1719915978353.00, -62479, -501381, -1009 
1719915978370.00, -62541, -502742, -1003 
1719915978392.00, -62536, -504106, -983 
1719915978413.00, -62707, -505447, -970 
1719915978435.00, -62644, -506820, -1037 
1719915978458.00, -62756, -508178, -1040 
1719915978479.00, -62509, -509542, -1004 
1719915978500.00, -62613, -510910, -1062 
1719915978522.00, -62634, -512268, -1088 
1719915978544.00, -62495, -513637, -1102 
1719915978571.00, -62634, -514982, -1029 
1719915978588.00, -62481, -516360, -1068 
1719915978610.00, -62371, -517720, -1077 
1719915978631.00, -62489, -519076, -1011 
1719915978653.00, -62563, -520438, -1030 
1719915978675.00, -62428, -521790, -1053 
1719915978697.00, -62385, -523160, -1032 
1719915978718.00, -62567, -524511, -1001 
1719915978740.00, -62503, -525880, -1001 
1719915978762.00, -62531, -527235, -1005 
1719915978783.00, -62481, -528592, -939 
1719915978805.00, -62502, -529952, -953 
1719915978827.00, -62507, -531296, -942 
1719915978848.00, -62618, -532661, -930 
1719915978870.00, -62423, -534016, -915 
1719915978891.00, -62442, -535367, -870 
1719915978913.00, -62648, -536730, -905 
1719915978934.00, -62642, -538074, -910 
1719915978956.00, -62573, -539433, -892 
1719915978978.00, -62522, -540789, -875 
1719915978999.00, -62569, -542154, -865 
1719915979021.00, -62519, -543503, -852 
1719915979043.00, -62557, -544854, -838 
1719915979064.00, -62566, -546216, -878 
1719915979086.00, -62510, -547559, -851 
1719915979107.00, -62620, -548930, -854 
1719915979130.00, -62645, -550287, -881 
1719915979151.00, -62646, -551638, -881 
1719915979172.00, -62715, -553006, -888 
1719915979194.00, -62584, -554351, -913 
1719915979216.00, -62592, -555718, -884 
1719915979238.00, -62647, -557068, -865 
1719915979260.00, -62712, -558426, -886 
1719915979281.00, -62506, -559783, -888 
1719915979302.00, -62598, -561129, -813 
1719915979324.00, -62644, -562487, -764 
1719915979346.00, -62629, -563831, -744 
1719915979367.00, -62506, -565195, -715 
1719915979389.00, -62419, -566551, -694 
1719915979410.00, -62468, -567907, -666 
1719915979432.00, -62554, -569265, -666 
1719915979454.00, -62654, -570605, -647 
1719915979476.00, -62496, -571965, -649 
1719915979498.00, -62576, -573319, -627 
1719915979519.00, -62583, -574684, -618 
1719915979541.00, -62584, -576044, -649 
1719915979562.00, -62651, -577392, -666 
1719915979584.00, -62628, -578754, -690 
1719915979605.00, -62408, -580106, -711 
1719915979627.00, -62490, -581468, -693 
1719915979649.00, -62596, -582825, -699 
1719915979670.00, -62440, -584175, -672 
1719915979692.00, -62647, -585534, -647 
1719915979714.00, -62494, -586878, -626 
1719915979735.00, -62612, -588237, -599 
1719915979757.00, -62570, -589589, -555 
1719915979778.00, -62556, -590945, -534 
1719915979801.00, -62547, -592299, -517 
1719915979821.00, -62558, -593649, -459 
1719915979844.00, -35679, -594991, -439 
1719915979865.00, -19206, -595789, -440 
1719915979887.00, -9782, -596225, -433 
1719915979908.00, -4076, -596447, -428 
1719915979930.00, -754, -596545, -442 
1719915979951.00, 220, -596564, -391 
1719915979973.00, 1514, -596562, -361 
1719915979995.00, 2415, -596534, -291 
1719915980016.00, 3130, -596478, -187 
1719915980038.00, 3499, -596404, -74 
1719915980059.00, 3465, -596321, 43 
1719915980081.00, 5778, -596242, 130 
1719915980103.00, 12355, -596112, 179 
1719915980123.00, 19657, -595845, 235 
1719915980146.00, 27133, -595432, 275 
1719915980167.00, 33890, -594849, 303 
1719915980189.00, 39605, -594121, 337 
1719915980211.00, 44866, -593269, 375 
1719915980233.00, 50294, -592302, 419 
1719915980254.00, 56077, -591215, 425 
1719915980276.00, 59842, -589991, 566 
1719915980297.00, 62984, -588700, 612 
1719915980318.00, 62647, -587331, 644 
1719915980340.00, 62881, -585972, 698 
1719915980362.00, 62687, -584610, 780 
1719915980384.00, 62641, -583249, 822 
1719915980405.00, 62730, -581898, 835 
1719915980431.00, 62593, -580530, 890 
1719915980449.00, 62688, -579178, 912 
1719915980471.00, 62611, -577817, 913 
1719915980491.00, 62695, -576464, 948 
1719915980514.00, 62596, -575107, 1002 
1719915980538.00, 62518, -573736, 1021 
1719915980557.00, 62629, -572379, 1040 
1719915980579.00, 62685, -571013, 1049 
1719915980600.00, 62592, -569654, 1074 
1719915980622.00, 62627, -568289, 1096 
1719915980644.00, 62852, -566923, 1117 
1719915980665.00, 62568, -565562, 1127 
1719915980687.00, 62511, -564194, 1147 
1719915980709.00, 62588, -562836, 1164 
1719915980731.00, 62483, -561473, 1173 
1719915980752.00, 62550, -560111, 1179 
1719915980775.00, 62735, -558756, 1180 
1719915980795.00, 62517, -557390, 1181 
1719915980818.00, 62498, -556042, 1150 
1719915980839.00, 62514, -554680, 1108 
1719915980861.00, 62440, -553317, 1098 
1719915980883.00, 62473, -551962, 1064 
1719915980904.00, 62581, -550600, 1073 
1719915980926.00, 62465, -549243, 1069 
1719915980948.00, 62588, -547872, 1068 
1719915980970.00, 62519, -546518, 1081 
1719915980991.00, 62664, -545148, 1087 
1719915981012.00, 62514, -543791, 1125 
1719915981035.00, 62589, -542434, 1115 
1719915981057.00, 62778, -541061, 1149 
1719915981078.00, 62579, -539705, 1155 
1719915981100.00, 62533, -538343, 1156 
1719915981121.00, 62662, -536983, 1157 
1719915981143.00, 62590, -535619, 1175 
1719915981165.00, 62583, -534252, 1189 
1719915981187.00, 62652, -532893, 1195 
1719915981209.00, 62533, -531523, 1203 
1719915981230.00, 62452, -530164, 1216 
1719915981252.00, 62681, -528799, 1225 
1719915981274.00, 62543, -527434, 1244 
1719915981296.00, 62442, -526080, 1240 
1719915981317.00, 62679, -524710, 1237 
1719915981339.00, 62452, -523354, 1256 
1719915981361.00, 62584, -521989, 1254 
1719915981383.00, 62692, -520627, 1260 
1719915981404.00, 62559, -519271, 1265 
1719915981426.00, 62594, -517907, 1260 
1719915981447.00, 62574, -516547, 1265 
1719915981469.00, 62609, -515174, 1269 
1719915981491.00, 62529, -513815, 1288 
1719915981513.00, 62619, -512454, 1292 
1719915981534.00, 62655, -511087, 1310 
1719915981556.00, 62608, -509733, 1307 
1719915981578.00, 62564, -508366, 1295 
1719915981600.00, 62508, -507011, 1273 
1719915981621.00, 62432, -505644, 1265 
1719915981643.00, 62317, -504286, 1260 
1719915981665.00, 62676, -502928, 1263 
1719915981687.00, 62457, -501564, 1284 
1719915981708.00, 62493, -500207, 1291 
1719915981730.00, 62636, -498835, 1304 
1719915981751.00, 62518, -497481, 1301 
1719915981774.00, 62661, -496112, 1311 
1719915981795.00, 62676, -494750, 1333 
1719915981816.00, 62618, -493400, 1324 
1719915981839.00, 62580, -492028, 1323 
1719915981860.00, 62877, -490670, 1333 
1719915981882.00, 62545, -489300, 1324 
1719915981904.00, 62515, -487942, 1325 
1719915981925.00, 62455, -486581, 1322 
1719915981947.00, 62528, -485220, 1311 
1719915981969.00, 62521, -483860, 1308 
1719915981991.00, 62597, -482495, 1276 
1719915982013.00, 62400, -481140, 1249 
1719915982034.00, 62304, -479776, 1230 
1719915982056.00, 62423, -478419, 1204 
1719915982079.00, 62505, -477066, 1187 
1719915982100.00, 62422, -475703, 1157 
1719915982121.00, 62521, -474345, 1156 
1719915982142.00, 62585, -472980, 1159 
1719915982165.00, 62771, -471620, 1156 
1719915982190.00, 62474, -470257, 1162 
1719915982208.00, 62649, -468896, 1165 
1719915982230.00, 62506, -467534, 1166 
1719915982252.00, 62551, -466168, 1151 
1719915982273.00, 62718, -464812, 1158 
1719915982296.00, 62463, -463440, 1141 
1719915982317.00, 62584, -462082, 1143 
1719915982338.00, 62805, -460732, 1129 
1719915982359.00, 62601, -459363, 1123 
1719915982382.00, 62493, -458008, 1111 
1719915982405.00, 62590, -456644, 1062 
1719915982425.00, 62516, -455283, 1049 
1719915982447.00, 62548, -453926, 1017 
1719915982468.00, 62707, -452567, 990 
1719915982490.00, 62509, -451212, 967 
1719915982512.00, 62673, -449850, 956 
1719915982533.00, 62621, -448501, 940 
1719915982555.00, 62626, -447145, 922 
1719915982577.00, 62563, -445790, 896 
1719915982598.00, 62549, -444440, 896 
1719915982622.00, 62820, -443078, 880 
1719915982641.00, 62511, -441725, 872 
1719915982663.00, 62648, -440373, 864 
1719915982685.00, 62560, -439013, 870 
1719915982707.00, 62538, -437658, 846 
1719915982730.00, 62635, -436303, 825 
1719915982750.00, 62495, -434952, 802 
1719915982771.00, 62548, -433593, 752 
1719915982793.00, 62510, -432243, 734 
1719915982815.00, 35541, -430896, 711 
1719915982837.00, 19821, -430101, 711 
1719915982858.00, 10360, -429661, 732 
1719915982880.00, 4471, -429433, 731 
1719915982901.00, 1046, -429328, 724 
1719915982922.00, -139, -429306, 642 
1719915982944.00, -1492, -429311, 530 
1719915982965.00, -2458, -429343, 407 
1719915982986.00, -3211, -429399, 281 
1719915983008.00, -3610, -429478, 113 
1719915983029.00, -3775, -429570, -44 
1719915983051.00, -6286, -429661, -210 
1719915983072.00, -17231, -429805, -346 
1719915983094.00, -32199, -430176, -419 
1719915983116.00, -45661, -430877, -646 
1719915983138.00, -55236, -431860, -674 
1719915983160.00, -60886, -433046, -752 
1719915983181.00, -62842, -434378, -816 
1719915983203.00, -62621, -435742, -833 
1719915983225.00, -62743, -437099, -847 
1719915983245.00, -62514, -438468, -916 
1719915983270.00, -62567, -439809, -879 
1719915983290.00, -62598, -441175, -871 
1719915983311.00, -62625, -442532, -908 
1719915983333.00, -62512, -443890, -931 
1719915983353.00, -62790, -445251, -886 
1719915983375.00, -62593, -446599, -920 
1719915983398.00, -62503, -447960, -935 
1719915983419.00, -62624, -449304, -891 
1719915983440.00, -62676, -450668, -866 
1719915983463.00, -62480, -452034, -885 
1719915983484.00, -62530, -453384, -895 
1719915983506.00, -62757, -454747, -854 
1719915983527.00, -62582, -456088, -848 
1719915983549.00, -62607, -457453, -894 
1719915983570.00, -62643, -458813, -874 
1719915983592.00, -62579, -460166, -863 
1719915983614.00, -62438, -461532, -868 
1719915983635.00, -62456, -462876, -843 
1719915983657.00, -62493, -464234, -850 
1719915983679.00, -62446, -465582, -875 
1719915983701.00, -62529, -466943, -847 
1719915983722.00, -62533, -468304, -844 
1719915983743.00, -62590, -469653, -850 
1719915983766.00, -62684, -471021, -873 
1719915983787.00, -62680, -472364, -866 
1719915983809.00, -62657, -473721, -873 
1719915983830.00, -62575, -475081, -891 
1719915983851.00, -62424, -476443, -885 
1719915983874.00, -62400, -477801, -860 
1719915983895.00, -62608, -479147, -838 
1719915983917.00, -62596, -480508, -888 
1719915983939.00, -62589, -481851, -879 
1719915983960.00, -62644, -483213, -832 
1719915983982.00, -62663, -484585, -904 
1719915984004.00, -62531, -485930, -916 
1719915984025.00, -62593, -487296, -901 
1719915984046.00, -62552, -488637, -870 
1719915984068.00, -62426, -490000, -911 
1719915984090.00, -62451, -491360, -902 
1719915984111.00, -62558, -492709, -815 
1719915984133.00, -62526, -494069, -794 
1719915984158.00, -62495, -495417, -795 
1719915984177.00, -62560, -496774, -756 
1719915984198.00, -62635, -498119, -752 
1719915984220.00, -62492, -499485, -783 
1719915984241.00, -62471, -500846, -796 
1719915984263.00, -62453, -502193, -755 
1719915984285.00, -62592, -503562, -789 
1719915984307.00, -62596, -504906, -816 
1719915984328.00, -62620, -506265, -815 
1719915984349.00, -62663, -507624, -792 
1719915984371.00, -62590, -508980, -797 
1719915984392.00, -62566, -510345, -843 
1719915984414.00, -62618, -511694, -811 
1719915984436.00, -62763, -513051, -781 
1719915984458.00, -62523, -514400, -813 
1719915984479.00, -62439, -515761, -781 
1719915984500.00, -62475, -517123, -753 
1719915984523.00, -62674, -518465, -708 
1719915984545.00, -62577, -519836, -728 
1719915984566.00, -62558, -521177, -712 
1719915984591.00, -62594, -522537, -688 
1719915984610.00, -62655, -523891, -681 
1719915984631.00, -62618, -525254, -700 
1719915984653.00, -62544, -526614, -715 
1719915984674.00, -62680, -527959, -686 
1719915984698.00, -62607, -529322, -701 
1719915984718.00, -62583, -530673, -743 
1719915984739.00, -62573, -532033, -736 
1719915984761.00, -62556, -533402, -727 
1719915984783.00, -62444, -534749, -734 
1719915984805.00, -62477, -536115, -771 
1719915984825.00, -62575, -537462, -749 
1719915984847.00, -62539, -538811, -714 
1719915984869.00, -62627, -540168, -745 
1719915984891.00, -62548, -541523, -722 
1719915984912.00, -62560, -542888, -688 
1719915984934.00, -62621, -544233, -649 
1719915984955.00, -62678, -545590, -672 
1719915984977.00, -62460, -546938, -674 
1719915984998.00, -62571, -548294, -627 
1719915985020.00, -62601, -549656, -631 
1719915985041.00, -62609, -551012, -647 
1719915985064.00, -62526, -552371, -629 
1719915985085.00, -62489, -553717, -608 
1719915985107.00, -62632, -555074, -625 
1719915985132.00, -62577, -556433, -643 
1719915985150.00, -62490, -557782, -607 
1719915985172.00, -62594, -559148, -615 
1719915985194.00, -62607, -560499, -647 
1719915985215.00, -62620, -561857, -644 
1719915985237.00, -62604, -563205, -647 
1719915985258.00, -62728, -564564, -695 
1719915985280.00, -62504, -565936, -723 
1719915985302.00, -62615, -567280, -664 
1719915985323.00, -62607, -568638, -659 
1719915985345.00, -62597, -569988, -668 
1719915985366.00, -62756, -571335, -622 
1719915985388.00, -62558, -572700, -602 
1719915985410.00, -62440, -574055, -595 
1719915985431.00, -62558, -575410, -575 
1719915985453.00, -62546, -576756, -520 
1719915985474.00, -62435, -578109, -492 
1719915985496.00, -62753, -579456, -494 
1719915985518.00, -62528, -580806, -439 
1719915985540.00, -62006, -582171, -425 
1719915985561.00, -61018, -583508, -427 
1719915985582.00, -60402, -584830, -406 
1719915985604.00, -58711, -586135, -371 
1719915985626.00, -55657, -587402, -355 
1719915985648.00, -52932, -588614, -374 
1719915985669.00, -52310, -589758, -357 
1719915985690.00, -51186, -590893, -339 
1719915985712.00, -49283, -592003, -365 
1719915985734.00, -49741, -593069, -366 
1719915985756.00, -28000, -594143, -360 
1719915985777.00, -14890, -594782, -417 
1719915985799.00, -6978, -595127, -427 
1719915985820.00, -2634, -595296, -469 
1719915985842.00, 0, -595362, -521 
1719915985863.00, 853, -595370, -486 
1719915985885.00, 415, -595359, -439 
1719915985906.00, 371, -595350, -369 
1719915985927.00, 425, -595337, -283 
1719915985949.00, 528, -595321, -148 
1719915985971.00, 593, -595299, 3 
1719915985992.00, 605, -595274, 148 
1719915986014.00, 9711, -595243, 283 
1719915986035.00, 23054, -595042, 395 
1719915986057.00, 37830, -594559, 425 
1719915986079.00, 48251, -593749, 611 
1719915986100.00, 55680, -592711, 674 
1719915986123.00, 59942, -591509, 681 
1719915986143.00, 62541, -590204, 731 
1719915986165.00, 62735, -588852, 796 
1719915986187.00, 62762, -587486, 830 
1719915986208.00, 62670, -586130, 868 
1719915986234.00, 62605, -584768, 911 
1719915986252.00, 62597, -583408, 937 
1719915986274.00, 62505, -582054, 954 
1719915986295.00, 62706, -580689, 967 
1719915986317.00, 62442, -579339, 1006 
1719915986338.00, 62526, -577970, 1056 
1719915986361.00, 62654, -576610, 1071 
1719915986382.00, 62559, -575257, 1069 
1719915986403.00, 62671, -573885, 1107 
1719915986426.00, 62726, -572526, 1137 
1719915986448.00, 62648, -571158, 1139 
1719915986469.00, 62587, -569800, 1148 
1719915986491.00, 62782, -568436, 1165 
1719915986512.00, 62487, -567067, 1179 
1719915986534.00, 62480, -565708, 1191 
1719915986556.00, 62497, -564343, 1198 
1719915986578.00, 62532, -562987, 1212 
1719915986599.00, 62555, -561621, 1210 
1719915986620.00, 62647, -560262, 1220 
1719915986643.00, 62504, -558901, 1229 
1719915986665.00, 62431, -557534, 1241 
1719915986686.00, 62475, -556179, 1259 
1719915986708.00, 62646, -554817, 1260 
1719915986730.00, 62394, -553451, 1277 
1719915986751.00, 62435, -552097, 1278 
1719915986774.00, 62540, -550729, 1284 
1719915986795.00, 62647, -549372, 1290 
1719915986817.00, 62581, -548006, 1286 
1719915986838.00, 62699, -546644, 1289 
1719915986860.00, 62521, -545284, 1284 
1719915986881.00, 62575, -543921, 1292 
1719915986904.00, 62815, -542562, 1293 
1719915986925.00, 62501, -541193, 1292 
1719915986946.00, 62474, -539840, 1290 
1719915986968.00, 62691, -538475, 1291 
1719915986992.00, 62503, -537118, 1298 
1719915987013.00, 62512, -535758, 1281 
1719915987034.00, 62634, -534390, 1289 
1719915987056.00, 62597, -533033, 1284 
1719915987078.00, 62630, -531666, 1275 
1719915987100.00, 62779, -530305, 1274 
1719915987121.00, 62516, -528944, 1275 
1719915987142.00, 62535, -527579, 1281 
1719915987164.00, 62629, -526227, 1277 
1719915987185.00, 62644, -524852, 1276 
1719915987208.00, 62566, -523500, 1281 
1719915987229.00, 62525, -522133, 1276 
1719915987251.00, 62593, -520769, 1272 
1719915987273.00, 62563, -519416, 1268 
1719915987295.00, 62504, -518051, 1260 
1719915987316.00, 62822, -516692, 1246 
1719915987338.00, 62480, -515320, 1234 
1719915987360.00, 62571, -513964, 1222 
1719915987382.00, 62762, -512605, 1208 
1719915987403.00, 62562, -511245, 1196 
1719915987425.00, 62421, -509884, 1191 
1719915987446.00, 62581, -508518, 1168 
1719915987469.00, 62663, -507166, 1170 
1719915987490.00, 62589, -505800, 1164 
1719915987512.00, 62769, -504435, 1163 
1719915987533.00, 62539, -503081, 1153 
1719915987555.00, 62733, -501716, 1153 
1719915987577.00, 62714, -500355, 1149 
1719915987599.00, 62639, -498983, 1150 
1719915987621.00, 62535, -497626, 1168 
1719915987642.00, 62526, -496262, 1178 
1719915987664.00, 62641, -494899, 1164 
1719915987685.00, 62572, -493550, 1157 
1719915987707.00, 62632, -492177, 1140 
1719915987729.00, 62632, -490816, 1128 
1719915987751.00, 62497, -489454, 1112 
1719915987773.00, 62617, -488095, 1104 
1719915987795.00, 62733, -486739, 1091 
1719915987816.00, 62580, -485374, 1082 
1719915987838.00, 62607, -484013, 1087 
1719915987859.00, 62697, -482641, 1072 
1719915987881.00, 62593, -481283, 1059 
1719915987903.00, 62467, -479918, 1062 
1719915987925.00, 62561, -478558, 1059 
1719915987946.00, 62538, -477203, 1084 
1719915987967.00, 62679, -475834, 1096 
1719915987989.00, 62792, -474477, 1118 
1719915988011.00, 62638, -473107, 1135 
1719915988033.00, 62651, -471745, 1135 
1719915988055.00, 62531, -470388, 1132 
1719915988076.00, 62561, -469023, 1123 
1719915988098.00, 62469, -467669, 1108 
1719915988120.00, 62544, -466299, 1086 
1719915988142.00, 62445, -464944, 1056 
1719915988164.00, 62302, -463581, 1027 
1719915988185.00, 62423, -462224, 1000 
1719915988209.00, 62411, -460879, 961 
1719915988228.00, 62478, -459517, 914 
1719915988250.00, 62477, -458169, 898 
1719915988272.00, 62635, -456811, 882 
1719915988294.00, 62640, -455452, 872 
1719915988317.00, 62540, -454106, 866 
1719915988336.00, 62653, -452743, 877 
1719915988358.00, 62591, -451387, 880 
1719915988380.00, 62625, -450023, 890 
1719915988402.00, 62561, -448668, 889 
1719915988423.00, 62484, -447314, 887 
1719915988445.00, 62430, -445958, 863 
1719915988467.00, 62674, -444615, 843 
1719915988488.00, 62475, -443253, 817 
1719915988510.00, 62470, -441901, 805 
1719915988532.00, 62467, -440550, 763 
1719915988553.00, 62582, -439190, 739 
1719915988575.00, 62630, -437840, 712 
1719915988597.00, 62628, -436484, 691 
1719915988618.00, 62556, -435132, 672 
1719915988641.00, 62672, -433769, 654 
1719915988661.00, 62645, -432416, 648 
1719915988683.00, 35442, -431071, 630 
1719915988704.00, 19304, -430272, 651 
1719915988726.00, 9934, -429833, 685 
1719915988748.00, 4219, -429607, 733 
1719915988769.00, 872, -429510, 748 
1719915988790.00, -150, -429488, 687 
1719915988812.00, -1566, -429491, 589 
1719915988833.00, -2392, -429523, 467 
1719915988855.00, -3072, -429579, 357 
1719915988876.00, -3475, -429649, 241 
1719915988898.00, -3622, -429731, 110 
1719915988919.00, -3656, -429825, -35 
1719915988941.00, -5427, -429908, -144 
1719915988962.00, -13028, -430028, -194 
1719915988984.00, -20450, -430311, -300 
1719915989006.00, -31211, -430751, -355 
1719915989028.00, -40754, -431432, -424 
1719915989049.00, -50637, -432314, -481 
1719915989075.00, -58001, -433401, -501 
1719915989092.00, -62181, -434669, -521 
1719915989114.00, -62838, -436017, -537 
1719915989136.00, -62598, -437376, -553 
1719915989157.00, -62543, -438736, -572 
1719915989180.00, -62556, -440089, -580 
1719915989201.00, -62728, -441453, -601 
1719915989222.00, -62709, -442806, -625 
1719915989244.00, -62749, -444170, -647 
1719915989265.00, -62588, -445530, -702 
1719915989288.00, -62622, -446879, -696 
1719915989309.00, -62644, -448241, -725 
1719915989330.00, -62546, -449587, -731 
1719915989351.00, -62706, -450957, -724 
1719915989374.00, -62528, -452314, -739 
1719915989396.00, -62651, -453667, -713 
1719915989417.00, -62619, -455028, -738 
1719915989439.00, -62602, -456377, -774 
1719915989460.00, -62585, -457743, -766 
1719915989481.00, -62640, -459097, -792 
1719915989508.00, -62723, -460459, -815 
1719915989525.00, -62592, -461814, -860 
1719915989546.00, -62676, -463161, -850 
1719915989568.00, -62742, -464531, -882 
1719915989590.00, -62592, -465877, -916 
1719915989611.00, -62643, -467242, -880 
1719915989633.00, -62647, -468599, -851 
1719915989655.00, -62472, -469952, -852 
1719915989676.00, -62498, -471319, -878 
1719915989698.00, -62689, -472656, -838 
1719915989720.00, -62584, -474018, -825 
1719915989741.00, -62740, -475377, -859 
1719915989763.00, -62517, -476738, -867 
1719915989784.00, -62618, -478094, -858 
1719915989806.00, -62626, -479448, -880 
1719915989828.00, -62647, -480811, -901 
1719915989850.00, -62482, -482152, -889 
1719915989871.00, -62606, -483518, -866 
1719915989893.00, -62642, -484881, -902 
1719915989914.00, -62611, -486235, -890 
1719915989936.00, -62508, -487592, -869 
1719915989958.00, -62444, -488937, -836 
1719915989979.00, -62577, -490307, -861 
1719915990001.00, -62551, -491657, -890 
1719915990022.00, -62567, -493017, -891 
1719915990045.00, -62541, -494379, -933 
1719915990066.00, -62470, -495727, -934 
1719915990088.00, -62627, -497090, -937 
1719915990109.00, -62564, -498435, -940 
1719915990131.00, -62614, -499803, -942 
1719915990152.00, -62647, -501161, -933 
1719915990175.00, -62605, -502510, -924 
1719915990196.00, -62628, -503879, -927 
1719915990217.00, -62594, -505223, -939 
1719915990238.00, -62725, -506589, -947 
1719915990261.00, -62584, -507941, -962 
1719915990284.00, -62654, -509303, -984 
1719915990303.00, -62665, -510665, -986 
1719915990326.00, -62556, -512014, -955 
1719915990347.00, -62510, -513377, -981 
1719915990369.00, -62514, -514721, -961 
1719915990391.00, -62489, -516082, -945 
1719915990411.00, -62509, -517448, -971 
1719915990433.00, -62584, -518795, -948 
1719915990455.00, -62512, -520156, -972 
1719915990477.00, -62644, -521499, -956 
1719915990499.00, -62683, -522866, -958 
1719915990520.00, -62535, -524222, -995 
1719915990542.00, -62537, -525577, -966 
1719915990564.00, -62635, -526939, -954 
1719915990585.00, -62483, -528284, -970 
1719915990609.00, -62401, -529650, -983 
1719915990629.00, -62552, -530990, -920 
1719915990650.00, -62538, -532355, -923 
1719915990671.00, -62601, -533717, -974 
1719915990694.00, -62520, -535065, -922 
1719915990718.00, -62575, -536428, -879 
1719915990736.00, -62557, -537770, -894 
1719915990758.00, -62622, -539130, -890 
1719915990779.00, -62563, -540485, -855 
1719915990801.00, -62550, -541842, -848 
1719915990826.00, -62575, -543206, -892 
1719915990845.00, -62657, -544552, -845 
1719915990866.00, -62559, -545913, -850 
1719915990888.00, -62597, -547257, -880 
1719915990910.00, -62599, -548627, -878 
1719915990934.00, -62572, -549985, -872 
1719915990953.00, -62513, -551336, -870 
1719915990975.00, -62470, -552705, -868 
1719915990997.00, -62440, -554048, -834 
1719915991018.00, -62621, -555398, -790 
1719915991042.00, -62562, -556758, -810 
1719915991061.00, -62598, -558114, -802 
1719915991083.00, -62587, -559472, -796 
1719915991105.00, -62662, -560824, -773 
1719915991126.00, -62576, -562185, -815 
1719915991153.00, -62621, -563534, -837 
1719915991169.00, -62761, -564894, -827 
1719915991191.00, -62480, -566260, -844 
1719915991212.00, -62597, -567610, -834 
1719915991234.00, -62561, -568978, -852 
1719915991259.00, -62523, -570321, -829 
1719915991278.00, -62506, -571669, -775 
1719915991299.00, -62457, -573028, -767 
1719915991323.00, -62519, -574387, -748 
1719915991343.00, -62505, -575739, -737 
1719915991369.00, -62604, -577091, -705 
1719915991386.00, -62573, -578446, -720 
1719915991408.00, -62603, -579791, -700 
1719915991429.00, -62578, -581150, -670 
1719915991450.00, -62544, -582514, -695 
1719915991473.00, -62646, -583865, -688 
1719915991494.00, -62696, -585229, -710 
1719915991516.00, -62429, -586581, -734 
1719915991537.00, -62431, -587933, -722 
1719915991559.00, -62613, -589290, -712 
1719915991581.00, -62509, -590647, -759 
1719915991602.00, -62485, -592004, -732 
1719915991623.00, -62487, -593345, -662 
1719915991644.00, -35592, -594692, -663 
1719915991667.00, -19361, -595494, -667 
1719915991688.00, -9973, -595925, -618 
1719915991711.00, -4293, -596153, -644 
1719915991731.00, -808, -596250, -664 
1719915991753.00, 295, -596269, -590 
1719915991775.00, 1479, -596265, -496 
1719915991797.00, 2570, -596235, -412 
1719915991818.00, 3089, -596180, -291 
1719915991840.00, 3375, -596104, -137 
1719915991861.00, 3431, -596022, -1 
1719915991882.00, 3345, -595939, 98 
1719915991903.00, 9305, -595858, 179 
1719915991929.00, 17842, -595662, 246 
1719915991947.00, 26675, -595282, 331 
1719915991969.00, 37086, -594709, 396 
1719915991991.00, 46973, -593917, 426 
1719915992012.00, 54483, -592902, 494 
1719915992035.00, 60519, -591720, 609 
1719915992056.00, 62937, -590403, 623 
1719915992077.00, 62826, -589048, 695 
1719915992098.00, 62654, -587684, 777 
1719915992121.00, 62638, -586318, 808 
1719915992146.00, 62777, -584968, 820 
1719915992164.00, 62677, -583608, 852 
1719915992186.00, 62468, -582247, 934 
1719915992207.00, 62587, -580891, 926 
1719915992229.00, 62652, -579532, 970 
1719915992251.00, 62767, -578171, 1003 
1719915992272.00, 62587, -576808, 1011 
1719915992294.00, 62680, -575457, 1016 
1719915992316.00, 62540, -574086, 1023 
1719915992338.00, 62590, -572728, 1032 
1719915992360.00, 62585, -571363, 1033 
1719915992380.00, 62665, -569998, 1047 
1719915992402.00, 62570, -568644, 1059 
1719915992424.00, 62458, -567274, 1078 
1719915992445.00, 62672, -565917, 1093 
1719915992468.00, 62715, -564548, 1079 
1719915992489.00, 62574, -563189, 1111 
1719915992511.00, 62603, -561826, 1110 
1719915992532.00, 62700, -560461, 1124 
1719915992554.00, 62590, -559107, 1127 
1719915992579.00, 62637, -557737, 1135 
1719915992598.00, 62682, -556379, 1164 
1719915992620.00, 62550, -555018, 1178 
1719915992642.00, 62538, -553653, 1173 
1719915992663.00, 62866, -552296, 1190 
1719915992684.00, 62580, -550925, 1193 
1719915992706.00, 62630, -549568, 1203 
1719915992728.00, 62749, -548201, 1191 
1719915992750.00, 62597, -546838, 1216 
1719915992772.00, 62564, -545483, 1223 
1719915992794.00, 62720, -544118, 1220 
1719915992815.00, 62432, -542762, 1221 
1719915992837.00, 62670, -541391, 1214 
1719915992859.00, 62527, -540029, 1240 
1719915992880.00, 62608, -538676, 1227 
1719915992903.00, 62522, -537308, 1226 
1719915992924.00, 62512, -535953, 1233 
1719915992945.00, 62616, -534591, 1218 
1719915992967.00, 62466, -533230, 1216 
1719915992989.00, 62453, -531861, 1200 
1719915993015.00, 62646, -530502, 1195 
1719915993032.00, 62567, -529144, 1192 
1719915993054.00, 62519, -527777, 1188 
1719915993075.00, 62580, -526429, 1182 
1719915993098.00, 62459, -525061, 1155 
1719915993120.00, 62432, -523699, 1174 
1719915993140.00, 62650, -522341, 1145 
1719915993163.00, 62505, -520979, 1135 
1719915993184.00, 62509, -519626, 1119 
1719915993206.00, 62593, -518263, 1114 
1719915993228.00, 62343, -516905, 1097 
1719915993250.00, 62485, -515533, 1067 
1719915993271.00, 62584, -514178, 1051 
1719915993292.00, 62505, -512824, 1037 
1719915993314.00, 62586, -511459, 1027 
1719915993336.00, 62610, -510108, 1017 
1719915993358.00, 62477, -508735, 1011 
1719915993380.00, 62414, -507382, 1000 
1719915993402.00, 62315, -506020, 999 
1719915993423.00, 62477, -504659, 989 
1719915993448.00, 62561, -503318, 970 
1719915993466.00, 62638, -501959, 948 
1719915993488.00, 62463, -500603, 933 
1719915993510.00, 62412, -499239, 918 
1719915993532.00, 62486, -497886, 917 
1719915993556.00, 62545, -496535, 903 
1719915993575.00, 62596, -495178, 903 
1719915993596.00, 62655, -493830, 914 
1719915993618.00, 62658, -492463, 908 
1719915993640.00, 62630, -491105, 923 
1719915993665.00, 62526, -489754, 926 
1719915993683.00, 62538, -488391, 925 
1719915993705.00, 62567, -487044, 920 
1719915993726.00, 62600, -485685, 929 
1719915993748.00, 62658, -484325, 929 
1719915993769.00, 62611, -482966, 921 
1719915993791.00, 62656, -481608, 930 
1719915993812.00, 62696, -480257, 933 
1719915993834.00, 62616, -478893, 929 
1719915993856.00, 62552, -477548, 920 
1719915993878.00, 62619, -476181, 903 
1719915993899.00, 62511, -474829, 859 
1719915993921.00, 62443, -473476, 821 
1719915993942.00, 62521, -472118, 795 
1719915993964.00, 62491, -470773, 776 
1719915993988.00, 62593, -469413, 751 
1719915994007.00, 62656, -468058, 743 
1719915994029.00, 62616, -466698, 737 
1719915994051.00, 62638, -465341, 730 
1719915994073.00, 62636, -463986, 726 
1719915994094.00, 62706, -462629, 723 
1719915994116.00, 62553, -461275, 726 
1719915994137.00, 62563, -459917, 710 
1719915994159.00, 62405, -458560, 707 
1719915994181.00, 62628, -457210, 699 
1719915994202.00, 62484, -455853, 681 
1719915994224.00, 62447, -454503, 669 
1719915994245.00, 62580, -453146, 632 
1719915994267.00, 62674, -451791, 597 
1719915994289.00, 62391, -450435, 573 
1719915994310.00, 62583, -449080, 569 
1719915994332.00, 62494, -447733, 564 
1719915994354.00, 62469, -446369, 551 
1719915994376.00, 62488, -445021, 546 
1719915994397.00, 62518, -443659, 530 
1719915994419.00, 62418, -442309, 523 
1719915994440.00, 62512, -440960, 502 
1719915994462.00, 62792, -439605, 489 
1719915994483.00, 62517, -438252, 504 
1719915994505.00, 62546, -436888, 492 
1719915994527.00, 62561, -435540, 485 
1719915994552.00, 62534, -434179, 472 
1719915994570.00, 62454, -432825, 454 
1719915994591.00, 62552, -431475, 457 
1719915994613.00, 35773, -430121, 452 
1719915994634.00, 19647, -429332, 488 
1719915994661.00, 10022, -428890, 503 
1719915994677.00, 4356, -428662, 511 
1719915994699.00, 992, -428561, 511 
1719915994721.00, -171, -428536, 480 
1719915994742.00, -1479, -428540, 423 
1719915994764.00, -2337, -428569, 353 
1719915994785.00, -2962, -428625, 264 
1719915994806.00, -3298, -428696, 144 
1719915994828.00, -3357, -428781, -3 
1719915994849.00, -3262, -428867, -128 
1719915994871.00, -10999, -428947, -219 
1719915994893.00, -20887, -429181, -303 
1719915994914.00, -32163, -429619, -344 
1719915994936.00, -40858, -430310, -531 
1719915994958.00, -52456, -431190, -475 
1719915994984.00, -59172, -432317, -502 
1719915995001.00, -62945, -433595, -531 
1719915995023.00, -62743, -434974, -552 
1719915995044.00, -62662, -436320, -541 
1719915995066.00, -62753, -437682, -560 
1719915995087.00, -62717, -439040, -596 
1719915995109.00, -62665, -440394, -631 
1719915995131.00, -62764, -441759, -650 
1719915995152.00, -62542, -443114, -692 
1719915995173.00, -62590, -444478, -711 
1719915995195.00, -62663, -445827, -701 
1719915995218.00, -62682, -447182, -691 
1719915995239.00, -62629, -448540, -713 
1719915995260.00, -62487, -449892, -741 
1719915995282.00, -62550, -451262, -736 
1719915995304.00, -62722, -452611, -712 
1719915995325.00, -62686, -453973, -734 
1719915995347.00, -62605, -455326, -739 
1719915995369.00, -62761, -456677, -766 
1719915995390.00, -62611, -458049, -784 
1719915995416.00, -62578, -459397, -782 
1719915995433.00, -62588, -460762, -789 
1719915995455.00, -62611, -462111, -785 
1719915995477.00, -62462, -463461, -813 
1719915995498.00, -62406, -464825, -839 
1719915995523.00, -62566, -466174, -810 
1719915995542.00, -62593, -467545, -848 
1719915995564.00, -62620, -468894, -883 
1719915995585.00, -62578, -470254, -855 
1719915995607.00, -62634, -471610, -861 
1719915995628.00, -62545, -472958, -840 
1719915995650.00, -62612, -474320, -829 
1719915995672.00, -62452, -475670, -811 
1719915995693.00, -62503, -477037, -792 
1719915995715.00, -62583, -478385, -795 
1719915995736.00, -62760, -479743, -802 
1719915995758.00, -62627, -481099, -847 
1719915995780.00, -62674, -482451, -869 
1719915995802.00, -62628, -483826, -903 
1719915995823.00, -62567, -485177, -890 
1719915995845.00, -62544, -486533, -869 
1719915995867.00, -62503, -487891, -868 
1719915995887.00, -62410, -489236, -863 
1719915995910.00, -62540, -490601, -852 
1719915995931.00, -62532, -491950, -806 
1719915995953.00, -62628, -493315, -822 
1719915995975.00, -62649, -494666, -841 
1719915995996.00, -62653, -496014, -797 
1719915996018.00, -62628, -497373, -793 
1719915996040.00, -62576, -498727, -802 
1719915996061.00, -62687, -500094, -780 
1719915996083.00, -62662, -501442, -731 
1719915996105.00, -62672, -502802, -737 
1719915996126.00, -62635, -504164, -799 
1719915996148.00, -62561, -505507, -771 
1719915996169.00, -62620, -506880, -767 
1719915996191.00, -62552, -508234, -824 
1719915996212.00, -62568, -509597, -833 
1719915996235.00, -62690, -510944, -804 
1719915996256.00, -62597, -512302, -803 
1719915996278.00, -62604, -513661, -827 
1719915996299.00, -62758, -515007, -834 
1719915996321.00, -62666, -516381, -860 
1719915996343.00, -62569, -517735, -872 
1719915996364.00, -62598, -519090, -856 
1719915996385.00, -62577, -520450, -878 
1719915996407.00, -62517, -521795, -856 
1719915996429.00, -62407, -523163, -860 
1719915996451.00, -62538, -524510, -872 
1719915996472.00, -62504, -525873, -879 
1719915996494.00, -62582, -527231, -876 
1719915996515.00, -62544, -528576, -860 
1719915996537.00, -62573, -529938, -879 
1719915996559.00, -62561, -531284, -876 
1719915996582.00, -62597, -532655, -873 
1719915996602.00, -62476, -534010, -869 
1719915996624.00, -62496, -535361, -838 
1719915996645.00, -62526, -536720, -828 
1719915996667.00, -62574, -538062, -779 
1719915996689.00, -62551, -539423, -773 
1719915996711.00, -62537, -540774, -750 
1719915996732.00, -62571, -542136, -722 
1719915996754.00, -62605, -543494, -731 
1719915996776.00, -62549, -544844, -743 
1719915996797.00, -62500, -546206, -754 
1719915996819.00, -62541, -547554, -774 
1719915996841.00, -62627, -548922, -800 
1719915996862.00, -62505, -550280, -817 
1719915996884.00, -62639, -551631, -799 
1719915996905.00, -62708, -552999, -847 
1719915996927.00, -62558, -554348, -836 
1719915996953.00, -62581, -555706, -797 
1719915996970.00, -62694, -557056, -764 
1719915996991.00, -62736, -558411, -778 
1719915997013.00, -62544, -559774, -786 
1719915997035.00, -62632, -561120, -754 
1719915997058.00, -62641, -562483, -805 
1719915997078.00, -62582, -563831, -842 
1719915997100.00, -62587, -565193, -784 
1719915997122.00, -62604, -566553, -796 
1719915997143.00, -62518, -567912, -840 
1719915997165.00, -62606, -569270, -843 
1719915997186.00, -62674, -570612, -813 
1719915997208.00, -62610, -571970, -848 
1719915997230.00, -62564, -573332, -873 
1719915997251.00, -62578, -574690, -854 
1719915997273.00, -62550, -576052, -891 
1719915997295.00, -62617, -577394, -878 
1719915997316.00, -62564, -578758, -868 
1719915997338.00, -62538, -580106, -868 
1719915997360.00, -62439, -581467, -867 
1719915997385.00, -62497, -582824, -850 
1719915997403.00, -62475, -584166, -787 
1719915997424.00, -62473, -585529, -798 
1719915997446.00, -62428, -586874, -796 
1719915997468.00, -62515, -588227, -738 
1719915997491.00, -62532, -589582, -739 
1719915997511.00, -62599, -590936, -728 
1719915997532.00, -62411, -592285, -689 
1719915997554.00, -62485, -593635, -626 
1719915997575.00, -35529, -594976, -582 
1719915997598.00, -19223, -595775, -597 
1719915997619.00, -9528, -596209, -558 
1719915997640.00, -3883, -596428, -550 
1719915997662.00, -650, -596521, -537 
1719915997683.00, 213, -596541, -530 
1719915997705.00, 1420, -596539, -495 
1719915997727.00, 2372, -596513, -423 
1719915997749.00, 2890, -596462, -335 
1719915997770.00, 3208, -596397, -301 
1719915997791.00, 3070, -596325, -250 
1719915997814.00, 3194, -596249, -165 
1719915997835.00, 3199, -596179, -88 
1719915997856.00, 3060, -596107, -15 
1719915997877.00, 2993, -596036, 44 
1719915997899.00, 5445, -595967, 96 
1719915997921.00, 10115, -595848, 139 
1719915997943.00, 15622, -595626, 186 
1719915997964.00, 21774, -595289, 251 
1719915997986.00, 29320, -594822, 313 
1719915998008.00, 36987, -594196, 366 
1719915998029.00, 44806, -593395, 407 
1719915998051.00, 52154, -592426, 443 
1719915998073.00, 58539, -591293, 576 
1719915998094.00, 62593, -590023, 589 
1719915998115.00, 62806, -588672, 648 
1719915998137.00, 62697, -587307, 715 
1719915998159.00, 62692, -585940, 778 
1719915998180.00, 62679, -584584, 815 
1719915998202.00, 62655, -583226, 825 
1719915998223.00, 62650, -581868, 855 
1719915998246.00, 62639, -580504, 902 
1719915998267.00, 62786, -579152, 938 
1719915998288.00, 62599, -577787, 966 
1719915998311.00, 62676, -576433, 1010 
1719915998332.00, 62681, -575068, 1041 
1719915998353.00, 62669, -573701, 1043 
1719915998376.00, 62609, -572337, 1088 
1719915998397.00, 62722, -570980, 1071 
1719915998419.00, 62479, -569616, 1093 
1719915998441.00, 62465, -568252, 1101 
1719915998462.00, 62606, -566890, 1104 
1719915998484.00, 62619, -565531, 1127 
1719915998506.00, 62575, -564164, 1143 
1719915998528.00, 62635, -562808, 1170 
1719915998549.00, 62595, -561438, 1178 
1719915998571.00, 62547, -560076, 1201 
1719915998593.00, 62780, -558717, 1206 
1719915998614.00, 62659, -557356, 1193 
1719915998636.00, 62563, -555996, 1204 
1719915998658.00, 62595, -554633, 1211 
1719915998680.00, 62597, -553273, 1209 
1719915998704.00, 62564, -551912, 1230 
1719915998723.00, 62616, -550545, 1233 
1719915998745.00, 62615, -549184, 1228 
1719915998767.00, 62502, -547817, 1212 
1719915998788.00, 62573, -546457, 1226 
1719915998810.00, 62630, -545096, 1211 
1719915998832.00, 62542, -543736, 1209 
1719915998854.00, 62537, -542379, 1197 
1719915998875.00, 62708, -541013, 1185 
1719915998897.00, 62451, -539658, 1184 
1719915998919.00, 62417, -538295, 1149 
1719915998941.00, 62583, -536938, 1148 
1719915998962.00, 62566, -535578, 1126 
1719915998984.00, 62565, -534217, 1115 
1719915999005.00, 62745, -532860, 1097 
1719915999028.00, 62540, -531492, 1082 
1719915999049.00, 62486, -530135, 1070 
1719915999070.00, 62422, -528770, 1054 
1719915999092.00, 62550, -527413, 1038 
1719915999114.00, 62563, -526059, 1027 
1719915999138.00, 62599, -524696, 1019 
1719915999158.00, 62434, -523337, 999 
1719915999179.00, 62544, -521975, 984 
1719915999201.00, 62490, -520625, 973 
1719915999222.00, 62537, -519278, 956 
1719915999250.00, 62567, -517918, 950 
1719915999266.00, 62491, -516563, 951 
1719915999288.00, 62551, -515200, 955 
1719915999309.00, 62503, -513850, 972 
1719915999331.00, 62428, -512491, 963 
1719915999355.00, 62551, -511135, 951 
1719915999374.00, 62611, -509787, 930 
1719915999396.00, 62564, -508428, 887 
1719915999417.00, 62430, -507081, 830 
1719915999439.00, 62482, -505720, 784 
1719915999462.00, 62518, -504371, 766 
1719915999482.00, 62543, -503020, 749 
1719915999504.00, 62599, -501663, 747 
1719915999525.00, 62655, -500312, 746 
1719915999547.00, 62621, -498943, 743 
1719915999575.00, 62746, -497593, 750 
1719915999590.00, 62622, -496233, 750 
1719915999612.00, 62633, -494875, 755 
1719915999634.00, 62602, -493524, 760 
1719915999655.00, 62558, -492160, 774 
1719915999678.00, 62740, -490806, 785 
1719915999699.00, 62640, -489443, 789 
1719915999721.00, 62707, -488090, 814 
1719915999742.00, 62748, -486734, 839 
1719915999764.00, 62614, -485376, 857 
1719915999790.00, 62620, -484020, 862 
1719915999807.00, 62677, -482650, 855 
1719915999828.00, 62657, -481300, 870 
1719915999850.00, 62499, -479944, 874 
1719915999872.00, 62549, -478586, 877 
1719915999896.00, 62519, -477241, 883 
1719915999915.00, 62635, -475872, 879 
1719915999936.00, 62580, -474522, 885 
1719915999958.00, 62541, -473166, 864 
1719915999979.00, 62584, -471810, 860 
1719916000003.00, 62528, -470458, 848 
1719916000023.00, 62618, -469100, 840 
1719916000045.00, 62506, -467748, 840 
1719916000066.00, 62586, -466388, 827 
1719916000088.00, 62429, -465030, 828 
1719916000110.00, 62551, -463674, 822 
1719916000131.00, 62538, -462322, 814 
1719916000153.00, 62562, -460977, 818 
1719916000174.00, 62622, -459611, 812 
1719916000196.00, 62583, -458260, 800 
1719916000217.00, 62463, -456906, 772 
1719916000239.00, 62491, -455548, 743 
1719916000261.00, 62413, -454204, 732 
1719916000283.00, 62437, -452843, 702 
1719916000304.00, 62549, -451488, 682 
1719916000326.00, 62607, -450130, 656 
1719916000348.00, 62461, -448778, 655 
1719916000369.00, 62544, -447422, 654 
1719916000390.00, 62614, -446067, 655 
1719916000413.00, 62529, -444720, 660 
1719916000434.00, 62613, -443353, 661 
1719916000456.00, 62641, -441998, 666 
1719916000477.00, 62585, -440650, 652 
1719916000499.00, 62530, -439288, 640 
1719916000521.00, 62503, -437934, 645 
1719916000542.00, 62577, -436580, 636 
1719916000566.00, 62543, -435220, 646 
1719916000585.00, 62635, -433862, 641 
1719916000607.00, 62622, -432510, 629 
1719916000629.00, 35794, -431160, 631 
1719916000651.00, 19935, -430362, 661 
1719916000673.00, 10347, -429921, 677 
1719916000694.00, 4560, -429691, 683 
1719916000715.00, 1172, -429585, 701 
1719916000736.00, -77, -429562, 654 
1719916000758.00, -1290, -429563, 590 
1719916000779.00, -2332, -429589, 506 
1719916000801.00, -2916, -429639, 412 
1719916000822.00, -3289, -429708, 321 
1719916000844.00, -3618, -429782, 213 
1719916000865.00, -3463, -429863, 96 
1719916000886.00, -3470, -429952, 2 
1719916000908.00, -3473, -430035, -125 
1719916000930.00, -10941, -430115, -235 
1719916000951.00, -21699, -430347, -310 
1719916000972.00, -33134, -430812, -347 
1719916000996.00, -41613, -431530, -497 
1719916001016.00, -52714, -432420, -541 
1719916001038.00, -59287, -433550, -565 
1719916001060.00, -62909, -434851, -594 
1719916001081.00, -62777, -436206, -630 
1719916001104.00, -62385, -437580, -717 
1719916001124.00, -62635, -438929, -689 
1719916001146.00, -62634, -440286, -712 
1719916001167.00, -62586, -441649, -742 
1719916001189.00, -62632, -443002, -773 
1719916001211.00, -62619, -444366, -745 
1719916001233.00, -62684, -445717, -784 
1719916001254.00, -62629, -447071, -777 
1719916001276.00, -62565, -448433, -800 
1719916001297.00, -62511, -449781, -784 
1719916001319.00, -62531, -451153, -777 
1719916001340.00, -62665, -452505, -798 
1719916001362.00, -62540, -453859, -753 
1719916001383.00, -62762, -455211, -742 
1719916001406.00, -62522, -456561, -734 
1719916001427.00, -62525, -457928, -750 
1719916001449.00, -62578, -459275, -733 
1719916001470.00, -62550, -460643, -728 
1719916001492.00, -62625, -461995, -772 
1719916001514.00, -62728, -463344, -791 
1719916001536.00, -62634, -464713, -831 
1719916001557.00, -62652, -466061, -834 
1719916001579.00, -62610, -467428, -828 
1719916001600.00, -62583, -468781, -825 
1719916001621.00, -62653, -470138, -774 
1719916001644.00, -62524, -471496, -808 
1719916001665.00, -62530, -472840, -797 
1719916001687.00, -62502, -474204, -775 
1719916001708.00, -62504, -475555, -769 
1719916001730.00, -62617, -476916, -797 
1719916001752.00, -62535, -478267, -782 
1719916001773.00, -62626, -479622, -767 
1719916001795.00, -62592, -480983, -804 
1719916001817.00, -62594, -482331, -815 
1719916001839.00, -62736, -483698, -807 
1719916001860.00, -62613, -485053, -818 
1719916001881.00, -62701, -486413, -815 
1719916001903.00, -62545, -487764, -780 
1719916001925.00, -62680, -489108, -742 
1719916001946.00, -62689, -490475, -773 
1719916001968.00, -62621, -491830, -754 
1719916001989.00, -62750, -493188, -725 
1719916002011.00, -62609, -494540, -744 
1719916002033.00, -62462, -495891, -749 
1719916002054.00, -62421, -497259, -775 
1719916002076.00, -62521, -498604, -744 
1719916002098.00, -62520, -499970, -745 
1719916002120.00, -62680, -501318, -724 
1719916002141.00, -62504, -502673, -715 
1719916002163.00, -62510, -504036, -712 
1719916002185.00, -62602, -505378, -698 
1719916002206.00, -62657, -506746, -721 
1719916002228.00, -62438, -508100, -717 
1719916002249.00, -62515, -509460, -694 
1719916002271.00, -62732, -510817, -732 
1719916002292.00, -62591, -512170, -739 
1719916002314.00, -62704, -513531, -755 
1719916002335.00, -62613, -514877, -782 
1719916002357.00, -62650, -516254, -832 
1719916002379.00, -62522, -517606, -805 
1719916002401.00, -62498, -518962, -808 
1719916002422.00, -62503, -520325, -851 
1719916002444.00, -62432, -521667, -820 
1719916002465.00, -62667, -523028, -750 
1719916002487.00, -62657, -524383, -787 
1719916002509.00, -62594, -525744, -812 
1719916002530.00, -62625, -527099, -796 
1719916002552.00, -62621, -528445, -739 
1719916002574.00, -62579, -529806, -741 
1719916002596.00, -62553, -531150, -740 
1719916002618.00, -62579, -532518, -723 
1719916002639.00, -62591, -533873, -713 
1719916002660.00, -62554, -535228, -730 
1719916002682.00, -62516, -536594, -741 
1719916002704.00, -62626, -537936, -714 
1719916002725.00, -62637, -539299, -728 
1719916002747.00, -62492, -540656, -734 
1719916002769.00, -62476, -542008, -689 
1719916002790.00, -62487, -543367, -661 
1719916002812.00, -62643, -544716, -655 
1719916002834.00, -62534, -546073, -672 
1719916002855.00, -62599, -547419, -635 
1719916002877.00, -62657, -548783, -622 
1719916002899.00, -62560, -550147, -658 
1719916002920.00, -62633, -551495, -637 
1719916002941.00, -62691, -552862, -634 
1719916002963.00, -62454, -554206, -642 
1719916002985.00, -62486, -555568, -670 
1719916003006.00, -62659, -556924, -651 
1719916003028.00, -62587, -558281, -659 
1719916003050.00, -62725, -559640, -716 
1719916003073.00, -62541, -560997, -731 
1719916003093.00, -62643, -562357, -726 
1719916003114.00, -62711, -563702, -732 
1719916003137.00, -62683, -565067, -776 
1719916003158.00, -62488, -566429, -783 
1719916003185.00, -62424, -567779, -761 
1719916003201.00, -62627, -569143, -784 
1719916003223.00, -62557, -570486, -764 
1719916003244.00, -62611, -571839, -739 
1719916003267.00, -62529, -573199, -744 
1719916003290.00, -62510, -574559, -740 
1719916003310.00, -62510, -575917, -739 
1719916003331.00, -62475, -577267, -746 
1719916003352.00, -62455, -578620, -750 
1719916003375.00, -62513, -579965, -712 
1719916003399.00, -62573, -581325, -679 
1719916003418.00, -62622, -582686, -661 
1719916003439.00, -62689, -584029, -600 
1719916003461.00, -62669, -585390, -581 
1719916003482.00, -62673, -586735, -580 
1719916003505.00, -62488, -588088, -538 
1719916003526.00, -62471, -589441, -508 
1719916003547.00, -62687, -590799, -493 
1719916003569.00, -62449, -592154, -494 
1719916003591.00, -62467, -593502, -439 
1719916003613.00, -35526, -594842, -415 
1719916003634.00, -19123, -595644, -433 
1719916003656.00, -9672, -596079, -412 
1719916003677.00, -4013, -596294, -391 
1719916003699.00, -762, -596392, -425 
1719916003723.00, 314, -596410, -380 
1719916003741.00, 1609, -596409, -348 
1719916003763.00, 2596, -596376, -258 
1719916003785.00, 2906, -596316, -133 
1719916003806.00, 3215, -596245, -28 
1719916003828.00, 3279, -596173, 71 
1719916003850.00, 7428, -596097, 140 
1719916003871.00, 14037, -595933, 191 
1719916003893.00, 21288, -595634, 238 
1719916003914.00, 28207, -595183, 264 
1719916003936.00, 33990, -594576, 278 
1719916003958.00, 38099, -593849, 306 
1719916003979.00, 42155, -593029, 343 
1719916004001.00, 46577, -592123, 364 
1719916004023.00, 50346, -591109, 404 
1719916004045.00, 55081, -590015, 435 
1719916004068.00, 59719, -588826, 442 
1719916004088.00, 62817, -587521, 569 
1719916004110.00, 62739, -586156, 557 
1719916004131.00, 62599, -584799, 605 
1719916004152.00, 62732, -583433, 667 
1719916004175.00, 62478, -582079, 710 
1719916004196.00, 62814, -580711, 738 
1719916004218.00, 62607, -579357, 802 
1719916004239.00, 62613, -577990, 851 
1719916004260.00, 62657, -576634, 875 
1719916004284.00, 62658, -575282, 893 
1719916004304.00, 62712, -573921, 905 
1719916004326.00, 62675, -572566, 919 
1719916004348.00, 62582, -571204, 917 
1719916004369.00, 62585, -569854, 907 
1719916004392.00, 62595, -568500, 889 
1719916004412.00, 62515, -567136, 880 
1719916004434.00, 62619, -565790, 875 
1719916004456.00, 62649, -564429, 866 
1719916004477.00, 62643, -563078, 878 
1719916004499.00, 62609, -561720, 880 
1719916004521.00, 62687, -560356, 892 
1719916004542.00, 62702, -559010, 890 
1719916004564.00, 62658, -557646, 889 
1719916004585.00, 62648, -556294, 899 
1719916004607.00, 62628, -554937, 893 
1719916004629.00, 62763, -553577, 906 
1719916004651.00, 62654, -552225, 914 
1719916004672.00, 62685, -550863, 929 
1719916004694.00, 62693, -549506, 952 
1719916004716.00, 62604, -548140, 987 
1719916004737.00, 62656, -546785, 1024 
1719916004759.00, 62567, -545424, 1015 
1719916004781.00, 62713, -544061, 1036 
1719916004802.00, 62641, -542703, 1059 
1719916004829.00, 62554, -541333, 1068 
1719916004846.00, 62546, -539972, 1080 
1719916004867.00, 62633, -538610, 1071 
1719916004889.00, 62609, -537250, 1065 
1719916004911.00, 62559, -535892, 1061 
1719916004933.00, 62768, -534529, 1049 
1719916004954.00, 62563, -533168, 1041 
1719916004976.00, 62512, -531797, 1019 
1719916004998.00, 62495, -530447, 995 
1719916005020.00, 62408, -529088, 982 
1719916005040.00, 62548, -527732, 965 
1719916005062.00, 62672, -526386, 952 
1719916005084.00, 62495, -525024, 950 
1719916005106.00, 62465, -523673, 931 
1719916005128.00, 62445, -522318, 904 
1719916005149.00, 62550, -520959, 907 
1719916005171.00, 62540, -519617, 896 
1719916005193.00, 62547, -518256, 894 
1719916005214.00, 62443, -516902, 905 
1719916005235.00, 62638, -515540, 906 
1719916005258.00, 62655, -514185, 920 
1719916005278.00, 62639, -512830, 922 
1719916005301.00, 62675, -511474, 922 
1719916005322.00, 62633, -510127, 914 
1719916005343.00, 62516, -508759, 901 
1719916005366.00, 62425, -507404, 895 
1719916005387.00, 62374, -506052, 883 
1719916005409.00, 62387, -504694, 861 
1719916005431.00, 62508, -503348, 868 
1719916005452.00, 62552, -501993, 853 
1719916005474.00, 62568, -500636, 846 
1719916005496.00, 62614, -499272, 842 
1719916005517.00, 62660, -497921, 849 
1719916005538.00, 62620, -496561, 875 
1719916005560.00, 62614, -495203, 888 
1719916005582.00, 62632, -493855, 916 
1719916005604.00, 62716, -492488, 906 
1719916005625.00, 62496, -491126, 927 
1719916005647.00, 62431, -489777, 915 
1719916005668.00, 62545, -488417, 906 
1719916005690.00, 62564, -487070, 905 
1719916005711.00, 62633, -485713, 896 
1719916005733.00, 62559, -484352, 894 
1719916005755.00, 62603, -482992, 869 
1719916005777.00, 62637, -481638, 870 
1719916005798.00, 62707, -480285, 865 
1719916005819.00, 62618, -478924, 871 
1719916005842.00, 62592, -477580, 871 
1719916005863.00, 62733, -476208, 865 
1719916005885.00, 62612, -474855, 873 
1719916005907.00, 62622, -473502, 884 
1719916005928.00, 62615, -472142, 876 
1719916005950.00, 62581, -470793, 877 
1719916005971.00, 62636, -469432, 870 
1719916005993.00, 62574, -468074, 869 
1719916006014.00, 62525, -466718, 849 
1719916006036.00, 62492, -465359, 839 
1719916006058.00, 62576, -464011, 826 
1719916006080.00, 62655, -462653, 816 
1719916006101.00, 62543, -461304, 806 
1719916006123.00, 62491, -459941, 808 
1719916006145.00, 62334, -458587, 800 
1719916006166.00, 62541, -457232, 792 
1719916006188.00, 62590, -455880, 813 
1719916006209.00, 62666, -454530, 832 
1719916006231.00, 62649, -453168, 831 
1719916006252.00, 62715, -451809, 849 
1719916006274.00, 62532, -450451, 847 
1719916006296.00, 62520, -449092, 838 
1719916006318.00, 62550, -447746, 838 
1719916006339.00, 62501, -446386, 827 
1719916006362.00, 62509, -445032, 828 
1719916006382.00, 62590, -443670, 810 
1719916006404.00, 62610, -442318, 803 
1719916006426.00, 62668, -440972, 789 
1719916006447.00, 62691, -439609, 763 
1719916006471.00, 62561, -438258, 766 
1719916006490.00, 62618, -436896, 772 
1719916006512.00, 62520, -435542, 756 
1719916006534.00, 62559, -434187, 740 
1719916006556.00, 62529, -432834, 699 
1719916006577.00, 62440, -431485, 686 
1719916006599.00, 35726, -430133, 660 
1719916006620.00, 19605, -429342, 683 
1719916006642.00, 10294, -428900, 671 
1719916006664.00, 4551, -428675, 682 
1719916006685.00, 1129, -428570, 694 
1719916006707.00, -115, -428546, 650 
1719916006728.00, -1475, -428548, 573 
1719916006749.00, -2478, -428576, 481 
1719916006770.00, -3030, -428631, 377 
1719916006793.00, -3405, -428703, 267 
1719916006814.00, -3557, -428782, 152 
1719916006835.00, -3561, -428869, 38 
1719916006856.00, -3573, -428956, -62 
1719916006878.00, -6942, -429038, -165 
1719916006901.00, -14978, -429193, -250 
1719916006921.00, -24961, -429512, -302 
1719916006943.00, -34331, -430041, -319 
1719916006964.00, -40674, -430786, -481 
1719916006986.00, -52069, -431665, -418 
1719916007011.00, -57215, -432779, -460 
1719916007030.00, -61622, -434020, -496 
1719916007051.00, -62641, -435373, -520 
1719916007072.00, -62558, -436725, -529 
1719916007094.00, -62667, -438092, -560 
1719916007118.00, -62613, -439447, -606 
1719916007138.00, -62632, -440802, -618 
1719916007159.00, -62671, -442166, -635 
1719916007181.00, -62587, -443523, -668 
1719916007203.00, -62674, -444885, -702 
1719916007228.00, -62726, -446239, -706 
1719916007246.00, -62584, -447597, -749 
1719916007268.00, -62569, -448948, -803 
1719916007289.00, -62479, -450307, -757 
1719916007311.00, -62721, -451679, -751 
1719916007333.00, -62684, -453027, -801 
1719916007354.00, -62625, -454398, -860 
1719916007376.00, -62606, -455741, -852 
1719916007397.00, -62546, -457097, -838 
1719916007419.00, -62579, -458459, -819 
1719916007441.00, -62692, -459816, -804 
1719916007462.00, -62692, -461177, -839 
1719916007486.00, -62654, -462521, -840 
1719916007506.00, -62573, -463882, -836 
1719916007527.00, -62618, -465230, -817 
1719916007549.00, -62663, -466592, -846 
1719916007571.00, -62612, -467966, -874 
1719916007592.00, -62893, -469307, -839 
1719916007614.00, -62554, -470677, -862 
1719916007635.00, -62587, -472025, -886 
1719916007656.00, -62578, -473376, -878 
1719916007679.00, -62623, -474740, -850 
1719916007700.00, -62677, -476095, -890 
1719916007722.00, -62508, -477466, -918 
1719916007743.00, -62407, -478811, -905 
1719916007765.00, -62591, -480162, -832 
1719916007787.00, -62626, -481517, -919 
1719916007809.00, -62549, -482875, -921 
1719916007830.00, -62532, -484243, -900 
1719916007852.00, -62668, -485588, -860 
1719916007873.00, -62586, -486953, -883 
1719916007895.00, -62476, -488304, -877 
1719916007917.00, -62535, -489652, -834 
1719916007939.00, -62647, -491012, -801 
1719916007960.00, -62556, -492362, -803 
1719916007981.00, -62596, -493734, -800 
1719916008003.00, -62442, -495074, -799 
1719916008025.00, -62559, -496431, -794 
1719916008046.00, -62689, -497790, -824 
1719916008068.00, -62496, -499139, -808 
1719916008090.00, -62507, -500509, -793 
1719916008111.00, -62622, -501855, -790 
1719916008133.00, -62700, -503224, -818 
1719916008154.00, -62600, -504570, -824 
1719916008176.00, -62557, -505923, -801 
1719916008198.00, -62641, -507289, -832 
1719916008223.00, -62464, -508642, -849 
1719916008241.00, -62547, -510012, -862 
1719916008263.00, -62607, -511356, -856 
1719916008285.00, -62513, -512711, -863 
1719916008306.00, -62603, -514066, -879 
1719916008329.00, -62632, -515420, -863 
1719916008350.00, -62612, -516790, -878 
1719916008371.00, -62699, -518138, -869 
1719916008393.00, -62570, -519500, -855 
1719916008414.00, -62620, -520846, -821 
1719916008437.00, -62537, -522197, -816 
1719916008458.00, -62541, -523564, -808 
1719916008479.00, -62607, -524912, -773 
1719916008501.00, -62662, -526276, -764 
1719916008523.00, -62894, -527622, -765 
1719916008544.00, -62446, -528980, -765 
1719916008565.00, -62545, -530331, -746 
1719916008587.00, -62548, -531681, -711 
1719916008609.00, -62610, -533053, -723 
1719916008630.00, -62559, -534399, -734 
1719916008652.00, -62597, -535766, -746 
1719916008673.00, -62607, -537116, -775 
1719916008695.00, -62561, -538469, -785 
1719916008717.00, -62562, -539835, -816 
1719916008739.00, -62591, -541184, -810 
1719916008763.00, -62587, -542552, -825 
1719916008782.00, -62574, -543904, -832 
1719916008803.00, -62549, -545255, -841 
1719916008825.00, -62474, -546609, -850 
1719916008847.00, -62538, -547965, -838 
1719916008871.00, -62626, -549331, -855 
1719916008890.00, -62444, -550686, -886 
1719916008912.00, -62498, -552046, -885 
1719916008934.00, -62367, -553398, -895 
1719916008955.00, -62477, -554746, -881 
1719916008979.00, -62574, -556108, -902 
1719916008999.00, -62490, -557456, -882 
1719916009020.00, -62482, -558818, -876 
1719916009042.00, -62497, -560168, -885 
1719916009063.00, -62535, -561516, -823 
1719916009085.00, -62546, -562866, -803 
1719916009107.00, -62540, -564214, -775 
1719916009129.00, -62613, -565581, -750 
1719916009150.00, -62650, -566927, -709 
1719916009172.00, -62667, -568285, -679 
1719916009196.00, -62799, -569640, -675 
1719916009215.00, -62511, -570988, -648 
1719916009236.00, -62447, -572343, -611 
1719916009257.00, -62668, -573694, -561 
1719916009279.00, -62541, -575053, -542 
1719916009309.00, -62559, -576401, -501 
1719916009323.00, -62630, -577748, -460 
1719916009344.00, -62527, -579104, -463 
1719916009366.00, -62538, -580456, -438 
1719916009388.00, -62148, -581821, -424 
1719916009410.00, -60970, -583163, -426 
1719916009431.00, -60365, -584484, -422 
1719916009453.00, -59726, -585791, -421 
1719916009475.00, -59317, -587081, -412 
1719916009495.00, -58662, -588371, -434 
1719916009518.00, -59502, -589634, -424 
1719916009540.00, -59364, -590930, -442 
1719916009560.00, -60351, -592216, -462 
1719916009582.00, -61192, -593517, -434 
1719916009604.00, -34971, -594838, -438 
1719916009626.00, -19031, -595624, -471 
1719916009647.00, -9538, -596052, -469 
1719916009668.00, -4061, -596267, -451 
1719916009690.00, -878, -596366, -498 
1719916009711.00, 289, -596383, -436 
1719916009734.00, 1424, -596378, -360 
1719916009755.00, 2309, -596350, -316 
1719916009777.00, 2827, -596297, -248 
1719916009798.00, 3358, -596227, -93 
1719916009819.00, 3506, -596150, 49 
1719916009841.00, 6607, -596062, 184 
1719916009863.00, 16204, -595917, 293 
1719916009885.00, 28501, -595573, 379 
1719916009906.00, 40760, -594965, 409 
1719916009928.00, 49825, -594080, 479 
1719916009950.00, 57577, -592995, 616 
1719916009971.00, 62378, -591756, 601 
1719916009993.00, 62866, -590400, 634 
1719916010015.00, 62733, -589045, 728 
1719916010036.00, 62631, -587680, 771 
1719916010057.00, 62558, -586322, 783 
1719916010080.00, 62810, -584963, 824 
1719916010101.00, 62585, -583602, 858 
1719916010122.00, 62566, -582244, 897 
1719916010144.00, 62577, -580885, 911 
1719916010166.00, 62596, -579527, 918 
1719916010188.00, 62717, -578167, 918 
1719916010209.00, 62597, -576812, 920 
1719916010231.00, 62673, -575463, 906 
1719916010252.00, 62588, -574099, 915 
1719916010274.00, 62591, -572747, 925 
1719916010296.00, 62596, -571383, 951 
1719916010317.00, 62657, -570030, 954 
1719916010339.00, 62578, -568677, 973 
1719916010361.00, 62632, -567311, 991 
1719916010383.00, 62552, -565960, 1001 
1719916010404.00, 62726, -564590, 1011 
1719916010425.00, 62518, -563233, 1039 
1719916010447.00, 62623, -561868, 1044 
1719916010470.00, 62729, -560503, 1047 
1719916010491.00, 62512, -559147, 1073 
1719916010513.00, 62552, -557777, 1063 
1719916010534.00, 62734, -556418, 1087 
1719916010556.00, 62536, -555055, 1081 
1719916010578.00, 62552, -553693, 1101 
1719916010600.00, 62718, -552334, 1111 
1719916010621.00, 62467, -550964, 1116 
1719916010643.00, 62575, -549606, 1126 
1719916010665.00, 62735, -548231, 1132 
1719916010686.00, 62574, -546874, 1156 
1719916010708.00, 62504, -545508, 1173 
1719916010730.00, 62833, -544144, 1180 
1719916010752.00, 62442, -542790, 1188 
1719916010774.00, 62645, -541415, 1181 
1719916010795.00, 62565, -540057, 1193 
1719916010817.00, 62617, -538699, 1173 
1719916010842.00, 62582, -537332, 1167 
1719916010860.00, 62556, -535977, 1160 
1719916010882.00, 62603, -534612, 1145 
1719916010904.00, 62487, -533253, 1145 
1719916010926.00, 62627, -531887, 1115 
1719916010948.00, 62723, -530527, 1098 
1719916010968.00, 62599, -529171, 1060 
1719916010990.00, 62659, -527805, 1046 
1719916011013.00, 62498, -526453, 1052 
1719916011035.00, 62560, -525081, 1046 
1719916011059.00, 62439, -523723, 1059 
1719916011078.00, 62793, -522364, 1046 
1719916011100.00, 62428, -520996, 1040 
1719916011121.00, 62638, -519645, 1033 
1719916011143.00, 62511, -518277, 1020 
1719916011170.00, 62469, -516916, 1010 
1719916011186.00, 62718, -515549, 993 
1719916011207.00, 62556, -514195, 981 
1719916011230.00, 62590, -512841, 959 
1719916011251.00, 62589, -511481, 962 
1719916011275.00, 62733, -510134, 946 
1719916011294.00, 62471, -508767, 928 
1719916011316.00, 62535, -507415, 930 
1719916011338.00, 62562, -506064, 921 
1719916011359.00, 62497, -504700, 927 
1719916011381.00, 62574, -503348, 934 
1719916011402.00, 62633, -501994, 921 
1719916011424.00, 62577, -500636, 941 
1719916011445.00, 62607, -499270, 941 
1719916011468.00, 62723, -497911, 935 
1719916011494.00, 62501, -496561, 925 
1719916011510.00, 62623, -495203, 911 
1719916011532.00, 62573, -493858, 927 
1719916011554.00, 62661, -492489, 916 
1719916011576.00, 62471, -491136, 913 
1719916011598.00, 62475, -489781, 906 
1719916011619.00, 62581, -488424, 916 
1719916011641.00, 62533, -487076, 913 
1719916011663.00, 62552, -485719, 899 
1719916011684.00, 62496, -484361, 894 
1719916011705.00, 62520, -482995, 880 
1719916011727.00, 62627, -481645, 874 
1719916011748.00, 62663, -480297, 867 
1719916011771.00, 62668, -478934, 861 
1719916011792.00, 62583, -477587, 861 
1719916011813.00, 62753, -476221, 861 
1719916011835.00, 62584, -474861, 855 
1719916011857.00, 62474, -473512, 856 
1719916011878.00, 62561, -472151, 850 
1719916011900.00, 62504, -470808, 848 
1719916011921.00, 62557, -469442, 851 
1719916011943.00, 62513, -468086, 848 
1719916011965.00, 62421, -466733, 835 
1719916011987.00, 62453, -465375, 826 
1719916012009.00, 62528, -464028, 820 
1719916012030.00, 62475, -462666, 820 
1719916012053.00, 62481, -461322, 806 
1719916012073.00, 62487, -459957, 795 
1719916012095.00, 62485, -458599, 788 
1719916012117.00, 62610, -457252, 773 
1719916012139.00, 62569, -455895, 753 
1719916012159.00, 62569, -454544, 734 
1719916012182.00, 62618, -453187, 713 
1719916012203.00, 62702, -451829, 724 
1719916012225.00, 62458, -450474, 705 
1719916012247.00, 62438, -449114, 700 
1719916012268.00, 62459, -447763, 696 
1719916012290.00, 62527, -446407, 686 
1719916012311.00, 62533, -445059, 676 
1719916012332.00, 62512, -443700, 654 
1719916012355.00, 62507, -442347, 644 
1719916012377.00, 62664, -440997, 638 
1719916012398.00, 62620, -439637, 635 
1719916012420.00, 62516, -438283, 630 
1719916012441.00, 62801, -436924, 612 
1719916012463.00, 62582, -435573, 604 
1719916012484.00, 62587, -434213, 593 
1719916012506.00, 62625, -432855, 581 
1719916012528.00, 62570, -431504, 583 
1719916012549.00, 35606, -430152, 585 
1719916012571.00, 19836, -429355, 648 
1719916012593.00, 10319, -428916, 667 
1719916012614.00, 4559, -428684, 714 
1719916012636.00, 1170, -428577, 747 
1719916012657.00, -67, -428551, 706 
1719916012678.00, -1350, -428552, 662 
1719916012700.00, -2360, -428577, 583 
1719916012721.00, -2957, -428630, 472 
1719916012743.00, -3378, -428697, 365 
1719916012764.00, -3610, -428777, 239 
1719916012786.00, -3516, -428865, 100 
1719916012808.00, -3402, -428957, -20 
1719916012829.00, -4561, -429040, -145 
1719916012851.00, -12477, -429146, -249 
1719916012871.00, -23307, -429411, -326 
1719916012893.00, -34872, -429904, -333 
1719916012916.00, -41653, -430656, -510 
1719916012937.00, -52569, -431561, -462 
1719916012958.00, -59271, -432688, -493 
1719916012980.00, -62652, -433972, -528 
1719916013001.00, -62535, -435348, -549 
1719916013027.00, -62457, -436698, -569 
1719916013045.00, -62614, -438071, -586 
1719916013067.00, -62769, -439417, -615 
1719916013088.00, -62531, -440772, -651 
1719916013110.00, -62548, -442138, -694 
1719916013133.00, -62707, -443493, -691 
1719916013153.00, -62779, -444856, -741 
1719916013175.00, -62696, -446213, -798 
1719916013196.00, -62681, -447567, -804 
1719916013218.00, -62652, -448917, -833 
1719916013239.00, -62701, -450279, -837 
1719916013262.00, -62632, -451650, -833 
1719916013283.00, -62742, -452994, -821 
1719916013305.00, -62641, -454355, -783 
1719916013326.00, -62667, -455703, -761 
1719916013348.00, -62584, -457055, -748 
1719916013369.00, -62670, -458416, -720 
1719916013391.00, -62669, -459770, -702 
1719916013413.00, -62673, -461133, -740 
1719916013434.00, -62626, -462475, -736 
1719916013455.00, -62645, -463836, -732 
1719916013478.00, -62662, -465191, -764 
1719916013500.00, -62639, -466548, -767 
1719916013521.00, -62536, -467917, -774 
1719916013542.00, -62830, -469262, -735 
1719916013565.00, -62557, -470631, -768 
1719916013586.00, -62576, -471978, -772 
1719916013608.00, -62615, -473325, -731 
1719916013629.00, -62716, -474692, -718 
1719916013651.00, -62408, -476043, -729 
1719916013673.00, -62616, -477408, -714 
1719916013694.00, -62641, -478753, -700 
1719916013715.00, -62591, -480109, -716 
1719916013737.00, -62583, -481465, -734 
1719916013759.00, -62535, -482821, -712 
1719916013781.00, -62859, -484194, -726 
1719916013802.00, -62612, -485542, -764 
1719916013824.00, -62687, -486906, -759 
1719916013846.00, -62538, -488258, -767 
1719916013867.00, -62465, -489614, -796 
1719916013889.00, -62473, -490974, -800 
1719916013910.00, -62453, -492323, -744 
1719916013932.00, -62471, -493694, -774 
1719916013953.00, -62424, -495038, -787 
1719916013975.00, -62525, -496389, -763 
1719916013997.00, -62580, -497740, -726 
1719916014019.00, -62586, -499092, -710 
1719916014040.00, -62556, -500465, -727 
1719916014061.00, -62722, -501812, -712 
1719916014084.00, -62677, -503178, -733 
1719916014105.00, -62625, -504532, -773 
1719916014127.00, -62582, -505878, -754 
1719916014149.00, -62686, -507246, -751 
1719916014170.00, -62725, -508600, -779 
1719916014192.00, -62608, -509966, -782 
1719916014213.00, -62852, -511315, -769 
1719916014234.00, -62624, -512670, -751 
1719916014257.00, -62667, -514031, -789 
1719916014278.00, -62698, -515381, -803 
1719916014300.00, -62591, -516754, -808 
1719916014321.00, -62725, -518101, -815 
1719916014343.00, -62731, -519470, -845 
1719916014365.00, -62495, -520819, -879 
1719916014386.00, -62462, -522170, -849 
1719916014408.00, -62527, -523534, -870 
1719916014430.00, -62524, -524887, -874 
1719916014451.00, -62684, -526252, -868 
1719916014473.00, -62738, -527595, -849 
1719916014495.00, -62608, -528950, -821 
1719916014516.00, -62626, -530305, -831 
1719916014538.00, -62555, -531656, -816 
1719916014559.00, -62555, -533030, -830 
1719916014581.00, -62435, -534382, -852 
1719916014602.00, -62555, -535744, -854 
1719916014625.00, -62484, -537096, -870 
1719916014646.00, -62493, -538447, -875 
1719916014667.00, -62562, -539809, -910 
1719916014689.00, -62501, -541157, -915 
1719916014711.00, -62781, -542523, -912 
1719916014732.00, -62509, -543876, -934 
1719916014754.00, -62547, -545225, -924 
1719916014776.00, -62551, -546581, -923 
1719916014798.00, -62513, -547934, -925 
1719916014819.00, -62532, -549305, -911 
1719916014841.00, -62498, -550652, -876 
1719916014863.00, -62516, -552015, -886 
1719916014885.00, -62339, -553365, -893 
1719916014906.00, -62462, -554713, -824 
1719916014927.00, -62516, -556068, -790 
1719916014949.00, -62516, -557415, -773 
1719916014971.00, -62534, -558778, -747 
1719916014995.00, -62628, -560126, -717 
1719916015014.00, -62605, -561479, -714 
1719916015036.00, -62565, -562837, -741 
1719916015056.00, -62663, -564187, -709 
1719916015079.00, -62695, -565556, -706 
1719916015105.00, -62678, -566907, -728 
1719916015122.00, -62687, -568263, -726 
1719916015144.00, -62705, -569628, -745 
1719916015165.00, -62707, -570972, -750 
1719916015187.00, -62648, -572340, -774 
1719916015210.00, -62661, -573694, -773 
1719916015230.00, -62566, -575057, -795 
1719916015252.00, -62565, -576407, -782 
1719916015274.00, -62549, -577756, -762 
1719916015295.00, -62520, -579112, -738 
1719916015317.00, -62454, -580462, -703 
1719916015338.00, -62486, -581826, -693 
1719916015360.00, -62563, -583173, -642 
1719916015382.00, -62590, -584521, -599 
1719916015403.00, -62842, -585882, -607 
1719916015426.00, -62407, -587228, -580 
1719916015446.00, -62529, -588581, -523 
1719916015468.00, -62695, -589931, -495 
1719916015490.00, -62669, -591292, -506 
1719916015512.00, -62392, -592642, -456 
1719916015536.00, -62592, -593996, -431 
1719916015554.00, -35737, -595342, -443 
1719916015576.00, -19229, -596136, -465 
1719916015598.00, -9743, -596575, -434 
1719916015620.00, -4197, -596793, -410 
1719916015643.00, -843, -596895, -473 
1719916015663.00, 155, -596917, -443 
1719916015685.00, 1354, -596916, -392 
1719916015706.00, 2308, -596891, -333 
1719916015727.00, 2977, -596840, -239 
1719916015749.00, 3411, -596769, -134 
1719916015771.00, 3504, -596688, -7 
1719916015792.00, 3421, -596603, 104 
1719916015814.00, 9951, -596517, 178 
1719916015836.00, 17954, -596313, 213 
1719916015857.00, 24805, -595940, 252 
1719916015879.00, 31273, -595416, 270 
1719916015900.00, 35975, -594743, 300 
1719916015922.00, 40555, -593966, 341 
1719916015943.00, 45667, -593095, 368 
1719916015965.00, 49996, -592112, 395 
1719916015990.00, 54552, -591021, 417 
1719916016009.00, 58239, -589835, 489 
1719916016030.00, 62348, -588575, 543 
1719916016052.00, 62780, -587221, 557 
1719916016073.00, 62543, -585861, 609 
1719916016097.00, 62590, -584492, 679 
1719916016117.00, 62651, -583137, 701 
1719916016138.00, 62678, -581780, 745 
1719916016160.00, 62722, -580419, 782 
1719916016181.00, 62620, -579064, 811 
1719916016204.00, 62658, -577698, 835 
1719916016224.00, 62606, -576347, 861 
1719916016247.00, 62715, -574993, 880 
1719916016268.00, 62624, -573627, 884 
1719916016289.00, 62750, -572276, 895 
1719916016312.00, 62749, -570918, 904 
1719916016333.00, 62684, -569565, 924 
1719916016355.00, 62619, -568205, 943 
1719916016376.00, 62641, -566846, 948 
1719916016397.00, 62665, -565493, 953 
1719916016421.00, 62595, -564130, 958 
1719916016441.00, 62682, -562783, 967 
1719916016463.00, 62557, -561419, 962 
1719916016484.00, 62712, -560065, 981 
1719916016506.00, 62752, -558715, 1000 
1719916016530.00, 62637, -557345, 1003 
1719916016550.00, 62588, -555992, 1018 
1719916016571.00, 62575, -554623, 1026 
1719916016593.00, 62613, -553262, 1042 
1719916016615.00, 62529, -551904, 1019 
1719916016636.00, 62565, -550537, 1026 
1719916016658.00, 62598, -549176, 1025 
1719916016679.00, 62575, -547807, 1021 
1719916016702.00, 62677, -546449, 1025 
1719916016724.00, 62609, -545087, 1018 
1719916016745.00, 62546, -543723, 1036 
1719916016767.00, 62480, -542371, 1032 
1719916016788.00, 62769, -541000, 1028 
1719916016810.00, 62583, -539646, 1032 
1719916016832.00, 62540, -538278, 1036 
1719916016858.00, 62584, -536918, 1048 
1719916016875.00, 62547, -535557, 1045 
1719916016897.00, 62677, -534193, 1039 
1719916016919.00, 62779, -532838, 1028 
1719916016941.00, 62526, -531466, 1016 
1719916016964.00, 62573, -530114, 1011 
1719916016984.00, 62552, -528749, 993 
1719916017006.00, 62576, -527390, 993 
1719916017027.00, 62563, -526041, 992 
1719916017049.00, 62613, -524676, 991 
1719916017074.00, 62486, -523331, 978 
1719916017092.00, 62484, -521969, 968 
1719916017113.00, 62469, -520615, 964 
1719916017136.00, 62414, -519265, 958 
1719916017156.00, 62476, -517907, 949 
1719916017181.00, 62469, -516556, 933 
1719916017200.00, 62528, -515191, 934 
1719916017222.00, 62518, -513844, 941 
1719916017244.00, 62504, -512485, 940 
1719916017266.00, 62674, -511128, 942 
1719916017292.00, 62631, -509776, 949 
1719916017308.00, 62609, -508412, 956 
1719916017330.00, 62503, -507063, 960 
1719916017352.00, 62465, -505703, 968 
1719916017374.00, 62484, -504344, 973 
1719916017400.00, 62585, -502996, 976 
1719916017417.00, 62569, -501637, 984 
1719916017438.00, 62605, -500283, 982 
1719916017460.00, 62625, -498916, 981 
1719916017482.00, 62769, -497566, 970 
1719916017504.00, 62513, -496211, 952 
1719916017525.00, 62584, -494854, 916 
1719916017547.00, 62590, -493511, 882 
1719916017568.00, 62503, -492149, 851 
1719916017590.00, 62678, -490796, 831 
1719916017612.00, 62533, -489437, 803 
1719916017633.00, 62619, -488082, 787 
1719916017654.00, 62722, -486732, 775 
1719916017676.00, 62659, -485372, 771 
1719916017698.00, 62552, -484019, 771 
1719916017722.00, 62655, -482654, 764 
1719916017742.00, 62607, -481301, 766 
1719916017763.00, 62576, -479944, 757 
1719916017784.00, 62538, -478590, 752 
1719916017806.00, 62465, -477241, 744 
1719916017828.00, 62528, -475879, 734 
1719916017849.00, 62615, -474531, 722 
1719916017871.00, 62644, -473176, 695 
1719916017893.00, 62704, -471818, 692 
1719916017914.00, 62535, -470465, 691 
1719916017935.00, 62610, -469105, 685 
1719916017957.00, 62603, -467754, 684 
1719916017979.00, 62659, -466387, 682 
1719916018001.00, 62450, -465038, 682 
1719916018023.00, 62612, -463679, 677 
1719916018044.00, 62585, -462325, 674 
1719916018065.00, 62513, -460981, 673 
1719916018087.00, 62629, -459615, 665 
1719916018109.00, 62568, -458260, 668 
1719916018131.00, 62485, -456909, 651 
1719916018155.00, 62476, -455554, 648 
1719916018174.00, 62369, -454206, 638 
1719916018196.00, 62434, -452848, 629 
1719916018217.00, 62556, -451495, 620 
1719916018239.00, 62559, -450131, 617 
1719916018261.00, 62467, -448782, 610 
1719916018281.00, 62524, -447428, 597 
1719916018304.00, 62606, -446072, 589 
1719916018326.00, 62583, -444725, 588 
1719916018347.00, 62547, -443362, 575 
1719916018369.00, 62487, -442008, 579 
1719916018391.00, 62433, -440658, 572 
1719916018412.00, 62435, -439294, 565 
1719916018433.00, 62488, -437951, 553 
1719916018455.00, 62537, -436594, 541 
1719916018477.00, 62461, -435241, 533 
1719916018499.00, 62618, -433879, 514 
1719916018520.00, 62591, -432529, 503 
1719916018541.00, 62622, -431172, 487 
1719916018563.00, 35612, -429826, 478 
1719916018584.00, 19445, -429035, 518 
1719916018608.00, 9733, -428596, 485 
1719916018628.00, 4276, -428376, 486 
1719916018650.00, 962, -428281, 477 
1719916018671.00, -336, -428260, 425 
1719916018692.00, -1559, -428266, 356 
1719916018714.00, -2338, -428302, 279 
1719916018735.00, -2827, -428352, 185 
1719916018756.00, -3115, -428418, 86 
1719916018778.00, -3220, -428499, -14 
1719916018799.00, -4139, -428577, -129 
1719916018824.00, -11535, -428673, -217 
1719916018843.00, -21125, -428917, -295 
1719916018865.00, -31936, -429361, -321 
1719916018886.00, -39287, -430039, -419 
1719916018908.00, -49580, -430890, -501 
1719916018934.00, -57647, -431964, -487 
1719916018951.00, -62071, -433199, -548 
1719916018973.00, -62948, -434561, -590 
1719916018995.00, -62623, -435926, -686 
1719916019015.00, -62789, -437280, -673 
1719916019042.00, -62641, -438648, -722 
1719916019060.00, -62596, -439997, -740 
1719916019081.00, -62729, -441360, -739 
1719916019102.00, -62670, -442714, -770 
1719916019124.00, -62555, -444076, -793 
1719916019149.00, -62578, -445430, -768 
1719916019168.00, -62691, -446785, -775 
1719916019189.00, -62608, -448149, -824 
1719916019211.00, -62569, -449496, -851 
1719916019233.00, -62556, -450866, -844 
1719916019255.00, -62708, -452224, -872 
1719916019276.00, -62543, -453581, -931 
1719916019297.00, -62648, -454939, -906 
1719916019319.00, -62739, -456284, -908 
1719916019340.00, -62466, -457654, -952 
1719916019363.00, -62679, -459003, -918 
1719916019384.00, -62576, -460365, -905 
1719916019405.00, -62689, -461726, -933 
1719916019427.00, -62476, -463067, -930 
1719916019449.00, -62600, -464430, -891 
1719916019473.00, -62500, -465774, -923 
1719916019492.00, -62536, -467144, -942 
1719916019514.00, -62548, -468501, -929 
1719916019535.00, -62550, -469852, -918 
1719916019557.00, -62785, -471220, -926 
1719916019578.00, -62665, -472561, -927 
1719916019600.00, -62543, -473928, -940 
1719916019621.00, -62646, -475281, -932 
1719916019644.00, -62598, -476639, -924 
1719916019665.00, -62446, -478003, -953 
1719916019687.00, -62401, -479344, -923 
1719916019708.00, -62447, -480706, -901 
1719916019730.00, -62450, -482050, -865 
1719916019752.00, -62549, -483412, -888 
1719916019774.00, -62514, -484770, -899 
1719916019795.00, -62545, -486125, -877 
1719916019816.00, -62647, -487481, -863 
1719916019838.00, -62652, -488830, -915 
1719916019860.00, -62677, -490197, -934 
1719916019881.00, -62639, -491550, -905 
1719916019903.00, -62831, -492910, -937 
1719916019929.00, -62551, -494273, -966 
1719916019947.00, -62567, -495618, -938 
1719916019968.00, -62572, -496983, -927 
1719916019990.00, -62618, -498325, -933 
1719916020012.00, -62644, -499695, -920 
1719916020034.00, -62583, -501053, -909 
1719916020055.00, -62515, -502403, -893 
1719916020077.00, -62492, -503769, -907 
1719916020098.00, -62648, -505110, -902 
1719916020120.00, -62578, -506472, -891 
1719916020141.00, -62548, -507833, -895 
1719916020162.00, -62581, -509185, -876 
1719916020184.00, -62565, -510550, -891 
1719916020206.00, -62565, -511897, -890 
1719916020228.00, -62754, -513258, -898 
1719916020250.00, -62781, -514606, -916 
1719916020271.00, -62596, -515975, -961 
1719916020292.00, -62695, -517342, -1028 
1719916020314.00, -62518, -518701, -1008 
1719916020336.00, -62619, -520066, -975 
1719916020362.00, -62451, -521406, -963 
1719916020379.00, -62461, -522767, -943 
1719916020402.00, -62407, -524126, -933 
1719916020423.00, -62494, -525479, -922 
1719916020445.00, -62557, -526842, -932 
1719916020468.00, -62602, -528183, -900 
1719916020488.00, -62831, -529544, -917 
1719916020509.00, -62609, -530893, -925 
1719916020531.00, -62633, -532255, -915 
1719916020553.00, -62601, -533618, -926 
1719916020575.00, -62666, -534972, -916 
1719916020596.00, -62541, -536338, -959 
1719916020617.00, -62541, -537684, -969 
1719916020639.00, -62573, -539041, -966 
1719916020661.00, -62434, -540400, -1024 
1719916020683.00, -62583, -541764, -1024 
1719916020704.00, -62631, -543131, -1034 
1719916020726.00, -62496, -544484, -1036 
1719916020748.00, -62445, -545848, -1035 
1719916020769.00, -62607, -547201, -1022 
1719916020795.00, -62560, -548561, -1014 
1719916020813.00, -62656, -549933, -1011 
1719916020835.00, -62625, -551286, -988 
1719916020856.00, -62605, -552655, -1000 
1719916020878.00, -62420, -554006, -981 
1719916020905.00, -62606, -555359, -940 
1719916020921.00, -62824, -556713, -936 
1719916020943.00, -62453, -558072, -944 
1719916020964.00, -62578, -559430, -934 
1719916020986.00, -62589, -560778, -900 
1719916021012.00, -62543, -562136, -899 
1719916021030.00, -62559, -563483, -885 
1719916021051.00, -62621, -564839, -843 
1719916021073.00, -62605, -566202, -827 
1719916021094.00, -62563, -567550, -827 
1719916021115.00, -62587, -568917, -814 
1719916021138.00, -62719, -570261, -796 
1719916021159.00, -62588, -571611, -801 
1719916021181.00, -62746, -572977, -844 
1719916021202.00, -62551, -574334, -830 
1719916021224.00, -62507, -575693, -816 
1719916021246.00, -62457, -577039, -807 
1719916021267.00, -62604, -578392, -791 
1719916021288.00, -62476, -579737, -760 
1719916021311.00, -62516, -581099, -724 
1719916021336.00, -62490, -582457, -725 
1719916021354.00, -62409, -583806, -716 
1719916021376.00, -62453, -585164, -674 
1719916021397.00, -62464, -586505, -626 
1719916021419.00, -62573, -587861, -616 
1719916021443.00, -62492, -589209, -578 
1719916021462.00, -62470, -590558, -484 
1719916021483.00, -62328, -591915, -441 
1719916021505.00, -62060, -593258, -393 
1719916021527.00, -35325, -594591, -338 
1719916021549.00, -19124, -595377, -303 
1719916021570.00, -9725, -595811, -291 
1719916021591.00, -4191, -596031, -292 
1719916021613.00, -819, -596131, -344 
1719916021635.00, 157, -596152, -295 
1719916021656.00, 1321, -596152, -280 
1719916021677.00, 2115, -596129, -249 
1719916021700.00, 2675, -596083, -203 
1719916021721.00, 3061, -596022, -152 
1719916021743.00, 3212, -595952, -77 
1719916021764.00, 3351, -595877, 16 
1719916021786.00, 4279, -595803, 104 
1719916021808.00, 10012, -595701, 166 
1719916021829.00, 16997, -595483, 226 
1719916021851.00, 24959, -595112, 290 
1719916021872.00, 33473, -594576, 344 
1719916021894.00, 41849, -593857, 391 
1719916021916.00, 49135, -592964, 428 
1719916021937.00, 55868, -591900, 421 
1719916021959.00, 59412, -590678, 533 
1719916021981.00, 62959, -589391, 548 
1719916022002.00, 62836, -588032, 624 
1719916022023.00, 62724, -586658, 700 
1719916022045.00, 62842, -585305, 734 
1719916022067.00, 62878, -583945, 802 
1719916022089.00, 62652, -582582, 887 
1719916022110.00, 62646, -581216, 904 
1719916022132.00, 62750, -579860, 932 
1719916022154.00, 62586, -578506, 965 
1719916022175.00, 62560, -577144, 972 
1719916022197.00, 62598, -575795, 988 
1719916022218.00, 62568, -574433, 1000 
1719916022240.00, 62584, -573070, 1012 
1719916022262.00, 62656, -571714, 1005 
1719916022284.00, 62629, -570350, 964 
1719916022305.00, 62626, -569001, 981 
1719916022326.00, 62508, -567639, 965 
1719916022349.00, 62607, -566284, 951 
1719916022370.00, 62617, -564926, 939 
1719916022391.00, 62588, -563566, 955 
1719916022414.00, 62416, -562218, 944 
1719916022435.00, 62534, -560856, 942 
1719916022457.00, 62491, -559507, 935 
1719916022478.00, 62524, -558146, 937 
1719916022499.00, 62568, -556795, 952 
1719916022522.00, 62504, -555442, 945 
1719916022547.00, 62564, -554080, 966 
1719916022565.00, 62580, -552730, 983 
1719916022587.00, 62511, -551363, 975 
1719916022608.00, 62641, -550006, 992 
1719916022630.00, 62690, -548652, 996 
1719916022654.00, 62561, -547288, 1013 
1719916022673.00, 62455, -545937, 1011 
1719916022695.00, 62469, -544567, 1010 
1719916022717.00, 62448, -543212, 1024 
1719916022739.00, 62615, -541846, 1029 
1719916022760.00, 62504, -540488, 1027 
1719916022782.00, 62533, -539126, 1020 
1719916022803.00, 62735, -537766, 1023 
1719916022825.00, 62698, -536405, 1026 
1719916022846.00, 62678, -535042, 1009 
1719916022869.00, 62661, -533679, 1019 
1719916022890.00, 62572, -532313, 1021 
1719916022912.00, 62654, -530948, 1028 
1719916022934.00, 62727, -529593, 1038 
1719916022956.00, 62518, -528226, 1028 
1719916022977.00, 62423, -526868, 1048 
1719916022999.00, 62559, -525504, 1035 
1719916023021.00, 62421, -524142, 1039 
1719916023043.00, 62447, -522789, 1035 
1719916023064.00, 62591, -521419, 1046 
1719916023088.00, 62544, -520065, 1053 
1719916023107.00, 62591, -518704, 1036 
1719916023130.00, 62749, -517342, 1049 
1719916023151.00, 62502, -515971, 1033 
1719916023173.00, 62520, -514616, 1022 
1719916023195.00, 62681, -513257, 1013 
1719916023217.00, 62595, -511898, 995 
1719916023238.00, 62627, -510547, 975 
1719916023259.00, 62503, -509181, 959 
1719916023281.00, 62567, -507827, 930 
1719916023303.00, 62503, -506480, 914 
1719916023325.00, 62600, -505121, 877 
1719916023346.00, 62620, -503771, 873 
1719916023367.00, 62585, -502407, 863 
1719916023389.00, 62660, -501055, 844 
1719916023411.00, 62646, -499700, 823 
1719916023433.00, 62643, -498341, 822 
1719916023455.00, 62570, -496988, 824 
1719916023476.00, 62692, -495627, 813 
1719916023497.00, 62491, -494273, 818 
1719916023519.00, 62452, -492916, 810 
1719916023541.00, 62497, -491559, 813 
1719916023563.00, 62576, -490207, 815 
1719916023585.00, 62684, -488848, 814 
1719916023606.00, 62677, -487496, 812 
1719916023631.00, 62611, -486135, 804 
1719916023649.00, 62670, -484779, 808 
1719916023671.00, 62488, -483419, 803 
1719916023693.00, 62650, -482064, 793 
1719916023714.00, 62508, -480716, 792 
1719916023736.00, 62598, -479355, 776 
1719916023757.00, 62400, -478003, 772 
1719916023778.00, 62577, -476644, 763 
1719916023801.00, 62640, -475287, 757 
1719916023822.00, 62662, -473937, 768 
1719916023844.00, 62639, -472577, 772 
1719916023866.00, 62613, -471224, 782 
1719916023887.00, 62525, -469860, 776 
1719916023909.00, 62529, -468509, 778 
1719916023930.00, 62446, -467156, 771 
1719916023952.00, 62547, -465793, 766 
1719916023973.00, 62526, -464443, 757 
1719916023995.00, 62582, -463081, 748 
1719916024017.00, 62475, -461733, 747 
1719916024039.00, 62472, -460380, 740 
1719916024060.00, 62565, -459018, 743 
1719916024082.00, 62602, -457673, 748 
1719916024103.00, 62625, -456311, 748 
1719916024125.00, 62654, -454961, 748 
1719916024147.00, 62587, -453602, 736 
1719916024169.00, 62597, -452242, 727 
1719916024192.00, 62605, -450890, 722 
1719916024212.00, 62668, -449524, 719 
1719916024233.00, 62626, -448175, 721 
1719916024255.00, 62559, -446814, 719 
1719916024277.00, 62620, -445459, 716 
1719916024303.00, 62603, -444107, 714 
1719916024320.00, 62660, -442747, 706 
1719916024341.00, 62671, -441398, 704 
1719916024363.00, 62651, -440033, 703 
1719916024385.00, 62608, -438679, 696 
1719916024406.00, 62660, -437320, 680 
1719916024428.00, 62490, -435969, 667 
1719916024449.00, 62487, -434613, 658 
1719916024471.00, 62514, -433258, 633 
1719916024493.00, 62465, -431907, 625 
1719916024515.00, 35546, -430557, 612 
1719916024537.00, 19734, -429767, 663 
1719916024558.00, 10039, -429326, 645 
1719916024580.00, 4500, -429099, 667 
1719916024601.00, 1112, -428998, 681 
1719916024624.00, -70, -428972, 663 
1719916024644.00, -1234, -428972, 654 
1719916024665.00, -2122, -428994, 616 
1719916024687.00, -2689, -429036, 568 
1719916024708.00, -3088, -429097, 503 
1719916024731.00, -3193, -429166, 416 
1719916024751.00, -3267, -429239, 329 
1719916024772.00, -3286, -429312, 234 
1719916024793.00, -3305, -429389, 150 
1719916024815.00, -3406, -429463, 65 
1719916024837.00, -3085, -429546, -15 
1719916024860.00, -3998, -429621, -102 
1719916024880.00, -9659, -429711, -171 
1719916024901.00, -17003, -429917, -228 
1719916024923.00, -24722, -430281, -289 
1719916024944.00, -32903, -430815, -325 
1719916024966.00, -40207, -431531, -349 
1719916024988.00, -45523, -432404, -563 
1719916025009.00, -54921, -433384, -506 
1719916025032.00, -60376, -434578, -540 
1719916025055.00, -62805, -435889, -580 
1719916025074.00, -62752, -437249, -634 
1719916025096.00, -62713, -438616, -681 
1719916025118.00, -62680, -439967, -688 
1719916025140.00, -62596, -441332, -762 
1719916025161.00, -62612, -442686, -728 
1719916025183.00, -62420, -444045, -732 
1719916025204.00, -62502, -445406, -759 
1719916025226.00, -62555, -446751, -739 
1719916025248.00, -62535, -448108, -740 
1719916025269.00, -62697, -449457, -756 
1719916025291.00, -62492, -450822, -754 
1719916025312.00, -62490, -452179, -702 
1719916025334.00, -62573, -453531, -701 
1719916025355.00, -62599, -454891, -722 
1719916025377.00, -62493, -456233, -685 
1719916025399.00, -62477, -457595, -694 
1719916025421.00, -62578, -458951, -702 
1719916025443.00, -62601, -460308, -704 
1719916025464.00, -62635, -461666, -709 
1719916025486.00, -62489, -463012, -693 
1719916025507.00, -62516, -464375, -699 
1719916025528.00, -62549, -465717, -682 
1719916025550.00, -62496, -467079, -652 
1719916025572.00, -62571, -468439, -648 
1719916025594.00, -62535, -469791, -673 
1719916025616.00, -62641, -471154, -684 
1719916025637.00, -62590, -472497, -665 
1719916025658.00, -62688, -473862, -690 
1719916025680.00, -62693, -475213, -690 
1719916025702.00, -62623, -476574, -662 
1719916025723.00, -62619, -477936, -670 
1719916025745.00, -62626, -479279, -645 
1719916025767.00, -62670, -480638, -640 
1719916025788.00, -62566, -481987, -646 
1719916025810.00, -62652, -483349, -649 
1719916025832.00, -62652, -484712, -661 
1719916025853.00, -62609, -486067, -661 
1719916025875.00, -62570, -487432, -695 
1719916025897.00, -62607, -488776, -691 
1719916025919.00, -62687, -490139, -694 
1719916025940.00, -62580, -491494, -701 
1719916025961.00, -62586, -492854, -682 
1719916025982.00, -62475, -494215, -667 
1719916026005.00, -62553, -495555, -619 
1719916026027.00, -62551, -496921, -621 
1719916026048.00, -62507, -498263, -620 
1719916026069.00, -62562, -499624, -612 
1719916026091.00, -62562, -500986, -628 
1719916026113.00, -62523, -502338, -625 
1719916026135.00, -62509, -503705, -646 
1719916026156.00, -62614, -505049, -640 
1719916026177.00, -62501, -506411, -647 
1719916026199.00, -62608, -507765, -650 
1719916026221.00, -62512, -509122, -630 
1719916026243.00, -62585, -510481, -622 
1719916026265.00, -62573, -511827, -595 
1719916026286.00, -62645, -513189, -603 
1719916026308.00, -62517, -514533, -615 
1719916026329.00, -62560, -515901, -622 
1719916026351.00, -62591, -517266, -640 
1719916026372.00, -62636, -518617, -633 
1719916026394.00, -62635, -519985, -658 
1719916026416.00, -62620, -521328, -671 
1719916026438.00, -62633, -522691, -686 
1719916026459.00, -62635, -524048, -702 
1719916026481.00, -62515, -525405, -713 
1719916026502.00, -62583, -526769, -738 
1719916026524.00, -62564, -528119, -739 
1719916026546.00, -62652, -529480, -763 
1719916026567.00, -62545, -530830, -796 
1719916026589.00, -62679, -532191, -768 
1719916026611.00, -62620, -533558, -784 
1719916026632.00, -62572, -534904, -773 
1719916026653.00, -62567, -536272, -759 
1719916026675.00, -62586, -537614, -739 
1719916026697.00, -62620, -538967, -745 
1719916026719.00, -62559, -540326, -730 
1719916026740.00, -62592, -541681, -685 
1719916026762.00, -62620, -543044, -693 
1719916026784.00, -62545, -544390, -678 
1719916026806.00, -62502, -545748, -664 
1719916026827.00, -62516, -547094, -666 
1719916026849.00, -62521, -548452, -651 
1719916026870.00, -62517, -549816, -636 
1719916026892.00, -62538, -551163, -607 
1719916026915.00, -62527, -552533, -619 
1719916026935.00, -62640, -553875, -585 
1719916026957.00, -62481, -555230, -582 
1719916026978.00, -62477, -556591, -581 
1719916026999.00, -62516, -557942, -565 
1719916027026.00, -62553, -559301, -562 
1719916027044.00, -62493, -560651, -559 
1719916027064.00, -62440, -562016, -568 
1719916027086.00, -62496, -563356, -557 
1719916027108.00, -62453, -564715, -540 
1719916027131.00, -62539, -566079, -543 
1719916027152.00, -62478, -567429, -532 
1719916027173.00, -62542, -568789, -543 
1719916027195.00, -62554, -570132, -514 
1719916027216.00, -62665, -571487, -503 
1719916027238.00, -62543, -572846, -499 
1719916027260.00, -62555, -574203, -466 
1719916027282.00, -62562, -575565, -450 
1719916027303.00, -62731, -576909, -434 
1719916027325.00, -61775, -578267, -427 
1719916027347.00, -60895, -579602, -419 
1719916027368.00, -59943, -580927, -413 
1719916027390.00, -58881, -582232, -419 
1719916027411.00, -58778, -583506, -407 
1719916027433.00, -57923, -584779, -421 
1719916027456.00, -58428, -586034, -433 
1719916027477.00, -59210, -587287, -409 
1719916027498.00, -58314, -588578, -439 
1719916027520.00, -59683, -589842, -459 
1719916027541.00, -60681, -591132, -414 
1719916027565.00, -59849, -592447, -367 
1719916027584.00, -56113, -593734, -372 
1719916027606.00, -31641, -594940, -349 
1719916027628.00, -17174, -595659, -336 
1719916027649.00, -8733, -596046, -339 
1719916027671.00, -3557, -596240, -391 
1719916027692.00, -497, -596327, -420 
1719916027713.00, 605, -596339, -380 
1719916027735.00, 1619, -596334, -337 
1719916027757.00, 2345, -596301, -286 
1719916027779.00, 2925, -596249, -207 
1719916027806.00, 3300, -596187, -125 
1719916027822.00, 3287, -596108, 5 
1719916027843.00, 3320, -596029, 121 
1719916027864.00, 10463, -595942, 221 
1719916027886.00, 20994, -595717, 316 
1719916027908.00, 32748, -595273, 403 
1719916027930.00, 45264, -594574, 424 
1719916027952.00, 53492, -593601, 593 
1719916027973.00, 59874, -592450, 559 
1719916027995.00, 63077, -591153, 574 
1719916028016.00, 62709, -589795, 603 
1719916028038.00, 62755, -588437, 636 
1719916028059.00, 62519, -587073, 663 
1719916028081.00, 62545, -585716, 691 
1719916028103.00, 62632, -584355, 721 
1719916028124.00, 62665, -583000, 752 
1719916028146.00, 62545, -581641, 776 
1719916028168.00, 62640, -580277, 800 
1719916028189.00, 62554, -578923, 844 
1719916028211.00, 62669, -577564, 861 
1719916028232.00, 62531, -576208, 879 
1719916028257.00, 62503, -574855, 870 
1719916028276.00, 62698, -573496, 850 
1719916028298.00, 62581, -572146, 867 
1719916028319.00, 62607, -570787, 876 
1719916028341.00, 62731, -569430, 904 
1719916028366.00, 62617, -568069, 920 
1719916028384.00, 62697, -566712, 946 
1719916028405.00, 62552, -565355, 973 
1719916028427.00, 62551, -563990, 1000 
1719916028449.00, 62476, -562637, 1012 
1719916028471.00, 62699, -561273, 1004 
1719916028493.00, 62391, -559912, 1030 
1719916028514.00, 62515, -558551, 1026 
1719916028536.00, 62639, -557189, 1014 
1719916028558.00, 62669, -555838, 1017 
1719916028580.00, 62749, -554470, 1020 
1719916028601.00, 62592, -553109, 1031 
1719916028623.00, 62521, -551747, 1010 
1719916028644.00, 62513, -550385, 1008 
1719916028667.00, 62728, -549027, 996 
1719916028687.00, 62473, -547666, 1009 
1719916028710.00, 62453, -546310, 993 
1719916028732.00, 62464, -544949, 972 
1719916028753.00, 62416, -543598, 979 
1719916028775.00, 62519, -542247, 972 
1719916028799.00, 62582, -540886, 966 
1719916028818.00, 62593, -539540, 956 
1719916028840.00, 62660, -538180, 938 
1719916028861.00, 62606, -536827, 949 
1719916028882.00, 62534, -535471, 947 
1719916028908.00, 62722, -534110, 955 
1719916028926.00, 62569, -532763, 951 
1719916028948.00, 62631, -531396, 962 
1719916028969.00, 62588, -530047, 974 
1719916028991.00, 62549, -528684, 967 
1719916029017.00, 62803, -527326, 977 
1719916029034.00, 62520, -525976, 987 
1719916029056.00, 62622, -524615, 988 
1719916029078.00, 62629, -523267, 984 
1719916029099.00, 62471, -521904, 964 
1719916029121.00, 62548, -520553, 941 
1719916029142.00, 62562, -519201, 933 
1719916029164.00, 62610, -517843, 933 
1719916029186.00, 62648, -516488, 932 
1719916029207.00, 62684, -515125, 916 
1719916029229.00, 62610, -513777, 920 
1719916029251.00, 62597, -512417, 906 
1719916029272.00, 62640, -511059, 912 
1719916029293.00, 62647, -509710, 904 
1719916029315.00, 62651, -508345, 930 
1719916029341.00, 62529, -506994, 961 
1719916029359.00, 62481, -505629, 989 
1719916029380.00, 62474, -504275, 1001 
1719916029402.00, 62634, -502914, 1010 
1719916029424.00, 62464, -501552, 1005 
1719916029446.00, 62505, -500192, 1003 
1719916029467.00, 62549, -498824, 988 
1719916029489.00, 62426, -497476, 981 
1719916029511.00, 62620, -496112, 971 
1719916029532.00, 62549, -494759, 955 
1719916029557.00, 62524, -493414, 950 
1719916029575.00, 62639, -492051, 942 
1719916029597.00, 62734, -490697, 926 
1719916029618.00, 62549, -489336, 924 
1719916029640.00, 62566, -487985, 918 
1719916029665.00, 62493, -486633, 897 
1719916029684.00, 62439, -485275, 883 
1719916029705.00, 62508, -483922, 870 
1719916029727.00, 62580, -482556, 851 
1719916029749.00, 62639, -481209, 843 
1719916029770.00, 62515, -479855, 843 
1719916029792.00, 62648, -478498, 851 
1719916029813.00, 62591, -477147, 864 
1719916029835.00, 62707, -475781, 861 
1719916029857.00, 62513, -474433, 847 
1719916029880.00, 62543, -473075, 826 
1719916029900.00, 62439, -471716, 807 
1719916029922.00, 62382, -470370, 785 
1719916029943.00, 62608, -469016, 757 
1719916029965.00, 62559, -467662, 734 
1719916029986.00, 62620, -466303, 706 
1719916030008.00, 62584, -464950, 684 
1719916030030.00, 62479, -463594, 668 
1719916030051.00, 62588, -462239, 660 
1719916030073.00, 62612, -460897, 648 
1719916030097.00, 62587, -459533, 631 
1719916030116.00, 62542, -458184, 618 
1719916030137.00, 62581, -456821, 594 
1719916030159.00, 62568, -455470, 574 
1719916030181.00, 62566, -454120, 563 
1719916030202.00, 62600, -452763, 552 
1719916030224.00, 62556, -451407, 548 
1719916030246.00, 62684, -450046, 539 
1719916030267.00, 62454, -448689, 538 
1719916030290.00, 62407, -447333, 537 
1719916030311.00, 62477, -445979, 538 
1719916030333.00, 62678, -444638, 541 
1719916030354.00, 62406, -443269, 536 
1719916030375.00, 62546, -441919, 530 
1719916030398.00, 62545, -440563, 521 
1719916030419.00, 62577, -439208, 515 
1719916030441.00, 62803, -437852, 509 
1719916030463.00, 62486, -436498, 503 
1719916030484.00, 62458, -435141, 496 
1719916030506.00, 62697, -433779, 481 
1719916030527.00, 62593, -432431, 479 
1719916030548.00, 35370, -431080, 465 
1719916030571.00, 19146, -430284, 506 
1719916030592.00, 9699, -429847, 499 
1719916030614.00, 4194, -429628, 510 
1719916030635.00, 921, -429531, 502 
1719916030657.00, -183, -429511, 476 
1719916030678.00, -1456, -429514, 427 
1719916030699.00, -2293, -429541, 382 
1719916030721.00, -2954, -429590, 320 
1719916030742.00, -3353, -429655, 235 
1719916030764.00, -3394, -429732, 138 
1719916030785.00, -3259, -429818, 27 
1719916030807.00, -3171, -429900, -81 
1719916030828.00, -7830, -429976, -159 
1719916030849.00, -15282, -430144, -221 
1719916030873.00, -23670, -430473, -280 
1719916030893.00, -32159, -430980, -321 
1719916030915.00, -39735, -431668, -328 
1719916030938.00, -44157, -432523, -475 
1719916030958.00, -54185, -433473, -417 
1719916030980.00, -58414, -434652, -478 
1719916031002.00, -62603, -435917, -510 
1719916031023.00, -62696, -437268, -527 
1719916031044.00, -62632, -438634, -568 
1719916031066.00, -62731, -439986, -586 
1719916031088.00, -62651, -441349, -600 
1719916031109.00, -62604, -442703, -614 
1719916031131.00, -62567, -444061, -621 
1719916031152.00, -62555, -445427, -649 
1719916031174.00, -62627, -446774, -663 
1719916031197.00, -62634, -448134, -673 
1719916031217.00, -62683, -449483, -688 
1719916031239.00, -62621, -450851, -705 
1719916031261.00, -62620, -452212, -714 
1719916031282.00, -62701, -453563, -728 
1719916031306.00, -62648, -454928, -766 
1719916031326.00, -62757, -456275, -781 
1719916031347.00, -62569, -457639, -811 
1719916031368.00, -62703, -458998, -841 
1719916031391.00, -62563, -460359, -828 
1719916031413.00, -62742, -461714, -832 
1719916031434.00, -62555, -463059, -848 
1719916031455.00, -62568, -464425, -865 
1719916031477.00, -62618, -465765, -826 
1719916031499.00, -62538, -467136, -814 
1719916031520.00, -62547, -468492, -843 
1719916031542.00, -62518, -469843, -831 
1719916031563.00, -62561, -471209, -827 
1719916031585.00, -62567, -472547, -811 
1719916031606.00, -62558, -473910, -824 
1719916031628.00, -62595, -475264, -816 
1719916031650.00, -62570, -476620, -812 
1719916031672.00, -62526, -477982, -840 
1719916031694.00, -62542, -479330, -843 
1719916031715.00, -62524, -480687, -828 
1719916031740.00, -62480, -482037, -856 
1719916031759.00, -62530, -483402, -861 
1719916031780.00, -62579, -484760, -854 
1719916031802.00, -62707, -486114, -827 
1719916031823.00, -62601, -487475, -848 
1719916031845.00, -62613, -488819, -830 
1719916031867.00, -62683, -490180, -834 
1719916031888.00, -62537, -491541, -847 
1719916031910.00, -62748, -492897, -835 
1719916031931.00, -62580, -494255, -832 
1719916031953.00, -62633, -495604, -809 
1719916031974.00, -62627, -496968, -831 
1719916031996.00, -62642, -498312, -832 
1719916032017.00, -62667, -499678, -818 
1719916032040.00, -62593, -501036, -816 
1719916032061.00, -62504, -502391, -819 
1719916032083.00, -62487, -503755, -835 
1719916032105.00, -62672, -505095, -827 
1719916032126.00, -62611, -506462, -855 
1719916032148.00, -62628, -507819, -889 
1719916032169.00, -62606, -509177, -906 
1719916032191.00, -62719, -510544, -934 
1719916032213.00, -62461, -511896, -993 
1719916032235.00, -62581, -513257, -976 
1719916032256.00, -62619, -514598, -962 
1719916032278.00, -62474, -515963, -939 
1719916032299.00, -62659, -517325, -962 
1719916032320.00, -62526, -518675, -947 
1719916032342.00, -62622, -520038, -951 
1719916032364.00, -62592, -521386, -949 
1719916032386.00, -62637, -522746, -955 
1719916032408.00, -62497, -524105, -974 
1719916032430.00, -62424, -525459, -966 
1719916032451.00, -62461, -526824, -957 
1719916032473.00, -62530, -528164, -923 
1719916032494.00, -62713, -529525, -928 
1719916032516.00, -62545, -530869, -929 
1719916032537.00, -62552, -532233, -888 
1719916032559.00, -62628, -533595, -880 
1719916032581.00, -62653, -534944, -862 
1719916032602.00, -62482, -536310, -867 
1719916032623.00, -62562, -537653, -849 
1719916032646.00, -62646, -539012, -864 
1719916032667.00, -62440, -540371, -904 
1719916032689.00, -62628, -541726, -880 
1719916032711.00, -62644, -543087, -898 
1719916032731.00, -62628, -544437, -901 
1719916032754.00, -62587, -545794, -878 
1719916032775.00, -62507, -547138, -859 
1719916032797.00, -62558, -548500, -839 
1719916032819.00, -62390, -549858, -826 
1719916032839.00, -62592, -551208, -805 
1719916032862.00, -62664, -552574, -816 
1719916032884.00, -62664, -553920, -813 
1719916032905.00, -62643, -555274, -803 
1719916032927.00, -62614, -556635, -802 
1719916032948.00, -62684, -557988, -798 
1719916032970.00, -62579, -559352, -834 
1719916032992.00, -62456, -560702, -830 
1719916033013.00, -62560, -562068, -851 
1719916033035.00, -62739, -563412, -911 
1719916033057.00, -62522, -564770, -925 
1719916033078.00, -62681, -566138, -933 
1719916033100.00, -62623, -567491, -973 
1719916033121.00, -62599, -568853, -995 
1719916033143.00, -62587, -570201, -982 
1719916033169.00, -62763, -571554, -975 
1719916033186.00, -62538, -572920, -1017 
1719916033208.00, -62398, -574281, -1014 
1719916033230.00, -62653, -575647, -992 
1719916033251.00, -62571, -576996, -1013 
1719916033278.00, -62603, -578356, -1004 
1719916033295.00, -62465, -579706, -944 
1719916033317.00, -62473, -581067, -904 
1719916033338.00, -62308, -582424, -905 
1719916033360.00, -62290, -583773, -853 
1719916033381.00, -62413, -585122, -799 
1719916033403.00, -62464, -586470, -765 
1719916033425.00, -62490, -587819, -730 
1719916033446.00, -62447, -589173, -693 
1719916033468.00, -62521, -590522, -648 
1719916033490.00, -62509, -591879, -598 
1719916033511.00, -62693, -593225, -564 
1719916033533.00, -35395, -594566, -512 
1719916033554.00, -19304, -595365, -489 
1719916033576.00, -9678, -595800, -462 
1719916033598.00, -4050, -596022, -462 
1719916033619.00, -702, -596119, -473 
1719916033641.00, 230, -596136, -410 
1719916033662.00, 1370, -596135, -370 
1719916033684.00, 2269, -596111, -331 
1719916033706.00, 2926, -596059, -229 
1719916033727.00, 3162, -595991, -136 
1719916033749.00, 3237, -595914, -45 
1719916033770.00, 3318, -595842, 59 
1719916033792.00, 6755, -595766, 117 
1719916033814.00, 12384, -595619, 156 
1719916033835.00, 17911, -595353, 197 
1719916033857.00, 23802, -594968, 235 
1719916033878.00, 29358, -594455, 279 
1719916033899.00, 35308, -593823, 312 
1719916033922.00, 40914, -593064, 356 
1719916033943.00, 46831, -592183, 410 
1719916033965.00, 53339, -591176, 424 
1719916033987.00, 58157, -590014, 504 
1719916034008.00, 62212, -588759, 557 
1719916034030.00, 62784, -587402, 566 
1719916034051.00, 62840, -586040, 632 
1719916034073.00, 62705, -584680, 662 
1719916034094.00, 62626, -583323, 690 
1719916034117.00, 62690, -581965, 733 
1719916034138.00, 62637, -580601, 759 
1719916034159.00, 62606, -579246, 785 
1719916034181.00, 62658, -577880, 830 
1719916034203.00, 62631, -576522, 875 
1719916034225.00, 62452, -575168, 914 
1719916034246.00, 62538, -573802, 938 
1719916034268.00, 62576, -572451, 976 
1719916034289.00, 62592, -571089, 1001 
1719916034311.00, 62607, -569730, 1023 
1719916034333.00, 62539, -568367, 1048 
1719916034355.00, 62634, -566998, 1058 
1719916034377.00, 62669, -565640, 1075 
1719916034398.00, 62656, -564273, 1102 
1719916034420.00, 62756, -562911, 1122 
1719916034441.00, 62599, -561551, 1131 
1719916034463.00, 62565, -560179, 1163 
1719916034485.00, 62573, -558825, 1183 
1719916034506.00, 62533, -557451, 1197 
1719916034529.00, 62497, -556099, 1210 
1719916034550.00, 62708, -554735, 1220 
1719916034572.00, 62587, -553372, 1239 
1719916034593.00, 62505, -552010, 1250 
1719916034615.00, 62661, -550645, 1251 
1719916034637.00, 62394, -549287, 1254 
1719916034658.00, 62418, -547915, 1274 
1719916034680.00, 62560, -546562, 1254 
1719916034703.00, 62579, -545201, 1242 
1719916034724.00, 62547, -543841, 1261 
1719916034746.00, 62554, -542481, 1234 
1719916034767.00, 62503, -541112, 1224 
1719916034789.00, 62403, -539759, 1214 
1719916034811.00, 62367, -538397, 1193 
1719916034833.00, 62513, -537040, 1188 
1719916034854.00, 62606, -535685, 1153 
1719916034876.00, 62551, -534324, 1141 
1719916034898.00, 62476, -532964, 1126 
1719916034920.00, 62389, -531600, 1101 
1719916034941.00, 62372, -530243, 1082 
1719916034963.00, 62594, -528881, 1059 
1719916034985.00, 62420, -527526, 1048 
1719916035007.00, 62423, -526170, 1028 
1719916035028.00, 62619, -524805, 1015 
1719916035050.00, 62608, -523453, 1006 
1719916035072.00, 62647, -522086, 995 
1719916035093.00, 62658, -520731, 1005 
1719916035114.00, 62567, -519377, 1005 
1719916035136.00, 62570, -518009, 1014 
1719916035158.00, 62649, -516652, 1008 
1719916035180.00, 62506, -515283, 1007 
1719916035202.00, 62519, -513930, 979 
1719916035223.00, 62515, -512572, 959 
1719916035245.00, 62579, -511216, 947 
1719916035267.00, 62512, -509869, 924 
1719916035289.00, 62513, -508507, 903 
1719916035310.00, 62526, -507157, 892 
1719916035332.00, 62531, -505795, 872 
1719916035354.00, 62687, -504438, 866 
1719916035375.00, 62582, -503090, 860 
1719916035397.00, 62700, -501728, 859 
1719916035418.00, 62632, -500379, 851 
1719916035439.00, 62634, -499013, 837 
1719916035461.00, 62550, -497656, 832 
1719916035483.00, 62569, -496301, 830 
1719916035504.00, 62711, -494944, 838 
1719916035526.00, 62533, -493594, 844 
1719916035548.00, 62568, -492229, 849 
1719916035570.00, 62477, -490874, 844 
1719916035591.00, 62393, -489517, 821 
1719916035613.00, 62523, -488164, 808 
1719916035635.00, 62608, -486816, 802 
1719916035656.00, 62581, -485457, 794 
1719916035678.00, 62521, -484101, 785 
1719916035700.00, 62581, -482736, 759 
1719916035721.00, 62578, -481387, 750 
1719916035743.00, 62577, -480027, 747 
1719916035765.00, 62680, -478673, 732 
1719916035789.00, 62640, -477325, 728 
1719916035808.00, 62675, -475956, 727 
1719916035829.00, 62467, -474605, 734 
1719916035851.00, 62566, -473248, 723 
1719916035872.00, 62478, -471890, 738 
1719916035894.00, 62708, -470538, 739 
1719916035916.00, 62484, -469180, 737 
1719916035938.00, 62518, -467828, 727 
1719916035959.00, 62597, -466460, 723 
1719916035981.00, 62660, -465105, 722 
1719916036002.00, 62636, -463753, 714 
1719916036024.00, 62539, -462392, 713 
1719916036046.00, 62533, -461050, 708 
1719916036067.00, 62593, -459687, 682 
1719916036089.00, 62569, -458332, 655 
1719916036112.00, 62453, -456983, 620 
1719916036133.00, 62647, -455622, 600 
1719916036154.00, 62580, -454276, 578 
1719916036175.00, 62623, -452918, 558 
1719916036197.00, 62642, -451566, 552 
1719916036219.00, 62509, -450201, 538 
1719916036240.00, 62553, -448846, 519 
1719916036263.00, 62597, -447499, 507 
1719916036284.00, 62641, -446137, 495 
1719916036305.00, 62591, -444790, 489 
1719916036327.00, 62738, -443428, 476 
1719916036349.00, 62642, -442077, 465 
1719916036370.00, 62565, -440721, 453 
1719916036392.00, 62619, -439359, 446 
1719916036414.00, 62457, -438010, 435 
1719916036435.00, 61781, -436653, 415 
1719916036457.00, 60186, -435316, 412 
1719916036478.00, 58989, -434007, 397 
1719916036500.00, 57310, -432729, 385 
1719916036521.00, 55656, -431494, 377 
1719916036544.00, 31498, -430284, 373 
1719916036564.00, 16960, -429578, 406 
1719916036586.00, 8667, -429194, 387 
1719916036608.00, 3616, -429002, 418 
1719916036629.00, 615, -428918, 439 
1719916036651.00, -444, -428902, 434 
1719916036673.00, -1568, -428909, 405 
1719916036694.00, -2381, -428940, 358 
1719916036716.00, -2803, -428991, 295 
1719916036737.00, -3186, -429058, 216 
1719916036758.00, -3300, -429130, 125 
1719916036779.00, -3280, -429209, 29 
1719916036801.00, -3185, -429289, -64 
1719916036822.00, -6979, -429362, -143 
1719916036845.00, -13830, -429514, -225 
1719916036866.00, -22786, -429814, -294 
1719916036888.00, -32432, -430300, -329 
1719916036909.00, -40469, -430995, -346 
1719916036931.00, -46002, -431877, -517 
1719916036953.00, -55399, -432857, -511 
1719916036974.00, -60625, -434050, -532 
1719916036997.00, -62869, -435383, -586 
1719916037018.00, -62423, -436740, -668 
1719916037039.00, -62693, -438112, -740 
1719916037061.00, -62698, -439458, -697 
1719916037082.00, -62619, -440817, -750 
1719916037105.00, -62561, -442180, -804 
1719916037125.00, -62644, -443535, -787 
1719916037147.00, -62720, -444900, -819 
1719916037168.00, -62639, -446249, -855 
1719916037190.00, -62663, -447607, -869 
1719916037213.00, -62777, -448956, -882 
1719916037234.00, -62470, -450320, -905 
1719916037256.00, -62770, -451689, -931 
1719916037277.00, -62641, -453037, -910 
1719916037299.00, -62550, -454398, -930 
1719916037322.00, -62670, -455747, -942 
1719916037342.00, -62650, -457102, -938 
1719916037364.00, -62602, -458462, -931 
1719916037385.00, -62742, -459821, -931 
1719916037406.00, -62732, -461185, -952 
1719916037434.00, -62594, -462532, -941 
1719916037450.00, -62632, -463888, -945 
1719916037471.00, -62681, -465240, -951 
1719916037493.00, -62569, -466599, -943 
1719916037515.00, -62664, -467965, -933 
1719916037542.00, -62795, -469310, -943 
1719916037559.00, -62509, -470679, -921 
1719916037580.00, -62658, -472025, -916 
1719916037602.00, -62586, -473375, -911 
1719916037623.00, -62577, -474742, -907 
1719916037645.00, -62571, -476093, -908 
1719916037666.00, -62491, -477461, -911 
1719916037688.00, -62549, -478806, -904 
1719916037710.00, -62585, -480163, -909 
1719916037731.00, -62560, -481515, -916 
1719916037753.00, -62549, -482869, -897 
1719916037776.00, -62579, -484237, -896 
1719916037796.00, -62576, -485588, -876 
1719916037818.00, -62632, -486953, -858 
1719916037839.00, -62487, -488299, -871 
1719916037861.00, -62531, -489651, -878 
1719916037883.00, -62532, -491016, -856 
1719916037904.00, -62497, -492367, -814 
1719916037926.00, -62562, -493733, -824 
1719916037947.00, -62405, -495077, -809 
1719916037970.00, -62652, -496437, -800 
1719916037991.00, -62596, -497788, -777 
1719916038012.00, -62511, -499144, -754 
1719916038034.00, -62458, -500515, -750 
1719916038056.00, -62643, -501857, -711 
1719916038078.00, -62635, -503217, -700 
1719916038099.00, -62610, -504570, -721 
1719916038121.00, -62585, -505922, -681 
1719916038142.00, -62577, -507289, -669 
1719916038164.00, -62561, -508636, -652 
1719916038186.00, -62499, -510007, -666 
1719916038207.00, -62602, -511346, -637 
1719916038229.00, -62625, -512703, -629 
1719916038251.00, -62624, -514062, -657 
1719916038272.00, -62601, -515413, -638 
1719916038294.00, -62717, -516784, -656 
1719916038315.00, -62634, -518132, -660 
1719916038338.00, -62698, -519500, -677 
1719916038359.00, -62706, -520846, -687 
1719916038381.00, -62520, -522202, -676 
1719916038402.00, -62528, -523571, -704 
1719916038424.00, -62621, -524918, -676 
1719916038445.00, -62650, -526285, -680 
1719916038467.00, -62800, -527632, -692 
1719916038489.00, -62434, -528988, -682 
1719916038511.00, -62567, -530347, -692 
1719916038531.00, -62561, -531691, -675 
1719916038553.00, -62565, -533063, -669 
1719916038575.00, -62581, -534412, -662 
1719916038597.00, -62542, -535776, -666 
1719916038619.00, -62506, -537123, -652 
1719916038640.00, -62447, -538472, -618 
1719916038662.00, -62530, -539838, -630 
1719916038683.00, -62600, -541184, -617 
1719916038704.00, -62582, -542553, -621 
1719916038726.00, -62601, -543904, -617 
1719916038749.00, -62643, -545258, -615 
1719916038770.00, -62490, -546608, -614 
1719916038791.00, -62464, -547964, -590 
1719916038813.00, -62574, -549333, -609 
1719916038835.00, -62517, -550681, -606 
1719916038857.00, -62512, -552043, -592 
1719916038878.00, -62365, -553398, -590 
1719916038899.00, -62525, -554747, -602 
1719916038921.00, -62517, -556106, -608 
1719916038943.00, -62511, -557455, -581 
1719916038964.00, -62414, -558820, -596 
1719916038986.00, -62488, -560170, -593 
1719916039008.00, -62688, -561523, -579 
1719916039030.00, -62569, -562876, -586 
1719916039051.00, -62578, -564226, -581 
1719916039073.00, -62768, -565597, -573 
1719916039095.00, -62506, -566948, -551 
1719916039116.00, -62500, -568307, -555 
1719916039138.00, -62752, -569661, -545 
1719916039160.00, -62523, -571005, -511 
1719916039181.00, -62592, -572365, -521 
1719916039203.00, -62767, -573721, -512 
1719916039225.00, -62554, -575081, -481 
1719916039247.00, -62598, -576433, -467 
1719916039268.00, -62765, -577784, -486 
1719916039289.00, -62588, -579139, -475 
1719916039311.00, -62547, -580492, -420 
1719916039333.00, -61123, -581856, -449 
1719916039354.00, -61736, -583176, -478 
1719916039375.00, -62020, -584513, -451 
1719916039398.00, -62437, -585856, -442 
1719916039419.00, -62109, -587202, -461 
1719916039441.00, -62264, -588557, -474 
1719916039463.00, -62559, -589902, -432 
1719916039484.00, -61622, -591252, -428 
1719916039509.00, -60732, -592589, -443 
1719916039527.00, -61137, -593903, -396 
1719916039548.00, -34911, -595217, -353 
1719916039571.00, -18644, -595999, -401 
1719916039592.00, -9498, -596424, -361 
1719916039614.00, -4174, -596636, -313 
1719916039636.00, -838, -596732, -383 
1719916039657.00, 167, -596754, -339 
1719916039678.00, 1364, -596754, -298 
1719916039700.00, 2398, -596728, -243 
1719916039722.00, 2833, -596675, -154 
1719916039743.00, 3198, -596607, -62 
1719916039764.00, 3427, -596530, 46 
1719916039786.00, 6058, -596449, 148 
1719916039808.00, 13491, -596307, 224 
1719916039830.00, 22856, -596021, 268 
1719916039851.00, 30872, -595536, 340 
1719916039873.00, 40099, -594866, 402 
1719916039895.00, 49265, -594008, 430 
1719916039916.00, 56124, -592953, 443 
1719916039938.00, 61164, -591730, 500 
1719916039959.00, 62742, -590405, 520 
1719916039981.00, 62663, -589053, 490 
1719916040002.00, 62781, -587696, 480 
1719916040024.00, 62548, -586337, 511 
1719916040046.00, 62722, -584985, 505 
1719916040067.00, 62742, -583620, 523 
1719916040089.00, 62519, -582267, 541 
1719916040111.00, 62630, -580904, 546 
1719916040132.00, 62721, -579548, 581 
1719916040154.00, 62715, -578193, 592 
1719916040176.00, 62604, -576830, 614 
1719916040197.00, 62752, -575481, 646 
1719916040218.00, 62551, -574115, 666 
1719916040241.00, 62534, -572763, 693 
1719916040262.00, 62614, -571406, 702 
1719916040284.00, 62655, -570046, 730 
1719916040305.00, 62467, -568694, 757 
1719916040326.00, 62628, -567335, 759 
1719916040349.00, 62576, -565978, 796 
1719916040370.00, 62691, -564620, 810 
1719916040392.00, 62565, -563265, 822 
1719916040414.00, 62530, -561910, 829 
1719916040435.00, 62667, -560553, 840 
1719916040457.00, 62515, -559199, 861 
1719916040479.00, 62606, -557835, 875 
1719916040500.00, 62656, -556484, 886 
1719916040522.00, 62679, -555133, 882 
1719916040543.00, 62594, -553768, 893 
1719916040565.00, 62585, -552417, 902 
1719916040587.00, 62612, -551058, 909 
1719916040608.00, 62539, -549702, 916 
1719916040630.00, 62623, -548340, 911 
1719916040651.00, 62475, -546987, 921 
1719916040673.00, 62538, -545634, 932 
1719916040694.00, 62607, -544270, 937 
1719916040717.00, 62750, -542925, 936 
1719916040738.00, 62667, -541564, 909 
1719916040760.00, 62563, -540206, 913 
1719916040781.00, 62579, -538858, 880 
1719916040803.00, 62626, -537500, 860 
1719916040830.00, 62648, -536150, 851 
1719916040847.00, 62555, -534791, 837 
1719916040868.00, 62688, -533433, 840 
1719916040889.00, 62628, -532071, 832 
1719916040911.00, 62663, -530718, 841 
1719916040933.00, 62581, -529364, 833 
1719916040955.00, 62541, -528001, 834 
1719916040976.00, 62682, -526655, 836 
1719916040998.00, 62545, -525291, 825 
1719916041020.00, 62402, -523933, 829 
1719916041041.00, 62506, -522587, 813 
1719916041062.00, 62627, -521223, 821 
1719916041084.00, 62714, -519878, 827 
1719916041106.00, 62717, -518517, 832 
1719916041128.00, 62595, -517157, 843 
1719916041149.00, 62488, -515794, 837 
1719916041171.00, 62521, -514438, 839 
1719916041193.00, 62581, -513092, 844 
1719916041214.00, 62574, -511732, 853 
1719916041236.00, 62493, -510378, 854 
1719916041262.00, 62541, -509015, 856 
1719916041279.00, 62478, -507658, 869 
1719916041300.00, 62543, -506307, 877 
1719916041322.00, 62602, -504946, 887 
1719916041344.00, 62526, -503600, 900 
1719916041365.00, 62576, -502231, 909 
1719916041387.00, 62462, -500882, 900 
1719916041409.00, 62443, -499521, 889 
1719916041431.00, 62522, -498166, 878 
1719916041452.00, 62586, -496818, 847 
1719916041474.00, 62493, -495456, 829 
1719916041495.00, 62451, -494112, 808 
1719916041517.00, 62414, -492751, 780 
1719916041538.00, 62459, -491397, 769 
1719916041560.00, 62515, -490048, 755 
1719916041581.00, 62532, -488686, 740 
1719916041604.00, 62576, -487341, 729 
1719916041625.00, 62541, -485979, 713 
1719916041647.00, 62714, -484622, 715 
1719916041669.00, 62616, -483266, 708 
1719916041695.00, 62601, -481905, 703 
1719916041712.00, 62578, -480559, 688 
1719916041734.00, 62630, -479195, 675 
1719916041755.00, 62677, -477844, 664 
1719916041777.00, 62529, -476484, 653 
1719916041798.00, 62683, -475126, 645 
1719916041820.00, 62662, -473778, 636 
1719916041842.00, 62593, -472419, 634 
1719916041864.00, 62640, -471069, 637 
1719916041884.00, 62590, -469701, 627 
1719916041906.00, 62551, -468351, 631 
1719916041928.00, 62628, -466995, 622 
1719916041949.00, 62520, -465630, 613 
1719916041972.00, 62539, -464283, 608 
1719916041992.00, 62694, -462922, 595 
1719916042014.00, 62633, -461573, 587 
1719916042036.00, 62614, -460214, 568 
1719916042057.00, 62777, -458859, 552 
1719916042080.00, 62508, -457506, 541 
1719916042101.00, 62556, -456146, 534 
1719916042123.00, 62602, -454796, 532 
1719916042144.00, 62631, -453433, 522 
1719916042166.00, 62312, -452078, 523 
1719916042187.00, 62521, -450722, 512 
1719916042209.00, 62572, -449364, 510 
1719916042231.00, 62510, -448018, 503 
1719916042255.00, 62612, -446654, 497 
1719916042275.00, 62500, -445302, 491 
1719916042296.00, 62464, -443942, 474 
1719916042318.00, 62549, -442592, 469 
1719916042340.00, 62421, -441243, 473 
1719916042367.00, 62512, -439874, 482 
1719916042383.00, 62567, -438527, 490 
1719916042404.00, 62606, -437166, 481 
1719916042425.00, 62393, -435811, 483 
1719916042447.00, 62419, -434456, 476 
1719916042469.00, 62483, -433100, 478 
1719916042491.00, 62474, -431750, 475 
1719916042512.00, 35672, -430395, 466 
1719916042534.00, 19493, -429605, 504 
1719916042555.00, 10184, -429165, 491 
1719916042577.00, 4289, -428940, 524 
1719916042599.00, 924, -428838, 518 
1719916042620.00, -241, -428817, 495 
1719916042641.00, -1424, -428821, 454 
1719916042663.00, -2289, -428848, 405 
1719916042687.00, -2898, -428898, 338 
1719916042705.00, -3139, -428965, 245 
1719916042727.00, -3311, -429040, 152 
1719916042749.00, -3462, -429115, 75 
1719916042770.00, -3378, -429199, -21 
1719916042797.00, -4373, -429278, -126 
1719916042813.00, -11346, -429378, -190 
1719916042834.00, -19261, -429618, -252 
1719916042857.00, -27607, -430030, -299 
1719916042878.00, -35649, -430620, -296 
1719916042903.00, -39977, -431402, -449 
1719916042921.00, -51776, -432262, -411 
1719916042943.00, -56589, -433360, -427 
1719916042964.00, -60294, -434603, -450 
1719916042986.00, -62807, -435902, -472 
1719916043008.00, -62711, -437265, -476 
1719916043030.00, -62676, -438630, -503 
1719916043052.00, -62679, -439974, -530 
1719916043073.00, -62588, -441344, -542 
1719916043094.00, -62586, -442693, -531 
1719916043120.00, -62598, -444053, -547 
1719916043138.00, -62481, -445414, -571 
1719916043160.00, -62614, -446760, -550 
1719916043181.00, -62699, -448120, -546 
1719916043203.00, -62667, -449468, -554 
1719916043225.00, -62494, -450839, -560 
1719916043246.00, -62726, -452198, -568 
1719916043267.00, -62632, -453550, -579 
1719916043290.00, -62657, -454910, -607 
1719916043311.00, -62785, -456257, -610 
1719916043333.00, -62560, -457620, -590 
1719916043354.00, -62662, -458974, -606 
1719916043375.00, -62600, -460334, -619 
1719916043397.00, -62712, -461697, -653 
1719916043419.00, -62519, -463037, -635 
1719916043442.00, -62645, -464405, -668 
1719916043462.00, -62564, -465752, -698 
1719916043484.00, -62567, -467124, -715 
1719916043505.00, -62609, -468484, -759 
1719916043527.00, -62555, -469832, -745 
1719916043553.00, -62711, -471202, -763 
1719916043570.00, -62642, -472545, -788 
1719916043592.00, -62635, -473906, -795 
1719916043614.00, -62693, -475262, -822 
1719916043635.00, -62608, -476625, -839 
1719916043657.00, -62465, -477987, -866 
1719916043679.00, -62562, -479333, -858 
1719916043700.00, -62438, -480692, -864 
1719916043722.00, -62415, -482041, -851 
1719916043743.00, -62525, -483398, -798 
1719916043765.00, -62571, -484755, -790 
1719916043787.00, -62614, -486110, -783 
1719916043809.00, -62530, -487470, -805 
1719916043830.00, -62549, -488813, -775 
1719916043852.00, -62561, -490176, -781 
1719916043873.00, -62455, -491529, -775 
1719916043894.00, -62656, -492890, -767 
1719916043917.00, -62569, -494251, -770 
1719916043938.00, -62700, -495595, -749 
1719916043960.00, -62672, -496961, -778 
1719916043981.00, -62622, -498304, -776 
1719916044003.00, -62709, -499671, -769 
1719916044024.00, -62620, -501036, -766 
1719916044047.00, -62485, -502385, -775 
1719916044068.00, -62477, -503750, -781 
1719916044090.00, -62490, -505087, -744 
1719916044112.00, -62527, -506449, -732 
1719916044133.00, -62560, -507810, -761 
1719916044155.00, -62586, -509167, -797 
1719916044176.00, -62561, -510533, -822 
1719916044198.00, -62607, -511879, -803 
1719916044223.00, -62682, -513244, -812 
1719916044242.00, -62605, -514589, -850 
1719916044262.00, -62460, -515951, -820 
1719916044284.00, -62630, -517313, -792 
1719916044306.00, -62517, -518665, -780 
1719916044331.00, -62571, -520026, -792 
1719916044350.00, -62538, -521368, -789 
1719916044371.00, -62595, -522732, -787 
1719916044392.00, -62485, -524086, -806 
1719916044414.00, -62433, -525447, -802 
1719916044436.00, -62504, -526807, -796 
1719916044458.00, -62482, -528146, -763 
1719916044479.00, -62581, -529506, -744 
1719916044501.00, -62563, -530848, -698 
1719916044523.00, -62677, -532210, -649 
1719916044544.00, -62618, -533570, -648 
1719916044566.00, -62599, -534924, -640 
1719916044588.00, -62535, -536288, -643 
1719916044609.00, -62601, -537631, -647 
1719916044631.00, -62589, -538994, -680 
1719916044654.00, -62579, -540355, -702 
1719916044675.00, -62670, -541710, -705 
1719916044696.00, -62541, -543076, -735 
1719916044717.00, -62614, -544422, -707 
1719916044739.00, -62531, -545777, -677 
1719916044760.00, -62564, -547122, -660 
1719916044782.00, -62606, -548486, -643 
1719916044804.00, -62497, -549845, -628 
1719916044826.00, -62683, -551195, -597 
1719916044847.00, -62586, -552562, -622 
1719916044871.00, -62616, -553910, -617 
1719916044890.00, -62578, -555265, -591 
1719916044912.00, -62652, -556620, -579 
1719916044934.00, -62602, -557975, -549 
1719916044956.00, -62516, -559333, -541 
1719916044978.00, -62416, -560682, -515 
1719916044999.00, -62295, -562041, -495 
1719916045020.00, -62352, -563378, -464 
1719916045041.00, -62472, -564736, -440 
1719916045063.00, -62170, -566095, -425 
1719916045087.00, -61027, -567435, -391 
1719916045107.00, -58286, -568763, -396 
1719916045129.00, -57035, -570017, -413 
1719916045150.00, -57199, -571251, -417 
1719916045171.00, -57568, -572495, -422 
1719916045199.00, -58254, -573742, -433 
1719916045215.00, -59071, -575012, -466 
1719916045237.00, -60487, -576295, -474 
1719916045258.00, -61430, -577600, -456 
1719916045280.00, -61843, -578930, -464 
1719916045316.00, -62252, -580265, -461 
1719916045329.00, -62247, -581620, -442 
1719916045345.00, -62084, -582969, -389 
1719916045366.00, -58961, -584311, -373 
1719916045388.00, -55661, -585589, -392 
1719916045411.00, -55271, -586791, -341 
1719916045432.00, -51819, -587981, -283 
1719916045453.00, -46370, -589109, -311 
1719916045475.00, -44889, -590118, -348 
1719916045496.00, -46175, -591087, -312 
1719916045517.00, -44754, -592083, -276 
1719916045540.00, -41606, -593051, -294 
1719916045561.00, -23419, -593954, -286 
1719916045583.00, -12176, -594485, -281 
1719916045604.00, -5719, -594761, -262 
1719916045626.00, -1891, -594893, -272 
1719916045648.00, 64, -594942, -313 
1719916045669.00, 992, -594947, -296 
1719916045690.00, 1775, -594937, -295 
1719916045712.00, 2330, -594902, -293 
1719916045736.00, 2659, -594852, -266 
1719916045756.00, 2910, -594792, -243 
1719916045777.00, 2843, -594729, -228 
1719916045799.00, 2860, -594666, -215 
1719916045820.00, 2837, -594603, -203 
1719916045842.00, 2728, -594541, -183 
1719916045864.00, 2689, -594480, -170 
1719916045885.00, 2596, -594425, -164 
1719916045907.00, 2539, -594367, -149 
1719916045929.00, 2438, -594310, -132 
1719916045950.00, 2499, -594254, -116 
1719916045971.00, 2514, -594199, -98 
1719916045993.00, 2465, -594145, -78 
1719916046015.00, 2440, -594093, -58 
1719916046036.00, 2495, -594038, -41 
1719916046058.00, 2386, -593987, -25 
1719916046080.00, 2296, -593935, -14 
1719916046100.00, 2147, -593885, 8 
1719916046122.00, 2035, -593842, -18 
1719916046144.00, 1919, -593796, 11 
1719916046214.00, 2449, -593753, 13 
1719916046215.00, 2954, -593702, 14 
1719916046215.00, 3235, -593639, 10 
1719916046229.00, 6, -593568, 9 
1719916046251.00, 0, -593561, -102 
1719916046272.00, 1, -593561, -95 
1719916046293.00, 0, -593561, -95 
1719916046314.00, 0, -593562, -97 
1719916046335.00, -1, -593562, -105 
1719916046356.00, -41, -593561, -109 
1719916046378.00, 0, -593561, -103 
1719916046399.00, 0, -593561, -98 
1719916046420.00, 0, -593561, -96 
1719916046440.00, 0, -593562, -101 
1719916046461.00, -2, -593562, -114 
1719916046483.00, 0, -593563, -120 
1719916046503.00, 0, -593563, -127 
1719916046525.00, 0, -593562, -119 
1719916046546.00, 67, -593561, -105 
1719916046567.00, 0, -593561, -98 
1719916046589.00, 0, -593562, -101 
1719916046610.00, -10, -593562, -108 
1719916046631.00, 0, -593562, -111 
1719916046651.00, 13, -593562, -112 
1719916046674.00, -29, -593562, -111 
1719916046694.00, 69, -593562, -108 
1719916046716.00, 0, -593563, -103 
1719916046737.00, 41, -593562, -94 
1719916046758.00, 1, -593561, -91 
1719916046779.00, -1, -593561, -92 
1719916046800.00, -8, -593561, -90 
1719916046821.00, 6, -593561, -91 
1719916046843.00, 0, -593562, -91 
1719916046863.00, 0, -593561, -91 
1719916046884.00, 17, -593562, -90 
1719916046906.00, 1, -593562, -91 
1719916046927.00, -48, -593561, -92 
1719916046948.00, -6, -593561, -90 
1719916046969.00, 0, -593561, -91 
1719916046989.00, 5, -593561, -91 
1719916047030.00, -1, -593561, -91 
1719916047031.00, 0, -593561, -91 
1719916047053.00, -38, -593561, -91 
1719916047074.00, 4, -593561, -91 
1719916047094.00, 0, -593561, -91 
1719916047116.00, 10, -593561, -91 
1719916047137.00, 36, -593561, -91 
1719916047158.00, 50, -593561, -91 
1719916047179.00, 0, -593562, -91 
1719916047201.00, 48, -593562, -91 
1719916047222.00, 47, -593561, -91 
1719916047243.00, 0, -593562, -91 
1719916047264.00, -7, -593561, -91 
1719916047285.00, 0, -593561, -91 
1719916047306.00, 0, -593562, -91 
1719916047328.00, -7, -593561, -91 
1719916047349.00, -50, -593561, -91 
1719916047369.00, 0, -593562, -91 
1719916047390.00, -53, -593562, -91 
1719916047412.00, 13, -593561, -91 
1719916047433.00, 0, -593562, -91 
1719916047453.00, 1, -593561, -91 
1719916047475.00, 0, -593561, -91 
1719916047496.00, 0, -593562, -91 
1719916047517.00, -4, -593560, -91 
1719916047538.00, -38, -593561, -91 
1719916047559.00, -38, -593561, -91 
1719916047580.00, -1, -593560, -91 
1719916047601.00, -16, -593561, -91 
1719916047622.00, 0, -593562, -91 
1719916047644.00, 0, -593560, -91 
1719916047665.00, 21, -593562, -91 
1719916047685.00, 2, -593562, -91 
1719916047707.00, 0, -593561, -91 
1719916047728.00, -47, -593562, -91 
1719916047749.00, 13, -593561, -91 
1719916047770.00, -15, -593562, -91 
1719916047791.00, 0, -593562, -91 
1719916047812.00, -8, -593561, -91 
1719916047833.00, -2, -593561, -91 
1719916047854.00, 0, -593561, -91 
1719916047875.00, 42, -593562, -91 
1719916047897.00, -16, -593561, -91 
1719916047918.00, 6, -593562, -91 
1719916047939.00, -32, -593562, -91 
1719916047960.00, 14, -593561, -91 
1719916047981.00, 26, -593562, -91 
1719916048002.00, 0, -593561, -91 
1719916048024.00, -46, -593561, -91 
1719916048045.00, 0, -593561, -91 
1719916048066.00, 4, -593562, -91 
1719916048087.00, 19, -593561, -91 
1719916048108.00, 1, -593562, -91 
1719916048129.00, 0, -593562, -91 
1719916048150.00, 0, -593561, -91 
1719916048171.00, -17, -593561, -91 
1719916048192.00, 1, -593562, -91 
1719916048213.00, 0, -593561, -91 
1719916048234.00, -1, -593561, -91 
1719916048255.00, 0, -593561, -91 
1719916048277.00, -17, -593561, -91 
1719916048298.00, 39, -593561, -91 
1719916048319.00, 0, -593561, -91 
1719916048340.00, 0, -593561, -91 
1719916048361.00, 15, -593561, -91 
1719916048382.00, -29, -593561, -91 
1719916048403.00, 24, -593561, -91 
1719916048424.00, 0, -593561, -91 
1719916048445.00, -17, -593562, -91 
1719916048466.00, 0, -593561, -91 
1719916048488.00, 0, -593562, -91 
1719916048507.00, 0, -593561, -91 
1719916048529.00, 0, -593562, -91 
1719916048550.00, 6, -593561, -91 
1719916048572.00, 0, -593561, -91 
1719916048592.00, -1, -593561, -91 
1719916048614.00, 16, -593561, -91 
1719916048634.00, 0, -593562, -91 
1719916048655.00, 52, -593562, -91 
1719916048677.00, 0, -593562, -91 
1719916048698.00, -50, -593561, -91 
1719916048719.00, 0, -593561, -91 
1719916048740.00, 0, -593562, -91 
1719916048762.00, 40, -593561, -91 
1719916048783.00, 0, -593562, -91 
1719916048803.00, 0, -593562, -91 
1719916048824.00, 24, -593560, -91 
1719916048846.00, -19, -593561, -91 
1719916048867.00, 0, -593562, -91 
1719916048887.00, 0, -593561, -91 
1719916048908.00, 0, -593561, -91 
1719916048929.00, 0, -593561, -91 
1719916048950.00, 7, -593561, -91 
1719916048972.00, 38, -593561, -91 
1719916048993.00, 0, -593561, -91 
1719916049015.00, 63, -593562, -91 
1719916049036.00, -63, -593562, -91 
1719916049057.00, 35, -593561, -91 
1719916049078.00, 0, -593562, -91 
1719916049099.00, 1, -593561, -91 
1719916049120.00, 0, -593561, -91 
1719916049141.00, 0, -593561, -91 
