1718971098757.00, 282, -606717, -96 
1718971098779.00, 265, -606710, -97 
1718971098800.00, 262, -606703, -96 
1718971098821.00, 246, -606698, -94 
1718971098844.00, 256, -606693, -93 
1718971098880.00, 258, -606688, -93 
1718971098886.00, 240, -606682, -92 
1718971098907.00, 254, -606675, -91 
1718971098929.00, 257, -606670, -89 
1718971098950.00, 252, -606665, -87 
1718971098973.00, 247, -606662, -86 
1718971098993.00, 255, -606656, -84 
1718971099015.00, 253, -606650, -82 
1718971099036.00, 247, -606645, -79 
1718971099057.00, 242, -606640, -77 
1718971099082.00, 234, -606632, -75 
1718971099101.00, 232, -606629, -74 
1718971099122.00, 231, -606623, -72 
1718971099143.00, 232, -606618, -69 
1718971099165.00, 227, -606612, -66 
1718971099186.00, 212, -606606, -61 
1718971099208.00, 196, -606602, -58 
1718971099229.00, 184, -606599, -55 
1718971099251.00, 175, -606595, -50 
1718971099272.00, 164, -606590, -47 
1718971099294.00, 161, -606587, -49 
1718971099315.00, 153, -606584, -51 
1718971099337.00, 160, -606579, -51 
1718971099358.00, 152, -606576, -50 
1718971099380.00, 143, -606573, -48 
1718971099401.00, 140, -606569, -46 
1718971099423.00, 124, -606566, -47 
1718971099443.00, 126, -606564, -44 
1718971099466.00, 122, -606561, -44 
1718971099487.00, 124, -606559, -43 
1718971099508.00, 120, -606554, -42 
1718971099530.00, 122, -606552, -40 
1718971099551.00, 123, -606550, -38 
1718971099573.00, 116, -606546, -37 
1718971099594.00, 99, -606545, -35 
1718971099615.00, 94, -606541, -32 
1718971099637.00, 91, -606539, -30 
1718971099658.00, 83, -606538, -29 
1718971099680.00, 97, -606536, -26 
1718971099701.00, 103, -606535, -25 
1718971099723.00, 104, -606532, -27 
1718971099744.00, 97, -606530, -28 
1718971099765.00, 95, -606530, -29 
1718971099787.00, 81, -606527, -32 
1718971099808.00, 66, -606525, -36 
1718971099829.00, 60, -606523, -42 
1718971099851.00, 62, -606523, -47 
1718971099873.00, 61, -606521, -51 
1718971099894.00, 81, -606519, -53 
1718971099915.00, 79, -606519, -53 
1718971099936.00, 78, -606517, -55 
1718971099958.00, 81, -606516, -57 
1718971099979.00, 70, -606514, -56 
1718971100000.00, 68, -606513, -57 
1718971100021.00, 69, -606510, -56 
1718971100043.00, 67, -606509, -55 
1718971100069.00, 69, -606507, -53 
1718971100086.00, 81, -606506, -52 
1718971100109.00, 84, -606505, -52 
1718971100129.00, 68, -606503, -51 
1718971100150.00, 65, -606501, -49 
1718971100173.00, 74, -606499, -47 
1718971100193.00, 62, -606498, -44 
1718971100214.00, 84, -606497, -41 
1718971100236.00, 76, -606495, -38 
1718971100257.00, 60, -606493, -38 
1718971100283.00, 71, -606491, -36 
1718971100299.00, 54, -606490, -37 
1718971100321.00, 60, -606489, -37 
1718971100342.00, 55, -606487, -37 
1718971100363.00, 55, -606487, -37 
1718971100384.00, 41, -606485, -36 
1718971100407.00, 60, -606483, -35 
1718971100428.00, 59, -606483, -32 
1718971100449.00, 62, -606481, -29 
1718971100470.00, 48, -606480, -27 
1718971100492.00, 48, -606479, -25 
1718971100513.00, 61, -606478, -23 
1718971100534.00, 31, -606478, -22 
1718971100556.00, 42, -606476, -24 
1718971100577.00, -4, -606476, -23 
1718971100599.00, 10, -606476, -22 
1718971100620.00, 0, -606475, -21 
1718971100641.00, 0, -606475, -19 
1718971100661.00, 0, -606475, -17 
1718971100683.00, 0, -606473, -17 
1718971100704.00, 0, -606474, -18 
1718971100726.00, 0, -606473, -18 
1718971100746.00, 0, -606472, -17 
1718971100768.00, -13, -606473, -16 
1718971100796.00, 0, -606473, -15 
1718971100811.00, 0, -606473, -16 
1718971100832.00, 0, -606473, -15 
1718971100852.00, 0, -606472, -15 
1718971100874.00, 18, -606472, -14 
1718971100896.00, 26, -606472, -12 
1718971100917.00, 0, -606472, -12 
1718971100938.00, 0, -606473, -7 
1718971100959.00, 0, -606472, -7 
1718971100981.00, 53, -606472, -6 
1718971101001.00, 0, -606472, -5 
1718971101022.00, 0, -606471, -5 
1718971101044.00, -49, -606472, -7 
1718971101065.00, 0, -606472, -9 
1718971101086.00, 0, -606472, -12 
1718971101108.00, 0, -606472, -13 
1718971101129.00, 0, -606472, -13 
1718971101150.00, 0, -606472, -13 
1718971101171.00, -5, -606472, -13 
1718971101193.00, 0, -606471, -13 
1718971101214.00, 0, -606472, -13 
1718971101235.00, 0, -606471, -15 
1718971101256.00, 0, -606472, -16 
1718971101277.00, 0, -606471, -18 
1718971101298.00, 0, -606472, -19 
1718971101319.00, 0, -606471, -21 
1718971101341.00, 0, -606472, -23 
1718971101362.00, 0, -606471, -25 
1718971101386.00, 0, -606471, -25 
1718971101404.00, 67, -606471, -26 
1718971101426.00, 42, -606472, -27 
1718971101447.00, 0, -606472, -28 
1718971101469.00, 0, -606472, -28 
1718971101490.00, 0, -606471, -29 
1718971101511.00, 0, -606472, -29 
1718971101532.00, -65, -606472, -29 
1718971101553.00, 0, -606472, -28 
1718971101575.00, 0, -606472, -27 
1718971101596.00, 0, -606472, -26 
1718971101617.00, 0, -606471, -24 
1718971101638.00, 0, -606472, -22 
1718971101659.00, 0, -606472, -20 
1718971101680.00, 0, -606472, -19 
1718971101707.00, 0, -606471, -18 
1718971101722.00, 0, -606471, -18 
1718971101744.00, 0, -606470, -17 
1718971101765.00, 0, -606472, -16 
1718971101787.00, 0, -606471, -15 
1718971101808.00, 0, -606471, -15 
1718971101828.00, 0, -606471, -14 
1718971101850.00, 0, -606471, -14 
1718971101872.00, 57, -606470, -14 
1718971101893.00, 0, -606471, -14 
1718971101914.00, 0, -606472, -14 
1718971101935.00, 0, -606472, -15 
1718971101956.00, 0, -606469, -16 
1718971101977.00, 0, -606471, -18 
1718971101999.00, 0, -606471, -20 
1718971102019.00, 0, -606471, -21 
1718971102046.00, 21, -606471, -22 
1718971102063.00, 0, -606472, -24 
1718971102083.00, 0, -606471, -26 
1718971102104.00, 0, -606471, -29 
1718971102126.00, 0, -606472, -30 
1718971102148.00, 0, -606472, -31 
1718971102168.00, -9, -606471, -33 
1718971102190.00, 29, -606470, -34 
1718971102211.00, 0, -606471, -36 
1718971102232.00, 8, -606470, -38 
1718971102253.00, 0, -606471, -38 
1718971102274.00, 0, -606471, -40 
1718971102296.00, 0, -606472, -42 
1718971102317.00, -2, -606471, -45 
1718971102338.00, 0, -606472, -50 
1718971102365.00, 71, -606472, -56 
1718971102381.00, 0, -606471, -62 
1718971102402.00, 0, -606472, -70 
1718971102423.00, 0, -606473, -75 
1718971102445.00, 0, -606472, -79 
1718971102466.00, 0, -606472, -81 
1718971102486.00, 0, -606473, -88 
1718971102508.00, -43, -606473, -94 
1718971102530.00, 0, -606474, -94 
1718971102551.00, 0, -606472, -96 
1718971102571.00, 0, -606473, -95 
1718971102593.00, 0, -606472, -100 
1718971102615.00, 0, -606474, -101 
1718971102636.00, 0, -606474, -102 
1718971102657.00, 0, -606473, -104 
1718971102678.00, 0, -606475, -102 
1718971102700.00, 0, -606474, -104 
1718971102720.00, 0, -606475, -104 
1718971102742.00, 0, -606475, -105 
1718971102763.00, 0, -606474, -105 
1718971102785.00, 0, -606475, -116 
1718971102807.00, -15, -606475, -128 
1718971102827.00, 0, -606475, -134 
1718971102848.00, 0, -606476, -133 
1718971102870.00, 0, -606476, -133 
1718971102891.00, 0, -606476, -134 
1718971102921.00, 0, -606476, -132 
1718971102933.00, 0, -606476, -129 
1718971102955.00, 0, -606475, -129 
1718971102976.00, 0, -606476, -133 
1718971102997.00, 0, -606475, -132 
1718971103019.00, 0, -606476, -133 
1718971103040.00, 0, -606476, -135 
1718971103062.00, 0, -606475, -134 
1718971103083.00, 0, -606475, -132 
1718971103104.00, 0, -606476, -133 
1718971103126.00, 0, -606476, -137 
1718971103147.00, 0, -606476, -133 
1718971103168.00, 0, -606476, -138 
1718971103189.00, 0, -606476, -132 
1718971103211.00, 0, -606476, -133 
1718971103232.00, 0, -606476, -133 
1718971103253.00, 0, -606476, -132 
1718971103275.00, 0, -606475, -131 
1718971103295.00, 0, -606475, -127 
1718971103317.00, 0, -606476, -124 
1718971103339.00, 0, -606475, -121 
1718971103360.00, 0, -606476, -120 
1718971103381.00, 0, -606475, -116 
1718971103402.00, 0, -606475, -109 
1718971103424.00, 0, -606475, -106 
1718971103445.00, 0, -606475, -98 
1718971103466.00, -28, -606475, -89 
1718971103487.00, 0, -606473, -82 
1718971103508.00, 0, -606473, -75 
1718971103529.00, 0, -606473, -69 
1718971103550.00, 0, -606473, -64 
1718971103572.00, 0, -606473, -63 
1718971103593.00, 0, -606472, -62 
1718971103614.00, 0, -606473, -61 
1718971103636.00, 0, -606473, -60 
1718971103657.00, 0, -606472, -62 
1718971103678.00, 0, -606472, -62 
1718971103699.00, 0, -606472, -62 
1718971103720.00, 0, -606473, -65 
1718971103741.00, 0, -606472, -68 
1718971103763.00, 0, -606473, -68 
1718971103786.00, 0, -606473, -69 
1718971103805.00, 0, -606472, -69 
1718971103826.00, 0, -606473, -66 
1718971103847.00, 42, -606473, -62 
1718971103868.00, 0, -606473, -57 
1718971103890.00, 4, -606472, -57 
1718971103912.00, 0, -606472, -55 
1718971103932.00, 0, -606472, -50 
1718971103953.00, 0, -606472, -42 
1718971103975.00, 0, -606472, -36 
1718971103997.00, 0, -606472, -38 
1718971104018.00, 0, -606471, -37 
1718971104038.00, 0, -606471, -31 
1718971104060.00, 0, -606472, -29 
1718971104081.00, 0, -606471, -29 
1718971104102.00, -28, -606471, -26 
1718971104124.00, 0, -606471, -19 
1718971104145.00, 0, -606470, -15 
1718971104166.00, 0, -606470, -13 
1718971104187.00, 0, -606470, -12 
1718971104209.00, 0, -606472, -10 
1718971104229.00, 0, -606469, -10 
1718971104251.00, 0, -606471, -8 
1718971104272.00, 0, -606469, -7 
1718971104293.00, 0, -606470, -6 
1718971104314.00, 1, -606470, -6 
1718971104335.00, 0, -606469, -4 
1718971104356.00, 0, -606469, -2 
1718971104377.00, 0, -606469, 1 
1718971104398.00, 0, -606469, 2 
1718971104419.00, 0, -606468, 4 
1718971104443.00, 0, -606469, 5 
1718971104461.00, 0, -606468, 6 
1718971104483.00, 0, -606469, 5 
1718971104503.00, 0, -606469, 4 
1718971104524.00, 0, -606469, 4 
1718971104545.00, 0, -606468, 2 
1718971104566.00, 0, -606468, 1 
1718971104588.00, 0, -606468, 1 
1718971104608.00, 0, -606468, 1 
1718971104630.00, 0, -606468, 4 
1718971104651.00, 0, -606468, 5 
1718971104671.00, 0, -606468, 7 
1718971104693.00, 0, -606468, 9 
1718971104714.00, 0, -606468, 11 
1718971104735.00, 869, -606468, 13 
1718971104757.00, 1347, -606457, 12 
1718971104778.00, 1556, -606426, 16 
1718971104800.00, 1841, -606392, 18 
1718971104821.00, 2145, -606352, 20 
1718971104843.00, 2536, -606306, 20 
1718971104863.00, 2756, -606253, 20 
1718971104886.00, 2912, -606193, 21 
1718971104907.00, 3049, -606132, 22 
1718971104928.00, 3084, -606065, 21 
1718971104950.00, 3087, -605997, 20 
1718971104971.00, 2994, -605932, 19 
1718971104993.00, 2910, -605870, 18 
1718971105014.00, 2794, -605808, 15 
1718971105036.00, 2527, -605750, 13 
1718971105057.00, 2235, -605695, 11 
1718971105078.00, 1889, -605645, 9 
1718971105101.00, 1076, -605604, 8 
1718971105121.00, 547, -605582, 7 
1718971105142.00, 281, -605569, 7 
1718971105164.00, 99, -605562, 7 
1718971105185.00, 67, -605561, 6 
1718971105214.00, 42, -605560, 2 
1718971105227.00, 0, -605559, -1 
1718971105249.00, 0, -605558, -3 
1718971105269.00, 0, -605558, -4 
1718971105291.00, 0, -605559, -3 
1718971105311.00, 0, -605559, -2 
1718971105332.00, 0, -605559, -3 
1718971105354.00, -46, -605559, -4 
1718971105375.00, 0, -605558, -6 
1718971105396.00, 0, -605558, -9 
1718971105418.00, 0, -605558, -9 
1718971105439.00, 0, -605559, -9 
1718971105460.00, 15, -605558, -10 
1718971105481.00, 1, -605559, -10 
1718971105502.00, 0, -605559, -10 
1718971105524.00, 0, -605559, -10 
1718971105545.00, 0, -605560, -9 
1718971105565.00, 0, -605559, -9 
1718971105587.00, -6, -605559, -10 
1718971105608.00, 0, -605559, -12 
1718971105629.00, 0, -605558, -11 
1718971105651.00, -66, -605559, -13 
1718971105672.00, 0, -605559, -15 
1718971105693.00, 0, -605559, -16 
1718971105714.00, 0, -605559, -17 
1718971105736.00, 0, -605558, -17 
1718971105757.00, 13, -605559, -18 
1718971105778.00, 0, -605559, -18 
1718971105798.00, 0, -605558, -19 
1718971105820.00, 0, -605559, -19 
1718971105842.00, 0, -605559, -19 
1718971105867.00, 0, -605558, -19 
1718971105884.00, 0, -605558, -19 
1718971105905.00, 0, -605559, -20 
1718971105926.00, 0, -605558, -20 
1718971105948.00, 0, -605559, -21 
1718971105969.00, 32, -605559, -24 
1718971105990.00, 0, -605559, -26 
1718971106011.00, 0, -605558, -26 
1718971106033.00, 0, -605559, -28 
1718971106054.00, 0, -605558, -30 
1718971106075.00, 0, -605558, -31 
1718971106096.00, 0, -605559, -32 
1718971106117.00, 55, -605559, -34 
1718971106139.00, -57, -605559, -35 
1718971106160.00, 0, -605559, -35 
1718971106181.00, 0, -605559, -37 
1718971106202.00, 0, -605559, -39 
1718971106224.00, 0, -605560, -42 
1718971106245.00, 0, -605560, -46 
1718971106265.00, 0, -605559, -47 
1718971106287.00, 0, -605560, -48 
1718971106308.00, 0, -605559, -50 
1718971106329.00, 0, -605561, -50 
1718971106351.00, 0, -605560, -51 
1718971106372.00, 0, -605560, -50 
1718971106393.00, 0, -605559, -52 
1718971106414.00, 0, -605560, -52 
1718971106436.00, 0, -605560, -53 
1718971106457.00, 0, -605560, -54 
1718971106477.00, 0, -605560, -53 
1718971106499.00, 0, -605560, -55 
1718971106522.00, 0, -605560, -57 
1718971106541.00, 0, -605561, -57 
1718971106563.00, 0, -605560, -58 
1718971106584.00, 0, -605560, -60 
1718971106605.00, 0, -605561, -60 
1718971106630.00, 0, -605559, -62 
1718971106648.00, 0, -605561, -64 
1718971106669.00, 0, -605560, -66 
1718971106690.00, 0, -605560, -66 
1718971106711.00, 0, -605561, -68 
1718971106733.00, 0, -605560, -67 
1718971106754.00, 0, -605561, -66 
1718971106774.00, 0, -605561, -65 
1718971106796.00, 0, -605561, -62 
1718971106817.00, 0, -605560, -62 
1718971106839.00, 0, -605561, -61 
1718971106860.00, 0, -605560, -60 
1718971106880.00, 0, -605561, -58 
1718971106902.00, 0, -605561, -57 
1718971106923.00, 0, -605560, -57 
1718971106945.00, 0, -605561, -56 
1718971106972.00, 0, -605559, -54 
1718971106987.00, 0, -605560, -51 
1718971107008.00, 18, -605560, -50 
1718971107029.00, 0, -605560, -48 
1718971107051.00, 0, -605560, -42 
1718971107072.00, 0, -605561, -38 
1718971107092.00, 0, -605559, -36 
1718971107114.00, 51, -605559, -32 
1718971107136.00, 0, -605559, -28 
1718971107156.00, 0, -605560, -25 
1718971107181.00, 0, -605560, -25 
1718971107199.00, 0, -605559, -26 
1718971107220.00, 0, -605559, -26 
1718971107241.00, 0, -605559, -25 
1718971107263.00, 0, -605559, -26 
1718971107285.00, 0, -605559, -25 
1718971107305.00, 0, -605559, -25 
1718971107327.00, 0, -605559, -26 
1718971107347.00, 0, -605559, -27 
1718971107369.00, 0, -605559, -26 
1718971107390.00, 0, -605559, -28 
1718971107411.00, 39, -605560, -28 
1718971107433.00, 58, -605558, -27 
1718971107454.00, 0, -605559, -27 
1718971107475.00, -1, -605559, -29 
1718971107496.00, 0, -605560, -28 
1718971107518.00, 21, -605559, -27 
1718971107539.00, 0, -605558, -27 
1718971107560.00, 0, -605559, -28 
1718971107581.00, -2, -605559, -28 
1718971107603.00, 0, -605560, -26 
1718971107624.00, 0, -605559, -26 
1718971107645.00, 0, -605559, -27 
1718971107666.00, 0, -605559, -27 
1718971107688.00, 0, -605559, -26 
1718971107708.00, -1, -605559, -24 
1718971107730.00, 0, -605558, -23 
1718971107751.00, 40, -605559, -22 
1718971107772.00, 0, -605558, -22 
1718971107793.00, -4, -605558, -21 
1718971107815.00, 0, -605559, -20 
1718971107836.00, 0, -605559, -19 
1718971107856.00, 0, -605558, -19 
1718971107878.00, 0, -605558, -17 
1718971107899.00, 0, -605558, -16 
1718971107921.00, 0, -605558, -15 
1718971107945.00, 31, -605558, -14 
1718971107963.00, 0, -605557, -13 
1718971107984.00, 0, -605557, -12 
1718971108006.00, 0, -605558, -10 
1718971108027.00, 0, -605557, -8 
1718971108048.00, 0, -605557, -8 
1718971108069.00, 0, -605557, -8 
1718971108090.00, 0, -605557, -7 
1718971108111.00, -3, -605557, -6 
1718971108132.00, 0, -605557, -6 
1718971108154.00, 0, -605556, -7 
1718971108174.00, 0, -605556, -7 
1718971108196.00, 0, -605557, -8 
1718971108217.00, 0, -605557, -8 
1718971108238.00, 8, -605557, -7 
1718971108259.00, -11, -605557, -6 
1718971108280.00, 0, -605557, -5 
1718971108302.00, -69, -605557, -4 
1718971108323.00, 0, -605556, -4 
1718971108344.00, -5, -605557, -4 
1718971108365.00, 0, -605556, -4 
1718971108386.00, 0, -605556, -3 
1718971108407.00, 0, -605557, -3 
1718971108428.00, 59, -605555, -3 
1718971108449.00, 0, -605556, -3 
1718971108470.00, -6, -605556, -2 
1718971108491.00, 0, -605556, -2 
1718971108513.00, 0, -605556, -3 
1718971108534.00, 0, -605555, -3 
1718971108555.00, 0, -605556, -2 
1718971108576.00, 0, -605557, -3 
1718971108598.00, 0, -605556, -3 
1718971108618.00, 0, -605556, -3 
1718971108640.00, 0, -605555, -3 
1718971108660.00, 0, -605556, -2 
1718971108682.00, 2, -605557, -2 
1718971108702.00, 0, -605556, -2 
1718971108724.00, 0, -605555, -2 
1718971108745.00, 0, -605555, -2 
1718971108766.00, 0, -605556, -2 
1718971108787.00, 0, -605556, -1 
1718971108809.00, 0, -605556, -2 
1718971108830.00, 0, -605556, -2 
1718971108851.00, 0, -605555, -2 
1718971108872.00, 0, -605556, -2 
1718971108893.00, 0, -605556, -1 
1718971108914.00, 0, -605555, -1 
1718971108935.00, 0, -605556, -1 
1718971108956.00, 0, -605556, -1 
1718971108978.00, 0, -605556, 0 
1718971108998.00, 0, -605556, 0 
1718971109019.00, 0, -605556, 0 
1718971109040.00, 1, -605555, 0 
1718971109061.00, 0, -605556, 0 
1718971109082.00, 0, -605556, 0 
1718971109104.00, 32, -605556, 0 
1718971109125.00, 0, -605556, 0 
1718971109152.00, 0, -605556, 0 
1718971109167.00, 0, -605555, 1 
1718971109188.00, 16, -605555, 0 
1718971109209.00, 0, -605555, 0 
1718971109230.00, 0, -605557, 0 
1718971109251.00, 0, -605555, 0 
1718971109271.00, 20, -605555, 0 
1718971109293.00, 0, -605555, 1 
1718971109315.00, 0, -605556, 0 
1718971109336.00, 0, -605556, 0 
1718971109357.00, 49, -605555, 0 
1718971109377.00, 0, -605556, 0 
1718971109399.00, 1, -605555, 0 
1718971109420.00, 0, -605556, 0 
1718971109441.00, 0, -605555, 0 
1718971109462.00, 0, -605555, 0 
1718971109483.00, 0, -605555, 0 
1718971109504.00, 0, -605555, 0 
1718971109525.00, 0, -605555, 0 
1718971109546.00, 0, -605554, 0 
1718971109567.00, 0, -605556, 0 
1718971109588.00, 0, -605555, 0 
1718971109609.00, 0, -605555, 0 
1718971109630.00, 0, -605555, 0 
1718971109651.00, -30, -605554, 1 
1718971109672.00, 0, -605555, 1 
1718971109693.00, 0, -605556, 0 
1718971109714.00, 0, -605555, 0 
1718971109735.00, 0, -605555, 0 
1718971109756.00, 0, -605554, 0 
1718971109777.00, 0, -605555, 0 
1718971109802.00, 0, -605555, 0 
1718971109820.00, 3, -605555, 0 
1718971109841.00, 0, -605555, 0 
1718971109862.00, 0, -605555, 0 
1718971109882.00, 0, -605555, 0 
1718971109904.00, 0, -605556, 1 
1718971109925.00, 0, -605556, 2 
1718971109946.00, -57, -605555, 2 
1718971109967.00, 0, -605556, 2 
1718971109988.00, 0, -605555, 2 
1718971110009.00, -4, -605554, 2 
1718971110030.00, 67, -605555, 1 
1718971110051.00, 17, -605555, 1 
1718971110072.00, 0, -605555, 2 
1718971110093.00, 1, -605554, 2 
1718971110114.00, 0, -605555, 3 
1718971110136.00, 0, -605554, 3 
1718971110156.00, 0, -605554, 3 
1718971110177.00, 0, -605554, 4 
1718971110198.00, 0, -605555, 4 
1718971110220.00, -27, -605554, 3 
1718971110243.00, 25, -605554, 3 
1718971110262.00, 0, -605554, 3 
1718971110283.00, 0, -605555, 5 
1718971110304.00, 0, -605554, 5 
1718971110325.00, 0, -605555, 5 
1718971110348.00, 0, -605555, 5 
1718971110367.00, 0, -605555, 5 
1718971110388.00, 0, -605554, 6 
1718971110409.00, 0, -605555, 6 
1718971110430.00, 0, -605554, 7 
1718971110451.00, 0, -605555, 10 
1718971110473.00, 0, -605555, 12 
1718971110493.00, 864, -605553, 13 
1718971110514.00, 1388, -605542, 13 
1718971110537.00, 1606, -605512, 11 
1718971110558.00, 1598, -605478, 13 
1718971110579.00, 1711, -605444, 13 
1718971110601.00, 1817, -605407, 11 
1718971110622.00, 1841, -605369, 9 
1718971110644.00, 1083, -605329, 7 
1718971110665.00, 562, -605305, 7 
1718971110686.00, 302, -605290, 5 
1718971110707.00, 139, -605284, 3 
1718971110729.00, 62, -605282, 1 
1718971110749.00, 67, -605281, 0 
1718971110771.00, -5, -605281, -1 
1718971110795.00, 0, -605280, -2 
1718971110813.00, 0, -605279, -3 
1718971110835.00, 13, -605279, -5 
1718971110856.00, 0, -605279, -6 
1718971110877.00, 0, -605279, -7 
1718971110897.00, 25, -605280, -8 
1718971110919.00, 0, -605278, -10 
1718971110941.00, 0, -605278, -10 
1718971110962.00, 0, -605278, -10 
1718971110983.00, 0, -605278, -9 
1718971111004.00, 30, -605279, -9 
1718971111025.00, 0, -605278, -9 
1718971111047.00, 0, -605279, -9 
1718971111067.00, -1, -605279, -9 
1718971111089.00, 1, -605279, -9 
1718971111115.00, 0, -605278, -11 
1718971111131.00, 0, -605278, -12 
1718971111152.00, 0, -605279, -11 
1718971111173.00, 0, -605278, -12 
1718971111195.00, 0, -605278, -15 
1718971111216.00, 0, -605278, -17 
1718971111237.00, 0, -605278, -27 
1718971111258.00, 0, -605278, -32 
1718971111279.00, 0, -605280, -37 
1718971111300.00, 0, -605279, -42 
1718971111322.00, 0, -605280, -47 
1718971111343.00, 0, -605279, -47 
1718971111364.00, 0, -605280, -51 
1718971111386.00, 0, -605280, -59 
1718971111406.00, 0, -605281, -71 
1718971111427.00, 0, -605281, -78 
1718971111449.00, 2, -605281, -82 
1718971111471.00, 0, -605281, -90 
1718971111492.00, 0, -605282, -98 
1718971111513.00, 0, -605281, -100 
1718971111534.00, 0, -605282, -107 
1718971111557.00, 0, -605283, -115 
1718971111577.00, 0, -605283, -123 
1718971111598.00, 0, -605283, -126 
1718971111619.00, 0, -605284, -136 
1718971111640.00, 0, -605283, -140 
1718971111662.00, 0, -605284, -142 
1718971111683.00, -9, -605284, -146 
1718971111705.00, 0, -605284, -151 
1718971111726.00, 0, -605284, -155 
1718971111747.00, 0, -605284, -157 
1718971111776.00, 0, -605284, -164 
1718971111790.00, 0, -605285, -172 
1718971111811.00, 0, -605286, -181 
1718971111832.00, 0, -605286, -184 
1718971111854.00, 0, -605286, -187 
1718971111875.00, 0, -605286, -194 
1718971111896.00, 7, -605286, -208 
1718971111918.00, 27, -605287, -218 
1718971111939.00, 0, -605287, -216 
1718971111960.00, 0, -605288, -210 
1718971111981.00, 0, -605288, -214 
1718971112003.00, 0, -605287, -200 
1718971112024.00, 0, -605287, -190 
1718971112045.00, 0, -605287, -182 
1718971112067.00, 0, -605287, -172 
1718971112088.00, 1, -605286, -162 
1718971112109.00, 0, -605285, -152 
1718971112131.00, 0, -605284, -146 
1718971112152.00, 0, -605284, -143 
1718971112173.00, 1, -605284, -138 
1718971112195.00, 0, -605284, -130 
1718971112216.00, 0, -605284, -122 
1718971112237.00, 0, -605283, -115 
1718971112259.00, 33, -605284, -115 
1718971112279.00, -22, -605284, -106 
1718971112301.00, 6, -605282, -99 
1718971112323.00, 0, -605282, -94 
1718971112344.00, 0, -605283, -90 
1718971112365.00, 0, -605282, -85 
1718971112386.00, 65, -605281, -81 
1718971112407.00, 0, -605282, -78 
1718971112429.00, 0, -605281, -73 
1718971112450.00, 0, -605282, -69 
1718971112471.00, 0, -605281, -68 
1718971112492.00, 0, -605282, -67 
1718971112513.00, 0, -605281, -65 
1718971112538.00, 2, -605282, -64 
1718971112556.00, 0, -605281, -67 
1718971112577.00, 0, -605282, -73 
1718971112599.00, 0, -605282, -73 
1718971112620.00, 0, -605281, -70 
1718971112641.00, 0, -605282, -68 
1718971112662.00, 0, -605281, -71 
1718971112683.00, 0, -605283, -75 
1718971112704.00, 0, -605282, -70 
1718971112726.00, 0, -605281, -72 
1718971112748.00, 13, -605281, -73 
1718971112768.00, 0, -605282, -74 
1718971112790.00, 0, -605281, -77 
1718971112810.00, 0, -605281, -74 
1718971112831.00, 6, -605282, -77 
1718971112853.00, 0, -605281, -72 
1718971112874.00, 0, -605281, -67 
1718971112895.00, 0, -605281, -62 
1718971112916.00, 0, -605280, -58 
1718971112938.00, 0, -605280, -55 
1718971112959.00, 0, -605280, -51 
1718971112980.00, 39, -605280, -45 
1718971113001.00, 0, -605280, -45 
1718971113023.00, 0, -605279, -43 
1718971113045.00, 2, -605280, -42 
1718971113065.00, 0, -605280, -41 
1718971113087.00, 0, -605279, -48 
1718971113108.00, 0, -605279, -50 
1718971113129.00, 0, -605279, -45 
1718971113150.00, -1, -605280, -60 
1718971113171.00, 0, -605279, -58 
1718971113195.00, 0, -605279, -48 
1718971113212.00, -29, -605280, -46 
1718971113235.00, 0, -605280, -39 
1718971113256.00, 0, -605279, -46 
1718971113278.00, -4, -605279, -37 
1718971113301.00, 42, -605278, -36 
1718971113320.00, 0, -605279, -33 
1718971113341.00, 4, -605280, -32 
1718971113363.00, 0, -605278, -32 
1718971113385.00, 0, -605279, -29 
1718971113412.00, 24, -605279, -33 
1718971113427.00, -56, -605279, -35 
1718971113449.00, 1, -605280, -36 
1718971113469.00, 0, -605280, -37 
1718971113490.00, 0, -605279, -39 
1718971113512.00, 0, -605279, -39 
1718971113533.00, 0, -605278, -39 
1718971113555.00, 0, -605279, -39 
1718971113576.00, 0, -605279, -39 
1718971113597.00, 0, -605280, -39 
1718971113618.00, 0, -605279, -40 
1718971113639.00, 0, -605279, -39 
1718971113661.00, 0, -605278, -39 
1718971113682.00, -18, -605279, -39 
1718971113703.00, 0, -605279, -39 
1718971113724.00, 0, -605279, -38 
1718971113745.00, 0, -605279, -37 
1718971113767.00, 0, -605279, -36 
1718971113787.00, -44, -605280, -35 
1718971113809.00, 0, -605278, -36 
1718971113831.00, 56, -605279, -36 
1718971113852.00, 30, -605279, -35 
1718971113873.00, 0, -605279, -34 
1718971113894.00, 0, -605279, -34 
1718971113915.00, 0, -605279, -34 
1718971113936.00, 26, -605279, -34 
1718971113957.00, 0, -605278, -33 
1718971113979.00, 0, -605279, -34 
1718971114000.00, 0, -605277, -35 
1718971114022.00, -1, -605278, -35 
1718971114042.00, 0, -605278, -35 
1718971114064.00, 0, -605279, -36 
1718971114085.00, -10, -605278, -37 
1718971114106.00, 0, -605279, -37 
1718971114128.00, 0, -605279, -37 
1718971114148.00, 0, -605279, -37 
1718971114169.00, 0, -605278, -39 
1718971114191.00, 0, -605279, -39 
1718971114212.00, 0, -605279, -40 
1718971114233.00, 0, -605280, -41 
1718971114255.00, 0, -605278, -40 
1718971114275.00, 0, -605279, -38 
1718971114297.00, 0, -605278, -39 
1718971114318.00, 0, -605278, -40 
1718971114340.00, 0, -605279, -40 
1718971114360.00, 0, -605279, -39 
1718971114382.00, 0, -605279, -37 
1718971114403.00, 0, -605278, -33 
1718971114425.00, 0, -605276, -26 
1718971114445.00, 0, -605277, -16 
1718971114467.00, 0, -605277, -11 
1718971114488.00, 0, -605276, 0 
1718971114509.00, 0, -605275, 22 
1718971114530.00, 1481, -605272, 61 
1718971114552.00, 4714, -605241, 104 
1718971114573.00, 9431, -605140, 147 
1718971114595.00, 14679, -604939, 187 
1718971114624.00, 20324, -604622, 237 
1718971114639.00, 26664, -604184, 305 
1718971114660.00, 34268, -603614, 344 
1718971114681.00, 40904, -602883, 366 
1718971114703.00, 46489, -601995, 504 
1718971114727.00, 57932, -600986, 501 
1718971114747.00, 64590, -599730, 544 
1718971114768.00, 70401, -598331, 606 
1718971114790.00, 73757, -596801, 637 
1718971114812.00, 74414, -595207, 665 
1718971114833.00, 74546, -593589, 709 
1718971114855.00, 74440, -591983, 783 
1718971114877.00, 74229, -590357, 810 
1718971114898.00, 74136, -588760, 838 
1718971114920.00, 74266, -587141, 860 
1718971114942.00, 74395, -585536, 892 
1718971114962.00, 74336, -583924, 906 
1718971114985.00, 74247, -582315, 943 
1718971115006.00, 74268, -580700, 952 
1718971115028.00, 74299, -579092, 992 
1718971115055.00, 74280, -577476, 1018 
1718971115071.00, 74290, -575864, 1028 
1718971115093.00, 74174, -574245, 1046 
1718971115115.00, 74200, -572630, 1068 
1718971115137.00, 74268, -571015, 1057 
1718971115160.00, 74366, -569401, 1086 
1718971115180.00, 74332, -567782, 1092 
1718971115202.00, 74309, -566169, 1121 
1718971115224.00, 74258, -564545, 1135 
1718971115245.00, 74411, -562930, 1159 
1718971115267.00, 74294, -561312, 1175 
1718971115289.00, 74304, -559699, 1196 
1718971115310.00, 74270, -558075, 1215 
1718971115332.00, 74405, -556462, 1239 
1718971115354.00, 74321, -554849, 1258 
1718971115378.00, 74263, -553229, 1289 
1718971115397.00, 74328, -551614, 1299 
1718971115418.00, 74438, -549992, 1318 
1718971115441.00, 74371, -548372, 1334 
1718971115462.00, 74316, -546756, 1357 
1718971115484.00, 74348, -545141, 1373 
1718971115506.00, 74499, -543526, 1385 
1718971115528.00, 74316, -541905, 1401 
1718971115549.00, 74425, -540291, 1418 
1718971115570.00, 74453, -538676, 1431 
1718971115595.00, 74511, -537059, 1444 
1718971115614.00, 74363, -535441, 1454 
1718971115636.00, 74363, -533823, 1462 
1718971115658.00, 74443, -532206, 1472 
1718971115679.00, 74365, -530591, 1483 
1718971115702.00, 74411, -528976, 1501 
1718971115723.00, 74319, -527359, 1492 
1718971115745.00, 74394, -525748, 1503 
1718971115767.00, 74350, -524127, 1504 
1718971115789.00, 74395, -522520, 1518 
1718971115812.00, 74342, -520892, 1511 
1718971115832.00, 74463, -519291, 1514 
1718971115854.00, 74284, -517667, 1504 
1718971115875.00, 74278, -516053, 1474 
1718971115897.00, 74330, -514440, 1410 
1718971115919.00, 74327, -512825, 1427 
1718971115941.00, 74241, -511212, 1410 
1718971115962.00, 74345, -509600, 1391 
1718971115984.00, 74428, -507981, 1372 
1718971116006.00, 74449, -506366, 1415 
1718971116027.00, 74423, -504752, 1410 
1718971116049.00, 74567, -503137, 1422 
1718971116071.00, 74371, -501519, 1449 
1718971116093.00, 74463, -499900, 1472 
1718971116114.00, 74345, -498276, 1487 
1718971116136.00, 74463, -496667, 1492 
1718971116158.00, 74333, -495049, 1497 
1718971116179.00, 74399, -493438, 1519 
1718971116201.00, 74336, -491817, 1523 
1718971116222.00, 74325, -490204, 1523 
1718971116245.00, 74365, -488586, 1511 
1718971116266.00, 74273, -486977, 1503 
1718971116288.00, 74435, -485358, 1473 
1718971116310.00, 74336, -483744, 1478 
1718971116331.00, 74330, -482129, 1462 
1718971116353.00, 74453, -480514, 1490 
1718971116375.00, 74425, -478896, 1522 
1718971116397.00, 74302, -477278, 1581 
1718971116418.00, 74334, -475657, 1603 
1718971116440.00, 74350, -474045, 1647 
1718971116462.00, 74415, -472421, 1687 
1718971116484.00, 74212, -470809, 1695 
1718971116505.00, 74400, -469201, 1687 
1718971116526.00, 74255, -467578, 1722 
1718971116549.00, 74288, -465963, 1691 
1718971116570.00, 74238, -464347, 1691 
1718971116592.00, 74328, -462731, 1686 
1718971116614.00, 74168, -461124, 1670 
1718971116636.00, 74171, -459502, 1630 
1718971116657.00, 74222, -457890, 1639 
1718971116678.00, 74196, -456277, 1626 
1718971116701.00, 74204, -454669, 1595 
1718971116722.00, 74197, -453055, 1555 
1718971116744.00, 74174, -451434, 1551 
1718971116766.00, 74208, -449820, 1525 
1718971116787.00, 74079, -448208, 1511 
1718971116809.00, 74108, -446597, 1462 
1718971116831.00, 73991, -444982, 1442 
1718971116853.00, 74170, -443379, 1373 
1718971116875.00, 74027, -441761, 1364 
1718971116896.00, 74162, -440158, 1319 
1718971116920.00, 74098, -438541, 1296 
1718971116939.00, 74007, -436934, 1220 
1718971116962.00, 73894, -435315, 1193 
1718971116983.00, 73940, -433708, 1155 
1718971117004.00, 73917, -432103, 1087 
1718971117026.00, 42168, -430509, 1021 
1718971117048.00, 23002, -429576, 1070 
1718971117070.00, 11759, -429049, 1128 
1718971117092.00, 5234, -428779, 1188 
1718971117113.00, 1210, -428663, 1173 
1718971117135.00, -281, -428641, 1020 
1718971117156.00, -2217, -428651, 755 
1718971117178.00, -3400, -428704, 470 
1718971117199.00, -3994, -428791, 228 
1718971117220.00, -4034, -428887, 59 
1718971117244.00, -4041, -428990, -60 
1718971117264.00, -7504, -429084, -135 
1718971117285.00, -14223, -429248, -232 
1718971117306.00, -23783, -429543, -276 
1718971117328.00, -32233, -430051, -300 
1718971117356.00, -38958, -430737, -308 
1718971117372.00, -42936, -431586, -509 
1718971117393.00, -57093, -432509, -498 
1718971117415.00, -65099, -433751, -551 
1718971117437.00, -71651, -435179, -703 
1718971117465.00, -74547, -436729, -734 
1718971117480.00, -74348, -438357, -810 
1718971117501.00, -74275, -439964, -875 
1718971117522.00, -74284, -441581, -915 
1718971117545.00, -74472, -443195, -954 
1718971117574.00, -74321, -444804, -970 
1718971117588.00, -74310, -446413, -1005 
1718971117609.00, -74385, -448026, -1030 
1718971117632.00, -74459, -449638, -1040 
1718971117653.00, -74297, -451267, -1045 
1718971117678.00, -74243, -452879, -1050 
1718971117697.00, -74339, -454494, -1062 
1718971117718.00, -74486, -456104, -1053 
1718971117740.00, -74324, -457723, -1064 
1718971117762.00, -74197, -459339, -1071 
1718971117800.00, -74288, -460961, -1056 
1718971117805.00, -74392, -462569, -1072 
1718971117827.00, -74279, -464183, -1074 
1718971117849.00, -74304, -465795, -1071 
1718971117871.00, -74337, -467420, -1062 
1718971117895.00, -74261, -469035, -1072 
1718971117914.00, -74266, -470657, -1069 
1718971117935.00, -74427, -472261, -1068 
1718971117958.00, -74231, -473877, -1076 
1718971117979.00, -74238, -475497, -1088 
1718971118001.00, -74225, -477119, -1095 
1718971118023.00, -74453, -478730, -1090 
1718971118044.00, -74288, -480342, -1100 
1718971118066.00, -74139, -481956, -1114 
1718971118088.00, -74295, -483583, -1125 
1718971118110.00, -74407, -485198, -1139 
1718971118131.00, -74216, -486818, -1182 
1718971118153.00, -74078, -488428, -1187 
1718971118175.00, -74216, -490042, -1192 
1718971118196.00, -74249, -491662, -1202 
1718971118221.00, -74247, -493280, -1201 
1718971118240.00, -73973, -494899, -1206 
1718971118262.00, -74116, -496508, -1173 
1718971118284.00, -74229, -498115, -1174 
1718971118305.00, -74232, -499739, -1144 
1718971118327.00, -74075, -501356, -1149 
1718971118348.00, -74291, -502974, -1127 
1718971118370.00, -74238, -504590, -1163 
1718971118392.00, -74158, -506198, -1135 
1718971118414.00, -74094, -507817, -1150 
1718971118437.00, -74209, -509435, -1120 
1718971118457.00, -74139, -511051, -1143 
1718971118478.00, -74182, -512664, -1127 
1718971118501.00, -74099, -514271, -1164 
1718971118522.00, -74191, -515899, -1168 
1718971118546.00, -74152, -517520, -1182 
1718971118566.00, -74167, -519133, -1162 
1718971118588.00, -74119, -520748, -1185 
1718971118609.00, -74182, -522360, -1162 
1718971118631.00, -74189, -523978, -1156 
1718971118656.00, -74105, -525593, -1162 
1718971118675.00, -74029, -527213, -1182 
1718971118696.00, -74164, -528820, -1156 
1718971118718.00, -74063, -530436, -1175 
1718971118740.00, -74117, -532054, -1189 
1718971118761.00, -74052, -533679, -1222 
1718971118783.00, -74079, -535291, -1193 
1718971118805.00, -74060, -536910, -1214 
1718971118827.00, -74267, -538514, -1203 
1718971118849.00, -74215, -540137, -1218 
1718971118870.00, -74127, -541757, -1218 
1718971118892.00, -74114, -543376, -1246 
1718971118913.00, -74350, -544983, -1247 
1718971118935.00, -74189, -546603, -1286 
1718971118956.00, -74131, -548212, -1297 
1718971118978.00, -74135, -549842, -1324 
1718971119000.00, -74204, -551454, -1367 
1718971119022.00, -74178, -553073, -1336 
1718971119044.00, -74174, -554678, -1282 
1718971119066.00, -74143, -556299, -1286 
1718971119087.00, -74358, -557910, -1241 
1718971119109.00, -74211, -559527, -1239 
1718971119130.00, -74193, -561131, -1193 
1718971119153.00, -74139, -562749, -1172 
1718971119174.00, -74251, -564359, -1169 
1718971119196.00, -74251, -565988, -1187 
1718971119218.00, -74093, -567591, -1177 
1718971119239.00, -74223, -569213, -1201 
1718971119261.00, -74350, -570819, -1170 
1718971119283.00, -74168, -572441, -1242 
1718971119304.00, -74177, -574058, -1224 
1718971119326.00, -74287, -575674, -1206 
1718971119348.00, -74239, -577283, -1181 
1718971119369.00, -74227, -578894, -1184 
1718971119391.00, -74111, -580498, -1115 
1718971119413.00, -74196, -582123, -1057 
1718971119435.00, -74191, -583729, -1010 
1718971119456.00, -74248, -585347, -956 
1718971119478.00, -74297, -586933, -901 
1718971119500.00, -74111, -588548, -858 
1718971119521.00, -74303, -590148, -789 
1718971119546.00, -74160, -591757, -771 
1718971119564.00, -74221, -593360, -727 
1718971119586.00, -44781, -594954, -705 
1718971119608.00, -27277, -595936, -636 
1718971119630.00, -16755, -596549, -665 
1718971119651.00, -10339, -596921, -645 
1718971119673.00, -6694, -597159, -670 
1718971119694.00, -4584, -597303, -569 
1718971119716.00, -3338, -597398, -479 
1718971119737.00, -2469, -597469, -419 
1718971119759.00, -2025, -597516, -276 
1718971119780.00, -1764, -597554, -187 
1718971119802.00, -1729, -597589, -128 
1718971119823.00, -1676, -597623, -105 
1718971119845.00, -1540, -597658, -106 
1718971119871.00, -1461, -597689, -61 
1718971119887.00, -1363, -597716, -10 
1718971119909.00, -1323, -597741, 44 
1718971119930.00, 781, -597765, 74 
1718971119952.00, 4198, -597754, 119 
1718971119978.00, 9156, -597663, 184 
1718971119995.00, 16208, -597461, 259 
1718971120016.00, 25017, -597115, 316 
1718971120039.00, 33528, -596584, 356 
1718971120060.00, 40962, -595862, 440 
1718971120084.00, 50442, -594980, 517 
1718971120104.00, 60685, -593888, 548 
1718971120125.00, 67709, -592571, 604 
1718971120147.00, 71806, -591105, 677 
1718971120168.00, 74117, -589545, 707 
1718971120194.00, 74445, -587945, 761 
1718971120211.00, 74343, -586320, 882 
1718971120234.00, 74293, -584716, 919 
1718971120255.00, 74303, -583099, 946 
1718971120277.00, 74335, -581484, 998 
1718971120301.00, 74261, -579873, 1046 
1718971120320.00, 74404, -578256, 1071 
1718971120342.00, 74328, -576638, 1107 
1718971120364.00, 74340, -575028, 1140 
1718971120385.00, 74305, -573400, 1145 
1718971120414.00, 74364, -571791, 1177 
1718971120429.00, 74328, -570166, 1198 
1718971120451.00, 74330, -568558, 1208 
1718971120472.00, 74255, -566934, 1205 
1718971120494.00, 74365, -565324, 1228 
1718971120520.00, 74280, -563707, 1207 
1718971120537.00, 74190, -562093, 1224 
1718971120559.00, 74176, -560470, 1239 
1718971120581.00, 74219, -558863, 1241 
1718971120602.00, 74365, -557242, 1240 
1718971120625.00, 74369, -555631, 1263 
1718971120646.00, 74276, -554016, 1283 
1718971120667.00, 74399, -552398, 1301 
1718971120690.00, 74392, -550779, 1311 
1718971120711.00, 74337, -549161, 1333 
1718971120734.00, 74277, -547545, 1333 
1718971120755.00, 74412, -545933, 1333 
1718971120777.00, 74376, -544315, 1339 
1718971120798.00, 74414, -542703, 1358 
1718971120820.00, 74266, -541081, 1354 
1718971120843.00, 74504, -539472, 1348 
1718971120864.00, 74381, -537860, 1316 
1718971120884.00, 74479, -536243, 1341 
1718971120907.00, 74410, -534625, 1309 
1718971120929.00, 74602, -533014, 1324 
1718971120950.00, 74552, -531394, 1314 
1718971120972.00, 74611, -529782, 1324 
1718971120994.00, 74385, -528155, 1348 
1718971121015.00, 74537, -526554, 1360 
1718971121037.00, 74417, -524924, 1370 
1718971121059.00, 74447, -523312, 1377 
1718971121080.00, 74367, -521699, 1356 
1718971121102.00, 74406, -520085, 1361 
1718971121124.00, 74376, -518474, 1331 
1718971121146.00, 74443, -516853, 1338 
1718971121167.00, 74418, -515238, 1323 
1718971121189.00, 74484, -513622, 1321 
1718971121211.00, 74317, -512006, 1332 
1718971121232.00, 74448, -510393, 1347 
1718971121254.00, 74335, -508770, 1349 
1718971121276.00, 74354, -507160, 1353 
1718971121298.00, 74323, -505543, 1391 
1718971121319.00, 74444, -503920, 1408 
1718971121342.00, 74458, -502306, 1434 
1718971121363.00, 74243, -500685, 1447 
1718971121384.00, 74396, -499067, 1471 
1718971121407.00, 74501, -497457, 1469 
1718971121428.00, 74491, -495837, 1480 
1718971121450.00, 74237, -494225, 1476 
1718971121472.00, 74329, -492607, 1473 
1718971121493.00, 74402, -490988, 1460 
1718971121515.00, 74473, -489381, 1473 
1718971121536.00, 74174, -487760, 1505 
1718971121559.00, 74188, -486149, 1521 
1718971121580.00, 74339, -484528, 1543 
1718971121602.00, 74405, -482915, 1576 
1718971121624.00, 74180, -481295, 1593 
1718971121646.00, 74183, -479686, 1591 
1718971121667.00, 74159, -478068, 1588 
1718971121689.00, 74167, -476458, 1615 
1718971121710.00, 74042, -474842, 1586 
1718971121732.00, 74127, -473235, 1611 
1718971121754.00, 74010, -471616, 1591 
1718971121776.00, 74018, -470005, 1582 
1718971121797.00, 73933, -468393, 1588 
1718971121819.00, 74033, -466786, 1589 
1718971121841.00, 73971, -465177, 1548 
1718971121863.00, 73883, -463561, 1551 
1718971121884.00, 73998, -461954, 1539 
1718971121906.00, 74114, -460347, 1540 
1718971121928.00, 74019, -458738, 1491 
1718971121949.00, 73996, -457127, 1518 
1718971121971.00, 74019, -455511, 1507 
1718971121993.00, 74002, -453903, 1501 
1718971122015.00, 73896, -452291, 1477 
1718971122036.00, 73827, -450683, 1468 
1718971122058.00, 74074, -449071, 1441 
1718971122080.00, 73990, -447469, 1444 
1718971122101.00, 73924, -445852, 1399 
1718971122124.00, 73874, -444245, 1380 
1718971122145.00, 73890, -442632, 1359 
1718971122175.00, 73906, -441026, 1340 
1718971122188.00, 74100, -439415, 1287 
1718971122210.00, 73967, -437813, 1293 
1718971122232.00, 74014, -436192, 1247 
1718971122254.00, 74008, -434587, 1227 
1718971122275.00, 74224, -432976, 1160 
1718971122297.00, 74258, -431367, 1143 
1718971122319.00, 42304, -429759, 1109 
1718971122340.00, 22828, -428825, 1181 
1718971122362.00, 11512, -428307, 1184 
1718971122385.00, 5010, -428042, 1227 
1718971122406.00, 1094, -427927, 1223 
1718971122426.00, -260, -427906, 1105 
1718971122449.00, -2079, -427916, 885 
1718971122469.00, -3352, -427964, 580 
1718971122491.00, -3781, -428042, 393 
1718971122513.00, -4134, -428136, 207 
1718971122534.00, -3967, -428234, 67 
1718971122556.00, -3774, -428330, -10 
1718971122577.00, 1, -428415, -66 
1718971122602.00, -5466, -428428, -129 
1718971122620.00, -12407, -428542, -195 
1718971122642.00, -20511, -428807, -260 
1718971122663.00, -29659, -429246, -293 
1718971122685.00, -36612, -429880, -379 
1718971122708.00, -46189, -430665, -432 
1718971122728.00, -54642, -431659, -495 
1718971122750.00, -63615, -432835, -506 
1718971122772.00, -69520, -434230, -680 
1718971122793.00, -74349, -435740, -670 
1718971122815.00, -74220, -437354, -728 
1718971122837.00, -74362, -438972, -812 
1718971122858.00, -74209, -440578, -846 
1718971122879.00, -74342, -442195, -914 
1718971122903.00, -74093, -443809, -978 
1718971122925.00, -74352, -445422, -1003 
1718971122945.00, -74231, -447029, -1025 
1718971122967.00, -74239, -448648, -1063 
1718971122988.00, -74194, -450262, -1074 
1718971123010.00, -74281, -451892, -1094 
1718971123034.00, -74208, -453500, -1107 
1718971123054.00, -74222, -455120, -1112 
1718971123075.00, -74118, -456725, -1132 
1718971123097.00, -74146, -458350, -1142 
1718971123119.00, -74204, -459967, -1149 
1718971123145.00, -74273, -461586, -1163 
1718971123162.00, -74118, -463193, -1199 
1718971123184.00, -74142, -464812, -1185 
1718971123205.00, -74164, -466425, -1192 
1718971123227.00, -74238, -468049, -1179 
1718971123249.00, -74247, -469658, -1176 
1718971123271.00, -74131, -471276, -1175 
1718971123292.00, -74168, -472883, -1177 
1718971123314.00, -74288, -474506, -1142 
1718971123336.00, -74168, -476119, -1138 
1718971123358.00, -74183, -477741, -1181 
1718971123379.00, -74220, -479354, -1165 
1718971123401.00, -74380, -480966, -1176 
1718971123423.00, -74237, -482584, -1208 
1718971123444.00, -74166, -484213, -1251 
1718971123466.00, -74208, -485819, -1260 
1718971123488.00, -74355, -487443, -1250 
1718971123510.00, -74118, -489046, -1242 
1718971123532.00, -74265, -490669, -1236 
1718971123553.00, -74282, -492285, -1230 
1718971123574.00, -74250, -493906, -1231 
1718971123596.00, -74165, -495514, -1204 
1718971123618.00, -74275, -497130, -1190 
1718971123640.00, -74250, -498738, -1227 
1718971123661.00, -74291, -500372, -1227 
1718971123683.00, -74143, -501975, -1214 
1718971123705.00, -74198, -503601, -1203 
1718971123727.00, -74237, -505204, -1164 
1718971123748.00, -74162, -506824, -1135 
1718971123770.00, -74233, -508436, -1128 
1718971123791.00, -74208, -510061, -1089 
1718971123814.00, -74253, -511666, -1105 
1718971123836.00, -74175, -513281, -1111 
1718971123859.00, -74241, -514890, -1107 
1718971123879.00, -74171, -516518, -1113 
1718971123901.00, -74207, -518130, -1116 
1718971123921.00, -74147, -519752, -1102 
1718971123944.00, -74395, -521356, -1118 
1718971123965.00, -74228, -522976, -1105 
1718971123987.00, -74320, -524589, -1088 
1718971124009.00, -74199, -526205, -1086 
1718971124033.00, -74300, -527813, -1095 
1718971124052.00, -74235, -529430, -1039 
1718971124075.00, -74113, -531041, -1077 
1718971124096.00, -74106, -532665, -1083 
1718971124117.00, -74263, -534278, -1045 
1718971124139.00, -74295, -535895, -1040 
1718971124162.00, -74148, -537504, -1092 
1718971124183.00, -74272, -539122, -1098 
1718971124204.00, -74329, -540741, -1119 
1718971124227.00, -74290, -542361, -1138 
1718971124248.00, -74179, -543977, -1168 
1718971124270.00, -74168, -545588, -1146 
1718971124292.00, -74319, -547190, -1129 
1718971124313.00, -74438, -548819, -1126 
1718971124335.00, -74195, -550434, -1158 
1718971124357.00, -74137, -552051, -1119 
1718971124378.00, -74326, -553659, -1072 
1718971124400.00, -74416, -555266, -1070 
1718971124422.00, -74276, -556887, -1069 
1718971124444.00, -74291, -558500, -1048 
1718971124465.00, -74217, -560118, -1069 
1718971124487.00, -74255, -561733, -1087 
1718971124509.00, -74278, -563343, -1080 
1718971124531.00, -74430, -564956, -1077 
1718971124553.00, -74165, -566587, -1134 
1718971124574.00, -74315, -568197, -1144 
1718971124596.00, -74366, -569810, -1131 
1718971124618.00, -74316, -571419, -1122 
1718971124639.00, -74104, -573038, -1157 
1718971124661.00, -74346, -574654, -1114 
1718971124682.00, -74339, -576269, -1115 
1718971124705.00, -74255, -577878, -1120 
1718971124726.00, -74108, -579491, -1090 
1718971124748.00, -74248, -581095, -1008 
1718971124769.00, -74373, -582714, -966 
1718971124799.00, -74289, -584318, -960 
1718971124813.00, -74116, -585920, -909 
1718971124834.00, -74191, -587521, -807 
1718971124855.00, -74126, -589123, -802 
1718971124877.00, -74197, -590729, -776 
1718971124900.00, -74204, -592333, -718 
1718971124920.00, -74209, -593935, -646 
1718971124943.00, -42098, -595528, -621 
1718971124964.00, -22872, -596456, -592 
1718971124986.00, -11211, -596974, -577 
1718971125007.00, -4557, -597237, -547 
1718971125029.00, -790, -597345, -546 
1718971125050.00, 295, -597366, -508 
1718971125072.00, 1649, -597367, -531 
1718971125094.00, 2794, -597333, -468 
1718971125115.00, 3348, -597273, -383 
1718971125137.00, 3612, -597195, -318 
1718971125159.00, 3759, -597113, -262 
1718971125180.00, 3621, -597027, -184 
1718971125202.00, 3689, -596947, -158 
1718971125226.00, 3575, -596864, -98 
1718971125245.00, 3486, -596781, -46 
1718971125266.00, 3350, -596703, -9 
1718971125288.00, 3406, -596624, 28 
1718971125310.00, 5157, -596551, 85 
1718971125331.00, 9577, -596439, 140 
1718971125352.00, 15636, -596228, 195 
1718971125374.00, 22420, -595899, 284 
1718971125396.00, 31769, -595421, 351 
1718971125417.00, 41146, -594736, 445 
1718971125439.00, 52428, -593850, 550 
1718971125460.00, 64093, -592714, 593 
1718971125482.00, 71210, -591328, 653 
1718971125504.00, 74438, -589782, 708 
1718971125526.00, 74421, -588170, 750 
1718971125549.00, 74307, -586547, 824 
1718971125569.00, 74250, -584944, 894 
1718971125591.00, 74431, -583327, 913 
1718971125612.00, 74478, -581711, 1014 
1718971125634.00, 74342, -580091, 1106 
1718971125660.00, 74226, -578472, 1100 
1718971125678.00, 74409, -576853, 1140 
1718971125699.00, 74472, -575240, 1177 
1718971125721.00, 74485, -573615, 1201 
1718971125743.00, 74262, -572000, 1233 
1718971125766.00, 74364, -570384, 1235 
1718971125786.00, 74370, -568771, 1253 
1718971125808.00, 74311, -567151, 1264 
1718971125829.00, 74227, -565540, 1280 
1718971125851.00, 74336, -563916, 1297 
1718971125873.00, 74391, -562309, 1315 
1718971125895.00, 74384, -560685, 1323 
1718971125916.00, 74227, -559077, 1340 
1718971125938.00, 74367, -557450, 1353 
1718971125960.00, 74305, -555841, 1383 
1718971125982.00, 74393, -554222, 1401 
1718971126003.00, 74189, -552610, 1409 
1718971126025.00, 74320, -550991, 1417 
1718971126047.00, 74260, -549374, 1438 
1718971126068.00, 74232, -547748, 1455 
1718971126095.00, 74154, -546144, 1453 
1718971126112.00, 74257, -544519, 1444 
1718971126134.00, 74259, -542911, 1474 
1718971126155.00, 74301, -541290, 1479 
1718971126177.00, 74142, -539681, 1478 
1718971126199.00, 74297, -538062, 1470 
1718971126221.00, 74197, -536451, 1501 
1718971126242.00, 74156, -534834, 1485 
1718971126264.00, 74103, -533221, 1452 
1718971126285.00, 74157, -531601, 1476 
1718971126307.00, 74047, -529987, 1484 
1718971126329.00, 74010, -528376, 1482 
1718971126350.00, 74085, -526764, 1459 
1718971126372.00, 74160, -525157, 1421 
1718971126394.00, 74024, -523543, 1435 
1718971126416.00, 73960, -521929, 1396 
1718971126438.00, 74141, -520320, 1366 
1718971126460.00, 74198, -518707, 1367 
1718971126481.00, 73947, -517092, 1414 
1718971126503.00, 74027, -515469, 1420 
1718971126525.00, 74302, -513861, 1434 
1718971126546.00, 74293, -512249, 1425 
1718971126568.00, 74070, -510630, 1441 
1718971126590.00, 74053, -509018, 1444 
1718971126612.00, 74266, -507396, 1462 
1718971126633.00, 74076, -505787, 1479 
1718971126655.00, 74012, -504167, 1487 
1718971126677.00, 74056, -502556, 1518 
1718971126698.00, 74100, -500939, 1526 
1718971126720.00, 74139, -499325, 1542 
1718971126742.00, 74217, -497710, 1526 
1718971126763.00, 74182, -496094, 1525 
1718971126785.00, 74049, -494482, 1501 
1718971126807.00, 74019, -492866, 1494 
1718971126829.00, 74139, -491255, 1503 
1718971126851.00, 74125, -489641, 1509 
1718971126873.00, 74156, -488027, 1526 
1718971126894.00, 74154, -486410, 1533 
1718971126916.00, 74397, -484793, 1528 
1718971126937.00, 74288, -483180, 1526 
1718971126959.00, 74188, -481560, 1508 
1718971126989.00, 74201, -479950, 1525 
1718971127003.00, 74358, -478327, 1547 
1718971127025.00, 74211, -476713, 1581 
1718971127046.00, 74150, -475094, 1570 
1718971127068.00, 74046, -473486, 1572 
1718971127089.00, 74040, -471864, 1550 
1718971127111.00, 74067, -470261, 1560 
1718971127133.00, 74030, -468639, 1533 
1718971127155.00, 73962, -467031, 1548 
1718971127176.00, 74017, -465412, 1480 
1718971127198.00, 74023, -463801, 1472 
1718971127220.00, 74056, -462189, 1442 
1718971127242.00, 74026, -460578, 1456 
1718971127264.00, 74010, -458962, 1419 
1718971127285.00, 74077, -457355, 1415 
1718971127307.00, 74079, -455738, 1408 
1718971127329.00, 74233, -454125, 1414 
1718971127350.00, 74332, -452510, 1394 
1718971127372.00, 74284, -450894, 1397 
1718971127394.00, 74200, -449273, 1360 
1718971127421.00, 74160, -447663, 1350 
1718971127437.00, 74248, -446050, 1309 
1718971127459.00, 74186, -444438, 1293 
1718971127480.00, 74118, -442822, 1216 
1718971127502.00, 74234, -441213, 1181 
1718971127529.00, 74304, -439598, 1158 
1718971127546.00, 74293, -437983, 1126 
1718971127567.00, 74103, -436370, 1086 
1718971127589.00, 74171, -434757, 1054 
1718971127611.00, 74304, -433142, 996 
1718971127637.00, 74258, -431535, 990 
1718971127654.00, 42222, -429942, 917 
1718971127676.00, 23197, -429007, 930 
1718971127697.00, 12073, -428482, 920 
1718971127718.00, 5414, -428217, 935 
1718971127741.00, 1454, -428096, 928 
1718971127762.00, -144, -428070, 829 
1718971127783.00, -1815, -428076, 664 
1718971127805.00, -2829, -428121, 442 
1718971127826.00, -3488, -428188, 290 
1718971127856.00, -3664, -428272, 152 
1718971127869.00, -3862, -428361, 24 
1718971127891.00, -3729, -428453, -94 
1718971127912.00, -9068, -428545, -212 
1718971127934.00, -19601, -428747, -299 
1718971127960.00, -31396, -429157, -324 
1718971127977.00, -39439, -429831, -513 
1718971127999.00, -55680, -430679, -517 
1718971128020.00, -65673, -431878, -559 
1718971128042.00, -72141, -433301, -603 
1718971128065.00, -74424, -434878, -677 
1718971128085.00, -74304, -436487, -742 
1718971128107.00, -74474, -438106, -775 
1718971128128.00, -74297, -439717, -846 
1718971128150.00, -74295, -441328, -905 
1718971128171.00, -74208, -442945, -943 
1718971128193.00, -74259, -444561, -975 
1718971128215.00, -74209, -446164, -989 
1718971128236.00, -74294, -447771, -1006 
1718971128258.00, -74281, -449380, -1009 
1718971128280.00, -74232, -451007, -1025 
1718971128302.00, -74105, -452624, -1055 
1718971128324.00, -74237, -454240, -1067 
1718971128345.00, -74299, -455849, -1085 
1718971128367.00, -74230, -457468, -1073 
1718971128388.00, -74143, -459081, -1087 
1718971128410.00, -74211, -460701, -1100 
1718971128432.00, -74289, -462308, -1104 
1718971128453.00, -74220, -463921, -1099 
1718971128475.00, -74120, -465535, -1102 
1718971128497.00, -74125, -467157, -1114 
1718971128519.00, -74165, -468773, -1100 
1718971128541.00, -74115, -470391, -1123 
1718971128562.00, -74147, -471997, -1143 
1718971128584.00, -74201, -473609, -1137 
1718971128606.00, -74304, -475231, -1146 
1718971128628.00, -74263, -476848, -1161 
1718971128649.00, -74221, -478467, -1197 
1718971128671.00, -74240, -480080, -1199 
1718971128692.00, -74292, -481688, -1193 
1718971128715.00, -74206, -483316, -1213 
1718971128736.00, -74294, -484931, -1193 
1718971128758.00, -74193, -486542, -1173 
1718971128780.00, -74423, -488161, -1178 
1718971128801.00, -74257, -489770, -1219 
1718971128822.00, -74360, -491392, -1185 
1718971128845.00, -74300, -493011, -1174 
1718971128866.00, -74350, -494626, -1212 
1718971128888.00, -74325, -496231, -1174 
1718971128910.00, -74274, -497852, -1164 
1718971128932.00, -74295, -499468, -1183 
1718971128953.00, -74122, -501092, -1224 
1718971128975.00, -74246, -502703, -1198 
1718971128996.00, -74291, -504323, -1224 
1718971129018.00, -74294, -505934, -1242 
1718971129040.00, -74165, -507552, -1234 
1718971129062.00, -74301, -509164, -1211 
1718971129084.00, -74165, -510784, -1230 
1718971129105.00, -74278, -512395, -1234 
1718971129127.00, -74258, -514009, -1218 
1718971129149.00, -74371, -515624, -1222 
1718971129171.00, -74182, -517247, -1256 
1718971129192.00, -74154, -518859, -1227 
1718971129214.00, -74194, -520473, -1220 
1718971129236.00, -74287, -522088, -1256 
1718971129257.00, -74256, -523707, -1259 
1718971129279.00, -74305, -525323, -1212 
1718971129301.00, -74325, -526939, -1257 
1718971129323.00, -74351, -528546, -1235 
1718971129345.00, -74470, -530163, -1215 
1718971129366.00, -74234, -531778, -1235 
1718971129388.00, -74258, -533402, -1267 
1718971129409.00, -74358, -535010, -1208 
1718971129431.00, -74321, -536635, -1258 
1718971129452.00, -74227, -538238, -1262 
1718971129474.00, -74275, -539862, -1274 
1718971129497.00, -74412, -541470, -1242 
1718971129518.00, -74412, -543096, -1282 
1718971129540.00, -74274, -544711, -1338 
1718971129562.00, -74442, -546329, -1380 
1718971129583.00, -74324, -547937, -1374 
1718971129605.00, -74338, -549568, -1392 
1718971129627.00, -74223, -551169, -1321 
1718971129649.00, -74344, -552794, -1299 
1718971129670.00, -74265, -554399, -1298 
1718971129692.00, -74389, -556018, -1274 
1718971129714.00, -74187, -557624, -1235 
1718971129736.00, -74312, -559241, -1225 
1718971129757.00, -74270, -560851, -1210 
1718971129778.00, -74445, -562468, -1182 
1718971129801.00, -74393, -564072, -1161 
1718971129822.00, -74344, -565700, -1211 
1718971129844.00, -74274, -567312, -1194 
1718971129866.00, -74449, -568930, -1184 
1718971129887.00, -74277, -570533, -1209 
1718971129909.00, -74272, -572153, -1204 
1718971129931.00, -74213, -573764, -1150 
1718971129953.00, -74274, -575387, -1125 
1718971129974.00, -74198, -576991, -1123 
1718971129996.00, -74199, -578600, -1068 
1718971130017.00, -74213, -580202, -1008 
1718971130042.00, -74216, -581827, -986 
1718971130061.00, -74303, -583426, -935 
1718971130083.00, -74218, -585033, -831 
1718971130104.00, -74113, -586625, -753 
1718971130126.00, -74037, -588228, -697 
1718971130148.00, -74149, -589828, -621 
1718971130169.00, -74242, -591427, -545 
1718971130191.00, -74294, -593036, -526 
1718971130213.00, -42124, -594627, -481 
1718971130234.00, -23022, -595557, -462 
1718971130257.00, -11311, -596077, -451 
1718971130277.00, -4689, -596338, -450 
1718971130299.00, -877, -596453, -510 
1718971130320.00, 715, -596474, -452 
1718971130342.00, 2104, -596465, -381 
1718971130364.00, 2993, -596420, -305 
1718971130386.00, 3301, -596354, -244 
1718971130407.00, 3282, -596275, -199 
1718971130428.00, 3409, -596203, -172 
1718971130450.00, 3423, -596124, -113 
1718971130472.00, 3461, -596043, -49 
1718971130493.00, 3374, -595964, -2 
1718971130515.00, 3415, -595885, 51 
1718971130537.00, 6376, -595807, 113 
1718971130557.00, 12191, -595668, 161 
1718971130579.00, 18264, -595407, 194 
1718971130601.00, 23782, -595011, 238 
1718971130623.00, 29905, -594494, 305 
1718971130644.00, 37056, -593852, 359 
1718971130666.00, 45115, -593054, 365 
1718971130688.00, 49814, -592084, 537 
1718971130709.00, 62706, -590999, 531 
1718971130731.00, 70333, -589643, 550 
1718971130752.00, 74837, -588123, 603 
1718971130775.00, 74280, -586497, 661 
1718971130796.00, 74419, -584890, 704 
1718971130817.00, 74443, -583274, 755 
1718971130839.00, 74360, -581655, 869 
1718971130861.00, 74277, -580047, 891 
1718971130883.00, 74363, -578433, 917 
1718971130904.00, 74270, -576823, 959 
1718971130926.00, 74250, -575215, 1009 
1718971130948.00, 74363, -573589, 1030 
1718971130969.00, 74372, -571975, 1077 
1718971130990.00, 74348, -570358, 1125 
1718971131012.00, 74468, -568740, 1163 
1718971131035.00, 74379, -567117, 1191 
1718971131056.00, 74175, -565499, 1220 
1718971131078.00, 74357, -563884, 1210 
1718971131100.00, 74490, -562270, 1220 
1718971131121.00, 74442, -560657, 1215 
1718971131143.00, 74194, -559043, 1240 
1718971131165.00, 74358, -557425, 1241 
1718971131186.00, 74458, -555813, 1263 
1718971131208.00, 74487, -554195, 1289 
1718971131230.00, 74223, -552575, 1323 
1718971131252.00, 74352, -550958, 1341 
1718971131274.00, 74346, -549341, 1351 
1718971131295.00, 74345, -547718, 1358 
1718971131316.00, 74178, -546109, 1368 
1718971131338.00, 74358, -544491, 1350 
1718971131360.00, 74221, -542879, 1346 
1718971131382.00, 74380, -541263, 1329 
1718971131404.00, 74244, -539644, 1346 
1718971131425.00, 74289, -538035, 1339 
1718971131447.00, 74281, -536420, 1346 
1718971131468.00, 74324, -534800, 1375 
1718971131491.00, 74164, -533182, 1386 
1718971131512.00, 74284, -531563, 1389 
1718971131534.00, 74175, -529946, 1394 
1718971131556.00, 74327, -528330, 1398 
1718971131577.00, 74124, -526717, 1412 
1718971131599.00, 74199, -525098, 1415 
1718971131622.00, 74166, -523485, 1399 
1718971131643.00, 74253, -521873, 1371 
1718971131665.00, 74164, -520255, 1393 
1718971131686.00, 74284, -518641, 1396 
1718971131708.00, 74125, -517023, 1402 
1718971131730.00, 74152, -515405, 1405 
1718971131751.00, 74187, -513796, 1416 
1718971131773.00, 74259, -512179, 1431 
1718971131795.00, 74172, -510565, 1449 
1718971131816.00, 74252, -508939, 1487 
1718971131838.00, 74223, -507328, 1525 
1718971131860.00, 74259, -505707, 1543 
1718971131881.00, 74036, -504095, 1531 
1718971131904.00, 74001, -502478, 1521 
1718971131926.00, 74113, -500864, 1516 
1718971131946.00, 74093, -499250, 1498 
1718971131968.00, 73911, -497640, 1495 
1718971131990.00, 73938, -496026, 1482 
1718971132012.00, 74194, -494420, 1471 
1718971132033.00, 74170, -492810, 1477 
1718971132056.00, 74064, -491188, 1476 
1718971132077.00, 74044, -489581, 1466 
1718971132099.00, 74108, -487969, 1460 
1718971132120.00, 74076, -486356, 1453 
1718971132142.00, 74138, -484744, 1417 
1718971132164.00, 74067, -483127, 1405 
1718971132186.00, 73998, -481509, 1392 
1718971132208.00, 73979, -479902, 1385 
1718971132229.00, 74168, -478289, 1374 
1718971132251.00, 74110, -476675, 1374 
1718971132273.00, 74080, -475063, 1339 
1718971132295.00, 73988, -473452, 1345 
1718971132316.00, 74216, -471832, 1330 
1718971132338.00, 74187, -470226, 1339 
1718971132360.00, 74225, -468607, 1320 
1718971132382.00, 74230, -466993, 1348 
1718971132403.00, 74326, -465376, 1334 
1718971132424.00, 74130, -463755, 1338 
1718971132447.00, 74206, -462147, 1308 
1718971132468.00, 74144, -460534, 1317 
1718971132490.00, 74138, -458915, 1280 
1718971132512.00, 74107, -457308, 1270 
1718971132533.00, 74127, -455685, 1242 
1718971132555.00, 74078, -454080, 1244 
1718971132577.00, 74095, -452460, 1219 
1718971132599.00, 74117, -450847, 1215 
1718971132620.00, 74083, -449232, 1174 
1718971132642.00, 74091, -447619, 1167 
1718971132664.00, 74161, -446006, 1133 
1718971132686.00, 74159, -444393, 1133 
1718971132707.00, 74170, -442779, 1103 
1718971132729.00, 74238, -441167, 1086 
1718971132750.00, 74305, -439549, 1066 
1718971132773.00, 74228, -437938, 1090 
1718971132794.00, 74233, -436315, 1053 
1718971132816.00, 74173, -434708, 1039 
1718971132838.00, 74255, -433089, 967 
1718971132859.00, 74158, -431486, 945 
1718971132881.00, 42249, -429892, 876 
1718971132903.00, 23152, -428961, 878 
1718971132924.00, 11735, -428438, 878 
1718971132946.00, 4975, -428178, 874 
1718971132967.00, 1055, -428066, 831 
1718971132988.00, -553, -428046, 742 
1718971133010.00, -2092, -428059, 591 
1718971133031.00, -2991, -428106, 417 
1718971133053.00, -3505, -428177, 286 
1718971133074.00, -3538, -428260, 189 
1718971133098.00, -3684, -428345, 100 
1718971133117.00, -3763, -428424, 35 
1718971133139.00, -3730, -428512, -40 
1718971133160.00, -6051, -428603, -130 
1718971133182.00, -12875, -428740, -216 
1718971133204.00, -21440, -429014, -282 
1718971133225.00, -31150, -429484, -326 
1718971133247.00, -39483, -430156, -478 
1718971133268.00, -53583, -431010, -574 
1718971133290.00, -65029, -432164, -590 
1718971133312.00, -71726, -433574, -667 
1718971133334.00, -74517, -435141, -723 
1718971133355.00, -74290, -436753, -776 
1718971133377.00, -74258, -438372, -816 
1718971133398.00, -74422, -439981, -849 
1718971133419.00, -74282, -441593, -920 
1718971133441.00, -74359, -443206, -944 
1718971133463.00, -74318, -444819, -958 
1718971133485.00, -74365, -446425, -1019 
1718971133507.00, -74369, -448041, -1065 
1718971133528.00, -74569, -449653, -1040 
1718971133550.00, -74378, -451283, -1065 
1718971133572.00, -74317, -452895, -1091 
1718971133593.00, -74330, -454513, -1107 
1718971133615.00, -74404, -456123, -1119 
1718971133637.00, -74262, -457747, -1126 
1718971133658.00, -74168, -459358, -1158 
1718971133680.00, -74301, -460980, -1173 
1718971133702.00, -74396, -462589, -1174 
1718971133723.00, -74235, -464202, -1167 
1718971133745.00, -74203, -465815, -1140 
1718971133767.00, -74279, -467436, -1127 
1718971133789.00, -74308, -469047, -1127 
1718971133811.00, -74247, -470666, -1103 
1718971133833.00, -74319, -472273, -1088 
1718971133854.00, -74250, -473886, -1100 
1718971133876.00, -74260, -475507, -1110 
1718971133898.00, -74280, -477127, -1156 
1718971133919.00, -74340, -478738, -1175 
1718971133940.00, -74297, -480356, -1186 
1718971133962.00, -74312, -481969, -1216 
1718971133985.00, -74205, -483600, -1295 
1718971134006.00, -74437, -485209, -1232 
1718971134027.00, -74201, -486827, -1241 
1718971134050.00, -73973, -488434, -1197 
1718971134071.00, -74119, -490047, -1167 
1718971134095.00, -74266, -491666, -1222 
1718971134115.00, -74157, -493283, -1252 
1718971134137.00, -73875, -494895, -1254 
1718971134158.00, -74127, -496508, -1232 
1718971134180.00, -74196, -498113, -1239 
1718971134201.00, -74095, -499740, -1260 
1718971134224.00, -73991, -501352, -1214 
1718971134245.00, -74054, -502966, -1167 
1718971134267.00, -74088, -504571, -1200 
1718971134288.00, -74073, -506184, -1216 
1718971134310.00, -74065, -507804, -1204 
1718971134332.00, -74227, -509421, -1195 
1718971134353.00, -74243, -511036, -1256 
1718971134375.00, -74179, -512648, -1235 
1718971134397.00, -74055, -514255, -1220 
1718971134423.00, -73937, -515872, -1188 
1718971134440.00, -73905, -517488, -1149 
1718971134462.00, -73965, -519100, -1114 
1718971134484.00, -74020, -520709, -1133 
1718971134506.00, -73960, -522316, -1105 
1718971134527.00, -73993, -523930, -1088 
1718971134549.00, -74087, -525543, -1088 
1718971134571.00, -74193, -527164, -1100 
1718971134593.00, -74136, -528766, -1062 
1718971134614.00, -74080, -530380, -1049 
1718971134636.00, -74202, -531996, -1038 
1718971134657.00, -74242, -533614, -1030 
1718971134680.00, -74164, -535226, -981 
1718971134701.00, -74102, -536840, -1017 
1718971134723.00, -74170, -538448, -990 
1718971134745.00, -74196, -540054, -938 
1718971134766.00, -74187, -541666, -941 
1718971134788.00, -74236, -543281, -1013 
1718971134810.00, -74145, -544888, -1007 
1718971134832.00, -74313, -546506, -1007 
1718971134855.00, -74144, -548120, -1039 
1718971134875.00, -74185, -549747, -1054 
1718971134897.00, -74226, -551358, -998 
1718971134918.00, -74225, -552970, -1006 
1718971134939.00, -74146, -554575, -1003 
1718971134961.00, -74288, -556193, -950 
1718971134983.00, -74338, -557799, -915 
1718971135005.00, -74143, -559409, -906 
1718971135026.00, -74207, -561006, -789 
1718971135049.00, -74213, -562612, -753 
1718971135069.00, -74259, -564214, -778 
1718971135092.00, -74156, -565836, -762 
1718971135113.00, -74261, -567437, -727 
1718971135135.00, -74356, -569056, -764 
1718971135156.00, -74167, -570655, -775 
1718971135180.00, -74190, -572262, -738 
1718971135199.00, -74304, -573870, -704 
1718971135221.00, -74266, -575487, -730 
1718971135243.00, -73988, -577082, -706 
1718971135265.00, -74123, -578680, -647 
1718971135290.00, -74119, -580280, -599 
1718971135308.00, -74279, -581896, -592 
1718971135329.00, -74067, -583498, -545 
1718971135351.00, -74151, -585108, -514 
1718971135373.00, -73121, -586702, -493 
1718971135397.00, -71345, -588290, -479 
1718971135416.00, -69430, -589834, -427 
1718971135438.00, -65182, -591333, -382 
1718971135459.00, -59759, -592743, -382 
1718971135481.00, -33539, -594029, -358 
1718971135505.00, -18046, -594780, -357 
1718971135524.00, -8684, -595192, -350 
1718971135546.00, -3374, -595391, -343 
1718971135567.00, -33, -595472, -379 
1718971135588.00, 1259, -595477, -332 
1718971135615.00, 2236, -595458, -264 
1718971135632.00, 2953, -595407, -190 
1718971135653.00, 3334, -595340, -130 
1718971135675.00, 3361, -595264, -92 
1718971135697.00, 3448, -595185, -47 
1718971135718.00, 3423, -595106, 4 
1718971135740.00, 3451, -595023, 66 
1718971135760.00, 7321, -594942, 117 
1718971135782.00, 12871, -594782, 169 
1718971135804.00, 19090, -594500, 237 
1718971135826.00, 26930, -594084, 303 
1718971135848.00, 35304, -593508, 330 
1718971135869.00, 42442, -592753, 346 
1718971135891.00, 47300, -591838, 491 
1718971135913.00, 58980, -590813, 460 
1718971135934.00, 63999, -589542, 530 
1718971135955.00, 71120, -588156, 577 
1718971135977.00, 74606, -586614, 624 
1718971135999.00, 74199, -584999, 667 
1718971136020.00, 74311, -583382, 728 
1718971136043.00, 74265, -581770, 783 
1718971136064.00, 74365, -580155, 790 
1718971136085.00, 74201, -578554, 823 
1718971136107.00, 74253, -576936, 863 
1718971136129.00, 74249, -575334, 902 
1718971136150.00, 74337, -573720, 918 
1718971136172.00, 74249, -572106, 978 
1718971136194.00, 74349, -570495, 1025 
1718971136215.00, 74138, -568882, 1080 
1718971136237.00, 74141, -567260, 1099 
1718971136259.00, 74157, -565646, 1134 
1718971136280.00, 74143, -564024, 1152 
1718971136303.00, 74072, -562417, 1157 
1718971136324.00, 73932, -560801, 1163 
1718971136345.00, 74195, -559195, 1130 
1718971136367.00, 74287, -557577, 1153 
1718971136389.00, 74071, -555968, 1182 
1718971136411.00, 74024, -554349, 1184 
1718971136432.00, 74275, -552735, 1222 
1718971136454.00, 74228, -551121, 1239 
1718971136476.00, 74028, -549496, 1266 
1718971136498.00, 73953, -547882, 1296 
1718971136519.00, 74222, -546268, 1310 
1718971136541.00, 74256, -544655, 1325 
1718971136563.00, 74129, -543042, 1346 
1718971136584.00, 74110, -541419, 1364 
1718971136607.00, 74280, -539808, 1387 
1718971136628.00, 74183, -538189, 1404 
1718971136650.00, 74138, -536577, 1409 
1718971136671.00, 74067, -534959, 1419 
1718971136693.00, 74076, -533345, 1427 
1718971136715.00, 74074, -531729, 1422 
1718971136737.00, 74197, -530117, 1397 
1718971136759.00, 74142, -528502, 1414 
1718971136780.00, 74127, -526888, 1421 
1718971136802.00, 74036, -525274, 1434 
1718971136824.00, 74165, -523657, 1441 
1718971136845.00, 74155, -522047, 1446 
1718971136867.00, 74112, -520430, 1450 
1718971136888.00, 74051, -518819, 1436 
1718971136910.00, 74244, -517208, 1407 
1718971136932.00, 74198, -515589, 1394 
1718971136954.00, 74128, -513980, 1381 
1718971136976.00, 74142, -512361, 1350 
1718971136997.00, 74193, -510749, 1336 
1718971137019.00, 74082, -509138, 1306 
1718971137040.00, 74026, -507523, 1285 
1718971137062.00, 74010, -505913, 1295 
1718971137085.00, 73993, -504296, 1280 
1718971137107.00, 74028, -502684, 1266 
1718971137128.00, 73981, -501073, 1255 
1718971137150.00, 74051, -499456, 1278 
1718971137171.00, 74013, -497843, 1292 
1718971137193.00, 74068, -496230, 1300 
1718971137214.00, 74034, -494613, 1314 
1718971137236.00, 74111, -493005, 1314 
1718971137258.00, 74236, -491384, 1290 
1718971137280.00, 74254, -489775, 1296 
1718971137302.00, 74278, -488153, 1287 
1718971137324.00, 74203, -486543, 1311 
1718971137345.00, 74281, -484928, 1285 
1718971137369.00, 74275, -483309, 1307 
1718971137389.00, 74203, -481692, 1304 
1718971137410.00, 74105, -480081, 1293 
1718971137432.00, 74168, -478464, 1262 
1718971137454.00, 74253, -476858, 1289 
1718971137479.00, 74120, -475233, 1271 
1718971137497.00, 74115, -473627, 1277 
1718971137519.00, 74178, -472009, 1260 
1718971137541.00, 74291, -470403, 1265 
1718971137563.00, 74244, -468785, 1227 
1718971137584.00, 74118, -467172, 1227 
1718971137606.00, 74159, -465555, 1218 
1718971137627.00, 74109, -463940, 1228 
1718971137649.00, 74264, -462327, 1206 
1718971137670.00, 74095, -460716, 1216 
1718971137698.00, 74138, -459099, 1201 
1718971137714.00, 74203, -457486, 1203 
1718971137736.00, 74370, -455874, 1179 
1718971137757.00, 74166, -454260, 1190 
1718971137780.00, 74081, -452645, 1162 
1718971137804.00, 74119, -451031, 1172 
1718971137823.00, 74352, -449415, 1136 
1718971137844.00, 74258, -447810, 1148 
1718971137867.00, 74168, -446191, 1123 
1718971137888.00, 74129, -444583, 1125 
1718971137911.00, 74300, -442964, 1098 
1718971137931.00, 74185, -441358, 1093 
1718971137953.00, 74091, -439744, 1064 
1718971137975.00, 74108, -438128, 1051 
1718971137997.00, 74303, -436519, 1046 
1718971138022.00, 74291, -434901, 1066 
1718971138040.00, 74361, -433288, 1037 
1718971138062.00, 74168, -431672, 1043 
1718971138084.00, 42155, -430068, 1006 
1718971138105.00, 22785, -429137, 1033 
1718971138128.00, 11537, -428618, 1000 
1718971138149.00, 4825, -428358, 1024 
1718971138170.00, 897, -428249, 987 
1718971138191.00, -581, -428230, 886 
1718971138213.00, -2087, -428241, 745 
1718971138237.00, -3019, -428287, 590 
1718971138256.00, -3512, -428356, 445 
1718971138277.00, -3774, -428433, 336 
1718971138299.00, -3864, -428519, 251 
1718971138320.00, -3716, -428604, 183 
1718971138342.00, -3598, -428688, 134 
1718971138363.00, -3484, -428766, 115 
1718971138385.00, -3550, -428847, 88 
1718971138406.00, -3586, -428939, -21 
1718971138428.00, -4651, -429025, -148 
1718971138449.00, -12873, -429130, -215 
1718971138470.00, -22405, -429401, -274 
1718971138492.00, -31214, -429882, -413 
1718971138514.00, -44572, -430553, -561 
1718971138536.00, -59762, -431507, -567 
1718971138557.00, -68509, -432799, -739 
1718971138579.00, -73712, -434298, -806 
1718971138601.00, -74443, -435903, -850 
1718971138622.00, -74452, -437516, -930 
1718971138643.00, -74317, -439132, -989 
1718971138666.00, -74241, -440735, -993 
1718971138688.00, -74312, -442354, -1005 
1718971138709.00, -74283, -443973, -1044 
1718971138731.00, -74353, -445589, -1072 
1718971138752.00, -74128, -447202, -1059 
1718971138774.00, -74237, -448816, -1088 
1718971138796.00, -74361, -450436, -1089 
1718971138818.00, -74255, -452057, -1093 
1718971138839.00, -74290, -453672, -1084 
1718971138861.00, -74341, -455286, -1101 
1718971138883.00, -74257, -456897, -1119 
1718971138905.00, -74291, -458523, -1135 
1718971138926.00, -74239, -460133, -1112 
1718971138948.00, -74285, -461753, -1155 
1718971138970.00, -74172, -463362, -1165 
1718971138991.00, -74240, -464977, -1155 
1718971139013.00, -74204, -466591, -1175 
1718971139034.00, -74258, -468218, -1197 
1718971139057.00, -74232, -469829, -1206 
1718971139078.00, -74264, -471450, -1198 
1718971139101.00, -74164, -473056, -1201 
1718971139127.00, -74101, -474674, -1205 
1718971139144.00, -73938, -476285, -1132 
1718971139165.00, -73966, -477906, -1107 
1718971139187.00, -73916, -479508, -1090 
1718971139209.00, -74028, -481119, -1126 
1718971139230.00, -73968, -482726, -1111 
1718971139252.00, -74188, -484349, -1106 
1718971139273.00, -74185, -485955, -1106 
1718971139294.00, -74171, -487585, -1145 
1718971139317.00, -74016, -489184, -1140 
1718971139339.00, -74080, -490805, -1146 
1718971139361.00, -74130, -492419, -1152 
1718971139383.00, -74189, -494039, -1163 
1718971139404.00, -74172, -495647, -1172 
1718971139426.00, -74120, -497268, -1181 
1718971139450.00, -74165, -498872, -1163 
1718971139469.00, -74215, -500501, -1164 
1718971139491.00, -74181, -502104, -1124 
1718971139513.00, -74152, -503730, -1096 
1718971139535.00, -74059, -505329, -1085 
1718971139556.00, -74142, -506948, -1034 
1718971139578.00, -74153, -508561, -1010 
1718971139600.00, -74107, -510183, -1035 
1718971139622.00, -74109, -511794, -1032 
1718971139643.00, -74187, -513405, -1025 
1718971139665.00, -74219, -515015, -1011 
1718971139687.00, -74167, -516647, -1056 
1718971139708.00, -74241, -518253, -1050 
1718971139730.00, -74367, -519876, -1029 
1718971139752.00, -74247, -521481, -1065 
1718971139774.00, -74098, -523106, -1090 
1718971139795.00, -74182, -524718, -1053 
1718971139817.00, -74388, -526334, -1063 
1718971139838.00, -74104, -527944, -1082 
1718971139860.00, -74178, -529556, -1056 
1718971139887.00, -74301, -531165, -1041 
1718971139904.00, -74401, -532793, -1043 
1718971139926.00, -74115, -534405, -1053 
1718971139948.00, -74147, -536024, -1036 
1718971139969.00, -74184, -537630, -1029 
1718971139993.00, -74159, -539245, -1031 
1718971140012.00, -74154, -540862, -1006 
1718971140034.00, -74237, -542485, -1008 
1718971140056.00, -74283, -544089, -998 
1718971140078.00, -74229, -545698, -1002 
1718971140100.00, -74175, -547305, -1006 
1718971140121.00, -74230, -548929, -965 
1718971140143.00, -74194, -550536, -985 
1718971140163.00, -74127, -552151, -970 
1718971140186.00, -74353, -553752, -968 
1718971140207.00, -74139, -555354, -960 
1718971140229.00, -74025, -556970, -954 
1718971140251.00, -74039, -558576, -928 
1718971140272.00, -74304, -560178, -920 
1718971140294.00, -74287, -561787, -912 
1718971140317.00, -74182, -563385, -910 
1718971140337.00, -74243, -564998, -921 
1718971140359.00, -74191, -566612, -925 
1718971140380.00, -74407, -568219, -882 
1718971140402.00, -74201, -569821, -864 
1718971140424.00, -74189, -571426, -850 
1718971140446.00, -74102, -573030, -830 
1718971140467.00, -74441, -574647, -794 
1718971140489.00, -74312, -576253, -804 
1718971140510.00, -74353, -577853, -776 
1718971140532.00, -74189, -579458, -786 
1718971140554.00, -74322, -581069, -776 
1718971140574.00, -74272, -582684, -765 
1718971140597.00, -74200, -584282, -735 
1718971140619.00, -74122, -585893, -741 
1718971140640.00, -74225, -587492, -704 
1718971140661.00, -74140, -589104, -672 
1718971140683.00, -74217, -590705, -627 
1718971140704.00, -74203, -592311, -594 
1718971140726.00, -74232, -593912, -530 
1718971140748.00, -42127, -595505, -502 
1718971140770.00, -22694, -596436, -467 
1718971140792.00, -11492, -596954, -435 
1718971140813.00, -4980, -597215, -411 
1718971140835.00, -1042, -597329, -422 
1718971140856.00, 525, -597354, -344 
1718971140877.00, 1857, -597347, -261 
1718971140899.00, 2820, -597306, -148 
1718971140921.00, 3316, -597241, -59 
1718971140942.00, 3543, -597160, 16 
1718971140964.00, 4583, -597077, 108 
1718971140985.00, 10538, -596965, 172 
1718971141007.00, 18198, -596738, 232 
1718971141029.00, 25920, -596349, 297 
1718971141051.00, 34631, -595797, 336 
1718971141072.00, 41864, -595049, 389 
1718971141093.00, 49633, -594140, 419 
1718971141115.00, 55819, -593069, 455 
1718971141137.00, 61832, -591860, 482 
1718971141158.00, 66945, -590514, 529 
1718971141181.00, 72733, -589070, 558 
1718971141201.00, 74393, -587493, 574 
1718971141224.00, 74355, -585874, 639 
1718971141245.00, 74347, -584259, 690 
1718971141267.00, 74337, -582651, 729 
1718971141288.00, 74355, -581039, 785 
1718971141310.00, 74333, -579426, 879 
1718971141331.00, 74315, -577811, 916 
1718971141353.00, 74279, -576205, 958 
1718971141375.00, 74298, -574592, 992 
1718971141396.00, 74273, -572980, 1036 
1718971141419.00, 74309, -571360, 1090 
1718971141439.00, 74211, -569744, 1115 
1718971141461.00, 74231, -568129, 1140 
1718971141484.00, 74239, -566508, 1156 
1718971141505.00, 74178, -564892, 1172 
1718971141526.00, 74265, -563275, 1180 
1718971141549.00, 74244, -561660, 1197 
1718971141570.00, 74291, -560044, 1207 
1718971141592.00, 74241, -558430, 1212 
1718971141614.00, 74277, -556814, 1221 
1718971141636.00, 74316, -555204, 1217 
1718971141657.00, 74218, -553584, 1233 
1718971141679.00, 74138, -551971, 1244 
1718971141701.00, 74212, -550353, 1244 
1718971141723.00, 74178, -548734, 1252 
1718971141744.00, 74169, -547122, 1255 
1718971141766.00, 74248, -545505, 1270 
1718971141793.00, 74229, -543891, 1279 
1718971141810.00, 74276, -542274, 1291 
1718971141831.00, 74132, -540653, 1310 
1718971141852.00, 74204, -539045, 1326 
1718971141875.00, 74244, -537425, 1327 
1718971141896.00, 74144, -535814, 1341 
1718971141918.00, 74041, -534192, 1360 
1718971141940.00, 74120, -532578, 1368 
1718971141964.00, 74172, -530960, 1373 
1718971141983.00, 74222, -529347, 1353 
1718971142005.00, 74040, -527725, 1370 
1718971142027.00, 74237, -526117, 1378 
1718971142048.00, 74212, -524495, 1383 
1718971142070.00, 74229, -522883, 1378 
1718971142092.00, 74181, -521268, 1377 
1718971142114.00, 74179, -519654, 1384 
1718971142135.00, 74219, -518039, 1352 
1718971142156.00, 74099, -516427, 1349 
1718971142181.00, 74131, -514803, 1325 
1718971142200.00, 74154, -513198, 1329 
1718971142222.00, 74188, -511582, 1294 
1718971142244.00, 74185, -509968, 1295 
1718971142266.00, 74302, -508349, 1275 
1718971142291.00, 74186, -506736, 1271 
1718971142309.00, 74204, -505119, 1267 
1718971142331.00, 74316, -503506, 1269 
1718971142352.00, 74201, -501894, 1245 
1718971142374.00, 74058, -500272, 1233 
1718971142396.00, 74151, -498662, 1180 
1718971142417.00, 74220, -497046, 1171 
1718971142440.00, 74350, -495428, 1173 
1718971142461.00, 74191, -493820, 1168 
1718971142483.00, 74348, -492201, 1174 
1718971142505.00, 74181, -490583, 1180 
1718971142526.00, 74492, -488967, 1181 
1718971142548.00, 74141, -487354, 1190 
1718971142570.00, 74233, -485738, 1170 
1718971142592.00, 74179, -484120, 1172 
1718971142615.00, 74450, -482502, 1153 
1718971142635.00, 74161, -480889, 1163 
1718971142656.00, 74265, -479274, 1150 
1718971142678.00, 74170, -477657, 1152 
1718971142700.00, 74313, -476041, 1162 
1718971142724.00, 74156, -474423, 1160 
1718971142743.00, 74250, -472810, 1167 
1718971142765.00, 74119, -471195, 1168 
1718971142787.00, 74337, -469581, 1162 
1718971142808.00, 74156, -467965, 1167 
1718971142835.00, 74250, -466346, 1164 
1718971142852.00, 74152, -464731, 1161 
1718971142874.00, 74333, -463110, 1156 
1718971142895.00, 74122, -461502, 1154 
1718971142918.00, 74193, -459883, 1131 
1718971142941.00, 74172, -458268, 1115 
1718971142961.00, 74284, -456660, 1116 
1718971142982.00, 74228, -455038, 1102 
1718971143004.00, 74251, -453430, 1093 
1718971143026.00, 74159, -451808, 1064 
1718971143049.00, 74304, -450192, 1055 
1718971143070.00, 74265, -448577, 1031 
1718971143091.00, 74304, -446964, 1014 
1718971143113.00, 74186, -445349, 992 
1718971143134.00, 74243, -443744, 986 
1718971143156.00, 74161, -442134, 965 
1718971143178.00, 74339, -440534, 937 
1718971143199.00, 74205, -438921, 916 
1718971143221.00, 74095, -437310, 895 
1718971143243.00, 74213, -435701, 858 
1718971143264.00, 74171, -434097, 830 
1718971143286.00, 74162, -432496, 744 
1718971143308.00, 44515, -430897, 686 
1718971143329.00, 27031, -429922, 633 
1718971143351.00, 16585, -429318, 561 
1718971143372.00, 10408, -428945, 578 
1718971143394.00, 6741, -428712, 589 
1718971143415.00, 4532, -428565, 514 
1718971143436.00, 3234, -428468, 427 
1718971143458.00, 2429, -428407, 306 
1718971143480.00, 2014, -428362, 206 
1718971143502.00, 1722, -428322, 145 
1718971143523.00, 1253, -428289, 106 
1718971143545.00, 1158, -428278, -54 
1718971143566.00, -1516, -428264, -177 
1718971143588.00, -10733, -428298, -279 
1718971143609.00, -22974, -428522, -281 
1718971143631.00, -30092, -429022, -581 
1718971143653.00, -49323, -429674, -620 
1718971143675.00, -60717, -430726, -708 
1718971143696.00, -67675, -432054, -815 
1718971143718.00, -71671, -433519, -861 
1718971143739.00, -74094, -435090, -914 
1718971143760.00, -74600, -436686, -952 
1718971143783.00, -74257, -438311, -987 
1718971143805.00, -74190, -439911, -1018 
1718971143826.00, -74345, -441531, -1010 
1718971143847.00, -74433, -443152, -1036 
1718971143870.00, -74241, -444766, -1079 
1718971143891.00, -74135, -446384, -1094 
1718971143913.00, -74303, -447997, -1093 
1718971143939.00, -74475, -449607, -1104 
1718971143957.00, -74265, -451237, -1147 
1718971143978.00, -74318, -452850, -1137 
1718971144000.00, -74328, -454468, -1153 
1718971144022.00, -74195, -456077, -1176 
1718971144047.00, -74236, -457697, -1185 
1718971144065.00, -74349, -459313, -1198 
1718971144087.00, -74288, -460933, -1195 
1718971144108.00, -74139, -462545, -1215 
1718971144130.00, -74179, -464157, -1212 
1718971144152.00, -74400, -465765, -1198 
1718971144174.00, -74370, -467392, -1222 
1718971144196.00, -74117, -469011, -1248 
1718971144217.00, -74213, -470629, -1237 
1718971144239.00, -74284, -472232, -1239 
1718971144260.00, -74226, -473848, -1248 
1718971144282.00, -74007, -475471, -1271 
1718971144304.00, -74068, -477089, -1278 
1718971144326.00, -74159, -478698, -1269 
1718971144348.00, -74122, -480314, -1267 
1718971144369.00, -73956, -481916, -1271 
1718971144391.00, -74032, -483539, -1253 
1718971144413.00, -74030, -485152, -1248 
1718971144435.00, -74052, -486763, -1217 
1718971144456.00, -73898, -488375, -1236 
1718971144488.00, -74001, -489981, -1217 
1718971144499.00, -74062, -491601, -1241 
1718971144522.00, -74134, -493219, -1241 
1718971144543.00, -74062, -494829, -1260 
1718971144564.00, -74082, -496444, -1247 
1718971144590.00, -74057, -498049, -1245 
1718971144608.00, -74005, -499668, -1265 
1718971144630.00, -73983, -501283, -1222 
1718971144652.00, -73992, -502898, -1210 
1718971144674.00, -73964, -504505, -1173 
1718971144698.00, -74083, -506105, -1113 
1718971144717.00, -74098, -507728, -1104 
1718971144739.00, -74030, -509337, -1103 
1718971144760.00, -73951, -510957, -1098 
1718971144782.00, -74190, -512563, -1044 
1718971144804.00, -74237, -514171, -1077 
1718971144826.00, -74203, -515787, -1053 
1718971144847.00, -74079, -517408, -1057 
1718971144869.00, -74268, -519024, -1019 
1718971144891.00, -74241, -520638, -1009 
1718971144913.00, -74166, -522244, -984 
1718971144934.00, -74073, -523854, -962 
1718971144956.00, -74130, -525460, -910 
1718971144977.00, -74148, -527075, -903 
1718971144999.00, -74097, -528672, -865 
1718971145023.00, -74157, -530282, -872 
1718971145042.00, -74286, -531883, -839 
1718971145063.00, -74300, -533504, -867 
1718971145086.00, -74230, -535114, -861 
1718971145107.00, -74240, -536725, -874 
1718971145130.00, -74242, -538324, -859 
1718971145150.00, -74170, -539938, -872 
1718971145172.00, -74358, -541544, -859 
1718971145194.00, -74224, -543161, -867 
1718971145215.00, -74199, -544763, -848 
1718971145239.00, -74226, -546369, -851 
1718971145258.00, -74393, -547969, -841 
1718971145280.00, -74290, -549595, -866 
1718971145302.00, -74251, -551196, -858 
1718971145323.00, -74306, -552816, -871 
1718971145349.00, -74399, -554417, -880 
1718971145367.00, -74273, -556030, -908 
1718971145389.00, -74343, -557637, -894 
1718971145410.00, -74252, -559250, -888 
1718971145432.00, -74351, -560853, -857 
1718971145457.00, -74335, -562462, -883 
1718971145475.00, -74275, -564062, -861 
1718971145497.00, -74369, -565681, -854 
1718971145518.00, -74142, -567284, -841 
1718971145539.00, -74175, -568899, -856 
1718971145561.00, -74230, -570495, -838 
1718971145583.00, -74298, -572104, -848 
1718971145605.00, -74149, -573712, -850 
1718971145627.00, -74228, -575325, -797 
1718971145647.00, -74419, -576917, -701 
1718971145669.00, -74252, -578525, -705 
1718971145691.00, -74115, -580129, -700 
1718971145713.00, -74132, -581739, -626 
1718971145734.00, -74318, -583340, -599 
1718971145756.00, -74237, -584952, -620 
1718971145778.00, -74339, -586551, -578 
1718971145799.00, -74347, -588155, -542 
1718971145821.00, -74269, -589766, -561 
1718971145843.00, -74280, -591373, -531 
1718971145864.00, -74412, -592979, -478 
1718971145886.00, -42231, -594578, -474 
1718971145908.00, -22899, -595516, -508 
1718971145929.00, -11458, -596034, -503 
1718971145950.00, -4785, -596295, -469 
1718971145972.00, -1054, -596410, -532 
1718971145993.00, 546, -596432, -472 
1718971146016.00, 1975, -596426, -414 
1718971146037.00, 2967, -596385, -340 
1718971146059.00, 3413, -596315, -215 
1718971146080.00, 3687, -596236, -127 
1718971146102.00, 3716, -596154, -48 
1718971146123.00, 3781, -596065, 56 
1718971146145.00, 7242, -595973, 167 
1718971146166.00, 16023, -595813, 254 
1718971146188.00, 26466, -595475, 313 
1718971146211.00, 35819, -594914, 351 
1718971146235.00, 43841, -594143, 378 
1718971146253.00, 50169, -593196, 454 
1718971146274.00, 58283, -592116, 546 
1718971146297.00, 67787, -590846, 536 
1718971146318.00, 73328, -589372, 610 
1718971146340.00, 74422, -587780, 669 
1718971146361.00, 74517, -586169, 697 
1718971146383.00, 74285, -584555, 740 
1718971146404.00, 74291, -582944, 789 
1718971146426.00, 74306, -581332, 825 
1718971146447.00, 74375, -579719, 858 
1718971146470.00, 74159, -578107, 912 
1718971146491.00, 74250, -576498, 920 
1718971146513.00, 74156, -574893, 893 
1718971146534.00, 74282, -573280, 912 
1718971146556.00, 74228, -571674, 940 
1718971146577.00, 74224, -570059, 938 
1718971146599.00, 74254, -568453, 962 
1718971146621.00, 74388, -566840, 978 
1718971146643.00, 74342, -565228, 1008 
1718971146666.00, 74214, -563612, 999 
1718971146686.00, 74253, -562012, 1002 
1718971146708.00, 74249, -560383, 1009 
1718971146730.00, 74210, -558780, 1014 
1718971146751.00, 74304, -557158, 985 
1718971146776.00, 74310, -555558, 991 
1718971146794.00, 74254, -553942, 1022 
1718971146817.00, 74266, -552328, 1034 
1718971146838.00, 74272, -550709, 1051 
1718971146860.00, 74257, -549087, 1088 
1718971146881.00, 74245, -547468, 1106 
1718971146903.00, 74368, -545853, 1142 
1718971146925.00, 74402, -544234, 1160 
1718971146947.00, 74313, -542620, 1196 
1718971146969.00, 74257, -540998, 1250 
1718971146992.00, 74408, -539384, 1280 
1718971147012.00, 74417, -537766, 1302 
1718971147034.00, 74354, -536152, 1333 
1718971147056.00, 74333, -534527, 1358 
1718971147077.00, 74418, -532917, 1354 
1718971147101.00, 74397, -531291, 1359 
1718971147121.00, 74330, -529681, 1382 
1718971147142.00, 74317, -528063, 1386 
1718971147164.00, 74350, -526453, 1390 
1718971147186.00, 74363, -524834, 1396 
1718971147209.00, 74224, -523220, 1398 
1718971147229.00, 74278, -521602, 1386 
1718971147250.00, 74369, -519991, 1369 
1718971147273.00, 74337, -518376, 1351 
1718971147294.00, 74253, -516764, 1332 
1718971147318.00, 74346, -515149, 1285 
1718971147338.00, 74311, -513537, 1272 
1718971147360.00, 74373, -511924, 1245 
1718971147381.00, 74329, -510314, 1239 
1718971147403.00, 74308, -508688, 1218 
1718971147429.00, 74338, -507078, 1205 
1718971147447.00, 74422, -505459, 1204 
1718971147468.00, 74461, -503849, 1209 
1718971147490.00, 74330, -502230, 1212 
1718971147511.00, 74505, -500616, 1214 
1718971147536.00, 74460, -498991, 1234 
1718971147555.00, 74508, -497378, 1255 
1718971147576.00, 74456, -495761, 1273 
1718971147599.00, 74510, -494147, 1295 
1718971147620.00, 74505, -492528, 1330 
1718971147642.00, 74507, -490906, 1342 
1718971147663.00, 74402, -489293, 1363 
1718971147685.00, 74530, -487676, 1357 
1718971147707.00, 74405, -486066, 1364 
1718971147728.00, 74498, -484442, 1373 
1718971147753.00, 74346, -482828, 1384 
1718971147772.00, 74554, -481212, 1383 
1718971147793.00, 74337, -479599, 1386 
1718971147816.00, 74539, -477982, 1383 
1718971147838.00, 74352, -476361, 1433 
1718971147859.00, 74392, -474745, 1438 
1718971147881.00, 74294, -473137, 1429 
1718971147903.00, 74414, -471517, 1416 
1718971147924.00, 74376, -469901, 1416 
1718971147946.00, 74252, -468292, 1394 
1718971147968.00, 74267, -466676, 1379 
1718971147989.00, 74470, -465062, 1355 
1718971148011.00, 74413, -463445, 1324 
1718971148033.00, 74224, -461836, 1276 
1718971148055.00, 74267, -460225, 1266 
1718971148076.00, 74326, -458611, 1228 
1718971148098.00, 74329, -457007, 1184 
1718971148119.00, 74170, -455385, 1120 
1718971148142.00, 74219, -453778, 1086 
1718971148163.00, 74223, -452166, 1048 
1718971148185.00, 74287, -450549, 1032 
1718971148207.00, 74087, -448937, 985 
1718971148228.00, 74056, -447327, 972 
1718971148250.00, 74040, -445723, 929 
1718971148272.00, 74140, -444126, 910 
1718971148303.00, 74191, -442518, 855 
1718971148314.00, 74243, -440917, 853 
1718971148336.00, 74113, -439308, 833 
1718971148358.00, 74067, -437703, 841 
1718971148380.00, 74245, -436093, 812 
1718971148401.00, 74264, -434485, 819 
1718971148423.00, 74085, -432872, 810 
1718971148445.00, 74106, -431271, 814 
1718971148467.00, 42157, -429673, 774 
1718971148488.00, 22953, -428745, 813 
1718971148510.00, 11969, -428227, 821 
1718971148531.00, 5223, -427961, 826 
1718971148553.00, 1176, -427843, 820 
1718971148574.00, -373, -427817, 721 
1718971148595.00, -1896, -427823, 595 
1718971148617.00, -2960, -427865, 458 
1718971148638.00, -3509, -427932, 360 
1718971148659.00, -3877, -428010, 271 
1718971148681.00, -3767, -428098, 182 
1718971148702.00, -3967, -428188, 101 
1718971148724.00, -4105, -428286, -13 
1718971148746.00, -4744, -428389, -233 
1718971148767.00, -18106, -428491, -274 
1718971148789.00, -28861, -428870, -308 
1718971148811.00, -37176, -429503, -558 
1718971148832.00, -55354, -430303, -674 
1718971148854.00, -66217, -431491, -684 
1718971148875.00, -72537, -432923, -786 
1718971148897.00, -74371, -434508, -849 
1718971148919.00, -74451, -436132, -936 
1718971148940.00, -74282, -437747, -982 
1718971148964.00, -74457, -439355, -1016 
1718971148984.00, -74254, -440971, -1076 
1718971149005.00, -74411, -442597, -1121 
1718971149028.00, -74326, -444218, -1109 
1718971149049.00, -74541, -445835, -1151 
1718971149073.00, -74209, -447446, -1194 
1718971149092.00, -74385, -449056, -1196 
1718971149114.00, -74302, -450676, -1197 
1718971149135.00, -74416, -452306, -1227 
1718971149157.00, -74303, -453916, -1228 
1718971149180.00, -74410, -455527, -1227 
1718971149201.00, -74331, -457141, -1233 
1718971149223.00, -74375, -458764, -1257 
1718971149244.00, -74201, -460382, -1260 
1718971149266.00, -74312, -461998, -1265 
1718971149290.00, -74268, -463607, -1269 
1718971149309.00, -74336, -465218, -1287 
1718971149331.00, -74226, -466841, -1266 
1718971149353.00, -74335, -468465, -1269 
1718971149375.00, -74207, -470077, -1300 
1718971149396.00, -74358, -471692, -1295 
1718971149418.00, -74332, -473296, -1281 
1718971149440.00, -74273, -474917, -1277 
1718971149462.00, -74132, -476536, -1266 
1718971149484.00, -74204, -478147, -1261 
1718971149508.00, -74284, -479756, -1234 
1718971149527.00, -74211, -481368, -1212 
1718971149549.00, -74137, -482981, -1187 
1718971149570.00, -74185, -484605, -1176 
1718971149592.00, -74281, -486209, -1129 
1718971149617.00, -74187, -487825, -1136 
1718971149635.00, -74121, -489432, -1113 
1718971149657.00, -74116, -491050, -1118 
1718971149679.00, -74179, -492667, -1093 
1718971149701.00, -74200, -494284, -1102 
1718971149725.00, -74173, -495887, -1088 
1718971149744.00, -74167, -497505, -1074 
1718971149766.00, -74219, -499112, -1042 
1718971149788.00, -74172, -500733, -1036 
1718971149809.00, -74132, -502343, -982 
1718971149834.00, -74142, -503953, -953 
1718971149853.00, -74134, -505547, -900 
1718971149875.00, -74163, -507162, -892 
1718971149896.00, -74195, -508759, -862 
1718971149918.00, -74162, -510379, -858 
1718971149939.00, -74162, -511983, -832 
1718971149961.00, -74242, -513591, -840 
1718971149983.00, -74265, -515190, -841 
1718971150004.00, -74251, -516810, -867 
1718971150025.00, -74286, -518411, -851 
1718971150048.00, -74287, -520031, -836 
1718971150069.00, -74160, -521625, -810 
1718971150091.00, -74104, -523242, -827 
1718971150112.00, -74114, -524848, -808 
1718971150134.00, -74201, -526459, -811 
1718971150160.00, -74124, -528061, -797 
1718971150177.00, -74181, -529670, -813 
1718971150199.00, -74189, -531272, -810 
1718971150221.00, -74263, -532890, -804 
1718971150242.00, -74262, -534495, -817 
1718971150265.00, -74212, -536114, -835 
1718971150286.00, -74195, -537714, -835 
1718971150306.00, -74236, -539326, -832 
1718971150329.00, -74182, -540933, -822 
1718971150350.00, -74167, -542542, -833 
1718971150374.00, -74188, -544151, -824 
1718971150393.00, -74288, -545750, -803 
1718971150415.00, -74166, -547352, -777 
1718971150437.00, -74209, -548971, -766 
1718971150458.00, -74156, -550580, -758 
1718971150480.00, -74184, -552185, -726 
1718971150502.00, -74240, -553789, -724 
1718971150523.00, -74196, -555395, -738 
1718971150545.00, -74191, -557006, -748 
1718971150567.00, -74140, -558616, -704 
1718971150588.00, -74295, -560219, -699 
1718971150610.00, -74263, -561826, -662 
1718971150632.00, -74082, -563423, -645 
1718971150653.00, -74131, -565034, -634 
1718971150675.00, -74235, -566645, -633 
1718971150697.00, -74268, -568254, -607 
1718971150717.00, -74156, -569862, -606 
1718971150740.00, -74179, -571460, -615 
1718971150761.00, -74148, -573074, -622 
1718971150783.00, -74331, -574681, -584 
1718971150805.00, -74200, -576291, -589 
1718971150828.00, -74185, -577892, -601 
1718971150848.00, -73961, -579496, -591 
1718971150869.00, -74076, -581107, -538 
1718971150891.00, -74125, -582712, -540 
1718971150912.00, -74107, -584318, -548 
1718971150938.00, -74007, -585925, -528 
1718971150956.00, -73998, -587527, -495 
1718971150977.00, -71987, -589133, -515 
1718971150999.00, -71908, -590692, -507 
1718971151021.00, -71786, -592248, -485 
1718971151047.00, -70169, -593791, -428 
1718971151065.00, -39632, -595301, -430 
1718971151085.00, -21702, -596179, -429 
1718971151108.00, -10700, -596668, -423 
1718971151129.00, -4534, -596912, -383 
1718971151150.00, -785, -597022, -431 
1718971151172.00, 662, -597040, -378 
1718971151194.00, 1862, -597032, -319 
1718971151215.00, 2775, -596992, -258 
1718971151237.00, 3313, -596929, -178 
1718971151260.00, 3688, -596852, -89 
1718971151280.00, 3928, -596765, 11 
1718971151301.00, 4463, -596676, 104 
1718971151323.00, 10357, -596564, 173 
1718971151344.00, 17829, -596341, 237 
1718971151366.00, 26304, -595959, 324 
1718971151388.00, 36384, -595396, 375 
1718971151410.00, 45869, -594616, 383 
1718971151431.00, 51632, -593625, 523 
1718971151453.00, 63529, -592506, 577 
1718971151475.00, 70910, -591130, 617 
1718971151496.00, 74625, -589589, 683 
1718971151518.00, 74320, -587981, 743 
1718971151539.00, 74338, -586353, 805 
1718971151561.00, 74311, -584745, 910 
1718971151583.00, 74279, -583130, 970 
1718971151605.00, 74403, -581519, 1014 
1718971151626.00, 74173, -579893, 1123 
1718971151648.00, 74447, -578279, 1144 
1718971151669.00, 74417, -576657, 1141 
1718971151693.00, 74295, -575047, 1201 
1718971151713.00, 74274, -573425, 1202 
1718971151735.00, 74259, -571809, 1232 
1718971151757.00, 74323, -570191, 1222 
1718971151778.00, 74246, -568580, 1246 
1718971151804.00, 74226, -566962, 1248 
1718971151822.00, 74288, -565347, 1261 
1718971151843.00, 74391, -563731, 1266 
1718971151865.00, 74346, -562117, 1272 
1718971151887.00, 74408, -560495, 1285 
1718971151910.00, 74359, -558883, 1304 
1718971151930.00, 74413, -557265, 1323 
1718971151952.00, 74320, -555653, 1325 
1718971151973.00, 74320, -554035, 1324 
1718971151996.00, 74398, -552423, 1334 
1718971152017.00, 74287, -550803, 1331 
1718971152038.00, 74431, -549185, 1326 
1718971152060.00, 74391, -547570, 1333 
1718971152082.00, 74485, -545957, 1346 
1718971152104.00, 74384, -544338, 1345 
1718971152127.00, 74497, -542729, 1354 
1718971152148.00, 74403, -541104, 1348 
1718971152169.00, 74516, -539491, 1365 
1718971152191.00, 74453, -537878, 1355 
1718971152213.00, 74498, -536264, 1343 
1718971152235.00, 74412, -534648, 1334 
1718971152256.00, 74424, -533033, 1351 
1718971152278.00, 74362, -531412, 1320 
1718971152300.00, 74458, -529805, 1317 
1718971152322.00, 74303, -528182, 1308 
1718971152345.00, 74496, -526576, 1296 
1718971152364.00, 74332, -524956, 1272 
1718971152387.00, 74420, -523340, 1277 
1718971152408.00, 74340, -521722, 1260 
1718971152430.00, 74375, -520114, 1262 
1718971152455.00, 74391, -518499, 1233 
1718971152474.00, 74464, -516881, 1253 
1718971152495.00, 74296, -515268, 1246 
1718971152517.00, 74292, -513653, 1255 
1718971152538.00, 74383, -512037, 1235 
1718971152560.00, 74457, -510424, 1254 
1718971152582.00, 74397, -508811, 1227 
1718971152604.00, 74312, -507195, 1220 
1718971152626.00, 74366, -505583, 1193 
1718971152647.00, 74476, -503965, 1212 
1718971152669.00, 74494, -502353, 1193 
1718971152691.00, 74220, -500734, 1187 
1718971152713.00, 74231, -499117, 1190 
1718971152734.00, 74265, -497505, 1199 
1718971152756.00, 74279, -495887, 1188 
1718971152778.00, 74153, -494276, 1188 
1718971152800.00, 74235, -492659, 1203 
1718971152821.00, 74288, -491045, 1197 
1718971152842.00, 74287, -489434, 1194 
1718971152864.00, 74105, -487821, 1195 
1718971152889.00, 74144, -486207, 1187 
1718971152908.00, 74049, -484592, 1149 
1718971152930.00, 74106, -482982, 1124 
1718971152952.00, 73961, -481367, 1121 
1718971152973.00, 74025, -479760, 1125 
1718971152995.00, 73955, -478145, 1121 
1718971153017.00, 73907, -476540, 1119 
1718971153038.00, 73877, -474924, 1114 
1718971153060.00, 73964, -473323, 1098 
1718971153082.00, 73883, -471711, 1089 
1718971153103.00, 73829, -470101, 1088 
1718971153126.00, 74024, -468490, 1080 
1718971153147.00, 74032, -466879, 1071 
1718971153168.00, 73883, -465270, 1030 
1718971153190.00, 73848, -463658, 1033 
1718971153212.00, 74082, -462047, 1009 
1718971153234.00, 74098, -460445, 1002 
1718971153255.00, 74081, -458832, 978 
1718971153277.00, 74038, -457222, 993 
1718971153299.00, 74074, -455618, 980 
1718971153320.00, 74048, -454014, 1003 
1718971153344.00, 74251, -452396, 1010 
1718971153364.00, 74114, -450785, 1038 
1718971153386.00, 74240, -449172, 985 
1718971153407.00, 74181, -447562, 982 
1718971153429.00, 74372, -445955, 927 
1718971153451.00, 74144, -444350, 911 
1718971153472.00, 74153, -442739, 873 
1718971153493.00, 74035, -441142, 860 
1718971153515.00, 74148, -439534, 817 
1718971153537.00, 74118, -437930, 812 
1718971153559.00, 74041, -436313, 805 
1718971153580.00, 74106, -434713, 812 
1718971153602.00, 74223, -433103, 767 
1718971153624.00, 74262, -431502, 749 
1718971153645.00, 42451, -429903, 697 
1718971153667.00, 23311, -428968, 750 
1718971153688.00, 12056, -428445, 731 
1718971153710.00, 5401, -428178, 768 
1718971153731.00, 1375, -428059, 768 
1718971153753.00, -162, -428028, 733 
1718971153774.00, -1760, -428032, 675 
1718971153796.00, -2787, -428068, 590 
1718971153817.00, -3458, -428127, 512 
1718971153838.00, -3846, -428204, 420 
1718971153860.00, -3882, -428291, 325 
1718971153884.00, -3901, -428381, 212 
1718971153903.00, -3817, -428469, 89 
1718971153924.00, -3796, -428563, -6 
1718971153945.00, -3819, -428654, -91 
1718971153967.00, -9193, -428745, -197 
1718971153990.00, -18624, -428942, -278 
1718971154011.00, -29136, -429337, -319 
1718971154032.00, -37917, -429962, -382 
1718971154054.00, -46505, -430782, -529 
1718971154076.00, -60734, -431796, -587 
1718971154102.00, -69166, -433101, -608 
1718971154118.00, -74136, -434619, -716 
1718971154141.00, -74267, -436226, -788 
1718971154162.00, -74380, -437843, -818 
1718971154184.00, -74365, -439459, -869 
1718971154210.00, -74241, -441066, -936 
1718971154227.00, -74302, -442682, -948 
1718971154249.00, -74273, -444292, -940 
1718971154270.00, -74407, -445902, -970 
1718971154292.00, -74145, -447511, -1009 
1718971154314.00, -74296, -449125, -1026 
1718971154335.00, -74249, -450744, -1020 
1718971154357.00, -74418, -452368, -1039 
1718971154379.00, -74220, -453983, -1090 
1718971154400.00, -74359, -455596, -1083 
1718971154423.00, -74296, -457210, -1089 
1718971154444.00, -74439, -458834, -1101 
1718971154466.00, -74278, -460450, -1112 
1718971154487.00, -74409, -462064, -1106 
1718971154509.00, -74299, -463678, -1123 
1718971154534.00, -74449, -465286, -1122 
1718971154553.00, -74255, -466907, -1123 
1718971154575.00, -74408, -468533, -1113 
1718971154597.00, -74310, -470143, -1121 
1718971154618.00, -74465, -471757, -1115 
1718971154643.00, -74245, -473366, -1096 
1718971154661.00, -74339, -474986, -1114 
1718971154683.00, -74342, -476602, -1126 
1718971154705.00, -74485, -478219, -1131 
1718971154726.00, -74296, -479830, -1119 
1718971154747.00, -74277, -481445, -1129 
1718971154770.00, -74290, -483055, -1097 
1718971154791.00, -74266, -484681, -1090 
1718971154813.00, -74217, -486289, -1060 
1718971154835.00, -74243, -487909, -1073 
1718971154857.00, -74164, -489510, -1049 
1718971154878.00, -74206, -491138, -1037 
1718971154901.00, -74305, -492748, -993 
1718971154922.00, -74235, -494356, -994 
1718971154943.00, -74126, -495958, -953 
1718971154965.00, -74221, -497571, -952 
1718971154987.00, -74392, -499171, -934 
1718971155008.00, -74237, -500785, -954 
1718971155031.00, -74126, -502392, -924 
1718971155052.00, -74140, -504010, -934 
1718971155073.00, -74189, -505603, -932 
1718971155095.00, -74213, -507220, -933 
1718971155116.00, -74187, -508818, -894 
1718971155138.00, -74209, -510436, -922 
1718971155160.00, -74191, -512038, -902 
1718971155182.00, -74280, -513647, -897 
1718971155203.00, -74241, -515248, -881 
1718971155224.00, -74210, -516868, -881 
1718971155246.00, -74142, -518469, -864 
1718971155268.00, -74201, -520090, -876 
1718971155289.00, -74289, -521684, -855 
1718971155311.00, -74244, -523295, -841 
1718971155333.00, -74239, -524905, -824 
1718971155355.00, -74203, -526517, -832 
1718971155376.00, -74141, -528123, -818 
1718971155398.00, -74163, -529731, -814 
1718971155420.00, -74038, -531330, -807 
1718971155441.00, -74168, -532948, -807 
1718971155463.00, -74070, -534553, -787 
1718971155485.00, -74099, -536165, -758 
1718971155506.00, -74195, -537759, -743 
1718971155528.00, -74169, -539370, -733 
1718971155549.00, -74159, -540973, -714 
1718971155570.00, -74135, -542587, -699 
1718971155592.00, -74162, -544190, -699 
1718971155614.00, -74325, -545793, -697 
1718971155636.00, -74281, -547395, -692 
1718971155657.00, -74268, -549012, -696 
1718971155679.00, -74341, -550623, -709 
1718971155700.00, -74433, -552238, -712 
1718971155723.00, -74287, -553840, -708 
1718971155744.00, -74286, -555449, -704 
1718971155766.00, -74266, -557062, -708 
1718971155788.00, -74278, -558670, -706 
1718971155809.00, -74194, -560275, -687 
1718971155830.00, -74280, -561880, -676 
1718971155855.00, -74210, -563482, -674 
1718971155874.00, -74094, -565099, -660 
1718971155896.00, -74331, -566705, -635 
1718971155969.00, -74198, -568314, -636 
1718971155970.00, -74062, -569920, -634 
1718971155970.00, -74056, -571517, -607 
1718971155984.00, -74220, -573130, -606 
1718971156003.00, -74146, -574741, -580 
1718971156025.00, -74036, -576348, -560 
1718971156046.00, -74012, -577945, -525 
1718971156068.00, -73741, -579546, -502 
1718971156090.00, -72301, -581144, -492 
1718971156112.00, -70670, -582714, -486 
1718971156133.00, -69423, -584245, -434 
1718971156155.00, -65468, -585747, -437 
1718971156177.00, -63192, -587160, -426 
1718971156198.00, -61339, -588532, -391 
1718971156219.00, -58271, -589857, -347 
1718971156241.00, -53646, -591120, -329 
1718971156263.00, -49729, -592279, -275 
1718971156286.00, -44435, -593354, -216 
1718971156307.00, -24510, -594314, -195 
1718971156329.00, -12700, -594870, -194 
1718971156350.00, -5655, -595161, -157 
1718971156372.00, -1587, -595293, -162 
1718971156397.00, 96, -595337, -208 
1718971156415.00, 1421, -595338, -179 
1718971156436.00, 2366, -595313, -176 
1718971156458.00, 2854, -595265, -175 
1718971156480.00, 3236, -595199, -134 
1718971156501.00, 3532, -595127, -92 
1718971156522.00, 3640, -595048, -43 
1718971156544.00, 3831, -594966, 19 
1718971156566.00, 4876, -594879, 115 
1718971156587.00, 11105, -594764, 199 
1718971156608.00, 19928, -594519, 283 
1718971156631.00, 30143, -594093, 358 
1718971156652.00, 40677, -593438, 465 
1718971156674.00, 53450, -592564, 573 
1718971156695.00, 64855, -591411, 630 
1718971156717.00, 71615, -589998, 703 
1718971156739.00, 74480, -588449, 769 
1718971156760.00, 74356, -586821, 825 
1718971156781.00, 74340, -585209, 925 
1718971156803.00, 74229, -583595, 981 
1718971156826.00, 74425, -581988, 1035 
1718971156847.00, 74279, -580360, 1076 
1718971156868.00, 74149, -578751, 1116 
1718971156891.00, 74123, -577127, 1148 
1718971156912.00, 74316, -575521, 1161 
1718971156934.00, 74153, -573893, 1152 
1718971156956.00, 74163, -572287, 1183 
1718971156977.00, 74219, -570662, 1183 
1718971156999.00, 74419, -569054, 1178 
1718971157020.00, 74224, -567438, 1172 
1718971157043.00, 74321, -565821, 1186 
1718971157064.00, 74193, -564200, 1190 
1718971157086.00, 74322, -562588, 1207 
1718971157108.00, 74210, -560969, 1218 
1718971157129.00, 74250, -559358, 1229 
1718971157151.00, 74183, -557737, 1237 
1718971157173.00, 74270, -556126, 1259 
1718971157195.00, 74159, -554505, 1262 
1718971157216.00, 74155, -552895, 1272 
1718971157238.00, 74177, -551276, 1284 
1718971157260.00, 74133, -549654, 1292 
1718971157281.00, 74119, -548036, 1306 
1718971157303.00, 74132, -546420, 1318 
1718971157325.00, 74193, -544806, 1320 
1718971157346.00, 74135, -543193, 1339 
1718971157369.00, 74141, -541573, 1329 
1718971157390.00, 74142, -539961, 1339 
1718971157412.00, 74113, -538344, 1322 
1718971157434.00, 74141, -536730, 1324 
1718971157455.00, 74213, -535115, 1318 
1718971157477.00, 74081, -533496, 1328 
1718971157499.00, 74164, -531883, 1304 
1718971157521.00, 74135, -530271, 1299 
1718971157542.00, 74268, -528651, 1282 
1718971157564.00, 74157, -527045, 1269 
1718971157586.00, 74173, -525424, 1243 
1718971157607.00, 74231, -523815, 1224 
1718971157629.00, 74310, -522197, 1210 
1718971157651.00, 74120, -520584, 1201 
1718971157673.00, 74172, -518966, 1194 
1718971157694.00, 74092, -517351, 1200 
1718971157715.00, 74326, -515736, 1189 
1718971157737.00, 74160, -514121, 1200 
1718971157759.00, 74069, -512506, 1191 
1718971157781.00, 74194, -510890, 1188 
1718971157803.00, 74277, -509278, 1189 
1718971157825.00, 74233, -507660, 1177 
1718971157846.00, 74191, -506053, 1181 
1718971157868.00, 74254, -504431, 1167 
1718971157889.00, 74290, -502817, 1164 
1718971157912.00, 74222, -501200, 1147 
1718971157933.00, 74140, -499583, 1128 
1718971157955.00, 74130, -497973, 1097 
1718971157977.00, 74254, -496358, 1082 
1718971157998.00, 74358, -494743, 1057 
1718971158020.00, 74199, -493136, 1040 
1718971158042.00, 74152, -491516, 1017 
1718971158063.00, 74153, -489904, 1018 
1718971158085.00, 74271, -488291, 993 
1718971158107.00, 74247, -486681, 1005 
1718971158129.00, 74186, -485062, 1043 
1718971158150.00, 74205, -483444, 1102 
1718971158172.00, 74342, -481827, 1101 
1718971158194.00, 74195, -480218, 1121 
1718971158216.00, 74086, -478602, 1091 
1718971158237.00, 74066, -476986, 1082 
1718971158258.00, 74207, -475376, 1018 
1718971158281.00, 74161, -473765, 1020 
1718971158303.00, 74056, -472148, 984 
1718971158324.00, 74056, -470547, 962 
1718971158345.00, 74211, -468943, 915 
1718971158367.00, 74127, -467333, 911 
1718971158389.00, 74337, -465724, 889 
1718971158411.00, 74191, -464120, 901 
1718971158432.00, 74274, -462504, 892 
1718971158454.00, 74054, -460905, 925 
1718971158479.00, 74380, -459291, 923 
1718971158497.00, 74135, -457686, 934 
1718971158519.00, 74319, -456081, 923 
1718971158540.00, 74334, -454469, 952 
1718971158561.00, 74293, -452864, 947 
1718971158587.00, 74165, -451248, 962 
1718971158605.00, 74343, -449642, 953 
1718971158627.00, 74279, -448027, 974 
1718971158648.00, 74321, -446427, 944 
1718971158670.00, 74269, -444818, 940 
1718971158695.00, 74392, -443209, 924 
1718971158714.00, 74270, -441594, 937 
1718971158735.00, 74343, -439991, 922 
1718971158757.00, 74270, -438381, 924 
1718971158778.00, 74389, -436767, 924 
1718971158800.00, 74102, -435158, 918 
1718971158822.00, 74259, -433549, 896 
1718971158843.00, 74109, -431945, 885 
1718971158865.00, 42329, -430350, 863 
1718971158886.00, 23421, -429418, 912 
1718971158918.00, 11919, -428894, 893 
1718971158929.00, 5189, -428623, 902 
1718971158951.00, 1170, -428506, 880 
1718971158972.00, -382, -428480, 802 
1718971158994.00, -1821, -428490, 685 
1718971159019.00, -2875, -428531, 549 
1718971159037.00, -3328, -428598, 446 
1718971159058.00, -3823, -428680, 335 
1718971159080.00, -4092, -428766, 220 
1718971159101.00, -3898, -428860, 110 
1718971159123.00, -3973, -428959, 1 
1718971159144.00, -3847, -429054, -97 
1718971159166.00, -9264, -429143, -173 
1718971159188.00, -17380, -429346, -254 
1718971159208.00, -27085, -429714, -308 
1718971159230.00, -35978, -430298, -419 
1718971159252.00, -47954, -431076, -493 
1718971159274.00, -59370, -432104, -515 
1718971159296.00, -67607, -433387, -528 
1718971159317.00, -73034, -434865, -632 
1718971159338.00, -74334, -436445, -645 
1718971159360.00, -74291, -438071, -666 
1718971159382.00, -74243, -439673, -699 
1718971159404.00, -74360, -441285, -728 
1718971159426.00, -74326, -442898, -755 
1718971159446.00, -74211, -444511, -767 
1718971159468.00, -74226, -446118, -768 
1718971159490.00, -74336, -447726, -812 
1718971159511.00, -74344, -449333, -833 
1718971159533.00, -74121, -450954, -831 
1718971159555.00, -74249, -452562, -846 
1718971159577.00, -74185, -454175, -859 
1718971159598.00, -74208, -455776, -860 
1718971159620.00, -74167, -457387, -850 
1718971159641.00, -74277, -459001, -840 
1718971159663.00, -74192, -460613, -857 
1718971159685.00, -74391, -462216, -861 
1718971159707.00, -74397, -463824, -880 
1718971159728.00, -74284, -465428, -905 
1718971159750.00, -74273, -467046, -904 
1718971159771.00, -74266, -468664, -910 
1718971159796.00, -74315, -470270, -948 
1718971159815.00, -74261, -471884, -978 
1718971159837.00, -74345, -473485, -965 
1718971159858.00, -74197, -475101, -988 
1718971159880.00, -74340, -476711, -982 
1718971159904.00, -74392, -478320, -966 
1718971159923.00, -74148, -479923, -960 
1718971159944.00, -74300, -481527, -975 
1718971159966.00, -74235, -483141, -954 
1718971159988.00, -74360, -484755, -946 
1718971160012.00, -74264, -486362, -918 
1718971160031.00, -74278, -487968, -925 
1718971160053.00, -74299, -489568, -901 
1718971160075.00, -74367, -491184, -899 
1718971160096.00, -74178, -492792, -869 
1718971160117.00, -74204, -494400, -868 
1718971160139.00, -74089, -496002, -843 
1718971160161.00, -74201, -497612, -828 
1718971160183.00, -74212, -499213, -782 
1718971160204.00, -74140, -500826, -750 
1718971160225.00, -74153, -502429, -707 
1718971160247.00, -74250, -504046, -713 
1718971160268.00, -74427, -505644, -684 
1718971160291.00, -74276, -507258, -681 
1718971160312.00, -74247, -508869, -677 
1718971160338.00, -74249, -510484, -734 
1718971160356.00, -74329, -512090, -745 
1718971160377.00, -74336, -513702, -770 
1718971160399.00, -74304, -515307, -781 
1718971160421.00, -74281, -516927, -806 
1718971160446.00, -74299, -518531, -799 
1718971160464.00, -74338, -520149, -837 
1718971160485.00, -74350, -521746, -861 
1718971160507.00, -74366, -523366, -891 
1718971160529.00, -74244, -524974, -914 
1718971160554.00, -74285, -526586, -928 
1718971160572.00, -74364, -528193, -929 
1718971160594.00, -74226, -529803, -933 
1718971160615.00, -74192, -531408, -942 
1718971160637.00, -74204, -533027, -932 
1718971160659.00, -74289, -534628, -907 
1718971160680.00, -74267, -536248, -922 
1718971160702.00, -74335, -537844, -906 
1718971160724.00, -74207, -539453, -903 
1718971160745.00, -74067, -541063, -875 
1718971160768.00, -74250, -542671, -859 
1718971160788.00, -74152, -544276, -875 
1718971160810.00, -74153, -545884, -858 
1718971160831.00, -74068, -547479, -824 
1718971160853.00, -74296, -549098, -801 
1718971160882.00, -74260, -550706, -795 
1718971160896.00, -74261, -552316, -772 
1718971160918.00, -74115, -553918, -764 
1718971160940.00, -74092, -555527, -755 
1718971160961.00, -74245, -557132, -756 
1718971160985.00, -74302, -558743, -750 
1718971161004.00, -74182, -560344, -737 
1718971161026.00, -74190, -561954, -729 
1718971161048.00, -74263, -563554, -738 
1718971161070.00, -74342, -565171, -724 
1718971161094.00, -74153, -566779, -709 
1718971161113.00, -74260, -568382, -670 
1718971161135.00, -74248, -569989, -660 
1718971161156.00, -74204, -571587, -653 
1718971161178.00, -74190, -573200, -636 
1718971161203.00, -74189, -574812, -604 
1718971161221.00, -74200, -576415, -606 
1718971161242.00, -74083, -578015, -594 
1718971161264.00, -74245, -579623, -586 
1718971161286.00, -74156, -581229, -579 
1718971161307.00, -73992, -582845, -589 
1718971161329.00, -74023, -584450, -562 
1718971161351.00, -74068, -586049, -556 
1718971161373.00, -74167, -587647, -540 
1718971161394.00, -74089, -589254, -527 
1718971161416.00, -73793, -590861, -505 
1718971161437.00, -72305, -592462, -497 
1718971161458.00, -71049, -594029, -470 
1718971161480.00, -40306, -595557, -462 
1718971161502.00, -21666, -596450, -483 
1718971161524.00, -10724, -596949, -500 
1718971161545.00, -4516, -597194, -481 
1718971161566.00, -840, -597302, -530 
1718971161589.00, 667, -597321, -474 
1718971161610.00, 2015, -597313, -382 
1718971161631.00, 3022, -597272, -312 
1718971161653.00, 3588, -597202, -202 
1718971161674.00, 3663, -597121, -112 
1718971161697.00, 3559, -597035, -29 
1718971161718.00, 3656, -596946, 58 
1718971161739.00, 7204, -596856, 155 
1718971161761.00, 15078, -596695, 236 
1718971161782.00, 24439, -596373, 305 
1718971161805.00, 33957, -595854, 362 
1718971161826.00, 43501, -595124, 377 
1718971161848.00, 49825, -594179, 549 
1718971161870.00, 62672, -593095, 556 
1718971161891.00, 70446, -591741, 626 
1718971161912.00, 74667, -590204, 688 
1718971161935.00, 74337, -588595, 745 
1718971161956.00, 74259, -586973, 788 
1718971161982.00, 74308, -585364, 841 
1718971161998.00, 74404, -583750, 889 
1718971162020.00, 74385, -582139, 933 
1718971162042.00, 74308, -580523, 954 
1718971162064.00, 74216, -578917, 1005 
1718971162086.00, 74279, -577295, 1026 
1718971162108.00, 74318, -575688, 1061 
1718971162130.00, 74383, -574064, 1074 
1718971162151.00, 74165, -572451, 1086 
1718971162172.00, 74242, -570832, 1094 
1718971162195.00, 74205, -569216, 1118 
1718971162216.00, 74347, -567603, 1130 
1718971162238.00, 74289, -565986, 1142 
1718971162260.00, 74228, -564368, 1145 
1718971162281.00, 74116, -562760, 1158 
1718971162306.00, 74201, -561137, 1139 
1718971162324.00, 74280, -559527, 1136 
1718971162347.00, 74162, -557909, 1125 
1718971162368.00, 74141, -556302, 1132 
1718971162390.00, 74216, -554688, 1134 
1718971162412.00, 74312, -553073, 1136 
1718971162434.00, 74252, -551456, 1118 
1718971162455.00, 74206, -549836, 1141 
1718971162477.00, 74251, -548219, 1125 
1718971162499.00, 74299, -546607, 1141 
1718971162520.00, 74201, -544987, 1135 
1718971162542.00, 74033, -543376, 1158 
1718971162564.00, 74220, -541762, 1147 
1718971162586.00, 74356, -540147, 1159 
1718971162607.00, 74207, -538537, 1145 
1718971162629.00, 74049, -536921, 1156 
1718971162651.00, 74214, -535301, 1156 
1718971162673.00, 74287, -533689, 1159 
1718971162694.00, 74118, -532071, 1159 
1718971162716.00, 73979, -530460, 1151 
1718971162740.00, 73990, -528845, 1127 
1718971162759.00, 74167, -527236, 1116 
1718971162781.00, 74263, -525624, 1118 
1718971162803.00, 74236, -524012, 1107 
1718971162824.00, 74204, -522402, 1087 
1718971162847.00, 74282, -520781, 1077 
1718971162868.00, 74207, -519175, 1067 
1718971162890.00, 74220, -517553, 1055 
1718971162911.00, 74195, -515940, 1033 
1718971162933.00, 74194, -514324, 1020 
1718971162955.00, 74038, -512710, 1017 
1718971162976.00, 74252, -511097, 999 
1718971162998.00, 74190, -509491, 1000 
1718971163020.00, 74186, -507871, 988 
1718971163042.00, 74047, -506269, 984 
1718971163063.00, 74325, -504660, 968 
1718971163085.00, 74211, -503054, 976 
1718971163106.00, 74277, -501446, 978 
1718971163128.00, 74208, -499834, 985 
1718971163150.00, 74201, -498221, 956 
1718971163172.00, 74214, -496618, 964 
1718971163193.00, 74314, -495006, 954 
1718971163214.00, 74294, -493408, 947 
1718971163236.00, 74208, -491793, 934 
1718971163258.00, 74399, -490179, 959 
1718971163280.00, 74391, -488572, 960 
1718971163301.00, 74394, -486963, 985 
1718971163323.00, 74485, -485352, 983 
1718971163344.00, 74364, -483741, 1018 
1718971163366.00, 74411, -482120, 1031 
1718971163388.00, 74332, -480507, 1045 
1718971163410.00, 74479, -478896, 1040 
1718971163432.00, 74290, -477279, 1062 
1718971163453.00, 74340, -475659, 1041 
1718971163475.00, 74275, -474051, 1048 
1718971163496.00, 74420, -472435, 1020 
1718971163518.00, 74185, -470825, 1020 
1718971163539.00, 74278, -469210, 985 
1718971163562.00, 74270, -467599, 984 
1718971163583.00, 74311, -465987, 965 
1718971163605.00, 74206, -464380, 952 
1718971163626.00, 74248, -462775, 940 
1718971163648.00, 74203, -461172, 936 
1718971163670.00, 74228, -459561, 918 
1718971163691.00, 74144, -457952, 907 
1718971163713.00, 74195, -456352, 869 
1718971163735.00, 74163, -454744, 855 
1718971163756.00, 74445, -453138, 842 
1718971163778.00, 74266, -451530, 845 
1718971163799.00, 74233, -449920, 840 
1718971163821.00, 74117, -448310, 846 
1718971163842.00, 74309, -446705, 846 
1718971163864.00, 74139, -445096, 851 
1718971163886.00, 74083, -443491, 845 
1718971163908.00, 74067, -441886, 826 
1718971163930.00, 74215, -440282, 839 
1718971163950.00, 74227, -438672, 852 
1718971163972.00, 74163, -437067, 840 
1718971163994.00, 74032, -435455, 830 
1718971164016.00, 74035, -433843, 836 
1718971164038.00, 74096, -432242, 830 
1718971164059.00, 41996, -430648, 809 
1718971164081.00, 23116, -429720, 821 
1718971164103.00, 12017, -429197, 812 
1718971164124.00, 5376, -428934, 790 
1718971164146.00, 1289, -428815, 774 
1718971164168.00, -342, -428786, 680 
1718971164188.00, -1965, -428791, 571 
1718971164210.00, -2964, -428832, 450 
1718971164231.00, -3523, -428897, 342 
1718971164253.00, -3763, -428977, 262 
1718971164273.00, -3716, -429064, 173 
1718971164295.00, -3806, -429151, 99 
1718971164317.00, -3846, -429238, 17 
1718971164338.00, -3714, -429329, -46 
1718971164360.00, -6504, -429411, -98 
1718971164381.00, -11515, -429549, -141 
1718971164402.00, -16753, -429790, -188 
1718971164425.00, -22475, -430150, -261 
1718971164446.00, -30666, -430633, -280 
1718971164467.00, -36370, -431299, -449 
1718971164489.00, -49747, -432084, -455 
1718971164511.00, -58008, -433147, -509 
1718971164532.00, -66141, -434415, -558 
1718971164555.00, -72276, -435859, -705 
1718971164576.00, -74541, -437426, -711 
1718971164603.00, -74391, -439042, -774 
1718971164620.00, -74369, -440659, -868 
1718971164640.00, -74333, -442271, -890 
1718971164662.00, -74296, -443883, -909 
1718971164685.00, -74342, -445495, -937 
1718971164709.00, -74149, -447104, -989 
1718971164728.00, -74208, -448709, -974 
1718971164749.00, -74069, -450318, -965 
1718971164771.00, -74290, -451941, -983 
1718971164792.00, -74141, -453543, -974 
1718971164816.00, -74209, -455147, -960 
1718971164836.00, -74160, -456753, -944 
1718971164857.00, -74195, -458367, -952 
1718971164879.00, -74203, -459975, -932 
1718971164901.00, -74153, -461588, -930 
1718971164926.00, -74144, -463186, -935 
1718971164944.00, -74229, -464800, -944 
1718971164965.00, -74187, -466406, -945 
1718971164987.00, -74247, -468024, -957 
1718971165009.00, -74108, -469628, -949 
1718971165031.00, -74217, -471247, -945 
1718971165052.00, -74223, -472843, -932 
1718971165074.00, -74319, -474454, -924 
1718971165095.00, -74022, -476061, -892 
1718971165117.00, -74265, -477674, -869 
1718971165142.00, -74231, -479275, -867 
1718971165160.00, -74212, -480886, -872 
1718971165182.00, -74235, -482485, -859 
1718971165204.00, -74276, -484107, -866 
1718971165225.00, -74238, -485710, -870 
1718971165249.00, -74199, -487326, -874 
1718971165269.00, -74338, -488929, -892 
1718971165290.00, -74263, -490542, -889 
1718971165312.00, -74104, -492157, -906 
1718971165334.00, -74260, -493767, -916 
1718971165355.00, -74446, -495371, -933 
1718971165377.00, -74266, -496987, -945 
1718971165398.00, -74187, -498586, -973 
1718971165420.00, -74222, -500204, -972 
1718971165442.00, -74278, -501807, -951 
1718971165463.00, -74402, -503420, -924 
1718971165492.00, -74244, -505019, -885 
1718971165507.00, -74269, -506630, -865 
1718971165528.00, -74155, -508236, -849 
1718971165550.00, -74325, -509854, -841 
1718971165572.00, -74309, -511454, -841 
1718971165593.00, -74250, -513061, -819 
1718971165615.00, -74224, -514664, -793 
1718971165636.00, -74310, -516277, -775 
1718971165657.00, -74290, -517888, -784 
1718971165680.00, -74310, -519498, -765 
1718971165701.00, -74229, -521099, -762 
1718971165723.00, -74253, -522708, -748 
1718971165744.00, -74316, -524319, -744 
1718971165766.00, -74277, -525928, -733 
1718971165788.00, -74296, -527537, -743 
1718971165809.00, -74296, -529141, -719 
1718971165831.00, -74241, -530742, -726 
1718971165852.00, -74220, -532359, -703 
1718971165874.00, -74170, -533969, -721 
1718971165896.00, -74112, -535585, -709 
1718971165917.00, -74154, -537188, -727 
1718971165939.00, -74128, -538792, -717 
1718971165960.00, -74263, -540403, -731 
1718971165982.00, -74236, -542013, -737 
1718971166003.00, -74290, -543624, -747 
1718971166026.00, -74341, -545221, -721 
1718971166047.00, -74356, -546825, -737 
1718971166069.00, -74171, -548441, -714 
1718971166090.00, -74186, -550052, -718 
1718971166112.00, -74313, -551655, -700 
1718971166134.00, -74252, -553269, -736 
1718971166156.00, -74201, -554875, -746 
1718971166177.00, -74341, -556486, -740 
1718971166199.00, -74349, -558096, -728 
1718971166220.00, -73996, -559710, -790 
1718971166244.00, -74050, -561308, -778 
1718971166264.00, -74139, -562911, -756 
1718971166286.00, -74117, -564512, -716 
1718971166307.00, -73990, -566131, -726 
1718971166328.00, -74032, -567730, -710 
1718971166354.00, -74031, -569339, -687 
1718971166372.00, -74241, -570930, -670 
1718971166394.00, -74187, -572544, -694 
1718971166415.00, -74105, -574155, -676 
1718971166436.00, -74103, -575761, -643 
1718971166458.00, -74263, -577358, -647 
1718971166480.00, -74198, -578969, -678 
1718971166501.00, -74252, -580569, -631 
1718971166523.00, -74165, -582186, -630 
1718971166544.00, -74375, -583792, -646 
1718971166566.00, -74219, -585405, -646 
1718971166588.00, -74246, -586996, -591 
1718971166609.00, -74226, -588615, -598 
1718971166632.00, -74225, -590215, -576 
1718971166654.00, -74158, -591821, -551 
1718971166677.00, -74068, -593421, -474 
1718971166697.00, -42105, -595018, -451 
1718971166717.00, -22753, -595945, -447 
1718971166740.00, -11118, -596461, -414 
1718971166761.00, -4567, -596718, -338 
1718971166783.00, -684, -596829, -403 
1718971166804.00, 809, -596850, -343 
1718971166826.00, 2078, -596841, -275 
1718971166847.00, 3111, -596796, -207 
1718971166869.00, 3658, -596726, -101 
1718971166891.00, 3978, -596641, 0 
1718971166912.00, 3980, -596549, 122 
1718971166934.00, 11342, -596445, 240 
1718971166955.00, 22911, -596206, 316 
1718971166977.00, 34398, -595732, 377 
1718971166999.00, 44505, -594990, 533 
1718971167020.00, 59924, -594029, 589 
1718971167042.00, 68928, -592732, 643 
1718971167064.00, 74279, -591239, 716 
1718971167085.00, 74413, -589628, 771 
1718971167107.00, 74376, -588020, 812 
1718971167128.00, 74188, -586397, 857 
1718971167150.00, 74277, -584790, 918 
1718971167172.00, 74279, -583178, 927 
1718971167193.00, 74269, -581565, 1006 
1718971167215.00, 74404, -579947, 1065 
1718971167237.00, 74335, -578325, 1093 
1718971167258.00, 74418, -576712, 1112 
1718971167280.00, 74290, -575098, 1153 
1718971167302.00, 74305, -573474, 1155 
1718971167323.00, 74367, -571864, 1161 
1718971167345.00, 74391, -570244, 1174 
1718971167367.00, 74278, -568629, 1197 
1718971167389.00, 74354, -567011, 1195 
1718971167410.00, 74440, -565398, 1196 
1718971167433.00, 74436, -563779, 1207 
1718971167454.00, 74456, -562170, 1231 
1718971167476.00, 74360, -560548, 1233 
1718971167497.00, 74459, -558938, 1237 
1718971167519.00, 74456, -557314, 1233 
1718971167540.00, 74489, -555704, 1249 
1718971167565.00, 74323, -554088, 1244 
1718971167584.00, 74466, -552476, 1248 
1718971167606.00, 74425, -550854, 1239 
1718971167628.00, 74439, -549241, 1249 
1718971167650.00, 74369, -547622, 1228 
1718971167671.00, 74384, -546009, 1244 
1718971167693.00, 74271, -544394, 1226 
1718971167715.00, 74479, -542784, 1215 
1718971167737.00, 74321, -541159, 1208 
1718971167758.00, 74421, -539556, 1207 
1718971167780.00, 74307, -537935, 1193 
1718971167802.00, 74446, -536325, 1211 
1718971167823.00, 74375, -534703, 1189 
1718971167845.00, 74262, -533093, 1187 
1718971167867.00, 74362, -531468, 1162 
1718971167892.00, 74419, -529860, 1165 
1718971167910.00, 74435, -528244, 1134 
1718971167932.00, 74306, -526632, 1166 
1718971167954.00, 74400, -525009, 1166 
1718971167975.00, 74483, -523396, 1180 
1718971167998.00, 74493, -521784, 1162 
1718971168018.00, 74230, -520169, 1165 
1718971168041.00, 74361, -518555, 1155 
1718971168063.00, 74400, -516937, 1155 
1718971168084.00, 74346, -515321, 1139 
1718971168106.00, 74166, -513704, 1118 
1718971168128.00, 74257, -512095, 1100 
1718971168149.00, 74271, -510480, 1082 
1718971168171.00, 74335, -508858, 1074 
1718971168193.00, 74179, -507245, 1088 
1718971168215.00, 74230, -505627, 1088 
1718971168236.00, 74333, -504013, 1095 
1718971168258.00, 74280, -502395, 1101 
1718971168280.00, 74160, -500776, 1095 
1718971168302.00, 74231, -499158, 1108 
1718971168325.00, 74231, -497549, 1094 
1718971168345.00, 74259, -495929, 1088 
1718971168366.00, 74077, -494321, 1091 
1718971168388.00, 74155, -492701, 1089 
1718971168410.00, 73998, -491084, 1059 
1718971168435.00, 74124, -489476, 1048 
1718971168454.00, 74056, -487864, 1032 
1718971168474.00, 74170, -486252, 1037 
1718971168497.00, 74049, -484638, 1021 
1718971168519.00, 73975, -483019, 1014 
1718971168541.00, 74053, -481410, 1000 
1718971168563.00, 74145, -479798, 1000 
1718971168583.00, 74020, -478188, 984 
1718971168605.00, 73954, -476574, 996 
1718971168627.00, 74151, -474973, 975 
1718971168648.00, 74247, -473372, 976 
1718971168670.00, 74135, -471759, 961 
1718971168692.00, 74092, -470151, 974 
1718971168714.00, 74132, -468544, 976 
1718971168735.00, 74126, -466935, 983 
1718971168757.00, 74201, -465329, 966 
1718971168779.00, 74109, -463721, 960 
1718971168800.00, 74135, -462118, 934 
1718971168822.00, 74164, -460511, 917 
1718971168843.00, 74392, -458905, 888 
1718971168868.00, 74266, -457301, 891 
1718971168886.00, 74214, -455684, 865 
1718971168908.00, 74060, -454083, 857 
1718971168930.00, 74211, -452473, 821 
1718971168952.00, 74224, -450867, 832 
1718971168974.00, 74160, -449259, 814 
1718971168995.00, 74143, -447653, 814 
1718971169016.00, 74308, -446043, 787 
1718971169037.00, 74327, -444440, 798 
1718971169059.00, 74223, -442827, 786 
1718971169085.00, 74195, -441225, 776 
1718971169103.00, 74311, -439616, 728 
1718971169125.00, 74478, -438010, 718 
1718971169146.00, 74287, -436404, 687 
1718971169168.00, 74224, -434789, 685 
1718971169193.00, 74313, -433184, 648 
1718971169211.00, 74351, -431576, 657 
1718971169233.00, 42091, -429980, 622 
1718971169254.00, 22932, -429045, 657 
1718971169276.00, 11492, -428524, 648 
1718971169299.00, 5065, -428267, 648 
1718971169319.00, 1188, -428150, 649 
1718971169340.00, -401, -428127, 582 
1718971169362.00, -1858, -428135, 501 
1718971169383.00, -2888, -428175, 395 
1718971169405.00, -3515, -428242, 289 
1718971169425.00, -3794, -428323, 179 
1718971169448.00, -3898, -428409, 52 
1718971169469.00, -3788, -428508, -81 
1718971169491.00, -8638, -428601, -200 
1718971169512.00, -18208, -428789, -299 
1718971169534.00, -30285, -429177, -299 
1718971169555.00, -37220, -429834, -489 
1718971169577.00, -52781, -430644, -554 
1718971169599.00, -64644, -431783, -626 
1718971169619.00, -71605, -433176, -663 
1718971169642.00, -74649, -434747, -720 
1718971169663.00, -74355, -436363, -793 
1718971169685.00, -74212, -437980, -823 
1718971169707.00, -74332, -439586, -820 
1718971169729.00, -74316, -441197, -858 
1718971169750.00, -74331, -442814, -937 
1718971169772.00, -74196, -444427, -932 
1718971169793.00, -74395, -446034, -961 
1718971169816.00, -74373, -447643, -1020 
1718971169837.00, -74391, -449258, -1047 
1718971169859.00, -74412, -450880, -1047 
1718971169881.00, -74459, -452505, -1067 
1718971169902.00, -74376, -454122, -1117 
1718971169924.00, -74390, -455730, -1118 
1718971169945.00, -74416, -457349, -1157 
1718971169967.00, -74340, -458970, -1179 
1718971169989.00, -74189, -460588, -1197 
1718971170011.00, -74160, -462201, -1172 
1718971170032.00, -74359, -463809, -1159 
1718971170054.00, -74172, -465422, -1160 
1718971170076.00, -74247, -467046, -1167 
1718971170098.00, -74242, -468662, -1168 
1718971170119.00, -74392, -470281, -1162 
1718971170141.00, -74255, -471897, -1178 
1718971170163.00, -74362, -473509, -1182 
1718971170184.00, -74236, -475124, -1183 
1718971170206.00, -74340, -476744, -1171 
1718971170228.00, -74239, -478363, -1176 
1718971170250.00, -74147, -479970, -1168 
1718971170272.00, -74125, -481580, -1169 
1718971170293.00, -74191, -483198, -1137 
1718971170316.00, -74338, -484817, -1154 
1718971170337.00, -74255, -486432, -1169 
1718971170359.00, -74209, -488048, -1205 
1718971170380.00, -74296, -489657, -1175 
1718971170404.00, -74343, -491280, -1174 
1718971170423.00, -74149, -492892, -1166 
1718971170445.00, -74163, -494507, -1148 
1718971170467.00, -74153, -496114, -1077 
1718971170489.00, -74191, -497724, -1056 
1718971170515.00, -74107, -499341, -1024 
1718971170532.00, -74243, -500958, -1022 
1718971170554.00, -74299, -502565, -982 
1718971170575.00, -74367, -504183, -956 
1718971170597.00, -74232, -505782, -951 
1718971170622.00, -74217, -507399, -973 
1718971170640.00, -74269, -509001, -938 
1718971170662.00, -74445, -510615, -928 
1718971170684.00, -74179, -512220, -922 
1718971170705.00, -74215, -513831, -952 
1718971170726.00, -74201, -515429, -908 
1718971170748.00, -74250, -517053, -901 
1718971170770.00, -74364, -518653, -884 
1718971170791.00, -74254, -520265, -895 
1718971170813.00, -74186, -521867, -888 
1718971170835.00, -74255, -523480, -899 
1718971170857.00, -74469, -525086, -869 
1718971170879.00, -74242, -526698, -870 
1718971170900.00, -74252, -528303, -871 
1718971170922.00, -74225, -529919, -892 
1718971170948.00, -74311, -531518, -848 
1718971170965.00, -74256, -533139, -854 
1718971170987.00, -74252, -534736, -842 
1718971171009.00, -74247, -536356, -842 
1718971171030.00, -74208, -537944, -774 
1718971171051.00, -74215, -539559, -738 
1718971171073.00, -74258, -541163, -734 
1718971171095.00, -74247, -542777, -746 
1718971171116.00, -74224, -544379, -735 
1718971171138.00, -74281, -545989, -721 
1718971171160.00, -74229, -547592, -735 
1718971171181.00, -74186, -549212, -757 
1718971171203.00, -74211, -550818, -751 
1718971171224.00, -74400, -552428, -741 
1718971171246.00, -74192, -554036, -765 
1718971171268.00, -74199, -555646, -793 
1718971171290.00, -74192, -557252, -786 
1718971171311.00, -74277, -558862, -785 
1718971171333.00, -74080, -560466, -788 
1718971171355.00, -74097, -562079, -789 
1718971171380.00, -74067, -563671, -764 
1718971171398.00, -74134, -565287, -749 
1718971171419.00, -74116, -566887, -750 
1718971171441.00, -74003, -568500, -732 
1718971171463.00, -74051, -570098, -678 
1718971171487.00, -74236, -571697, -661 
1718971171506.00, -74269, -573309, -686 
1718971171527.00, -74200, -574921, -666 
1718971171549.00, -74341, -576526, -634 
1718971171571.00, -74386, -578129, -651 
1718971171592.00, -74160, -579735, -697 
1718971171613.00, -74074, -581350, -678 
1718971171636.00, -74208, -582957, -612 
1718971171658.00, -74295, -584560, -610 
1718971171679.00, -74117, -586169, -626 
1718971171701.00, -73981, -587771, -586 
1718971171721.00, -73970, -589372, -520 
1718971171744.00, -73425, -590978, -503 
1718971171765.00, -71924, -592571, -517 
1718971171787.00, -72022, -594120, -420 
1718971171809.00, -40742, -595670, -385 
1718971171830.00, -22383, -596577, -420 
1718971171852.00, -11180, -597083, -436 
1718971171872.00, -4845, -597334, -387 
1718971171895.00, -986, -597450, -449 
1718971171917.00, 509, -597476, -412 
1718971171937.00, 1903, -597469, -338 
1718971171960.00, 2854, -597429, -254 
1718971171981.00, 3280, -597362, -157 
1718971172003.00, 3718, -597285, -83 
1718971172025.00, 3968, -597199, 4 
1718971172046.00, 3909, -597107, 114 
1718971172068.00, 10447, -597008, 218 
1718971172089.00, 21042, -596783, 262 
1718971172111.00, 29815, -596339, 337 
1718971172133.00, 38977, -595709, 382 
1718971172154.00, 47574, -594864, 381 
1718971172176.00, 52436, -593831, 483 
1718971172197.00, 61404, -592696, 516 
1718971172219.00, 68653, -591364, 544 
1718971172241.00, 73818, -589874, 590 
1718971172262.00, 74409, -588275, 639 
1718971172284.00, 74317, -586657, 668 
1718971172306.00, 74109, -585049, 695 
1718971172327.00, 74261, -583433, 725 
1718971172349.00, 74167, -581825, 762 
1718971172371.00, 74330, -580208, 798 
1718971172392.00, 74229, -578605, 845 
1718971172414.00, 74303, -576989, 869 
1718971172435.00, 74205, -575383, 890 
1718971172457.00, 74139, -573763, 919 
1718971172478.00, 74328, -572164, 934 
1718971172501.00, 74356, -570549, 929 
1718971172522.00, 74109, -568946, 970 
1718971172543.00, 74225, -567334, 945 
1718971172565.00, 74381, -565725, 978 
1718971172587.00, 74286, -564110, 977 
1718971172608.00, 74187, -562508, 1019 
1718971172631.00, 74171, -560883, 1031 
1718971172652.00, 74352, -559277, 1058 
1718971172674.00, 74228, -557651, 1059 
1718971172695.00, 74228, -556044, 1075 
1718971172717.00, 74173, -554424, 1074 
1718971172739.00, 74176, -552811, 1087 
1718971172761.00, 74226, -551195, 1083 
1718971172782.00, 74297, -549573, 1097 
1718971172805.00, 74226, -547955, 1125 
1718971172826.00, 74184, -546339, 1135 
1718971172847.00, 74180, -544724, 1141 
1718971172869.00, 74332, -543114, 1149 
1718971172891.00, 74156, -541487, 1143 
1718971172913.00, 74166, -539882, 1155 
1718971172934.00, 74157, -538262, 1148 
1718971172956.00, 74379, -536650, 1152 
1718971172977.00, 74230, -535031, 1152 
1718971173000.00, 74244, -533415, 1155 
1718971173021.00, 74263, -531797, 1154 
1718971173043.00, 74359, -530182, 1182 
1718971173065.00, 74331, -528564, 1180 
1718971173086.00, 74187, -526949, 1198 
1718971173108.00, 74172, -525333, 1199 
1718971173130.00, 74204, -523719, 1190 
1718971173151.00, 74171, -522108, 1175 
1718971173173.00, 74109, -520491, 1153 
1718971173195.00, 74129, -518878, 1138 
1718971173217.00, 74163, -517262, 1131 
1718971173239.00, 74176, -515641, 1113 
1718971173260.00, 74112, -514029, 1112 
1718971173282.00, 74120, -512414, 1109 
1718971173303.00, 74135, -510803, 1105 
1718971173326.00, 74139, -509184, 1088 
1718971173354.00, 74146, -507571, 1084 
1718971173369.00, 74193, -505956, 1084 
1718971173391.00, 74099, -504337, 1076 
1718971173412.00, 74204, -502723, 1079 
1718971173434.00, 74076, -501104, 1079 
1718971173458.00, 74211, -499489, 1082 
1718971173478.00, 74159, -497878, 1059 
1718971173500.00, 74283, -496260, 1058 
1718971173521.00, 74189, -494648, 1045 
1718971173543.00, 74297, -493030, 1055 
1718971173565.00, 74404, -491414, 1040 
1718971173587.00, 74273, -489798, 1079 
1718971173608.00, 74206, -488184, 1082 
1718971173630.00, 74205, -486566, 1102 
1718971173651.00, 74199, -484951, 1072 
1718971173673.00, 74236, -483336, 1070 
1718971173695.00, 74197, -481719, 1032 
1718971173717.00, 74192, -480109, 1015 
1718971173738.00, 74242, -478493, 980 
1718971173760.00, 74284, -476891, 973 
1718971173781.00, 74280, -475278, 955 
1718971173803.00, 74088, -473675, 955 
1718971173824.00, 74204, -472061, 923 
1718971173846.00, 74398, -470455, 942 
1718971173868.00, 74431, -468844, 942 
1718971173892.00, 74120, -467235, 962 
1718971173911.00, 74141, -465623, 943 
1718971173933.00, 74277, -464011, 956 
1718971173955.00, 74437, -462404, 953 
1718971173977.00, 74191, -460799, 961 
1718971173997.00, 74189, -459187, 930 
1718971174020.00, 74154, -457584, 931 
1718971174041.00, 74409, -455974, 911 
1718971174063.00, 74201, -454369, 906 
1718971174085.00, 74284, -452762, 871 
1718971174106.00, 74138, -451147, 864 
1718971174127.00, 74283, -449539, 831 
1718971174149.00, 74117, -447932, 844 
1718971174170.00, 74336, -446321, 832 
1718971174193.00, 74032, -444720, 829 
1718971174214.00, 74314, -443107, 801 
1718971174236.00, 74249, -441500, 798 
1718971174258.00, 74259, -439897, 770 
1718971174279.00, 74092, -438285, 766 
1718971174300.00, 74214, -436680, 750 
1718971174322.00, 74308, -435069, 768 
1718971174344.00, 74311, -433457, 780 
1718971174366.00, 74274, -431850, 805 
1718971174387.00, 42417, -430246, 803 
1718971174409.00, 23375, -429314, 867 
1718971174431.00, 12125, -428793, 821 
1718971174452.00, 5201, -428523, 814 
1718971174474.00, 1159, -428405, 780 
1718971174495.00, -538, -428384, 702 
1718971174516.00, -2077, -428390, 586 
1718971174538.00, -2974, -428435, 448 
1718971174559.00, -3402, -428504, 348 
1718971174581.00, -3758, -428588, 222 
1718971174603.00, -3948, -428678, 114 
1718971174624.00, -3988, -428769, 16 
1718971174645.00, -4055, -428869, -99 
1718971174666.00, -9724, -428961, -194 
1718971174688.00, -18800, -429172, -262 
1718971174710.00, -28773, -429567, -293 
1718971174732.00, -36219, -430186, -502 
1718971174753.00, -53068, -430962, -518 
1718971174777.00, -64067, -432100, -523 
1718971174797.00, -70670, -433493, -621 
1718971174818.00, -74680, -435034, -649 
1718971174839.00, -74511, -436647, -666 
1718971174861.00, -74343, -438270, -720 
1718971174886.00, -74307, -439876, -776 
1718971174905.00, -74295, -441486, -804 
1718971174926.00, -74264, -443102, -832 
1718971174948.00, -74332, -444714, -891 
1718971174970.00, -74392, -446323, -943 
1718971174993.00, -74339, -447932, -960 
1718971175013.00, -74028, -449537, -976 
1718971175035.00, -74284, -451159, -976 
1718971175056.00, -74281, -452767, -1002 
1718971175078.00, -74195, -454383, -1019 
1718971175104.00, -74088, -455995, -1024 
1718971175121.00, -74310, -457609, -1018 
1718971175143.00, -74297, -459228, -1017 
1718971175165.00, -74193, -460846, -1044 
1718971175186.00, -74073, -462456, -1046 
1718971175208.00, -74226, -464075, -1040 
1718971175230.00, -74116, -465681, -1072 
1718971175251.00, -74131, -467309, -1086 
1718971175273.00, -74150, -468924, -1090 
1718971175295.00, -74227, -470543, -1099 
1718971175318.00, -74085, -472157, -1120 
1718971175339.00, -74250, -473766, -1101 
1718971175360.00, -74111, -475383, -1084 
1718971175382.00, -74256, -477001, -1089 
1718971175404.00, -74114, -478617, -1098 
1718971175425.00, -74085, -480227, -1090 
1718971175447.00, -74042, -481836, -1077 
1718971175469.00, -74092, -483458, -1066 
1718971175490.00, -74033, -485072, -1067 
1718971175512.00, -74169, -486683, -1076 
1718971175536.00, -74092, -488295, -1054 
1718971175556.00, -74049, -489902, -1038 
1718971175577.00, -73916, -491521, -1023 
1718971175600.00, -74066, -493135, -984 
1718971175621.00, -74180, -494736, -978 
1718971175643.00, -74090, -496337, -958 
1718971175664.00, -74029, -497943, -958 
1718971175685.00, -74050, -499553, -915 
1718971175707.00, -74189, -501162, -900 
1718971175729.00, -74200, -502773, -904 
1718971175751.00, -74200, -504377, -886 
1718971175772.00, -74199, -505979, -859 
1718971175794.00, -74357, -507595, -865 
1718971175816.00, -74287, -509199, -856 
1718971175837.00, -74205, -510816, -842 
1718971175862.00, -74241, -512419, -819 
1718971175881.00, -74149, -514022, -802 
1718971175902.00, -74210, -515629, -765 
1718971175924.00, -74248, -517249, -776 
1718971175945.00, -74289, -518850, -747 
1718971175970.00, -74112, -520459, -742 
1718971175989.00, -74275, -522057, -729 
1718971176010.00, -74247, -523674, -738 
1718971176032.00, -74225, -525281, -715 
1718971176054.00, -74194, -526895, -727 
1718971176075.00, -74162, -528493, -691 
1718971176096.00, -74224, -530103, -682 
1718971176118.00, -74213, -531705, -649 
1718971176140.00, -74275, -533329, -685 
1718971176162.00, -74194, -534928, -662 
1718971176183.00, -74380, -536546, -644 
1718971176205.00, -74276, -538144, -641 
1718971176227.00, -74269, -539758, -675 
1718971176248.00, -74132, -541366, -653 
1718971176270.00, -74277, -542978, -649 
1718971176291.00, -74319, -544579, -646 
1718971176314.00, -74217, -546191, -661 
1718971176335.00, -74183, -547790, -622 
1718971176356.00, -74301, -549410, -639 
1718971176378.00, -74415, -551019, -654 
1718971176399.00, -74209, -552633, -652 
1718971176420.00, -74259, -554232, -627 
1718971176442.00, -74230, -555846, -644 
1718971176465.00, -74221, -557451, -666 
1718971176486.00, -74190, -559064, -670 
1718971176508.00, -74283, -560664, -633 
1718971176529.00, -74317, -562275, -661 
1718971176551.00, -74194, -563878, -692 
1718971176573.00, -74147, -565497, -694 
1718971176594.00, -74309, -567099, -643 
1718971176615.00, -74209, -568710, -648 
1718971176638.00, -74163, -570309, -648 
1718971176659.00, -74195, -571912, -621 
1718971176681.00, -74379, -573525, -602 
1718971176702.00, -74117, -575133, -608 
1718971176724.00, -74167, -576734, -584 
1718971176746.00, -74223, -578338, -534 
1718971176767.00, -74408, -579934, -532 
1718971176789.00, -74233, -581558, -532 
1718971176811.00, -74202, -583157, -489 
1718971176832.00, -71744, -584764, -457 
1718971176862.00, -68205, -586315, -459 
1718971176876.00, -66301, -587791, -448 
1718971176897.00, -64431, -589223, -404 
1718971176918.00, -60790, -590620, -368 
1718971176941.00, -56494, -591938, -375 
1718971176966.00, -54345, -593157, -347 
1718971176984.00, -30478, -594324, -300 
1718971177005.00, -16109, -595008, -304 
1718971177027.00, -7474, -595381, -316 
1718971177049.00, -2561, -595553, -287 
1718971177071.00, 84, -595618, -346 
1718971177092.00, 1408, -595624, -332 
1718971177113.00, 2431, -595600, -300 
1718971177135.00, 3132, -595549, -237 
1718971177157.00, 3438, -595476, -144 
1718971177181.00, 3586, -595394, -53 
1718971177200.00, 3581, -595310, 44 
1718971177221.00, 6196, -595221, 136 
1718971177243.00, 13576, -595083, 198 
1718971177264.00, 21106, -594795, 230 
1718971177286.00, 28098, -594336, 281 
1718971177308.00, 35056, -593734, 341 
1718971177329.00, 42668, -592986, 371 
1718971177351.00, 48763, -592072, 420 
1718971177372.00, 55531, -591008, 485 
1718971177394.00, 63298, -589802, 533 
1718971177415.00, 70715, -588436, 570 
1718971177438.00, 74641, -586896, 601 
1718971177459.00, 74430, -585288, 635 
1718971177481.00, 74269, -583668, 676 
1718971177504.00, 74439, -582061, 696 
1718971177524.00, 74243, -580445, 729 
1718971177546.00, 74224, -578840, 765 
1718971177567.00, 74226, -577222, 787 
1718971177589.00, 74213, -575626, 811 
1718971177611.00, 74239, -574009, 839 
1718971177632.00, 74164, -572402, 847 
1718971177654.00, 74271, -570789, 838 
1718971177675.00, 74379, -569186, 854 
1718971177697.00, 74285, -567574, 859 
1718971177718.00, 74248, -565964, 878 
1718971177740.00, 74215, -564349, 889 
1718971177762.00, 74291, -562747, 913 
1718971177784.00, 74311, -561132, 913 
1718971177805.00, 74284, -559524, 940 
1718971177827.00, 74266, -557914, 961 
1718971177848.00, 74225, -556308, 976 
1718971177870.00, 74418, -554692, 993 
1718971177891.00, 74423, -553086, 1017 
1718971177913.00, 74276, -551465, 1027 
1718971177935.00, 74250, -549848, 1054 
1718971177957.00, 74299, -548230, 1077 
1718971177979.00, 74360, -546612, 1097 
1718971178001.00, 74169, -544996, 1114 
1718971178022.00, 74161, -543380, 1139 
1718971178043.00, 74291, -541759, 1166 
1718971178065.00, 74356, -540144, 1173 
1718971178088.00, 74230, -538528, 1185 
1718971178109.00, 74098, -536914, 1198 
1718971178130.00, 74275, -535299, 1203 
1718971178152.00, 74364, -533681, 1208 
1718971178174.00, 74252, -532062, 1203 
1718971178196.00, 74195, -530450, 1198 
1718971178218.00, 74071, -528837, 1190 
1718971178240.00, 74142, -527218, 1171 
1718971178261.00, 74188, -525612, 1156 
1718971178283.00, 74196, -523995, 1157 
1718971178305.00, 74170, -522383, 1159 
1718971178326.00, 74322, -520767, 1152 
1718971178348.00, 74305, -519155, 1158 
1718971178369.00, 74337, -517532, 1154 
1718971178391.00, 74149, -515916, 1177 
1718971178413.00, 74174, -514299, 1178 
1718971178435.00, 74169, -512690, 1175 
1718971178457.00, 74378, -511076, 1182 
1718971178479.00, 74252, -509463, 1184 
1718971178499.00, 74199, -507846, 1168 
1718971178522.00, 74151, -506232, 1161 
1718971178543.00, 74376, -504618, 1155 
1718971178565.00, 74211, -503002, 1149 
1718971178586.00, 74167, -501391, 1120 
1718971178609.00, 74190, -499770, 1116 
1718971178631.00, 74465, -498156, 1107 
1718971178652.00, 74200, -496539, 1111 
1718971178674.00, 74277, -494930, 1101 
1718971178696.00, 74250, -493319, 1123 
1718971178717.00, 74448, -491694, 1109 
1718971178739.00, 74177, -490083, 1116 
1718971178761.00, 74300, -488468, 1083 
1718971178782.00, 74285, -486857, 1072 
1718971178804.00, 74450, -485240, 1043 
1718971178826.00, 74203, -483626, 1024 
1718971178848.00, 74334, -482009, 981 
1718971178869.00, 74254, -480407, 980 
1718971178891.00, 74360, -478797, 950 
1718971178913.00, 74271, -477189, 955 
1718971178934.00, 74320, -475580, 930 
1718971178956.00, 74286, -473973, 926 
1718971178977.00, 74350, -472365, 907 
1718971178999.00, 74359, -470762, 905 
1718971179020.00, 74271, -469152, 871 
1718971179047.00, 74165, -467541, 856 
1718971179064.00, 74325, -465935, 815 
1718971179086.00, 74196, -464330, 789 
1718971179107.00, 74257, -462722, 746 
1718971179129.00, 74196, -461120, 737 
1718971179150.00, 74253, -459506, 713 
1718971179172.00, 74096, -457904, 704 
1718971179194.00, 74195, -456294, 678 
1718971179215.00, 74144, -454691, 677 
1718971179237.00, 74163, -453083, 662 
1718971179262.00, 74248, -451471, 665 
1718971179280.00, 74291, -449859, 666 
1718971179302.00, 74144, -448257, 677 
1718971179323.00, 74236, -446649, 670 
1718971179345.00, 74195, -445042, 674 
1718971179366.00, 74294, -443431, 667 
1718971179388.00, 74135, -441824, 664 
1718971179410.00, 74271, -440219, 655 
1718971179432.00, 74190, -438611, 661 
1718971179453.00, 74119, -437000, 662 
1718971179479.00, 74098, -435390, 667 
1718971179496.00, 74207, -433786, 663 
1718971179518.00, 74205, -432180, 652 
1718971179540.00, 42199, -430583, 649 
1718971179562.00, 22897, -429652, 685 
1718971179583.00, 11677, -429126, 718 
1718971179605.00, 5242, -428860, 755 
1718971179626.00, 1343, -428741, 815 
1718971179648.00, -110, -428710, 790 
1718971179669.00, -1602, -428713, 745 
1718971179692.00, -2800, -428741, 673 
1718971179713.00, -3566, -428802, 555 
1718971179733.00, -3944, -428884, 440 
1718971179755.00, -3941, -428974, 311 
1718971179776.00, -4025, -429069, 192 
1718971179797.00, -3887, -429166, 56 
1718971179819.00, -3775, -429268, -73 
1718971179841.00, -8277, -429355, -175 
1718971179862.00, -16666, -429532, -267 
1718971179884.00, -27466, -429892, -323 
1718971179905.00, -37112, -430482, -478 
1718971179927.00, -51839, -431281, -501 
1718971179948.00, -62141, -432397, -535 
1718971179970.00, -70036, -433747, -597 
1718971179992.00, -74646, -435277, -625 
1718971180015.00, -74265, -436895, -703 
1718971180036.00, -74401, -438513, -732 
1718971180057.00, -74388, -440114, -746 
1718971180079.00, -74303, -441734, -790 
1718971180100.00, -74236, -443345, -823 
1718971180121.00, -74381, -444960, -839 
1718971180143.00, -74365, -446565, -846 
1718971180165.00, -74374, -448172, -874 
1718971180187.00, -74244, -449781, -881 
1718971180209.00, -74281, -451402, -885 
1718971180230.00, -74283, -453009, -891 
1718971180252.00, -74333, -454621, -885 
1718971180273.00, -74356, -456217, -879 
1718971180295.00, -74246, -457834, -880 
1718971180316.00, -74252, -459440, -873 
1718971180339.00, -74251, -461055, -867 
1718971180360.00, -74290, -462657, -852 
1718971180381.00, -74251, -464266, -865 
1718971180403.00, -74245, -465870, -893 
1718971180425.00, -74366, -467492, -885 
1718971180447.00, -74556, -469099, -874 
1718971180468.00, -74306, -470714, -891 
1718971180490.00, -74231, -472310, -891 
1718971180511.00, -74351, -473922, -872 
1718971180533.00, -74402, -475537, -861 
1718971180555.00, -74304, -477147, -847 
1718971180577.00, -74388, -478752, -843 
1718971180598.00, -74277, -480357, -837 
1718971180620.00, -74229, -481959, -836 
1718971180641.00, -74289, -483583, -830 
1718971180662.00, -74350, -485188, -821 
1718971180684.00, -74237, -486794, -813 
1718971180706.00, -73965, -488405, -813 
1718971180727.00, -74067, -490009, -801 
1718971180750.00, -74173, -491618, -798 
1718971180771.00, -74186, -493228, -778 
1718971180795.00, -74114, -494829, -783 
1718971180814.00, -74129, -496436, -764 
1718971180836.00, -74087, -498039, -755 
1718971180858.00, -74080, -499648, -732 
1718971180879.00, -74070, -501257, -719 
1718971180901.00, -74115, -502865, -684 
1718971180923.00, -74079, -504466, -678 
1718971180944.00, -74197, -506067, -643 
1718971180966.00, -74196, -507679, -631 
1718971180987.00, -74198, -509288, -609 
1718971181015.00, -74084, -510892, -597 
1718971181031.00, -74111, -512499, -575 
1718971181052.00, -74141, -514102, -574 
1718971181073.00, -74163, -515709, -556 
1718971181096.00, -74212, -517327, -573 
1718971181120.00, -74156, -518933, -560 
1718971181139.00, -74303, -520536, -574 
1718971181161.00, -74251, -522143, -561 
1718971181182.00, -74261, -523757, -587 
1718971181204.00, -74323, -525365, -580 
1718971181226.00, -74158, -526981, -606 
1718971181247.00, -74277, -528588, -615 
1718971181269.00, -74298, -530196, -642 
1718971181290.00, -74304, -531795, -648 
1718971181312.00, -74175, -533424, -685 
1718971181334.00, -74224, -535030, -667 
1718971181355.00, -74350, -536642, -689 
1718971181376.00, -74127, -538237, -637 
1718971181398.00, -74181, -539854, -651 
1718971181420.00, -74193, -541455, -638 
1718971181444.00, -74228, -543067, -647 
1718971181464.00, -74225, -544667, -617 
1718971181485.00, -74303, -546276, -642 
1718971181506.00, -74172, -547885, -641 
1718971181528.00, -74366, -549507, -641 
1718971181552.00, -74267, -551105, -639 
1718971181572.00, -74278, -552725, -639 
1718971181593.00, -74221, -554321, -632 
1718971181615.00, -74295, -555937, -656 
1718971181637.00, -74318, -557538, -639 
1718971181658.00, -74315, -559154, -649 
1718971181680.00, -74192, -560759, -670 
1718971181701.00, -74253, -562368, -676 
1718971181723.00, -74438, -563966, -653 
1718971181745.00, -74283, -565582, -647 
1718971181766.00, -74286, -567190, -662 
1718971181788.00, -74174, -568805, -667 
1718971181810.00, -74266, -570401, -640 
1718971181831.00, -74340, -572010, -638 
1718971181852.00, -74284, -573616, -652 
1718971181875.00, -74250, -575235, -638 
1718971181896.00, -74265, -576831, -615 
1718971181917.00, -74351, -578443, -613 
1718971181939.00, -74372, -580040, -595 
1718971181961.00, -74263, -581658, -574 
1718971181984.00, -74239, -583266, -555 
1718971182004.00, -74292, -584873, -550 
1718971182026.00, -74516, -586470, -529 
1718971182048.00, -74311, -588076, -517 
1718971182069.00, -73528, -589687, -507 
1718971182091.00, -72459, -591277, -463 
1718971182112.00, -69060, -592836, -419 
1718971182134.00, -39144, -594324, -387 
1718971182155.00, -21307, -595189, -385 
1718971182178.00, -10292, -595672, -357 
1718971182199.00, -4146, -595907, -318 
1718971182221.00, -327, -596008, -389 
1718971182241.00, 1106, -596022, -325 
1718971182264.00, 2266, -596007, -263 
1718971182285.00, 3128, -595959, -202 
1718971182307.00, 3662, -595889, -111 
1718971182328.00, 3843, -595809, -28 
1718971182350.00, 3723, -595723, 38 
1718971182372.00, 5923, -595637, 82 
1718971182392.00, 9748, -595503, 140 
1718971182414.00, 15958, -595287, 191 
1718971182436.00, 22536, -594943, 266 
1718971182458.00, 31058, -594457, 344 
1718971182479.00, 40484, -593795, 393 
1718971182501.00, 49170, -592933, 390 
1718971182523.00, 53919, -591872, 535 
1718971182545.00, 65170, -590693, 528 
1718971182566.00, 71762, -589286, 597 
1718971182587.00, 74707, -587725, 647 
1718971182609.00, 74300, -586109, 719 
1718971182631.00, 74263, -584495, 763 
1718971182654.00, 74308, -582886, 816 
1718971182674.00, 74364, -581266, 893 
1718971182696.00, 74243, -579656, 921 
1718971182718.00, 74296, -578042, 951 
1718971182738.00, 74273, -576435, 996 
1718971182761.00, 74261, -574822, 1007 
1718971182782.00, 74450, -573206, 1046 
1718971182804.00, 74223, -571593, 1055 
1718971182826.00, 74270, -569976, 1055 
1718971182847.00, 74159, -568360, 1086 
1718971182869.00, 74490, -566741, 1080 
1718971182890.00, 74210, -565125, 1102 
1718971182913.00, 74276, -563509, 1106 
1718971182935.00, 74166, -561895, 1135 
1718971182956.00, 74286, -560275, 1111 
1718971182981.00, 74118, -558660, 1122 
1718971183000.00, 74249, -557047, 1114 
1718971183022.00, 74221, -555439, 1113 
1718971183043.00, 74351, -553820, 1089 
1718971183065.00, 74157, -552209, 1100 
1718971183087.00, 74230, -550584, 1097 
1718971183108.00, 74201, -548970, 1104 
1718971183130.00, 74305, -547354, 1092 
1718971183151.00, 74176, -545738, 1098 
1718971183173.00, 74245, -544123, 1096 
1718971183196.00, 74183, -542508, 1106 
1718971183217.00, 74248, -540889, 1088 
1718971183238.00, 74192, -539282, 1086 
1718971183261.00, 74293, -537661, 1075 
1718971183283.00, 74217, -536051, 1074 
1718971183306.00, 74346, -534435, 1054 
1718971183325.00, 74271, -532818, 1062 
1718971183347.00, 74319, -531203, 1044 
1718971183369.00, 74323, -529589, 1047 
1718971183391.00, 74343, -527972, 1032 
1718971183419.00, 74276, -526362, 1025 
1718971183434.00, 74336, -524744, 1015 
1718971183456.00, 74211, -523132, 1012 
1718971183477.00, 74317, -521515, 1000 
1718971183499.00, 74238, -519902, 1004 
1718971183525.00, 74302, -518289, 993 
1718971183543.00, 74295, -516676, 1002 
1718971183565.00, 74325, -515054, 995 
1718971183586.00, 74292, -513449, 1020 
1718971183608.00, 74274, -511828, 1025 
1718971183630.00, 74236, -510220, 1044 
1718971183651.00, 74215, -508598, 1028 
1718971183673.00, 74271, -506986, 1027 
1718971183695.00, 74288, -505366, 1002 
1718971183717.00, 74320, -503755, 995 
1718971183743.00, 74213, -502151, 978 
1718971183760.00, 74298, -500534, 978 
1718971183782.00, 74289, -498923, 964 
1718971183803.00, 74233, -497319, 969 
1718971183825.00, 74330, -495706, 961 
1718971183847.00, 74321, -494106, 951 
1718971183868.00, 74341, -492492, 936 
1718971183889.00, 74293, -490883, 938 
1718971183911.00, 74343, -489272, 931 
1718971183933.00, 74391, -487666, 950 
1718971183956.00, 74340, -486058, 946 
1718971183976.00, 74347, -484443, 956 
1718971183997.00, 74206, -482834, 959 
1718971184019.00, 74302, -481228, 940 
1718971184041.00, 74262, -479622, 927 
1718971184063.00, 74232, -478011, 928 
1718971184084.00, 74279, -476402, 910 
1718971184106.00, 74227, -474796, 894 
1718971184128.00, 74289, -473184, 895 
1718971184149.00, 74359, -471576, 884 
1718971184174.00, 74236, -469971, 865 
1718971184192.00, 74191, -468363, 845 
1718971184214.00, 74209, -466753, 832 
1718971184235.00, 74202, -465143, 811 
1718971184257.00, 74183, -463536, 788 
1718971184278.00, 74130, -461933, 759 
1718971184301.00, 74189, -460329, 743 
1718971184322.00, 74154, -458716, 728 
1718971184344.00, 74129, -457117, 729 
1718971184365.00, 74237, -455503, 708 
1718971184387.00, 74277, -453895, 695 
1718971184409.00, 74048, -452287, 667 
1718971184430.00, 74028, -450679, 665 
1718971184452.00, 74421, -449073, 650 
1718971184473.00, 74248, -447461, 661 
1718971184495.00, 74216, -445851, 649 
1718971184517.00, 74195, -444249, 662 
1718971184538.00, 74306, -442637, 637 
1718971184560.00, 74139, -441031, 642 
1718971184582.00, 74342, -439418, 630 
1718971184604.00, 74179, -437815, 637 
1718971184625.00, 74213, -436204, 617 
1718971184647.00, 74170, -434599, 631 
1718971184669.00, 74440, -432992, 609 
1718971184689.00, 74276, -431385, 616 
1718971184712.00, 44820, -429783, 584 
1718971184733.00, 27366, -428797, 622 
1718971184755.00, 17104, -428189, 625 
1718971184776.00, 11001, -427814, 630 
1718971184798.00, 7149, -427573, 659 
1718971184819.00, 4801, -427417, 610 
1718971184841.00, 3424, -427315, 536 
1718971184862.00, 2514, -427245, 450 
1718971184884.00, 2001, -427194, 355 
1718971184906.00, 1633, -427156, 260 
1718971184927.00, 1407, -427127, 166 
1718971184948.00, 1252, -427102, 78 
1718971184970.00, 1115, -427086, -15 
1718971184992.00, 133, -427068, -119 
1718971185013.00, -6176, -427069, -183 
1718971185035.00, -14013, -427191, -230 
1718971185060.00, -21411, -427492, -296 
1718971185078.00, -30184, -427955, -287 
1718971185100.00, -34844, -428615, -484 
1718971185121.00, -49461, -429364, -460 
1718971185143.00, -56658, -430418, -488 
1718971185172.00, -62741, -431649, -515 
1718971185187.00, -67792, -433015, -630 
1718971185208.00, -71602, -434490, -598 
1718971185229.00, -73881, -436047, -637 
1718971185251.00, -74191, -437650, -660 
1718971185273.00, -74415, -439264, -679 
1718971185295.00, -74307, -440873, -703 
1718971185316.00, -74275, -442486, -737 
1718971185338.00, -74205, -444101, -771 
1718971185359.00, -74341, -445708, -794 
1718971185381.00, -74572, -447314, -808 
1718971185403.00, -74246, -448920, -834 
1718971185425.00, -74242, -450539, -837 
1718971185446.00, -74304, -452157, -845 
1718971185467.00, -74312, -453761, -852 
1718971185491.00, -74341, -455374, -874 
1718971185511.00, -74215, -456975, -904 
1718971185533.00, -74220, -458592, -911 
1718971185554.00, -74219, -460202, -898 
1718971185576.00, -74354, -461810, -930 
1718971185598.00, -74417, -463419, -933 
1718971185619.00, -74272, -465025, -931 
1718971185641.00, -74185, -466636, -947 
1718971185662.00, -74209, -468257, -955 
1718971185684.00, -74269, -469857, -951 
1718971185711.00, -74259, -471476, -951 
1718971185728.00, -74124, -473075, -935 
1718971185750.00, -74126, -474689, -949 
1718971185771.00, -74197, -476294, -926 
1718971185793.00, -74248, -477905, -914 
1718971185814.00, -74157, -479507, -903 
1718971185835.00, -74092, -481116, -916 
1718971185857.00, -73990, -482718, -883 
1718971185879.00, -74111, -484338, -889 
1718971185900.00, -74119, -485939, -883 
1718971185924.00, -74143, -487548, -882 
1718971185944.00, -74129, -489147, -865 
1718971185966.00, -74158, -490761, -871 
1718971185987.00, -74148, -492367, -856 
1718971186009.00, -74140, -493983, -857 
1718971186032.00, -74050, -495584, -846 
1718971186052.00, -74138, -497192, -849 
1718971186073.00, -74160, -498792, -839 
1718971186095.00, -74250, -500407, -817 
1718971186117.00, -74164, -502010, -806 
1718971186138.00, -74266, -503632, -816 
1718971186160.00, -74254, -505226, -804 
1718971186182.00, -74240, -506841, -801 
1718971186204.00, -74150, -508446, -792 
1718971186225.00, -74207, -510063, -810 
1718971186247.00, -74257, -511665, -809 
1718971186268.00, -74220, -513277, -795 
1718971186290.00, -74365, -514876, -800 
1718971186312.00, -74247, -516498, -808 
1718971186333.00, -74258, -518100, -792 
1718971186355.00, -74155, -519715, -786 
1718971186377.00, -74347, -521319, -788 
1718971186398.00, -74130, -522928, -791 
1718971186420.00, -74109, -524537, -777 
1718971186442.00, -74186, -526146, -771 
1718971186463.00, -74187, -527748, -772 
1718971186485.00, -74273, -529354, -755 
1718971186507.00, -74254, -530954, -729 
1718971186528.00, -74279, -532569, -699 
1718971186550.00, -74012, -534181, -699 
1718971186571.00, -74137, -535790, -683 
1718971186593.00, -74191, -537386, -667 
1718971186615.00, -74181, -538992, -637 
1718971186636.00, -74095, -540603, -631 
1718971186658.00, -74205, -542214, -625 
1718971186680.00, -74281, -543819, -616 
1718971186701.00, -74296, -545419, -594 
1718971186723.00, -74168, -547024, -609 
1718971186744.00, -74118, -548640, -599 
1718971186766.00, -74069, -550245, -580 
1718971186788.00, -74182, -551854, -546 
1718971186811.00, -74220, -553454, -558 
1718971186831.00, -74196, -555062, -564 
1718971186852.00, -74212, -556667, -544 
1718971186874.00, -74197, -558279, -532 
1718971186896.00, -74192, -559888, -553 
1718971186917.00, -74120, -561495, -533 
1718971186939.00, -74201, -563094, -518 
1718971186960.00, -73530, -564697, -497 
1718971186982.00, -72070, -566301, -537 
1718971187004.00, -73021, -567857, -529 
1718971187029.00, -73686, -569434, -513 
1718971187047.00, -72769, -571016, -507 
1718971187069.00, -71787, -572600, -536 
1718971187091.00, -72754, -574159, -502 
1718971187112.00, -71580, -575738, -486 
1718971187135.00, -70033, -577280, -478 
1718971187156.00, -68527, -578798, -486 
1718971187177.00, -68122, -580276, -447 
1718971187199.00, -65702, -581758, -440 
1718971187220.00, -63804, -583179, -442 
1718971187243.00, -62584, -584561, -444 
1718971187264.00, -62469, -585918, -416 
1718971187285.00, -60241, -587257, -410 
1718971187307.00, -58743, -588565, -428 
1718971187329.00, -58928, -589837, -405 
1718971187350.00, -57626, -591108, -364 
1718971187371.00, -54333, -592358, -359 
1718971187393.00, -52044, -593532, -351 
1718971187415.00, -29195, -594655, -325 
1718971187437.00, -15361, -595318, -335 
1718971187458.00, -7293, -595672, -344 
1718971187480.00, -2576, -595835, -320 
1718971187501.00, 50, -595899, -378 
1718971187523.00, 1311, -595906, -373 
1718971187544.00, 2362, -595885, -318 
1718971187566.00, 3139, -595836, -243 
1718971187588.00, 3587, -595762, -126 
1718971187609.00, 3777, -595680, -22 
1718971187630.00, 3678, -595591, 87 
1718971187652.00, 8659, -595501, 169 
1718971187674.00, 16734, -595309, 219 
1718971187695.00, 24658, -594948, 282 
1718971187717.00, 32879, -594418, 352 
1718971187738.00, 42171, -593707, 381 
1718971187761.00, 49066, -592806, 491 
1718971187782.00, 60104, -591741, 506 
1718971187807.00, 67396, -590437, 574 
1718971187825.00, 72964, -588981, 631 
1718971187847.00, 74514, -587396, 634 
1718971187869.00, 74361, -585782, 687 
1718971187890.00, 74408, -584166, 724 
1718971187912.00, 74312, -582558, 746 
1718971187933.00, 74401, -580945, 779 
1718971187955.00, 74288, -579333, 811 
1718971187976.00, 74375, -577721, 836 
1718971188001.00, 74310, -576118, 877 
1718971188020.00, 74356, -574500, 869 
1718971188041.00, 74297, -572892, 897 
1718971188063.00, 74361, -571285, 910 
1718971188085.00, 74275, -569678, 936 
1718971188107.00, 74184, -568061, 951 
1718971188128.00, 74299, -566453, 959 
1718971188150.00, 74308, -564841, 971 
1718971188171.00, 74235, -563233, 959 
1718971188193.00, 74268, -561627, 959 
1718971188215.00, 74207, -560018, 972 
1718971188236.00, 74208, -558410, 959 
1718971188258.00, 74236, -556798, 978 
1718971188280.00, 74218, -555198, 977 
1718971188301.00, 74262, -553580, 978 
1718971188323.00, 74211, -551975, 979 
1718971188344.00, 74289, -550362, 971 
1718971188366.00, 74205, -548750, 981 
1718971188388.00, 74189, -547144, 985 
1718971188409.00, 74296, -545530, 986 
1718971188431.00, 74286, -543924, 986 
1718971188453.00, 74162, -542315, 984 
1718971188475.00, 74139, -540704, 981 
1718971188496.00, 74341, -539101, 977 
1718971188518.00, 74253, -537483, 976 
1718971188539.00, 74323, -535879, 980 
1718971188561.00, 74078, -534269, 985 
1718971188583.00, 74091, -532659, 992 
1718971188604.00, 74153, -531051, 1002 
1718971188626.00, 74207, -529437, 1015 
1718971188648.00, 74323, -527821, 1028 
1718971188669.00, 74185, -526209, 1035 
1718971188691.00, 74183, -524590, 1043 
1718971188713.00, 74158, -522979, 1046 
1718971188734.00, 74324, -521359, 1044 
1718971188757.00, 74253, -519750, 1050 
1718971188779.00, 74303, -518128, 1056 
1718971188800.00, 74161, -516514, 1064 
1718971188821.00, 74378, -514892, 1066 
1718971188843.00, 74213, -513280, 1076 
1718971188866.00, 74279, -511663, 1105 
1718971188887.00, 74307, -510051, 1134 
1718971188908.00, 74400, -508431, 1143 
1718971188931.00, 74110, -506817, 1161 
1718971188952.00, 74127, -505202, 1139 
1718971188974.00, 74091, -503591, 1130 
1718971188996.00, 74336, -501978, 1098 
1718971189017.00, 74118, -500365, 1112 
1718971189041.00, 74167, -498743, 1082 
1718971189060.00, 74165, -497133, 1082 
1718971189083.00, 74268, -495520, 1065 
1718971189104.00, 74126, -493912, 1071 
1718971189125.00, 74142, -492290, 1050 
1718971189148.00, 74098, -490678, 1045 
1718971189169.00, 74255, -489061, 1038 
1718971189191.00, 74226, -487452, 1028 
1718971189213.00, 74264, -485836, 1011 
1718971189234.00, 74222, -484222, 993 
1718971189256.00, 74323, -482609, 969 
1718971189277.00, 74192, -481004, 967 
1718971189300.00, 74239, -479401, 943 
1718971189321.00, 74259, -477793, 928 
1718971189343.00, 74223, -476181, 919 
1718971189364.00, 74226, -474571, 906 
1718971189385.00, 74218, -472968, 886 
1718971189407.00, 74217, -471358, 877 
1718971189431.00, 74209, -469748, 866 
1718971189451.00, 74262, -468144, 848 
1718971189472.00, 74246, -466532, 832 
1718971189494.00, 74105, -464924, 812 
1718971189516.00, 74156, -463315, 788 
1718971189538.00, 74215, -461714, 759 
1718971189558.00, 74250, -460106, 749 
1718971189580.00, 74391, -458496, 743 
1718971189602.00, 74240, -456896, 732 
1718971189623.00, 74424, -455282, 720 
1718971189648.00, 74263, -453675, 738 
1718971189667.00, 74376, -452064, 731 
1718971189689.00, 74198, -450459, 737 
1718971189710.00, 74222, -448844, 722 
1718971189732.00, 74150, -447238, 717 
1718971189754.00, 74266, -445630, 690 
1718971189775.00, 74317, -444025, 669 
1718971189797.00, 74138, -442420, 636 
1718971189819.00, 74089, -440816, 628 
1718971189840.00, 74143, -439207, 590 
1718971189862.00, 74120, -437604, 579 
1718971189883.00, 74023, -435998, 552 
1718971189905.00, 73995, -434391, 555 
1718971189927.00, 74070, -432785, 513 
1718971189948.00, 73040, -431184, 517 
1718971189973.00, 41590, -429605, 488 
1718971189992.00, 22616, -428689, 542 
1718971190013.00, 11361, -428181, 503 
1718971190035.00, 4897, -427919, 537 
1718971190056.00, 1149, -427807, 545 
1718971190077.00, -324, -427781, 521 
1718971190099.00, -1706, -427787, 478 
1718971190121.00, -2659, -427821, 406 
1718971190142.00, -3203, -427880, 352 
1718971190163.00, -3433, -427952, 299 
1718971190185.00, -3662, -428033, 233 
1718971190207.00, -3662, -428117, 167 
1718971190227.00, -3843, -428200, 108 
1718971190249.00, -3712, -428285, 50 
1718971190271.00, -3685, -428369, -4 
1718971190292.00, -3534, -428448, -49 
1718971190313.00, -6497, -428528, -86 
1718971190335.00, -10382, -428668, -156 
1718971190357.00, -17066, -428889, -199 
1718971190379.00, -23346, -429248, -231 
1718971190400.00, -28862, -429749, -284 
1718971190421.00, -35582, -430368, -302 
1718971190443.00, -40225, -431143, -459 
1718971190465.00, -52605, -432018, -464 
1718971190487.00, -60192, -433137, -460 
1718971190508.00, -64508, -434451, -500 
1718971190530.00, -69436, -435855, -579 
1718971190551.00, -73905, -437360, -580 
1718971190573.00, -74350, -438968, -643 
1718971190594.00, -74268, -440572, -664 
1718971190616.00, -74266, -442189, -677 
1718971190637.00, -74261, -443801, -704 
1718971190660.00, -74286, -445413, -753 
1718971190681.00, -74376, -447020, -764 
1718971190703.00, -74352, -448627, -792 
1718971190725.00, -74106, -450237, -829 
1718971190747.00, -74198, -451859, -846 
1718971190768.00, -74190, -453464, -841 
1718971190790.00, -74272, -455073, -851 
1718971190811.00, -74184, -456677, -868 
1718971190833.00, -74173, -458294, -888 
1718971190854.00, -74235, -459906, -892 
1718971190876.00, -74356, -461516, -899 
1718971190897.00, -74178, -463113, -900 
1718971190919.00, -74249, -464726, -918 
1718971190941.00, -74155, -466329, -930 
1718971190962.00, -74232, -467954, -930 
1718971190985.00, -74154, -469557, -944 
1718971191006.00, -74221, -471174, -950 
1718971191028.00, -74197, -472771, -940 
1718971191049.00, -74200, -474386, -964 
1718971191071.00, -74265, -475992, -978 
1718971191092.00, -74288, -477614, -983 
1718971191114.00, -74178, -479212, -987 
1718971191136.00, -74180, -480822, -1011 
1718971191157.00, -74333, -482431, -1001 
1718971191179.00, -74232, -484057, -963 
1718971191200.00, -74161, -485659, -942 
1718971191222.00, -74255, -487274, -934 
1718971191243.00, -74231, -488870, -887 
1718971191265.00, -74330, -490481, -852 
1718971191287.00, -74249, -492091, -825 
1718971191308.00, -74277, -493706, -849 
1718971191331.00, -74174, -495304, -823 
1718971191352.00, -74341, -496916, -797 
1718971191373.00, -74342, -498519, -807 
1718971191398.00, -74325, -500137, -828 
1718971191416.00, -74109, -501740, -805 
1718971191438.00, -74268, -503356, -793 
1718971191460.00, -74297, -504952, -787 
1718971191482.00, -74347, -506568, -759 
1718971191507.00, -74212, -508172, -735 
1718971191525.00, -74303, -509786, -721 
1718971191547.00, -74334, -511392, -719 
1718971191569.00, -74272, -512994, -710 
1718971191590.00, -74299, -514600, -695 
1718971191615.00, -74291, -516217, -682 
1718971191633.00, -74224, -517830, -667 
1718971191655.00, -74268, -519436, -648 
1718971191677.00, -74323, -521033, -640 
1718971191698.00, -74293, -522643, -614 
1718971191724.00, -74312, -524256, -612 
1718971191741.00, -74242, -525868, -611 
1718971191763.00, -74207, -527475, -623 
1718971191785.00, -74153, -529079, -615 
1718971191807.00, -74208, -530681, -623 
1718971191828.00, -74219, -532303, -633 
1718971191850.00, -74442, -533913, -649 
1718971191872.00, -74245, -535521, -633 
1718971191893.00, -74313, -537126, -640 
1718971191915.00, -74355, -538733, -626 
1718971191941.00, -74351, -540346, -626 
1718971191958.00, -74292, -541955, -607 
1718971191980.00, -74173, -543567, -630 
1718971192001.00, -74211, -545166, -618 
1718971192023.00, -74101, -546774, -614 
1718971192045.00, -74191, -548381, -596 
1718971192066.00, -74310, -549999, -626 
1718971192087.00, -74250, -551606, -610 
1718971192110.00, -74037, -553215, -610 
1718971192131.00, -74125, -554814, -598 
1718971192153.00, -74160, -556425, -618 
1718971192175.00, -74100, -558031, -591 
1718971192196.00, -73998, -559640, -570 
1718971192217.00, -74108, -561240, -538 
1718971192240.00, -73985, -562842, -550 
1718971192261.00, -73982, -564443, -530 
1718971192283.00, -73974, -566060, -519 
1718971192304.00, -73421, -567658, -501 
1718971192326.00, -71898, -569252, -517 
1718971192347.00, -72036, -570800, -483 
1718971192369.00, -69962, -572367, -483 
1718971192391.00, -68885, -573887, -483 
1718971192413.00, -68236, -575384, -520 
1718971192434.00, -70052, -576854, -502 
1718971192456.00, -70131, -578374, -497 
1718971192478.00, -69825, -579886, -525 
1718971192499.00, -71337, -581411, -559 
1718971192521.00, -72548, -582958, -541 
1718971192542.00, -73275, -584525, -529 
1718971192564.00, -73634, -586116, -563 
1718971192585.00, -73769, -587707, -519 
1718971192607.00, -73040, -589307, -494 
1718971192628.00, -71274, -590895, -469 
1718971192650.00, -68781, -592441, -465 
1718971192672.00, -67163, -593928, -423 
1718971192693.00, -37978, -595365, -388 
1718971192716.00, -20770, -596209, -404 
1718971192737.00, -10346, -596677, -397 
1718971192759.00, -4346, -596911, -380 
1718971192780.00, -611, -597019, -455 
1718971192802.00, 700, -597038, -451 
1718971192823.00, 1898, -597029, -396 
1718971192845.00, 2728, -596990, -327 
1718971192867.00, 3265, -596928, -254 
1718971192888.00, 3642, -596855, -207 
1718971192909.00, 3853, -596774, -154 
1718971192931.00, 3646, -596687, -83 
1718971192953.00, 3563, -596602, -23 
1718971192974.00, 3366, -596522, 22 
1718971192996.00, 4663, -596442, 55 
1718971193017.00, 7287, -596339, 83 
1718971193046.00, 10555, -596184, 124 
1718971193061.00, 14947, -595955, 163 
1718971193082.00, 19941, -595633, 197 
1718971193104.00, 25080, -595201, 242 
1718971193126.00, 30783, -594659, 295 
1718971193149.00, 37186, -593998, 341 
1718971193168.00, 43625, -593196, 386 
1718971193190.00, 50677, -592258, 418 
1718971193212.00, 56229, -591161, 573 
1718971193234.00, 66273, -589936, 592 
1718971193257.00, 72387, -588510, 639 
1718971193277.00, 74463, -586935, 675 
1718971193298.00, 74371, -585325, 728 
1718971193320.00, 74190, -583707, 757 
1718971193342.00, 74251, -582095, 804 
1718971193365.00, 74216, -580484, 839 
1718971193385.00, 74298, -578880, 868 
1718971193406.00, 74396, -577262, 914 
1718971193428.00, 74416, -575660, 963 
1718971193450.00, 74381, -574040, 966 
1718971193472.00, 74246, -572434, 1022 
1718971193493.00, 74287, -570813, 1050 
1718971193515.00, 74286, -569201, 1081 
1718971193537.00, 74347, -567582, 1116 
1718971193558.00, 74256, -565964, 1146 
1718971193581.00, 74326, -564347, 1129 
1718971193602.00, 74339, -562732, 1164 
1718971193624.00, 74313, -561117, 1195 
1718971193645.00, 74297, -559501, 1199 
1718971193667.00, 74163, -557886, 1191 
1718971193690.00, 74237, -556278, 1205 
1718971193710.00, 74262, -554660, 1195 
1718971193732.00, 74181, -553049, 1199 
1718971193754.00, 74103, -551431, 1174 
1718971193776.00, 74210, -549816, 1173 
1718971193797.00, 74301, -548199, 1162 
1718971193819.00, 74303, -546586, 1176 
1718971193841.00, 74238, -544969, 1159 
1718971193862.00, 74159, -543356, 1168 
1718971193885.00, 74196, -541738, 1155 
1718971193906.00, 74286, -540123, 1167 
1718971193927.00, 74270, -538518, 1155 
1718971193949.00, 74110, -536900, 1170 
1718971193971.00, 74158, -535285, 1157 
1718971193993.00, 74206, -533665, 1165 
1718971194015.00, 74184, -532048, 1158 
1718971194037.00, 74086, -530437, 1164 
1718971194058.00, 74113, -528822, 1142 
1718971194080.00, 74235, -527209, 1128 
1718971194102.00, 74185, -525597, 1110 
1718971194123.00, 74056, -523984, 1092 
1718971194145.00, 74110, -522371, 1072 
1718971194167.00, 74210, -520760, 1060 
1718971194189.00, 74268, -519146, 1042 
1718971194210.00, 74251, -517529, 1026 
1718971194232.00, 74234, -515914, 1014 
1718971194254.00, 74286, -514299, 999 
1718971194275.00, 74155, -512695, 997 
1718971194297.00, 74252, -511086, 975 
1718971194318.00, 74114, -509476, 964 
1718971194340.00, 74196, -507868, 943 
1718971194362.00, 74031, -506264, 931 
1718971194383.00, 74143, -504655, 902 
1718971194404.00, 74029, -503053, 878 
1718971194426.00, 74054, -501445, 858 
1718971194448.00, 74080, -499842, 842 
1718971194470.00, 74168, -498230, 819 
1718971194491.00, 74101, -496626, 812 
1718971194513.00, 74244, -495019, 791 
1718971194535.00, 74252, -493420, 780 
1718971194556.00, 74238, -491804, 755 
1718971194578.00, 74280, -490204, 751 
1718971194600.00, 74320, -488593, 731 
1718971194621.00, 74270, -486982, 724 
1718971194643.00, 74313, -485376, 701 
1718971194665.00, 74224, -483764, 698 
1718971194686.00, 74268, -482150, 684 
1718971194708.00, 74172, -480550, 680 
1718971194729.00, 74194, -478937, 660 
1718971194751.00, 74131, -477333, 660 
1718971194773.00, 74292, -475718, 636 
1718971194794.00, 74286, -474119, 641 
1718971194816.00, 74338, -472499, 643 
1718971194838.00, 74168, -470893, 669 
1718971194859.00, 74199, -469289, 660 
1718971194881.00, 74193, -467676, 658 
1718971194903.00, 74195, -466066, 637 
1718971194924.00, 74192, -464459, 646 
1718971194946.00, 74233, -462851, 630 
1718971194968.00, 74216, -461246, 628 
1718971194989.00, 74300, -459635, 623 
1718971195011.00, 74211, -458030, 618 
1718971195033.00, 74136, -456420, 605 
1718971195054.00, 74162, -454811, 604 
1718971195076.00, 74155, -453208, 606 
1718971195097.00, 74181, -451596, 601 
1718971195119.00, 74157, -449986, 586 
1718971195141.00, 74089, -448383, 570 
1718971195162.00, 74173, -446771, 540 
1718971195184.00, 74215, -445170, 524 
1718971195206.00, 73836, -443561, 511 
1718971195227.00, 72780, -441964, 499 
1718971195249.00, 71579, -440388, 480 
1718971195270.00, 69666, -438835, 471 
1718971195292.00, 67882, -437329, 457 
1718971195314.00, 65888, -435858, 450 
1718971195335.00, 64420, -434433, 447 
1718971195356.00, 63382, -433036, 429 
1718971195378.00, 61811, -431661, 431 
1718971195400.00, 34950, -430329, 419 
1718971195422.00, 18940, -429552, 438 
1718971195447.00, 9296, -429128, 434 
1718971195465.00, 3708, -428917, 441 
1718971195487.00, 318, -428829, 451 
1718971195508.00, -915, -428820, 427 
1718971195529.00, -2060, -428836, 389 
1718971195551.00, -2904, -428880, 335 
1718971195572.00, -3324, -428941, 282 
1718971195594.00, -3470, -429017, 224 
1718971195615.00, -3667, -429097, 157 
1718971195637.00, -3641, -429180, 79 
1718971195659.00, -3699, -429262, 14 
1718971195680.00, -3666, -429351, -55 
1718971195700.00, -6924, -429438, -132 
1718971195723.00, -13302, -429587, -214 
1718971195744.00, -22009, -429879, -285 
1718971195771.00, -31376, -430345, -317 
1718971195788.00, -38897, -431026, -368 
1718971195809.00, -46523, -431875, -473 
1718971195831.00, -57406, -432870, -476 
1718971195853.00, -63851, -434108, -500 
1718971195874.00, -69001, -435501, -518 
1718971195895.00, -72945, -436998, -567 
1718971195917.00, -74411, -438596, -595 
1718971195939.00, -74247, -440193, -600 
1718971195960.00, -74193, -441816, -644 
1718971195982.00, -74128, -443429, -680 
1718971196003.00, -74411, -445041, -697 
1718971196025.00, -74388, -446648, -736 
1718971196047.00, -74321, -448261, -773 
1718971196069.00, -74184, -449871, -796 
1718971196091.00, -74375, -451489, -830 
1718971196112.00, -74419, -453097, -854 
1718971196134.00, -74344, -454711, -869 
1718971196155.00, -74240, -456314, -881 
1718971196177.00, -74340, -457926, -881 
1718971196199.00, -74334, -459537, -894 
1718971196220.00, -74324, -461149, -895 
1718971196242.00, -74269, -462752, -892 
1718971196264.00, -74328, -464365, -895 
1718971196285.00, -74364, -465963, -890 
1718971196307.00, -74315, -467586, -913 
1718971196328.00, -74332, -469193, -919 
1718971196350.00, -74239, -470811, -920 
1718971196371.00, -74236, -472410, -931 
1718971196393.00, -74242, -474019, -932 
1718971196414.00, -74215, -475631, -933 
1718971196436.00, -74259, -477247, -939 
1718971196458.00, -74208, -478852, -937 
1718971196480.00, -74303, -480456, -926 
1718971196501.00, -74445, -482062, -916 
1718971196523.00, -74276, -483676, -887 
1718971196544.00, -74231, -485285, -878 
1718971196567.00, -74337, -486896, -869 
1718971196588.00, -74415, -488498, -874 
1718971196610.00, -74281, -490109, -865 
1718971196631.00, -74227, -491716, -857 
1718971196653.00, -74244, -493332, -849 
1718971196675.00, -74148, -494936, -850 
1718971196696.00, -74243, -496538, -827 
1718971196718.00, -74415, -498144, -817 
1718971196739.00, -74245, -499758, -807 
1718971196761.00, -73956, -501369, -809 
1718971196783.00, -74162, -502979, -786 
1718971196804.00, -74225, -504578, -781 
1718971196826.00, -74222, -506181, -759 
1718971196848.00, -74071, -507800, -763 
1718971196870.00, -74168, -509407, -738 
1718971196891.00, -74203, -511013, -732 
1718971196913.00, -74242, -512617, -712 
1718971196934.00, -74126, -514216, -710 
1718971196956.00, -74161, -515833, -693 
1718971196978.00, -74131, -517445, -703 
1718971196999.00, -74240, -519051, -689 
1718971197021.00, -74246, -520660, -699 
1718971197042.00, -74209, -522257, -665 
1718971197065.00, -74154, -523872, -656 
1718971197086.00, -74240, -525482, -632 
1718971197108.00, -74232, -527091, -627 
1718971197129.00, -74148, -528693, -598 
1718971197150.00, -74181, -530299, -598 
1718971197173.00, -74263, -531904, -594 
1718971197194.00, -74307, -533525, -610 
1718971197215.00, -74205, -535130, -605 
1718971197238.00, -74325, -536745, -633 
1718971197259.00, -74385, -538348, -635 
1718971197281.00, -74284, -539966, -653 
1718971197306.00, -74253, -541568, -628 
1718971197323.00, -74154, -543183, -627 
1718971197346.00, -74264, -544781, -603 
1718971197367.00, -74072, -546391, -612 
1718971197389.00, -74152, -547995, -592 
1718971197416.00, -74210, -549608, -578 
1718971197432.00, -74177, -551210, -564 
1718971197454.00, -74242, -552829, -574 
1718971197475.00, -74238, -554424, -551 
1718971197497.00, -74144, -556041, -549 
1718971197520.00, -74043, -557643, -519 
1718971197540.00, -73537, -559254, -523 
1718971197561.00, -73372, -560839, -518 
1718971197584.00, -73012, -562435, -530 
1718971197605.00, -73585, -564004, -515 
1718971197627.00, -72934, -565606, -536 
1718971197648.00, -73463, -567187, -536 
1718971197670.00, -73866, -568781, -538 
1718971197691.00, -74063, -570374, -546 
1718971197713.00, -74156, -571977, -590 
1718971197738.00, -74347, -573590, -579 
1718971197757.00, -74347, -575203, -594 
1718971197778.00, -74241, -576810, -640 
1718971197800.00, -74157, -578415, -646 
1718971197822.00, -74304, -580011, -581 
1718971197861.00, -74245, -581632, -607 
1718971197868.00, -74171, -583238, -628 
1718971197886.00, -74214, -584841, -582 
1718971197907.00, -74240, -586446, -534 
1718971197930.00, -74293, -588051, -561 
1718971197953.00, -74296, -589663, -572 
1718971197973.00, -74219, -591265, -517 
1718971197995.00, -73384, -592870, -473 
1718971198016.00, -41425, -594449, -456 
1718971198037.00, -22582, -595375, -498 
1718971198059.00, -11125, -595885, -518 
1718971198081.00, -4713, -596142, -485 
1718971198102.00, -840, -596253, -554 
1718971198124.00, 661, -596275, -518 
1718971198146.00, 1918, -596269, -463 
1718971198167.00, 2816, -596234, -429 
1718971198189.00, 3277, -596172, -343 
1718971198210.00, 3561, -596098, -297 
1718971198231.00, 3641, -596021, -260 
1718971198254.00, 3581, -595938, -229 
1718971198275.00, 3555, -595861, -207 
1718971198297.00, 3468, -595782, -178 
1718971198318.00, 3414, -595706, -150 
1718971198340.00, 3275, -595628, -137 
1718971198362.00, 3166, -595554, -128 
1718971198384.00, 3166, -595484, -115 
1718971198406.00, 2977, -595415, -99 
1718971198426.00, 3005, -595349, -86 
1718971198448.00, 2846, -595286, -73 
1718971198470.00, 2756, -595221, -59 
1718971198491.00, 2843, -595159, -47 
1718971198513.00, 2718, -595101, -37 
1718971198534.00, 2543, -595040, -30 
1718971198556.00, 2570, -594983, -26 
1718971198577.00, 2563, -594929, -19 
1718971198666.00, 2449, -594872, -13 
1718971198667.00, 2374, -594818, -5 
1718971198667.00, 2379, -594767, 0 
1718971198667.00, 2272, -594718, 3 
1718971198687.00, 2140, -594670, 7 
1718971198706.00, -10, -594623, -175 
1718971198727.00, 0, -594613, -168 
1718971198749.00, 0, -594613, -170 
1718971198770.00, 0, -594613, -168 
1718971198790.00, 0, -594614, -166 
1718971198812.00, 0, -594613, -168 
1718971198833.00, -1, -594612, -160 
1718971198854.00, 41, -594613, -161 
1718971198875.00, 0, -594613, -165 
1718971198897.00, 0, -594613, -169 
1718971198917.00, 0, -594613, -165 
1718971198939.00, 0, -594614, -172 
1718971198960.00, 1, -594613, -179 
1718971198981.00, 0, -594614, -181 
1718971199002.00, 0, -594614, -186 
1718971199023.00, 0, -594616, -188 
1718971199044.00, 0, -594614, -190 
1718971199066.00, 0, -594616, -189 
1718971199086.00, 0, -594616, -193 
1718971199108.00, 0, -594616, -189 
1718971199129.00, 0, -594616, -187 
1718971199150.00, 0, -594614, -180 
1718971199171.00, 0, -594614, -176 
1718971199192.00, 0, -594614, -169 
1718971199213.00, 0, -594613, -159 
1718971199234.00, 0, -594614, -166 
1718971199256.00, 0, -594613, -159 
1718971199277.00, 0, -594614, -163 
1718971199298.00, 0, -594613, -163 
1718971199319.00, 0, -594614, -157 
1718971199340.00, 0, -594612, -155 
1718971199361.00, 0, -594616, -164 
1718971199382.00, 0, -594614, -164 
1718971199403.00, 0, -594613, -166 
1718971199425.00, 0, -594614, -167 
1718971199446.00, 0, -594614, -166 
1718971199466.00, 0, -594614, -166 
1718971199488.00, 0, -594613, -166 
1718971199509.00, 0, -594614, -167 
1718971199530.00, 0, -594613, -167 
1718971199551.00, 0, -594614, -166 
1718971199572.00, 0, -594614, -166 
1718971199593.00, 0, -594613, -165 
1718971199615.00, 0, -594613, -163 
1718971199636.00, 0, -594613, -162 
1718971199657.00, 0, -594613, -161 
1718971199677.00, 0, -594613, -160 
1718971199699.00, 0, -594614, -161 
1718971199719.00, 0, -594614, -164 
1718971199740.00, 0, -594614, -165 
1718971199762.00, 0, -594614, -165 
1718971199783.00, 0, -594614, -164 
1718971199804.00, 0, -594613, -162 
1718971199826.00, 0, -594613, -159 
1718971199847.00, 0, -594613, -159 
1718971199867.00, 0, -594613, -160 
1718971199889.00, 0, -594613, -158 
1718971199909.00, 0, -594613, -157 
1718971199931.00, 0, -594614, -156 
1718971199952.00, 0, -594613, -156 
1718971199974.00, 0, -594613, -157 
1718971199994.00, 0, -594613, -156 
1718971200015.00, 0, -594613, -156 
1718971200037.00, 0, -594616, -156 
1718971200058.00, 0, -594613, -157 
1718971200079.00, 0, -594614, -160 
1718971200100.00, 0, -594613, -161 
1718971200121.00, 0, -594614, -161 
1718971200142.00, 0, -594613, -163 
1718971200163.00, 0, -594613, -161 
1718971200184.00, 0, -594613, -159 
1718971200207.00, 0, -594613, -158 
1718971200226.00, 0, -594614, -154 
1718971200248.00, 0, -594613, -151 
1718971200269.00, 0, -594613, -151 
1718971200290.00, 0, -594614, -153 
1718971200311.00, 0, -594614, -151 
1718971200332.00, 0, -594613, -152 
1718971200353.00, 0, -594614, -154 
1718971200375.00, 0, -594613, -156 
1718971200396.00, 0, -594613, -159 
1718971200416.00, 0, -594613, -159 
1718971200438.00, 0, -594612, -159 
1718971200459.00, 0, -594613, -159 
1718971200480.00, 0, -594613, -160 
1718971200502.00, 0, -594613, -161 
1718971200522.00, 0, -594613, -161 
1718971200543.00, 0, -594613, -162 
1718971200564.00, 0, -594614, -163 
1718971200585.00, 0, -594614, -161 
1718971200607.00, 0, -594614, -160 
1718971200628.00, 6, -594612, -158 
1718971200649.00, 0, -594613, -158 
1718971200670.00, 0, -594613, -159 
1718971200691.00, 0, -594614, -159 
1718971200713.00, 0, -594614, -160 
1718971200734.00, 0, -594613, -154 
1718971200755.00, 0, -594613, -161 
1718971200776.00, 0, -594614, -162 
1718971200797.00, 0, -594613, -164 
1718971200818.00, 0, -594614, -165 
1718971200839.00, 0, -594614, -167 
1718971200861.00, 0, -594614, -167 
1718971200881.00, 0, -594613, -159 
1718971200902.00, 0, -594614, -155 
1718971200923.00, 0, -594613, -163 
1718971200944.00, 0, -594613, -172 
1718971200966.00, 0, -594616, -172 
1718971200988.00, 0, -594614, -168 
1718971201008.00, 0, -594614, -169 
1718971201029.00, 0, -594614, -170 
1718971201050.00, 0, -594614, -171 
1718971201071.00, 0, -594614, -176 
1718971201092.00, 0, -594616, -177 
1718971201122.00, 0, -594616, -176 
1718971201135.00, 0, -594614, -172 
1718971201156.00, 0, -594614, -170 
1718971201177.00, 0, -594614, -169 
1718971201198.00, 0, -594614, -170 
1718971201219.00, 0, -594616, -171 
1718971201240.00, 0, -594614, -168 
1718971201261.00, 0, -594614, -164 
1718971201283.00, 0, -594614, -164 
1718971201303.00, 0, -594614, -168 
1718971201325.00, 0, -594614, -171 
1718971201345.00, 0, -594613, -169 
1718971201367.00, 0, -594613, -164 
1718971201388.00, 0, -594613, -160 
1718971201409.00, 0, -594616, -159 
1718971201430.00, 0, -594614, -157 
1718971201452.00, 0, -594613, -157 
1718971201473.00, 0, -594614, -156 
1718971201494.00, 39, -594613, -155 
1718971201515.00, 0, -594612, -152 
1718971201536.00, 0, -594612, -148 
1718971201557.00, 0, -594613, -144 
1718971201578.00, 0, -594614, -144 
