1721133821667.00, 0, -596050, -331 
1721133821689.00, 0, -596051, -329 
1721133821710.00, 0, -596051, -329 
1721133821732.00, 0, -596050, -328 
1721133821752.00, 0, -596050, -330 
1721133821775.00, 0, -596051, -331 
1721133821795.00, 0, -596051, -333 
1721133821816.00, 0, -596051, -335 
1721133821838.00, 0, -596051, -336 
1721133821859.00, 0, -596050, -337 
1721133821881.00, 0, -596051, -337 
1721133821901.00, 0, -596050, -337 
1721133821923.00, 0, -596050, -339 
1721133821944.00, -1, -596050, -339 
1721133821965.00, 0, -596051, -340 
1721133821987.00, 0, -596051, -341 
1721133822008.00, 0, -596051, -342 
1721133822030.00, 0, -596051, -344 
1721133822051.00, 0, -596051, -345 
1721133822072.00, 0, -596050, -334 
1721133822098.00, 0, -596051, -334 
1721133822114.00, 0, -596050, -322 
1721133822136.00, 0, -596050, -336 
1721133822157.00, 0, -596051, -340 
1721133822183.00, 0, -596052, -354 
1721133822205.00, 0, -596051, -337 
1721133822221.00, 0, -596049, -312 
1721133822242.00, 0, -596050, -320 
1721133822264.00, 0, -596051, -317 
1721133822285.00, 0, -596051, -342 
1721133822306.00, -67, -596050, -323 
1721133822328.00, 0, -596053, -360 
1721133822349.00, 0, -596051, -341 
1721133822370.00, 0, -596052, -355 
1721133822392.00, 0, -596052, -337 
1721133822412.00, 0, -596052, -354 
1721133822434.00, 0, -596051, -347 
1721133822455.00, 0, -596052, -350 
1721133822477.00, 0, -596051, -346 
1721133822498.00, 0, -596052, -353 
1721133822518.00, 0, -596051, -349 
1721133822540.00, 0, -596053, -356 
1721133822562.00, 0, -596052, -349 
1721133822583.00, 0, -596052, -347 
1721133822604.00, 0, -596052, -350 
1721133822625.00, 0, -596053, -354 
1721133822647.00, 0, -596052, -349 
1721133822668.00, 0, -596052, -343 
1721133822690.00, 0, -596051, -334 
1721133822710.00, 0, -596052, -327 
1721133822732.00, 0, -596052, -330 
1721133822753.00, 0, -596052, -343 
1721133822774.00, 0, -596052, -346 
1721133822796.00, 0, -596052, -348 
1721133822817.00, 0, -596053, -352 
1721133822838.00, 0, -596053, -351 
1721133822860.00, -4, -596052, -350 
1721133822880.00, 0, -596052, -350 
1721133822902.00, 0, -596053, -354 
1721133822924.00, -39, -596053, -355 
1721133822945.00, 0, -596053, -355 
1721133822972.00, 0, -596053, -356 
1721133822987.00, 0, -596052, -360 
1721133823009.00, 0, -596053, -362 
1721133823030.00, 0, -596052, -360 
1721133823051.00, -24, -596053, -355 
1721133823073.00, 10, -596053, -358 
1721133823094.00, 66, -596053, -357 
1721133823116.00, 0, -596053, -351 
1721133823137.00, 0, -596052, -342 
1721133823159.00, 0, -596052, -339 
1721133823180.00, 0, -596053, -341 
1721133823201.00, 0, -596052, -339 
1721133823222.00, 0, -596052, -328 
1721133823243.00, 0, -596051, -315 
1721133823265.00, 0, -596052, -306 
1721133823286.00, 0, -596052, -313 
1721133823307.00, 0, -596052, -309 
1721133823328.00, 0, -596051, -305 
1721133823350.00, 0, -596051, -301 
1721133823371.00, 0, -596051, -308 
1721133823392.00, 0, -596052, -317 
1721133823413.00, 2, -596052, -324 
1721133823435.00, -61, -596052, -325 
1721133823457.00, -6, -596052, -328 
1721133823478.00, 0, -596053, -334 
1721133823499.00, 65, -596052, -336 
1721133823520.00, 0, -596053, -338 
1721133823542.00, 3, -596052, -336 
1721133823563.00, 0, -596053, -335 
1721133823585.00, 0, -596053, -336 
1721133823606.00, 0, -596054, -330 
1721133823627.00, 0, -596053, -327 
1721133823650.00, 0, -596053, -325 
1721133823670.00, 0, -596053, -323 
1721133823691.00, 0, -596052, -323 
1721133823712.00, 0, -596052, -322 
1721133823734.00, 0, -596052, -319 
1721133823755.00, 0, -596052, -321 
1721133823776.00, 0, -596053, -323 
1721133823797.00, 0, -596052, -326 
1721133823818.00, 0, -596053, -327 
1721133823844.00, 0, -596053, -328 
1721133823861.00, 0, -596053, -331 
1721133823882.00, 0, -596052, -331 
1721133823903.00, 0, -596053, -326 
1721133823925.00, 0, -596052, -326 
1721133823947.00, 0, -596053, -329 
1721133823968.00, -37, -596052, -332 
1721133823988.00, 0, -596053, -327 
1721133824010.00, 0, -596053, -325 
1721133824031.00, 0, -596052, -326 
1721133824052.00, 0, -596053, -328 
1721133824074.00, 0, -596052, -330 
1721133824095.00, 0, -596053, -336 
1721133824117.00, 0, -596053, -337 
1721133824137.00, 0, -596053, -342 
1721133824159.00, 0, -596052, -343 
1721133824180.00, 0, -596052, -335 
1721133824202.00, 0, -596053, -332 
1721133824223.00, 0, -596053, -328 
1721133824244.00, 0, -596053, -328 
1721133824266.00, 0, -596053, -328 
1721133824289.00, 0, -596052, -326 
1721133824308.00, 0, -596053, -324 
1721133824330.00, 0, -596052, -325 
1721133824351.00, 0, -596052, -327 
1721133824372.00, 0, -596053, -330 
1721133824397.00, 0, -596053, -331 
1721133824415.00, 0, -596053, -332 
1721133824436.00, 0, -596053, -334 
1721133824457.00, 0, -596052, -333 
1721133824479.00, 0, -596053, -330 
1721133824500.00, 0, -596053, -328 
1721133824521.00, 0, -596052, -328 
1721133824543.00, 0, -596053, -331 
1721133824565.00, 0, -596052, -331 
1721133824585.00, 0, -596052, -330 
1721133824606.00, 0, -596052, -331 
1721133824628.00, 0, -596053, -333 
1721133824649.00, 0, -596053, -338 
1721133824670.00, 28, -596053, -342 
1721133824691.00, 0, -596054, -343 
1721133824713.00, 0, -596053, -342 
1721133824734.00, 0, -596053, -338 
1721133824756.00, -41, -596053, -337 
1721133824777.00, 0, -596053, -336 
1721133824799.00, 0, -596053, -336 
1721133824819.00, 0, -596053, -339 
1721133824841.00, 0, -596052, -338 
1721133824863.00, 0, -596053, -336 
1721133824884.00, 0, -596052, -339 
1721133824905.00, 0, -596053, -343 
1721133824926.00, 0, -596053, -345 
1721133824948.00, 0, -596054, -347 
1721133824969.00, 0, -596053, -348 
1721133824991.00, 0, -596053, -348 
1721133825011.00, 0, -596053, -347 
1721133825033.00, 0, -596054, -349 
1721133825054.00, 0, -596053, -349 
1721133825075.00, 0, -596053, -348 
1721133825096.00, 0, -596054, -350 
1721133825117.00, 0, -596054, -352 
1721133825140.00, 0, -596053, -350 
1721133825163.00, 0, -596053, -352 
1721133825182.00, 0, -596054, -354 
1721133825203.00, 0, -596054, -356 
1721133825224.00, 0, -596053, -355 
1721133825245.00, 0, -596054, -355 
1721133825267.00, 0, -596053, -357 
1721133825288.00, 0, -596053, -359 
1721133825309.00, 0, -596054, -357 
1721133825330.00, 0, -596054, -359 
1721133825352.00, 0, -596054, -357 
1721133825377.00, 0, -596054, -352 
1721133825395.00, 0, -596053, -352 
1721133825416.00, 0, -596054, -348 
1721133825438.00, 11, -596054, -345 
1721133825459.00, 0, -596053, -340 
1721133825482.00, 0, -596054, -341 
1721133825501.00, 29, -596053, -341 
1721133825523.00, 0, -596056, -342 
1721133825544.00, 0, -596054, -347 
1721133825565.00, 0, -596054, -344 
1721133825587.00, 0, -596053, -343 
1721133825607.00, -1, -596053, -342 
1721133825629.00, -2, -596053, -341 
1721133825651.00, 0, -596053, -342 
1721133825672.00, -26, -596054, -351 
1721133825693.00, 0, -596053, -347 
1721133825714.00, 0, -596054, -351 
1721133825735.00, 0, -596054, -355 
1721133825757.00, 11, -596054, -359 
1721133825779.00, 1, -596054, -362 
1721133825800.00, 0, -596053, -363 
1721133825824.00, 0, -596054, -363 
1721133825842.00, 0, -596053, -364 
1721133825864.00, 0, -596053, -362 
1721133825885.00, 0, -596054, -358 
1721133825907.00, 0, -596053, -358 
1721133825931.00, 0, -596054, -362 
1721133825949.00, 0, -596056, -360 
1721133825970.00, 0, -596054, -354 
1721133825991.00, 1, -596054, -351 
1721133826013.00, 0, -596056, -349 
1721133826034.00, 0, -596054, -356 
1721133826055.00, 0, -596056, -363 
1721133826077.00, 0, -596054, -362 
1721133826098.00, 0, -596054, -356 
1721133826119.00, 0, -596054, -343 
1721133826141.00, 0, -596053, -300 
1721133826162.00, -5, -596050, -253 
1721133826183.00, 18, -596046, -188 
1721133826205.00, 24, -596043, -112 
1721133826226.00, 51, -596040, -52 
1721133826252.00, 17, -596035, -20 
1721133826269.00, 0, -596034, 8 
1721133826290.00, 0, -596035, 2 
1721133826310.00, 0, -596033, 15 
1721133826332.00, 610, -596033, 22 
1721133826353.00, 1717, -596027, 35 
1721133826375.00, 3347, -595992, 51 
1721133826397.00, 5292, -595921, 75 
1721133826418.00, 7862, -595810, 116 
1721133826440.00, 12011, -595641, 183 
1721133826461.00, 18150, -595379, 227 
1721133826483.00, 24482, -594985, 278 
1721133826505.00, 31343, -594450, 359 
1721133826525.00, 40350, -593771, 419 
1721133826548.00, 49349, -592918, 385 
1721133826570.00, 52628, -591843, 608 
1721133826591.00, 67820, -590692, 630 
1721133826612.00, 78122, -589230, 676 
1721133826634.00, 86985, -587529, 712 
1721133826656.00, 94508, -585636, 780 
1721133826677.00, 102891, -583575, 859 
1721133826702.00, 112126, -581323, 885 
1721133826721.00, 117747, -578883, 908 
1721133826743.00, 119843, -576309, 968 
1721133826763.00, 119464, -573701, 1045 
1721133826785.00, 119397, -571090, 1078 
1721133826807.00, 119418, -568489, 1099 
1721133826829.00, 119379, -565879, 1158 
1721133826851.00, 119265, -563264, 1194 
1721133826872.00, 119396, -560645, 1207 
1721133826894.00, 119423, -558048, 1228 
1721133826916.00, 119547, -555442, 1257 
1721133826938.00, 119474, -552831, 1286 
1721133826960.00, 119223, -550216, 1301 
1721133826982.00, 119351, -547610, 1332 
1721133827004.00, 119452, -544999, 1363 
1721133827024.00, 119420, -542393, 1382 
1721133827047.00, 119307, -539779, 1415 
1721133827069.00, 119403, -537167, 1443 
1721133827091.00, 119459, -534558, 1464 
1721133827113.00, 119300, -531940, 1491 
1721133827137.00, 119383, -529342, 1515 
1721133827156.00, 119386, -526734, 1543 
1721133827178.00, 119632, -524117, 1576 
1721133827200.00, 119542, -521509, 1606 
1721133827222.00, 119341, -518902, 1646 
1721133827244.00, 119283, -516285, 1681 
1721133827265.00, 119468, -513679, 1711 
1721133827286.00, 119664, -511065, 1737 
1721133827308.00, 119580, -508450, 1768 
1721133827331.00, 119327, -505852, 1812 
1721133827358.00, 119202, -503237, 1850 
1721133827374.00, 119467, -500617, 1885 
1721133827396.00, 119561, -498019, 1906 
1721133827418.00, 119314, -495399, 1943 
1721133827440.00, 119395, -492797, 1961 
1721133827462.00, 119390, -490193, 1981 
1721133827483.00, 119395, -487574, 1983 
1721133827505.00, 119403, -484963, 1992 
1721133827527.00, 119365, -482357, 2016 
1721133827549.00, 119363, -479748, 2009 
1721133827571.00, 119408, -477143, 2022 
1721133827592.00, 119370, -474532, 1999 
1721133827614.00, 119309, -471925, 1984 
1721133827636.00, 119294, -469316, 1970 
1721133827658.00, 119508, -466713, 1963 
1721133827679.00, 119342, -464101, 1965 
1721133827701.00, 119230, -461485, 1938 
1721133827723.00, 119122, -458882, 1922 
1721133827745.00, 119310, -456280, 1911 
1721133827767.00, 119417, -453674, 1866 
1721133827790.00, 119347, -451074, 1844 
1721133827811.00, 119225, -448468, 1803 
1721133827832.00, 119144, -445854, 1769 
1721133827855.00, 119158, -443254, 1728 
1721133827876.00, 119302, -440659, 1688 
1721133827898.00, 119276, -438053, 1641 
1721133827919.00, 119148, -435442, 1587 
1721133827941.00, 119045, -432844, 1531 
1721133827963.00, 118933, -430238, 1461 
1721133827986.00, 66851, -427677, 1338 
1721133828008.00, 36377, -426212, 1327 
1721133828030.00, 18239, -425415, 1192 
1721133828051.00, 7653, -425008, 1135 
1721133828072.00, 1162, -424839, 1032 
1721133828094.00, -2169, -424822, 696 
1721133828116.00, -4290, -424872, 386 
1721133828138.00, -5172, -424969, 180 
1721133828159.00, -5699, -425104, -15 
1721133828180.00, -7246, -425240, -209 
1721133828202.00, -19349, -425396, -313 
1721133828224.00, -32743, -425812, -530 
1721133828245.00, -53682, -426505, -595 
1721133828267.00, -69872, -427665, -643 
1721133828288.00, -82403, -429187, -757 
1721133828310.00, -96702, -430976, -794 
1721133828334.00, -107298, -433063, -825 
1721133828354.00, -115117, -435427, -868 
1721133828375.00, -119746, -437938, -881 
1721133828397.00, -119460, -440532, -887 
1721133828419.00, -119388, -443138, -901 
1721133828444.00, -119434, -445734, -924 
1721133828462.00, -119450, -448343, -959 
1721133828484.00, -119233, -450939, -965 
1721133828506.00, -119414, -453538, -941 
1721133828526.00, -119254, -456131, -1081 
1721133828548.00, -119442, -458743, -1036 
1721133828570.00, -119459, -461360, -1080 
1721133828591.00, -119357, -463965, -1111 
1721133828613.00, -119458, -466564, -1116 
1721133828635.00, -119316, -469177, -1124 
1721133828664.00, -119366, -471788, -1124 
1721133828679.00, -119368, -474390, -1141 
1721133828700.00, -119338, -477010, -1119 
1721133828722.00, -119423, -479606, -1115 
1721133828744.00, -119390, -482205, -1160 
1721133828765.00, -119270, -484833, -1156 
1721133828788.00, -119245, -487434, -1110 
1721133828809.00, -119215, -490033, -1114 
1721133828832.00, -119411, -492649, -1163 
1721133828854.00, -119358, -495252, -1198 
1721133828878.00, -119362, -497853, -1148 
1721133828896.00, -119127, -500484, -1158 
1721133828918.00, -119284, -503089, -1208 
1721133828940.00, -119411, -505684, -1210 
1721133828962.00, -119591, -508287, -1140 
1721133828984.00, -119295, -510907, -1200 
1721133829006.00, -119025, -513509, -1177 
1721133829027.00, -119197, -516121, -1130 
1721133829050.00, -119487, -518720, -1094 
1721133829071.00, -119406, -521318, -1159 
1721133829095.00, -119304, -523940, -1132 
1721133829115.00, -119513, -526543, -1101 
1721133829137.00, -119539, -529146, -1143 
1721133829158.00, -119339, -531748, -1161 
1721133829180.00, -119408, -534363, -1137 
1721133829203.00, -119363, -536982, -1159 
1721133829225.00, -119495, -539592, -1202 
1721133829246.00, -119509, -542208, -1204 
1721133829267.00, -119326, -544800, -1191 
1721133829290.00, -119307, -547405, -1237 
1721133829315.00, -119242, -550028, -1247 
1721133829333.00, -119413, -552635, -1200 
1721133829355.00, -119543, -555227, -1181 
1721133829377.00, -119364, -557836, -1201 
1721133829398.00, -119390, -560444, -1179 
1721133829421.00, -119323, -563043, -1146 
1721133829442.00, -119240, -565669, -1138 
1721133829464.00, -119289, -568262, -1107 
1721133829486.00, -119333, -570860, -1073 
1721133829507.00, -119327, -573462, -1085 
1721133829533.00, -119421, -576075, -1071 
1721133829551.00, -119300, -578673, -1046 
1721133829573.00, -119341, -581278, -1045 
1721133829595.00, -119243, -583885, -1023 
1721133829618.00, -119209, -586487, -990 
1721133829640.00, -119179, -589087, -955 
1721133829661.00, -119137, -591676, -883 
1721133829683.00, -119211, -594253, -781 
1721133829705.00, -67033, -596819, -733 
1721133829726.00, -35740, -598293, -730 
1721133829749.00, -17786, -599092, -628 
1721133829770.00, -7192, -599498, -647 
1721133829791.00, -1154, -599670, -650 
1721133829813.00, 1739, -599699, -525 
1721133829834.00, 3978, -599666, -345 
1721133829859.00, 5144, -599572, -128 
1721133829878.00, 5626, -599448, 40 
1721133829899.00, 8270, -599322, 125 
1721133829921.00, 14771, -599132, 276 
1721133829942.00, 27689, -598811, 386 
1721133829968.00, 42520, -598221, 422 
1721133829986.00, 53017, -597305, 625 
1721133830007.00, 71150, -596166, 677 
1721133830029.00, 85154, -594618, 691 
1721133830050.00, 94226, -592767, 748 
1721133830073.00, 102740, -590712, 885 
1721133830094.00, 114138, -588473, 912 
1721133830116.00, 119861, -585979, 913 
1721133830137.00, 119528, -583365, 988 
1721133830158.00, 119402, -580758, 1052 
1721133830180.00, 119309, -578159, 1050 
1721133830214.00, 119536, -575549, 1084 
1721133830231.00, 119531, -572934, 1147 
1721133830245.00, 119459, -570325, 1163 
1721133830267.00, 119402, -567717, 1190 
1721133830301.00, 119320, -565105, 1236 
1721133830313.00, 119358, -562505, 1279 
1721133830332.00, 119265, -559887, 1292 
1721133830354.00, 119589, -557280, 1311 
1721133830375.00, 119378, -554670, 1359 
1721133830398.00, 119218, -552066, 1394 
1721133830420.00, 119402, -549457, 1397 
1721133830441.00, 119447, -546839, 1448 
1721133830463.00, 119583, -544227, 1474 
1721133830485.00, 119526, -541612, 1498 
1721133830507.00, 119191, -539022, 1533 
1721133830528.00, 119387, -536402, 1555 
1721133830550.00, 119814, -533787, 1569 
1721133830572.00, 119257, -531179, 1593 
1721133830594.00, 119478, -528572, 1626 
1721133830616.00, 119314, -525963, 1643 
1721133830638.00, 119512, -523358, 1655 
1721133830659.00, 119650, -520743, 1666 
1721133830681.00, 119295, -518130, 1690 
1721133830703.00, 119195, -515522, 1700 
1721133830724.00, 119391, -512920, 1711 
1721133830747.00, 119458, -510310, 1730 
1721133830768.00, 119449, -507695, 1757 
1721133830790.00, 119207, -505085, 1777 
1721133830812.00, 119262, -502470, 1810 
1721133830834.00, 119457, -499873, 1821 
1721133830856.00, 119411, -497259, 1838 
1721133830877.00, 119461, -494647, 1839 
1721133830899.00, 119606, -492038, 1857 
1721133830921.00, 119468, -489431, 1879 
1721133830943.00, 119526, -486826, 1902 
1721133830965.00, 119309, -484209, 1895 
1721133830986.00, 119209, -481594, 1920 
1721133831008.00, 119311, -478994, 1933 
1721133831030.00, 119493, -476387, 1946 
1721133831051.00, 119464, -473786, 1947 
1721133831074.00, 119375, -471176, 1932 
1721133831096.00, 119293, -468562, 1908 
1721133831117.00, 119078, -465956, 1911 
1721133831139.00, 119223, -463349, 1903 
1721133831161.00, 119295, -460756, 1880 
1721133831182.00, 119346, -458140, 1866 
1721133831205.00, 119177, -455534, 1850 
1721133831226.00, 119175, -452935, 1823 
1721133831249.00, 119340, -450318, 1807 
1721133831270.00, 119275, -447728, 1774 
1721133831292.00, 119188, -445115, 1737 
1721133831314.00, 119065, -442510, 1700 
1721133831336.00, 119313, -439913, 1654 
1721133831357.00, 119328, -437307, 1595 
1721133831379.00, 119225, -434708, 1546 
1721133831401.00, 119111, -432100, 1447 
1721133831424.00, 66920, -429523, 1359 
1721133831445.00, 36040, -428064, 1411 
1721133831467.00, 17922, -427265, 1227 
1721133831489.00, 7227, -426848, 1303 
1721133831511.00, 924, -426683, 1122 
1721133831532.00, -2303, -426667, 830 
1721133831553.00, -4357, -426718, 477 
1721133831575.00, -5493, -426820, 216 
1721133831596.00, -6002, -426954, 30 
1721133831617.00, -5919, -427098, -160 
1721133831640.00, -15460, -427235, -219 
1721133831662.00, -24944, -427581, -476 
1721133831682.00, -45801, -428129, -645 
1721133831705.00, -68286, -429099, -684 
1721133831726.00, -83916, -430577, -772 
1721133831748.00, -98449, -432404, -849 
1721133831770.00, -111706, -434553, -852 
1721133831791.00, -119486, -436988, -882 
1721133831813.00, -119584, -439583, -924 
1721133831835.00, -119199, -442195, -970 
1721133831857.00, -119354, -444802, -971 
1721133831877.00, -119392, -447389, -1001 
1721133831899.00, -119645, -449991, -976 
1721133831920.00, -119318, -452609, -1101 
1721133831942.00, -119317, -455215, -1059 
1721133831964.00, -119422, -457825, -1081 
1721133831985.00, -119480, -460441, -1110 
1721133832007.00, -119412, -463032, -1141 
1721133832029.00, -119324, -465640, -1159 
1721133832058.00, -119487, -468272, -1163 
1721133832073.00, -119398, -470881, -1177 
1721133832095.00, -119368, -473468, -1154 
1721133832116.00, -119440, -476082, -1125 
1721133832138.00, -119249, -478690, -1144 
1721133832166.00, -119297, -481296, -1107 
1721133832182.00, -119279, -483914, -1055 
1721133832204.00, -119417, -486510, -1015 
1721133832225.00, -119491, -489104, -1020 
1721133832248.00, -119340, -491727, -1049 
1721133832269.00, -119466, -494336, -1073 
1721133832291.00, -119292, -496946, -1076 
1721133832313.00, -119535, -499557, -1083 
1721133832334.00, -119478, -502154, -1123 
1721133832357.00, -119531, -504762, -1139 
1721133832378.00, -119307, -507382, -1132 
1721133832400.00, -119343, -509999, -1142 
1721133832422.00, -119356, -512595, -1120 
1721133832443.00, -119281, -515196, -1123 
1721133832465.00, -119295, -517809, -1083 
1721133832488.00, -119525, -520409, -984 
1721133832509.00, -119369, -523014, -1077 
1721133832531.00, -119356, -525622, -1107 
1721133832553.00, -119366, -528220, -1144 
1721133832575.00, -119328, -530824, -1163 
1721133832597.00, -119496, -533453, -1197 
1721133832618.00, -119035, -536065, -1183 
1721133832640.00, -119170, -538656, -1128 
1721133832662.00, -119267, -541264, -1143 
1721133832684.00, -119141, -543876, -1128 
1721133832708.00, -119357, -546466, -1087 
1721133832727.00, -119234, -549084, -1083 
1721133832749.00, -119415, -551688, -1108 
1721133832771.00, -119473, -554286, -1124 
1721133832793.00, -119360, -556900, -1132 
1721133832815.00, -119297, -559515, -1134 
1721133832837.00, -119354, -562118, -1126 
1721133832858.00, -119379, -564718, -1119 
1721133832880.00, -119536, -567328, -1113 
1721133832902.00, -119393, -569936, -1081 
1721133832925.00, -119166, -572547, -1069 
1721133832946.00, -119200, -575161, -1031 
1721133832967.00, -119216, -577752, -1014 
1721133832990.00, -119371, -580345, -995 
1721133833012.00, -119391, -582951, -999 
1721133833038.00, -119009, -585553, -974 
1721133833055.00, -119101, -588132, -923 
1721133833077.00, -119201, -590721, -866 
1721133833099.00, -119296, -593305, -812 
1721133833121.00, -66740, -595870, -713 
1721133833142.00, -35826, -597331, -651 
1721133833164.00, -17797, -598130, -530 
1721133833185.00, -7134, -598545, -547 
1721133833207.00, -1117, -598715, -518 
1721133833229.00, 1710, -598740, -399 
1721133833253.00, 3719, -598706, -225 
1721133833271.00, 4753, -598616, -38 
1721133833293.00, 5437, -598509, 27 
1721133833315.00, 7555, -598383, 113 
1721133833336.00, 13741, -598210, 233 
1721133833361.00, 24399, -597906, 342 
1721133833380.00, 37239, -597379, 400 
1721133833401.00, 48510, -596577, 504 
1721133833423.00, 61407, -595536, 610 
1721133833445.00, 75340, -594197, 621 
1721133833466.00, 84220, -592563, 681 
1721133833488.00, 92945, -590733, 752 
1721133833510.00, 102370, -588719, 854 
1721133833531.00, 113840, -586472, 883 
1721133833553.00, 119884, -583992, 911 
1721133833574.00, 119724, -581377, 978 
1721133833595.00, 119505, -578776, 1070 
1721133833617.00, 119256, -576156, 1094 
1721133833639.00, 119479, -573543, 1126 
1721133833661.00, 119461, -570937, 1188 
1721133833683.00, 119505, -568328, 1223 
1721133833704.00, 119350, -565718, 1245 
1721133833726.00, 119419, -563109, 1275 
1721133833748.00, 119397, -560496, 1303 
1721133833770.00, 119428, -557881, 1337 
1721133833799.00, 119362, -555288, 1395 
1721133833813.00, 119262, -552674, 1420 
1721133833835.00, 119694, -550057, 1422 
1721133833857.00, 119537, -547448, 1462 
1721133833879.00, 119435, -544841, 1496 
1721133833902.00, 119348, -542231, 1512 
1721133833922.00, 119517, -539635, 1537 
1721133833944.00, 119628, -537021, 1547 
1721133833966.00, 119558, -534402, 1566 
1721133833988.00, 119241, -531791, 1601 
1721133834009.00, 119258, -529183, 1607 
1721133834032.00, 119545, -526585, 1635 
1721133834053.00, 119588, -523965, 1645 
1721133834075.00, 119386, -521352, 1667 
1721133834097.00, 119376, -518754, 1692 
1721133834119.00, 119315, -516132, 1718 
1721133834140.00, 119496, -513533, 1722 
1721133834162.00, 119457, -510913, 1731 
1721133834184.00, 119291, -508300, 1747 
1721133834206.00, 119263, -505695, 1790 
1721133834228.00, 119553, -503087, 1832 
1721133834250.00, 119435, -500476, 1846 
1721133834271.00, 119405, -497860, 1849 
1721133834293.00, 119351, -495255, 1888 
1721133834315.00, 119502, -492641, 1910 
1721133834337.00, 119424, -490038, 1915 
1721133834359.00, 119290, -487430, 1928 
1721133834380.00, 119327, -484809, 1939 
1721133834402.00, 119522, -482205, 1952 
1721133834423.00, 119571, -479593, 1944 
1721133834447.00, 119431, -476991, 1945 
1721133834468.00, 119316, -474378, 1963 
1721133834490.00, 119329, -471766, 1985 
1721133834511.00, 119305, -469164, 1984 
1721133834533.00, 119526, -466546, 1981 
1721133834555.00, 119348, -463941, 1981 
1721133834577.00, 119152, -461334, 1971 
1721133834599.00, 119251, -458716, 1943 
1721133834621.00, 119437, -456124, 1930 
1721133834642.00, 119625, -453508, 1935 
1721133834664.00, 119283, -450904, 1903 
1721133834685.00, 119070, -448301, 1851 
1721133834707.00, 119150, -445691, 1803 
1721133834730.00, 119539, -443090, 1752 
1721133834751.00, 119341, -440496, 1697 
1721133834772.00, 119431, -437882, 1657 
1721133834794.00, 119115, -435281, 1595 
1721133834816.00, 119268, -432678, 1550 
1721133834839.00, 119551, -430069, 1471 
1721133834861.00, 71484, -427493, 1364 
1721133834883.00, 43013, -425929, 1325 
1721133834905.00, 26291, -425004, 1089 
1721133834927.00, 16529, -424410, 1125 
1721133834948.00, 10330, -424053, 979 
1721133834970.00, 6628, -423830, 737 
1721133834991.00, 4678, -423699, 387 
1721133835012.00, 3425, -423620, 130 
1721133835035.00, 2690, -423555, -43 
1721133835056.00, -72, -423507, -219 
1721133835078.00, -12249, -423517, -402 
1721133835099.00, -30474, -423774, -644 
1721133835121.00, -56277, -424414, -633 
1721133835142.00, -71072, -425621, -767 
1721133835164.00, -87660, -427168, -844 
1721133835185.00, -102034, -429075, -871 
1721133835208.00, -111119, -431299, -908 
1721133835229.00, -116434, -433723, -936 
1721133835251.00, -119570, -436265, -972 
1721133835271.00, -119264, -438869, -1000 
1721133835293.00, -119449, -441480, -1019 
1721133835315.00, -119371, -444096, -1035 
1721133835337.00, -119543, -446693, -1020 
1721133835359.00, -119252, -449294, -1132 
1721133835381.00, -119318, -451920, -1090 
1721133835402.00, -119379, -454532, -1095 
1721133835424.00, -119679, -457121, -1107 
1721133835446.00, -119453, -459741, -1131 
1721133835467.00, -119306, -462343, -1143 
1721133835490.00, -119378, -464954, -1152 
1721133835511.00, -119458, -467575, -1159 
1721133835533.00, -119673, -470187, -1202 
1721133835554.00, -119470, -472783, -1206 
1721133835577.00, -119228, -475391, -1184 
1721133835599.00, -119355, -478005, -1180 
1721133835620.00, -119476, -480616, -1196 
1721133835642.00, -119562, -483219, -1196 
1721133835663.00, -119368, -485832, -1235 
1721133835686.00, -119200, -488437, -1225 
1721133835707.00, -119390, -491055, -1200 
1721133835730.00, -119390, -493673, -1220 
1721133835751.00, -119412, -496265, -1237 
1721133835773.00, -119513, -498865, -1209 
1721133835795.00, -119343, -501485, -1236 
1721133835816.00, -119430, -504107, -1280 
1721133835838.00, -119238, -506710, -1279 
1721133835860.00, -119300, -509316, -1263 
1721133835882.00, -119277, -511918, -1325 
1721133835904.00, -119180, -514514, -1349 
1721133835926.00, -119313, -517146, -1281 
1721133835947.00, -119389, -519754, -1324 
1721133835970.00, -119394, -522342, -1338 
1721133835991.00, -119410, -524954, -1328 
1721133836013.00, -119398, -527565, -1310 
1721133836035.00, -119302, -530169, -1327 
1721133836057.00, -119271, -532787, -1306 
1721133836079.00, -119113, -535395, -1284 
1721133836100.00, -119145, -537995, -1311 
1721133836122.00, -119231, -540600, -1297 
1721133836144.00, -119343, -543210, -1245 
1721133836166.00, -119073, -545811, -1250 
1721133836188.00, -119077, -548410, -1228 
1721133836209.00, -119256, -551010, -1206 
1721133836231.00, -119428, -553619, -1211 
1721133836255.00, -119304, -556228, -1191 
1721133836275.00, -119061, -558843, -1160 
1721133836297.00, -119225, -561439, -1178 
1721133836322.00, -119349, -564034, -1188 
1721133836341.00, -119482, -566646, -1143 
1721133836362.00, -119354, -569263, -1122 
1721133836384.00, -119232, -571858, -1121 
1721133836406.00, -119322, -574472, -1105 
1721133836427.00, -119531, -577065, -1077 
1721133836449.00, -119434, -579665, -1070 
1721133836471.00, -119302, -582294, -1069 
1721133836493.00, -119459, -584902, -1051 
1721133836515.00, -119512, -587499, -1026 
1721133836535.00, -119268, -590105, -1000 
1721133836560.00, -119247, -592709, -947 
1721133836581.00, -119145, -595290, -856 
1721133836603.00, -66918, -597861, -740 
1721133836625.00, -35957, -599325, -735 
1721133836645.00, -17993, -600114, -586 
1721133836668.00, -7524, -600525, -570 
1721133836689.00, -1397, -600698, -552 
1721133836711.00, 1474, -600730, -414 
1721133836733.00, 3738, -600702, -242 
1721133836757.00, 4923, -600608, 10 
1721133836776.00, 12, -600480, 181 
1721133836796.00, 13152, -600451, 391 
1721133836819.00, 34213, -600177, 401 
1721133836840.00, 47195, -599447, 614 
1721133836867.00, 67474, -598442, 637 
1721133836884.00, 80857, -596972, 666 
1721133836905.00, 90710, -595225, 719 
1721133836926.00, 99282, -593240, 813 
1721133836949.00, 109884, -591082, 863 
1721133836972.00, 118586, -588701, 870 
1721133836991.00, 119548, -586097, 900 
1721133837014.00, 119321, -583496, 960 
1721133837035.00, 119492, -580890, 994 
1721133837056.00, 119391, -578303, 1003 
1721133837081.00, 119448, -575695, 1023 
1721133837099.00, 119362, -573078, 1066 
1721133837121.00, 119413, -570468, 1099 
1721133837143.00, 119361, -567856, 1122 
1721133837164.00, 119602, -565249, 1154 
1721133837188.00, 119373, -562636, 1234 
1721133837209.00, 119511, -560025, 1281 
1721133837231.00, 119471, -557411, 1277 
1721133837252.00, 119536, -554804, 1320 
1721133837275.00, 119376, -552203, 1349 
1721133837296.00, 119337, -549588, 1363 
1721133837318.00, 119313, -546989, 1357 
1721133837339.00, 119406, -544370, 1374 
1721133837361.00, 119371, -541765, 1398 
1721133837383.00, 119262, -539167, 1411 
1721133837407.00, 119158, -536557, 1423 
1721133837427.00, 119215, -533943, 1442 
1721133837449.00, 119576, -531328, 1467 
1721133837471.00, 119405, -528729, 1488 
1721133837492.00, 119229, -526128, 1506 
1721133837514.00, 119262, -523513, 1513 
1721133837536.00, 119391, -520900, 1535 
1721133837557.00, 119578, -518297, 1549 
1721133837580.00, 119491, -515677, 1589 
1721133837602.00, 119234, -513083, 1612 
1721133837625.00, 119275, -510465, 1626 
1721133837645.00, 119568, -507854, 1636 
1721133837666.00, 119316, -505244, 1658 
1721133837688.00, 119410, -502638, 1687 
1721133837710.00, 119309, -500027, 1711 
1721133837736.00, 119505, -497417, 1725 
1721133837753.00, 119561, -494803, 1741 
1721133837776.00, 119453, -492190, 1776 
1721133837798.00, 119219, -489594, 1798 
1721133837820.00, 119241, -486982, 1792 
1721133837842.00, 119358, -484367, 1802 
1721133837863.00, 119485, -481758, 1808 
1721133837885.00, 119318, -479152, 1811 
1721133837907.00, 119220, -476539, 1823 
1721133837929.00, 119293, -473944, 1804 
1721133837955.00, 119307, -471334, 1813 
1721133837972.00, 119327, -468721, 1807 
1721133837994.00, 119560, -466111, 1838 
1721133838016.00, 119422, -463497, 1841 
1721133838037.00, 119413, -460903, 1831 
1721133838060.00, 119269, -458283, 1799 
1721133838082.00, 119156, -455681, 1771 
1721133838103.00, 119126, -453076, 1757 
1721133838124.00, 119240, -450468, 1731 
1721133838147.00, 119347, -447875, 1699 
1721133838172.00, 119381, -445260, 1675 
1721133838190.00, 119184, -442659, 1665 
1721133838212.00, 119128, -440056, 1622 
1721133838234.00, 119265, -437452, 1584 
1721133838256.00, 119391, -434852, 1559 
1721133838280.00, 119294, -432247, 1507 
1721133838300.00, 67178, -429661, 1450 
1721133838322.00, 36297, -428196, 1487 
1721133838344.00, 18040, -427395, 1395 
1721133838366.00, 7568, -426974, 1507 
1721133838388.00, 1123, -426803, 1417 
1721133838409.00, -1963, -426779, 1200 
1721133838430.00, -4745, -426819, 842 
1721133838452.00, -5955, -426930, 423 
1721133838472.00, -6682, -427074, 117 
1721133838495.00, -6427, -427242, -141 
1721133838516.00, -15095, -427390, -248 
1721133838537.00, -26340, -427725, -497 
1721133838560.00, -47986, -428304, -731 
1721133838580.00, -74820, -429314, -753 
1721133838602.00, -92173, -430938, -845 
1721133838625.00, -107701, -432932, -922 
1721133838646.00, -117391, -435305, -911 
1721133838668.00, -119673, -437863, -947 
1721133838689.00, -119533, -440452, -976 
1721133838711.00, -119460, -443062, -979 
1721133838733.00, -119278, -445657, -996 
1721133838755.00, -119497, -448256, -998 
1721133838775.00, -119475, -450858, -1095 
1721133838797.00, -119506, -453465, -1054 
1721133838819.00, -119480, -456067, -1096 
1721133838841.00, -119352, -458683, -1127 
1721133838864.00, -119261, -461305, -1134 
1721133838884.00, -119530, -463895, -1118 
1721133838906.00, -119447, -466499, -1165 
1721133838928.00, -119318, -469119, -1202 
1721133838954.00, -119460, -471728, -1177 
1721133838972.00, -119390, -474342, -1151 
1721133838994.00, -119452, -476950, -1200 
1721133839015.00, -119596, -479554, -1238 
1721133839037.00, -119353, -482154, -1235 
1721133839058.00, -119341, -484780, -1226 
1721133839081.00, -119307, -487389, -1265 
1721133839103.00, -119198, -489986, -1240 
1721133839124.00, -119355, -492605, -1225 
1721133839146.00, -119361, -495198, -1275 
1721133839168.00, -119299, -497804, -1252 
1721133839190.00, -119170, -500428, -1195 
1721133839212.00, -119285, -503033, -1248 
1721133839233.00, -119407, -505628, -1277 
1721133839255.00, -119535, -508243, -1245 
1721133839277.00, -119355, -510853, -1267 
1721133839299.00, -119036, -513465, -1290 
1721133839320.00, -119212, -516069, -1292 
1721133839343.00, -119511, -518674, -1283 
1721133839364.00, -119520, -521273, -1297 
1721133839386.00, -119430, -523885, -1294 
1721133839408.00, -119223, -526499, -1268 
1721133839430.00, -119386, -529104, -1252 
1721133839452.00, -119518, -531705, -1280 
1721133839473.00, -119340, -534317, -1295 
1721133839495.00, -119446, -536930, -1250 
1721133839517.00, -119532, -539543, -1307 
1721133839538.00, -119480, -542154, -1326 
1721133839561.00, -119535, -544752, -1330 
1721133839582.00, -119389, -547351, -1342 
1721133839604.00, -119257, -549969, -1326 
1721133839626.00, -119325, -552585, -1316 
1721133839648.00, -119579, -555168, -1272 
1721133839669.00, -119300, -557777, -1280 
1721133839691.00, -119230, -560390, -1294 
1721133839713.00, -119221, -562991, -1259 
1721133839735.00, -119354, -565606, -1240 
1721133839757.00, -119520, -568211, -1234 
1721133839778.00, -119482, -570797, -1228 
1721133839801.00, -119423, -573411, -1186 
1721133839822.00, -119375, -576028, -1187 
1721133839844.00, -119232, -578633, -1158 
1721133839865.00, -119246, -581231, -1103 
1721133839888.00, -119285, -583831, -1061 
1721133839909.00, -119289, -586433, -1045 
1721133839932.00, -119361, -589036, -978 
1721133839954.00, -119023, -591632, -891 
1721133839976.00, -119045, -594214, -800 
1721133839997.00, -66790, -596767, -665 
1721133840019.00, -35847, -598240, -596 
1721133840041.00, -17782, -599027, -466 
1721133840063.00, -7344, -599428, -397 
1721133840084.00, -1330, -599598, -397 
1721133840106.00, 1658, -599631, -301 
1721133840127.00, 3925, -599596, -117 
1721133840148.00, 5197, -599504, 78 
1721133840170.00, 10643, -599379, 239 
1721133840191.00, 23055, -599153, 371 
1721133840214.00, 38749, -598665, 412 
1721133840235.00, 50151, -597828, 646 
1721133840257.00, 70974, -596741, 678 
1721133840278.00, 85278, -595213, 690 
1721133840300.00, 94374, -593348, 740 
1721133840322.00, 102470, -591297, 868 
1721133840344.00, 113829, -589061, 886 
1721133840366.00, 119728, -586563, 879 
1721133840387.00, 119625, -583964, 930 
1721133840409.00, 119530, -581348, 982 
1721133840430.00, 119377, -578758, 994 
1721133840451.00, 119298, -576158, 1016 
1721133840472.00, 119419, -573537, 1059 
1721133840494.00, 119343, -570933, 1086 
1721133840517.00, 119436, -568326, 1108 
1721133840538.00, 119435, -565716, 1139 
1721133840560.00, 119404, -563112, 1185 
1721133840582.00, 119363, -560492, 1195 
1721133840604.00, 119378, -557878, 1214 
1721133840625.00, 119380, -555290, 1230 
1721133840647.00, 119522, -552677, 1247 
1721133840669.00, 119565, -550060, 1269 
1721133840691.00, 119370, -547446, 1281 
1721133840712.00, 119400, -544842, 1295 
1721133840735.00, 119369, -542233, 1327 
1721133840756.00, 119471, -539628, 1355 
1721133840778.00, 119564, -537013, 1390 
1721133840800.00, 119544, -534394, 1425 
1721133840821.00, 119302, -531785, 1442 
1721133840843.00, 119221, -529182, 1467 
1721133840866.00, 119547, -526577, 1474 
1721133840887.00, 119433, -523960, 1469 
1721133840910.00, 119254, -521357, 1435 
1721133840931.00, 119432, -518760, 1356 
1721133840953.00, 119295, -516154, 1321 
1721133840975.00, 119570, -513544, 1332 
1721133840996.00, 119498, -510927, 1379 
1721133841022.00, 119413, -508310, 1426 
1721133841040.00, 119441, -505711, 1494 
1721133841062.00, 119507, -503099, 1518 
1721133841083.00, 119458, -500482, 1549 
1721133841106.00, 119348, -497877, 1567 
1721133841129.00, 119365, -495255, 1577 
1721133841149.00, 119432, -492650, 1609 
1721133841171.00, 119545, -490050, 1631 
1721133841193.00, 119349, -487432, 1666 
1721133841214.00, 119429, -484817, 1703 
1721133841237.00, 119461, -482203, 1744 
1721133841258.00, 119513, -479593, 1784 
1721133841280.00, 119445, -476989, 1805 
1721133841302.00, 119281, -474382, 1792 
1721133841324.00, 119293, -471764, 1789 
1721133841346.00, 119302, -469160, 1803 
1721133841367.00, 119652, -466546, 1831 
1721133841389.00, 119248, -463939, 1812 
1721133841411.00, 119183, -461340, 1776 
1721133841432.00, 119304, -458719, 1794 
1721133841456.00, 119383, -456118, 1783 
1721133841476.00, 119648, -453503, 1777 
1721133841498.00, 119362, -450898, 1770 
1721133841520.00, 119134, -448293, 1736 
1721133841542.00, 119209, -445681, 1702 
1721133841567.00, 119577, -443077, 1677 
1721133841586.00, 119379, -440480, 1661 
1721133841607.00, 119350, -437869, 1630 
1721133841629.00, 119191, -435254, 1566 
1721133841651.00, 119274, -432654, 1477 
1721133841672.00, 119512, -430059, 1392 
1721133841696.00, 71896, -427473, 1300 
1721133841717.00, 43375, -425901, 1366 
1721133841739.00, 26514, -424960, 1207 
1721133841761.00, 16533, -424366, 1132 
1721133841783.00, 10315, -424007, 916 
1721133841804.00, 6850, -423788, 555 
1721133841826.00, 4708, -423663, 200 
1721133841847.00, 3873, -423585, -139 
1721133841869.00, -4593, -423513, -238 
1721133841892.00, -15840, -423627, -562 
1721133841912.00, -42062, -423970, -750 
1721133841934.00, -69439, -424861, -769 
1721133841955.00, -86694, -426353, -846 
1721133841977.00, -101589, -428248, -840 
1721133841999.00, -109902, -430448, -823 
1721133842020.00, -113846, -432838, -841 
1721133842042.00, -117129, -435339, -856 
1721133842064.00, -119597, -437893, -853 
1721133842085.00, -119535, -440480, -878 
1721133842109.00, -119417, -443085, -906 
1721133842129.00, -119382, -445686, -932 
1721133842151.00, -119390, -448275, -925 
1721133842172.00, -119538, -450884, -927 
1721133842194.00, -119430, -453476, -952 
1721133842215.00, -119586, -456062, -937 
1721133842236.00, -119148, -458673, -1030 
1721133842259.00, -119169, -461281, -947 
1721133842281.00, -119350, -463871, -963 
1721133842303.00, -119321, -466453, -989 
1721133842323.00, -119340, -469060, -1008 
1721133842345.00, -119419, -471676, -1013 
1721133842368.00, -119396, -474278, -998 
1721133842389.00, -119483, -476882, -1001 
1721133842410.00, -119416, -479488, -1011 
1721133842435.00, -119381, -482079, -1039 
1721133842454.00, -119508, -484707, -1059 
1721133842476.00, -119519, -487326, -1105 
1721133842498.00, -119359, -489926, -1181 
1721133842519.00, -119551, -492544, -1209 
1721133842541.00, -119453, -495147, -1218 
1721133842563.00, -119321, -497754, -1245 
1721133842585.00, -119252, -500380, -1262 
1721133842607.00, -119100, -502982, -1233 
1721133842628.00, -119279, -505563, -1178 
1721133842651.00, -119361, -508182, -1219 
1721133842672.00, -119181, -510798, -1185 
1721133842694.00, -119075, -513394, -1139 
1721133842715.00, -119227, -515999, -1166 
1721133842738.00, -119382, -518607, -1212 
1721133842759.00, -119585, -521209, -1226 
1721133842781.00, -119419, -523830, -1224 
1721133842803.00, -118974, -526440, -1253 
1721133842825.00, -119012, -529048, -1246 
1721133842846.00, -119420, -531637, -1235 
1721133842868.00, -119452, -534247, -1266 
1721133842890.00, -119270, -536861, -1238 
1721133842912.00, -119279, -539468, -1156 
1721133842934.00, -119401, -542079, -1191 
1721133842955.00, -119321, -544681, -1231 
1721133842978.00, -119330, -547266, -1220 
1721133842999.00, -119327, -549896, -1197 
1721133843021.00, -119467, -552511, -1232 
1721133843043.00, -119509, -555102, -1262 
1721133843065.00, -119403, -557719, -1273 
1721133843089.00, -119323, -560319, -1278 
1721133843108.00, -119288, -562928, -1267 
1721133843130.00, -119388, -565545, -1255 
1721133843151.00, -119535, -568146, -1245 
1721133843174.00, -119276, -570741, -1245 
1721133843196.00, -119276, -573350, -1224 
1721133843217.00, -119124, -575961, -1179 
1721133843239.00, -119152, -578554, -1152 
1721133843261.00, -119278, -581158, -1113 
1721133843282.00, -119397, -583752, -1060 
1721133843305.00, -119313, -586360, -1018 
1721133843328.00, -119253, -588970, -945 
1721133843349.00, -119255, -591559, -852 
1721133843370.00, -119154, -594146, -763 
1721133843392.00, -66967, -596702, -688 
1721133843415.00, -35614, -598172, -685 
1721133843436.00, -18031, -598969, -550 
1721133843458.00, -7553, -599377, -597 
1721133843479.00, -1380, -599551, -602 
1721133843501.00, 1480, -599583, -493 
1721133843522.00, 3647, -599557, -372 
1721133843544.00, 5203, -599471, -165 
1721133843565.00, 5675, -599350, 29 
1721133843587.00, 7679, -599224, 124 
1721133843609.00, 14510, -599045, 271 
1721133843630.00, 27303, -598730, 373 
1721133843651.00, 41530, -598149, 411 
1721133843674.00, 51772, -597255, 599 
1721133843695.00, 68996, -596142, 617 
1721133843717.00, 80401, -594647, 643 
1721133843739.00, 88616, -592902, 703 
1721133843760.00, 96890, -590977, 747 
1721133843782.00, 104115, -588885, 798 
1721133843804.00, 111425, -586602, 792 
1721133843825.00, 115492, -584166, 821 
1721133843847.00, 119463, -581654, 861 
1721133843869.00, 119628, -579060, 876 
1721133843890.00, 119488, -576448, 899 
1721133843911.00, 119397, -573841, 939 
1721133843934.00, 119407, -571252, 978 
1721133843954.00, 119366, -568657, 1000 
1721133843981.00, 119471, -566051, 1045 
1721133843998.00, 119316, -563442, 1096 
1721133844020.00, 119408, -560819, 1091 
1721133844042.00, 119397, -558215, 1126 
1721133844064.00, 119313, -555618, 1158 
1721133844091.00, 119387, -553000, 1170 
1721133844107.00, 119594, -550388, 1166 
1721133844129.00, 119368, -547781, 1176 
1721133844151.00, 119390, -545170, 1188 
1721133844173.00, 119433, -542575, 1205 
1721133844194.00, 119363, -539955, 1228 
1721133844216.00, 119384, -537345, 1262 
1721133844238.00, 119485, -534739, 1298 
1721133844260.00, 119579, -532122, 1310 
1721133844282.00, 119553, -529520, 1335 
1721133844303.00, 119327, -526903, 1386 
1721133844325.00, 119159, -524298, 1398 
1721133844346.00, 119422, -521686, 1440 
1721133844369.00, 119522, -519084, 1460 
1721133844390.00, 119322, -516470, 1483 
1721133844412.00, 119246, -513870, 1474 
1721133844434.00, 119297, -511248, 1490 
1721133844456.00, 119371, -508638, 1505 
1721133844478.00, 119374, -506050, 1512 
1721133844499.00, 119273, -503442, 1499 
1721133844525.00, 119340, -500823, 1497 
1721133844543.00, 119487, -498206, 1518 
1721133844565.00, 119489, -495609, 1519 
1721133844587.00, 119368, -493000, 1505 
1721133844609.00, 119165, -490395, 1513 
1721133844631.00, 119324, -487783, 1513 
1721133844653.00, 119672, -485175, 1537 
1721133844674.00, 119598, -482559, 1586 
1721133844696.00, 119333, -479954, 1577 
1721133844718.00, 119100, -477355, 1596 
1721133844740.00, 119373, -474732, 1589 
1721133844761.00, 119510, -472133, 1630 
1721133844784.00, 119502, -469521, 1648 
1721133844805.00, 119425, -466911, 1662 
1721133844827.00, 119281, -464304, 1694 
1721133844849.00, 119522, -461685, 1749 
1721133844871.00, 119560, -459068, 1806 
1721133844892.00, 119336, -456467, 1851 
1721133844914.00, 119284, -453853, 1888 
1721133844936.00, 119299, -451244, 1883 
1721133844957.00, 119323, -448639, 1815 
1721133844980.00, 119280, -446033, 1789 
1721133845001.00, 119217, -443426, 1754 
1721133845023.00, 119165, -440844, 1696 
1721133845045.00, 119182, -438226, 1648 
1721133845067.00, 119247, -435614, 1608 
1721133845089.00, 119239, -433023, 1577 
1721133845110.00, 119181, -430413, 1528 
1721133845133.00, 66852, -427848, 1416 
1721133845156.00, 36155, -426375, 1455 
1721133845178.00, 18042, -425583, 1258 
1721133845199.00, 7474, -425180, 1170 
1721133845220.00, 1128, -425014, 1015 
1721133845241.00, -2243, -424999, 678 
1721133845263.00, -4453, -425067, 245 
1721133845287.00, -5411, -425184, -74 
1721133845306.00, -10449, -425307, -256 
1721133845327.00, -24154, -425554, -562 
1721133845350.00, -50651, -426071, -765 
1721133845371.00, -78676, -427143, -757 
1721133845395.00, -94711, -428853, -855 
1721133845414.00, -109862, -430908, -913 
1721133845436.00, -118685, -433307, -911 
1721133845458.00, -119604, -435903, -924 
1721133845480.00, -119572, -438516, -949 
1721133845503.00, -119120, -441104, -979 
1721133845523.00, -119545, -443703, -937 
1721133845544.00, -119364, -446305, -1111 
1721133845566.00, -119555, -448899, -1064 
1721133845587.00, -119574, -451540, -1106 
1721133845610.00, -119474, -454148, -1142 
1721133845631.00, -119377, -456741, -1173 
1721133845652.00, -119318, -459357, -1186 
1721133845674.00, -119357, -461968, -1192 
1721133845696.00, -119361, -464573, -1185 
1721133845720.00, -119503, -467182, -1131 
1721133845740.00, -119427, -469781, -1133 
1721133845762.00, -119512, -472384, -1146 
1721133845783.00, -119293, -475000, -1115 
1721133845805.00, -119503, -477617, -1082 
1721133845827.00, -119371, -480213, -1124 
1721133845849.00, -119393, -482807, -1112 
1721133845871.00, -119467, -485419, -1106 
1721133845893.00, -119530, -488040, -1164 
1721133845915.00, -119190, -490660, -1183 
1721133845936.00, -119323, -493265, -1206 
1721133845958.00, -119425, -495859, -1239 
1721133845979.00, -119307, -498467, -1286 
1721133846001.00, -119382, -501091, -1313 
1721133846023.00, -119108, -503708, -1297 
1721133846045.00, -119279, -506303, -1325 
1721133846067.00, -119392, -508904, -1345 
1721133846089.00, -119428, -511514, -1325 
1721133846111.00, -119439, -514123, -1319 
1721133846133.00, -119297, -516750, -1356 
1721133846154.00, -119400, -519348, -1316 
1721133846175.00, -119685, -521947, -1306 
1721133846198.00, -119390, -524563, -1360 
1721133846219.00, -119272, -527174, -1346 
1721133846241.00, -119256, -529780, -1303 
1721133846268.00, -119401, -532380, -1313 
1721133846285.00, -119592, -534986, -1339 
1721133846307.00, -119270, -537591, -1314 
1721133846328.00, -119140, -540199, -1245 
1721133846351.00, -119256, -542823, -1256 
1721133846380.00, -119286, -545418, -1250 
1721133846394.00, -119318, -548009, -1228 
1721133846415.00, -119382, -550625, -1188 
1721133846437.00, -119222, -553238, -1218 
1721133846459.00, -119275, -555833, -1180 
1721133846485.00, -119446, -558444, -1148 
1721133846503.00, -119386, -561045, -1161 
1721133846525.00, -119287, -563638, -1145 
1721133846547.00, -119308, -566259, -1117 
1721133846569.00, -119381, -568872, -1106 
1721133846594.00, -119343, -571460, -1100 
1721133846613.00, -119403, -574075, -1089 
1721133846634.00, -119324, -576678, -1084 
1721133846656.00, -119224, -579280, -1074 
1721133846677.00, -119351, -581896, -1066 
1721133846699.00, -119495, -584494, -1014 
1721133846722.00, -119238, -587095, -990 
1721133846744.00, -119275, -589688, -958 
1721133846765.00, -119082, -592285, -867 
1721133846787.00, -119030, -594858, -786 
1721133846809.00, -66890, -597426, -691 
1721133846830.00, -35471, -598896, -689 
1721133846852.00, -17840, -599680, -576 
1721133846875.00, -7523, -600086, -582 
1721133846896.00, -1332, -600263, -581 
1721133846918.00, 1538, -600290, -458 
1721133846939.00, 3699, -600264, -270 
1721133846961.00, 5143, -600180, -100 
1721133846982.00, 5643, -600061, 38 
1721133847003.00, 7965, -599927, 156 
1721133847025.00, 16544, -599740, 262 
1721133847047.00, 27721, -599382, 351 
1721133847069.00, 40387, -598795, 399 
1721133847090.00, 50411, -597928, 562 
1721133847111.00, 66037, -596836, 642 
1721133847133.00, 80075, -595413, 650 
1721133847155.00, 88822, -593674, 680 
1721133847176.00, 95616, -591748, 777 
1721133847198.00, 105304, -589663, 818 
1721133847219.00, 113430, -587369, 828 
1721133847241.00, 118846, -584903, 860 
1721133847264.00, 119586, -582306, 922 
1721133847285.00, 119390, -579704, 969 
1721133847307.00, 119477, -577101, 975 
1721133847327.00, 119395, -574500, 1028 
1721133847349.00, 119568, -571897, 1094 
1721133847371.00, 119411, -569291, 1095 
1721133847393.00, 119373, -566673, 1090 
1721133847415.00, 119342, -564074, 1097 
1721133847437.00, 119456, -561468, 1104 
1721133847458.00, 119302, -558866, 1115 
1721133847481.00, 119302, -556266, 1115 
1721133847502.00, 119398, -553645, 1151 
1721133847523.00, 119461, -551042, 1168 
1721133847545.00, 119459, -548429, 1223 
1721133847567.00, 119491, -545822, 1257 
1721133847589.00, 119342, -543215, 1298 
1721133847611.00, 119450, -540595, 1347 
1721133847632.00, 119405, -537992, 1365 
1721133847654.00, 119512, -535382, 1386 
1721133847676.00, 119330, -532765, 1414 
1721133847698.00, 119249, -530160, 1447 
1721133847720.00, 119294, -527548, 1461 
1721133847742.00, 119406, -524937, 1462 
1721133847764.00, 119342, -522343, 1451 
1721133847785.00, 119206, -519743, 1373 
1721133847807.00, 119133, -517128, 1308 
1721133847829.00, 119059, -514524, 1298 
1721133847851.00, 119412, -511923, 1300 
1721133847873.00, 119370, -509317, 1311 
1721133847894.00, 119217, -506719, 1358 
1721133847917.00, 119314, -504098, 1402 
1721133847940.00, 119446, -501484, 1472 
1721133847960.00, 119716, -498873, 1504 
1721133847982.00, 119528, -496269, 1546 
1721133848003.00, 119153, -493660, 1576 
1721133848027.00, 119156, -491034, 1586 
1721133848047.00, 119599, -488439, 1605 
1721133848068.00, 119350, -485829, 1622 
1721133848091.00, 119461, -483213, 1642 
1721133848112.00, 119284, -480610, 1665 
1721133848138.00, 119546, -478001, 1663 
1721133848156.00, 119605, -475389, 1681 
1721133848178.00, 119401, -472788, 1692 
1721133848200.00, 119142, -470184, 1680 
1721133848222.00, 119066, -467574, 1652 
1721133848243.00, 119139, -464965, 1612 
1721133848265.00, 119375, -462362, 1549 
1721133848287.00, 119366, -459762, 1518 
1721133848309.00, 119284, -457162, 1512 
1721133848330.00, 119257, -454551, 1493 
1721133848352.00, 119327, -451940, 1487 
1721133848375.00, 119478, -449332, 1487 
1721133848396.00, 119406, -446727, 1469 
1721133848418.00, 119284, -444122, 1465 
1721133848440.00, 119236, -441524, 1413 
1721133848462.00, 119195, -438911, 1359 
1721133848483.00, 119252, -436308, 1311 
1721133848505.00, 119416, -433698, 1280 
1721133848527.00, 119340, -431111, 1202 
1721133848550.00, 67004, -428529, 1097 
1721133848572.00, 36328, -427052, 1119 
1721133848593.00, 17937, -426258, 949 
1721133848615.00, 7405, -425848, 886 
1721133848637.00, 1154, -425682, 762 
1721133848658.00, -2168, -425665, 506 
1721133848679.00, -4208, -425719, 192 
1721133848701.00, -5202, -425822, -2 
1721133848722.00, -5539, -425943, -182 
1721133848744.00, -16702, -426068, -224 
1721133848765.00, -25784, -426434, -503 
1721133848794.00, -47825, -427003, -673 
1721133848809.00, -71177, -428028, -682 
1721133848830.00, -85713, -429570, -804 
1721133848852.00, -101544, -431436, -865 
1721133848873.00, -113733, -433648, -881 
1721133848895.00, -119907, -436137, -895 
1721133848918.00, -119464, -438753, -919 
1721133848939.00, -119275, -441349, -928 
1721133848961.00, -119507, -443948, -897 
1721133848982.00, -119314, -446548, -1055 
1721133849003.00, -119683, -449151, -1025 
1721133849025.00, -119295, -451780, -1068 
1721133849047.00, -119355, -454393, -1109 
1721133849069.00, -119412, -456991, -1171 
1721133849091.00, -119388, -459610, -1216 
1721133849113.00, -119428, -462215, -1230 
1721133849134.00, -119264, -464826, -1247 
1721133849156.00, -119291, -467440, -1261 
1721133849178.00, -119428, -470047, -1258 
1721133849199.00, -119378, -472641, -1272 
1721133849221.00, -119371, -475255, -1286 
1721133849243.00, -119375, -477871, -1274 
1721133849265.00, -119416, -480478, -1247 
1721133849287.00, -119552, -483080, -1282 
1721133849309.00, -119376, -485685, -1269 
1721133849333.00, -119257, -488300, -1275 
1721133849352.00, -119266, -490913, -1258 
1721133849374.00, -119276, -493525, -1267 
1721133849396.00, -119539, -496121, -1251 
1721133849417.00, -119476, -498719, -1274 
1721133849439.00, -119209, -501339, -1256 
1721133849461.00, -119243, -503961, -1269 
1721133849483.00, -119370, -506558, -1259 
1721133849505.00, -119512, -509156, -1263 
1721133849527.00, -119327, -511770, -1309 
1721133849548.00, -119375, -514364, -1294 
1721133849570.00, -119411, -516991, -1270 
1721133849592.00, -119364, -519600, -1293 
1721133849614.00, -119517, -522197, -1325 
1721133849636.00, -119316, -524810, -1326 
1721133849659.00, -119262, -527426, -1330 
1721133849679.00, -119316, -530027, -1317 
1721133849701.00, -119267, -532643, -1291 
1721133849723.00, -119337, -535238, -1259 
1721133849745.00, -119372, -537837, -1251 
1721133849769.00, -119348, -540457, -1230 
1721133849789.00, -119397, -543068, -1235 
1721133849810.00, -119493, -545676, -1231 
1721133849832.00, -119448, -548269, -1260 
1721133849854.00, -119384, -550888, -1268 
1721133849876.00, -119306, -553494, -1248 
1721133849898.00, -119233, -556099, -1209 
1721133849920.00, -119307, -558712, -1208 
1721133849941.00, -119290, -561308, -1217 
1721133849963.00, -119306, -563912, -1223 
1721133849987.00, -119402, -566529, -1227 
1721133850007.00, -119410, -569140, -1224 
1721133850028.00, -119076, -571730, -1207 
1721133850050.00, -119101, -574351, -1175 
1721133850072.00, -119332, -576946, -1167 
1721133850096.00, -119443, -579536, -1152 
1721133850116.00, -119355, -582158, -1093 
1721133850138.00, -118845, -584759, -1034 
1721133850160.00, -118964, -587352, -984 
1721133850182.00, -119207, -589942, -919 
1721133850205.00, -119380, -592535, -855 
1721133850226.00, -119347, -595113, -812 
1721133850247.00, -67007, -597686, -733 
1721133850269.00, -35918, -599161, -734 
1721133850291.00, -17762, -599955, -644 
1721133850312.00, -7223, -600365, -645 
1721133850334.00, -1239, -600535, -634 
1721133850355.00, 1472, -600568, -540 
1721133850378.00, 3795, -600540, -364 
1721133850399.00, 5164, -600452, -159 
1721133850421.00, 5713, -600326, 34 
1721133850442.00, 7951, -600185, 194 
1721133850463.00, 18808, -599999, 341 
1721133850485.00, 34412, -599603, 408 
1721133850506.00, 47404, -598872, 593 
1721133850532.00, 66052, -597851, 651 
1721133850550.00, 80558, -596412, 662 
1721133850572.00, 89813, -594668, 726 
1721133850593.00, 99021, -592710, 794 
1721133850614.00, 108470, -590554, 883 
1721133850637.00, 117444, -588200, 912 
1721133850658.00, 119613, -585634, 928 
1721133850680.00, 119478, -583025, 940 
1721133850702.00, 119365, -580418, 990 
1721133850722.00, 119438, -577819, 1023 
1721133850744.00, 119505, -575218, 1045 
1721133850765.00, 119580, -572613, 1049 
1721133850787.00, 119338, -569989, 1096 
1721133850810.00, 119282, -567386, 1103 
1721133850831.00, 119516, -564780, 1115 
1721133850853.00, 119343, -562167, 1166 
1721133850875.00, 119460, -559559, 1179 
1721133850896.00, 119449, -556948, 1198 
1721133850919.00, 119278, -554337, 1255 
1721133850941.00, 119447, -551736, 1264 
1721133850962.00, 119404, -549123, 1288 
1721133850984.00, 119413, -546516, 1309 
1721133851006.00, 119526, -543902, 1318 
1721133851027.00, 119426, -541293, 1333 
1721133851049.00, 119437, -538690, 1361 
1721133851071.00, 119342, -536087, 1368 
1721133851092.00, 119322, -533473, 1377 
1721133851115.00, 119252, -530861, 1394 
1721133851136.00, 119480, -528249, 1413 
1721133851158.00, 119611, -525641, 1438 
1721133851180.00, 119519, -523041, 1454 
1721133851202.00, 119345, -520424, 1450 
1721133851224.00, 119225, -517818, 1457 
1721133851246.00, 119540, -515209, 1473 
1721133851267.00, 119405, -512598, 1493 
1721133851289.00, 119325, -509996, 1508 
1721133851311.00, 119348, -507376, 1527 
1721133851333.00, 119462, -504767, 1560 
1721133851354.00, 119578, -502160, 1611 
1721133851377.00, 119437, -499540, 1652 
1721133851398.00, 119262, -496937, 1685 
1721133851420.00, 119301, -494316, 1708 
1721133851442.00, 119544, -491709, 1718 
1721133851463.00, 119597, -489102, 1716 
1721133851485.00, 119328, -486498, 1717 
1721133851508.00, 119128, -483885, 1696 
1721133851530.00, 119481, -481275, 1674 
1721133851551.00, 119600, -478664, 1686 
1721133851573.00, 119537, -476057, 1694 
1721133851595.00, 119373, -473464, 1698 
1721133851616.00, 119188, -470851, 1689 
1721133851638.00, 119595, -468228, 1697 
1721133851660.00, 119461, -465619, 1703 
1721133851682.00, 119333, -463012, 1695 
1721133851704.00, 119468, -460405, 1662 
1721133851725.00, 119237, -457803, 1648 
1721133851748.00, 119421, -455195, 1618 
1721133851769.00, 119406, -452585, 1594 
1721133851791.00, 119365, -449984, 1591 
1721133851813.00, 119279, -447379, 1565 
1721133851835.00, 119504, -444781, 1521 
1721133851856.00, 119369, -442166, 1490 
1721133851878.00, 119280, -439562, 1479 
1721133851900.00, 119322, -436949, 1467 
1721133851922.00, 119412, -434351, 1423 
1721133851944.00, 119328, -431745, 1381 
1721133851966.00, 71799, -429154, 1322 
1721133851988.00, 43313, -427600, 1382 
1721133852010.00, 26519, -426647, 1297 
1721133852032.00, 16741, -426057, 1223 
1721133852054.00, 10712, -425693, 1116 
1721133852075.00, 6936, -425460, 874 
1721133852097.00, 4703, -425326, 557 
1721133852118.00, 3311, -425244, 244 
1721133852139.00, 2596, -425190, 25 
1721133852161.00, 1852, -425151, -225 
1721133852183.00, -11052, -425117, -438 
1721133852205.00, -32069, -425350, -631 
1721133852226.00, -56169, -426013, -705 
1721133852247.00, -75051, -427222, -763 
1721133852269.00, -89730, -428859, -848 
1721133852291.00, -103575, -430803, -881 
1721133852313.00, -111952, -433053, -906 
1721133852335.00, -116870, -435513, -940 
1721133852356.00, -119610, -438067, -965 
1721133852377.00, -119278, -440658, -1002 
1721133852400.00, -119553, -443265, -974 
1721133852420.00, -119328, -445878, -1146 
1721133852442.00, -119522, -448478, -1084 
1721133852465.00, -119284, -451104, -1108 
1721133852485.00, -119463, -453706, -1132 
1721133852509.00, -119475, -456310, -1157 
1721133852529.00, -119495, -458921, -1166 
1721133852552.00, -119235, -461533, -1160 
1721133852573.00, -119303, -464140, -1183 
1721133852595.00, -119520, -466744, -1187 
1721133852617.00, -119480, -469357, -1204 
1721133852639.00, -119431, -471959, -1207 
1721133852660.00, -119077, -474576, -1217 
1721133852682.00, -119332, -477192, -1215 
1721133852704.00, -119612, -479788, -1228 
1721133852726.00, -119612, -482395, -1264 
1721133852747.00, -119323, -485022, -1265 
1721133852770.00, -119225, -487625, -1231 
1721133852791.00, -119351, -490227, -1230 
1721133852813.00, -119518, -492840, -1201 
1721133852835.00, -119393, -495443, -1214 
1721133852857.00, -119270, -498045, -1202 
1721133852879.00, -119531, -500671, -1167 
1721133852900.00, -119511, -503278, -1178 
1721133852922.00, -119492, -505875, -1198 
1721133852944.00, -119374, -508482, -1204 
1721133852966.00, -119288, -511098, -1221 
1721133852988.00, -119316, -513705, -1214 
1721133853010.00, -119508, -516324, -1231 
1721133853030.00, -119433, -518925, -1235 
1721133853053.00, -119419, -521521, -1259 
1721133853075.00, -119198, -524144, -1264 
1721133853097.00, -119268, -526756, -1230 
1721133853119.00, -119345, -529347, -1204 
1721133853140.00, -119499, -531950, -1219 
1721133853163.00, -119326, -534562, -1217 
1721133853184.00, -119437, -537170, -1188 
1721133853206.00, -119237, -539784, -1185 
1721133853229.00, -119360, -542397, -1171 
1721133853249.00, -119436, -544991, -1186 
1721133853271.00, -119287, -547597, -1209 
1721133853292.00, -119551, -550217, -1199 
1721133853315.00, -119386, -552827, -1201 
1721133853337.00, -119316, -555427, -1184 
1721133853358.00, -119335, -558029, -1180 
1721133853385.00, -119259, -560637, -1180 
1721133853402.00, -119289, -563235, -1161 
1721133853424.00, -119539, -565863, -1145 
1721133853446.00, -119244, -568456, -1131 
1721133853468.00, -119282, -571053, -1113 
1721133853491.00, -119233, -573669, -1111 
1721133853511.00, -119245, -576277, -1077 
1721133853533.00, -119201, -578867, -1056 
1721133853554.00, -119076, -581477, -1023 
1721133853578.00, -119131, -584077, -986 
1721133853602.00, -119080, -586660, -935 
1721133853621.00, -119043, -589253, -838 
1721133853643.00, -118044, -591848, -745 
1721133853665.00, -111790, -594398, -645 
1721133853689.00, -62676, -596798, -517 
1721133853709.00, -33248, -598172, -484 
1721133853729.00, -16370, -598916, -379 
1721133853751.00, -6658, -599288, -375 
1721133853772.00, -985, -599440, -330 
1721133853794.00, 1626, -599463, -238 
1721133853817.00, 3659, -599432, -127 
1721133853837.00, 4870, -599350, -9 
1721133853859.00, 5520, -599240, 122 
1721133853880.00, 13035, -599110, 236 
1721133853901.00, 24258, -598825, 338 
1721133853925.00, 37152, -598305, 386 
1721133853946.00, 47442, -597491, 629 
1721133853967.00, 68352, -596465, 654 
1721133853989.00, 82107, -594992, 670 
1721133854010.00, 91293, -593203, 728 
1721133854034.00, 99871, -591213, 835 
1721133854054.00, 111214, -589051, 873 
1721133854075.00, 119158, -586604, 870 
1721133854097.00, 119633, -584018, 943 
1721133854118.00, 119378, -581405, 1015 
1721133854139.00, 119346, -578808, 1001 
1721133854161.00, 119341, -576188, 1007 
1721133854183.00, 119369, -573571, 1080 
1721133854204.00, 119479, -570977, 1045 
1721133854226.00, 119411, -568369, 1068 
1721133854249.00, 119288, -565758, 1104 
1721133854270.00, 119346, -563150, 1111 
1721133854292.00, 119380, -560529, 1136 
1721133854314.00, 119403, -557928, 1173 
1721133854336.00, 119342, -555326, 1192 
1721133854360.00, 119366, -552719, 1203 
1721133854380.00, 119568, -550099, 1218 
1721133854401.00, 119379, -547488, 1227 
1721133854423.00, 119356, -544889, 1239 
1721133854445.00, 119331, -542278, 1270 
1721133854467.00, 119367, -539677, 1257 
1721133854488.00, 119627, -537064, 1275 
1721133854510.00, 119492, -534453, 1297 
1721133854531.00, 119339, -531845, 1302 
1721133854554.00, 119234, -529236, 1323 
1721133854576.00, 119428, -526632, 1354 
1721133854598.00, 119522, -524011, 1367 
1721133854620.00, 119487, -521411, 1388 
1721133854640.00, 119410, -518798, 1417 
1721133854663.00, 119358, -516189, 1448 
1721133854685.00, 119673, -513584, 1466 
1721133854707.00, 119462, -510964, 1484 
1721133854729.00, 119349, -508353, 1501 
1721133854750.00, 119336, -505748, 1507 
1721133854772.00, 119446, -503142, 1515 
1721133854794.00, 119420, -500527, 1500 
1721133854815.00, 119402, -497926, 1472 
1721133854838.00, 119418, -495308, 1488 
1721133854859.00, 119419, -492701, 1519 
1721133854881.00, 119446, -490099, 1564 
1721133854903.00, 119442, -487480, 1595 
1721133854925.00, 119290, -484865, 1618 
1721133854946.00, 119444, -482255, 1651 
1721133854968.00, 119470, -479646, 1651 
1721133854991.00, 119543, -477047, 1647 
1721133855012.00, 119274, -474429, 1659 
1721133855033.00, 119263, -471817, 1656 
1721133855055.00, 119354, -469221, 1650 
1721133855077.00, 119493, -466606, 1646 
1721133855099.00, 119368, -463995, 1663 
1721133855121.00, 119302, -461380, 1653 
1721133855143.00, 119287, -458772, 1661 
1721133855165.00, 119351, -456168, 1665 
1721133855187.00, 119640, -453557, 1670 
1721133855208.00, 119390, -450953, 1658 
1721133855231.00, 119087, -448347, 1638 
1721133855252.00, 119045, -445737, 1621 
1721133855274.00, 119199, -443131, 1588 
1721133855296.00, 119434, -440545, 1561 
1721133855317.00, 119399, -437937, 1502 
1721133855339.00, 119030, -435328, 1426 
1721133855361.00, 118857, -432729, 1335 
1721133855383.00, 119029, -430126, 1199 
1721133855406.00, 66792, -427568, 1037 
1721133855428.00, 35966, -426104, 1015 
1721133855452.00, 17643, -425311, 841 
1721133855471.00, 7510, -424912, 796 
1721133855492.00, 1173, -424745, 685 
1721133855514.00, -1988, -424720, 487 
1721133855535.00, -4005, -424767, 268 
1721133855557.00, -5152, -424873, 36 
1721133855578.00, -5808, -424997, -194 
1721133855600.00, -17739, -425136, -347 
1721133855621.00, -33957, -425524, -664 
1721133855643.00, -62640, -426241, -746 
1721133855667.00, -84620, -427584, -801 
1721133855687.00, -100788, -429423, -873 
1721133855708.00, -113380, -431632, -893 
1721133855729.00, -119835, -434104, -931 
1721133855751.00, -119535, -436715, -955 
1721133855773.00, -119445, -439310, -973 
1721133855795.00, -119419, -441921, -974 
1721133855817.00, -119434, -444524, -926 
1721133855837.00, -119474, -447112, -1052 
1721133855859.00, -119511, -449714, -1023 
1721133855882.00, -119419, -452332, -1055 
1721133855917.00, -119520, -454940, -1081 
1721133855925.00, -119325, -457548, -1140 
1721133855947.00, -119509, -460156, -1131 
1721133855968.00, -119533, -462759, -1146 
1721133855990.00, -119238, -465365, -1167 
1721133856012.00, -119243, -467989, -1188 
1721133856033.00, -119288, -470598, -1174 
1721133856055.00, -119424, -473188, -1160 
1721133856077.00, -119433, -475802, -1166 
1721133856099.00, -119352, -478418, -1169 
1721133856121.00, -119045, -481016, -1165 
1721133856143.00, -119349, -483640, -1195 
1721133856164.00, -119600, -486243, -1229 
1721133856186.00, -119599, -488849, -1253 
1721133856208.00, -119359, -491460, -1296 
1721133856230.00, -119115, -494085, -1307 
1721133856251.00, -119415, -496685, -1325 
1721133856273.00, -119473, -499288, -1334 
1721133856295.00, -119324, -501901, -1328 
1721133856317.00, -119208, -504513, -1325 
1721133856339.00, -119561, -507125, -1307 
1721133856360.00, -119592, -509737, -1292 
1721133856382.00, -119361, -512334, -1289 
1721133856404.00, -119297, -514934, -1285 
1721133856426.00, -119208, -517558, -1267 
1721133856448.00, -119438, -520170, -1232 
1721133856469.00, -119527, -522770, -1246 
1721133856491.00, -119431, -525376, -1250 
1721133856513.00, -119233, -527985, -1245 
1721133856535.00, -119227, -530581, -1223 
1721133856556.00, -119462, -533207, -1221 
1721133856579.00, -119487, -535820, -1190 
1721133856600.00, -119481, -538406, -1175 
1721133856622.00, -119318, -541022, -1177 
1721133856644.00, -119315, -543626, -1166 
1721133856667.00, -119164, -546234, -1130 
1721133856688.00, -119456, -548841, -1105 
1721133856710.00, -119431, -551443, -1084 
1721133856732.00, -119345, -554041, -1060 
1721133856753.00, -119473, -556649, -1022 
1721133856784.00, -119344, -559259, -1016 
1721133856796.00, -119490, -561867, -1018 
1721133856819.00, -119455, -564471, -1026 
1721133856840.00, -119303, -567086, -1031 
1721133856862.00, -119426, -569696, -1039 
1721133856887.00, -119631, -572299, -1027 
1721133856905.00, -119121, -574908, -1014 
1721133856928.00, -119345, -577511, -1009 
1721133856951.00, -119264, -580105, -989 
1721133856972.00, -119232, -582718, -919 
1721133856995.00, -119365, -585310, -855 
1721133857016.00, -119028, -587883, -791 
1721133857038.00, -119321, -590483, -713 
1721133857059.00, -115381, -593067, -605 
1721133857080.00, -69300, -595552, -491 
1721133857104.00, -41508, -597051, -433 
1721133857125.00, -25259, -597960, -295 
1721133857146.00, -16148, -598530, -175 
1721133857168.00, -10660, -598888, -189 
1721133857189.00, -7569, -599121, -144 
1721133857211.00, -5481, -599272, -23 
1721133857232.00, -4158, -599379, 106 
1721133857254.00, 2277, -599459, 234 
1721133857275.00, 14340, -599418, 312 
1721133857298.00, 26431, -599124, 403 
1721133857318.00, 39247, -598561, 463 
1721133857340.00, 50445, -597715, 612 
1721133857361.00, 65817, -596626, 625 
1721133857383.00, 75737, -595204, 687 
1721133857405.00, 85328, -593549, 732 
1721133857426.00, 93980, -591700, 773 
1721133857448.00, 101300, -589657, 804 
1721133857469.00, 107532, -587452, 829 
1721133857492.00, 112620, -585114, 838 
1721133857514.00, 116030, -582648, 852 
1721133857536.00, 119028, -580114, 876 
1721133857557.00, 119575, -577514, 893 
1721133857579.00, 119444, -574927, 918 
1721133857601.00, 119322, -572334, 933 
1721133857622.00, 119176, -569728, 946 
1721133857644.00, 119449, -567120, 958 
1721133857666.00, 119511, -564530, 961 
1721133857687.00, 119464, -561932, 983 
1721133857708.00, 119356, -559342, 1011 
1721133857730.00, 119243, -556725, 1009 
1721133857751.00, 119402, -554114, 1007 
1721133857773.00, 119453, -551506, 1025 
1721133857796.00, 119399, -548903, 1041 
1721133857817.00, 119314, -546295, 1041 
1721133857839.00, 119372, -543680, 1055 
1721133857862.00, 119355, -541069, 1079 
1721133857882.00, 119354, -538469, 1087 
1721133857904.00, 119467, -535857, 1105 
1721133857926.00, 119329, -533245, 1112 
1721133857948.00, 119570, -530637, 1127 
1721133857976.00, 119433, -528022, 1162 
1721133857991.00, 119538, -525413, 1187 
1721133858013.00, 119375, -522819, 1203 
1721133858035.00, 119339, -520200, 1235 
1721133858057.00, 119508, -517578, 1254 
1721133858083.00, 119501, -514973, 1279 
1721133858101.00, 119355, -512370, 1303 
1721133858122.00, 119293, -509762, 1321 
1721133858144.00, 119552, -507145, 1335 
1721133858166.00, 119509, -504531, 1360 
1721133858195.00, 119365, -501928, 1372 
1721133858209.00, 119402, -499315, 1387 
1721133858231.00, 119338, -496715, 1396 
1721133858253.00, 119361, -494099, 1415 
1721133858275.00, 119389, -491484, 1404 
1721133858301.00, 119327, -488876, 1416 
1721133858319.00, 119358, -486276, 1426 
1721133858340.00, 119463, -483669, 1437 
1721133858362.00, 119455, -481058, 1410 
1721133858384.00, 119304, -478446, 1389 
1721133858411.00, 119392, -475835, 1361 
1721133858428.00, 119495, -473244, 1354 
1721133858449.00, 119411, -470630, 1360 
1721133858471.00, 119379, -468018, 1347 
1721133858493.00, 119279, -465406, 1352 
1721133858519.00, 119455, -462792, 1362 
1721133858537.00, 119501, -460186, 1381 
1721133858559.00, 119341, -457588, 1381 
1721133858580.00, 119334, -454970, 1370 
1721133858601.00, 119269, -452366, 1398 
1721133858626.00, 119319, -449753, 1415 
1721133858646.00, 119496, -447142, 1418 
1721133858667.00, 119319, -444547, 1413 
1721133858689.00, 119287, -441938, 1423 
1721133858711.00, 119292, -439326, 1453 
1721133858743.00, 119210, -436718, 1455 
1721133858755.00, 119565, -434117, 1419 
1721133858777.00, 119221, -431516, 1356 
1721133858800.00, 66899, -428929, 1252 
1721133858822.00, 36074, -427468, 1317 
1721133858843.00, 18109, -426667, 1165 
1721133858865.00, 7668, -426262, 1098 
1721133858886.00, 1254, -426093, 962 
1721133858908.00, -1943, -426068, 737 
1721133858929.00, -4364, -426107, 483 
1721133858950.00, -5419, -426202, 260 
1721133858972.00, -6188, -426337, 51 
1721133858994.00, -6740, -426484, -202 
1721133859015.00, -18935, -426631, -342 
1721133859037.00, -34099, -427051, -683 
1721133859059.00, -63838, -427783, -696 
1721133859081.00, -82251, -429141, -725 
1721133859101.00, -94826, -430927, -821 
1721133859123.00, -107814, -432984, -872 
1721133859145.00, -117273, -435359, -928 
1721133859167.00, -119782, -437915, -951 
1721133859189.00, -119220, -440512, -999 
1721133859210.00, -119712, -443114, -975 
1721133859231.00, -119248, -445720, -1129 
1721133859253.00, -119363, -448324, -1056 
1721133859275.00, -119497, -450944, -1105 
1721133859296.00, -119428, -453548, -1125 
1721133859318.00, -119251, -456151, -1121 
1721133859340.00, -119434, -458764, -1083 
1721133859361.00, -119453, -461377, -1050 
1721133859383.00, -119453, -463981, -1057 
1721133859405.00, -119618, -466584, -1065 
1721133859427.00, -119357, -469196, -1096 
1721133859449.00, -119311, -471809, -1084 
1721133859470.00, -119392, -474414, -1081 
1721133859493.00, -119328, -477026, -1085 
1721133859515.00, -119503, -479623, -1084 
1721133859536.00, -119379, -482223, -1092 
1721133859558.00, -119330, -484844, -1112 
1721133859580.00, -119187, -487457, -1100 
1721133859602.00, -119310, -490064, -1092 
1721133859623.00, -119436, -492672, -1122 
1721133859645.00, -119506, -495274, -1128 
1721133859666.00, -119534, -497874, -1155 
1721133859689.00, -119096, -500507, -1174 
1721133859710.00, -119081, -503115, -1180 
1721133859733.00, -119433, -505704, -1185 
1721133859754.00, -119534, -508313, -1187 
1721133859776.00, -119243, -510922, -1167 
1721133859798.00, -119003, -513527, -1158 
1721133859820.00, -119221, -516141, -1163 
1721133859842.00, -119411, -518738, -1147 
1721133859863.00, -119356, -521342, -1133 
1721133859885.00, -119276, -523954, -1103 
1721133859907.00, -119470, -526568, -1088 
1721133859929.00, -119496, -529164, -1081 
1721133859951.00, -119387, -531767, -1080 
1721133859972.00, -119332, -534385, -1106 
1721133859994.00, -119294, -536997, -1101 
1721133860016.00, -119416, -539604, -1100 
1721133860038.00, -119618, -542212, -1102 
1721133860060.00, -119340, -544820, -1141 
1721133860081.00, -119334, -547415, -1153 
1721133860103.00, -119294, -550040, -1163 
1721133860126.00, -119488, -552656, -1137 
1721133860147.00, -119559, -555242, -1148 
1721133860169.00, -119503, -557855, -1154 
1721133860192.00, -119298, -560466, -1125 
1721133860213.00, -119306, -563061, -1098 
1721133860234.00, -119214, -565682, -1077 
1721133860256.00, -119362, -568281, -1049 
1721133860279.00, -119349, -570869, -1020 
1721133860300.00, -119268, -573481, -1001 
1721133860322.00, -119363, -576092, -986 
1721133860344.00, -119204, -578682, -956 
1721133860366.00, -119244, -581268, -900 
1721133860388.00, -119331, -583862, -844 
1721133860410.00, -118776, -586451, -773 
1721133860431.00, -114173, -589030, -698 
1721133860453.00, -106827, -591504, -578 
1721133860475.00, -95242, -593811, -492 
1721133860496.00, -52985, -595847, -437 
1721133860517.00, -27755, -597007, -390 
1721133860540.00, -12987, -597639, -330 
1721133860561.00, -4401, -597945, -321 
1721133860583.00, 109, -598050, -251 
1721133860607.00, 2640, -598053, -163 
1721133860626.00, 4303, -597999, -43 
1721133860647.00, 5188, -597898, 90 
1721133860669.00, 11109, -597771, 208 
1721133860691.00, 21554, -597532, 302 
1721133860712.00, 33300, -597065, 384 
1721133860734.00, 45486, -596358, 395 
1721133860756.00, 53054, -595385, 607 
1721133860777.00, 70245, -594227, 581 
1721133860799.00, 79003, -592707, 644 
1721133860821.00, 87751, -590991, 698 
1721133860841.00, 95888, -589094, 736 
1721133860863.00, 102922, -587003, 757 
1721133860885.00, 108444, -584758, 774 
1721133860907.00, 112723, -582401, 786 
1721133860929.00, 115688, -579949, 796 
1721133860951.00, 118034, -577418, 803 
1721133860973.00, 119678, -574850, 826 
1721133860995.00, 119295, -572259, 856 
1721133861015.00, 119278, -569654, 846 
1721133861038.00, 119406, -567052, 868 
1721133861059.00, 119385, -564458, 891 
1721133861081.00, 119466, -561860, 910 
1721133861103.00, 119366, -559266, 946 
1721133861123.00, 119317, -556664, 1004 
1721133861148.00, 119413, -554058, 993 
1721133861167.00, 119382, -551456, 1038 
1721133861188.00, 119312, -548842, 1074 
1721133861210.00, 119345, -546249, 1090 
1721133861232.00, 119460, -543632, 1091 
1721133861254.00, 119245, -541017, 1086 
1721133861276.00, 119356, -538418, 1094 
1721133861298.00, 119349, -535805, 1118 
1721133861319.00, 119453, -533202, 1129 
1721133861340.00, 119676, -530586, 1152 
1721133861363.00, 119634, -527964, 1197 
1721133861385.00, 119345, -525365, 1227 
1721133861407.00, 119250, -522760, 1247 
1721133861429.00, 119477, -520149, 1262 
1721133861450.00, 119465, -517534, 1257 
1721133861471.00, 119464, -514919, 1269 
1721133861494.00, 119334, -512315, 1283 
1721133861515.00, 119269, -509715, 1279 
1721133861537.00, 119543, -507103, 1263 
1721133861559.00, 119435, -504487, 1260 
1721133861582.00, 119442, -501877, 1286 
1721133861603.00, 119436, -499270, 1305 
1721133861624.00, 119572, -496670, 1323 
1721133861647.00, 119457, -494057, 1352 
1721133861668.00, 119425, -491432, 1385 
1721133861690.00, 119306, -488835, 1399 
1721133861715.00, 119306, -486221, 1412 
1721133861734.00, 119428, -483614, 1423 
1721133861756.00, 119424, -481008, 1432 
1721133861777.00, 119326, -478386, 1436 
1721133861799.00, 119467, -475778, 1447 
1721133861821.00, 119479, -473180, 1446 
1721133861843.00, 119484, -470576, 1433 
1721133861864.00, 119333, -467955, 1427 
1721133861886.00, 119327, -465349, 1420 
1721133861908.00, 119227, -462736, 1408 
1721133861930.00, 119396, -460130, 1371 
1721133861952.00, 119363, -457540, 1342 
1721133861973.00, 119305, -454925, 1321 
1721133861997.00, 119176, -452321, 1315 
1721133862017.00, 119108, -449714, 1307 
1721133862040.00, 119403, -447111, 1292 
1721133862061.00, 119387, -444514, 1270 
1721133862083.00, 119280, -441906, 1249 
1721133862105.00, 119176, -439298, 1226 
1721133862126.00, 119283, -436692, 1210 
1721133862148.00, 119520, -434089, 1212 
1721133862170.00, 119367, -431486, 1186 
1721133862193.00, 67141, -428897, 1146 
1721133862215.00, 36141, -427429, 1251 
1721133862238.00, 18046, -426621, 1170 
1721133862258.00, 7656, -426208, 1157 
1721133862280.00, 1378, -426036, 1105 
1721133862301.00, -1763, -426007, 901 
1721133862323.00, -4234, -426044, 621 
1721133862344.00, -5577, -426140, 336 
1721133862366.00, -6218, -426268, 143 
1721133862387.00, -6130, -426417, -36 
1721133862408.00, -8605, -426562, -215 
1721133862431.00, -20315, -426759, -454 
1721133862452.00, -41544, -427204, -605 
1721133862473.00, -63365, -428088, -621 
1721133862495.00, -77252, -429454, -718 
1721133862517.00, -91167, -431138, -764 
1721133862538.00, -102199, -433106, -778 
1721133862560.00, -109455, -435357, -824 
1721133862582.00, -116458, -437744, -873 
1721133862604.00, -119702, -440268, -898 
1721133862625.00, -119473, -442879, -965 
1721133862647.00, -119390, -445483, -957 
1721133862668.00, -119371, -448077, -1047 
1721133862691.00, -119586, -450686, -989 
1721133862711.00, -119497, -453288, -1040 
1721133862733.00, -119289, -455887, -1057 
1721133862755.00, -119275, -458502, -1053 
1721133862777.00, -119414, -461112, -1052 
1721133862798.00, -119512, -463712, -1107 
1721133862820.00, -119452, -466319, -1095 
1721133862842.00, -119081, -468941, -1089 
1721133862864.00, -119038, -471540, -1024 
1721133862887.00, -119328, -474142, -992 
1721133862909.00, -119429, -476739, -996 
1721133862931.00, -119519, -479333, -997 
1721133862950.00, -119266, -481926, -1012 
1721133862973.00, -119226, -484550, -999 
1721133862999.00, -119284, -487143, -949 
1721133863017.00, -119515, -489723, -932 
1721133863039.00, -119424, -492334, -970 
1721133863061.00, -119336, -494920, -976 
1721133863082.00, -119408, -497523, -932 
1721133863105.00, -119341, -500132, -931 
1721133863126.00, -119589, -502719, -950 
1721133863148.00, -119420, -505309, -971 
1721133863168.00, -119362, -507917, -1004 
1721133863190.00, -119498, -510532, -1013 
1721133863212.00, -119250, -513143, -1046 
1721133863234.00, -119291, -515743, -1033 
1721133863254.00, -119271, -518345, -1029 
1721133863276.00, -119202, -520959, -1027 
1721133863299.00, -119362, -523571, -1003 
1721133863323.00, -119435, -526180, -980 
1721133863344.00, -119326, -528768, -976 
1721133863365.00, -119366, -531361, -972 
1721133863387.00, -119279, -533965, -953 
1721133863409.00, -119338, -536565, -924 
1721133863431.00, -119418, -539156, -915 
1721133863452.00, -119394, -541754, -911 
1721133863474.00, -119530, -544350, -921 
1721133863496.00, -119272, -546941, -906 
1721133863518.00, -119300, -549555, -886 
1721133863543.00, -119369, -552144, -874 
1721133863561.00, -119400, -554726, -846 
1721133863583.00, -119040, -557325, -823 
1721133863604.00, -117319, -559909, -787 
1721133863626.00, -114159, -562457, -733 
1721133863648.00, -109036, -564937, -694 
1721133863670.00, -103542, -567301, -690 
1721133863691.00, -100099, -569551, -675 
1721133863713.00, -97243, -571719, -641 
1721133863735.00, -93521, -573825, -652 
1721133863755.00, -92038, -575855, -660 
1721133863783.00, -91588, -577835, -643 
1721133863799.00, -90351, -579809, -654 
1721133863821.00, -90325, -581784, -644 
1721133863842.00, -89777, -583731, -654 
1721133863864.00, -89750, -585680, -659 
1721133863886.00, -90233, -587618, -631 
1721133863908.00, -89053, -589574, -629 
1721133863929.00, -88038, -591500, -622 
1721133863952.00, -87080, -593399, -601 
1721133863972.00, -48746, -595268, -532 
1721133863995.00, -25434, -596325, -497 
1721133864015.00, -11931, -596904, -408 
1721133864037.00, -4280, -597185, -419 
1721133864058.00, 62, -597288, -440 
1721133864080.00, 2205, -597295, -369 
1721133864102.00, 4075, -597253, -268 
1721133864124.00, 5010, -597156, -86 
1721133864145.00, 5584, -597037, 73 
1721133864167.00, 10440, -596895, 236 
1721133864188.00, 22781, -596670, 390 
1721133864210.00, 39517, -596197, 399 
1721133864231.00, 49589, -595351, 639 
1721133864253.00, 70132, -594275, 681 
1721133864274.00, 84694, -592755, 699 
1721133864296.00, 94477, -590912, 749 
1721133864318.00, 102859, -588870, 831 
1721133864340.00, 112816, -586604, 828 
1721133864362.00, 118498, -584151, 848 
1721133864383.00, 119549, -581566, 888 
1721133864405.00, 119526, -578965, 910 
1721133864427.00, 119509, -576361, 924 
1721133864448.00, 119436, -573758, 937 
1721133864470.00, 119405, -571169, 955 
1721133864492.00, 119347, -568570, 974 
1721133864514.00, 119398, -565969, 997 
1721133864535.00, 119501, -563373, 1003 
1721133864556.00, 119496, -560762, 1009 
1721133864578.00, 119418, -558152, 1039 
1721133864600.00, 119311, -555552, 1056 
1721133864621.00, 119333, -552944, 1066 
1721133864643.00, 119393, -550333, 1065 
1721133864665.00, 119354, -547722, 1069 
1721133864687.00, 119519, -545117, 1082 
1721133864708.00, 119509, -542512, 1086 
1721133864731.00, 119374, -539909, 1088 
1721133864752.00, 119162, -537292, 1097 
1721133864774.00, 119289, -534685, 1112 
1721133864795.00, 119484, -532071, 1130 
1721133864818.00, 119421, -529479, 1157 
1721133864840.00, 119321, -526862, 1173 
1721133864861.00, 119339, -524245, 1173 
1721133864883.00, 119431, -521648, 1198 
1721133864905.00, 119464, -519039, 1199 
1721133864927.00, 119309, -516433, 1205 
1721133864949.00, 119251, -513826, 1208 
1721133864971.00, 119395, -511206, 1204 
1721133864993.00, 119552, -508600, 1215 
1721133865014.00, 119347, -505996, 1244 
1721133865036.00, 119283, -503390, 1256 
1721133865058.00, 119308, -500779, 1271 
1721133865080.00, 119572, -498161, 1274 
1721133865101.00, 119552, -495561, 1294 
1721133865123.00, 119397, -492952, 1284 
1721133865145.00, 119218, -490352, 1291 
1721133865166.00, 119470, -487741, 1287 
1721133865189.00, 119459, -485124, 1319 
1721133865211.00, 119587, -482516, 1339 
1721133865232.00, 119419, -479912, 1373 
1721133865254.00, 119295, -477308, 1383 
1721133865276.00, 119464, -474688, 1394 
1721133865298.00, 119354, -472081, 1395 
1721133865320.00, 119377, -469474, 1414 
1721133865341.00, 119335, -466867, 1421 
1721133865363.00, 119405, -464262, 1406 
1721133865385.00, 119527, -461643, 1408 
1721133865406.00, 119353, -459031, 1424 
1721133865429.00, 119366, -456427, 1434 
1721133865450.00, 119271, -453825, 1427 
1721133865472.00, 119326, -451219, 1418 
1721133865494.00, 119369, -448605, 1407 
1721133865519.00, 119279, -446000, 1371 
1721133865537.00, 119303, -443404, 1348 
1721133865560.00, 119358, -440807, 1308 
1721133865581.00, 119219, -438200, 1266 
1721133865603.00, 119110, -435591, 1194 
1721133865628.00, 119112, -432993, 1094 
1721133865648.00, 119309, -430389, 996 
1721133865669.00, 67125, -427828, 915 
1721133865691.00, 36467, -426358, 963 
1721133865712.00, 18153, -425560, 851 
1721133865734.00, 7754, -425149, 821 
1721133865756.00, 1543, -424974, 781 
1721133865777.00, -1703, -424943, 620 
1721133865799.00, -3882, -424976, 442 
1721133865820.00, -5327, -425071, 228 
1721133865842.00, -6026, -425196, 41 
1721133865863.00, -5923, -425334, -154 
1721133865885.00, -14978, -425474, -252 
1721133865906.00, -26216, -425811, -495 
1721133865928.00, -47561, -426379, -612 
1721133865950.00, -67193, -427394, -628 
1721133865971.00, -79824, -428862, -715 
1721133865993.00, -92575, -430588, -751 
1721133866015.00, -101986, -432595, -779 
1721133866036.00, -109256, -434847, -804 
1721133866057.00, -115214, -437224, -830 
1721133866079.00, -119561, -439725, -851 
1721133866102.00, -119621, -442343, -862 
1721133866123.00, -119523, -444946, -878 
1721133866145.00, -119394, -447533, -882 
1721133866169.00, -119400, -450128, -952 
1721133866188.00, -119336, -452732, -933 
1721133866210.00, -119423, -455338, -966 
1721133866232.00, -119554, -457934, -985 
1721133866253.00, -119356, -460531, -995 
1721133866277.00, -119357, -463123, -1028 
1721133866296.00, -119322, -465715, -1035 
1721133866318.00, -119380, -468341, -1021 
1721133866339.00, -119562, -470958, -1027 
1721133866361.00, -119261, -473549, -1025 
1721133866383.00, -119328, -476161, -1035 
1721133866405.00, -119347, -478766, -1048 
1721133866427.00, -119419, -481370, -1060 
1721133866449.00, -119459, -483994, -1075 
1721133866470.00, -119577, -486604, -1087 
1721133866491.00, -119398, -489191, -1124 
1721133866514.00, -119537, -491820, -1133 
1721133866536.00, -119333, -494429, -1150 
1721133866558.00, -119381, -497032, -1177 
1721133866579.00, -119415, -499644, -1169 
1721133866601.00, -119387, -502252, -1155 
1721133866623.00, -119425, -504856, -1134 
1721133866644.00, -119355, -507468, -1128 
1721133866667.00, -119194, -510080, -1088 
1721133866688.00, -119260, -512672, -1025 
1721133866710.00, -119339, -515274, -1000 
1721133866733.00, -119186, -517890, -987 
1721133866755.00, -119462, -520487, -952 
1721133866777.00, -119250, -523077, -925 
1721133866798.00, -119453, -525673, -932 
1721133866820.00, -119413, -528264, -945 
1721133866841.00, -119340, -530852, -949 
1721133866864.00, -119489, -533478, -958 
1721133866886.00, -119222, -536073, -984 
1721133866907.00, -119338, -538658, -974 
1721133866928.00, -119293, -541263, -988 
1721133866952.00, -119188, -543859, -1008 
1721133866972.00, -119239, -546461, -988 
1721133866994.00, -119130, -549068, -987 
1721133867014.00, -119365, -551656, -1016 
1721133867037.00, -119405, -554252, -1017 
1721133867060.00, -119281, -556871, -992 
1721133867081.00, -119251, -559466, -973 
1721133867103.00, -119223, -562062, -941 
1721133867125.00, -119340, -564645, -917 
1721133867146.00, -119309, -567242, -905 
1721133867169.00, -119226, -569837, -856 
1721133867190.00, -119213, -572425, -811 
1721133867212.00, -116552, -575026, -766 
1721133867233.00, -112485, -577548, -728 
1721133867255.00, -107720, -579981, -697 
1721133867277.00, -102892, -582336, -650 
1721133867298.00, -97272, -584567, -600 
1721133867320.00, -90911, -586659, -571 
1721133867341.00, -85545, -588637, -542 
1721133867363.00, -80468, -590474, -475 
1721133867384.00, -73627, -592215, -439 
1721133867406.00, -67403, -593806, -396 
1721133867428.00, -36834, -595251, -353 
1721133867450.00, -18586, -596071, -320 
1721133867472.00, -8051, -596493, -280 
1721133867493.00, -1976, -596684, -313 
1721133867514.00, 849, -596736, -323 
1721133867536.00, 2937, -596726, -286 
1721133867557.00, 4190, -596665, -232 
1721133867579.00, 5123, -596565, -115 
1721133867601.00, 5612, -596449, 8 
1721133867622.00, 5521, -596320, 110 
1721133867644.00, 12399, -596185, 222 
1721133867665.00, 23310, -595922, 324 
1721133867687.00, 35465, -595435, 397 
1721133867708.00, 47341, -594676, 399 
1721133867730.00, 54338, -593647, 590 
1721133867752.00, 69778, -592473, 614 
1721133867775.00, 80286, -590955, 636 
1721133867795.00, 87685, -589215, 716 
1721133867816.00, 96775, -587307, 742 
1721133867839.00, 103717, -585203, 760 
1721133867861.00, 108867, -582941, 785 
1721133867882.00, 113214, -580558, 816 
1721133867904.00, 117615, -578088, 836 
1721133867925.00, 119529, -575527, 843 
1721133867947.00, 119362, -572922, 869 
1721133867969.00, 119295, -570326, 869 
1721133867990.00, 119293, -567733, 876 
1721133868012.00, 119354, -565125, 904 
1721133868034.00, 119375, -562537, 910 
1721133868056.00, 119331, -559936, 906 
1721133868078.00, 119461, -557332, 929 
1721133868099.00, 119265, -554733, 984 
1721133868120.00, 119270, -552144, 982 
1721133868143.00, 119387, -549548, 994 
1721133868164.00, 119316, -546946, 1023 
1721133868185.00, 119469, -544331, 1028 
1721133868207.00, 119305, -541730, 1030 
1721133868229.00, 119280, -539126, 1031 
1721133868251.00, 119347, -536516, 1040 
1721133868272.00, 119303, -533901, 1022 
1721133868294.00, 119504, -531295, 1005 
1721133868316.00, 119582, -528686, 1044 
1721133868338.00, 119283, -526078, 1058 
1721133868360.00, 119306, -523472, 1063 
1721133868381.00, 119577, -520861, 1102 
1721133868403.00, 119177, -518253, 1095 
1721133868425.00, 119482, -515639, 1123 
1721133868447.00, 119319, -513040, 1134 
1721133868469.00, 119495, -510428, 1136 
1721133868491.00, 119514, -507811, 1146 
1721133868512.00, 119419, -505203, 1155 
1721133868535.00, 119323, -502601, 1157 
1721133868556.00, 119386, -499993, 1159 
1721133868578.00, 119292, -497386, 1178 
1721133868600.00, 119531, -494762, 1198 
1721133868621.00, 119396, -492157, 1211 
1721133868643.00, 119438, -489549, 1223 
1721133868665.00, 119505, -486946, 1238 
1721133868687.00, 119392, -484328, 1246 
1721133868708.00, 119362, -481721, 1249 
1721133868731.00, 119553, -479110, 1278 
1721133868752.00, 119446, -476494, 1322 
1721133868774.00, 119406, -473895, 1334 
1721133868796.00, 119339, -471277, 1329 
1721133868818.00, 119317, -468664, 1338 
1721133868840.00, 119264, -466057, 1354 
1721133868861.00, 119372, -463442, 1357 
1721133868883.00, 119586, -460852, 1335 
1721133868908.00, 119426, -458234, 1327 
1721133868927.00, 119287, -455627, 1310 
1721133868949.00, 119150, -453028, 1297 
1721133868970.00, 119416, -450414, 1290 
1721133868991.00, 119451, -447814, 1276 
1721133869015.00, 119388, -445197, 1265 
1721133869035.00, 119210, -442594, 1274 
1721133869058.00, 119216, -439994, 1263 
1721133869079.00, 119350, -437378, 1263 
1721133869101.00, 119206, -434778, 1236 
1721133869125.00, 119133, -432175, 1204 
1721133869146.00, 67165, -429588, 1179 
1721133869168.00, 36371, -428127, 1306 
1721133869190.00, 18172, -427322, 1231 
1721133869211.00, 7664, -426905, 1259 
1721133869237.00, 1391, -426726, 1231 
1721133869254.00, -1658, -426695, 1048 
1721133869276.00, -4222, -426727, 786 
1721133869297.00, -5605, -426825, 470 
1721133869319.00, -6041, -426955, 206 
1721133869344.00, -6332, -427112, -21 
1721133869362.00, -7658, -427260, -212 
1721133869384.00, -19722, -427447, -502 
1721133869405.00, -43989, -427877, -660 
1721133869427.00, -68238, -428808, -683 
1721133869450.00, -83861, -430278, -796 
1721133869470.00, -99743, -432112, -849 
1721133869492.00, -112391, -434279, -871 
1721133869513.00, -119904, -436736, -906 
1721133869535.00, -119361, -439343, -921 
1721133869556.00, -119546, -441949, -907 
1721133869578.00, -119275, -444560, -997 
1721133869600.00, -119579, -447143, -998 
1721133869620.00, -119413, -449738, -1035 
1721133869642.00, -119415, -452356, -1050 
1721133869664.00, -119450, -454970, -1057 
1721133869686.00, -119364, -457572, -1062 
1721133869707.00, -119499, -460182, -1084 
1721133869730.00, -119397, -462791, -1109 
1721133869751.00, -119355, -465388, -1119 
1721133869773.00, -119237, -468014, -1121 
1721133869795.00, -119316, -470620, -1134 
1721133869817.00, -119587, -473211, -1158 
1721133869839.00, -119485, -475833, -1186 
1721133869861.00, -119381, -478443, -1190 
1721133869882.00, -119068, -481048, -1190 
1721133869904.00, -119275, -483672, -1194 
1721133869926.00, -119489, -486273, -1194 
1721133869948.00, -119471, -488861, -1191 
1721133869970.00, -119294, -491484, -1184 
1721133869991.00, -119201, -494106, -1175 
1721133870013.00, -119418, -496699, -1179 
1721133870035.00, -119504, -499306, -1179 
1721133870056.00, -119407, -501918, -1174 
1721133870078.00, -119216, -504521, -1162 
1721133870101.00, -119511, -507138, -1133 
1721133870122.00, -119449, -509748, -1127 
1721133870144.00, -119460, -512349, -1107 
1721133870166.00, -119436, -514943, -1103 
1721133870188.00, -119314, -517566, -1096 
1721133870209.00, -119331, -520187, -1073 
1721133870231.00, -119537, -522778, -1071 
1721133870253.00, -119363, -525394, -1091 
1721133870274.00, -119298, -527993, -1104 
1721133870297.00, -119384, -530593, -1092 
1721133870319.00, -119427, -533228, -1096 
1721133870341.00, -119385, -535836, -1107 
1721133870362.00, -119579, -538428, -1125 
1721133870384.00, -119352, -541047, -1141 
1721133870406.00, -119551, -543653, -1144 
1721133870428.00, -119352, -546262, -1118 
1721133870449.00, -119501, -548871, -1106 
1721133870471.00, -119409, -551473, -1098 
1721133870493.00, -119283, -554072, -1092 
1721133870514.00, -119423, -556682, -1064 
1721133870536.00, -119344, -559297, -1031 
1721133870560.00, -119242, -561895, -992 
1721133870581.00, -119331, -564487, -989 
1721133870603.00, -119218, -567084, -953 
1721133870624.00, -119426, -569676, -876 
1721133870647.00, -119414, -572266, -829 
1721133870669.00, -119220, -574862, -811 
1721133870689.00, -119439, -577451, -778 
1721133870711.00, -119242, -580037, -780 
1721133870733.00, -119175, -582652, -765 
1721133870755.00, -118120, -585240, -721 
1721133870777.00, -114862, -587789, -679 
1721133870798.00, -110106, -590286, -658 
1721133870820.00, -105825, -592677, -617 
1721133870841.00, -100823, -594973, -544 
1721133870864.00, -60226, -597135, -472 
1721133870886.00, -35941, -598452, -433 
1721133870907.00, -21652, -599239, -321 
1721133870928.00, -13292, -599719, -268 
1721133870950.00, -8459, -600014, -248 
1721133870972.00, -5563, -600200, -195 
1721133870993.00, -3536, -600310, -94 
1721133871015.00, -2456, -600383, 31 
1721133871036.00, 0, -600419, 163 
1721133871057.00, 8900, -600420, 258 
1721133871079.00, 20259, -600247, 327 
1721133871102.00, 31151, -599817, 404 
1721133871122.00, 42417, -599154, 409 
1721133871144.00, 49255, -598238, 568 
1721133871166.00, 62969, -597160, 579 
1721133871187.00, 71846, -595803, 628 
1721133871209.00, 80095, -594237, 662 
1721133871230.00, 87002, -592507, 691 
1721133871252.00, 92551, -590617, 705 
1721133871273.00, 96794, -588620, 719 
1721133871295.00, 99991, -586508, 736 
1721133871318.00, 102929, -584337, 759 
1721133871339.00, 106101, -582091, 786 
1721133871360.00, 109427, -579789, 799 
1721133871382.00, 112287, -577388, 811 
1721133871404.00, 114595, -574952, 828 
1721133871425.00, 116987, -572462, 846 
1721133871447.00, 119458, -569906, 861 
1721133871469.00, 119505, -567305, 872 
1721133871491.00, 119522, -564709, 915 
1721133871513.00, 119370, -562116, 935 
1721133871536.00, 119450, -559515, 951 
1721133871556.00, 119508, -556911, 982 
1721133871577.00, 119422, -554318, 1010 
1721133871598.00, 119416, -551711, 1014 
1721133871620.00, 119419, -549101, 1012 
1721133871641.00, 119356, -546498, 1010 
1721133871663.00, 119499, -543885, 1010 
1721133871687.00, 119445, -541271, 997 
1721133871708.00, 119424, -538687, 1006 
1721133871729.00, 119500, -536079, 1017 
1721133871751.00, 119385, -533468, 1024 
1721133871772.00, 119293, -530851, 1035 
1721133871794.00, 119550, -528241, 1061 
1721133871816.00, 119585, -525636, 1089 
1721133871838.00, 119479, -523038, 1100 
1721133871860.00, 119375, -520419, 1114 
1721133871881.00, 119336, -517807, 1150 
1721133871903.00, 119516, -515197, 1180 
1721133871925.00, 119336, -512588, 1191 
1721133871946.00, 119303, -509994, 1193 
1721133871969.00, 119304, -507373, 1225 
1721133871991.00, 119450, -504759, 1239 
1721133872013.00, 119385, -502162, 1236 
1721133872034.00, 119401, -499542, 1253 
1721133872056.00, 119374, -496944, 1251 
1721133872078.00, 119384, -494330, 1251 
1721133872100.00, 119528, -491710, 1263 
1721133872122.00, 119615, -489109, 1274 
1721133872144.00, 119360, -486499, 1276 
1721133872165.00, 119166, -483894, 1287 
1721133872189.00, 119396, -481282, 1279 
1721133872209.00, 119470, -478671, 1278 
1721133872231.00, 119533, -476062, 1290 
1721133872252.00, 119333, -473470, 1288 
1721133872274.00, 119149, -470861, 1281 
1721133872301.00, 119486, -468237, 1285 
1721133872318.00, 119443, -465633, 1300 
1721133872340.00, 119481, -463019, 1300 
1721133872361.00, 119383, -460425, 1295 
1721133872384.00, 119363, -457821, 1298 
1721133872405.00, 119482, -455201, 1304 
1721133872427.00, 119447, -452602, 1305 
1721133872449.00, 119541, -449988, 1317 
1721133872471.00, 119378, -447385, 1333 
1721133872493.00, 119381, -444784, 1355 
1721133872514.00, 119417, -442164, 1324 
1721133872536.00, 119317, -439568, 1320 
1721133872557.00, 119324, -436955, 1310 
1721133872580.00, 119157, -434364, 1249 
1721133872601.00, 119061, -431767, 1104 
1721133872624.00, 67010, -429177, 966 
1721133872646.00, 36037, -427726, 901 
1721133872668.00, 17815, -426936, 750 
1721133872689.00, 7307, -426529, 672 
1721133872710.00, 1151, -426362, 535 
1721133872732.00, -1974, -426339, 332 
1721133872753.00, -4140, -426391, 105 
1721133872775.00, -5090, -426486, -58 
1721133872797.00, -9703, -426601, -207 
1721133872818.00, -20953, -426814, -459 
1721133872845.00, -42444, -427268, -650 
1721133872861.00, -66700, -428175, -680 
1721133872883.00, -82980, -429611, -735 
1721133872905.00, -95630, -431413, -817 
1721133872926.00, -108113, -433488, -850 
1721133872948.00, -117452, -435858, -870 
1721133872970.00, -119682, -438428, -919 
1721133872991.00, -119435, -441023, -944 
1721133873014.00, -119373, -443631, -970 
1721133873034.00, -119377, -446227, -1012 
1721133873055.00, -119491, -448824, -1024 
1721133873078.00, -119486, -451451, -1010 
1721133873099.00, -119414, -454060, -1045 
1721133873121.00, -119314, -456650, -1079 
1721133873143.00, -119353, -459264, -1088 
1721133873164.00, -119456, -461879, -1091 
1721133873187.00, -119560, -464494, -1104 
1721133873208.00, -119475, -467099, -1128 
1721133873230.00, -119366, -469710, -1142 
1721133873252.00, -119344, -472309, -1142 
1721133873274.00, -119395, -474924, -1147 
1721133873295.00, -119466, -477539, -1140 
1721133873317.00, -119449, -480139, -1149 
1721133873339.00, -119471, -482740, -1141 
1721133873361.00, -119472, -485354, -1139 
1721133873383.00, -119218, -487971, -1138 
1721133873405.00, -119310, -490571, -1120 
1721133873427.00, -119269, -493185, -1116 
1721133873448.00, -119422, -495781, -1137 
1721133873470.00, -119384, -498382, -1151 
1721133873492.00, -119502, -501011, -1139 
1721133873514.00, -119237, -503620, -1098 
1721133873535.00, -119263, -506218, -1090 
1721133873557.00, -119253, -508826, -1093 
1721133873579.00, -119234, -511433, -1098 
1721133873601.00, -119385, -514034, -1109 
1721133873622.00, -119171, -516652, -1093 
1721133873645.00, -119316, -519264, -1099 
1721133873666.00, -119537, -521854, -1120 
1721133873688.00, -119294, -524467, -1123 
1721133873710.00, -119276, -527086, -1103 
1721133873732.00, -119162, -529679, -1093 
1721133873753.00, -119276, -532289, -1094 
1721133873775.00, -119455, -534888, -1093 
1721133873797.00, -119382, -537495, -1068 
1721133873819.00, -119270, -540110, -1046 
1721133873841.00, -119225, -542719, -1023 
1721133873864.00, -119260, -545319, -991 
1721133873886.00, -119490, -547906, -981 
1721133873907.00, -119339, -550504, -970 
1721133873929.00, -119265, -553103, -925 
1721133873950.00, -119269, -555699, -903 
1721133873973.00, -119384, -558292, -888 
1721133873994.00, -119537, -560878, -873 
1721133874016.00, -119421, -563457, -845 
1721133874038.00, -118806, -566073, -811 
1721133874059.00, -116499, -568660, -789 
1721133874081.00, -113916, -571172, -776 
1721133874103.00, -111344, -573655, -769 
1721133874125.00, -109564, -576082, -745 
1721133874146.00, -106948, -578459, -704 
1721133874168.00, -103038, -580779, -715 
1721133874190.00, -101163, -583022, -730 
1721133874211.00, -101209, -585235, -675 
1721133874233.00, -97928, -587419, -661 
1721133874254.00, -95085, -589536, -645 
1721133874276.00, -92277, -591599, -593 
1721133874298.00, -87586, -593590, -532 
1721133874320.00, -48853, -595471, -482 
1721133874341.00, -25405, -596540, -461 
1721133874363.00, -11926, -597120, -387 
1721133874384.00, -4070, -597398, -396 
1721133874406.00, 102, -597499, -401 
1721133874428.00, 2256, -597504, -366 
1721133874449.00, 4067, -597463, -317 
1721133874471.00, 5116, -597373, -205 
1721133874492.00, 5803, -597258, -87 
1721133874514.00, 5879, -597129, 9 
1721133874535.00, 5958, -596995, 124 
1721133874557.00, 13398, -596849, 241 
1721133874578.00, 24925, -596565, 301 
1721133874600.00, 35021, -596044, 378 
1721133874622.00, 45829, -595303, 391 
1721133874644.00, 52731, -594306, 562 
1721133874665.00, 67009, -593159, 551 
1721133874687.00, 74888, -591715, 567 
1721133874709.00, 80471, -590078, 605 
1721133874730.00, 86008, -588348, 641 
1721133874752.00, 91433, -586477, 659 
1721133874773.00, 95575, -584493, 693 
1721133874795.00, 100002, -582427, 739 
1721133874821.00, 105297, -580244, 735 
1721133874838.00, 107944, -577961, 755 
1721133874860.00, 110706, -575613, 790 
1721133874882.00, 114330, -573187, 825 
1721133874903.00, 118335, -570709, 840 
1721133874926.00, 119429, -568127, 854 
1721133874947.00, 119385, -565530, 883 
1721133874969.00, 119435, -562933, 897 
1721133874990.00, 119465, -560324, 879 
1721133875012.00, 119205, -557729, 909 
1721133875033.00, 119325, -555142, 923 
1721133875056.00, 119579, -552546, 936 
1721133875077.00, 119465, -549944, 958 
1721133875099.00, 119445, -547347, 966 
1721133875121.00, 119406, -544746, 964 
1721133875143.00, 119281, -542151, 977 
1721133875164.00, 119546, -539563, 979 
1721133875186.00, 119461, -536957, 978 
1721133875208.00, 119326, -534354, 975 
1721133875230.00, 119376, -531754, 978 
1721133875252.00, 119313, -529173, 981 
1721133875273.00, 119478, -526582, 984 
1721133875294.00, 119464, -523976, 992 
1721133875316.00, 119380, -521373, 997 
1721133875337.00, 119446, -518779, 1017 
1721133875364.00, 119346, -516168, 1031 
1721133875381.00, 119393, -513567, 1043 
1721133875402.00, 119432, -510950, 1056 
1721133875424.00, 119525, -508335, 1068 
1721133875446.00, 119457, -505733, 1091 
1721133875470.00, 119553, -503131, 1093 
1721133875490.00, 119370, -500513, 1119 
1721133875511.00, 119404, -497902, 1153 
1721133875533.00, 119396, -495283, 1180 
1721133875555.00, 119581, -492678, 1202 
1721133875577.00, 119422, -490075, 1235 
1721133875598.00, 119365, -487465, 1261 
1721133875620.00, 119365, -484843, 1297 
1721133875642.00, 119449, -482242, 1330 
1721133875664.00, 119514, -479631, 1335 
1721133875689.00, 119408, -477022, 1353 
1721133875708.00, 119308, -474418, 1352 
1721133875730.00, 119183, -471801, 1341 
1721133875751.00, 119202, -469200, 1327 
1721133875773.00, 119370, -466590, 1353 
1721133875796.00, 119309, -463991, 1352 
1721133875817.00, 119197, -461373, 1346 
1721133875838.00, 119149, -458765, 1359 
1721133875860.00, 119207, -456164, 1353 
1721133875882.00, 119631, -453553, 1336 
1721133875908.00, 119352, -450960, 1315 
1721133875926.00, 119138, -448347, 1309 
1721133875947.00, 119076, -445735, 1278 
1721133875969.00, 119191, -443139, 1249 
1721133875991.00, 119260, -440548, 1219 
1721133876013.00, 119411, -437945, 1180 
1721133876035.00, 119168, -435327, 1134 
1721133876057.00, 119119, -432725, 1074 
1721133876078.00, 119318, -430128, 1025 
1721133876101.00, 67221, -427549, 940 
1721133876123.00, 36449, -426086, 988 
1721133876144.00, 18570, -425287, 861 
1721133876166.00, 8496, -424880, 821 
1721133876188.00, 1849, -424696, 777 
1721133876209.00, -1459, -424656, 602 
1721133876232.00, -3987, -424685, 416 
1721133876252.00, -5133, -424774, 211 
1721133876273.00, -5661, -424903, 48 
1721133876295.00, -5809, -425039, -128 
1721133876317.00, -13718, -425169, -200 
1721133876338.00, -22338, -425471, -446 
1721133876360.00, -42358, -425959, -560 
1721133876381.00, -61074, -426848, -532 
1721133876403.00, -70575, -428184, -643 
1721133876425.00, -82713, -429711, -714 
1721133876447.00, -94190, -431508, -721 
1721133876468.00, -101257, -433553, -773 
1721133876490.00, -108366, -435770, -832 
1721133876511.00, -116111, -438146, -872 
1721133876533.00, -119784, -440666, -906 
1721133876559.00, -119467, -443274, -955 
1721133876577.00, -119405, -445877, -968 
1721133876598.00, -119453, -448475, -981 
1721133876619.00, -119333, -451075, -987 
1721133876642.00, -119542, -453671, -982 
1721133876664.00, -119494, -456257, -985 
1721133876685.00, -119307, -458867, -993 
1721133876706.00, -119384, -461474, -990 
1721133876729.00, -119361, -464061, -993 
1721133876751.00, -119419, -466652, -999 
1721133876770.00, -119411, -469253, -1012 
1721133876793.00, -119358, -471859, -1015 
1721133876815.00, -119371, -474471, -1023 
1721133876836.00, -119379, -477089, -1020 
1721133876858.00, -119425, -479689, -1031 
1721133876880.00, -119463, -482284, -1032 
1721133876901.00, -119339, -484905, -1024 
1721133876924.00, -119133, -487516, -1014 
1721133876945.00, -119262, -490115, -1037 
1721133876967.00, -119557, -492733, -1055 
1721133876989.00, -119515, -495337, -1077 
1721133877010.00, -119321, -497937, -1091 
1721133877033.00, -119112, -500564, -1074 
1721133877055.00, -119419, -503176, -1048 
1721133877076.00, -119626, -505771, -1045 
1721133877098.00, -119466, -508378, -1054 
1721133877124.00, -119298, -510993, -1031 
1721133877142.00, -119545, -513597, -1006 
1721133877165.00, -119452, -516210, -983 
1721133877187.00, -119376, -518804, -983 
1721133877208.00, -119313, -521397, -987 
1721133877230.00, -119305, -523999, -961 
1721133877252.00, -119364, -526604, -929 
1721133877273.00, -119470, -529188, -899 
1721133877295.00, -119364, -531770, -870 
1721133877316.00, -119340, -534376, -829 
1721133877338.00, -119227, -536971, -784 
1721133877360.00, -119357, -539573, -763 
1721133877382.00, -118254, -542172, -757 
1721133877403.00, -117021, -544734, -763 
1721133877425.00, -116598, -547265, -766 
1721133877447.00, -116312, -549830, -764 
1721133877468.00, -115759, -552361, -778 
1721133877490.00, -116391, -554873, -788 
1721133877512.00, -117316, -557408, -799 
1721133877534.00, -118362, -559965, -803 
1721133877555.00, -119179, -562543, -809 
1721133877577.00, -119433, -565136, -812 
1721133877599.00, -119344, -567736, -821 
1721133877620.00, -119380, -570326, -821 
1721133877643.00, -119330, -572926, -809 
1721133877668.00, -119170, -575528, -787 
1721133877686.00, -118440, -578118, -759 
1721133877708.00, -116101, -580677, -742 
1721133877730.00, -113591, -583215, -745 
1721133877751.00, -111944, -585685, -709 
1721133877778.00, -108917, -588114, -647 
1721133877794.00, -103529, -590480, -615 
1721133877816.00, -98216, -592726, -553 
1721133877838.00, -57630, -594830, -475 
1721133877860.00, -33069, -596081, -449 
1721133877881.00, -18787, -596820, -384 
1721133877902.00, -10316, -597244, -334 
1721133877925.00, -5546, -597479, -282 
1721133877946.00, -2783, -597600, -216 
1721133877967.00, -1138, -597657, -108 
1721133877989.00, -106, -597673, 24 
1721133878010.00, 1297, -597664, 158 
1721133878031.00, 10543, -597636, 270 
1721133878054.00, 22922, -597411, 353 
1721133878075.00, 35880, -596924, 403 
1721133878102.00, 46164, -596162, 595 
1721133878119.00, 63850, -595182, 615 
1721133878140.00, 75301, -593794, 624 
1721133878162.00, 82621, -592170, 679 
1721133878183.00, 89990, -590362, 694 
1721133878206.00, 95305, -588424, 702 
1721133878226.00, 98853, -586349, 719 
1721133878249.00, 101883, -584195, 747 
1721133878270.00, 105338, -581979, 770 
1721133878292.00, 108805, -579684, 787 
1721133878317.00, 111887, -577298, 808 
1721133878335.00, 114895, -574877, 816 
1721133878356.00, 117087, -572373, 819 
1721133878379.00, 118558, -569829, 834 
1721133878401.00, 119484, -567243, 850 
1721133878426.00, 119389, -564639, 861 
1721133878444.00, 119280, -562044, 883 
1721133878466.00, 119328, -559458, 909 
1721133878487.00, 119544, -556850, 932 
1721133878509.00, 119474, -554256, 925 
1721133878532.00, 119477, -551654, 948 
1721133878552.00, 119196, -549054, 981 
1721133878574.00, 119170, -546457, 993 
1721133878596.00, 119282, -543858, 996 
1721133878617.00, 119363, -541263, 1010 
1721133878645.00, 119461, -538666, 1027 
1721133878660.00, 119428, -536054, 1040 
1721133878682.00, 119413, -533441, 1044 
1721133878704.00, 119171, -530833, 1045 
1721133878726.00, 119316, -528217, 1055 
1721133878748.00, 119421, -525618, 1064 
1721133878769.00, 119452, -523023, 1068 
1721133878791.00, 119252, -520406, 1071 
1721133878813.00, 119147, -517791, 1066 
1721133878835.00, 119329, -515186, 1068 
1721133878860.00, 119407, -512585, 1086 
1721133878878.00, 119372, -509981, 1091 
1721133878900.00, 119336, -507374, 1097 
1721133878922.00, 119464, -504756, 1100 
1721133878943.00, 119413, -502157, 1098 
1721133878968.00, 119473, -499543, 1087 
1721133878988.00, 119337, -496942, 1090 
1721133879009.00, 119290, -494331, 1069 
1721133879031.00, 119499, -491712, 1059 
1721133879053.00, 119405, -489116, 1061 
1721133879074.00, 119345, -486510, 1055 
1721133879096.00, 119267, -483897, 1048 
1721133879118.00, 119373, -481289, 1047 
1721133879140.00, 119457, -478686, 1059 
1721133879161.00, 119481, -476071, 1066 
1721133879184.00, 119397, -473476, 1074 
1721133879205.00, 119187, -470868, 1077 
1721133879227.00, 119358, -468246, 1078 
1721133879249.00, 119402, -465639, 1076 
1721133879271.00, 119433, -463025, 1078 
1721133879292.00, 119463, -460427, 1086 
1721133879315.00, 119378, -457821, 1110 
1721133879337.00, 119425, -455200, 1132 
1721133879358.00, 119412, -452598, 1148 
1721133879380.00, 119449, -449984, 1162 
1721133879401.00, 119379, -447384, 1181 
1721133879423.00, 119349, -444776, 1170 
1721133879446.00, 119355, -442170, 1155 
1721133879468.00, 119332, -439562, 1148 
1721133879490.00, 119404, -436957, 1134 
1721133879512.00, 119454, -434351, 1116 
1721133879532.00, 119263, -431750, 1092 
1721133879556.00, 67391, -429152, 1056 
1721133879577.00, 36417, -427685, 1191 
1721133879599.00, 18253, -426880, 1038 
1721133879622.00, 7920, -426462, 1044 
1721133879642.00, 1405, -426284, 998 
1721133879664.00, -1933, -426257, 743 
1721133879685.00, -4391, -426294, 436 
1721133879706.00, -5658, -426399, 154 
1721133879728.00, -6010, -426540, -136 
1721133879750.00, -14290, -426681, -267 
1721133879771.00, -27083, -427002, -563 
1721133879794.00, -52557, -427585, -697 
1721133879815.00, -75647, -428702, -688 
1721133879837.00, -88635, -430329, -770 
1721133879858.00, -101176, -432263, -825 
1721133879880.00, -111841, -434480, -816 
1721133879902.00, -117518, -436910, -825 
1721133879923.00, -119635, -439466, -859 
1721133879945.00, -119327, -442083, -898 
1721133879966.00, -119221, -444684, -927 
1721133879988.00, -119480, -447275, -930 
1721133880010.00, -119567, -449868, -976 
1721133880031.00, -119467, -452481, -994 
1721133880053.00, -119161, -455076, -968 
1721133880075.00, -119341, -457673, -963 
1721133880097.00, -119559, -460274, -987 
1721133880118.00, -119555, -462861, -998 
1721133880139.00, -119473, -465455, -1012 
1721133880161.00, -119188, -468078, -1023 
1721133880183.00, -119404, -470692, -1042 
1721133880205.00, -119607, -473285, -1069 
1721133880227.00, -119606, -475901, -1107 
1721133880248.00, -119383, -478510, -1132 
1721133880270.00, -119205, -481121, -1135 
1721133880292.00, -119391, -483740, -1144 
1721133880314.00, -119455, -486341, -1138 
1721133880335.00, -119432, -488938, -1132 
1721133880357.00, -119262, -491550, -1105 
1721133880379.00, -119416, -494169, -1103 
1721133880400.00, -119400, -496766, -1115 
1721133880423.00, -119489, -499372, -1105 
1721133880445.00, -119379, -501980, -1100 
1721133880466.00, -119239, -504597, -1120 
1721133880488.00, -119264, -507208, -1112 
1721133880510.00, -119607, -509821, -1085 
1721133880532.00, -119354, -512410, -1092 
1721133880554.00, -119311, -515016, -1115 
1721133880575.00, -119256, -517637, -1104 
1721133880598.00, -119356, -520247, -1092 
1721133880619.00, -119456, -522850, -1093 
1721133880641.00, -119509, -525458, -1115 
1721133880663.00, -119373, -528060, -1101 
1721133880685.00, -119412, -530659, -1078 
1721133880706.00, -119257, -533281, -1060 
1721133880728.00, -119332, -535893, -1039 
1721133880750.00, -119399, -538487, -1032 
1721133880772.00, -119281, -541103, -1035 
1721133880794.00, -119430, -543711, -1029 
1721133880817.00, -119264, -546309, -979 
1721133880838.00, -119282, -548905, -931 
1721133880860.00, -119322, -551500, -931 
1721133880882.00, -119270, -554094, -901 
1721133880903.00, -119333, -556687, -860 
1721133880925.00, -119344, -559289, -826 
1721133880947.00, -117923, -561873, -800 
1721133880969.00, -115504, -564428, -792 
1721133880990.00, -113282, -566940, -802 
1721133881013.00, -112652, -569407, -803 
1721133881034.00, -112149, -571851, -791 
1721133881056.00, -111373, -574299, -807 
1721133881078.00, -111905, -576722, -817 
1721133881098.00, -112590, -579156, -808 
1721133881121.00, -112577, -581612, -787 
1721133881143.00, -111374, -584059, -751 
1721133881176.00, -108535, -586475, -748 
1721133881189.00, -106667, -588841, -708 
1721133881207.00, -102986, -591150, -647 
1721133881229.00, -97271, -593383, -598 
1721133881251.00, -54448, -595469, -552 
1721133881273.00, -28889, -596656, -556 
1721133881294.00, -13837, -597304, -469 
1721133881316.00, -5399, -597622, -424 
1721133881337.00, -181, -597750, -474 
1721133881359.00, 2026, -597763, -443 
1721133881380.00, 3508, -597728, -378 
1721133881402.00, 4797, -597648, -296 
1721133881424.00, 5328, -597544, -221 
1721133881446.00, 5418, -597426, -185 
1721133881467.00, 5770, -597300, -134 
1721133881489.00, 5705, -597177, -94 
1721133881510.00, 5600, -597049, -64 
1721133881532.00, 5310, -596929, -47 
1721133881553.00, 5247, -596810, -31 
1721133881575.00, 5067, -596697, -16 
1721133881596.00, 4953, -596584, -4 
1721133881618.00, 4939, -596478, 2 
1721133881639.00, 4948, -596374, 8 
1721133881661.00, 4716, -596268, 12 
1721133881682.00, 5236, -596171, 17 
1721133881703.00, 5853, -596062, 14 
1721133881725.00, 6081, -595939, 19 
1721133881746.00, 6197, -595810, 37 
1721133881768.00, 7682, -595678, 23 
1721133881789.00, 7561, -595519, 17 
1721133881810.00, 7187, -595357, 16 
1721133881832.00, 6722, -595206, 36 
1721133881854.00, 7755, -595063, 35 
1721133881876.00, 8096, -594901, 29 
1721133881897.00, 7727, -594729, 24 
1721133881960.00, 7296, -594558, 25 
1721133881961.00, 7124, -594403, 25 
1721133881966.00, 6970, -594251, 31 
1721133881982.00, -66, -594100, -71 
1721133882004.00, 0, -594073, -60 
1721133882025.00, 0, -594071, -58 
1721133882046.00, 0, -594072, -62 
1721133882067.00, 0, -594071, -53 
1721133882088.00, 0, -594072, -52 
1721133882109.00, 0, -594073, -58 
1721133882131.00, 0, -594072, -54 
1721133882151.00, 0, -594071, -53 
1721133882172.00, 0, -594073, -62 
1721133882193.00, 0, -594071, -57 
1721133882214.00, 0, -594072, -55 
1721133882235.00, 0, -594071, -54 
1721133882256.00, 0, -594072, -44 
1721133882276.00, 0, -594072, -45 
1721133882297.00, 0, -594073, -55 
1721133882319.00, 0, -594072, -56 
1721133882340.00, 0, -594073, -62 
1721133882361.00, 0, -594072, -61 
1721133882382.00, 0, -594073, -54 
1721133882403.00, 0, -594072, -57 
1721133882424.00, 0, -594072, -55 
1721133882445.00, 0, -594073, -55 
1721133882466.00, 0, -594073, -56 
1721133882487.00, 0, -594073, -56 
1721133882509.00, 0, -594072, -56 
1721133882529.00, 0, -594072, -55 
1721133882550.00, 0, -594073, -57 
1721133882571.00, 0, -594072, -55 
1721133882592.00, 0, -594072, -56 
1721133882613.00, 0, -594073, -57 
1721133882634.00, 0, -594072, -55 
1721133882655.00, 0, -594072, -57 
1721133882677.00, 0, -594072, -56 
1721133882698.00, 0, -594074, -55 
1721133882719.00, 0, -594072, -57 
1721133882740.00, 0, -594073, -56 
1721133882760.00, 0, -594072, -56 
1721133882782.00, 0, -594072, -56 
1721133882803.00, 0, -594073, -55 
1721133882824.00, 0, -594073, -56 
1721133882845.00, 0, -594072, -56 
1721133882866.00, 0, -594072, -56 
1721133882887.00, 0, -594073, -56 
1721133882908.00, 0, -594072, -55 
1721133882929.00, 0, -594072, -56 
1721133882950.00, 0, -594072, -56 
1721133882984.00, 0, -594072, -56 
1721133882992.00, 0, -594073, -56 
1721133883013.00, 0, -594072, -56 
1721133883034.00, 0, -594073, -56 
1721133883055.00, 0, -594073, -56 
1721133883076.00, 0, -594073, -56 
1721133883097.00, 0, -594072, -56 
1721133883117.00, 0, -594073, -56 
1721133883139.00, 0, -594073, -56 
1721133883160.00, 0, -594072, -56 
1721133883181.00, 0, -594072, -56 
1721133883202.00, 0, -594073, -56 
1721133883222.00, 0, -594073, -56 
1721133883244.00, 0, -594072, -56 
1721133883264.00, 0, -594071, -56 
1721133883286.00, 0, -594073, -56 
1721133883307.00, 0, -594072, -56 
1721133883328.00, 0, -594073, -56 
1721133883349.00, 0, -594072, -56 
1721133883370.00, 0, -594073, -56 
1721133883391.00, 0, -594073, -56 
1721133883412.00, 0, -594074, -56 
1721133883434.00, 0, -594074, -56 
1721133883455.00, 0, -594072, -56 
1721133883476.00, 0, -594073, -56 
1721133883496.00, 0, -594072, -56 
1721133883517.00, 0, -594072, -56 
1721133883539.00, 0, -594073, -56 
1721133883559.00, 0, -594073, -56 
1721133883581.00, 0, -594073, -56 
1721133883601.00, 0, -594073, -56 
1721133883623.00, 0, -594073, -56 
1721133883644.00, 0, -594073, -56 
1721133883665.00, 0, -594073, -56 
1721133883686.00, 0, -594072, -56 
1721133883706.00, 0, -594073, -56 
1721133883728.00, 0, -594072, -56 
1721133883749.00, 0, -594073, -56 
1721133883769.00, 0, -594072, -56 
1721133883791.00, 0, -594073, -56 
1721133883812.00, 0, -594072, -56 
1721133883832.00, 0, -594072, -56 
1721133883854.00, 0, -594072, -56 
1721133883875.00, 0, -594073, -56 
1721133883896.00, 0, -594073, -56 
1721133883917.00, 0, -594072, -56 
1721133883938.00, 0, -594074, -56 
1721133883959.00, 0, -594073, -56 
1721133883979.00, 0, -594072, -56 
1721133884000.00, 0, -594073, -56 
1721133884022.00, 0, -594073, -56 
1721133884042.00, 0, -594073, -56 
1721133884064.00, 0, -594073, -56 
1721133884085.00, 0, -594073, -56 
1721133884106.00, 0, -594073, -56 
1721133884127.00, 0, -594072, -56 
1721133884148.00, 0, -594074, -56 
1721133884169.00, 0, -594074, -56 
1721133884190.00, 0, -594074, -56 
1721133884211.00, 0, -594073, -56 
1721133884232.00, 0, -594073, -56 
1721133884253.00, 0, -594074, -56 
1721133884275.00, 0, -594074, -56 
1721133884295.00, 0, -594072, -56 
1721133884317.00, 0, -594073, -56 
1721133884338.00, 0, -594074, -56 
1721133884359.00, 0, -594073, -56 
1721133884380.00, 0, -594073, -56 
1721133884401.00, 0, -594073, -56 
1721133884422.00, 0, -594074, -56 
1721133884442.00, 0, -594072, -56 
1721133884464.00, 0, -594073, -56 
1721133884485.00, 0, -594072, -56 
1721133884506.00, 0, -594071, -56 
1721133884526.00, 0, -594073, -56 
1721133884548.00, 0, -594073, -56 
1721133884569.00, 0, -594073, -56 
1721133884590.00, 0, -594073, -56 
1721133884611.00, 0, -594072, -56 
1721133884632.00, 0, -594073, -56 
1721133884652.00, 0, -594072, -56 
1721133884674.00, 0, -594073, -56 
1721133884695.00, 0, -594073, -56 
1721133884716.00, 0, -594073, -56 
1721133884737.00, 0, -594073, -56 
1721133884758.00, 0, -594072, -56 
1721133884779.00, 0, -594073, -56 
1721133884800.00, 0, -594072, -56 
1721133884821.00, 0, -594073, -56 
1721133884842.00, 0, -594073, -56 
1721133884863.00, 0, -594073, -56 
1721133884884.00, 0, -594073, -56 
1721133884905.00, 0, -594072, -56 
