1719906662880.00, 0, -601807, -9 
1719906662902.00, 0, -601806, -8 
1719906662923.00, 0, -601807, -8 
1719906662944.00, 0, -601807, -9 
1719906662965.00, 0, -601808, -9 
1719906662994.00, 0, -601808, -9 
1719906663007.00, 0, -601807, -9 
1719906663028.00, 0, -601808, -8 
1719906663050.00, 0, -601807, -8 
1719906663070.00, 0, -601808, -9 
1719906663091.00, 0, -601808, -8 
1719906663112.00, 0, -601808, -8 
1719906663133.00, 0, -601807, -9 
1719906663155.00, 0, -601808, -8 
1719906663176.00, 0, -601808, -8 
1719906663198.00, 0, -601807, -8 
1719906663218.00, 0, -601807, -8 
1719906663240.00, 0, -601807, -8 
1719906663260.00, 0, -601807, -8 
1719906663282.00, 0, -601808, -9 
1719906663308.00, 0, -601808, -8 
1719906663324.00, 0, -601808, -8 
1719906663344.00, 0, -601808, -8 
1719906663366.00, 0, -601808, -8 
1719906663387.00, 0, -601807, -8 
1719906663408.00, 0, -601807, -8 
1719906663430.00, 0, -601808, -8 
1719906663451.00, 0, -601808, -8 
1719906663472.00, 0, -601808, -8 
1719906663493.00, 0, -601808, -8 
1719906663514.00, 0, -601808, -8 
1719906663535.00, 0, -601807, -8 
1719906663555.00, 0, -601808, -8 
1719906663577.00, 0, -601808, -8 
1719906663598.00, 0, -601807, -9 
1719906663619.00, 0, -601806, -8 
1719906663640.00, 0, -601807, -8 
1719906663661.00, 0, -601808, -8 
1719906663683.00, 0, -601808, -8 
1719906663703.00, 0, -601808, -8 
1719906663725.00, 0, -601808, -8 
1719906663746.00, 0, -601807, -8 
1719906663767.00, 0, -601808, -8 
1719906663789.00, 0, -601808, -8 
1719906663810.00, 0, -601807, -8 
1719906663831.00, 0, -601808, -8 
1719906663855.00, 0, -601808, -8 
1719906663873.00, 0, -601807, -8 
1719906663894.00, 0, -601808, -8 
1719906663915.00, 0, -601808, -8 
1719906663936.00, 0, -601808, -8 
1719906663957.00, 0, -601807, -8 
1719906663978.00, 0, -601808, -8 
1719906664000.00, 0, -601807, -8 
1719906664020.00, 0, -601807, -8 
1719906664042.00, 0, -601807, -8 
1719906664062.00, 0, -601807, -8 
1719906664084.00, 0, -601807, -8 
1719906664105.00, 0, -601809, -8 
1719906664126.00, 0, -601808, -8 
1719906664147.00, 0, -601807, -8 
1719906664168.00, 0, -601808, -8 
1719906664190.00, 0, -601807, -8 
1719906664211.00, 0, -601806, -8 
1719906664232.00, 0, -601808, -8 
1719906664253.00, 0, -601808, -8 
1719906664274.00, 0, -601807, -8 
1719906664295.00, 0, -601808, -8 
1719906664318.00, 0, -601808, -8 
1719906664337.00, 0, -601808, -8 
1719906664358.00, 0, -601808, -8 
1719906664379.00, 0, -601809, -8 
1719906664400.00, 0, -601808, -9 
1719906664422.00, 0, -601807, -8 
1719906664442.00, 0, -601807, -8 
1719906664465.00, 0, -601806, -8 
1719906664485.00, 0, -601808, -8 
1719906664510.00, 0, -601808, -8 
1719906664527.00, 0, -601808, -8 
1719906664549.00, 0, -601807, -8 
1719906664570.00, 0, -601808, -8 
1719906664591.00, 0, -601808, -8 
1719906664613.00, 0, -601808, -8 
1719906664633.00, 0, -601807, -8 
1719906664654.00, 0, -601808, -8 
1719906664675.00, 0, -601808, -8 
1719906664696.00, 0, -601808, -8 
1719906664717.00, 0, -601808, -8 
1719906664738.00, 0, -601808, -9 
1719906664760.00, 0, -601808, -9 
1719906664781.00, 0, -601808, -8 
1719906664801.00, 0, -601808, -9 
1719906664823.00, 0, -601808, -8 
1719906664844.00, 0, -601807, -8 
1719906664865.00, 0, -601808, -8 
1719906664886.00, 0, -601808, -8 
1719906664907.00, 0, -601808, -8 
1719906664928.00, 0, -601807, -8 
1719906664951.00, 0, -601808, -8 
1719906664971.00, 0, -601808, -8 
1719906664992.00, 0, -601808, -8 
1719906665013.00, 0, -601808, -9 
1719906665034.00, 0, -601807, -8 
1719906665060.00, 0, -601808, -8 
1719906665076.00, 0, -601808, -8 
1719906665097.00, 0, -601807, -9 
1719906665119.00, 0, -601807, -8 
1719906665140.00, 0, -601808, -8 
1719906665168.00, 0, -601808, -8 
1719906665182.00, 0, -601807, -8 
1719906665203.00, 0, -601807, -8 
1719906665224.00, 0, -601807, -8 
1719906665245.00, 0, -601808, -8 
1719906665266.00, 0, -601807, -8 
1719906665288.00, 0, -601807, -8 
1719906665309.00, 0, -601808, -8 
1719906665330.00, 0, -601808, -8 
1719906665351.00, 0, -601807, -8 
1719906665372.00, 0, -601808, -8 
1719906665393.00, 0, -601807, -8 
1719906665414.00, 0, -601808, -8 
1719906665435.00, 0, -601808, -8 
1719906665456.00, 0, -601808, -8 
1719906665477.00, 0, -601807, -8 
1719906665502.00, 0, -601807, -8 
1719906665520.00, 0, -601808, -8 
1719906665541.00, 0, -601808, -8 
1719906665562.00, 0, -601807, -8 
1719906665583.00, 0, -601808, -8 
1719906665604.00, 0, -601808, -8 
1719906665625.00, 0, -601807, -8 
1719906665646.00, 0, -601807, -8 
1719906665668.00, 0, -601808, -8 
1719906665688.00, 0, -601809, -8 
1719906665712.00, 0, -601807, -8 
1719906665730.00, 0, -601807, -8 
1719906665752.00, 0, -601808, -8 
1719906665773.00, 0, -601808, -8 
1719906665794.00, 0, -601808, -8 
1719906665816.00, 0, -601808, -8 
1719906665837.00, 0, -601807, -8 
1719906665857.00, 0, -601809, -8 
1719906665879.00, 0, -601807, -8 
1719906665900.00, 0, -601808, -8 
1719906665921.00, 0, -601807, -8 
1719906665942.00, 0, -601807, -8 
1719906665963.00, 0, -601807, -8 
1719906665984.00, 0, -601808, -8 
1719906666006.00, 0, -601808, -8 
1719906666027.00, 0, -601807, -9 
1719906666052.00, 0, -601806, -8 
1719906666069.00, 0, -601807, -8 
1719906666089.00, 0, -601808, -8 
1719906666111.00, 0, -601807, -9 
1719906666132.00, 0, -601808, -9 
1719906666155.00, 0, -601807, -9 
1719906666174.00, 0, -601808, -8 
1719906666195.00, 0, -601808, -8 
1719906666216.00, 0, -601808, -8 
1719906666237.00, 0, -601809, -8 
1719906666259.00, 0, -601807, -8 
1719906666279.00, 0, -601808, -8 
1719906666301.00, 0, -601808, -8 
1719906666321.00, 0, -601809, -8 
1719906666343.00, 0, -601808, -8 
1719906666364.00, 0, -601808, -8 
1719906666385.00, 0, -601807, -8 
1719906666407.00, 0, -601808, -8 
1719906666428.00, 0, -601808, -8 
1719906666449.00, 0, -601807, -8 
1719906666470.00, 0, -601807, -8 
1719906666491.00, 0, -601808, -8 
1719906666512.00, 0, -601808, -8 
1719906666533.00, 0, -601808, -8 
1719906666555.00, 0, -601806, -8 
1719906666575.00, 0, -601807, -8 
1719906666597.00, 0, -601808, -8 
1719906666618.00, 0, -601807, -9 
1719906666639.00, 0, -601808, -8 
1719906666660.00, 0, -601808, -8 
1719906666680.00, 0, -601808, -8 
1719906666702.00, 0, -601808, -8 
1719906666723.00, 0, -601807, -8 
1719906666744.00, 0, -601808, -8 
1719906666766.00, 0, -601807, -8 
1719906666787.00, 0, -601807, -8 
1719906666809.00, 0, -601808, -8 
1719906666828.00, 0, -601808, -8 
1719906666850.00, 0, -601808, -8 
1719906666871.00, 0, -601809, -8 
1719906666892.00, 0, -601808, -8 
1719906666917.00, 0, -601808, -8 
1719906666934.00, 0, -601808, -8 
1719906666955.00, 0, -601808, -8 
1719906666976.00, 0, -601807, -8 
1719906666997.00, 0, -601808, -8 
1719906667020.00, 0, -601808, -8 
1719906667040.00, 0, -601807, -8 
1719906667061.00, 0, -601807, -8 
1719906667082.00, 0, -601808, -8 
1719906667103.00, 0, -601807, -8 
1719906667125.00, 0, -601807, -8 
1719906667145.00, 0, -601808, -8 
1719906667167.00, 0, -601808, -8 
1719906667188.00, 0, -601808, -8 
1719906667209.00, 0, -601807, -8 
1719906667230.00, 0, -601808, -8 
1719906667251.00, 0, -601807, -8 
1719906667272.00, 0, -601808, -8 
1719906667294.00, 0, -601807, -8 
1719906667314.00, 0, -601808, -8 
1719906667335.00, 0, -601808, -8 
1719906667356.00, 0, -601808, -8 
1719906667378.00, 0, -601807, -9 
1719906667399.00, 0, -601808, -8 
1719906667420.00, 0, -601808, -8 
1719906667441.00, 0, -601807, -8 
1719906667462.00, 0, -601807, -8 
1719906667484.00, 0, -601808, -8 
1719906667505.00, 0, -601808, -9 
1719906667526.00, 0, -601807, -8 
1719906667546.00, 0, -601808, -8 
1719906667572.00, 0, -601807, -8 
1719906667589.00, 0, -601808, -8 
1719906667609.00, 0, -601808, -8 
1719906667631.00, 0, -601808, -8 
1719906667652.00, 0, -601807, -8 
1719906667676.00, 0, -601807, -8 
1719906667694.00, 0, -601807, -8 
1719906667716.00, 0, -601808, -8 
1719906667737.00, 0, -601807, -8 
1719906667758.00, 0, -601808, -8 
1719906667779.00, 0, -601807, -8 
1719906667799.00, 0, -601808, -8 
1719906667821.00, 0, -601808, -8 
1719906667842.00, 0, -601807, -8 
1719906667863.00, 0, -601808, -8 
1719906667884.00, 0, -601808, -8 
1719906667906.00, 0, -601808, -8 
1719906667927.00, 0, -601808, -8 
1719906667948.00, 0, -601807, -8 
1719906667969.00, 0, -601808, -8 
1719906667990.00, 0, -601808, -8 
1719906668011.00, 0, -601808, -8 
1719906668032.00, 0, -601807, -8 
1719906668053.00, 0, -601808, -8 
1719906668074.00, 0, -601807, -8 
1719906668096.00, 0, -601808, -8 
1719906668117.00, 0, -601807, -8 
1719906668138.00, 0, -601808, -8 
1719906668159.00, 0, -601808, -8 
1719906668180.00, 0, -601807, -8 
1719906668201.00, 0, -601808, -8 
1719906668222.00, 0, -601807, -8 
1719906668243.00, 0, -601808, -8 
1719906668264.00, 0, -601807, -8 
1719906668286.00, 0, -601808, -8 
1719906668307.00, 0, -601807, -8 
1719906668327.00, 0, -601808, -8 
1719906668350.00, 0, -601807, -8 
1719906668370.00, 0, -601807, -8 
1719906668391.00, 0, -601807, -8 
1719906668412.00, 0, -601808, -8 
1719906668433.00, 0, -601807, -8 
1719906668454.00, 0, -601807, -8 
1719906668476.00, 0, -601807, -8 
1719906668497.00, 0, -601808, -8 
1719906668518.00, 0, -601808, -8 
1719906668538.00, 0, -601807, -8 
1719906668560.00, 0, -601807, -9 
1719906668581.00, 0, -601809, -8 
1719906668602.00, 0, -601807, -8 
1719906668623.00, 0, -601808, -8 
1719906668644.00, 0, -601808, -8 
1719906668672.00, 0, -601807, -8 
1719906668687.00, 0, -601807, -8 
1719906668708.00, 0, -601808, -8 
1719906668729.00, 0, -601807, -8 
1719906668750.00, 0, -601808, -8 
1719906668771.00, 0, -601808, -8 
1719906668792.00, 0, -601807, -8 
1719906668813.00, 0, -601808, -8 
1719906668834.00, 0, -601807, -8 
1719906668856.00, 0, -601808, -8 
1719906668877.00, 0, -601808, -8 
1719906668897.00, 0, -601807, -8 
1719906668919.00, 0, -601809, -8 
1719906668940.00, 0, -601807, -8 
1719906668961.00, 0, -601806, -8 
1719906668982.00, 0, -601809, -8 
1719906669004.00, 0, -601807, -8 
1719906669024.00, 0, -601808, -8 
1719906669045.00, 0, -601808, -8 
1719906669067.00, 0, -601808, -8 
1719906669087.00, 0, -601807, -8 
1719906669109.00, 0, -601808, -8 
1719906669130.00, 0, -601808, -8 
1719906669150.00, 0, -601809, -8 
1719906669172.00, 0, -601807, -8 
1719906669193.00, 0, -601808, -8 
1719906669217.00, 0, -601807, -8 
1719906669235.00, 0, -601807, -8 
1719906669257.00, 0, -601808, -8 
1719906669278.00, 0, -601808, -8 
1719906669299.00, 0, -601809, -8 
1719906669324.00, 0, -601807, -8 
1719906669341.00, 0, -601807, -8 
1719906669362.00, 0, -601808, -8 
1719906669383.00, 0, -601808, -8 
1719906669404.00, 0, -601808, -8 
1719906669425.00, 0, -601808, -8 
1719906669447.00, 0, -601808, -8 
1719906669467.00, 0, -601807, -8 
1719906669488.00, 0, -601808, -8 
1719906669510.00, 0, -601807, -8 
1719906669531.00, 0, -601808, -8 
1719906669552.00, 0, -601807, -8 
1719906669573.00, 0, -601808, -8 
1719906669595.00, 0, -601809, -8 
1719906669616.00, 0, -601808, -8 
1719906669637.00, 0, -601808, -8 
1719906669658.00, 0, -601808, -8 
1719906669679.00, 0, -601807, -8 
1719906669700.00, 0, -601806, -8 
1719906669722.00, 0, -601808, -8 
1719906669742.00, 0, -601807, -8 
1719906669764.00, 0, -601808, -8 
1719906669785.00, 0, -601808, -8 
1719906669805.00, 0, -601806, -8 
1719906669827.00, 0, -601807, -8 
1719906669848.00, 0, -601808, -8 
1719906669874.00, 0, -601807, -8 
1719906669890.00, 0, -601807, -8 
1719906669911.00, 0, -601807, -8 
1719906669932.00, 0, -601807, -8 
1719906669954.00, 0, -601807, -8 
1719906669978.00, 0, -601808, -8 
1719906669996.00, 0, -601807, -8 
1719906670017.00, 0, -601808, -8 
1719906670038.00, 0, -601807, -8 
1719906670059.00, 0, -601808, -8 
1719906670084.00, 0, -601808, -8 
1719906670101.00, 0, -601808, -8 
1719906670122.00, 0, -601808, -8 
1719906670143.00, 0, -601807, -8 
1719906670164.00, 0, -601808, -8 
1719906670186.00, 0, -601808, -8 
1719906670210.00, 0, -601808, -8 
1719906670228.00, 0, -601807, -8 
1719906670249.00, 0, -601808, -8 
1719906670270.00, 0, -601808, -8 
1719906670291.00, 0, -601808, -8 
1719906670312.00, 0, -601808, -8 
1719906670333.00, 0, -601808, -8 
1719906670355.00, 0, -601808, -8 
1719906670376.00, 0, -601807, -8 
1719906670397.00, 0, -601807, -8 
1719906670418.00, 0, -601807, -8 
1719906670439.00, 0, -601807, -8 
1719906670460.00, 0, -601807, -8 
1719906670481.00, 0, -601806, -8 
1719906670502.00, 0, -601808, -8 
1719906670528.00, 0, -601808, -8 
1719906670545.00, 0, -601807, -9 
1719906670566.00, 0, -601809, -8 
1719906670586.00, 0, -601807, -8 
1719906670608.00, 0, -601807, -8 
1719906670629.00, 0, -601808, -8 
1719906670650.00, 0, -601807, -8 
1719906670671.00, 0, -601807, -8 
1719906670692.00, 0, -601807, -8 
1719906670714.00, 0, -601807, -8 
1719906670735.00, 0, -601807, -8 
1719906670756.00, 0, -601807, -8 
1719906670776.00, 0, -601807, -8 
1719906670798.00, 0, -601807, -8 
1719906670818.00, 0, -601807, -8 
1719906670840.00, 0, -601808, -8 
1719906670861.00, 0, -601807, -8 
1719906670882.00, 0, -601808, -8 
1719906670903.00, 0, -601807, -8 
1719906670925.00, 0, -601807, -8 
1719906670945.00, 0, -601807, -8 
1719906670967.00, 0, -601808, -8 
1719906670988.00, 0, -601808, -8 
1719906671009.00, 0, -601807, -8 
1719906671030.00, 0, -601808, -8 
1719906671051.00, 0, -601808, -8 
1719906671073.00, 0, -601808, -8 
1719906671094.00, 0, -601808, -8 
1719906671115.00, 0, -601808, -8 
1719906671135.00, 0, -601807, -8 
1719906671157.00, 0, -601808, -8 
1719906671180.00, 0, -601807, -8 
1719906671199.00, 0, -601808, -8 
1719906671220.00, 0, -601808, -8 
1719906671241.00, 0, -601808, -8 
1719906671263.00, 0, -601807, -8 
1719906671284.00, 0, -601808, -8 
1719906671305.00, 0, -601807, -8 
1719906671325.00, 0, -601808, -8 
1719906671347.00, 0, -601807, -8 
1719906671368.00, 0, -601807, -8 
1719906671389.00, 0, -601807, -8 
1719906671410.00, 0, -601808, -8 
1719906671431.00, 0, -601808, -8 
1719906671453.00, 0, -601807, -8 
1719906671474.00, 0, -601807, -8 
1719906671495.00, 0, -601808, -8 
1719906671516.00, 0, -601808, -8 
1719906671536.00, 0, -601807, -8 
1719906671558.00, 0, -601807, -8 
1719906671579.00, 0, -601807, -8 
1719906671600.00, 0, -601807, -8 
1719906671623.00, 0, -601808, -8 
1719906671642.00, 0, -601808, -8 
1719906671664.00, 0, -601808, -8 
1719906671685.00, 0, -601808, -8 
1719906671706.00, 0, -601808, -8 
1719906671730.00, 0, -601808, -8 
1719906671748.00, 0, -601807, -8 
1719906671769.00, 0, -601808, -8 
1719906671790.00, 0, -601807, -8 
1719906671811.00, 0, -601808, -8 
1719906671836.00, 0, -601808, -8 
1719906671853.00, 0, -601808, -8 
1719906671875.00, 0, -601808, -8 
1719906671895.00, 0, -601808, -8 
1719906671917.00, 0, -601807, -8 
1719906671938.00, 0, -601808, -8 
1719906671959.00, 0, -601806, -8 
1719906671981.00, 0, -601808, -8 
1719906672001.00, 0, -601807, -8 
1719906672023.00, 0, -601808, -8 
1719906672044.00, 0, -601808, -8 
1719906672065.00, 0, -601807, -8 
1719906672086.00, 0, -601807, -8 
1719906672107.00, 0, -601808, -8 
1719906672128.00, 0, -601807, -8 
1719906672149.00, 0, -601807, -8 
1719906672170.00, 0, -601808, -8 
1719906672192.00, 0, -601808, -8 
1719906672212.00, 0, -601808, -8 
1719906672234.00, 0, -601808, -8 
1719906672254.00, 0, -601807, -8 
1719906672275.00, 0, -601808, -8 
1719906672297.00, 0, -601808, -8 
1719906672318.00, 0, -601808, -8 
1719906672339.00, 0, -601807, -8 
1719906672360.00, 0, -601808, -8 
1719906672388.00, 0, -601808, -8 
1719906672402.00, 0, -601808, -8 
1719906672423.00, 0, -601807, -8 
1719906672445.00, 0, -601808, -8 
1719906672466.00, 0, -601808, -8 
1719906672490.00, 0, -601808, -8 
1719906672508.00, 0, -601807, -8 
1719906672529.00, 0, -601807, -8 
1719906672550.00, 0, -601807, -8 
1719906672572.00, 0, -601808, -8 
1719906672593.00, 0, -601807, -8 
1719906672614.00, 0, -601807, -8 
1719906672635.00, 0, -601808, -8 
1719906672656.00, 0, -601808, -8 
1719906672677.00, 0, -601808, -8 
1719906672698.00, 0, -601808, -8 
1719906672719.00, 0, -601807, -8 
1719906672740.00, 0, -601807, -8 
1719906672762.00, 0, -601808, -8 
1719906672782.00, 0, -601807, -8 
1719906672804.00, 0, -601807, -8 
1719906672827.00, 0, -601808, -8 
1719906672846.00, 0, -601808, -8 
1719906672867.00, 0, -601808, -8 
1719906672888.00, 0, -601808, -8 
1719906672909.00, 0, -601807, -8 
1719906672930.00, 0, -601807, -8 
1719906672952.00, 0, -601808, -8 
1719906672973.00, 0, -601807, -8 
1719906672994.00, 0, -601807, -8 
1719906673015.00, 0, -601808, -8 
1719906673041.00, 0, -601808, -8 
1719906673057.00, 0, -601808, -8 
1719906673078.00, 0, -601807, -8 
1719906673099.00, 0, -601808, -8 
1719906673120.00, 0, -601808, -8 
1719906673142.00, 0, -601807, -8 
1719906673163.00, 0, -601807, -8 
1719906673184.00, 0, -601807, -8 
1719906673205.00, 0, -601807, -8 
1719906673226.00, 0, -601807, -8 
1719906673247.00, 0, -601808, -8 
1719906673268.00, 0, -601807, -8 
1719906673289.00, 0, -601807, -8 
1719906673310.00, 0, -601807, -8 
1719906673332.00, 0, -601808, -8 
1719906673353.00, 0, -601808, -8 
1719906673374.00, 0, -601808, -8 
1719906673395.00, 0, -601807, -8 
1719906673415.00, 0, -601807, -8 
1719906673437.00, 0, -601807, -8 
1719906673458.00, 0, -601808, -8 
1719906673479.00, 0, -601808, -8 
1719906673500.00, 0, -601808, -8 
1719906673522.00, 0, -601807, -8 
1719906673543.00, 0, -601808, -8 
1719906673564.00, 0, -601808, -8 
1719906673586.00, 0, -601808, -8 
1719906673606.00, 0, -601807, -8 
1719906673627.00, 0, -601807, -8 
1719906673648.00, 0, -601808, -8 
1719906673669.00, 0, -601808, -8 
1719906673691.00, 0, -601807, -8 
1719906673712.00, 0, -601807, -8 
1719906673733.00, 0, -601808, -8 
1719906673754.00, 0, -601807, -8 
1719906673775.00, 0, -601807, -8 
1719906673795.00, 0, -601807, -8 
1719906673816.00, 0, -601807, -8 
1719906673838.00, 0, -601808, -8 
1719906673859.00, 0, -601808, -8 
1719906673880.00, 0, -601808, -8 
1719906673902.00, 0, -601807, -8 
1719906673923.00, 0, -601807, -8 
1719906673944.00, 0, -601808, -8 
1719906673965.00, 0, -601808, -8 
1719906673986.00, 0, -601808, -8 
1719906674007.00, 0, -601808, -8 
1719906674034.00, 0, -601808, -8 
1719906674049.00, 0, -601808, -8 
1719906674071.00, 0, -601808, -8 
1719906674092.00, 0, -601808, -8 
1719906674113.00, 0, -601807, -8 
1719906674135.00, 0, -601807, -8 
1719906674155.00, 0, -601807, -8 
1719906674176.00, 0, -601808, -8 
1719906674197.00, 0, -601808, -8 
1719906674218.00, 0, -601808, -8 
1719906674239.00, 0, -601807, -8 
1719906674260.00, 0, -601808, -8 
1719906674282.00, 0, -601808, -8 
1719906674303.00, 0, -601808, -8 
1719906674324.00, 0, -601807, -8 
1719906674345.00, 0, -601807, -8 
1719906674366.00, 0, -601807, -8 
1719906674387.00, 0, -601807, -8 
1719906674408.00, 0, -601807, -8 
1719906674429.00, 0, -601808, -8 
1719906674450.00, 0, -601807, -8 
1719906674472.00, 0, -601808, -8 
1719906674493.00, 0, -601808, -8 
1719906674514.00, 0, -601807, -8 
1719906674535.00, 0, -601808, -8 
1719906674556.00, 0, -601808, -8 
1719906674577.00, 0, -601808, -8 
1719906674598.00, 0, -601807, -8 
1719906674619.00, 0, -601808, -8 
1719906674641.00, 0, -601807, -8 
1719906674662.00, 0, -601807, -8 
1719906674686.00, 0, -601808, -8 
1719906674704.00, 0, -601807, -8 
1719906674725.00, 0, -601807, -8 
1719906674746.00, 0, -601807, -8 
1719906674767.00, 0, -601808, -8 
1719906674791.00, 0, -601808, -8 
1719906674809.00, 0, -601808, -8 
1719906674831.00, 0, -601808, -8 
1719906674852.00, 0, -601807, -8 
1719906674872.00, 0, -601807, -8 
1719906674894.00, 0, -601807, -8 
1719906674915.00, 0, -601808, -8 
1719906674936.00, 0, -601807, -8 
1719906674957.00, 0, -601808, -8 
1719906674978.00, 0, -601808, -8 
1719906674999.00, 0, -601807, -8 
1719906675021.00, 0, -601807, -8 
1719906675042.00, 0, -601808, -8 
1719906675062.00, 0, -601807, -8 
1719906675152.00, 0, -601807, -8 
1719906675153.00, 0, -601807, -8 
1719906675154.00, 0, -601807, -8 
1719906675155.00, 0, -601807, -8 
1719906675168.00, 0, -601808, -8 
1719906675189.00, 0, -601808, -8 
1719906675211.00, 0, -601807, -8 
1719906675231.00, 0, -601807, -8 
1719906675253.00, 0, -601808, -8 
1719906675274.00, 0, -601807, -8 
1719906675295.00, 0, -601807, -8 
1719906675316.00, 0, -601806, -8 
1719906675343.00, 0, -601807, -8 
1719906675358.00, 0, -601807, -8 
1719906675380.00, 0, -601807, -8 
1719906675400.00, 0, -601807, -8 
1719906675422.00, 0, -601808, -8 
1719906675445.00, 0, -601808, -8 
1719906675463.00, 0, -601807, -8 
1719906675485.00, 0, -601808, -8 
1719906675506.00, 0, -601807, -8 
1719906675527.00, 0, -601808, -8 
1719906675549.00, 0, -601808, -8 
1719906675570.00, 0, -601808, -8 
1719906675591.00, 0, -601807, -8 
1719906675612.00, 0, -601808, -8 
1719906675633.00, 0, -601808, -8 
1719906675654.00, 0, -601808, -8 
1719906675675.00, 0, -601808, -8 
1719906675696.00, 0, -601807, -8 
1719906675717.00, 0, -601807, -8 
1719906675738.00, 0, -601808, -8 
1719906675759.00, 0, -601808, -8 
1719906675780.00, 0, -601808, -8 
1719906675802.00, 0, -601807, -8 
1719906675823.00, 0, -601807, -8 
1719906675844.00, 0, -601807, -8 
1719906675865.00, 0, -601808, -8 
1719906675887.00, 0, -601807, -8 
1719906675907.00, 0, -601808, -8 
1719906675929.00, 0, -601807, -8 
1719906675949.00, 0, -601808, -8 
1719906675970.00, 0, -601808, -8 
1719906675994.00, 0, -601807, -8 
1719906676013.00, 0, -601808, -8 
1719906676034.00, 0, -601807, -8 
1719906676055.00, 0, -601808, -8 
1719906676076.00, 0, -601808, -8 
1719906676098.00, 0, -601807, -8 
1719906676118.00, 0, -601807, -8 
1719906676139.00, 0, -601808, -8 
1719906676161.00, 0, -601808, -8 
1719906676181.00, 0, -601808, -8 
1719906676203.00, 0, -601808, -8 
1719906676226.00, 0, -601808, -8 
1719906676245.00, 0, -601807, -8 
1719906676267.00, 0, -601808, -8 
1719906676287.00, 0, -601807, -8 
1719906676308.00, 0, -601807, -8 
1719906676330.00, 0, -601807, -8 
1719906676351.00, 0, -601807, -8 
1719906676371.00, 0, -601807, -8 
1719906676393.00, 0, -601808, -8 
1719906676414.00, 0, -601808, -8 
1719906676435.00, 0, -601806, -8 
1719906676456.00, 0, -601808, -8 
1719906676477.00, 0, -601808, -8 
1719906676498.00, 0, -601808, -8 
1719906676520.00, 0, -601808, -8 
1719906676541.00, 0, -601808, -8 
1719906676562.00, 0, -601807, -8 
1719906676583.00, 0, -601807, -8 
1719906676604.00, 0, -601807, -8 
1719906676625.00, 0, -601807, -8 
1719906676646.00, 0, -601808, -8 
1719906676667.00, 0, -601808, -8 
1719906676689.00, 0, -601807, -8 
1719906676710.00, 0, -601807, -8 
1719906676730.00, 0, -601808, -8 
1719906676752.00, 0, -601808, -8 
1719906676773.00, 0, -601807, -8 
1719906676794.00, 0, -601806, -8 
1719906676815.00, 0, -601808, -8 
1719906676836.00, 0, -601807, -8 
1719906676857.00, 0, -601809, -8 
1719906676879.00, 0, -601807, -8 
1719906676899.00, 0, -601808, -8 
1719906676921.00, 0, -601808, -8 
1719906676942.00, 0, -601807, -8 
1719906676963.00, 0, -601807, -8 
1719906676985.00, 0, -601808, -8 
1719906677005.00, 0, -601807, -8 
1719906677026.00, 0, -601808, -8 
1719906677047.00, 0, -601808, -8 
1719906677069.00, 0, -601807, -8 
1719906677090.00, 0, -601807, -8 
1719906677111.00, 0, -601808, -8 
1719906677132.00, 0, -601808, -8 
1719906677152.00, 0, -601807, -8 
1719906677174.00, 0, -601807, -8 
1719906677196.00, 0, -601807, -8 
1719906677216.00, 0, -601807, -8 
1719906677238.00, 0, -601807, -8 
1719906677258.00, 0, -601807, -8 
1719906677280.00, 0, -601808, -8 
1719906677300.00, 0, -601807, -8 
1719906677322.00, 0, -601808, -8 
1719906677343.00, 0, -601807, -8 
1719906677364.00, 0, -601808, -8 
1719906677386.00, 0, -601807, -8 
1719906677406.00, 0, -601808, -8 
1719906677428.00, 0, -601808, -8 
1719906677448.00, 0, -601808, -8 
1719906677470.00, 0, -601808, -8 
1719906677491.00, 0, -601807, -8 
1719906677512.00, 0, -601808, -8 
1719906677533.00, 0, -601807, -8 
1719906677554.00, 0, -601807, -8 
1719906677575.00, 0, -601807, -8 
1719906677597.00, 0, -601807, -8 
1719906677618.00, 0, -601808, -8 
1719906677641.00, 0, -601808, -8 
1719906677660.00, 0, -601807, -8 
1719906677680.00, 0, -601807, -8 
1719906677702.00, 0, -601808, -8 
1719906677723.00, 0, -601807, -8 
1719906677746.00, 0, -601808, -8 
1719906677766.00, 0, -601808, -8 
1719906677786.00, 0, -601807, -8 
1719906677807.00, 0, -601807, -8 
1719906677828.00, 0, -601807, -8 
1719906677849.00, 0, -601808, -8 
1719906677871.00, 0, -601807, -8 
1719906677892.00, 0, -601808, -8 
1719906677913.00, 0, -601807, -8 
1719906677934.00, 0, -601808, -8 
1719906677958.00, 0, -601807, -8 
1719906677976.00, 0, -601808, -8 
1719906677998.00, 0, -601808, -8 
1719906678019.00, 0, -601808, -8 
1719906678040.00, 0, -601808, -8 
1719906678061.00, 0, -601808, -8 
1719906678081.00, 0, -601808, -8 
1719906678103.00, 0, -601808, -8 
1719906678124.00, 0, -601808, -8 
1719906678145.00, 0, -601808, -8 
1719906678167.00, 0, -601808, -8 
1719906678188.00, 0, -601807, -8 
1719906678209.00, 0, -601808, -8 
1719906678230.00, 0, -601808, -8 
1719906678250.00, 0, -601808, -8 
1719906678272.00, 0, -601807, -8 
1719906678293.00, 0, -601807, -8 
1719906678314.00, 0, -601809, -8 
1719906678335.00, 0, -601808, -8 
1719906678356.00, 0, -601807, -8 
1719906678377.00, 0, -601807, -8 
1719906678402.00, 0, -601808, -8 
1719906678420.00, 0, -601808, -8 
1719906678441.00, 0, -601807, -8 
1719906678462.00, 0, -601808, -8 
1719906678483.00, 0, -601807, -8 
1719906678507.00, 0, -601807, -8 
1719906678526.00, 0, -601808, -8 
1719906678546.00, 0, -601807, -8 
1719906678568.00, 0, -601807, -8 
1719906678589.00, 0, -601808, -8 
1719906678610.00, 0, -601808, -8 
1719906678631.00, 0, -601807, -8 
1719906678652.00, 0, -601808, -8 
1719906678673.00, 0, -601808, -8 
1719906678695.00, 0, -601808, -9 
1719906678716.00, 0, -601808, -8 
1719906678737.00, 0, -601808, -8 
1719906678758.00, 0, -601808, -8 
1719906678779.00, 0, -601808, -8 
1719906678800.00, 0, -601807, -8 
1719906678821.00, 0, -601807, -8 
1719906678844.00, 0, -601806, -8 
1719906678864.00, 0, -601808, -8 
1719906678884.00, 0, -601807, -8 
1719906678905.00, 0, -601808, -8 
1719906678926.00, 0, -601808, -8 
1719906678947.00, 0, -601807, -8 
1719906678968.00, 0, -601808, -8 
1719906678990.00, 0, -601807, -8 
1719906679011.00, 0, -601807, -8 
1719906679032.00, 0, -601808, -8 
1719906679058.00, 0, -601807, -8 
1719906679075.00, 0, -601808, -8 
1719906679095.00, 0, -601808, -8 
1719906679116.00, 0, -601808, -8 
1719906679137.00, 0, -601807, -8 
1719906679158.00, 0, -601807, -8 
1719906679180.00, 0, -601807, -8 
1719906679200.00, 0, -601807, -8 
1719906679222.00, 0, -601807, -8 
1719906679243.00, 0, -601807, -8 
1719906679264.00, 0, -601809, -8 
1719906679286.00, 0, -601807, -8 
1719906679307.00, 0, -601808, -8 
1719906679328.00, 0, -601807, -8 
1719906679349.00, 0, -601808, -8 
1719906679370.00, 0, -601807, -8 
1719906679391.00, 0, -601808, -8 
1719906679412.00, 0, -601808, -8 
1719906679433.00, 0, -601807, -8 
1719906679454.00, 0, -601807, -8 
1719906679475.00, 0, -601808, -8 
1719906679500.00, 0, -601807, -8 
1719906679517.00, 0, -601808, -8 
1719906679539.00, 0, -601807, -8 
1719906679560.00, 0, -601807, -8 
1719906679580.00, 0, -601807, -8 
1719906679606.00, 0, -601807, -8 
1719906679624.00, 0, -601807, -8 
1719906679644.00, 0, -601807, -8 
1719906679665.00, 0, -601807, -8 
1719906679687.00, 0, -601807, -8 
1719906679709.00, 0, -601807, -8 
1719906679729.00, 0, -601807, -8 
1719906679750.00, 0, -601808, -8 
1719906679771.00, 0, -601808, -8 
1719906679792.00, 0, -601807, -8 
1719906679813.00, 0, -601808, -8 
1719906679834.00, 0, -601807, -8 
1719906679856.00, 0, -601808, -8 
1719906679876.00, 0, -601808, -8 
1719906679898.00, 0, -601807, -8 
1719906679918.00, 0, -601807, -8 
1719906679940.00, 0, -601808, -8 
1719906679960.00, 0, -601808, -8 
1719906679982.00, 0, -601807, -8 
1719906680003.00, 0, -601808, -8 
1719906680024.00, 0, -601808, -8 
1719906680048.00, 0, -601808, -8 
1719906680067.00, 0, -601807, -8 
1719906680088.00, 0, -601808, -8 
1719906680108.00, 0, -601808, -8 
1719906680130.00, 0, -601808, -8 
1719906680151.00, 0, -601807, -8 
1719906680172.00, 0, -601808, -8 
1719906680193.00, 0, -601808, -8 
1719906680214.00, 0, -601807, -8 
1719906680236.00, 0, -601807, -8 
1719906680257.00, 0, -601808, -8 
1719906680277.00, 0, -601808, -8 
1719906680299.00, 0, -601807, -8 
1719906680320.00, 0, -601807, -8 
1719906680340.00, 0, -601808, -8 
1719906680363.00, 0, -601808, -8 
1719906680383.00, 0, -601807, -8 
1719906680404.00, 0, -601807, -8 
1719906680426.00, 0, -601807, -8 
1719906680447.00, 0, -601807, -8 
1719906680467.00, 0, -601808, -8 
1719906680489.00, 0, -601808, -8 
1719906680510.00, 0, -601806, -8 
1719906680531.00, 0, -601807, -8 
1719906680552.00, 0, -601808, -8 
1719906680573.00, 0, -601807, -8 
1719906680595.00, 0, -601808, -8 
1719906680616.00, 0, -601808, -8 
1719906680637.00, 0, -601808, -8 
1719906680658.00, 0, -601807, -8 
1719906680679.00, 0, -601807, -8 
1719906680704.00, 0, -601808, -8 
1719906680721.00, 0, -601807, -8 
1719906680742.00, 0, -601807, -8 
1719906680764.00, 0, -601808, -8 
1719906680785.00, 0, -601807, -8 
1719906680806.00, 0, -601807, -8 
1719906680827.00, 0, -601807, -8 
1719906680848.00, 0, -601807, -8 
1719906680869.00, 0, -601808, -8 
1719906680890.00, 0, -601808, -8 
1719906680911.00, 0, -601807, -8 
1719906680932.00, 0, -601808, -8 
1719906680953.00, 0, -601808, -8 
1719906680974.00, 0, -601808, -8 
1719906680996.00, 0, -601808, -8 
1719906681017.00, 0, -601808, -8 
1719906681038.00, 0, -601808, -8 
1719906681059.00, 0, -601807, -8 
1719906681080.00, 0, -601808, -8 
1719906681101.00, 0, -601807, -8 
1719906681122.00, 0, -601807, -8 
1719906681144.00, 0, -601808, -8 
1719906681165.00, 0, -601807, -8 
1719906681186.00, 0, -601808, -8 
1719906681206.00, 0, -601808, -8 
1719906681228.00, 0, -601807, -8 
1719906681249.00, 0, -601807, -8 
1719906681270.00, 0, -601808, -8 
1719906681291.00, 0, -601808, -8 
1719906681312.00, 0, -601808, -8 
1719906681334.00, 0, -601808, -8 
1719906681356.00, 0, -601808, -8 
1719906681376.00, 0, -601808, -8 
1719906681396.00, 0, -601807, -8 
1719906681418.00, 0, -601808, -8 
1719906681439.00, 0, -601807, -8 
1719906681465.00, 0, -601807, -8 
1719906681481.00, 0, -601808, -8 
1719906681502.00, 0, -601807, -8 
1719906681524.00, 0, -601807, -8 
1719906681545.00, 0, -601807, -8 
1719906681566.00, 0, -601807, -8 
1719906681587.00, 0, -601807, -8 
1719906681608.00, 0, -601807, -8 
1719906681629.00, 0, -601808, -8 
1719906681650.00, 0, -601808, -8 
1719906681671.00, 0, -601807, -8 
1719906681692.00, 0, -601807, -8 
1719906681713.00, 0, -601808, -8 
1719906681735.00, 0, -601808, -8 
1719906681756.00, 0, -601808, -8 
1719906681777.00, 0, -601807, -8 
1719906681798.00, 0, -601808, -8 
1719906681819.00, 0, -601808, -8 
1719906681840.00, 0, -601807, -8 
1719906681862.00, 0, -601807, -8 
1719906681883.00, 0, -601808, -8 
1719906681904.00, 0, -601807, -8 
1719906681924.00, 0, -601808, -8 
1719906681946.00, 0, -601808, -8 
1719906681967.00, 0, -601808, -8 
1719906681988.00, 0, -601808, -8 
1719906682009.00, 0, -601808, -8 
1719906682030.00, 0, -601808, -8 
1719906682051.00, 0, -601808, -8 
1719906682072.00, 0, -601808, -8 
1719906682094.00, 0, -601808, -8 
1719906682115.00, 0, -601808, -8 
1719906682135.00, 0, -601808, -8 
1719906682157.00, 0, -601808, -8 
1719906682178.00, 0, -601808, -8 
1719906682199.00, 0, -601808, -8 
1719906682220.00, 0, -601808, -8 
1719906682241.00, 0, -601808, -8 
1719906682262.00, 0, -601807, -8 
1719906682284.00, 0, -601807, -8 
1719906682305.00, 0, -601808, -8 
1719906682325.00, 0, -601807, -8 
1719906682347.00, 0, -601808, -8 
1719906682368.00, 0, -601808, -8 
1719906682389.00, 0, -601807, -8 
1719906682410.00, 0, -601807, -8 
1719906682431.00, 0, -601807, -8 
1719906682453.00, 0, -601808, -8 
1719906682473.00, 0, -601807, -8 
1719906682495.00, 0, -601807, -8 
1719906682516.00, 0, -601807, -8 
1719906682537.00, 0, -601807, -8 
1719906682557.00, 0, -601808, -8 
1719906682578.00, 0, -601808, -8 
1719906682600.00, 0, -601808, -8 
1719906682621.00, 0, -601807, -8 
1719906682642.00, 0, -601808, -8 
1719906682664.00, 0, -601808, -8 
1719906682685.00, 0, -601808, -8 
1719906682706.00, 0, -601808, -8 
1719906682727.00, 0, -601807, -8 
1719906682748.00, 0, -601807, -8 
1719906682769.00, 0, -601808, -8 
1719906682790.00, 0, -601808, -8 
1719906682811.00, 0, -601807, -8 
1719906682832.00, 0, -601809, -8 
1719906682854.00, 0, -601807, -8 
1719906682875.00, 0, -601808, -8 
1719906682896.00, 0, -601808, -8 
1719906682917.00, 0, -601807, -8 
1719906682938.00, 0, -601808, -8 
1719906682959.00, 0, -601807, -8 
1719906682980.00, 0, -601807, -8 
1719906683003.00, 0, -601808, -8 
1719906683023.00, 0, -601807, -8 
1719906683044.00, 0, -601808, -8 
1719906683065.00, 0, -601808, -8 
1719906683086.00, 0, -601808, -8 
1719906683107.00, 0, -601808, -8 
1719906683127.00, 0, -601808, -8 
1719906683149.00, 0, -601807, -8 
1719906683171.00, 0, -601807, -8 
1719906683191.00, 0, -601807, -8 
1719906683212.00, 0, -601807, -8 
1719906683233.00, 0, -601808, -8 
1719906683255.00, 0, -601807, -8 
1719906683276.00, 0, -601807, -8 
1719906683297.00, 0, -601808, -8 
1719906683324.00, 0, -601807, -8 
1719906683339.00, 0, -601808, -8 
1719906683360.00, 0, -601808, -8 
1719906683381.00, 0, -601807, -8 
1719906683403.00, 0, -601807, -8 
1719906683424.00, 0, -601807, -8 
1719906683445.00, 0, -601807, -8 
1719906683466.00, 0, -601808, -8 
1719906683487.00, 0, -601807, -8 
1719906683508.00, 0, -601808, -8 
1719906683529.00, 0, -601807, -8 
1719906683550.00, 0, -601807, -8 
1719906683571.00, 0, -601807, -8 
1719906683592.00, 0, -601808, -8 
1719906683614.00, 0, -601807, -8 
1719906683634.00, 0, -601808, -8 
1719906683656.00, 0, -601807, -8 
1719906683677.00, 0, -601808, -8 
1719906683698.00, 0, -601808, -8 
1719906683719.00, 0, -601807, -8 
1719906683740.00, 0, -601808, -8 
1719906683761.00, 0, -601807, -8 
1719906683782.00, 0, -601808, -8 
1719906683804.00, 0, -601808, -8 
1719906683825.00, 0, -601808, -8 
1719906683846.00, 0, -601809, -8 
1719906683872.00, 0, -601807, -8 
1719906683888.00, 0, -601807, -8 
1719906683909.00, 0, -601807, -8 
1719906683930.00, 0, -601808, -8 
1719906683951.00, 0, -601807, -8 
1719906683972.00, 0, -601807, -8 
1719906683994.00, 0, -601807, -8 
1719906684015.00, 0, -601808, -8 
1719906684036.00, 0, -601808, -8 
1719906684057.00, 0, -601808, -8 
1719906684078.00, 0, -601807, -8 
1719906684099.00, 0, -601807, -8 
1719906684120.00, 0, -601807, -8 
1719906684141.00, 0, -601807, -8 
1719906684163.00, 0, -601806, -8 
1719906684184.00, 0, -601807, -8 
1719906684204.00, 0, -601807, -8 
1719906684226.00, 0, -601807, -8 
1719906684247.00, 0, -601807, -8 
1719906684268.00, 0, -601808, -8 
1719906684289.00, 0, -601807, -8 
1719906684310.00, 0, -601808, -8 
1719906684331.00, 0, -601808, -8 
1719906684353.00, 0, -601808, -8 
1719906684373.00, 0, -601807, -8 
1719906684394.00, 0, -601807, -8 
1719906684416.00, 0, -601808, -8 
1719906684437.00, 0, -601808, -8 
1719906684458.00, 0, -601807, -8 
1719906684479.00, 0, -601807, -8 
1719906684500.00, 0, -601808, -8 
1719906684524.00, 0, -601807, -8 
1719906684542.00, 0, -601808, -8 
1719906684564.00, 0, -601808, -8 
1719906684585.00, 0, -601807, -8 
1719906684606.00, 0, -601807, -8 
1719906684627.00, 0, -601807, -8 
1719906684648.00, 0, -601807, -8 
1719906684669.00, 0, -601808, -8 
1719906684690.00, 0, -601808, -8 
1719906684711.00, 0, -601808, -8 
1719906684733.00, 0, -601808, -8 
1719906684773.00, 0, -601808, -8 
1719906684775.00, 0, -601807, -8 
1719906684796.00, 0, -601808, -8 
1719906684817.00, 0, -601808, -8 
1719906684838.00, 0, -601807, -8 
1719906684860.00, 0, -601808, -8 
1719906684880.00, 0, -601808, -8 
1719906684902.00, 0, -601808, -8 
1719906684923.00, 0, -601807, -8 
1719906684944.00, 0, -601807, -8 
1719906684964.00, 0, -601807, -8 
1719906684986.00, 0, -601808, -8 
1719906685007.00, 0, -601808, -8 
1719906685028.00, 0, -601807, -8 
1719906685050.00, 0, -601808, -8 
1719906685070.00, 0, -601808, -8 
1719906685092.00, 0, -601809, -8 
1719906685113.00, 0, -601808, -8 
1719906685133.00, 0, -601808, -8 
1719906685155.00, 0, -601808, -8 
1719906685176.00, 0, -601807, -8 
1719906685196.00, 0, -601808, -8 
1719906685218.00, 0, -601807, -8 
1719906685239.00, 0, -601807, -8 
1719906685260.00, 0, -601808, -8 
1719906685281.00, 0, -601808, -8 
1719906685302.00, 0, -601808, -8 
1719906685323.00, 0, -601807, -8 
1719906685345.00, 0, -601808, -8 
1719906685367.00, 0, -601808, -8 
1719906685387.00, 0, -601807, -8 
1719906685409.00, 0, -601806, -8 
1719906685430.00, 0, -601808, -8 
1719906685450.00, 0, -601808, -8 
1719906685471.00, 0, -601808, -8 
1719906685492.00, 0, -601807, -8 
1719906685513.00, 0, -601808, -8 
1719906685534.00, 0, -601807, -8 
1719906685556.00, 0, -601808, -8 
1719906685577.00, 0, -601808, -8 
1719906685598.00, 0, -601807, -8 
1719906685620.00, 0, -601807, -8 
1719906685640.00, 0, -601807, -8 
1719906685662.00, 0, -601808, -8 
1719906685683.00, 0, -601808, -8 
1719906685704.00, 0, -601809, -8 
1719906685724.00, 0, -601807, -8 
1719906685746.00, 0, -601807, -8 
1719906685767.00, 0, -601808, -8 
1719906685788.00, 0, -601807, -8 
1719906685809.00, 0, -601807, -8 
1719906685830.00, 0, -601808, -8 
1719906685852.00, 0, -601807, -8 
1719906685872.00, 0, -601808, -8 
1719906685894.00, 0, -601808, -8 
1719906685915.00, 0, -601808, -8 
1719906685936.00, 0, -601808, -8 
1719906685957.00, 0, -601808, -8 
1719906685978.00, 0, -601808, -8 
1719906685999.00, 0, -601807, -8 
1719906686020.00, 0, -601808, -8 
1719906686042.00, 0, -601807, -8 
1719906686063.00, 0, -601807, -8 
1719906686084.00, 0, -601808, -8 
1719906686105.00, 0, -601808, -8 
1719906686126.00, 0, -601807, -8 
1719906686146.00, 0, -601806, -8 
1719906686168.00, 0, -601808, -8 
1719906686189.00, 0, -601807, -8 
1719906686211.00, 0, -601807, -8 
1719906686231.00, 0, -601807, -8 
1719906686252.00, 0, -601807, -8 
1719906686274.00, 0, -601807, -8 
1719906686295.00, 0, -601807, -8 
1719906686316.00, 0, -601807, -8 
1719906686337.00, 0, -601807, -8 
1719906686358.00, 0, -601808, -8 
1719906686379.00, 0, -601807, -8 
1719906686400.00, 0, -601807, -8 
1719906686422.00, 0, -601808, -8 
1719906686443.00, 0, -601808, -8 
1719906686463.00, 0, -601808, -8 
1719906686484.00, 0, -601807, -8 
1719906686505.00, 0, -601807, -8 
1719906686527.00, 0, -601808, -8 
1719906686548.00, 0, -601807, -8 
1719906686569.00, 0, -601807, -8 
1719906686590.00, 0, -601807, -8 
1719906686612.00, 0, -601808, -8 
1719906686633.00, 0, -601807, -8 
1719906686654.00, 0, -601808, -8 
1719906686675.00, 0, -601807, -8 
1719906686696.00, 0, -601806, -8 
1719906686717.00, 0, -601808, -8 
1719906686738.00, 0, -601808, -8 
1719906686759.00, 0, -601807, -8 
1719906686780.00, 0, -601808, -8 
1719906686802.00, 0, -601807, -8 
1719906686823.00, 0, -601808, -8 
1719906686844.00, 0, -601808, -8 
1719906686865.00, 0, -601808, -8 
1719906686886.00, 0, -601808, -8 
1719906686907.00, 0, -601808, -8 
1719906686928.00, 0, -601807, -8 
1719906686949.00, 0, -601807, -8 
1719906686971.00, 0, -601808, -8 
1719906686992.00, 0, -601807, -8 
1719906687013.00, 0, -601808, -8 
1719906687039.00, 0, -601808, -8 
1719906687055.00, 0, -601808, -8 
1719906687076.00, 0, -601807, -8 
1719906687098.00, 0, -601808, -8 
1719906687118.00, 0, -601807, -8 
1719906687139.00, 0, -601807, -8 
1719906687161.00, 0, -601808, -8 
1719906687182.00, 0, -601808, -8 
1719906687203.00, 0, -601808, -8 
1719906687224.00, 0, -601807, -8 
1719906687245.00, 0, -601808, -8 
1719906687267.00, 0, -601807, -8 
1719906687287.00, 0, -601809, -8 
1719906687308.00, 0, -601808, -8 
1719906687329.00, 0, -601807, -8 
1719906687350.00, 0, -601807, -8 
1719906687371.00, 0, -601807, -8 
1719906687393.00, 0, -601807, -8 
1719906687414.00, 0, -601807, -8 
1719906687435.00, 0, -601807, -8 
1719906687455.00, 0, -601807, -8 
1719906687477.00, 0, -601807, -8 
1719906687498.00, 0, -601808, -8 
1719906687520.00, 0, -601808, -8 
1719906687541.00, 0, -601808, -8 
1719906687562.00, 0, -601807, -8 
1719906687585.00, 0, -601808, -8 
1719906687604.00, 0, -601807, -8 
1719906687625.00, 0, -601807, -8 
1719906687646.00, 0, -601808, -8 
1719906687668.00, 0, -601807, -8 
1719906687688.00, 0, -601808, -8 
1719906687710.00, 0, -601808, -8 
1719906687731.00, 0, -601807, -8 
1719906687752.00, 0, -601807, -8 
1719906687773.00, 0, -601808, -8 
1719906687794.00, 0, -601808, -8 
1719906687815.00, 0, -601808, -8 
1719906687836.00, 0, -601808, -8 
1719906687857.00, 0, -601807, -8 
1719906687878.00, 0, -601807, -8 
1719906687899.00, 0, -601808, -8 
1719906687921.00, 0, -601809, -8 
1719906687942.00, 0, -601807, -8 
1719906687964.00, 0, -601807, -8 
1719906687984.00, 0, -601807, -8 
1719906688005.00, 0, -601808, -8 
1719906688027.00, 0, -601807, -8 
1719906688047.00, 0, -601808, -8 
1719906688069.00, 0, -601808, -8 
1719906688089.00, 0, -601808, -8 
1719906688110.00, 0, -601808, -8 
1719906688131.00, 0, -601808, -8 
1719906688153.00, 0, -601807, -8 
1719906688174.00, 0, -601807, -8 
1719906688195.00, 0, -601808, -8 
1719906688216.00, 0, -601807, -8 
1719906688238.00, 0, -601807, -8 
1719906688258.00, 0, -601807, -8 
1719906688279.00, 0, -601807, -8 
1719906688301.00, 0, -601807, -8 
1719906688322.00, 0, -601808, -8 
1719906688343.00, 0, -601807, -8 
1719906688364.00, 0, -601807, -8 
1719906688385.00, 0, -601808, -8 
1719906688406.00, 0, -601807, -8 
1719906688428.00, 0, -601807, -8 
1719906688449.00, 0, -601808, -8 
1719906688469.00, 0, -601807, -8 
1719906688491.00, 0, -601807, -8 
1719906688512.00, 0, -601808, -8 
1719906688533.00, 0, -601807, -8 
1719906688554.00, 0, -601807, -8 
1719906688575.00, 0, -601807, -8 
1719906688596.00, 0, -601807, -8 
1719906688618.00, 0, -601808, -8 
1719906688639.00, 0, -601808, -8 
1719906688660.00, 0, -601807, -8 
1719906688683.00, 0, -601808, -8 
1719906688701.00, 0, -601807, -8 
1719906688723.00, 0, -601807, -8 
1719906688744.00, 0, -601807, -8 
1719906688765.00, 0, -601808, -8 
1719906688787.00, 0, -601807, -8 
1719906688807.00, 0, -601808, -8 
1719906688829.00, 0, -601808, -8 
1719906688850.00, 0, -601808, -8 
1719906688871.00, 0, -601808, -8 
1719906688892.00, 0, -601808, -8 
1719906688913.00, 0, -601808, -8 
1719906688934.00, 0, -601807, -8 
1719906688956.00, 0, -601808, -8 
1719906688976.00, 0, -601807, -8 
1719906688997.00, 0, -601807, -8 
1719906689019.00, 0, -601807, -8 
1719906689040.00, 0, -601808, -8 
1719906689060.00, 0, -601808, -8 
1719906689082.00, 0, -601808, -8 
1719906689103.00, 0, -601808, -8 
1719906689124.00, 0, -601808, -8 
1719906689146.00, 0, -601808, -8 
1719906689167.00, 0, -601808, -8 
1719906689187.00, 0, -601807, -8 
1719906689209.00, 0, -601807, -8 
1719906689230.00, 0, -601807, -8 
1719906689251.00, 0, -601807, -8 
1719906689272.00, 0, -601807, -8 
1719906689292.00, 0, -601808, -8 
1719906689314.00, 0, -601808, -8 
1719906689335.00, 0, -601808, -8 
1719906689356.00, 0, -601808, -8 
1719906689378.00, 0, -601807, -8 
1719906689399.00, 0, -601807, -8 
1719906689420.00, 0, -601808, -8 
1719906689442.00, 0, -601807, -8 
1719906689462.00, 0, -601808, -8 
1719906689482.00, 0, -601808, -8 
1719906689503.00, 0, -601807, -8 
1719906689525.00, 0, -601808, -8 
1719906689547.00, 0, -601807, -8 
1719906689567.00, 0, -601807, -8 
1719906689588.00, 0, -601807, -8 
1719906689610.00, 0, -601808, -8 
1719906689631.00, 0, -601808, -8 
1719906689651.00, 0, -601808, -8 
1719906689673.00, 0, -601808, -8 
1719906689694.00, 0, -601808, -8 
1719906689715.00, 0, -601807, -8 
1719906689736.00, 0, -601807, -8 
1719906689757.00, 0, -601808, -8 
1719906689779.00, 0, -601808, -8 
1719906689800.00, 0, -601808, -8 
1719906689820.00, 0, -601808, -8 
1719906689842.00, 0, -601807, -8 
1719906689863.00, 0, -601807, -8 
1719906689884.00, 0, -601808, -8 
1719906689905.00, 0, -601807, -8 
1719906689926.00, 0, -601807, -8 
1719906689948.00, 0, -601806, -8 
1719906689968.00, 0, -601808, -8 
1719906689990.00, 0, -601807, -8 
1719906690011.00, 0, -601808, -8 
1719906690032.00, 0, -601808, -8 
1719906690053.00, 0, -601808, -8 
1719906690074.00, 0, -601808, -8 
1719906690095.00, 0, -601807, -8 
1719906690116.00, 0, -601807, -8 
1719906690138.00, 0, -601808, -8 
1719906690159.00, 0, -601808, -8 
1719906690180.00, 0, -601808, -8 
1719906690201.00, 0, -601807, -8 
1719906690222.00, 0, -601808, -8 
1719906690243.00, 0, -601807, -8 
1719906690264.00, 0, -601808, -8 
1719906690286.00, 0, -601807, -8 
1719906690306.00, 0, -601808, -8 
1719906690328.00, 0, -601808, -8 
1719906690349.00, 0, -601808, -8 
1719906690370.00, 0, -601807, -8 
1719906690390.00, 0, -601808, -8 
1719906690411.00, 0, -601807, -8 
1719906690432.00, 0, -601808, -8 
1719906690454.00, 0, -601808, -8 
1719906690475.00, 0, -601808, -8 
1719906690497.00, 0, -601807, -8 
1719906690518.00, 0, -601807, -8 
1719906690539.00, 0, -601807, -8 
1719906690559.00, 0, -601808, -8 
1719906690580.00, 0, -601808, -8 
1719906690601.00, 0, -601806, -8 
1719906690623.00, 0, -601808, -8 
1719906690644.00, 0, -601808, -8 
1719906690666.00, 0, -601808, -8 
1719906690686.00, 0, -601808, -8 
1719906690708.00, 0, -601807, -8 
1719906690729.00, 0, -601808, -8 
1719906690750.00, 0, -601807, -8 
1719906690771.00, 0, -601807, -8 
1719906690791.00, 0, -601808, -8 
1719906690813.00, 0, -601808, -8 
1719906690834.00, 0, -601807, -8 
1719906690855.00, 0, -601808, -8 
1719906690877.00, 0, -601807, -8 
1719906690898.00, 0, -601807, -8 
1719906690919.00, 0, -601808, -8 
1719906690940.00, 0, -601808, -8 
1719906690961.00, 0, -601807, -8 
1719906690982.00, 0, -601808, -8 
1719906691003.00, 0, -601807, -8 
1719906691024.00, 0, -601807, -8 
1719906691045.00, 0, -601808, -8 
1719906691066.00, 0, -601808, -8 
1719906691088.00, 0, -601808, -8 
1719906691109.00, 0, -601808, -8 
1719906691130.00, 0, -601808, -8 
1719906691151.00, 0, -601807, -8 
1719906691172.00, 0, -601808, -8 
1719906691195.00, 0, -601808, -8 
1719906691214.00, 0, -601807, -8 
1719906691235.00, 0, -601807, -8 
1719906691256.00, 0, -601807, -8 
1719906691278.00, 0, -601809, -8 
1719906691299.00, 0, -601807, -8 
1719906691320.00, 0, -601808, -8 
1719906691341.00, 0, -601808, -8 
1719906691362.00, 0, -601807, -8 
1719906691383.00, 0, -601807, -8 
1719906691404.00, 0, -601808, -8 
1719906691426.00, 0, -601807, -8 
1719906691447.00, 0, -601808, -8 
1719906691468.00, 0, -601809, -8 
1719906691489.00, 0, -601807, -8 
1719906691510.00, 0, -601808, -8 
1719906691531.00, 0, -601808, -8 
1719906691552.00, 0, -601807, -8 
1719906691573.00, 0, -601807, -8 
1719906691594.00, 0, -601807, -8 
1719906691617.00, 0, -601807, -8 
1719906691637.00, 0, -601807, -8 
1719906691658.00, 0, -601808, -8 
1719906691679.00, 0, -601807, -8 
1719906691699.00, 0, -601807, -8 
1719906691721.00, 0, -601807, -8 
1719906691742.00, 0, -601807, -8 
1719906691763.00, 0, -601807, -8 
1719906691784.00, 0, -601808, -8 
1719906691806.00, 0, -601808, -8 
1719906691827.00, 0, -601807, -8 
1719906691851.00, 0, -601809, -8 
1719906691869.00, 0, -601806, -8 
1719906691890.00, 0, -601806, -8 
1719906691911.00, 0, -601808, -8 
1719906691932.00, 0, -601808, -8 
1719906691952.00, 0, -601808, -8 
1719906691975.00, 0, -601808, -8 
1719906691995.00, 0, -601808, -8 
1719906692016.00, 0, -601807, -8 
1719906692037.00, 0, -601808, -8 
1719906692058.00, 0, -601808, -8 
1719906692079.00, 0, -601808, -8 
1719906692101.00, 0, -601807, -8 
1719906692122.00, 0, -601807, -8 
1719906692143.00, 0, -601807, -8 
1719906692164.00, 0, -601808, -8 
1719906692186.00, 0, -601808, -8 
1719906692207.00, 0, -601807, -8 
1719906692228.00, 0, -601808, -8 
1719906692248.00, 0, -601808, -8 
1719906692270.00, 0, -601807, -8 
1719906692291.00, 0, -601808, -8 
1719906692312.00, 0, -601807, -8 
1719906692333.00, 0, -601807, -8 
1719906692355.00, 0, -601808, -8 
1719906692376.00, 0, -601808, -8 
1719906692397.00, 0, -601807, -8 
1719906692418.00, 0, -601807, -8 
1719906692439.00, 0, -601808, -8 
1719906692460.00, 0, -601808, -8 
1719906692481.00, 0, -601807, -8 
1719906692502.00, 0, -601807, -8 
1719906692523.00, 0, -601808, -8 
1719906692544.00, 0, -601807, -8 
1719906692566.00, 0, -601807, -8 
1719906692586.00, 0, -601808, -8 
1719906692607.00, 0, -601808, -8 
1719906692628.00, 0, -601807, -8 
1719906692649.00, 0, -601808, -8 
1719906692671.00, 0, -601807, -8 
1719906692692.00, 0, -601808, -8 
1719906692713.00, 0, -601808, -8 
1719906692735.00, 0, -601806, -8 
1719906692755.00, 0, -601807, -8 
1719906692777.00, 0, -601807, -8 
1719906692798.00, 0, -601808, -8 
1719906692819.00, 0, -601807, -8 
1719906692840.00, 0, -601808, -8 
1719906692861.00, 0, -601807, -8 
1719906692882.00, 0, -601808, -8 
1719906692903.00, 0, -601807, -8 
1719906692924.00, 0, -601808, -8 
1719906692945.00, 0, -601807, -8 
1719906692967.00, 0, -601807, -8 
1719906692988.00, 0, -601808, -8 
1719906693009.00, 0, -601808, -8 
1719906693030.00, 0, -601808, -8 
1719906693051.00, 0, -601807, -8 
1719906693072.00, 0, -601808, -8 
1719906693093.00, 0, -601808, -8 
1719906693114.00, 0, -601807, -8 
1719906693136.00, 0, -601808, -8 
1719906693157.00, 0, -601807, -8 
1719906693177.00, 0, -601807, -8 
1719906693199.00, 0, -601808, -8 
1719906693220.00, 0, -601808, -8 
1719906693241.00, 0, -601807, -8 
1719906693263.00, 0, -601807, -8 
1719906693283.00, 0, -601807, -8 
1719906693304.00, 0, -601808, -8 
1719906693325.00, 0, -601808, -8 
1719906693347.00, 0, -601808, -8 
1719906693368.00, 0, -601807, -8 
1719906693389.00, 0, -601807, -8 
1719906693410.00, 0, -601807, -8 
1719906693431.00, 0, -601808, -8 
1719906693453.00, 0, -601808, -8 
1719906693474.00, 0, -601808, -8 
1719906693495.00, 0, -601807, -8 
1719906693516.00, 0, -601808, -8 
1719906693536.00, 0, -601808, -8 
1719906693558.00, 0, -601807, -8 
1719906693580.00, 0, -601808, -8 
1719906693600.00, 0, -601807, -8 
1719906693621.00, 0, -601807, -8 
1719906693642.00, 0, -601807, -8 
1719906693664.00, 0, -601807, -8 
1719906693685.00, 0, -601807, -8 
1719906693708.00, 0, -601808, -8 
1719906693727.00, 0, -601807, -8 
1719906693747.00, 0, -601807, -8 
1719906693771.00, 0, -601807, -8 
1719906693790.00, 0, -601807, -8 
1719906693811.00, 0, -601808, -8 
1719906693832.00, 0, -601807, -8 
1719906693854.00, 0, -601807, -8 
1719906693875.00, 0, -601807, -8 
1719906693896.00, 0, -601807, -8 
1719906693917.00, 0, -601807, -8 
1719906693938.00, 0, -601808, -8 
1719906693959.00, 0, -601807, -8 
1719906693980.00, 0, -601807, -8 
1719906694001.00, 0, -601807, -8 
1719906694022.00, 0, -601808, -8 
1719906694044.00, 0, -601808, -8 
1719906694064.00, 0, -601808, -8 
1719906694086.00, 0, -601808, -8 
1719906694106.00, 0, -601808, -8 
1719906694128.00, 0, -601808, -8 
1719906694149.00, 0, -601808, -8 
1719906694170.00, 0, -601808, -8 
1719906694191.00, 0, -601808, -8 
1719906694212.00, 0, -601808, -8 
1719906694234.00, 0, -601808, -8 
1719906694254.00, 0, -601807, -8 
1719906694276.00, 0, -601807, -8 
1719906694296.00, 0, -601807, -8 
1719906694318.00, 0, -601807, -8 
1719906694339.00, 0, -601807, -8 
1719906694360.00, 0, -601807, -8 
1719906694381.00, 0, -601808, -8 
1719906694403.00, 0, -601807, -8 
1719906694424.00, 0, -601807, -8 
1719906694444.00, 0, -601807, -8 
1719906694466.00, 0, -601808, -8 
1719906694487.00, 0, -601808, -8 
1719906694508.00, 0, -601807, -8 
1719906694529.00, 0, -601807, -8 
1719906694550.00, 0, -601808, -8 
1719906694571.00, 0, -601808, -8 
1719906694592.00, 0, -601807, -8 
1719906694614.00, 0, -601808, -8 
1719906694635.00, 0, -601808, -8 
1719906694655.00, 0, -601808, -8 
1719906694676.00, 0, -601808, -8 
1719906694697.00, 0, -601808, -8 
1719906694719.00, 0, -601808, -8 
1719906694740.00, 0, -601808, -8 
1719906694761.00, 0, -601808, -8 
1719906694782.00, 0, -601808, -8 
1719906694805.00, 0, -601807, -8 
1719906694824.00, 0, -601808, -8 
1719906694846.00, 0, -601807, -8 
1719906694867.00, 0, -601808, -8 
1719906694888.00, 0, -601807, -8 
1719906694909.00, 0, -601808, -8 
1719906694930.00, 0, -601808, -8 
1719906694951.00, 0, -601807, -8 
1719906694973.00, 0, -601809, -8 
1719906694994.00, 0, -601807, -8 
1719906695015.00, 0, -601807, -8 
1719906695036.00, 0, -601808, -8 
1719906695057.00, 0, -601808, -8 
1719906695078.00, 0, -601807, -8 
1719906695099.00, 0, -601808, -8 
1719906695120.00, 0, -601807, -8 
1719906695141.00, 0, -601808, -8 
1719906695162.00, 0, -601807, -8 
1719906695183.00, 0, -601807, -8 
1719906695204.00, 0, -601808, -8 
1719906695225.00, 0, -601807, -8 
1719906695246.00, 0, -601808, -8 
1719906695268.00, 0, -601806, -8 
1719906695289.00, 0, -601808, -8 
1719906695310.00, 0, -601807, -8 
1719906695331.00, 0, -601808, -8 
1719906695352.00, 0, -601806, -8 
1719906695374.00, 0, -601808, -8 
1719906695395.00, 0, -601807, -8 
1719906695416.00, 0, -601807, -8 
1719906695437.00, 0, -601807, -8 
1719906695460.00, 0, -601807, -8 
1719906695479.00, 0, -601808, -8 
1719906695500.00, 0, -601806, -8 
1719906695521.00, 0, -601807, -8 
1719906695543.00, 0, -601807, -8 
1719906695563.00, 0, -601808, -8 
1719906695585.00, 0, -601808, -8 
1719906695606.00, 0, -601808, -8 
1719906695627.00, 0, -601808, -8 
1719906695648.00, 0, -601808, -8 
1719906695669.00, 0, -601807, -8 
1719906695690.00, 0, -601807, -8 
1719906695712.00, 0, -601807, -8 
1719906695733.00, 0, -601807, -8 
1719906695753.00, 0, -601807, -8 
1719906695775.00, 0, -601808, -8 
1719906695796.00, 0, -601808, -8 
1719906695817.00, 0, -601808, -8 
1719906695838.00, 0, -601807, -8 
1719906695859.00, 0, -601808, -8 
1719906695880.00, 0, -601807, -8 
1719906695902.00, 0, -601807, -8 
1719906695922.00, 0, -601808, -8 
1719906695944.00, 0, -601807, -8 
1719906695965.00, 0, -601808, -8 
1719906695986.00, 0, -601807, -8 
1719906696007.00, 0, -601808, -8 
1719906696028.00, 0, -601807, -8 
1719906696050.00, 0, -601807, -8 
1719906696071.00, 0, -601808, -8 
1719906696091.00, 0, -601808, -8 
1719906696113.00, 0, -601808, -8 
1719906696134.00, 0, -601806, -8 
1719906696155.00, 0, -601807, -8 
1719906696176.00, 0, -601807, -8 
1719906696197.00, 0, -601808, -8 
1719906696218.00, 0, -601806, -8 
1719906696240.00, 0, -601808, -8 
1719906696261.00, 0, -601808, -8 
1719906696282.00, 0, -601807, -8 
1719906696303.00, 0, -601807, -8 
1719906696323.00, 0, -601806, -8 
1719906696345.00, 0, -601808, -8 
1719906696366.00, 0, -601807, -8 
1719906696387.00, 0, -601807, -8 
1719906696408.00, 0, -601807, -8 
1719906696429.00, 0, -601808, -8 
1719906696450.00, 0, -601807, -8 
1719906696472.00, 0, -601808, -8 
1719906696493.00, 0, -601808, -8 
1719906696514.00, 0, -601807, -8 
1719906696535.00, 0, -601807, -8 
1719906696556.00, 0, -601808, -8 
1719906696577.00, 0, -601808, -8 
1719906696598.00, 0, -601807, -8 
1719906696619.00, 0, -601807, -8 
1719906696640.00, 0, -601807, -8 
1719906696662.00, 0, -601807, -8 
1719906696683.00, 0, -601808, -8 
1719906696704.00, 0, -601808, -8 
1719906696725.00, 0, -601808, -8 
1719906696746.00, 0, -601807, -8 
1719906696767.00, 0, -601807, -8 
1719906696788.00, 0, -601807, -8 
1719906696809.00, 0, -601808, -8 
1719906696831.00, 0, -601807, -8 
1719906696852.00, 0, -601808, -8 
1719906696873.00, 0, -601808, -8 
1719906696894.00, 0, -601808, -8 
1719906696915.00, 0, -601807, -8 
1719906696936.00, 0, -601807, -8 
1719906696957.00, 0, -601807, -8 
1719906696978.00, 0, -601808, -8 
1719906696999.00, 0, -601807, -8 
1719906697021.00, 0, -601808, -8 
1719906697042.00, 0, -601808, -8 
1719906697062.00, 0, -601806, -8 
1719906697084.00, 0, -601808, -8 
1719906697105.00, 0, -601806, -8 
1719906697126.00, 0, -601807, -8 
1719906697147.00, 0, -601807, -8 
1719906697168.00, 0, -601807, -8 
1719906697190.00, 0, -601807, -8 
1719906697210.00, 0, -601807, -8 
1719906697232.00, 0, -601807, -8 
1719906697253.00, 0, -601809, -8 
1719906697273.00, 0, -601808, -8 
1719906697294.00, 0, -601807, -8 
1719906697316.00, 0, -601808, -8 
1719906697337.00, 0, -601807, -8 
1719906697358.00, 0, -601808, -8 
1719906697380.00, 0, -601807, -8 
1719906697400.00, 0, -601808, -8 
1719906697422.00, 0, -601808, -8 
1719906697443.00, 0, -601808, -8 
1719906697463.00, 0, -601808, -8 
1719906697485.00, 0, -601806, -8 
1719906697506.00, 0, -601807, -8 
1719906697527.00, 0, -601807, -8 
1719906697548.00, 0, -601807, -8 
1719906697569.00, 0, -601808, -8 
1719906697590.00, 0, -601807, -8 
1719906697611.00, 0, -601808, -8 
1719906697633.00, 0, -601808, -8 
1719906697654.00, 0, -601807, -8 
1719906697675.00, 0, -601808, -8 
1719906697696.00, 0, -601808, -8 
1719906697717.00, 0, -601808, -8 
1719906697738.00, 0, -601807, -8 
1719906697759.00, 0, -601809, -8 
1719906697780.00, 0, -601808, -8 
1719906697802.00, 0, -601807, -8 
1719906697823.00, 0, -601807, -8 
1719906697844.00, 0, -601808, -8 
1719906697867.00, 0, -601808, -8 
1719906697886.00, 0, -601807, -8 
1719906697907.00, 0, -601807, -8 
1719906697928.00, 0, -601808, -8 
1719906697949.00, 0, -601807, -8 
1719906697971.00, 0, -601807, -8 
1719906697992.00, 0, -601808, -8 
1719906698013.00, 0, -601807, -8 
1719906698034.00, 0, -601808, -8 
1719906698055.00, 0, -601807, -8 
1719906698076.00, 0, -601808, -8 
1719906698097.00, 0, -601807, -8 
1719906698118.00, 0, -601806, -8 
1719906698140.00, 0, -601808, -8 
1719906698161.00, 0, -601808, -8 
1719906698182.00, 0, -601807, -8 
1719906698203.00, 0, -601808, -8 
1719906698224.00, 0, -601807, -8 
1719906698245.00, 0, -601809, -8 
1719906698266.00, 0, -601808, -8 
1719906698287.00, 0, -601807, -8 
1719906698308.00, 0, -601807, -8 
1719906698329.00, 0, -601807, -8 
1719906698351.00, 0, -601808, -8 
1719906698372.00, 0, -601807, -8 
1719906698393.00, 0, -601808, -8 
1719906698414.00, 0, -601808, -8 
1719906698435.00, 0, -601808, -8 
1719906698456.00, 0, -601808, -8 
1719906698477.00, 0, -601808, -8 
1719906698499.00, 0, -601808, -8 
1719906698519.00, 0, -601808, -8 
1719906698540.00, 0, -601807, -8 
1719906698562.00, 0, -601807, -8 
1719906698583.00, 0, -601808, -8 
1719906698604.00, 0, -601807, -8 
1719906698625.00, 0, -601807, -8 
1719906698646.00, 0, -601807, -8 
1719906698667.00, 0, -601808, -8 
1719906698688.00, 0, -601808, -8 
1719906698709.00, 0, -601808, -8 
1719906698730.00, 0, -601807, -8 
1719906698752.00, 0, -601807, -8 
1719906698773.00, 0, -601808, -8 
1719906698794.00, 0, -601807, -8 
1719906698815.00, 0, -601808, -8 
1719906698836.00, 0, -601808, -8 
1719906698857.00, 0, -601808, -8 
1719906698878.00, 0, -601807, -8 
1719906698900.00, 0, -601808, -8 
1719906698921.00, 0, -601807, -8 
1719906698941.00, 0, -601807, -8 
1719906698963.00, 0, -601807, -8 
1719906698984.00, 0, -601807, -8 
1719906699005.00, 0, -601806, -8 
1719906699026.00, 0, -601808, -8 
1719906699047.00, 0, -601808, -8 
1719906699068.00, 0, -601808, -8 
1719906699090.00, 0, -601808, -8 
1719906699111.00, 0, -601807, -8 
1719906699132.00, 0, -601807, -8 
1719906699152.00, 0, -601808, -8 
1719906699174.00, 0, -601807, -8 
1719906699195.00, 0, -601807, -8 
1719906699216.00, 0, -601808, -8 
1719906699238.00, 0, -601807, -8 
1719906699258.00, 0, -601807, -8 
1719906699279.00, 0, -601808, -8 
1719906699301.00, 0, -601807, -8 
1719906699322.00, 0, -601807, -8 
1719906699343.00, 0, -601808, -8 
1719906699364.00, 0, -601809, -8 
1719906699385.00, 0, -601808, -8 
1719906699406.00, 0, -601807, -8 
1719906699428.00, 0, -601808, -8 
1719906699448.00, 0, -601807, -8 
1719906699469.00, 0, -601806, -8 
1719906699490.00, 0, -601807, -8 
1719906699511.00, 0, -601808, -8 
1719906699533.00, 0, -601808, -8 
1719906699554.00, 0, -601808, -8 
1719906699575.00, 0, -601807, -8 
1719906699596.00, 0, -601808, -8 
1719906699617.00, 0, -601808, -8 
1719906699639.00, 0, -601808, -8 
1719906699660.00, 0, -601808, -8 
1719906699681.00, 0, -601807, -8 
1719906699702.00, 0, -601807, -8 
1719906699725.00, 0, -601807, -8 
1719906699744.00, 0, -601808, -8 
1719906699765.00, 0, -601808, -8 
1719906699786.00, 0, -601807, -8 
1719906699808.00, 0, -601807, -8 
1719906699828.00, 0, -601807, -8 
1719906699850.00, 0, -601807, -8 
1719906699871.00, 0, -601807, -8 
1719906699892.00, 0, -601807, -8 
1719906699913.00, 0, -601808, -8 
1719906699934.00, 0, -601808, -8 
1719906699955.00, 0, -601808, -8 
1719906699976.00, 0, -601808, -8 
1719906699997.00, 0, -601808, -8 
1719906700018.00, 0, -601808, -8 
1719906700039.00, 0, -601807, -8 
1719906700061.00, 0, -601808, -8 
1719906700082.00, 0, -601808, -8 
1719906700103.00, 0, -601808, -8 
1719906700124.00, 0, -601808, -8 
1719906700145.00, 0, -601806, -8 
1719906700166.00, 0, -601807, -8 
1719906700187.00, 0, -601808, -8 
1719906700208.00, 0, -601808, -8 
1719906700230.00, 0, -601808, -8 
1719906700251.00, 0, -601808, -8 
1719906700274.00, 0, -601808, -8 
1719906700293.00, 0, -601807, -8 
1719906700314.00, 0, -601808, -8 
1719906700335.00, 0, -601807, -8 
1719906700356.00, 0, -601808, -8 
1719906700380.00, 0, -601807, -8 
1719906700398.00, 0, -601808, -8 
1719906700419.00, 0, -601807, -8 
1719906700440.00, 0, -601807, -8 
1719906700462.00, 0, -601807, -8 
1719906700483.00, 0, -601807, -8 
1719906700504.00, 0, -601807, -8 
1719906700525.00, 0, -601807, -8 
1719906700546.00, 0, -601808, -8 
1719906700567.00, 0, -601807, -8 
1719906700589.00, 0, -601808, -8 
1719906700610.00, 0, -601807, -8 
1719906700631.00, 0, -601808, -8 
1719906700652.00, 0, -601808, -8 
1719906700673.00, 0, -601808, -8 
1719906700694.00, 0, -601808, -8 
1719906700715.00, 0, -601808, -8 
1719906700737.00, 0, -601808, -8 
1719906700758.00, 0, -601809, -8 
1719906700778.00, 0, -601808, -8 
1719906700800.00, 0, -601807, -8 
1719906700821.00, 0, -601807, -8 
1719906700841.00, 0, -601808, -8 
1719906700862.00, 0, -601808, -8 
1719906700884.00, 0, -601807, -8 
1719906700905.00, 0, -601807, -8 
1719906700926.00, 0, -601808, -8 
1719906700947.00, 0, -601807, -8 
1719906700969.00, 0, -601807, -8 
1719906700990.00, 0, -601807, -8 
1719906701011.00, 0, -601807, -8 
1719906701032.00, 0, -601808, -8 
1719906701053.00, 0, -601808, -8 
1719906701073.00, 0, -601806, -8 
1719906701095.00, 0, -601808, -8 
1719906701116.00, 0, -601807, -8 
1719906701137.00, 0, -601808, -8 
1719906701159.00, 0, -601807, -8 
1719906701179.00, 0, -601808, -8 
1719906701200.00, 0, -601808, -8 
1719906701221.00, 0, -601807, -8 
1719906701243.00, 0, -601807, -8 
1719906701264.00, 0, -601808, -8 
1719906701286.00, 0, -601808, -8 
1719906701307.00, 0, -601807, -8 
1719906701327.00, 0, -601807, -8 
1719906701349.00, 0, -601807, -8 
1719906701369.00, 0, -601807, -8 
1719906701391.00, 0, -601808, -8 
1719906701412.00, 0, -601807, -8 
1719906701433.00, 0, -601807, -8 
1719906701454.00, 0, -601806, -8 
1719906701475.00, 0, -601808, -8 
1719906701496.00, 0, -601807, -8 
1719906701518.00, 0, -601808, -8 
1719906701538.00, 0, -601808, -8 
1719906701560.00, 0, -601807, -8 
1719906701581.00, 0, -601808, -8 
1719906701602.00, 0, -601807, -8 
1719906701623.00, 0, -601807, -8 
1719906701645.00, 0, -601808, -8 
1719906701665.00, 0, -601808, -8 
1719906701687.00, 0, -601808, -8 
1719906701707.00, 0, -601808, -8 
1719906701728.00, 0, -601808, -8 
1719906701749.00, 0, -601807, -8 
1719906701771.00, 0, -601808, -8 
1719906701791.00, 0, -601808, -8 
1719906701813.00, 0, -601808, -8 
1719906701834.00, 0, -601806, -8 
1719906701855.00, 0, -601807, -8 
1719906701877.00, 0, -601807, -8 
1719906701898.00, 0, -601807, -8 
1719906701919.00, 0, -601807, -8 
1719906701940.00, 0, -601808, -8 
1719906701961.00, 0, -601807, -8 
1719906701982.00, 0, -601808, -8 
1719906702003.00, 0, -601808, -8 
1719906702025.00, 0, -601807, -8 
1719906702045.00, 0, -601808, -8 
1719906702066.00, 0, -601807, -8 
1719906702088.00, 0, -601807, -8 
1719906702108.00, 0, -601807, -8 
1719906702130.00, 0, -601807, -8 
1719906702151.00, 0, -601807, -8 
1719906702171.00, 0, -601807, -8 
1719906702193.00, 0, -601807, -8 
1719906702214.00, 0, -601808, -8 
1719906702235.00, 0, -601808, -8 
1719906702257.00, 0, -601807, -8 
1719906702278.00, 0, -601807, -8 
1719906702299.00, 0, -601807, -8 
1719906702320.00, 0, -601807, -8 
1719906702341.00, 0, -601808, -8 
1719906702361.00, 0, -601807, -8 
1719906702383.00, 0, -601808, -8 
1719906702404.00, 0, -601807, -8 
1719906702425.00, 0, -601808, -8 
1719906702447.00, 0, -601807, -8 
1719906702468.00, 0, -601808, -8 
1719906702490.00, 0, -601808, -8 
1719906702510.00, 0, -601807, -8 
1719906702531.00, 0, -601807, -8 
1719906702552.00, 0, -601807, -8 
1719906702573.00, 0, -601808, -8 
1719906702594.00, 0, -601807, -8 
1719906702615.00, 0, -601807, -8 
1719906702636.00, 0, -601807, -8 
1719906702658.00, 0, -601808, -8 
1719906702678.00, 0, -601808, -8 
1719906702700.00, 0, -601808, -8 
1719906702721.00, 0, -601806, -8 
1719906702742.00, 0, -601807, -8 
1719906702763.00, 0, -601808, -8 
1719906702784.00, 0, -601807, -8 
1719906702806.00, 0, -601806, -8 
1719906702826.00, 0, -601807, -8 
1719906702848.00, 0, -601807, -8 
1719906702869.00, 0, -601808, -8 
1719906702890.00, 0, -601808, -8 
1719906702911.00, 0, -601807, -8 
1719906702932.00, 0, -601808, -8 
1719906702953.00, 0, -601808, -8 
1719906702974.00, 0, -601808, -8 
1719906702995.00, 0, -601809, -8 
1719906703017.00, 0, -601808, -8 
1719906703038.00, 0, -601808, -8 
1719906703058.00, 0, -601808, -8 
1719906703079.00, 0, -601808, -8 
1719906703101.00, 0, -601808, -8 
1719906703122.00, 0, -601808, -8 
1719906703143.00, 0, -601808, -8 
1719906703164.00, 0, -601807, -8 
1719906703185.00, 0, -601808, -8 
1719906703207.00, 0, -601807, -8 
1719906703227.00, 0, -601807, -8 
1719906703248.00, 0, -601808, -8 
1719906703270.00, 0, -601808, -8 
1719906703291.00, 0, -601807, -8 
1719906703313.00, 0, -601808, -8 
1719906703334.00, 0, -601807, -8 
1719906703353.00, 0, -601807, -8 
1719906703375.00, 0, -601808, -8 
1719906703396.00, 0, -601808, -8 
1719906703418.00, 0, -601806, -8 
1719906703439.00, 0, -601806, -8 
1719906703460.00, 0, -601807, -8 
1719906703481.00, 0, -601808, -8 
1719906703502.00, 0, -601808, -8 
1719906703523.00, 0, -601807, -8 
1719906703544.00, 0, -601807, -8 
1719906703566.00, 0, -601807, -8 
1719906703587.00, 0, -601808, -8 
1719906703608.00, 0, -601807, -8 
1719906703629.00, 0, -601807, -8 
1719906703650.00, 0, -601807, -8 
1719906703670.00, 0, -601806, -8 
1719906703692.00, 0, -601807, -8 
1719906703713.00, 0, -601808, -8 
1719906703734.00, 0, -601808, -8 
1719906703755.00, 0, -601807, -8 
1719906703777.00, 0, -601808, -8 
1719906703798.00, 0, -601807, -8 
1719906703819.00, 0, -601808, -8 
1719906703839.00, 0, -601808, -8 
1719906703861.00, 0, -601806, -8 
1719906703883.00, 0, -601807, -8 
1719906703903.00, 0, -601808, -8 
1719906703924.00, 0, -601807, -8 
1719906703946.00, 0, -601807, -8 
1719906703967.00, 0, -601807, -8 
1719906703988.00, 0, -601807, -8 
1719906704009.00, 0, -601807, -8 
1719906704030.00, 0, -601808, -8 
1719906704050.00, 0, -601807, -8 
1719906704072.00, 0, -601808, -8 
1719906704093.00, 0, -601807, -8 
1719906704114.00, 0, -601808, -8 
1719906704135.00, 0, -601807, -8 
1719906704157.00, 0, -601807, -8 
1719906704177.00, 0, -601807, -8 
1719906704199.00, 0, -601808, -8 
1719906704220.00, 0, -601808, -8 
1719906704241.00, 0, -601808, -8 
1719906704262.00, 0, -601807, -8 
1719906704283.00, 0, -601808, -8 
1719906704305.00, 0, -601808, -8 
1719906704326.00, 0, -601807, -8 
1719906704347.00, 0, -601808, -8 
1719906704368.00, 0, -601807, -8 
1719906704388.00, 0, -601807, -8 
1719906704410.00, 0, -601807, -8 
1719906704431.00, 0, -601807, -8 
1719906704452.00, 0, -601808, -8 
1719906704473.00, 0, -601808, -8 
1719906704495.00, 0, -601808, -8 
1719906704515.00, 0, -601808, -8 
1719906704538.00, 0, -601807, -8 
1719906704557.00, 0, -601807, -8 
1719906704578.00, 0, -601808, -8 
1719906704600.00, 0, -601807, -8 
1719906704621.00, 0, -601808, -8 
1719906704642.00, 0, -601808, -8 
1719906704663.00, 0, -601808, -8 
1719906704684.00, 0, -601808, -8 
1719906704706.00, 0, -601808, -8 
1719906704727.00, 0, -601808, -8 
1719906704748.00, 0, -601807, -8 
1719906704769.00, 0, -601808, -8 
1719906704790.00, 0, -601807, -8 
1719906704811.00, 0, -601808, -8 
1719906704832.00, 0, -601808, -8 
1719906704853.00, 0, -601807, -8 
1719906704875.00, 0, -601808, -8 
1719906704896.00, 0, -601808, -8 
1719906704917.00, 0, -601808, -8 
1719906704937.00, 0, -601808, -8 
1719906704959.00, 0, -601807, -8 
1719906704980.00, 0, -601807, -8 
1719906705001.00, 0, -601807, -8 
1719906705023.00, 0, -601807, -8 
1719906705043.00, 0, -601808, -8 
1719906705064.00, 0, -601807, -8 
1719906705085.00, 0, -601808, -8 
1719906705107.00, 0, -601807, -8 
1719906705127.00, 0, -601807, -8 
1719906705149.00, 0, -601808, -8 
1719906705170.00, 0, -601807, -8 
1719906705191.00, 0, -601808, -8 
1719906705212.00, 0, -601807, -8 
1719906705233.00, 0, -601808, -8 
1719906705255.00, 0, -601808, -8 
1719906705275.00, 0, -601808, -8 
1719906705296.00, 0, -601807, -8 
1719906705318.00, 0, -601807, -8 
1719906705339.00, 0, -601807, -8 
1719906705360.00, 0, -601807, -8 
1719906705381.00, 0, -601808, -8 
1719906705402.00, 0, -601808, -8 
1719906705423.00, 0, -601808, -8 
1719906705445.00, 0, -601807, -8 
1719906705466.00, 0, -601808, -8 
1719906705487.00, 0, -601807, -8 
1719906705508.00, 0, -601808, -8 
1719906705529.00, 0, -601808, -8 
1719906705550.00, 0, -601808, -8 
1719906705571.00, 0, -601807, -8 
1719906705593.00, 0, -601807, -8 
1719906705614.00, 0, -601807, -8 
1719906705635.00, 0, -601807, -8 
1719906705656.00, 0, -601808, -8 
1719906705677.00, 0, -601807, -8 
1719906705698.00, 0, -601808, -8 
1719906705719.00, 0, -601807, -8 
1719906705742.00, 0, -601808, -8 
1719906705762.00, 0, -601807, -8 
1719906705782.00, 0, -601808, -8 
1719906705804.00, 0, -601807, -8 
1719906705825.00, 0, -601807, -8 
1719906705846.00, 0, -601807, -8 
1719906705867.00, 0, -601806, -8 
1719906705888.00, 0, -601807, -8 
1719906705909.00, 0, -601807, -8 
1719906705930.00, 0, -601808, -8 
1719906705951.00, 0, -601807, -8 
1719906705973.00, 0, -601808, -8 
1719906705993.00, 0, -601808, -8 
1719906706014.00, 0, -601807, -8 
1719906706035.00, 0, -601808, -8 
1719906706056.00, 0, -601807, -8 
1719906706078.00, 0, -601807, -8 
1719906706099.00, 0, -601808, -8 
1719906706119.00, 0, -601808, -8 
1719906706141.00, 0, -601806, -8 
1719906706163.00, 0, -601808, -8 
1719906706184.00, 0, -601807, -8 
1719906706205.00, 0, -601807, -8 
1719906706226.00, 0, -601807, -8 
1719906706246.00, 0, -601808, -8 
1719906706268.00, 0, -601807, -8 
1719906706289.00, 0, -601807, -8 
1719906706310.00, 0, -601807, -8 
1719906706331.00, 0, -601807, -8 
1719906706353.00, 0, -601807, -8 
1719906706374.00, 0, -601806, -8 
1719906706395.00, 0, -601807, -8 
1719906706415.00, 0, -601808, -8 
1719906706437.00, 0, -601807, -8 
1719906706458.00, 0, -601807, -8 
1719906706479.00, 0, -601808, -8 
1719906706500.00, 0, -601808, -8 
1719906706522.00, 0, -601807, -8 
1719906706543.00, 0, -601808, -8 
1719906706563.00, 0, -601808, -8 
1719906706585.00, 0, -601808, -8 
1719906706606.00, 0, -601808, -8 
1719906706626.00, 0, -601808, -8 
1719906706648.00, 0, -601807, -8 
1719906706668.00, 0, -601807, -8 
1719906706691.00, 0, -601807, -8 
1719906706711.00, 0, -601808, -8 
1719906706733.00, 0, -601807, -8 
1719906706753.00, 0, -601808, -8 
1719906706775.00, 0, -601809, -8 
1719906706796.00, 0, -601806, -8 
1719906706817.00, 0, -601808, -8 
1719906706838.00, 0, -601808, -8 
1719906706859.00, 0, -601807, -8 
1719906706880.00, 0, -601808, -8 
1719906706902.00, 0, -601808, -8 
1719906706922.00, 0, -601807, -8 
1719906706944.00, 0, -601807, -8 
1719906706965.00, 0, -601808, -8 
1719906706986.00, 0, -601808, -8 
1719906707006.00, 0, -601807, -8 
1719906707028.00, 0, -601807, -8 
1719906707052.00, 0, -601806, -8 
1719906707070.00, 0, -601807, -8 
1719906707091.00, 0, -601808, -8 
1719906707114.00, 0, -601807, -8 
1719906707134.00, 0, -601808, -8 
1719906707154.00, 0, -601807, -8 
1719906707175.00, 0, -601807, -8 
1719906707197.00, 0, -601808, -8 
1719906707218.00, 0, -601807, -8 
1719906707239.00, 0, -601808, -8 
1719906707260.00, 0, -601807, -8 
1719906707281.00, 0, -601807, -8 
1719906707302.00, 0, -601807, -8 
1719906707323.00, 0, -601807, -8 
1719906707345.00, 0, -601807, -8 
1719906707366.00, 0, -601807, -8 
1719906707387.00, 0, -601807, -8 
1719906707408.00, 0, -601807, -8 
1719906707429.00, 0, -601808, -8 
1719906707450.00, 0, -601807, -8 
1719906707471.00, 0, -601807, -8 
1719906707493.00, 0, -601807, -8 
1719906707514.00, 0, -601808, -8 
1719906707535.00, 0, -601807, -8 
1719906707556.00, 0, -601808, -8 
1719906707576.00, 0, -601808, -8 
1719906707598.00, 0, -601808, -8 
1719906707619.00, 0, -601808, -8 
1719906707640.00, 0, -601808, -8 
1719906707661.00, 0, -601808, -8 
1719906707683.00, 0, -601808, -8 
1719906707704.00, 0, -601808, -8 
1719906707725.00, 0, -601808, -8 
1719906707746.00, 0, -601807, -8 
1719906707767.00, 0, -601807, -8 
1719906707788.00, 0, -601808, -8 
1719906707809.00, 0, -601807, -8 
1719906707830.00, 0, -601806, -8 
1719906707852.00, 0, -601807, -8 
1719906707873.00, 0, -601808, -8 
1719906707894.00, 0, -601807, -8 
1719906707915.00, 0, -601808, -8 
1719906707936.00, 0, -601807, -8 
1719906707957.00, 0, -601807, -8 
1719906707978.00, 0, -601808, -8 
1719906707999.00, 0, -601807, -8 
1719906708020.00, 0, -601807, -8 
1719906708042.00, 0, -601807, -8 
1719906708063.00, 0, -601807, -8 
1719906708083.00, 0, -601808, -8 
1719906708104.00, 0, -601808, -8 
1719906708126.00, 0, -601808, -8 
1719906708147.00, 0, -601807, -8 
1719906708168.00, 0, -601808, -8 
1719906708189.00, 0, -601807, -8 
1719906708210.00, 0, -601807, -8 
1719906708231.00, 0, -601807, -8 
1719906708252.00, 0, -601807, -8 
1719906708274.00, 0, -601807, -8 
1719906708295.00, 0, -601808, -8 
1719906708315.00, 0, -601807, -8 
1719906708336.00, 0, -601808, -8 
1719906708358.00, 0, -601807, -8 
1719906708379.00, 0, -601807, -8 
1719906708400.00, 0, -601807, -8 
1719906708421.00, 0, -601808, -8 
1719906708443.00, 0, -601807, -8 
1719906708463.00, 0, -601807, -8 
1719906708485.00, 0, -601808, -8 
1719906708506.00, 0, -601807, -8 
1719906708527.00, 0, -601807, -8 
1719906708548.00, 0, -601807, -8 
1719906708569.00, 0, -601807, -8 
1719906708591.00, 0, -601807, -8 
1719906708611.00, 0, -601807, -8 
1719906708633.00, 0, -601808, -8 
1719906708654.00, 0, -601808, -8 
1719906708674.00, 0, -601807, -8 
1719906708696.00, 0, -601807, -8 
1719906708717.00, 0, -601808, -8 
1719906708739.00, 0, -601808, -8 
1719906708759.00, 0, -601808, -8 
1719906708780.00, 0, -601808, -8 
1719906708802.00, 0, -601807, -8 
1719906708823.00, 0, -601808, -8 
1719906708844.00, 0, -601807, -8 
1719906708865.00, 0, -601808, -8 
1719906708886.00, 0, -601807, -8 
1719906708907.00, 0, -601807, -8 
1719906708929.00, 0, -601807, -8 
1719906708949.00, 0, -601808, -8 
1719906708970.00, 0, -601808, -8 
1719906708992.00, 0, -601807, -8 
1719906709012.00, 0, -601807, -8 
1719906709034.00, 0, -601808, -8 
1719906709055.00, 0, -601808, -8 
1719906709076.00, 0, -601808, -8 
1719906709097.00, 0, -601808, -8 
1719906709118.00, 0, -601807, -8 
1719906709139.00, 0, -601807, -8 
1719906709163.00, 0, -601807, -8 
1719906709182.00, 0, -601808, -8 
1719906709203.00, 0, -601807, -8 
1719906709224.00, 0, -601807, -8 
1719906709245.00, 0, -601808, -8 
1719906709266.00, 0, -601808, -8 
1719906709287.00, 0, -601807, -8 
1719906709308.00, 0, -601808, -8 
1719906709330.00, 0, -601807, -8 
1719906709351.00, 0, -601807, -8 
1719906709372.00, 0, -601807, -8 
1719906709393.00, 0, -601807, -8 
1719906709414.00, 0, -601808, -8 
1719906709435.00, 0, -601808, -8 
1719906709455.00, 0, -601807, -8 
1719906709477.00, 0, -601807, -8 
1719906709498.00, 0, -601808, -8 
1719906709520.00, 0, -601807, -8 
1719906709541.00, 0, -601807, -8 
1719906709562.00, 0, -601807, -8 
1719906709582.00, 0, -601807, -8 
1719906709604.00, 0, -601807, -8 
1719906709625.00, 0, -601807, -8 
1719906709645.00, 0, -601808, -8 
1719906709667.00, 0, -601808, -8 
1719906709688.00, 0, -601807, -8 
1719906709709.00, 0, -601807, -8 
1719906709730.00, 0, -601808, -8 
1719906709752.00, 0, -601807, -8 
1719906709772.00, 0, -601807, -8 
1719906709794.00, 0, -601807, -8 
1719906709815.00, 0, -601807, -8 
1719906709836.00, 0, -601808, -8 
1719906709857.00, 0, -601807, -8 
1719906709878.00, 0, -601807, -8 
1719906709900.00, 0, -601807, -8 
1719906709921.00, 0, -601807, -8 
1719906709942.00, 0, -601807, -8 
1719906709963.00, 0, -601807, -8 
1719906709984.00, 0, -601808, -8 
1719906710005.00, 0, -601807, -8 
1719906710026.00, 0, -601807, -8 
1719906710047.00, 0, -601807, -8 
1719906710068.00, 0, -601808, -8 
1719906710090.00, 0, -601807, -8 
1719906710111.00, 0, -601808, -8 
1719906710132.00, 0, -601807, -8 
1719906710153.00, 0, -601808, -8 
1719906710174.00, 0, -601807, -8 
1719906710195.00, 0, -601807, -8 
1719906710217.00, 0, -601807, -8 
1719906710237.00, 0, -601807, -8 
1719906710259.00, 0, -601809, -8 
1719906710279.00, 0, -601808, -8 
1719906710301.00, 0, -601808, -8 
1719906710322.00, 0, -601808, -8 
1719906710343.00, 0, -601807, -8 
1719906710364.00, 0, -601808, -8 
1719906710385.00, 0, -601808, -8 
1719906710406.00, 0, -601808, -8 
1719906710427.00, 0, -601808, -8 
1719906710448.00, 0, -601808, -8 
1719906710470.00, 0, -601808, -8 
1719906710490.00, 0, -601807, -8 
1719906710511.00, 0, -601807, -8 
1719906710533.00, 0, -601808, -8 
1719906710555.00, 0, -601807, -8 
1719906710575.00, 0, -601807, -8 
1719906710596.00, 0, -601807, -8 
1719906710617.00, 0, -601808, -8 
1719906710639.00, 0, -601808, -8 
1719906710659.00, 0, -601808, -8 
1719906710680.00, 0, -601807, -8 
1719906710701.00, 0, -601807, -8 
1719906710723.00, 0, -601807, -8 
1719906710743.00, 0, -601808, -8 
1719906710765.00, 0, -601807, -8 
1719906710786.00, 0, -601808, -8 
1719906710807.00, 0, -601807, -8 
1719906710829.00, 0, -601806, -8 
1719906710849.00, 0, -601807, -8 
1719906710871.00, 0, -601807, -8 
1719906710892.00, 0, -601807, -8 
1719906710913.00, 0, -601807, -8 
1719906710934.00, 0, -601808, -8 
1719906710955.00, 0, -601808, -8 
1719906710976.00, 0, -601808, -8 
1719906710997.00, 0, -601807, -8 
1719906711018.00, 0, -601807, -8 
1719906711039.00, 0, -601807, -8 
1719906711061.00, 0, -601808, -8 
1719906711083.00, 0, -601809, -8 
1719906711103.00, 0, -601808, -8 
1719906711124.00, 0, -601807, -8 
1719906711145.00, 0, -601808, -8 
1719906711166.00, 0, -601808, -8 
1719906711187.00, 0, -601807, -8 
1719906711210.00, 0, -601807, -8 
1719906711230.00, 0, -601807, -8 
1719906711251.00, 0, -601807, -8 
1719906711271.00, 0, -601807, -8 
1719906711293.00, 0, -601807, -8 
1719906711314.00, 0, -601807, -8 
1719906711335.00, 0, -601807, -8 
1719906711356.00, 0, -601807, -8 
1719906711377.00, 0, -601807, -8 
1719906711399.00, 0, -601807, -8 
1719906711420.00, 0, -601808, -8 
1719906711441.00, 0, -601808, -8 
1719906711461.00, 0, -601807, -8 
1719906711483.00, 0, -601807, -8 
1719906711504.00, 0, -601808, -8 
1719906711525.00, 0, -601807, -8 
1719906711547.00, 0, -601808, -8 
1719906711568.00, 0, -601808, -8 
1719906711588.00, 0, -601808, -8 
1719906711610.00, 0, -601808, -8 
1719906711631.00, 0, -601808, -8 
1719906711651.00, 0, -601808, -8 
1719906711673.00, 0, -601808, -8 
1719906711694.00, 0, -601808, -8 
1719906711715.00, 0, -601808, -8 
1719906711736.00, 0, -601808, -8 
1719906711758.00, 0, -601808, -8 
1719906711778.00, 0, -601808, -8 
1719906711800.00, 0, -601807, -8 
1719906711821.00, 0, -601806, -8 
1719906711842.00, 0, -601808, -8 
1719906711865.00, 0, -601808, -8 
1719906711884.00, 0, -601807, -8 
1719906711905.00, 0, -601807, -8 
1719906711926.00, 0, -601807, -8 
1719906711948.00, 0, -601807, -8 
1719906711969.00, 0, -601807, -8 
1719906711990.00, 0, -601807, -8 
1719906712011.00, 0, -601808, -8 
1719906712031.00, 0, -601807, -8 
1719906712053.00, 0, -601808, -8 
1719906712074.00, 0, -601807, -8 
1719906712095.00, 0, -601807, -8 
1719906712116.00, 0, -601808, -8 
1719906712137.00, 0, -601807, -8 
1719906712159.00, 0, -601808, -8 
1719906712179.00, 0, -601807, -8 
1719906712200.00, 0, -601806, -8 
1719906712222.00, 0, -601808, -8 
1719906712242.00, 0, -601808, -8 
1719906712264.00, 0, -601807, -8 
1719906712285.00, 0, -601807, -8 
1719906712306.00, 0, -601808, -8 
1719906712328.00, 0, -601807, -8 
1719906712349.00, 0, -601807, -8 
1719906712370.00, 0, -601807, -8 
1719906712391.00, 0, -601808, -8 
1719906712412.00, 0, -601808, -8 
1719906712433.00, 0, -601807, -8 
1719906712454.00, 0, -601808, -8 
1719906712475.00, 0, -601808, -8 
1719906712496.00, 0, -601808, -8 
1719906712517.00, 0, -601808, -8 
1719906712539.00, 0, -601808, -8 
1719906712559.00, 0, -601807, -8 
1719906712580.00, 0, -601806, -8 
1719906712602.00, 0, -601807, -8 
1719906712623.00, 0, -601808, -8 
1719906712644.00, 0, -601808, -8 
1719906712665.00, 0, -601807, -8 
1719906712686.00, 0, -601808, -8 
1719906712708.00, 0, -601808, -8 
1719906712729.00, 0, -601807, -8 
1719906712750.00, 0, -601807, -8 
1719906712771.00, 0, -601807, -8 
1719906712792.00, 0, -601808, -8 
1719906712813.00, 0, -601808, -8 
1719906712834.00, 0, -601807, -8 
1719906712855.00, 0, -601807, -8 
1719906712876.00, 0, -601808, -8 
1719906712898.00, 0, -601808, -8 
1719906712919.00, 0, -601808, -8 
1719906712939.00, 0, -601807, -8 
1719906712961.00, 0, -601807, -8 
1719906712982.00, 0, -601807, -8 
1719906713003.00, 0, -601807, -8 
1719906713024.00, 0, -601808, -8 
1719906713046.00, 0, -601807, -8 
1719906713067.00, 0, -601808, -8 
1719906713087.00, 0, -601808, -8 
1719906713109.00, 0, -601807, -8 
1719906713129.00, 0, -601807, -8 
1719906713151.00, 0, -601807, -8 
1719906713172.00, 0, -601809, -8 
1719906713193.00, 0, -601808, -8 
1719906713214.00, 0, -601808, -8 
1719906713235.00, 0, -601807, -8 
1719906713256.00, 0, -601807, -8 
1719906713278.00, 0, -601808, -8 
1719906713299.00, 0, -601807, -8 
1719906713320.00, 0, -601807, -8 
1719906713341.00, 0, -601807, -8 
1719906713362.00, 0, -601807, -8 
1719906713383.00, 0, -601808, -8 
1719906713405.00, 0, -601807, -8 
1719906713426.00, 0, -601807, -8 
1719906713448.00, 0, -601808, -8 
1719906713467.00, 0, -601808, -8 
1719906713489.00, 0, -601807, -8 
1719906713510.00, 0, -601807, -8 
1719906713531.00, 0, -601807, -8 
1719906713552.00, 0, -601807, -8 
1719906713573.00, 0, -601807, -8 
1719906713594.00, 0, -601807, -8 
1719906713616.00, 0, -601807, -8 
1719906713637.00, 0, -601807, -8 
1719906713658.00, 0, -601806, -8 
1719906713679.00, 0, -601808, -8 
1719906713700.00, 0, -601807, -8 
1719906713723.00, 0, -601807, -8 
1719906713742.00, 0, -601807, -8 
1719906713763.00, 0, -601807, -8 
1719906713784.00, 0, -601808, -8 
1719906713805.00, 0, -601807, -8 
1719906713827.00, 0, -601808, -8 
1719906713847.00, 0, -601807, -8 
1719906713869.00, 0, -601807, -8 
1719906713890.00, 0, -601807, -8 
1719906713911.00, 0, -601808, -8 
1719906713932.00, 0, -601807, -8 
1719906713953.00, 0, -601808, -8 
1719906713975.00, 0, -601807, -8 
1719906713995.00, 0, -601807, -8 
1719906714017.00, 0, -601807, -8 
1719906714038.00, 0, -601807, -8 
1719906714063.00, 0, -601808, -8 
1719906714080.00, 0, -601807, -8 
1719906714101.00, 0, -601807, -8 
1719906714122.00, 0, -601807, -8 
1719906714143.00, 0, -601807, -8 
1719906714165.00, 0, -601807, -8 
1719906714186.00, 0, -601808, -8 
1719906714207.00, 0, -601808, -8 
1719906714228.00, 0, -601807, -8 
1719906714248.00, 0, -601807, -8 
1719906714270.00, 0, -601807, -8 
1719906714291.00, 0, -601807, -8 
1719906714312.00, 0, -601808, -8 
1719906714333.00, 0, -601807, -8 
1719906714354.00, 0, -601808, -8 
1719906714376.00, 0, -601807, -8 
1719906714397.00, 0, -601807, -8 
1719906714418.00, 0, -601807, -8 
1719906714438.00, 0, -601808, -8 
1719906714460.00, 0, -601808, -8 
1719906714481.00, 0, -601809, -15 
1719906714502.00, 0, -601809, -41 
1719906714523.00, 0, -601809, -35 
1719906714544.00, 11, -601809, -40 
1719906714567.00, 46, -601810, -45 
1719906714587.00, -40, -601809, -52 
1719906714608.00, 0, -601810, -67 
1719906714630.00, 0, -601811, -78 
1719906714651.00, 0, -601810, -81 
1719906714672.00, 0, -601811, -85 
1719906714694.00, -59, -601811, -91 
1719906714715.00, 31, -601812, -95 
1719906714736.00, 0, -601812, -100 
1719906714758.00, 0, -601813, -107 
1719906714778.00, 0, -601813, -122 
1719906714800.00, 0, -601813, -143 
1719906714822.00, 0, -601814, -152 
1719906714843.00, 0, -601814, -157 
1719906714864.00, 0, -601814, -156 
1719906714886.00, 0, -601814, -152 
1719906714907.00, 0, -601814, -148 
1719906714928.00, 0, -601815, -150 
1719906714949.00, 0, -601814, -154 
1719906714971.00, 0, -601814, -157 
1719906714992.00, 0, -601815, -159 
1719906715013.00, 0, -601815, -160 
1719906715034.00, 0, -601814, -164 
1719906715056.00, -59, -601815, -166 
1719906715077.00, -40, -601815, -169 
1719906715098.00, -50, -601815, -174 
1719906715120.00, -66, -601815, -178 
1719906715141.00, 0, -601816, -179 
1719906715162.00, 0, -601816, -177 
1719906715184.00, 0, -601816, -175 
1719906715204.00, 0, -601816, -175 
1719906715226.00, 0, -601816, -177 
1719906715247.00, 0, -601816, -173 
1719906715268.00, 0, -601815, -167 
1719906715290.00, 0, -601816, -163 
1719906715311.00, 0, -601816, -164 
1719906715333.00, 0, -601816, -164 
1719906715354.00, 0, -601815, -159 
1719906715375.00, 0, -601815, -147 
1719906715397.00, 0, -601815, -135 
1719906715418.00, 1, -601814, -133 
1719906715440.00, 0, -601814, -128 
1719906715461.00, 0, -601814, -117 
1719906715481.00, 0, -601813, -106 
1719906715504.00, 56, -601814, -98 
1719906715524.00, -3, -601813, -100 
1719906715546.00, 0, -601813, -98 
1719906715567.00, 0, -601812, -86 
1719906715588.00, 0, -601812, -77 
1719906715609.00, -34, -601812, -74 
1719906715630.00, 0, -601813, -71 
1719906715651.00, 0, -601812, -65 
1719906715673.00, 0, -601811, -56 
1719906715694.00, 0, -601811, -45 
1719906715715.00, 0, -601811, -33 
1719906715736.00, 0, -601809, -15 
1719906715758.00, 0, -601809, -9 
1719906715779.00, 0, -601809, -7 
1719906715800.00, -1, -601808, -7 
1719906715821.00, 0, -601808, -8 
1719906715842.00, 0, -601808, -8 
1719906715863.00, 0, -601809, -7 
1719906715885.00, 55, -601808, -8 
1719906715906.00, 27, -601807, -8 
1719906715927.00, 0, -601809, -8 
1719906715948.00, 0, -601809, -8 
1719906715969.00, 0, -601809, -8 
1719906715990.00, 0, -601808, -8 
1719906716011.00, 0, -601809, -8 
1719906716033.00, 0, -601809, -7 
1719906716053.00, 0, -601808, -8 
1719906716075.00, 0, -601808, -8 
1719906716096.00, 0, -601808, -8 
1719906716117.00, 0, -601808, -8 
1719906716137.00, 0, -601808, -8 
1719906716159.00, 0, -601809, -31 
1719906716180.00, 0, -601808, -19 
1719906716202.00, 0, -601810, -35 
1719906716223.00, 0, -601809, -37 
1719906716244.00, 0, -601809, -37 
1719906716265.00, 0, -601810, -44 
1719906716286.00, 0, -601810, -44 
1719906716308.00, 0, -601810, -40 
1719906716329.00, 0, -601811, -61 
1719906716352.00, 0, -601813, -114 
1719906716372.00, -2, -601814, -126 
1719906716393.00, 0, -601812, -120 
1719906716414.00, 0, -601813, -109 
1719906716435.00, 0, -601813, -108 
1719906716458.00, 0, -601814, -121 
1719906716478.00, 43, -601815, -138 
1719906716499.00, 1, -601815, -150 
1719906716522.00, 0, -601815, -155 
1719906716543.00, 0, -601815, -150 
1719906716564.00, -28, -601815, -146 
1719906716584.00, 0, -601814, -151 
1719906716607.00, 0, -601815, -154 
1719906716627.00, 0, -601815, -150 
1719906716649.00, 0, -601815, -146 
1719906716669.00, 5, -601815, -139 
1719906716691.00, 2, -601815, -134 
1719906716712.00, 0, -601815, -136 
1719906716734.00, 0, -601815, -144 
1719906716755.00, 0, -601814, -149 
1719906716776.00, 0, -601815, -149 
1719906716798.00, 0, -601815, -149 
1719906716819.00, 0, -601815, -145 
1719906716840.00, 0, -601815, -154 
1719906716861.00, 0, -601816, -162 
1719906716883.00, 0, -601815, -162 
1719906716904.00, 0, -601816, -159 
1719906716925.00, 0, -601816, -154 
1719906716947.00, 0, -601815, -148 
1719906716968.00, 0, -601815, -142 
1719906716990.00, 0, -601816, -142 
1719906717011.00, 0, -601815, -146 
1719906717032.00, 0, -601815, -153 
1719906717053.00, 0, -601815, -155 
1719906717075.00, 0, -601815, -155 
1719906717096.00, 0, -601816, -154 
1719906717117.00, 0, -601816, -153 
1719906717138.00, 0, -601815, -155 
1719906717159.00, 0, -601816, -158 
1719906717181.00, 5, -601816, -161 
1719906717202.00, 0, -601816, -164 
1719906717224.00, 0, -601815, -166 
1719906717245.00, 0, -601816, -166 
1719906717266.00, 0, -601817, -167 
1719906717288.00, 0, -601815, -171 
1719906717309.00, 0, -601817, -174 
1719906717330.00, 0, -601816, -173 
1719906717351.00, 0, -601816, -170 
1719906717373.00, 0, -601817, -169 
1719906717394.00, 0, -601817, -166 
1719906717415.00, 0, -601816, -157 
1719906717436.00, 0, -601816, -149 
1719906717458.00, 63, -601815, -145 
1719906717479.00, 0, -601816, -144 
1719906717501.00, -41, -601816, -144 
1719906717522.00, 0, -601816, -144 
1719906717543.00, 0, -601816, -141 
1719906717565.00, 0, -601816, -139 
1719906717586.00, 0, -601815, -142 
1719906717607.00, 0, -601815, -148 
1719906717628.00, 0, -601814, -150 
1719906717650.00, 0, -601815, -149 
1719906717670.00, -5, -601816, -151 
1719906717692.00, 0, -601816, -169 
1719906717714.00, 0, -601817, -175 
1719906717735.00, 0, -601815, -166 
1719906717756.00, 0, -601817, -160 
1719906717778.00, 29, -601816, -162 
1719906717799.00, 0, -601817, -165 
1719906717820.00, 0, -601816, -164 
1719906717842.00, 0, -601816, -167 
1719906717863.00, -4, -601816, -168 
1719906717883.00, 0, -601816, -169 
1719906717905.00, 0, -601816, -174 
1719906717927.00, 0, -601816, -176 
1719906717947.00, 0, -601816, -174 
1719906717969.00, 0, -601817, -173 
1719906717992.00, 0, -601817, -177 
1719906718012.00, 0, -601816, -179 
1719906718033.00, 0, -601817, -180 
1719906718054.00, 0, -601817, -184 
1719906718076.00, 0, -601817, -185 
1719906718097.00, 0, -601817, -183 
1719906718118.00, 0, -601817, -184 
1719906718139.00, 0, -601816, -186 
1719906718161.00, 0, -601816, -186 
1719906718182.00, 0, -601817, -185 
1719906718203.00, 0, -601817, -185 
1719906718225.00, 0, -601817, -187 
1719906718246.00, 0, -601817, -188 
1719906718267.00, -6, -601816, -188 
1719906718289.00, 67, -601817, -190 
1719906718310.00, 0, -601818, -192 
1719906718331.00, 0, -601818, -193 
1719906718352.00, 0, -601817, -194 
1719906718374.00, 0, -601818, -194 
1719906718395.00, 0, -601818, -196 
1719906718416.00, 0, -601818, -197 
1719906718438.00, 0, -601818, -199 
1719906718459.00, 0, -601818, -200 
1719906718480.00, 0, -601818, -200 
1719906718502.00, 0, -601818, -200 
1719906718523.00, 0, -601819, -200 
1719906718544.00, 0, -601817, -200 
1719906718565.00, 0, -601817, -201 
1719906718586.00, 0, -601818, -201 
1719906718608.00, 0, -601818, -200 
1719906718629.00, 0, -601819, -200 
1719906718651.00, 0, -601819, -199 
1719906718672.00, 0, -601817, -198 
1719906718693.00, 0, -601818, -198 
1719906718714.00, 0, -601818, -197 
1719906718735.00, 0, -601818, -196 
1719906718757.00, 0, -601817, -194 
1719906718778.00, 0, -601818, -194 
1719906718800.00, 0, -601818, -193 
1719906718821.00, 0, -601817, -192 
1719906718842.00, 0, -601817, -191 
1719906718865.00, 0, -601818, -189 
1719906718885.00, 0, -601818, -189 
1719906718906.00, 0, -601817, -186 
1719906718928.00, 0, -601817, -184 
1719906718949.00, 0, -601817, -182 
1719906718970.00, 0, -601818, -184 
1719906718992.00, 0, -601817, -184 
1719906719013.00, 0, -601817, -182 
1719906719034.00, 0, -601818, -181 
1719906719055.00, 0, -601817, -179 
1719906719077.00, 0, -601818, -178 
1719906719097.00, 0, -601818, -179 
1719906719119.00, -26, -601817, -179 
1719906719140.00, 0, -601818, -178 
1719906719161.00, 0, -601818, -179 
1719906719183.00, 0, -601817, -180 
1719906719204.00, 0, -601817, -178 
1719906719225.00, 0, -601817, -172 
1719906719246.00, 0, -601817, -170 
1719906719268.00, 0, -601817, -171 
1719906719289.00, 0, -601817, -172 
1719906719310.00, -20, -601817, -169 
1719906719331.00, 0, -601817, -166 
1719906719353.00, 0, -601817, -166 
1719906719375.00, 4, -601817, -163 
1719906719395.00, 0, -601817, -154 
1719906719417.00, 0, -601816, -149 
1719906719439.00, 0, -601817, -144 
1719906719459.00, 0, -601816, -138 
1719906719481.00, 0, -601816, -135 
1719906719502.00, 0, -601816, -137 
1719906719526.00, 0, -601816, -140 
1719906719545.00, 0, -601816, -145 
1719906719567.00, 0, -601816, -147 
1719906719587.00, 0, -601816, -146 
1719906719608.00, 0, -601815, -147 
1719906719630.00, 0, -601816, -150 
1719906719652.00, 0, -601815, -152 
1719906719673.00, 0, -601816, -154 
1719906719694.00, 0, -601816, -150 
1719906719715.00, 0, -601816, -149 
1719906719736.00, 0, -601816, -150 
1719906719758.00, 0, -601815, -150 
1719906719779.00, 0, -601816, -148 
1719906719801.00, 0, -601815, -147 
1719906719821.00, 0, -601816, -148 
1719906719843.00, 0, -601817, -152 
1719906719864.00, 0, -601816, -157 
1719906719886.00, 56, -601817, -161 
1719906719907.00, 3, -601817, -161 
1719906719928.00, 8, -601816, -158 
1719906719950.00, 24, -601816, -160 
1719906719971.00, 0, -601816, -164 
1719906719993.00, 0, -601817, -168 
1719906720013.00, -70, -601817, -170 
1719906720035.00, -28, -601817, -172 
1719906720057.00, 0, -601817, -172 
1719906720078.00, 0, -601818, -172 
1719906720099.00, 0, -601817, -178 
1719906720120.00, 0, -601818, -185 
1719906720142.00, 0, -601817, -185 
1719906720163.00, 0, -601818, -183 
1719906720184.00, 0, -601818, -184 
1719906720206.00, 0, -601817, -182 
1719906720227.00, 0, -601816, -183 
1719906720248.00, 0, -601817, -185 
1719906720269.00, 0, -601817, -183 
1719906720291.00, 0, -601818, -180 
1719906720312.00, 0, -601818, -174 
1719906720333.00, 0, -601817, -171 
1719906720355.00, 0, -601818, -167 
1719906720375.00, 0, -601817, -163 
1719906720397.00, 0, -601816, -162 
1719906720419.00, 0, -601817, -166 
1719906720439.00, 0, -601817, -169 
1719906720461.00, 0, -601817, -169 
1719906720482.00, 0, -601817, -169 
1719906720503.00, 0, -601817, -171 
1719906720525.00, 0, -601817, -174 
1719906720546.00, 0, -601817, -175 
1719906720567.00, 0, -601817, -176 
1719906720589.00, 0, -601817, -176 
1719906720610.00, 0, -601817, -177 
1719906720631.00, 0, -601816, -180 
1719906720653.00, 0, -601817, -178 
1719906720674.00, 0, -601817, -174 
1719906720695.00, 0, -601817, -170 
1719906720716.00, 0, -601817, -166 
1719906720738.00, 0, -601816, -159 
1719906720759.00, 0, -601817, -158 
1719906720780.00, 0, -601817, -158 
1719906720802.00, 0, -601817, -158 
1719906720823.00, 0, -601816, -158 
1719906720844.00, 0, -601817, -157 
1719906720866.00, 0, -601817, -157 
1719906720887.00, 0, -601816, -161 
1719906720908.00, 0, -601816, -164 
1719906720930.00, 1, -601817, -166 
1719906720951.00, -53, -601816, -163 
1719906720972.00, 0, -601817, -157 
1719906720994.00, 0, -601816, -156 
1719906721014.00, 0, -601818, -158 
1719906721036.00, 0, -601816, -160 
1719906721057.00, -2, -601817, -162 
1719906721079.00, 0, -601817, -163 
1719906721100.00, 0, -601816, -159 
1719906721121.00, 0, -601816, -154 
1719906721142.00, 0, -601816, -147 
1719906721163.00, 0, -601816, -151 
1719906721185.00, 0, -601817, -161 
1719906721206.00, 0, -601817, -164 
1719906721228.00, 3, -601817, -162 
1719906721249.00, 0, -601817, -174 
1719906721270.00, 0, -601817, -186 
1719906721291.00, 0, -601817, -189 
1719906721313.00, 0, -601819, -189 
1719906721334.00, 23, -601818, -192 
1719906721356.00, 1, -601818, -203 
1719906721377.00, 1, -601818, -203 
1719906721399.00, 0, -601818, -191 
1719906721419.00, -14, -601817, -187 
1719906721441.00, -17, -601817, -192 
1719906721462.00, 0, -601818, -197 
1719906721483.00, 0, -601818, -192 
1719906721505.00, 44, -601818, -185 
1719906721526.00, 0, -601818, -181 
1719906721548.00, 0, -601816, -176 
1719906721569.00, 0, -601818, -172 
1719906721590.00, 0, -601817, -169 
1719906721612.00, 0, -601817, -162 
1719906721633.00, 0, -601816, -154 
1719906721654.00, 0, -601816, -149 
1719906721676.00, 0, -601817, -147 
1719906721696.00, 0, -601816, -148 
1719906721718.00, 0, -601816, -152 
1719906721739.00, 0, -601816, -154 
1719906721761.00, 0, -601817, -154 
1719906721782.00, 0, -601817, -154 
1719906721803.00, 0, -601816, -152 
1719906721824.00, 0, -601816, -152 
1719906721846.00, 0, -601816, -152 
1719906721866.00, 0, -601816, -152 
1719906721888.00, 0, -601816, -157 
1719906721910.00, 0, -601816, -168 
1719906721932.00, 10, -601817, -170 
1719906721953.00, 19, -601817, -171 
1719906721974.00, 0, -601816, -173 
1719906721995.00, 0, -601818, -183 
1719906722017.00, 35, -601817, -185 
1719906722041.00, -4, -601818, -187 
1719906722059.00, 0, -601819, -198 
1719906722081.00, 0, -601818, -201 
1719906722102.00, 12, -601818, -196 
1719906722123.00, 0, -601818, -192 
1719906722147.00, -6, -601819, -190 
1719906722165.00, -23, -601819, -192 
1719906722187.00, 0, -601818, -196 
1719906722208.00, 0, -601818, -195 
1719906722230.00, 0, -601818, -193 
1719906722251.00, 0, -601818, -194 
1719906722272.00, 0, -601818, -196 
1719906722293.00, 0, -601819, -201 
1719906722315.00, 0, -601819, -206 
1719906722336.00, 0, -601819, -209 
1719906722358.00, 0, -601818, -212 
1719906722378.00, 0, -601818, -214 
1719906722400.00, 0, -601819, -216 
1719906722422.00, 67, -601819, -219 
1719906722443.00, 0, -601819, -222 
1719906722464.00, 0, -601819, -222 
1719906722486.00, 0, -601819, -220 
1719906722507.00, 0, -601819, -216 
1719906722528.00, 0, -601819, -214 
1719906722549.00, 0, -601819, -210 
1719906722571.00, 0, -601819, -207 
1719906722592.00, 0, -601820, -203 
1719906722613.00, 7, -601819, -203 
1719906722635.00, 0, -601819, -202 
1719906722655.00, 32, -601819, -202 
1719906722677.00, 0, -601818, -198 
1719906722699.00, 0, -601818, -191 
1719906722720.00, 1, -601817, -187 
1719906722741.00, 0, -601817, -182 
1719906722762.00, 0, -601817, -175 
1719906722784.00, 0, -601817, -168 
1719906722805.00, 1, -601818, -162 
1719906722826.00, 0, -601817, -157 
1719906722848.00, 0, -601817, -153 
1719906722869.00, -4, -601816, -154 
1719906722890.00, 0, -601817, -152 
1719906722912.00, 0, -601817, -150 
1719906722933.00, 0, -601817, -146 
1719906722954.00, 0, -601816, -142 
1719906722975.00, 0, -601816, -143 
1719906722996.00, 0, -601817, -147 
1719906723018.00, 0, -601817, -152 
1719906723039.00, 0, -601817, -151 
1719906723061.00, 0, -601816, -147 
1719906723082.00, 0, -601817, -146 
1719906723103.00, 0, -601817, -148 
1719906723124.00, 0, -601816, -148 
1719906723147.00, 0, -601818, -150 
1719906723167.00, 0, -601817, -152 
1719906723188.00, 0, -601817, -150 
1719906723210.00, 0, -601817, -150 
1719906723231.00, 0, -601817, -152 
1719906723252.00, 0, -601816, -154 
1719906723274.00, 0, -601817, -156 
1719906723295.00, 0, -601816, -156 
1719906723316.00, 0, -601817, -154 
1719906723337.00, 0, -601817, -152 
1719906723359.00, 0, -601816, -152 
1719906723379.00, 0, -601816, -154 
1719906723402.00, 0, -601817, -155 
1719906723423.00, 0, -601817, -156 
1719906723444.00, 0, -601816, -155 
1719906723465.00, 0, -601817, -150 
1719906723487.00, 0, -601817, -146 
1719906723507.00, 0, -601817, -146 
1719906723528.00, 0, -601816, -148 
1719906723551.00, 0, -601816, -148 
1719906723571.00, 0, -601816, -146 
1719906723592.00, 0, -601816, -141 
1719906723614.00, -2, -601816, -137 
1719906723636.00, 0, -601816, -136 
1719906723657.00, 25, -601816, -137 
1719906723678.00, 0, -601816, -141 
1719906723700.00, 4, -601817, -145 
1719906723720.00, 0, -601816, -146 
1719906723742.00, 0, -601816, -144 
1719906723764.00, 0, -601816, -144 
1719906723788.00, 0, -601816, -147 
1719906723806.00, 0, -601818, -149 
1719906723827.00, 0, -601816, -149 
1719906723848.00, 0, -601816, -148 
1719906723870.00, 0, -601817, -150 
1719906723891.00, 0, -601817, -152 
1719906723912.00, 0, -601816, -152 
1719906723934.00, 0, -601816, -150 
1719906723955.00, 0, -601816, -149 
1719906723977.00, 0, -601817, -148 
1719906723998.00, 0, -601816, -147 
1719906724019.00, 0, -601816, -148 
1719906724040.00, 0, -601816, -150 
1719906724062.00, 0, -601816, -151 
1719906724082.00, 0, -601817, -149 
1719906724103.00, 0, -601816, -149 
1719906724125.00, 0, -601816, -150 
1719906724147.00, 0, -601817, -151 
1719906724168.00, 0, -601817, -152 
1719906724189.00, 0, -601816, -151 
1719906724210.00, 0, -601816, -149 
1719906724231.00, 0, -601816, -150 
1719906724252.00, -7, -601817, -153 
1719906724275.00, 26, -601817, -156 
1719906724295.00, 0, -601816, -157 
1719906724317.00, 0, -601816, -155 
1719906724338.00, 0, -601817, -153 
1719906724360.00, 0, -601816, -148 
1719906724381.00, -65, -601816, -141 
1719906724402.00, 0, -601816, -131 
1719906724424.00, 0, -601817, -134 
1719906724444.00, 0, -601816, -133 
1719906724466.00, 0, -601816, -133 
1719906724488.00, 0, -601817, -134 
1719906724509.00, 0, -601815, -134 
1719906724530.00, 0, -601817, -137 
1719906724552.00, 0, -601815, -137 
1719906724573.00, 0, -601816, -136 
1719906724594.00, 0, -601816, -134 
1719906724615.00, 0, -601817, -134 
1719906724637.00, 0, -601817, -137 
1719906724658.00, -41, -601817, -142 
1719906724679.00, 0, -601817, -144 
1719906724700.00, 0, -601816, -143 
1719906724721.00, 0, -601816, -142 
1719906724743.00, 0, -601815, -144 
1719906724764.00, 0, -601817, -147 
1719906724786.00, 0, -601816, -146 
1719906724806.00, 0, -601816, -144 
1719906724828.00, 0, -601815, -142 
1719906724850.00, 0, -601816, -142 
1719906724870.00, 0, -601816, -145 
1719906724892.00, 0, -601816, -148 
1719906724913.00, 0, -601816, -149 
1719906724935.00, 0, -601817, -153 
1719906724956.00, 0, -601816, -154 
1719906724977.00, 0, -601817, -155 
1719906724998.00, 0, -601817, -155 
1719906725020.00, 0, -601817, -156 
1719906725041.00, 0, -601817, -158 
1719906725063.00, 0, -601816, -157 
1719906725083.00, 0, -601815, -155 
1719906725105.00, 0, -601816, -153 
1719906725126.00, 0, -601817, -151 
1719906725148.00, 0, -601815, -150 
1719906725168.00, 16, -601817, -149 
1719906725190.00, 0, -601817, -151 
1719906725211.00, 0, -601817, -153 
1719906725233.00, 0, -601816, -150 
1719906725254.00, 0, -601816, -146 
1719906725276.00, 0, -601816, -143 
1719906725296.00, 0, -601816, -143 
1719906725318.00, 0, -601816, -145 
1719906725339.00, 0, -601816, -142 
1719906725361.00, 0, -601816, -137 
1719906725381.00, 0, -601815, -133 
1719906725403.00, 0, -601816, -136 
1719906725424.00, 0, -601816, -138 
1719906725446.00, -26, -601816, -134 
1719906725467.00, 0, -601815, -133 
1719906725488.00, 0, -601815, -132 
1719906725510.00, 0, -601816, -131 
1719906725531.00, 0, -601816, -132 
1719906725552.00, 0, -601816, -133 
1719906725574.00, 0, -601816, -134 
1719906725595.00, 0, -601817, -136 
1719906725616.00, 0, -601817, -138 
1719906725637.00, 0, -601816, -142 
1719906725659.00, 0, -601817, -145 
1719906725679.00, 0, -601816, -148 
1719906725701.00, -1, -601816, -152 
1719906725722.00, -2, -601817, -154 
1719906725744.00, 4, -601817, -154 
1719906725765.00, 1, -601816, -155 
1719906725786.00, 19, -601817, -155 
1719906725808.00, 0, -601817, -153 
1719906725829.00, 0, -601816, -152 
1719906725851.00, 0, -601816, -153 
1719906725872.00, 0, -601816, -154 
1719906725893.00, 0, -601817, -153 
1719906725915.00, 0, -601817, -153 
1719906725936.00, 0, -601817, -155 
1719906725957.00, 0, -601816, -155 
1719906725980.00, 0, -601817, -154 
1719906725999.00, 0, -601816, -156 
1719906726020.00, 0, -601817, -160 
1719906726042.00, -48, -601817, -160 
1719906726064.00, 0, -601816, -155 
1719906726085.00, 0, -601817, -158 
1719906726106.00, 0, -601817, -163 
1719906726128.00, 0, -601817, -159 
1719906726149.00, 0, -601817, -155 
1719906726169.00, 0, -601817, -152 
1719906726191.00, 0, -601817, -148 
1719906726212.00, 0, -601817, -146 
1719906726234.00, 0, -601817, -148 
1719906726255.00, 0, -601816, -151 
1719906726277.00, 0, -601817, -145 
1719906726298.00, 0, -601817, -138 
1719906726319.00, -36, -601816, -135 
1719906726340.00, 0, -601816, -135 
1719906726361.00, 0, -601816, -137 
1719906726383.00, 0, -601817, -140 
1719906726404.00, 0, -601815, -140 
1719906726425.00, 0, -601816, -138 
1719906726446.00, 0, -601816, -139 
1719906726468.00, 0, -601816, -140 
1719906726489.00, 0, -601816, -140 
1719906726511.00, 0, -601816, -139 
1719906726532.00, 0, -601816, -135 
1719906726553.00, 0, -601817, -137 
1719906726575.00, 0, -601816, -143 
1719906726595.00, 0, -601817, -148 
1719906726617.00, 0, -601816, -144 
1719906726638.00, 0, -601816, -141 
1719906726660.00, 0, -601816, -139 
1719906726681.00, 0, -601817, -139 
1719906726702.00, 0, -601816, -140 
1719906726723.00, 0, -601816, -142 
1719906726745.00, 0, -601817, -146 
1719906726766.00, 0, -601816, -149 
1719906726788.00, 0, -601816, -149 
1719906726809.00, 0, -601817, -145 
1719906726830.00, 0, -601817, -139 
1719906726851.00, 0, -601816, -137 
1719906726872.00, 0, -601817, -138 
1719906726893.00, 0, -601816, -134 
1719906726915.00, 0, -601816, -132 
1719906726936.00, 0, -601816, -133 
1719906726957.00, 0, -601815, -136 
1719906726979.00, 0, -601816, -134 
1719906727000.00, 0, -601816, -132 
1719906727022.00, 0, -601816, -136 
1719906727043.00, 0, -601817, -139 
1719906727064.00, 0, -601816, -138 
1719906727086.00, 0, -601816, -136 
1719906727106.00, 0, -601816, -131 
1719906727128.00, 0, -601816, -127 
1719906727149.00, -3, -601816, -115 
1719906727170.00, 0, -601815, -111 
1719906727191.00, 0, -601815, -111 
1719906727213.00, 0, -601815, -108 
1719906727234.00, 0, -601816, -111 
1719906727256.00, 0, -601814, -108 
1719906727277.00, 68, -601815, -109 
1719906727299.00, 0, -601814, -111 
1719906727320.00, -55, -601815, -114 
1719906727342.00, 0, -601814, -118 
1719906727362.00, 0, -601815, -122 
1719906727383.00, 0, -601816, -124 
1719906727405.00, 0, -601814, -120 
1719906727427.00, 0, -601815, -115 
1719906727448.00, 0, -601816, -114 
1719906727469.00, 0, -601814, -115 
1719906727490.00, 0, -601815, -117 
1719906727512.00, 0, -601814, -120 
1719906727533.00, 0, -601815, -123 
1719906727554.00, 0, -601816, -124 
1719906727575.00, 0, -601816, -126 
1719906727596.00, 1, -601816, -127 
1719906727618.00, 0, -601815, -128 
1719906727639.00, 0, -601815, -128 
1719906727660.00, 0, -601816, -128 
1719906727682.00, 1, -601816, -130 
1719906727703.00, 1, -601815, -132 
1719906727725.00, 0, -601816, -134 
1719906727746.00, -55, -601815, -134 
1719906727767.00, 0, -601816, -133 
1719906727789.00, 0, -601815, -131 
1719906727810.00, 0, -601816, -132 
1719906727833.00, 0, -601815, -133 
1719906727853.00, 0, -601815, -133 
1719906727874.00, 0, -601816, -133 
1719906727895.00, 0, -601815, -134 
1719906727917.00, 0, -601815, -134 
1719906727938.00, 0, -601815, -133 
1719906727959.00, 0, -601815, -131 
1719906727980.00, 0, -601815, -129 
1719906728002.00, 0, -601815, -128 
1719906728023.00, 0, -601816, -127 
1719906728044.00, 0, -601815, -126 
1719906728066.00, 0, -601815, -123 
1719906728086.00, 0, -601815, -122 
1719906728108.00, 0, -601815, -122 
1719906728129.00, 0, -601814, -122 
1719906728151.00, 0, -601814, -121 
1719906728172.00, 0, -601815, -119 
1719906728193.00, 0, -601815, -118 
1719906728214.00, 0, -601815, -118 
1719906728236.00, 0, -601816, -118 
1719906728257.00, 0, -601814, -117 
1719906728278.00, 0, -601815, -115 
1719906728300.00, 0, -601814, -114 
1719906728321.00, 0, -601815, -112 
1719906728342.00, 0, -601815, -111 
1719906728364.00, 0, -601815, -109 
1719906728384.00, 0, -601815, -107 
1719906728405.00, 0, -601814, -104 
1719906728427.00, -16, -601815, -102 
1719906728449.00, 0, -601815, -102 
1719906728470.00, 0, -601814, -104 
1719906728500.00, 0, -601814, -104 
1719906728512.00, -24, -601814, -103 
1719906728534.00, 0, -601814, -101 
1719906728555.00, 0, -601813, -100 
1719906728577.00, 0, -601815, -100 
1719906728597.00, 0, -601814, -98 
1719906728619.00, 0, -601813, -96 
1719906728640.00, 0, -601814, -95 
1719906728662.00, 0, -601814, -95 
1719906728682.00, 0, -601814, -96 
1719906728703.00, 0, -601813, -95 
1719906728725.00, 56, -601815, -94 
1719906728747.00, 0, -601814, -90 
1719906728767.00, 0, -601813, -86 
1719906728789.00, 0, -601813, -84 
1719906728809.00, 0, -601813, -86 
1719906728831.00, 5, -601814, -87 
1719906728853.00, -5, -601814, -90 
1719906728873.00, 0, -601814, -91 
1719906728895.00, 0, -601814, -94 
1719906728916.00, 0, -601814, -97 
1719906728937.00, 0, -601814, -101 
1719906728959.00, 0, -601814, -104 
1719906728979.00, 0, -601814, -107 
1719906729001.00, 0, -601815, -109 
1719906729022.00, 0, -601814, -108 
1719906729044.00, 0, -601814, -110 
1719906729065.00, 0, -601814, -114 
1719906729086.00, 0, -601814, -120 
1719906729107.00, 23, -601815, -121 
1719906729129.00, 0, -601815, -121 
1719906729150.00, 0, -601815, -119 
1719906729172.00, 0, -601816, -120 
1719906729194.00, 0, -601814, -119 
1719906729214.00, 0, -601814, -117 
1719906729236.00, 0, -601814, -111 
1719906729257.00, 0, -601814, -101 
1719906729278.00, 0, -601813, -94 
1719906729299.00, 0, -601815, -92 
1719906729320.00, 0, -601813, -92 
1719906729341.00, -2, -601813, -92 
1719906729362.00, -65, -601813, -93 
1719906729384.00, 0, -601814, -91 
1719906729405.00, 0, -601813, -86 
1719906729426.00, 0, -601813, -80 
1719906729448.00, -16, -601813, -72 
1719906729469.00, 0, -601812, -66 
1719906729490.00, 0, -601812, -59 
1719906729511.00, 0, -601811, -53 
1719906729533.00, 0, -601811, -50 
1719906729554.00, 0, -601811, -45 
1719906729575.00, 0, -601811, -38 
1719906729596.00, 0, -601810, -33 
1719906729617.00, 0, -601809, -26 
1719906729638.00, -21, -601809, -7 
1719906729660.00, 0, -601810, -10 
1719906729680.00, 0, -601808, -9 
1719906729702.00, -20, -601809, -7 
1719906729723.00, 0, -601808, -7 
1719906729744.00, 0, -601809, -8 
1719906729765.00, 0, -601809, -8 
1719906729786.00, 0, -601809, -7 
1719906729807.00, 0, -601810, -8 
1719906729829.00, 0, -601810, -8 
1719906729850.00, 0, -601809, -7 
1719906729871.00, 0, -601809, -6 
1719906729892.00, 0, -601809, -8 
1719906729913.00, 0, -601808, -8 
1719906729934.00, 0, -601809, -8 
1719906729955.00, 0, -601809, -7 
1719906729976.00, 0, -601809, -7 
1719906729998.00, 0, -601809, -8 
1719906730019.00, 0, -601809, -8 
1719906730040.00, 0, -601809, -7 
1719906730061.00, 0, -601809, -8 
1719906730082.00, 0, -601809, -8 
1719906730103.00, 0, -601809, -8 
1719906730124.00, 0, -601808, -7 
1719906730145.00, 5, -601809, -7 
1719906730167.00, -71, -601809, -8 
1719906730188.00, -18, -601809, -7 
1719906730209.00, 0, -601808, -8 
1719906730231.00, 1, -601809, -8 
1719906730251.00, 6, -601808, -7 
1719906730273.00, 66, -601810, -8 
1719906730294.00, 0, -601809, -7 
1719906730315.00, 0, -601808, -8 
1719906730336.00, 0, -601809, -7 
1719906730357.00, 0, -601808, -8 
1719906730378.00, 0, -601809, -8 
1719906730399.00, 0, -601809, -8 
1719906730420.00, 0, -601809, -7 
1719906730442.00, 0, -601809, -7 
1719906730462.00, 0, -601809, -8 
1719906730483.00, 0, -601809, -8 
1719906730505.00, 0, -601808, -8 
1719906730526.00, 0, -601809, -7 
1719906730547.00, 0, -601809, -8 
1719906730568.00, 0, -601808, -7 
1719906730589.00, 0, -601808, -8 
1719906730611.00, 0, -601809, -7 
1719906730632.00, 0, -601809, -8 
1719906730652.00, 0, -601810, -8 
1719906730676.00, 0, -601809, -8 
1719906730694.00, 0, -601808, -8 
1719906730716.00, 0, -601808, -8 
1719906730736.00, 0, -601809, -8 
1719906730759.00, 0, -601809, -8 
1719906730780.00, 0, -601809, -8 
1719906730801.00, 0, -601810, -7 
1719906730822.00, 0, -601809, -8 
1719906730843.00, 0, -601809, -7 
1719906730864.00, 0, -601809, -8 
1719906730885.00, 0, -601809, -7 
1719906730906.00, 0, -601809, -8 
1719906730927.00, 0, -601809, -8 
1719906730948.00, 0, -601809, -8 
1719906730969.00, 0, -601808, -8 
1719906730990.00, 0, -601808, -8 
1719906731012.00, 0, -601810, -8 
1719906731033.00, 0, -601808, -7 
1719906731054.00, 0, -601808, -8 
1719906731075.00, 0, -601808, -7 
1719906731096.00, 0, -601809, -8 
1719906731119.00, 0, -601808, -7 
1719906731138.00, 0, -601809, -8 
1719906731160.00, 0, -601809, -8 
1719906731181.00, 0, -601808, -8 
1719906731202.00, 0, -601809, -7 
1719906731223.00, 0, -601809, -8 
1719906731243.00, 0, -601808, -8 
1719906731265.00, 0, -601809, -8 
1719906731286.00, 0, -601809, -8 
1719906731307.00, 0, -601808, -8 
1719906731328.00, 0, -601809, -8 
1719906731350.00, 0, -601809, -8 
1719906731370.00, 0, -601809, -8 
1719906731392.00, 0, -601808, -7 
1719906731413.00, 0, -601808, -8 
1719906731434.00, 0, -601809, -8 
1719906731455.00, 0, -601809, -8 
1719906731476.00, 0, -601808, -7 
1719906731497.00, 0, -601810, -8 
1719906731518.00, 0, -601808, -7 
1719906731540.00, 0, -601808, -7 
1719906731562.00, 0, -601808, -8 
1719906731582.00, 0, -601808, -7 
1719906731603.00, 0, -601808, -8 
1719906731624.00, 0, -601809, -7 
1719906731645.00, 1, -601809, -8 
1719906731666.00, -56, -601809, -7 
1719906731687.00, 0, -601808, -8 
1719906731709.00, 0, -601809, -7 
1719906731729.00, 0, -601809, -8 
1719906731751.00, 0, -601809, -8 
1719906731771.00, 0, -601808, -8 
1719906731793.00, 0, -601809, -8 
1719906731815.00, 0, -601808, -8 
1719906731835.00, 0, -601808, -8 
1719906731857.00, -3, -601809, -7 
1719906731878.00, 54, -601809, -8 
1719906731898.00, 0, -601808, -7 
1719906731920.00, 0, -601808, -8 
1719906731941.00, 0, -601810, -7 
1719906731962.00, 0, -601809, -8 
1719906731983.00, 0, -601809, -8 
1719906732005.00, 0, -601808, -8 
1719906732026.00, 0, -601809, -8 
1719906732047.00, 0, -601809, -7 
1719906732068.00, 0, -601809, -8 
1719906732089.00, 0, -601809, -8 
1719906732110.00, 0, -601808, -8 
1719906732131.00, 0, -601809, -8 
1719906732152.00, 0, -601809, -8 
1719906732174.00, 0, -601808, -8 
1719906732194.00, 0, -601809, -8 
1719906732215.00, 0, -601809, -7 
1719906732237.00, 0, -601809, -8 
1719906732258.00, 0, -601809, -8 
1719906732279.00, 0, -601808, -8 
1719906732300.00, 0, -601809, -8 
1719906732321.00, 0, -601808, -8 
1719906732342.00, 0, -601808, -8 
1719906732363.00, 0, -601809, -8 
1719906732384.00, 0, -601809, -8 
1719906732406.00, 0, -601809, -7 
1719906732429.00, 0, -601809, -8 
1719906732448.00, 0, -601808, -7 
1719906732469.00, 0, -601809, -8 
1719906732490.00, 0, -601808, -7 
1719906732511.00, 0, -601810, -8 
1719906732532.00, 0, -601809, -8 
1719906732554.00, 0, -601808, -8 
1719906732574.00, 0, -601809, -8 
1719906732596.00, 0, -601809, -8 
1719906732617.00, 0, -601809, -8 
1719906732638.00, 0, -601809, -7 
1719906732658.00, 0, -601809, -8 
1719906732680.00, 0, -601809, -8 
1719906732701.00, 0, -601809, -8 
1719906732722.00, 0, -601808, -7 
1719906732743.00, 0, -601809, -8 
1719906732764.00, 0, -601809, -8 
1719906732785.00, 0, -601808, -8 
1719906732807.00, 0, -601808, -8 
1719906732828.00, 0, -601808, -8 
1719906732848.00, 0, -601809, -8 
1719906732870.00, 0, -601808, -8 
1719906732891.00, -67, -601808, -8 
1719906732913.00, 1, -601809, -7 
1719906732934.00, 48, -601808, -8 
1719906732955.00, 0, -601809, -7 
1719906732977.00, 0, -601809, -8 
1719906732997.00, 0, -601809, -7 
1719906733018.00, 0, -601809, -8 
1719906733040.00, 0, -601809, -7 
1719906733060.00, 0, -601809, -8 
1719906733083.00, 0, -601808, -8 
1719906733103.00, 0, -601808, -8 
1719906733124.00, 0, -601809, -8 
1719906733145.00, 0, -601809, -8 
1719906733166.00, 0, -601809, -8 
1719906733187.00, 0, -601809, -7 
1719906733208.00, 0, -601808, -8 
1719906733229.00, 0, -601809, -8 
1719906733251.00, 0, -601809, -8 
1719906733271.00, 0, -601808, -7 
1719906733292.00, 0, -601809, -8 
1719906733313.00, 0, -601808, -7 
1719906733335.00, 0, -601809, -8 
1719906733356.00, 0, -601809, -7 
1719906733377.00, 0, -601807, -8 
1719906733398.00, 0, -601809, -8 
1719906733419.00, 0, -601809, -7 
1719906733441.00, 0, -601809, -8 
1719906733461.00, 0, -601808, -7 
1719906733483.00, 0, -601809, -8 
1719906733504.00, 0, -601809, -7 
1719906733524.00, 0, -601809, -8 
1719906733546.00, 0, -601810, -7 
1719906733567.00, 0, -601808, -8 
1719906733588.00, 0, -601810, -7 
1719906733610.00, 0, -601809, -8 
1719906733631.00, 0, -601809, -8 
1719906733650.00, 0, -601809, -7 
1719906733673.00, 0, -601808, -8 
1719906733694.00, 0, -601808, -7 
1719906733715.00, 0, -601809, -7 
1719906733736.00, 0, -601809, -7 
1719906733757.00, 0, -601809, -8 
1719906733778.00, 0, -601810, -7 
1719906733799.00, 0, -601808, -8 
1719906733820.00, 0, -601808, -7 
1719906733841.00, 0, -601809, -8 
1719906733863.00, 0, -601808, -7 
1719906733884.00, 0, -601808, -7 
1719906733905.00, 0, -601809, -8 
1719906733926.00, 0, -601809, -8 
1719906733947.00, 0, -601808, -8 
1719906733968.00, 0, -601808, -8 
1719906733990.00, 0, -601809, -7 
1719906734010.00, 0, -601809, -7 
1719906734031.00, 0, -601809, -7 
1719906734053.00, 0, -601808, -7 
1719906734074.00, 0, -601808, -8 
1719906734095.00, 0, -601809, -8 
1719906734117.00, 0, -601808, -8 
1719906734137.00, 0, -601809, -7 
1719906734158.00, 0, -601808, -7 
1719906734182.00, 0, -601809, -8 
1719906734201.00, 0, -601810, -7 
1719906734222.00, 0, -601808, -8 
1719906734243.00, 0, -601809, -7 
1719906734264.00, 0, -601808, -8 
1719906734288.00, 0, -601809, -7 
1719906734306.00, 0, -601809, -8 
1719906734327.00, 0, -601809, -7 
1719906734348.00, 0, -601809, -8 
1719906734370.00, 0, -601808, -7 
1719906734390.00, 0, -601809, -8 
1719906734412.00, 0, -601809, -8 
1719906734433.00, 0, -601809, -8 
1719906734454.00, 0, -601809, -8 
1719906734475.00, 0, -601809, -7 
1719906734496.00, 0, -601809, -8 
1719906734517.00, 0, -601809, -7 
1719906734538.00, 0, -601808, -8 
1719906734559.00, 0, -601809, -7 
1719906734581.00, 0, -601809, -7 
1719906734601.00, 0, -601809, -7 
1719906734623.00, 0, -601809, -8 
1719906734644.00, 0, -601808, -8 
1719906734665.00, 0, -601808, -7 
1719906734686.00, 0, -601809, -7 
1719906734707.00, 0, -601809, -7 
1719906734728.00, 0, -601809, -8 
1719906734749.00, 0, -601809, -7 
1719906734771.00, 0, -601808, -7 
1719906734792.00, 0, -601809, -7 
1719906734813.00, 0, -601809, -7 
1719906734833.00, 0, -601809, -7 
1719906734855.00, 0, -601809, -7 
1719906734876.00, 0, -601808, -7 
1719906734897.00, 0, -601809, -7 
1719906734918.00, 0, -601809, -7 
1719906734940.00, 0, -601808, -7 
1719906734960.00, 0, -601809, -8 
1719906734982.00, 0, -601808, -7 
1719906735003.00, 0, -601809, -8 
1719906735024.00, 0, -601809, -7 
1719906735045.00, 0, -601811, -8 
1719906735066.00, 0, -601808, -7 
1719906735088.00, 0, -601809, -7 
1719906735108.00, 0, -601808, -7 
1719906735129.00, 0, -601809, -7 
1719906735151.00, 0, -601809, -7 
1719906735171.00, 0, -601808, -7 
1719906735193.00, 0, -601808, -7 
1719906735214.00, 0, -601809, -8 
1719906735235.00, 0, -601808, -8 
1719906735256.00, 0, -601809, -7 
1719906735276.00, 0, -601808, -7 
1719906735298.00, 0, -601808, -7 
1719906735320.00, 0, -601809, -8 
1719906735340.00, 0, -601808, -7 
1719906735361.00, 0, -601809, -8 
1719906735383.00, 0, -601809, -7 
1719906735404.00, 0, -601809, -7 
1719906735425.00, 0, -601809, -7 
1719906735446.00, 0, -601808, -7 
1719906735467.00, 0, -601808, -7 
1719906735488.00, 0, -601808, -7 
1719906735510.00, 0, -601809, -8 
1719906735530.00, 0, -601809, -7 
1719906735552.00, 0, -601809, -7 
1719906735573.00, 0, -601808, -7 
1719906735594.00, 0, -601808, -8 
1719906735615.00, 0, -601808, -8 
1719906735636.00, 0, -601808, -7 
1719906735657.00, 0, -601808, -7 
1719906735679.00, 0, -601809, -7 
1719906735700.00, 0, -601809, -7 
1719906735720.00, 0, -601810, -8 
1719906735742.00, 0, -601809, -8 
1719906735763.00, 0, -601808, -7 
1719906735784.00, 0, -601810, -8 
1719906735805.00, 0, -601809, -7 
1719906735826.00, 0, -601808, -8 
1719906735847.00, 0, -601808, -7 
1719906735868.00, 0, -601809, -7 
1719906735889.00, 0, -601808, -7 
1719906735910.00, 0, -601809, -8 
1719906735932.00, 0, -601809, -7 
1719906735953.00, 0, -601809, -7 
1719906735974.00, 0, -601808, -7 
1719906735994.00, 0, -601809, -7 
1719906736016.00, 0, -601808, -7 
1719906736038.00, 0, -601809, -7 
1719906736059.00, 0, -601808, -7 
1719906736080.00, 0, -601809, -7 
1719906736101.00, 0, -601810, -8 
1719906736122.00, 0, -601809, -8 
1719906736145.00, 0, -601809, -7 
1719906736164.00, 0, -601809, -7 
1719906736185.00, 0, -601808, -7 
1719906736206.00, 0, -601808, -7 
1719906736228.00, 0, -601809, -7 
1719906736247.00, 0, -601810, -8 
1719906736269.00, 0, -601809, -8 
1719906736291.00, 0, -601808, -8 
1719906736312.00, 0, -601809, -7 
1719906736333.00, 0, -601808, -7 
1719906736354.00, 0, -601809, -7 
1719906736375.00, 0, -601809, -7 
1719906736396.00, 0, -601809, -7 
1719906736417.00, 0, -601809, -8 
1719906736438.00, 0, -601809, -8 
1719906736459.00, 0, -601809, -7 
1719906736481.00, 0, -601809, -7 
1719906736502.00, 0, -601809, -7 
1719906736523.00, 0, -601809, -8 
1719906736544.00, 0, -601810, -7 
1719906736565.00, 0, -601808, -7 
1719906736587.00, 0, -601809, -8 
1719906736607.00, 0, -601808, -7 
1719906736629.00, 0, -601808, -7 
1719906736650.00, 0, -601808, -7 
1719906736670.00, 0, -601809, -8 
1719906736691.00, 0, -601809, -8 
1719906736712.00, 0, -601808, -7 
1719906736734.00, 0, -601809, -7 
1719906736755.00, 0, -601809, -7 
1719906736777.00, 0, -601808, -7 
1719906736798.00, 0, -601808, -7 
1719906736818.00, 0, -601809, -8 
1719906736840.00, 0, -601809, -7 
1719906736860.00, 0, -601808, -8 
1719906736882.00, 0, -601809, -7 
1719906736903.00, 0, -601809, -7 
1719906736924.00, 0, -601808, -7 
1719906736945.00, 0, -601809, -8 
1719906736966.00, 0, -601809, -8 
1719906736988.00, 0, -601809, -7 
1719906737009.00, 0, -601809, -7 
1719906737032.00, 0, -601809, -7 
1719906737051.00, 0, -601809, -7 
1719906737072.00, 0, -601808, -7 
1719906737093.00, 0, -601808, -7 
1719906737114.00, 0, -601808, -7 
1719906737135.00, 0, -601808, -8 
1719906737157.00, 0, -601809, -8 
1719906737177.00, 0, -601809, -7 
1719906737198.00, 0, -601808, -7 
1719906737220.00, 0, -601809, -7 
1719906737244.00, 0, -601808, -7 
1719906737261.00, 0, -601809, -7 
1719906737283.00, 0, -601809, -8 
1719906737304.00, 0, -601809, -8 
1719906737326.00, 0, -601809, -7 
1719906737346.00, 0, -601809, -7 
1719906737367.00, 0, -601808, -7 
1719906737389.00, 0, -601809, -8 
1719906737410.00, 0, -601808, -7 
1719906737431.00, 0, -601809, -7 
1719906737452.00, 0, -601809, -7 
1719906737473.00, 0, -601808, -7 
1719906737494.00, 0, -601809, -7 
1719906737515.00, 0, -601808, -7 
1719906737536.00, 0, -601808, -7 
1719906737557.00, 0, -601809, -7 
1719906737578.00, 0, -601808, -7 
1719906737600.00, 0, -601809, -8 
1719906737621.00, 0, -601809, -7 
1719906737642.00, 0, -601808, -7 
1719906737663.00, 0, -601808, -7 
1719906737683.00, 0, -601809, -7 
1719906737706.00, 0, -601808, -8 
1719906737726.00, 0, -601809, -7 
1719906737747.00, 0, -601809, -7 
1719906737769.00, 0, -601809, -7 
1719906737789.00, 0, -601807, -7 
1719906737811.00, -58, -601809, -7 
1719906737832.00, -2, -601808, -7 
1719906737853.00, 21, -601809, -7 
1719906737874.00, 0, -601808, -7 
1719906737899.00, 0, -601808, -7 
1719906737916.00, 0, -601808, -7 
1719906737938.00, -2, -601808, -7 
1719906737959.00, 0, -601808, -7 
1719906737979.00, 0, -601809, -7 
1719906738001.00, -5, -601809, -7 
1719906738022.00, 0, -601809, -8 
1719906738043.00, 0, -601808, -7 
1719906738064.00, 0, -601809, -7 
1719906738085.00, 0, -601808, -7 
1719906738107.00, 0, -601808, -11 
1719906738128.00, 0, -601809, -10 
1719906738149.00, 0, -601809, -9 
1719906738170.00, 0, -601808, -7 
1719906738191.00, 0, -601808, -5 
1719906738212.00, 0, -601809, -7 
1719906738234.00, 0, -601809, -6 
1719906738255.00, -49, -601808, -10 
1719906738276.00, 0, -601809, -15 
1719906738297.00, 0, -601810, -30 
1719906738318.00, 0, -601810, -34 
1719906738340.00, 0, -601810, -46 
1719906738360.00, 0, -601809, -47 
1719906738382.00, 41, -601810, -48 
1719906738403.00, 0, -601809, -45 
1719906738424.00, 0, -601810, -52 
1719906738445.00, 0, -601810, -54 
1719906738467.00, 0, -601810, -49 
1719906738488.00, 0, -601811, -46 
1719906738509.00, 0, -601810, -50 
1719906738531.00, 0, -601810, -49 
1719906738552.00, 0, -601810, -44 
1719906738573.00, 0, -601811, -44 
1719906738594.00, 0, -601811, -47 
1719906738615.00, 0, -601810, -46 
1719906738637.00, 0, -601810, -41 
1719906738658.00, 0, -601810, -35 
1719906738679.00, 0, -601810, -29 
1719906738700.00, 1, -601810, -25 
1719906738722.00, 0, -601810, -27 
1719906738742.00, -1, -601810, -26 
1719906738764.00, 0, -601809, -25 
1719906738785.00, 0, -601809, -28 
1719906738806.00, 0, -601810, -32 
1719906738827.00, 1, -601810, -32 
1719906738849.00, 0, -601810, -33 
1719906738870.00, 0, -601810, -37 
1719906738891.00, 0, -601810, -37 
1719906738912.00, 0, -601809, -35 
1719906738934.00, 4, -601809, -32 
1719906738955.00, 0, -601810, -34 
1719906738976.00, 0, -601810, -39 
1719906738997.00, 0, -601809, -46 
1719906739019.00, 0, -601810, -51 
1719906739040.00, 0, -601809, -53 
1719906739061.00, 0, -601810, -48 
1719906739083.00, 0, -601809, -45 
1719906739103.00, 0, -601809, -31 
1719906739124.00, 1, -601809, -30 
1719906739146.00, 0, -601810, -22 
1719906739167.00, 0, -601809, -16 
1719906739188.00, 0, -601808, -19 
1719906739209.00, 0, -601809, -15 
1719906739231.00, 0, -601807, -3 
1719906739252.00, 53, -601808, -1 
1719906739273.00, 1, -601808, 1 
1719906739294.00, -3, -601809, -20 
1719906739315.00, 63, -601804, 43 
1719906739336.00, 2698, -601800, 109 
1719906739358.00, 8107, -601749, 134 
1719906739380.00, 13051, -601575, 125 
1719906739401.00, 15427, -601291, 171 
1719906739424.00, 19449, -600940, 275 
1719906739445.00, 28141, -600518, 337 
1719906739466.00, 36788, -599913, 370 
1719906739488.00, 44372, -599123, 383 
1719906739510.00, 49460, -598160, 537 
1719906739531.00, 61511, -597081, 556 
1719906739553.00, 69930, -595756, 611 
1719906739575.00, 78249, -594226, 662 
1719906739596.00, 86346, -592528, 723 
1719906739618.00, 94699, -590649, 741 
1719906739640.00, 100881, -588607, 781 
1719906739662.00, 106706, -586397, 828 
1719906739683.00, 112797, -584069, 865 
1719906739705.00, 118629, -581612, 886 
1719906739727.00, 123358, -579026, 912 
1719906739748.00, 127435, -576332, 922 
1719906739770.00, 130770, -573546, 926 
1719906739792.00, 132827, -570699, 946 
1719906739814.00, 135322, -567812, 950 
1719906739835.00, 136896, -564863, 932 
1719906739857.00, 136463, -561896, 937 
1719906739879.00, 136403, -558925, 938 
1719906739901.00, 136470, -555961, 913 
1719906739922.00, 135033, -552988, 877 
1719906739944.00, 131933, -550051, 850 
1719906739966.00, 128361, -547181, 848 
1719906739987.00, 126141, -544388, 845 
1719906740009.00, 124604, -541644, 831 
1719906740031.00, 122716, -538947, 823 
1719906740052.00, 121041, -536284, 815 
1719906740075.00, 119705, -533631, 799 
1719906740096.00, 117779, -531039, 786 
1719906740117.00, 115773, -528471, 749 
1719906740139.00, 112333, -525963, 741 
1719906740161.00, 109713, -523528, 717 
1719906740182.00, 106794, -521133, 669 
1719906740205.00, 102283, -518821, 653 
1719906740226.00, 98461, -516606, 631 
1719906740248.00, 94741, -514466, 571 
1719906740269.00, 88842, -512420, 505 
1719906740291.00, 81547, -510510, 456 
1719906740313.00, 73999, -508736, 357 
1719906740335.00, 63460, -507157, 270 
1719906740356.00, 52284, -505779, 173 
1719906740377.00, 39706, -504661, 78 
1719906740399.00, 26482, -503817, -25 
1719906740420.00, 12401, -503238, -132 
1719906740443.00, -1910, -502957, -225 
1719906740464.00, -16147, -502984, -293 
1719906740485.00, -28568, -503327, -339 
1719906740508.00, -39059, -503940, -437 
1719906740529.00, -51286, -504769, -490 
1719906740551.00, -61602, -505867, -517 
1719906740572.00, -69226, -507207, -552 
1719906740594.00, -75920, -508701, -569 
1719906740615.00, -80631, -510362, -624 
1719906740640.00, -86538, -512101, -626 
1719906740659.00, -90013, -513981, -670 
1719906740681.00, -94925, -515938, -704 
1719906740702.00, -99666, -518001, -744 
1719906740724.00, -104724, -520169, -753 
1719906740749.00, -108320, -522439, -764 
1719906740767.00, -111065, -524811, -800 
1719906740790.00, -114614, -527232, -813 
1719906740811.00, -117484, -529734, -817 
1719906740833.00, -119545, -532297, -836 
1719906740856.00, -121728, -534892, -868 
1719906740876.00, -124843, -537544, -870 
1719906740898.00, -126786, -540262, -865 
1719906740920.00, -127358, -543035, -853 
1719906740941.00, -126799, -545797, -856 
1719906740966.00, -126809, -548566, -859 
1719906740985.00, -126980, -551324, -840 
1719906741007.00, -125844, -554071, -830 
1719906741028.00, -124384, -556814, -833 
1719906741050.00, -123451, -559525, -802 
1719906741074.00, -121281, -562214, -762 
1719906741093.00, -117521, -564836, -740 
1719906741115.00, -113914, -567390, -746 
1719906741137.00, -111847, -569869, -720 
1719906741159.00, -109180, -572291, -661 
1719906741183.00, -104017, -574667, -627 
1719906741202.00, -98939, -576919, -657 
1719906741223.00, -97235, -579055, -627 
1719906741245.00, -94592, -581155, -560 
1719906741267.00, -89145, -583210, -558 
1719906741292.00, -85684, -585140, -574 
1719906741310.00, -84580, -586986, -575 
1719906741332.00, -84042, -588821, -570 
1719906741353.00, -83281, -590631, -531 
1719906741375.00, -80469, -592450, -597 
1719906741402.00, -82601, -594188, -608 
1719906741418.00, -47920, -595961, -589 
1719906741439.00, -27227, -597005, -548 
1719906741461.00, -14939, -597623, -557 
1719906741483.00, -7714, -597959, -520 
1719906741505.00, -3619, -598133, -522 
1719906741526.00, -1139, -598209, -494 
1719906741548.00, 25, -598236, -495 
1719906741569.00, 678, -598237, -492 
1719906741591.00, 1280, -598230, -482 
1719906741614.00, 1806, -598206, -482 
1719906741634.00, 2072, -598169, -471 
1719906741655.00, 2266, -598123, -451 
1719906741677.00, 2199, -598075, -445 
1719906741699.00, 2264, -598024, -434 
1719906741721.00, 2144, -597975, -428 
1719906741742.00, 1974, -597927, -425 
1719906741764.00, 1908, -597882, -420 
1719906741786.00, 1861, -597840, -423 
1719906741807.00, 1899, -597798, -431 
1719906741829.00, 1836, -597759, -430 
1719906741851.00, 1768, -597718, -418 
1719906741872.00, 1753, -597679, -413 
1719906741894.00, 1886, -597641, -389 
1719906741915.00, 1889, -597600, -371 
1719906741937.00, 1752, -597559, -346 
1719906741959.00, 1691, -597519, -344 
1719906741980.00, 1883, -597478, -312 
1719906742002.00, 1947, -597434, -228 
1719906742024.00, 1836, -597386, -145 
1719906742045.00, 1788, -597342, -84 
1719906742068.00, 1675, -597301, -28 
1719906742088.00, 1669, -597263, -10 
1719906742110.00, 1546, -597227, 6 
1719906742131.00, 1426, -597194, 5 
1719906742152.00, 1290, -597162, 8 
1719906742177.00, 1217, -597132, 7 
1719906742195.00, 1181, -597108, 7 
1719906742217.00, 1135, -597081, 6 
1719906742238.00, 1113, -597058, 10 
1719906742259.00, 0, -597035, 7 
1719906742280.00, 325, -597033, 5 
1719906742302.00, 135, -597028, 9 
1719906742323.00, 38, -597025, 8 
1719906742344.00, -5, -597023, 8 
1719906742365.00, 0, -597022, 7 
1719906742392.00, 0, -597023, 8 
1719906742407.00, 0, -597022, 7 
1719906742429.00, 0, -597023, 7 
1719906742449.00, -1, -597022, 6 
1719906742470.00, 0, -597022, 9 
1719906742494.00, 0, -597022, 8 
1719906742512.00, 0, -597022, 7 
1719906742533.00, 0, -597021, 8 
1719906742555.00, 0, -597022, 7 
1719906742575.00, 0, -597022, 8 
1719906742596.00, 0, -597022, 7 
1719906742617.00, 0, -597022, 8 
1719906742639.00, 36, -597022, 7 
1719906742659.00, 67, -597021, 8 
1719906742681.00, 18, -597021, 7 
1719906742701.00, 1, -597021, 8 
1719906742722.00, 0, -597022, 8 
1719906742743.00, 0, -597021, 8 
1719906742765.00, 0, -597022, 8 
1719906742786.00, 0, -597022, 7 
1719906742807.00, -4, -597021, 8 
1719906742827.00, 0, -597021, 7 
1719906742849.00, 0, -597020, 10 
1719906742870.00, 0, -597020, 16 
1719906742892.00, 1051, -597020, 15 
1719906742913.00, 1486, -597001, 12 
1719906742940.00, 1511, -596968, 17 
1719906742957.00, 1999, -596933, 20 
1719906742977.00, 2428, -596892, 10 
1719906742999.00, 6, -596842, 7 
1719906743019.00, -1, -596834, 10 
1719906743043.00, 11, -596835, 6 
1719906743062.00, 0, -596835, 6 
1719906743083.00, 56, -596835, 7 
1719906743104.00, 0, -596834, 13 
1719906743126.00, 770, -596834, 17 
1719906743147.00, 1479, -596819, 20 
1719906743169.00, 2134, -596788, 31 
1719906743190.00, 3179, -596741, 45 
1719906743211.00, 4653, -596675, 38 
1719906743232.00, 5097, -596577, 47 
1719906743259.00, 6131, -596466, 68 
1719906743276.00, 7484, -596337, 91 
1719906743298.00, 9724, -596176, 92 
1719906743319.00, 11491, -595970, 80 
1719906743340.00, 11768, -595734, 46 
1719906743362.00, 9525, -595486, 21 
1719906743383.00, 6662, -595280, -5 
1719906743405.00, 3914, -595130, -19 
1719906743427.00, 2266, -595044, -38 
1719906743448.00, 1288, -594997, -62 
1719906743470.00, 701, -594969, -72 
1719906743491.00, 360, -594955, -83 
1719906743512.00, 226, -594947, -79 
1719906743534.00, 115, -594941, -39 
1719906743555.00, 54, -594937, -24 
1719906743576.00, 121, -594935, -14 
1719906743598.00, 174, -594927, 79 
1719906743620.00, 4724, -594917, 153 
1719906743641.00, 12463, -594801, 193 
1719906743663.00, 19635, -594528, 386 
1719906743685.00, 35015, -594099, 609 
1719906743706.00, 57560, -593352, 643 
1719906743728.00, 73020, -592120, 759 
1719906743750.00, 89029, -590519, 867 
1719906743771.00, 105056, -588587, 969 
1719906743792.00, 120802, -586273, 1005 
1719906743813.00, 132196, -583627, 1049 
1719906743835.00, 141488, -580723, 1094 
1719906743857.00, 149608, -577621, 1108 
1719906743879.00, 155180, -574347, 1130 
1719906743901.00, 159802, -570946, 1118 
1719906743923.00, 161624, -567462, 1083 
1719906743944.00, 160031, -563928, 1073 
1719906743966.00, 158928, -560429, 1007 
1719906743989.00, 154231, -556967, 995 
1719906744011.00, 150535, -553616, 965 
1719906744036.00, 146451, -550346, 932 
1719906744054.00, 142030, -547182, 915 
1719906744076.00, 138068, -544086, 877 
1719906744098.00, 133534, -541073, 886 
1719906744120.00, 131360, -538185, 805 
1719906744142.00, 125347, -535329, 794 
1719906744163.00, 120835, -532613, 811 
1719906744185.00, 119241, -529991, 792 
1719906744207.00, 117061, -527387, 777 
1719906744228.00, 115052, -524844, 769 
1719906744250.00, 113173, -522354, 804 
1719906744272.00, 114112, -519896, 790 
1719906744294.00, 113890, -517407, 765 
1719906744315.00, 112277, -514922, 767 
1719906744337.00, 111413, -512491, 750 
1719906744359.00, 109590, -510088, 758 
1719906744380.00, 109232, -507691, 706 
1719906744402.00, 105663, -505316, 677 
1719906744424.00, 101717, -503029, 695 
1719906744445.00, 100539, -500810, 694 
1719906744474.00, 99786, -498622, 686 
1719906744488.00, 98667, -496466, 646 
1719906744510.00, 95820, -494327, 655 
1719906744532.00, 94596, -492253, 643 
1719906744554.00, 93219, -490208, 626 
1719906744575.00, 91042, -488190, 598 
1719906744597.00, 88278, -486212, 578 
1719906744619.00, 85416, -484312, 557 
1719906744640.00, 82437, -482451, 541 
1719906744661.00, 79687, -480678, 529 
1719906744684.00, 77346, -478945, 502 
1719906744705.00, 74272, -477285, 473 
1719906744727.00, 70684, -475664, 440 
1719906744748.00, 66474, -474151, 396 
1719906744770.00, 61477, -472702, 352 
1719906744792.00, 55604, -471386, 294 
1719906744813.00, 48848, -470174, 232 
1719906744835.00, 41325, -469121, 201 
1719906744860.00, 35050, -468228, 174 
1719906744878.00, 29699, -467473, 138 
1719906744901.00, 24039, -466822, 96 
1719906744921.00, 18586, -466302, 71 
1719906744942.00, 13808, -465900, 44 
1719906744964.00, 9221, -465605, 17 
1719906744986.00, 4781, -465408, -4 
1719906745009.00, 1080, -465300, -27 
1719906745028.00, -2231, -465277, -58 
1719906745050.00, -6457, -465314, -88 
1719906745072.00, -10339, -465449, -118 
1719906745094.00, -14529, -465675, -136 
1719906745120.00, -18704, -465990, -158 
1719906745137.00, -22019, -466387, -194 
1719906745158.00, -26258, -466867, -214 
1719906745180.00, -29929, -467438, -224 
1719906745202.00, -32482, -468080, -243 
1719906745223.00, -35039, -468779, -259 
1719906745245.00, -37474, -469537, -265 
1719906745267.00, -39503, -470356, -265 
1719906745288.00, -40484, -471210, -271 
1719906745310.00, -41631, -472077, -271 
1719906745332.00, -42128, -472973, -276 
1719906745353.00, -42408, -473891, -272 
1719906745375.00, -42238, -474808, -272 
1719906745397.00, -42248, -475724, -265 
1719906745418.00, -41670, -476646, -270 
1719906745441.00, -41736, -477563, -270 
1719906745461.00, -41927, -478455, -268 
1719906745483.00, -41798, -479360, -259 
1719906745504.00, -41120, -480267, -246 
1719906745526.00, -39771, -481155, -237 
1719906745548.00, -38287, -482006, -218 
1719906745569.00, -36499, -482844, -220 
1719906745590.00, -35323, -483649, -205 
1719906745613.00, -33902, -484414, -195 
1719906745635.00, -32304, -485141, -181 
1719906745656.00, -30605, -485838, -177 
1719906745678.00, -28915, -486505, -170 
1719906745699.00, -27408, -487143, -162 
1719906745721.00, -26407, -487739, -161 
1719906745742.00, -25634, -488304, -152 
1719906745764.00, -24521, -488857, -146 
1719906745786.00, -23832, -489394, -148 
1719906745808.00, -23049, -489913, -152 
1719906745829.00, -22771, -490423, -151 
1719906745851.00, -23039, -490920, -155 
1719906745872.00, -23397, -491411, -157 
1719906745894.00, -23658, -491912, -168 
1719906745916.00, -24294, -492424, -172 
1719906745938.00, -24986, -492953, -173 
1719906745960.00, -25436, -493500, -181 
1719906745981.00, -26302, -494050, -190 
1719906746002.00, -26996, -494606, -189 
1719906746024.00, -27470, -495187, -195 
1719906746046.00, -28432, -495783, -208 
1719906746067.00, -29547, -496397, -219 
1719906746089.00, -30871, -497043, -230 
1719906746111.00, -32096, -497701, -249 
1719906746132.00, -34133, -498390, -275 
1719906746154.00, -36668, -499131, -292 
1719906746175.00, -39159, -499937, -300 
1719906746197.00, -41546, -500778, -273 
1719906746219.00, -40935, -501677, -406 
1719906746240.00, -48704, -502564, -318 
1719906746262.00, -48015, -503624, -342 
1719906746283.00, -48948, -504647, -345 
1719906746305.00, -49534, -505707, -342 
1719906746327.00, -49873, -506791, -344 
1719906746348.00, -50084, -507863, -356 
1719906746370.00, -50992, -508950, -352 
1719906746392.00, -51074, -510064, -349 
1719906746414.00, -50791, -511163, -352 
1719906746435.00, -50883, -512265, -348 
1719906746457.00, -50857, -513377, -346 
1719906746479.00, -50782, -514462, -339 
1719906746500.00, -50244, -515565, -338 
1719906746522.00, -49637, -516671, -332 
1719906746543.00, -48999, -517736, -322 
1719906746565.00, -48006, -518797, -316 
1719906746587.00, -46852, -519847, -309 
1719906746608.00, -45923, -520851, -303 
1719906746630.00, -44939, -521844, -296 
1719906746656.00, -43879, -522834, -303 
1719906746673.00, -43981, -523787, -321 
1719906746695.00, -44916, -524729, -324 
1719906746716.00, -45552, -525706, -331 
1719906746738.00, -46104, -526700, -338 
1719906746760.00, -47068, -527695, -339 
1719906746781.00, -47885, -528719, -334 
1719906746803.00, -47844, -529762, -328 
1719906746825.00, -47551, -530783, -321 
1719906746846.00, -47024, -531817, -319 
1719906746870.00, -46396, -532846, -315 
1719906746889.00, -45714, -533847, -304 
1719906746911.00, -44737, -534837, -296 
1719906746933.00, -43663, -535821, -302 
1719906746954.00, -43488, -536765, -297 
1719906746978.00, -42992, -537694, -278 
1719906746998.00, -41522, -538628, -276 
1719906747019.00, -40633, -539538, -271 
1719906747041.00, -39773, -540408, -257 
1719906747063.00, -38116, -541269, -252 
1719906747084.00, -36846, -542110, -255 
1719906747106.00, -36477, -542922, -256 
1719906747127.00, -36271, -543703, -257 
1719906747149.00, -36333, -544486, -259 
1719906747170.00, -36475, -545276, -265 
1719906747192.00, -36803, -546074, -270 
1719906747214.00, -37186, -546864, -276 
1719906747236.00, -37992, -547670, -275 
1719906747257.00, -38469, -548497, -275 
1719906747279.00, -38513, -549338, -285 
1719906747301.00, -39140, -550172, -291 
1719906747322.00, -39753, -551017, -281 
1719906747344.00, -39594, -551888, -276 
1719906747366.00, -39182, -552752, -282 
1719906747387.00, -39486, -553595, -275 
1719906747410.00, -39265, -554449, -265 
1719906747431.00, -38420, -555305, -272 
1719906747452.00, -38455, -556145, -275 
1719906747474.00, -38487, -556969, -263 
1719906747495.00, -38061, -557803, -252 
1719906747517.00, -37018, -558636, -255 
1719906747539.00, -36355, -559436, -259 
1719906747560.00, -36497, -560221, -258 
1719906747582.00, -36324, -561013, -263 
1719906747604.00, -36578, -561807, -272 
1719906747625.00, -37389, -562604, -288 
1719906747647.00, -38663, -563400, -282 
1719906747668.00, -39088, -564235, -265 
1719906747690.00, -38539, -565094, -278 
1719906747712.00, -38693, -565934, -287 
1719906747733.00, -39411, -566765, -283 
1719906747755.00, -39738, -567617, -282 
1719906747776.00, -39743, -568490, -298 
1719906747798.00, -40806, -569347, -301 
1719906747820.00, -41436, -570219, -296 
1719906747842.00, -41403, -571117, -291 
1719906747863.00, -41077, -572026, -299 
1719906747885.00, -41091, -572913, -296 
1719906747907.00, -41106, -573807, -272 
1719906747928.00, -39685, -574708, -261 
1719906747950.00, -38448, -575577, -264 
1719906747971.00, -37878, -576400, -258 
1719906747993.00, -37214, -577212, -248 
1719906748014.00, -36000, -578017, -251 
1719906748037.00, -35319, -578804, -257 
1719906748058.00, -35495, -579566, -241 
1719906748079.00, -34575, -580332, -230 
1719906748101.00, -33480, -581087, -222 
1719906748123.00, -32398, -581820, -243 
1719906748144.00, -33022, -582521, -235 
1719906748166.00, -32948, -583226, -232 
1719906748188.00, -32789, -583936, -236 
1719906748210.00, -32889, -584647, -240 
1719906748231.00, -33156, -585357, -229 
1719906748253.00, -32590, -586066, -226 
1719906748274.00, -31812, -586764, -224 
1719906748296.00, -31293, -587463, -221 
1719906748317.00, -30833, -588149, -231 
1719906748339.00, -31545, -588824, -242 
1719906748361.00, -32420, -589493, -243 
1719906748383.00, -33004, -590192, -257 
1719906748405.00, -34064, -590908, -243 
1719906748426.00, -34026, -591649, -236 
1719906748448.00, -33488, -592384, -232 
1719906748469.00, -32902, -593107, -227 
1719906748491.00, -18676, -593817, -221 
1719906748512.00, -10438, -594244, -235 
1719906748534.00, -5314, -594478, -267 
1719906748556.00, -2241, -594597, -273 
1719906748577.00, -329, -594647, -260 
1719906748599.00, 83, -594656, -249 
1719906748620.00, 803, -594654, -240 
1719906748642.00, 1352, -594642, -213 
1719906748663.00, 1699, -594616, -183 
1719906748685.00, 1779, -594580, -181 
1719906748706.00, 1823, -594538, -163 
1719906748728.00, 1897, -594497, -141 
1719906748750.00, 1856, -594456, -122 
1719906748771.00, 1850, -594414, -96 
1719906748793.00, 1763, -594372, -86 
1719906748814.00, 1705, -594332, -85 
1719906748840.00, 1672, -594296, -91 
1719906748858.00, 1636, -594259, -94 
1719906748879.00, 1685, -594222, -69 
1719906748901.00, 1744, -594184, -60 
1719906748922.00, 1651, -594147, -32 
1719906748943.00, 1582, -594109, -6 
1719906748965.00, 1564, -594073, 17 
1719906748987.00, 2640, -594038, 28 
1719906749008.00, 3903, -593984, 33 
1719906749030.00, 4863, -593903, 29 
1719906749052.00, 4960, -593801, 28 
1719906749073.00, 5089, -593690, 28 
1719906749093.00, 5299, -593577, 41 
1719906749115.00, 6000, -593466, 39 
1719906749136.00, 6310, -593339, 27 
1719906749158.00, 5822, -593202, 17 
1719906749179.00, 4846, -593078, 10 
1719906749201.00, -11, -592973, 6 
1719906749222.00, 187, -592964, 3 
1719906749243.00, 602, -592962, -4 
1719906749265.00, 846, -592952, -15 
1719906749286.00, 971, -592936, -27 
1719906749308.00, 1026, -592916, -41 
1719906749330.00, 1053, -592895, -51 
1719906749351.00, 1070, -592872, -57 
1719906749373.00, 1094, -592850, -55 
1719906749394.00, 1109, -592828, -67 
1719906749416.00, 1122, -592806, -76 
1719906749437.00, 1128, -592782, -76 
1719906749458.00, 1064, -592759, -75 
1719906749480.00, 1013, -592737, -69 
1719906749502.00, 995, -592714, -61 
1719906749523.00, -2117, -592693, -49 
1719906749545.00, -3809, -592726, -36 
1719906749566.00, -1893, -592798, -23 
1719906749587.00, -677, -592838, -1 
1719906749608.00, 0, -592852, 18 
1719906749630.00, 892, -592854, 35 
1719906749651.00, 2890, -592842, 64 
1719906749673.00, 5937, -592782, 112 
1719906749694.00, 10733, -592649, 167 
1719906749718.00, 17019, -592415, 289 
1719906749738.00, 27704, -592047, 397 
1719906749759.00, 40813, -591448, 465 
1719906749781.00, 52636, -590565, 520 
1719906749802.00, 63002, -589426, 644 
1719906749824.00, 76563, -588069, 689 
1719906749845.00, 87395, -586396, 714 
1719906749868.00, 95216, -584498, 787 
1719906749889.00, 103831, -582438, 828 
1719906749911.00, 111492, -580162, 844 
1719906749936.00, 116975, -577719, 908 
1719906749955.00, 123982, -575173, 939 
1719906749976.00, 130030, -572466, 945 
1719906749998.00, 133916, -569636, 977 
1719906750020.00, 137896, -566697, 990 
1719906750041.00, 141076, -563704, 981 
1719906750063.00, 142291, -560631, 929 
1719906750085.00, 139852, -557530, 875 
1719906750107.00, 135147, -554494, 942 
1719906750128.00, 136320, -551554, 949 
1719906750150.00, 137320, -548589, 905 
1719906750172.00, 135318, -545606, 911 
1719906750194.00, 134378, -542674, 892 
1719906750215.00, 132677, -539749, 865 
1719906750237.00, 129893, -536868, 856 
1719906750262.00, 127654, -534034, 851 
1719906750280.00, 125919, -531260, 857 
1719906750302.00, 125254, -528519, 864 
1719906750324.00, 125334, -525805, 879 
1719906750346.00, 126162, -523083, 879 
1719906750367.00, 126563, -520337, 859 
1719906750389.00, 125717, -517579, 822 
1719906750411.00, 122685, -514842, 820 
1719906750433.00, 120978, -512176, 830 
1719906750454.00, 120316, -509551, 860 
1719906750476.00, 121754, -506936, 874 
1719906750497.00, 123447, -504278, 874 
1719906750519.00, 124340, -501592, 860 
1719906750541.00, 124038, -498877, 860 
1719906750563.00, 123869, -496187, 862 
1719906750590.00, 123837, -493498, 855 
1719906750606.00, 123333, -490803, 845 
1719906750628.00, 122269, -488112, 830 
1719906750650.00, 120662, -485449, 810 
1719906750672.00, 118586, -482816, 794 
1719906750694.00, 116419, -480254, 790 
1719906750715.00, 114944, -477725, 744 
1719906750737.00, 111233, -475218, 709 
1719906750758.00, 106985, -472805, 676 
1719906750780.00, 102219, -470494, 662 
1719906750803.00, 98489, -468268, 639 
1719906750823.00, 95153, -466133, 603 
1719906750845.00, 90806, -464090, 579 
1719906750867.00, 86619, -462117, 530 
1719906750888.00, 81259, -460238, 487 
1719906750909.00, 75443, -458484, 445 
1719906750931.00, 69374, -456856, 364 
1719906750953.00, 61110, -455353, 302 
1719906750975.00, 52429, -454041, 221 
1719906750997.00, 42601, -452910, 173 
1719906751021.00, 33930, -451990, 148 
1719906751040.00, 26920, -451253, 115 
1719906751061.00, 21066, -450655, 96 
1719906751082.00, 16203, -450193, 72 
1719906751104.00, 11963, -449836, 48 
1719906751126.00, 8123, -449575, 17 
1719906751148.00, 4023, -449397, -5 
1719906751169.00, 489, -449309, -29 
1719906751190.00, -2656, -449294, -60 
1719906751212.00, -6780, -449343, -97 
1719906751233.00, -11375, -449485, -146 
1719906751255.00, -17177, -449729, -182 
1719906751276.00, -22571, -450097, -200 
1719906751298.00, -27096, -450590, -245 
1719906751320.00, -32341, -451183, -290 
1719906751341.00, -37862, -451875, -321 
1719906751363.00, -42981, -452687, -279 
1719906751385.00, -43784, -453627, -432 
1719906751406.00, -53165, -454585, -432 
1719906751428.00, -58830, -455714, -443 
1719906751450.00, -62898, -456992, -464 
1719906751472.00, -66386, -458369, -497 
1719906751493.00, -70207, -459808, -519 
1719906751515.00, -73824, -461341, -546 
1719906751536.00, -77573, -462932, -576 
1719906751558.00, -81572, -464627, -585 
1719906751580.00, -84496, -466385, -596 
1719906751601.00, -86792, -468233, -608 
1719906751623.00, -88688, -470109, -588 
1719906751645.00, -88770, -472031, -609 
1719906751666.00, -89749, -473950, -609 
1719906751688.00, -90196, -475895, -634 
1719906751709.00, -92219, -477869, -624 
1719906751731.00, -92724, -479854, -619 
1719906751753.00, -92542, -481859, -681 
1719906751774.00, -95976, -483883, -652 
1719906751800.00, -96187, -485951, -625 
1719906751818.00, -94783, -488045, -661 
1719906751839.00, -95973, -490100, -645 
1719906751861.00, -95949, -492176, -643 
1719906751882.00, -95529, -494263, -653 
1719906751904.00, -95848, -496331, -653 
1719906751926.00, -96031, -498399, -651 
1719906751948.00, -95878, -500500, -636 
1719906751969.00, -94930, -502568, -628 
1719906751991.00, -93795, -504625, -635 
1719906752015.00, -93580, -506662, -588 
1719906752034.00, -90492, -508680, -629 
1719906752056.00, -90851, -510656, -651 
1719906752077.00, -92714, -512615, -605 
1719906752099.00, -90832, -514618, -640 
1719906752120.00, -91782, -516606, -622 
1719906752142.00, -91349, -518585, -607 
1719906752164.00, -90139, -520570, -623 
1719906752186.00, -90400, -522515, -596 
1719906752207.00, -88901, -524470, -622 
1719906752230.00, -89542, -526407, -609 
1719906752250.00, -89098, -528332, -610 
1719906752272.00, -89056, -530264, -641 
1719906752293.00, -90610, -532192, -642 
1719906752315.00, -91502, -534160, -685 
1719906752339.00, -94685, -536156, -647 
1719906752359.00, -94216, -538184, -649 
1719906752380.00, -93753, -540235, -686 
1719906752402.00, -95817, -542273, -611 
1719906752424.00, -92401, -544349, -654 
1719906752445.00, -92907, -546359, -649 
1719906752466.00, -93138, -548372, -614 
1719906752488.00, -91216, -550397, -639 
1719906752510.00, -91384, -552370, -616 
1719906752532.00, -90148, -554338, -639 
1719906752553.00, -90833, -556310, -651 
1719906752575.00, -91719, -558263, -631 
1719906752597.00, -91329, -560255, -660 
1719906752618.00, -92505, -562237, -626 
1719906752640.00, -91409, -564228, -624 
1719906752662.00, -90284, -566222, -644 
1719906752683.00, -90908, -568180, -616 
1719906752705.00, -89882, -570145, -637 
1719906752726.00, -90301, -572087, -621 
1719906752748.00, -89738, -574049, -614 
1719906752773.00, -88760, -576001, -616 
1719906752791.00, -88552, -577902, -578 
1719906752813.00, -86097, -579815, -628 
1719906752835.00, -87423, -581691, -613 
1719906752856.00, -87365, -583579, -604 
1719906752878.00, -86995, -585477, -602 
1719906752899.00, -86338, -587339, -573 
1719906752921.00, -84050, -589215, -570 
1719906752943.00, -82609, -591031, -507 
1719906752965.00, -77955, -592820, -508 
1719906752986.00, -44404, -594502, -457 
1719906753008.00, -24743, -595480, -446 
1719906753029.00, -12777, -596025, -395 
1719906753051.00, -5873, -596309, -361 
1719906753073.00, -1808, -596444, -348 
1719906753094.00, 19, -596483, -309 
1719906753115.00, 1321, -596483, -256 
1719906753137.00, 2399, -596461, -226 
1719906753159.00, 2943, -596408, -159 
1719906753180.00, 3117, -596342, -145 
1719906753202.00, 3177, -596272, -124 
1719906753224.00, 3272, -596205, -98 
1719906753245.00, 3318, -596135, -72 
1719906753266.00, 3158, -596064, -42 
1719906753288.00, 3123, -595993, -10 
1719906753310.00, 3084, -595924, -6 
1719906753331.00, 3057, -595860, 18 
1719906753352.00, 3922, -595794, 35 
1719906753374.00, 5751, -595709, 36 
1719906753396.00, 6703, -595593, 36 
1719906753417.00, 7079, -595451, 37 
1719906753439.00, 7498, -595298, 29 
1719906753460.00, 7310, -595141, 27 
1719906753482.00, 7167, -594985, 25 
1719906753503.00, 6794, -594835, 19 
1719906753524.00, 6019, -594692, 10 
1719906753545.00, -50, -594562, 11 
1719906753567.00, 1333, -594551, 11 
1719906753589.00, 2280, -594528, 10 
1719906753610.00, 0, -594482, -6 
1719906753631.00, 844, -594479, -22 
1719906753656.00, 419, -594463, -12 
1719906753674.00, 198, -594455, -14 
1719906753695.00, 76, -594450, -11 
1719906753717.00, 66, -594448, -4 
1719906753737.00, -3, -594447, -9 
1719906753759.00, 0, -594447, -19 
1719906753780.00, 0, -594448, -30 
1719906753801.00, 0, -594448, -32 
1719906753823.00, 11, -594448, -23 
1719906753844.00, 0, -594447, -17 
1719906753866.00, -1, -594447, -15 
1719906753886.00, 0, -594447, -8 
1719906753908.00, 64, -594446, 10 
1719906753929.00, 0, -594445, 22 
1719906753950.00, 1395, -594444, 25 
1719906753971.00, 2430, -594416, 37 
1719906753993.00, 3807, -594364, 38 
1719906754015.00, 4577, -594286, 41 
1719906754036.00, 5267, -594189, 42 
1719906754057.00, 5789, -594078, 41 
1719906754079.00, 6006, -593954, 41 
1719906754100.00, 5942, -593825, 61 
1719906754122.00, 7100, -593694, 82 
1719906754143.00, 9114, -593537, 96 
1719906754164.00, 11254, -593346, 87 
1719906754186.00, 11862, -593108, 77 
1719906754208.00, 11578, -592851, 82 
1719906754229.00, 11878, -592603, 94 
1719906754251.00, 12552, -592350, 101 
1719906754273.00, 13636, -592078, 102 
1719906754294.00, 14546, -591786, 101 
1719906754316.00, 14496, -591475, 103 
1719906754338.00, 14687, -591159, 99 
1719906754359.00, 14499, -590840, 99 
1719906754381.00, 14563, -590520, 105 
1719906754402.00, 14894, -590204, 112 
1719906754424.00, 15397, -589884, 117 
1719906754445.00, 15921, -589548, 118 
1719906754467.00, 16205, -589205, 120 
1719906754488.00, 16656, -588852, 127 
1719906754510.00, 17396, -588490, 130 
1719906754532.00, 18157, -588108, 134 
1719906754554.00, 19058, -587719, 134 
1719906754575.00, 19467, -587303, 141 
1719906754596.00, 19724, -586884, 145 
1719906754619.00, 20197, -586456, 150 
1719906754640.00, 20869, -586025, 144 
1719906754661.00, 20964, -585576, 146 
1719906754684.00, 21043, -585123, 145 
1719906754705.00, 21298, -584664, 153 
1719906754726.00, 21593, -584199, 157 
1719906754750.00, 22182, -583729, 162 
1719906754770.00, 22590, -583254, 170 
1719906754792.00, 23198, -582769, 179 
1719906754813.00, 24435, -582263, 194 
1719906754835.00, 26010, -581733, 202 
1719906754857.00, 27379, -581164, 213 
1719906754878.00, 28813, -580566, 231 
1719906754900.00, 30942, -579937, 252 
1719906754922.00, 33352, -579282, 268 
1719906754943.00, 35769, -578563, 276 
1719906754965.00, 37776, -577785, 288 
1719906754987.00, 39491, -576969, 300 
1719906755008.00, 41199, -576127, 310 
1719906755030.00, 42707, -575239, 315 
1719906755052.00, 43962, -574301, 322 
1719906755073.00, 45000, -573347, 352 
1719906755094.00, 47509, -572377, 366 
1719906755116.00, 50067, -571338, 366 
1719906755138.00, 51294, -570257, 385 
1719906755160.00, 53027, -569157, 401 
1719906755183.00, 55245, -567998, 395 
1719906755203.00, 56103, -566797, 413 
1719906755224.00, 57621, -565587, 449 
1719906755246.00, 60614, -564326, 433 
1719906755268.00, 61379, -563018, 425 
1719906755292.00, 61553, -561678, 443 
1719906755311.00, 62605, -560342, 463 
1719906755333.00, 64273, -558993, 465 
1719906755354.00, 65434, -557583, 470 
1719906755376.00, 66638, -556177, 481 
1719906755399.00, 67813, -554724, 488 
1719906755419.00, 68903, -553260, 488 
1719906755441.00, 69547, -551765, 469 
1719906755462.00, 68774, -550259, 482 
1719906755484.00, 69232, -548764, 465 
1719906755511.00, 68552, -547258, 471 
1719906755527.00, 68402, -545789, 458 
1719906755549.00, 67270, -544303, 451 
1719906755571.00, 66045, -542858, 455 
1719906755592.00, 65635, -541401, 448 
1719906755614.00, 65274, -539988, 443 
1719906755636.00, 64515, -538576, 410 
1719906755657.00, 62112, -537182, 415 
1719906755679.00, 61052, -535840, 410 
1719906755700.00, 60019, -534514, 402 
1719906755722.00, 58753, -533223, 388 
1719906755743.00, 57210, -531935, 372 
1719906755766.00, 55266, -530701, 366 
1719906755787.00, 53960, -529511, 352 
1719906755808.00, 52319, -528327, 359 
1719906755831.00, 51568, -527208, 356 
1719906755852.00, 50978, -526092, 342 
1719906755874.00, 49827, -524971, 350 
1719906755895.00, 49727, -523898, 353 
1719906755917.00, 49717, -522826, 341 
1719906755939.00, 48885, -521735, 347 
1719906755960.00, 48838, -520683, 338 
1719906755982.00, 48502, -519630, 326 
1719906756003.00, 47358, -518571, 326 
1719906756025.00, 46535, -517549, 319 
1719906756047.00, 45814, -516546, 298 
1719906756068.00, 44100, -515538, 290 
1719906756092.00, 42540, -514577, 289 
1719906756112.00, 41874, -513665, 290 
1719906756134.00, 41380, -512755, 287 
1719906756155.00, 40652, -511860, 276 
1719906756177.00, 39528, -510984, 278 
1719906756198.00, 39188, -510133, 256 
1719906756219.00, 37374, -509271, 244 
1719906756241.00, 35847, -508452, 217 
1719906756263.00, 33310, -507682, 182 
1719906756285.00, 29791, -506971, 135 
1719906756307.00, 24854, -506325, 97 
1719906756328.00, 19530, -505782, 74 
1719906756350.00, 14975, -505353, 45 
1719906756370.00, 10557, -505031, 7 
1719906756393.00, 5228, -504799, -13 
1719906756414.00, 1261, -504684, -37 
1719906756436.00, -1956, -504655, -65 
1719906756457.00, -5858, -504691, -91 
1719906756478.00, -9741, -504813, -112 
1719906756504.00, -13407, -505021, -137 
1719906756521.00, -17176, -505310, -177 
1719906756544.00, -22030, -505679, -207 
1719906756565.00, -26647, -506150, -219 
1719906756587.00, -29712, -506724, -230 
1719906756609.00, -32208, -507363, -247 
1719906756630.00, -34784, -508052, -253 
1719906756652.00, -36496, -508806, -259 
1719906756674.00, -37692, -509605, -259 
1719906756695.00, -38558, -510428, -266 
1719906756718.00, -39595, -511253, -283 
1719906756738.00, -40847, -512108, -290 
1719906756759.00, -42121, -513001, -283 
1719906756782.00, -42613, -513913, -296 
1719906756803.00, -43647, -514827, -287 
1719906756825.00, -43788, -515776, -284 
1719906756847.00, -43287, -516736, -284 
1719906756868.00, -43171, -517665, -283 
1719906756890.00, -42628, -518602, -278 
1719906756911.00, -41983, -519539, -278 
1719906756936.00, -41765, -520451, -284 
1719906756955.00, -41912, -521349, -278 
1719906756976.00, -41811, -522265, -275 
1719906756998.00, -41507, -523185, -274 
1719906757020.00, -41302, -524075, -273 
1719906757044.00, -40869, -524967, -266 
1719906757063.00, -40311, -525863, -265 
1719906757085.00, -39920, -526742, -275 
1719906757106.00, -40287, -527599, -273 
1719906757128.00, -40085, -528472, -272 
1719906757149.00, -40089, -529354, -276 
1719906757171.00, -40515, -530222, -283 
1719906757193.00, -41060, -531089, -276 
1719906757215.00, -41188, -531980, -279 
1719906757237.00, -41153, -532879, -285 
1719906757264.00, -41471, -533765, -288 
1719906757279.00, -41806, -534661, -284 
1719906757301.00, -41757, -535571, -290 
1719906757322.00, -42065, -536486, -297 
1719906757344.00, -42579, -537382, -294 
1719906757366.00, -42715, -538302, -293 
1719906757388.00, -42836, -539240, -296 
1719906757409.00, -42958, -540162, -305 
1719906757431.00, -43573, -541088, -294 
1719906757452.00, -43201, -542039, -283 
1719906757474.00, -42235, -542985, -300 
1719906757495.00, -42813, -543894, -286 
1719906757517.00, -42427, -544818, -275 
1719906757539.00, -41553, -545739, -274 
1719906757561.00, -40902, -546636, -283 
1719906757586.00, -40787, -547513, -277 
1719906757603.00, -40463, -548407, -271 
1719906757626.00, -39866, -549293, -279 
1719906757647.00, -39978, -550153, -281 
1719906757669.00, -40006, -551019, -278 
1719906757693.00, -39983, -551892, -276 
1719906757714.00, -39714, -552765, -292 
1719906757734.00, -40655, -553618, -277 
1719906757755.00, -40288, -554498, -279 
1719906757777.00, -40257, -555377, -273 
1719906757799.00, -39911, -556251, -274 
1719906757820.00, -39847, -557105, -252 
1719906757842.00, -38406, -557963, -255 
1719906757864.00, -37814, -558804, -248 
1719906757885.00, -37065, -559619, -270 
1719906757906.00, -37996, -560412, -268 
1719906757928.00, -38112, -561226, -267 
1719906757950.00, -38350, -562061, -266 
1719906757971.00, -38343, -562882, -262 
1719906757993.00, -37907, -563700, -263 
1719906758015.00, -37646, -564524, -270 
1719906758036.00, -38093, -565353, -277 
1719906758058.00, -38650, -566173, -264 
1719906758080.00, -37986, -567005, -270 
1719906758102.00, -38266, -567836, -266 
1719906758123.00, -38033, -568667, -263 
1719906758145.00, -37577, -569487, -247 
1719906758166.00, -36565, -570296, -242 
1719906758188.00, -35481, -571087, -238 
1719906758210.00, -34865, -571866, -237 
1719906758232.00, -34466, -572620, -235 
1719906758253.00, -33755, -573356, -230 
1719906758274.00, -33392, -574095, -241 
1719906758296.00, -33604, -574822, -244 
1719906758317.00, -33789, -575554, -247 
1719906758339.00, -34003, -576284, -255 
1719906758361.00, -34794, -577018, -261 
1719906758383.00, -35365, -577773, -265 
1719906758404.00, -36342, -578550, -270 
1719906758426.00, -37194, -579334, -287 
1719906758448.00, -38698, -580133, -273 
1719906758470.00, -38610, -580973, -270 
1719906758491.00, -38381, -581816, -273 
1719906758512.00, -38485, -582650, -269 
1719906758535.00, -38302, -583479, -267 
1719906758555.00, -37962, -584310, -263 
1719906758577.00, -37411, -585138, -283 
1719906758598.00, -38482, -585954, -281 
1719906758621.00, -39168, -586781, -286 
1719906758643.00, -39592, -587632, -285 
1719906758664.00, -39876, -588494, -287 
1719906758686.00, -40336, -589354, -272 
1719906758707.00, -39791, -590216, -247 
1719906758729.00, -37769, -591079, -231 
1719906758750.00, -35366, -591902, -210 
1719906758772.00, -32961, -592668, -197 
1719906758795.00, -30750, -593382, -189 
1719906758816.00, -17372, -594047, -199 
1719906758837.00, -9623, -594446, -197 
1719906758859.00, -4923, -594665, -235 
1719906758880.00, -2093, -594773, -238 
1719906758903.00, -360, -594821, -216 
1719906758923.00, 40, -594831, -196 
1719906758945.00, 518, -594831, -207 
1719906758967.00, 1090, -594825, -193 
1719906758988.00, 1404, -594803, -156 
1719906759012.00, 1595, -594772, -121 
1719906759032.00, 1656, -594735, -90 
1719906759053.00, 1602, -594698, -58 
1719906759074.00, 1559, -594661, -38 
1719906759096.00, 1506, -594626, -29 
1719906759120.00, 1501, -594592, -17 
1719906759138.00, 1465, -594558, -8 
1719906759160.00, 1416, -594527, -3 
1719906759182.00, 1348, -594496, -2 
1719906759203.00, 1299, -594468, 10 
1719906759228.00, 0, -594438, 4 
1719906759246.00, 443, -594435, 1 
1719906759267.00, 218, -594428, 5 
1719906759287.00, 74, -594424, 5 
1719906759309.00, 62, -594421, 5 
1719906759335.00, 33, -594420, 5 
1719906759352.00, 56, -594420, 6 
1719906759373.00, 68, -594421, 4 
1719906759394.00, -4, -594420, 4 
1719906759415.00, -5, -594419, 5 
1719906759436.00, 0, -594418, 6 
1719906759457.00, 0, -594419, 4 
1719906759478.00, 42, -594419, 5 
1719906759499.00, 17, -594419, 5 
1719906759521.00, 12, -594418, 5 
1719906759542.00, 2, -594418, 5 
1719906759563.00, 0, -594419, 5 
1719906759584.00, 0, -594418, 5 
1719906759605.00, 0, -594417, 5 
1719906759626.00, 0, -594418, 5 
1719906759647.00, 0, -594419, 5 
1719906759668.00, 0, -594417, 6 
1719906759689.00, -17, -594419, 5 
1719906759710.00, 0, -594419, 5 
1719906759731.00, 0, -594418, 5 
1719906759752.00, 0, -594417, 5 
1719906759774.00, 0, -594419, 5 
1719906759794.00, 0, -594417, 5 
1719906759815.00, 0, -594418, 5 
1719906759836.00, 0, -594417, 5 
1719906759857.00, 0, -594418, 5 
1719906759882.00, 0, -594417, 5 
1719906759899.00, 0, -594418, 5 
1719906759920.00, 0, -594418, 5 
1719906759941.00, -55, -594418, 5 
1719906759963.00, 0, -594417, 5 
1719906759984.00, 0, -594418, 5 
1719906760004.00, 0, -594417, 5 
1719906760025.00, 0, -594418, 5 
1719906760046.00, 0, -594417, 5 
1719906760068.00, 18, -594417, 5 
1719906760089.00, 0, -594417, 5 
1719906760110.00, 0, -594417, 5 
1719906760131.00, 0, -594417, 5 
1719906760152.00, 0, -594418, 5 
1719906760173.00, 0, -594417, 5 
1719906760194.00, 0, -594416, 5 
1719906760215.00, 33, -594418, 5 
1719906760236.00, -4, -594417, 5 
1719906760257.00, 0, -594418, 5 
1719906760278.00, 0, -594417, 5 
1719906760299.00, 0, -594416, 5 
1719906760320.00, 0, -594418, 5 
1719906760341.00, 0, -594417, 5 
1719906760362.00, 0, -594418, 5 
1719906760383.00, 7, -594417, 5 
1719906760404.00, 0, -594418, 5 
1719906760427.00, 0, -594416, 5 
1719906760446.00, 14, -594416, 5 
1719906760468.00, 0, -594417, 5 
1719906760488.00, 0, -594417, 5 
1719906760510.00, 0, -594417, 5 
1719906760531.00, 7, -594418, 5 
1719906760552.00, 0, -594416, 5 
1719906760573.00, 0, -594417, 5 
1719906760594.00, 0, -594417, 5 
1719906760615.00, 0, -594417, 5 
1719906760636.00, 0, -594417, 5 
1719906760657.00, 0, -594418, 5 
1719906760677.00, 0, -594416, 5 
1719906760699.00, 0, -594416, 5 
1719906760720.00, 0, -594417, 5 
1719906760742.00, 1, -594418, 5 
1719906760766.00, 0, -594417, 5 
1719906760783.00, 0, -594417, 5 
1719906760805.00, 0, -594416, 5 
1719906760825.00, 0, -594417, 5 
1719906760846.00, 0, -594417, 5 
1719906760871.00, 0, -594418, 5 
1719906760888.00, -28, -594417, 5 
1719906760910.00, 1, -594416, 5 
1719906760931.00, 0, -594417, 5 
1719906760952.00, 0, -594417, 5 
1719906760973.00, 0, -594417, 5 
1719906760994.00, 0, -594417, 5 
1719906761015.00, 4, -594417, 5 
1719906761036.00, 0, -594417, 5 
1719906761057.00, 0, -594416, 5 
1719906761077.00, 0, -594417, 5 
1719906761099.00, 0, -594417, 5 
1719906761120.00, 0, -594417, 5 
1719906761141.00, 0, -594417, 5 
1719906761162.00, -1, -594418, 5 
1719906761183.00, 0, -594417, 5 
1719906761204.00, 0, -594416, 5 
1719906761225.00, 0, -594418, 5 
1719906761246.00, 0, -594417, 5 
1719906761267.00, 0, -594417, 5 
1719906761288.00, 0, -594418, 5 
1719906761309.00, 6, -594416, 5 
1719906761330.00, 0, -594417, 5 
1719906761351.00, 0, -594417, 5 
1719906761372.00, 0, -594417, 5 
1719906761393.00, 0, -594417, 5 
1719906761418.00, 0, -594417, 5 
1719906761435.00, 0, -594417, 5 
1719906761456.00, 0, -594417, 5 
1719906761477.00, 0, -594417, 5 
1719906761499.00, 33, -594417, 5 
1719906761520.00, 0, -594417, 5 
1719906761540.00, 0, -594417, 5 
1719906761561.00, 0, -594417, 5 
1719906761582.00, 0, -594416, 5 
1719906761603.00, 0, -594417, 5 
1719906761624.00, 5, -594417, 5 
1719906761646.00, 0, -594417, 5 
1719906761666.00, 0, -594416, 5 
1719906761687.00, 0, -594416, 5 
1719906761709.00, 0, -594417, 5 
1719906761729.00, 0, -594417, 5 
1719906761751.00, 0, -594416, 5 
1719906761772.00, 0, -594417, 5 
1719906761793.00, 0, -594417, 5 
1719906761813.00, 0, -594418, 5 
1719906761835.00, 24, -594417, 5 
1719906761856.00, 0, -594416, 5 
1719906761877.00, 0, -594416, 5 
1719906761899.00, 0, -594416, 5 
1719906761919.00, 0, -594416, 5 
1719906761940.00, 0, -594417, 5 
1719906761964.00, 0, -594417, 5 
1719906761982.00, 0, -594416, 5 
1719906762003.00, 0, -594417, 5 
1719906762025.00, 0, -594416, 5 
1719906762046.00, 0, -594417, 5 
1719906762067.00, 1, -594416, 5 
1719906762088.00, 1, -594416, 5 
1719906762109.00, 0, -594416, 5 
1719906762129.00, 0, -594416, 5 
1719906762151.00, 0, -594417, 5 
1719906762172.00, 0, -594416, 5 
1719906762193.00, -3, -594418, 5 
1719906762214.00, 0, -594416, 5 
1719906762235.00, 0, -594417, 5 
1719906762255.00, 0, -594417, 5 
1719906762277.00, 0, -594416, 5 
1719906762298.00, 0, -594416, 5 
1719906762319.00, 0, -594416, 5 
1719906762340.00, 0, -594417, 5 
1719906762361.00, 13, -594417, 5 
1719906762382.00, 0, -594416, 5 
1719906762406.00, 0, -594416, 5 
1719906762424.00, 0, -594416, 5 
1719906762445.00, 0, -594417, 5 
1719906762467.00, 0, -594416, 5 
1719906762488.00, 0, -594417, 5 
1719906762513.00, 0, -594417, 5 
1719906762530.00, 0, -594416, 5 
1719906762550.00, 0, -594417, 5 
1719906762571.00, 0, -594418, 5 
1719906762593.00, 0, -594416, 5 
1719906762616.00, 5, -594417, 5 
1719906762634.00, 0, -594417, 5 
1719906762655.00, 0, -594416, 5 
1719906762677.00, 0, -594416, 5 
1719906762698.00, 0, -594417, 5 
1719906762719.00, 0, -594416, 5 
1719906762740.00, 0, -594416, 5 
1719906762761.00, 0, -594416, 5 
1719906762782.00, 0, -594417, 5 
1719906762803.00, 0, -594417, 5 
1719906762824.00, 0, -594416, 5 
1719906762844.00, 0, -594416, 5 
1719906762866.00, 1, -594416, 5 
1719906762887.00, 0, -594416, 5 
1719906762908.00, 0, -594417, 5 
1719906762930.00, 0, -594417, 5 
1719906762957.00, 0, -594416, 5 
1719906762971.00, 0, -594417, 5 
1719906762993.00, 0, -594416, 5 
1719906763013.00, 1, -594417, 5 
1719906763034.00, 0, -594416, 5 
1719906763055.00, 0, -594417, 5 
1719906763077.00, 0, -594416, 5 
1719906763098.00, 0, -594417, 5 
1719906763118.00, 0, -594416, 5 
1719906763139.00, 0, -594416, 5 
1719906763160.00, 0, -594417, 5 
1719906763181.00, 0, -594416, 5 
1719906763203.00, 0, -594417, 5 
1719906763224.00, 0, -594416, 5 
1719906763244.00, -5, -594417, 5 
1719906763266.00, -66, -594416, 5 
1719906763287.00, 0, -594417, 5 
1719906763307.00, 0, -594417, 5 
1719906763329.00, 0, -594416, 5 
1719906763350.00, 0, -594417, 5 
1719906763371.00, 0, -594416, 5 
1719906763392.00, 0, -594417, 5 
1719906763414.00, 0, -594417, 5 
1719906763434.00, 0, -594416, 5 
1719906763455.00, 0, -594416, 5 
1719906763476.00, 0, -594416, 5 
1719906763505.00, 0, -594415, 5 
1719906763518.00, 0, -594416, 5 
1719906763539.00, 0, -594416, 5 
1719906763560.00, 0, -594415, 5 
1719906763581.00, 0, -594416, 5 
1719906763607.00, 0, -594416, 5 
1719906763623.00, 0, -594416, 5 
1719906763644.00, 0, -594417, 5 
1719906763665.00, 66, -594417, 5 
1719906763687.00, 0, -594416, 5 
1719906763711.00, 0, -594417, 5 
1719906763729.00, 13, -594416, 5 
1719906763749.00, 0, -594417, 5 
1719906763771.00, 0, -594415, 5 
1719906763792.00, 0, -594416, 5 
1719906763813.00, 0, -594417, 5 
1719906763834.00, 0, -594416, 5 
1719906763855.00, 0, -594416, 5 
1719906763876.00, 0, -594416, 5 
1719906763897.00, 0, -594415, 5 
1719906763917.00, 0, -594416, 5 
1719906763939.00, 0, -594416, 5 
1719906763960.00, -5, -594416, 5 
1719906763981.00, 36, -594416, 5 
1719906764002.00, 0, -594417, 5 
1719906764023.00, 0, -594415, 5 
1719906764044.00, 0, -594416, 5 
1719906764065.00, 0, -594416, 5 
1719906764086.00, 0, -594416, 5 
1719906764107.00, 0, -594417, 5 
1719906764128.00, 3, -594416, 5 
1719906764152.00, 0, -594416, 5 
1719906764170.00, 0, -594416, 5 
1719906764192.00, 0, -594416, 5 
1719906764212.00, 0, -594416, 5 
1719906764233.00, 0, -594416, 5 
1719906764254.00, 0, -594417, 5 
1719906764276.00, -47, -594417, 5 
1719906764297.00, 0, -594416, 5 
1719906764318.00, 0, -594416, 5 
1719906764339.00, 0, -594416, 5 
1719906764360.00, -9, -594416, 5 
1719906764381.00, 0, -594417, 5 
1719906764402.00, 0, -594416, 5 
1719906764423.00, 0, -594416, 5 
1719906764444.00, 62, -594416, 5 
1719906764465.00, 0, -594416, 5 
1719906764487.00, -23, -594416, 5 
1719906764507.00, 0, -594417, 5 
1719906764528.00, 0, -594416, 5 
1719906764550.00, -50, -594415, 5 
1719906764570.00, 0, -594416, 5 
1719906764591.00, 0, -594416, 5 
1719906764612.00, 0, -594416, 5 
1719906764633.00, 0, -594416, 5 
1719906764654.00, 0, -594416, 5 
1719906764676.00, 0, -594416, 5 
1719906764701.00, 0, -594416, 5 
1719906764718.00, 0, -594417, 5 
1719906764739.00, 0, -594416, 5 
1719906764759.00, 0, -594415, 5 
1719906764780.00, 0, -594416, 5 
1719906764802.00, 0, -594416, 5 
1719906764823.00, 0, -594417, 5 
1719906764844.00, 0, -594416, 5 
1719906764864.00, -29, -594416, 5 
1719906764885.00, 0, -594416, 5 
1719906764906.00, 0, -594415, 5 
1719906764928.00, 0, -594417, 5 
1719906764949.00, 0, -594415, 5 
1719906764970.00, 0, -594416, 5 
1719906764991.00, 0, -594416, 5 
1719906765012.00, 0, -594416, 5 
1719906765034.00, 0, -594415, 5 
1719906765054.00, 0, -594416, 5 
1719906765075.00, 0, -594416, 5 
1719906765096.00, 0, -594417, 5 
1719906765117.00, 0, -594416, 5 
1719906765138.00, 0, -594416, 5 
1719906765159.00, 0, -594416, 5 
1719906765180.00, 28, -594416, 5 
1719906765202.00, 0, -594416, 5 
1719906765223.00, 0, -594415, 5 
1719906765243.00, 0, -594416, 5 
1719906765264.00, 0, -594416, 5 
1719906765286.00, 0, -594416, 5 
1719906765306.00, 0, -594416, 5 
1719906765327.00, 0, -594416, 5 
1719906765350.00, 0, -594416, 5 
1719906765370.00, 0, -594416, 5 
1719906765391.00, 0, -594415, 5 
1719906765412.00, 0, -594416, 5 
1719906765433.00, 0, -594415, 5 
1719906765454.00, 0, -594416, 5 
1719906765474.00, 0, -594416, 5 
1719906765496.00, 0, -594416, 5 
1719906765517.00, 0, -594416, 5 
1719906765538.00, 0, -594417, 5 
1719906765559.00, 0, -594416, 5 
1719906765579.00, 0, -594416, 5 
1719906765601.00, 0, -594417, 5 
1719906765622.00, 0, -594417, 5 
1719906765643.00, 0, -594416, 5 
1719906765663.00, 0, -594417, 5 
1719906765688.00, 0, -594417, 5 
1719906765706.00, 0, -594416, 5 
1719906765727.00, 0, -594416, 5 
1719906765748.00, 0, -594416, 5 
1719906765769.00, 0, -594416, 5 
1719906765791.00, 0, -594416, 5 
1719906765811.00, 1, -594416, 5 
1719906765833.00, 0, -594416, 5 
1719906765853.00, -3, -594417, 5 
1719906765874.00, -50, -594416, 5 
1719906765897.00, 0, -594416, 5 
1719906765917.00, 0, -594416, 5 
1719906765937.00, 0, -594416, 5 
1719906765958.00, 0, -594416, 5 
1719906765980.00, 0, -594417, 5 
1719906766000.00, 0, -594416, 5 
1719906766021.00, 0, -594416, 5 
1719906766043.00, 0, -594417, 5 
1719906766064.00, 0, -594416, 5 
1719906766084.00, 0, -594417, 5 
1719906766106.00, 0, -594415, 5 
1719906766127.00, 0, -594416, 5 
1719906766147.00, 0, -594416, 5 
1719906766168.00, 0, -594416, 5 
1719906766190.00, 0, -594417, 5 
1719906766211.00, 0, -594417, 5 
1719906766232.00, 0, -594415, 5 
1719906766253.00, 0, -594416, 5 
1719906766274.00, 0, -594416, 5 
1719906766295.00, 0, -594416, 5 
1719906766315.00, 0, -594415, 5 
1719906766340.00, 0, -594416, 5 
1719906766358.00, 0, -594416, 5 
1719906766379.00, 0, -594416, 5 
1719906766400.00, 0, -594416, 5 
1719906766420.00, 0, -594417, 5 
1719906766442.00, 0, -594415, 5 
1719906766463.00, 0, -594415, 5 
1719906766483.00, 0, -594417, 5 
1719906766505.00, 0, -594416, 5 
1719906766526.00, 0, -594416, 5 
1719906766547.00, 0, -594415, 5 
1719906766568.00, 0, -594417, 5 
1719906766589.00, 0, -594416, 5 
1719906766610.00, 0, -594416, 5 
1719906766631.00, 0, -594416, 5 
1719906766652.00, 0, -594416, 5 
1719906766673.00, 0, -594415, 5 
1719906766694.00, 0, -594416, 5 
1719906766715.00, 0, -594417, 5 
1719906766736.00, 0, -594416, 5 
1719906766757.00, 0, -594416, 5 
1719906766778.00, 0, -594416, 5 
1719906766800.00, 0, -594415, 5 
1719906766820.00, 0, -594415, 5 
1719906766842.00, 0, -594416, 5 
1719906766862.00, 0, -594416, 5 
1719906766888.00, 0, -594416, 5 
1719906766905.00, 0, -594416, 5 
1719906766926.00, 0, -594416, 5 
1719906766947.00, 0, -594416, 5 
1719906766968.00, 0, -594417, 5 
1719906766993.00, 0, -594416, 5 
1719906767010.00, 0, -594416, 5 
1719906767031.00, 0, -594416, 5 
1719906767052.00, 0, -594416, 5 
1719906767073.00, 0, -594416, 5 
1719906767094.00, 0, -594416, 5 
1719906767114.00, 0, -594416, 5 
1719906767136.00, 0, -594415, 5 
1719906767157.00, 0, -594416, 5 
1719906767178.00, 0, -594416, 5 
1719906767199.00, 0, -594416, 5 
1719906767220.00, 0, -594416, 5 
1719906767241.00, 0, -594415, 5 
1719906767262.00, 0, -594416, 5 
1719906767283.00, 0, -594416, 5 
1719906767304.00, 0, -594416, 5 
1719906767325.00, 0, -594417, 5 
1719906767346.00, 0, -594416, 5 
1719906767367.00, 0, -594416, 5 
1719906767388.00, 0, -594416, 5 
1719906767409.00, 0, -594416, 5 
1719906767431.00, 0, -594416, 5 
1719906767451.00, 0, -594417, 5 
1719906767472.00, 0, -594416, 5 
1719906767493.00, 0, -594415, 5 
1719906767514.00, 0, -594416, 5 
1719906767535.00, 0, -594417, 5 
1719906767556.00, 0, -594416, 5 
1719906767577.00, 0, -594416, 5 
1719906767599.00, 0, -594417, 5 
1719906767620.00, 0, -594417, 5 
1719906767640.00, 0, -594415, 5 
1719906767662.00, 0, -594416, 5 
1719906767683.00, 0, -594416, 5 
1719906767704.00, 0, -594416, 5 
1719906767725.00, 0, -594417, 5 
1719906767746.00, 0, -594416, 5 
1719906767767.00, 0, -594416, 5 
1719906767788.00, 0, -594416, 5 
1719906767809.00, 0, -594417, 5 
1719906767829.00, 0, -594416, 5 
1719906767850.00, 0, -594416, 5 
1719906767872.00, 0, -594416, 5 
1719906767893.00, 0, -594416, 5 
1719906767914.00, 0, -594416, 5 
1719906767935.00, 0, -594416, 5 
1719906767956.00, 0, -594416, 5 
1719906767984.00, 0, -594416, 5 
1719906767998.00, 0, -594416, 5 
1719906768019.00, 0, -594416, 5 
1719906768040.00, 0, -594416, 5 
1719906768061.00, 0, -594416, 5 
1719906768082.00, 0, -594416, 5 
1719906768103.00, 0, -594416, 5 
1719906768124.00, 0, -594416, 5 
1719906768145.00, 0, -594416, 5 
1719906768166.00, 0, -594416, 5 
1719906768187.00, 0, -594416, 5 
1719906768208.00, 0, -594416, 5 
1719906768229.00, 0, -594417, 5 
1719906768250.00, 0, -594416, 5 
1719906768271.00, 0, -594416, 5 
1719906768291.00, 0, -594416, 5 
1719906768317.00, 0, -594416, 5 
1719906768334.00, 0, -594416, 5 
1719906768355.00, 0, -594417, 5 
1719906768376.00, 0, -594416, 5 
1719906768397.00, 0, -594416, 5 
1719906768419.00, 0, -594416, 5 
1719906768439.00, 0, -594417, 5 
1719906768460.00, 0, -594416, 5 
1719906768482.00, 0, -594415, 5 
1719906768503.00, 0, -594416, 5 
1719906768526.00, 0, -594415, 5 
1719906768545.00, 0, -594417, 5 
1719906768566.00, 0, -594415, 5 
1719906768587.00, 0, -594416, 5 
1719906768608.00, 0, -594416, 5 
1719906768629.00, 0, -594417, 5 
1719906768650.00, 0, -594417, 5 
1719906768670.00, 0, -594416, 5 
1719906768692.00, 0, -594416, 5 
1719906768713.00, 0, -594416, 5 
1719906768734.00, 0, -594416, 5 
1719906768755.00, 0, -594416, 5 
1719906768776.00, 0, -594416, 5 
1719906768797.00, 0, -594417, 5 
1719906768818.00, 0, -594415, 5 
1719906768839.00, 0, -594416, 5 
1719906768860.00, 0, -594416, 5 
1719906768880.00, 0, -594416, 5 
1719906768902.00, 0, -594416, 5 
1719906768923.00, 0, -594416, 5 
1719906768944.00, 0, -594416, 5 
1719906768966.00, 0, -594416, 5 
1719906768986.00, 0, -594416, 5 
1719906769007.00, 0, -594417, 5 
1719906769028.00, 0, -594416, 5 
1719906769049.00, 0, -594417, 5 
1719906769075.00, 0, -594416, 5 
1719906769091.00, 0, -594417, 5 
1719906769112.00, 0, -594416, 5 
1719906769133.00, -72, -594415, 5 
1719906769154.00, 44, -594415, 5 
1719906769176.00, 0, -594416, 5 
1719906769197.00, 0, -594416, 5 
1719906769218.00, 0, -594417, 5 
1719906769239.00, 0, -594417, 5 
1719906769259.00, 0, -594417, 5 
1719906769281.00, 0, -594416, 5 
1719906769302.00, 0, -594416, 5 
1719906769322.00, 0, -594416, 5 
1719906769345.00, 0, -594416, 5 
1719906769365.00, 0, -594416, 5 
1719906769386.00, 0, -594416, 5 
1719906769407.00, 0, -594416, 5 
1719906769427.00, 0, -594417, 5 
1719906769449.00, 0, -594416, 5 
1719906769470.00, 0, -594416, 5 
1719906769491.00, 0, -594415, 5 
1719906769511.00, 0, -594416, 5 
1719906769533.00, 0, -594416, 5 
1719906769554.00, 0, -594417, 5 
1719906769575.00, 0, -594416, 5 
1719906769596.00, 0, -594416, 5 
1719906769617.00, 0, -594416, 5 
1719906769638.00, 0, -594416, 5 
1719906769659.00, 0, -594416, 5 
1719906769680.00, 0, -594416, 5 
1719906769701.00, 0, -594417, 5 
1719906769725.00, 0, -594415, 5 
1719906769743.00, 0, -594416, 5 
1719906769764.00, 0, -594416, 5 
1719906769785.00, 0, -594416, 5 
1719906769807.00, 0, -594417, 5 
1719906769827.00, 0, -594416, 5 
1719906769848.00, 0, -594416, 5 
1719906769869.00, 0, -594417, 5 
1719906769891.00, 0, -594416, 5 
1719906769912.00, 0, -594417, 5 
1719906769933.00, 0, -594416, 5 
1719906769954.00, 0, -594417, 5 
1719906769975.00, 0, -594416, 5 
1719906769995.00, 0, -594416, 5 
1719906770017.00, 0, -594416, 5 
1719906770038.00, 0, -594416, 5 
1719906770058.00, 0, -594416, 5 
1719906770080.00, 0, -594416, 5 
1719906770101.00, 0, -594416, 5 
1719906770121.00, 0, -594416, 5 
1719906770143.00, 0, -594416, 5 
1719906770163.00, 0, -594416, 5 
1719906770184.00, 0, -594417, 5 
1719906770206.00, 0, -594415, 5 
1719906770227.00, 0, -594416, 5 
1719906770248.00, 0, -594416, 5 
1719906770269.00, 0, -594416, 5 
1719906770290.00, 0, -594416, 5 
1719906770311.00, 0, -594416, 5 
1719906770332.00, 0, -594416, 5 
1719906770352.00, 0, -594415, 5 
1719906770374.00, 0, -594416, 5 
1719906770395.00, 0, -594416, 5 
1719906770416.00, 0, -594416, 5 
1719906770437.00, 0, -594417, 5 
1719906770458.00, 0, -594416, 5 
1719906770479.00, 0, -594416, 5 
1719906770500.00, 0, -594416, 5 
1719906770521.00, 0, -594417, 5 
1719906770542.00, 0, -594416, 5 
1719906770563.00, 0, -594416, 5 
1719906770584.00, 0, -594415, 5 
1719906770607.00, 0, -594416, 5 
1719906770626.00, 0, -594416, 5 
1719906770648.00, 0, -594416, 5 
1719906770668.00, 0, -594417, 5 
1719906770690.00, 0, -594417, 5 
1719906770713.00, 0, -594416, 5 
1719906770731.00, 0, -594416, 5 
1719906770753.00, 0, -594417, 5 
1719906770774.00, 0, -594415, 5 
1719906770795.00, 0, -594416, 5 
1719906770816.00, 0, -594417, 5 
1719906770836.00, 0, -594416, 5 
1719906770858.00, 0, -594416, 5 
1719906770879.00, 0, -594415, 5 
1719906770899.00, 0, -594416, 5 
1719906770921.00, 0, -594416, 5 
1719906770942.00, 0, -594417, 5 
1719906770963.00, 0, -594416, 5 
1719906770984.00, 0, -594416, 5 
1719906771005.00, 0, -594416, 5 
1719906771025.00, 0, -594416, 5 
1719906771047.00, 0, -594416, 5 
1719906771068.00, 0, -594417, 5 
1719906771089.00, 0, -594416, 5 
1719906771110.00, 0, -594416, 5 
1719906771131.00, 0, -594417, 5 
1719906771155.00, 0, -594417, 5 
1719906771173.00, 0, -594416, 5 
1719906771194.00, 0, -594416, 5 
1719906771215.00, 0, -594416, 5 
1719906771236.00, 0, -594416, 5 
1719906771260.00, 0, -594417, 5 
1719906771278.00, 0, -594416, 5 
1719906771299.00, 0, -594416, 5 
1719906771320.00, 0, -594416, 5 
1719906771341.00, 0, -594416, 5 
1719906771363.00, 0, -594417, 5 
1719906771383.00, 0, -594416, 5 
1719906771404.00, 0, -594417, 5 
1719906771425.00, 0, -594417, 5 
1719906771447.00, 0, -594416, 5 
1719906771467.00, 0, -594416, 5 
1719906771489.00, 0, -594417, 5 
1719906771510.00, 0, -594416, 5 
1719906771530.00, 0, -594416, 5 
1719906771551.00, 0, -594416, 5 
1719906771572.00, 0, -594416, 5 
1719906771593.00, 0, -594416, 5 
1719906771614.00, 0, -594416, 5 
1719906771636.00, 0, -594417, 5 
1719906771657.00, 0, -594416, 5 
1719906771678.00, 0, -594416, 5 
1719906771702.00, 0, -594417, 5 
1719906771720.00, 0, -594416, 5 
1719906771741.00, 0, -594416, 5 
1719906771762.00, 0, -594416, 5 
1719906771782.00, 0, -594417, 5 
1719906771808.00, 0, -594417, 5 
1719906771825.00, 0, -594416, 5 
1719906771846.00, 0, -594416, 5 
1719906771867.00, 0, -594417, 5 
1719906771888.00, 0, -594416, 5 
1719906771913.00, 0, -594416, 5 
1719906771930.00, 0, -594416, 5 
1719906771951.00, 0, -594416, 5 
1719906771972.00, 0, -594416, 5 
1719906771993.00, 0, -594416, 5 
1719906772014.00, 0, -594416, 5 
1719906772035.00, 0, -594416, 5 
1719906772056.00, 0, -594417, 5 
1719906772077.00, 0, -594416, 5 
1719906772098.00, 0, -594416, 5 
1719906772119.00, 0, -594416, 5 
1719906772140.00, 0, -594416, 5 
1719906772160.00, 0, -594416, 5 
1719906772182.00, 0, -594415, 5 
1719906772203.00, 0, -594416, 5 
1719906772224.00, 0, -594417, 5 
1719906772246.00, 0, -594416, 5 
1719906772266.00, 0, -594416, 5 
1719906772287.00, 0, -594416, 5 
1719906772308.00, 0, -594417, 5 
1719906772329.00, 0, -594416, 5 
1719906772353.00, 0, -594416, 5 
1719906772372.00, 0, -594416, 5 
1719906772393.00, 0, -594416, 5 
1719906772414.00, 0, -594416, 5 
1719906772435.00, 0, -594417, 5 
1719906772456.00, 0, -594416, 5 
1719906772476.00, 0, -594417, 5 
1719906772498.00, 0, -594417, 5 
1719906772519.00, 0, -594417, 5 
1719906772540.00, 0, -594416, 5 
1719906772560.00, 0, -594416, 5 
1719906772582.00, 0, -594416, 5 
1719906772603.00, 0, -594416, 5 
1719906772624.00, 0, -594417, 5 
1719906772646.00, 0, -594416, 5 
1719906772666.00, 0, -594417, 5 
1719906772689.00, 0, -594417, 5 
1719906772708.00, 0, -594416, 5 
1719906772729.00, 0, -594416, 5 
1719906772750.00, 0, -594417, 5 
1719906772771.00, 0, -594416, 5 
1719906772794.00, 0, -594416, 5 
1719906772812.00, 0, -594416, 5 
1719906772834.00, 0, -594415, 5 
1719906772855.00, 0, -594416, 5 
1719906772876.00, 0, -594416, 5 
1719906772897.00, 0, -594416, 5 
1719906772918.00, 0, -594416, 5 
1719906772939.00, 0, -594417, 5 
1719906772960.00, 0, -594417, 5 
1719906772981.00, 0, -594416, 5 
1719906773004.00, 0, -594417, 5 
1719906773023.00, 0, -594416, 5 
1719906773044.00, 0, -594416, 5 
1719906773066.00, 0, -594416, 5 
1719906773087.00, 0, -594416, 5 
1719906773107.00, 0, -594416, 5 
1719906773128.00, 0, -594417, 5 
1719906773150.00, 0, -594417, 5 
1719906773171.00, 0, -594416, 5 
1719906773192.00, 0, -594416, 5 
1719906773213.00, 0, -594416, 5 
1719906773234.00, 0, -594416, 5 
1719906773255.00, 0, -594416, 5 
1719906773276.00, 0, -594416, 5 
1719906773297.00, 0, -594416, 5 
1719906773318.00, 0, -594416, 5 
1719906773339.00, 0, -594416, 5 
1719906773359.00, 0, -594417, 5 
1719906773382.00, 0, -594416, 5 
1719906773402.00, 0, -594416, 5 
1719906773423.00, 0, -594416, 5 
1719906773444.00, 0, -594416, 5 
1719906773465.00, 0, -594416, 5 
1719906773485.00, 0, -594417, 5 
1719906773507.00, 0, -594415, 5 
1719906773528.00, 0, -594417, 5 
1719906773551.00, 0, -594416, 5 
1719906773570.00, 0, -594416, 5 
1719906773591.00, 0, -594416, 5 
1719906773612.00, 0, -594416, 5 
1719906773633.00, 0, -594416, 5 
1719906773654.00, 0, -594415, 5 
1719906773675.00, 0, -594417, 5 
1719906773696.00, 0, -594416, 5 
1719906773717.00, 0, -594416, 5 
1719906773738.00, 0, -594416, 5 
1719906773759.00, 0, -594416, 5 
1719906773780.00, 0, -594416, 5 
1719906773801.00, 0, -594417, 5 
1719906773822.00, 0, -594416, 5 
1719906773843.00, 0, -594417, 5 
1719906773865.00, 0, -594416, 5 
1719906773885.00, 0, -594416, 5 
1719906773906.00, 0, -594416, 5 
1719906773927.00, 0, -594416, 5 
1719906773949.00, 0, -594416, 5 
1719906773969.00, 0, -594417, 5 
1719906773992.00, 0, -594416, 5 
1719906774011.00, 0, -594416, 5 
1719906774032.00, 0, -594416, 5 
1719906774053.00, 0, -594416, 5 
1719906774074.00, 0, -594417, 5 
1719906774096.00, 0, -594416, 5 
1719906774116.00, 0, -594417, 5 
1719906774138.00, 0, -594416, 5 
1719906774159.00, 0, -594416, 5 
1719906774180.00, 0, -594416, 5 
1719906774200.00, 0, -594416, 5 
1719906774221.00, 0, -594417, 5 
1719906774243.00, 0, -594416, 5 
1719906774263.00, 0, -594416, 5 
1719906774284.00, 0, -594416, 5 
1719906774306.00, 0, -594416, 5 
1719906774327.00, 0, -594416, 5 
1719906774348.00, 0, -594416, 6 
1719906774369.00, 0, -594417, 5 
1719906774390.00, 0, -594416, 5 
1719906774411.00, 0, -594416, 5 
1719906774436.00, 0, -594417, 5 
1719906774453.00, 0, -594417, 5 
1719906774473.00, 0, -594417, 5 
1719906774496.00, 0, -594416, 5 
1719906774516.00, 0, -594416, 5 
1719906774544.00, 0, -594417, 5 
1719906774558.00, 0, -594415, 5 
1719906774579.00, 0, -594417, 5 
1719906774600.00, 0, -594416, 5 
1719906774621.00, 0, -594416, 5 
1719906774642.00, 0, -594417, 5 
1719906774664.00, 0, -594416, 5 
1719906774684.00, 0, -594415, 5 
1719906774706.00, 0, -594416, 5 
1719906774727.00, 0, -594417, 5 
1719906774748.00, 0, -594416, 5 
1719906774768.00, 0, -594416, 5 
1719906774789.00, 0, -594416, 5 
1719906774810.00, 0, -594417, 5 
1719906774831.00, 0, -594416, 5 
1719906774852.00, 0, -594415, 5 
1719906774882.00, 0, -594417, 5 
1719906774894.00, 0, -594416, 5 
1719906774916.00, 0, -594417, 5 
1719906774937.00, 0, -594416, 5 
1719906774957.00, 0, -594417, 5 
1719906774984.00, 0, -594416, 5 
1719906775000.00, 0, -594416, 5 
1719906775020.00, 0, -594416, 5 
1719906775041.00, 0, -594416, 5 
1719906775063.00, 0, -594417, 5 
1719906775084.00, 0, -594417, 5 
1719906775105.00, 0, -594416, 5 
1719906775126.00, 0, -594417, 5 
1719906775146.00, 0, -594417, 5 
1719906775167.00, 0, -594416, 5 
1719906775189.00, 0, -594417, 5 
1719906775210.00, 0, -594416, 5 
1719906775231.00, 0, -594416, 5 
1719906775252.00, 0, -594415, 5 
1719906775273.00, 0, -594417, 5 
1719906775294.00, 0, -594415, 5 
1719906775315.00, 0, -594416, 5 
1719906775336.00, 0, -594416, 5 
1719906775357.00, 0, -594417, 5 
1719906775378.00, 0, -594416, 5 
1719906775400.00, 0, -594415, 6 
1719906775421.00, 0, -594416, 5 
1719906775441.00, 0, -594416, 5 
1719906775463.00, 0, -594416, 5 
1719906775483.00, 0, -594416, 5 
1719906775504.00, 0, -594416, 5 
1719906775526.00, 0, -594416, 5 
1719906775546.00, 0, -594417, 5 
1719906775567.00, 0, -594416, 5 
1719906775589.00, 0, -594416, 5 
1719906775609.00, 0, -594416, 5 
1719906775631.00, 0, -594416, 5 
1719906775651.00, 0, -594416, 5 
1719906775673.00, 0, -594416, 5 
1719906775693.00, 0, -594416, 5 
1719906775714.00, 0, -594416, 5 
1719906775736.00, 0, -594416, 5 
1719906775756.00, 0, -594416, 5 
1719906775778.00, 0, -594417, 5 
1719906775799.00, 0, -594416, 5 
1719906775820.00, 0, -594416, 4 
1719906775841.00, 0, -594416, 4 
1719906775862.00, 0, -594416, 5 
1719906775882.00, 0, -594416, 5 
1719906775904.00, 0, -594416, 5 
1719906775924.00, 0, -594417, 5 
1719906775946.00, 0, -594416, 6 
1719906775966.00, 0, -594416, 6 
1719906775988.00, 0, -594416, 5 
1719906776008.00, 0, -594416, 5 
1719906776030.00, 0, -594416, 5 
1719906776051.00, 0, -594416, 5 
1719906776076.00, 5, -594416, 5 
1719906776093.00, 0, -594416, 5 
1719906776114.00, 0, -594416, 5 
1719906776135.00, 0, -594415, 5 
1719906776156.00, 0, -594416, 5 
1719906776177.00, 0, -594416, 6 
1719906776198.00, 0, -594416, 6 
1719906776219.00, 0, -594417, 5 
1719906776240.00, 0, -594417, 5 
1719906776261.00, 0, -594416, 5 
1719906776283.00, 0, -594416, 5 
1719906776304.00, 0, -594415, 5 
1719906776325.00, 0, -594416, 5 
1719906776345.00, 0, -594416, 5 
1719906776367.00, 0, -594417, 5 
1719906776388.00, 0, -594416, 5 
1719906776409.00, 0, -594416, 5 
1719906776430.00, 0, -594416, 5 
1719906776451.00, 0, -594415, 5 
1719906776471.00, 0, -594416, 5 
1719906776493.00, 0, -594416, 5 
1719906776513.00, 0, -594416, 5 
1719906776535.00, 0, -594416, 5 
1719906776556.00, 0, -594416, 5 
1719906776577.00, 0, -594416, 5 
1719906776597.00, 0, -594417, 5 
1719906776625.00, 0, -594417, 5 
1719906776640.00, 0, -594416, 5 
1719906776660.00, 0, -594416, 5 
1719906776681.00, 0, -594416, 5 
1719906776703.00, 0, -594416, 5 
1719906776729.00, 0, -594417, 5 
1719906776745.00, 0, -594416, 5 
1719906776766.00, 0, -594416, 5 
1719906776787.00, 6, -594415, 6 
1719906776808.00, -9, -594416, 6 
1719906776829.00, 0, -594415, 5 
1719906776851.00, 2, -594416, 5 
1719906776871.00, 0, -594416, 5 
1719906776892.00, -41, -594416, 5 
1719906776914.00, 0, -594416, 5 
1719906776934.00, 0, -594416, 5 
1719906776955.00, 0, -594416, 5 
1719906776976.00, 0, -594416, 5 
1719906776998.00, 0, -594417, 5 
1719906777018.00, 0, -594416, 5 
1719906777039.00, 0, -594416, 6 
1719906777060.00, 0, -594416, 5 
1719906777082.00, 0, -594416, 5 
1719906777102.00, 0, -594415, 5 
1719906777123.00, 0, -594416, 5 
1719906777145.00, 0, -594417, 5 
1719906777168.00, 0, -594416, 5 
1719906777187.00, 0, -594416, 5 
1719906777208.00, 0, -594415, 5 
1719906777229.00, 0, -594417, 5 
1719906777250.00, 0, -594416, 5 
1719906777274.00, 0, -594416, 5 
1719906777292.00, 0, -594416, 5 
1719906777313.00, 0, -594416, 5 
1719906777334.00, 0, -594416, 5 
1719906777355.00, 0, -594416, 5 
1719906777376.00, 0, -594417, 5 
1719906777397.00, 0, -594416, 5 
1719906777418.00, 0, -594416, 5 
1719906777439.00, 0, -594416, 5 
1719906777460.00, 0, -594416, 5 
1719906777481.00, 0, -594416, 5 
1719906777503.00, 0, -594416, 5 
1719906777523.00, 0, -594416, 5 
1719906777544.00, 0, -594416, 5 
1719906777565.00, 0, -594417, 5 
1719906777586.00, 0, -594416, 5 
1719906777609.00, 0, -594415, 5 
1719906777628.00, 0, -594416, 5 
1719906777649.00, 0, -594417, 5 
1719906777671.00, 0, -594416, 5 
1719906777691.00, 0, -594416, 5 
1719906777717.00, 0, -594415, 5 
1719906777734.00, 0, -594417, 5 
1719906777754.00, 0, -594416, 5 
1719906777775.00, 0, -594416, 5 
1719906777796.00, 0, -594416, 5 
1719906777818.00, 0, -594416, 5 
1719906777839.00, 0, -594416, 5 
1719906777860.00, 0, -594416, 5 
1719906777881.00, -10, -594416, 5 
1719906777902.00, 0, -594416, 5 
1719906777923.00, 0, -594417, 5 
1719906777944.00, 0, -594416, 5 
1719906777965.00, 0, -594416, 5 
1719906777986.00, 0, -594417, 5 
1719906778007.00, 0, -594416, 5 
1719906778028.00, 0, -594416, 5 
1719906778049.00, 0, -594417, 5 
1719906778069.00, 0, -594417, 5 
1719906778091.00, 0, -594417, 5 
1719906778112.00, 0, -594416, 5 
1719906778133.00, 0, -594416, 5 
1719906778161.00, 0, -594416, 5 
1719906778175.00, -2, -594416, 5 
1719906778196.00, 0, -594416, 5 
1719906778217.00, 0, -594416, 5 
1719906778239.00, 0, -594417, 5 
1719906778261.00, 0, -594417, 5 
1719906778280.00, 5, -594415, 5 
1719906778301.00, 0, -594416, 5 
1719906778322.00, -5, -594415, 5 
1719906778344.00, -30, -594415, 5 
1719906778365.00, 1, -594416, 5 
1719906778386.00, 0, -594416, 5 
1719906778406.00, 0, -594416, 5 
1719906778428.00, 0, -594417, 5 
1719906778449.00, 0, -594416, 5 
1719906778470.00, 0, -594415, 5 
1719906778491.00, 0, -594416, 5 
1719906778511.00, 0, -594417, 5 
1719906778532.00, 0, -594416, 5 
1719906778553.00, 0, -594416, 5 
1719906778575.00, -8, -594416, 5 
1719906778596.00, 0, -594416, 5 
1719906778617.00, 0, -594416, 5 
1719906778638.00, 0, -594416, 5 
1719906778659.00, 0, -594416, 5 
1719906778679.00, 0, -594416, 5 
1719906778703.00, 0, -594416, 5 
1719906778722.00, 0, -594416, 5 
1719906778743.00, 0, -594416, 5 
1719906778764.00, 0, -594416, 5 
1719906778785.00, 0, -594417, 5 
1719906778808.00, 0, -594416, 5 
1719906778827.00, 0, -594416, 5 
1719906778848.00, 0, -594416, 5 
1719906778869.00, 0, -594416, 5 
1719906778890.00, 0, -594417, 5 
1719906778912.00, 0, -594417, 5 
1719906778933.00, 0, -594415, 5 
1719906778953.00, 0, -594415, 5 
1719906778975.00, 0, -594417, 5 
1719906778996.00, 0, -594416, 5 
1719906779017.00, 0, -594416, 5 
1719906779038.00, 0, -594416, 5 
1719906779059.00, 0, -594416, 5 
1719906779079.00, 0, -594416, 5 
1719906779100.00, 0, -594416, 5 
1719906779121.00, 0, -594416, 5 
1719906779142.00, 0, -594416, 5 
1719906779163.00, 0, -594416, 5 
1719906779185.00, 0, -594417, 5 
1719906779207.00, 0, -594416, 5 
1719906779227.00, 0, -594416, 5 
1719906779247.00, 0, -594416, 5 
1719906779268.00, 0, -594415, 5 
1719906779290.00, 0, -594416, 5 
1719906779310.00, 0, -594416, 5 
1719906779332.00, 0, -594416, 5 
1719906779355.00, 0, -594417, 5 
1719906779374.00, 0, -594416, 5 
1719906779395.00, 0, -594416, 5 
1719906779416.00, 0, -594416, 5 
1719906779437.00, 0, -594417, 5 
1719906779458.00, 0, -594416, 5 
1719906779479.00, 0, -594416, 5 
1719906779500.00, 0, -594417, 5 
1719906779521.00, 0, -594416, 5 
1719906779542.00, 0, -594416, 5 
1719906779563.00, 0, -594416, 5 
1719906779584.00, 0, -594417, 5 
1719906779605.00, 0, -594416, 5 
1719906779626.00, 0, -594416, 5 
1719906779647.00, 0, -594416, 5 
1719906779668.00, 0, -594416, 5 
1719906779690.00, 0, -594416, 5 
1719906779711.00, 0, -594415, 5 
1719906779731.00, 0, -594416, 5 
1719906779752.00, 0, -594416, 5 
1719906779773.00, 0, -594416, 5 
1719906779799.00, 0, -594417, 4 
1719906779815.00, 0, -594416, 4 
1719906779836.00, 0, -594417, 3 
1719906779857.00, 0, -594416, 4 
1719906779879.00, 0, -594416, 4 
1719906779902.00, 0, -594417, 5 
1719906779921.00, 0, -594416, 5 
1719906779941.00, 0, -594416, 5 
1719906779962.00, 0, -594416, 5 
1719906779983.00, 0, -594416, 5 
1719906780007.00, 0, -594416, 6 
1719906780026.00, 0, -594415, 8 
1719906780047.00, 0, -594417, 9 
1719906780067.00, 0, -594416, 4 
1719906780088.00, 0, -594416, 4 
1719906780109.00, 0, -594416, 3 
1719906780130.00, 0, -594416, 2 
1719906780151.00, 0, -594417, 3 
1719906780172.00, 0, -594416, 3 
1719906780194.00, 0, -594416, 5 
1719906780215.00, 0, -594416, 5 
1719906780236.00, 0, -594416, 6 
1719906780257.00, 0, -594415, 5 
1719906780278.00, 0, -594416, 6 
1719906780299.00, 0, -594416, 5 
1719906780320.00, 0, -594416, 6 
1719906780342.00, 0, -594416, 6 
1719906780362.00, 0, -594416, 5 
1719906780383.00, 0, -594416, 6 
1719906780404.00, 0, -594417, 7 
1719906780424.00, 0, -594417, 8 
1719906780450.00, -2, -594416, 9 
1719906780468.00, 0, -594416, 20 
1719906780488.00, 1461, -594416, 26 
1719906780511.00, 2674, -594398, 24 
1719906780531.00, 2964, -594342, 27 
1719906780558.00, 3388, -594278, 16 
1719906780574.00, 2995, -594207, 0 
1719906780595.00, 1696, -594142, -9 
1719906780617.00, 993, -594104, -12 
1719906780639.00, 554, -594084, -14 
1719906780660.00, 329, -594072, -17 
1719906780682.00, 186, -594066, -15 
1719906780703.00, 57, -594062, -8 
1719906780724.00, 40, -594061, -23 
1719906780746.00, 64, -594059, -9 
1719906780767.00, 63, -594056, 22 
1719906780788.00, 1427, -594054, 35 
1719906780810.00, 3098, -594026, 13 
1719906780831.00, 2594, -593964, -8 
1719906780853.00, 1475, -593907, -16 
1719906780874.00, 872, -593872, -14 
1719906780896.00, 526, -593853, 9 
1719906780917.00, 255, -593841, 30 
1719906780938.00, 1913, -593836, 23 
1719906780960.00, 2380, -593798, 3 
1719906780981.00, 1395, -593746, -7 
1719906781002.00, 861, -593713, 7 
1719906781024.00, 613, -593692, 43 
1719906781046.00, 3200, -593669, 123 
1719906781067.00, 9486, -593579, 292 
1719906781089.00, 23428, -593370, 420 
1719906781115.00, 39465, -592863, 747 
1719906781132.00, 68531, -592033, 775 
1719906781153.00, 87514, -590543, 820 
1719906781175.00, 101544, -588645, 976 
1719906781197.00, 119137, -586419, 943 
1719906781219.00, 127380, -583808, 975 
1719906781239.00, 134073, -581037, 1020 
1719906781260.00, 140763, -578089, 1009 
1719906781283.00, 143989, -575006, 1051 
1719906781305.00, 148339, -571857, 1054 
1719906781327.00, 151056, -568622, 1047 
1719906781348.00, 152118, -565314, 1032 
1719906781370.00, 151616, -561987, 1037 
1719906781392.00, 151816, -558671, 1014 
1719906781415.00, 150283, -555371, 996 
1719906781439.00, 148356, -552101, 934 
1719906781458.00, 143308, -548880, 890 
1719906781480.00, 137663, -545763, 872 
1719906781502.00, 133235, -542787, 805 
1719906781524.00, 126364, -539896, 757 
1719906781545.00, 119370, -537159, 725 
1719906781567.00, 113067, -534565, 669 
1719906781589.00, 106114, -532109, 643 
1719906781611.00, 100320, -529821, 621 
1719906781632.00, 95645, -527630, 560 
1719906781655.00, 89048, -525572, 518 
1719906781676.00, 82535, -523651, 521 
1719906781697.00, 78755, -521853, 473 
1719906781718.00, 73732, -520161, 441 
1719906781740.00, 68660, -518553, 405 
1719906781762.00, 63651, -517078, 353 
1719906781783.00, 57473, -515690, 297 
1719906781805.00, 50490, -514451, 251 
1719906781827.00, 43648, -513371, 203 
1719906781849.00, 36646, -512417, 150 
1719906781870.00, 29168, -511628, 94 
1719906781891.00, 21353, -510993, 61 
1719906781912.00, 14733, -510529, 50 
1719906781935.00, 10277, -510205, 50 
1719906781956.00, 7555, -509976, 45 
1719906781981.00, 5669, -509806, 33 
1719906781999.00, 4032, -509675, 24 
1719906782020.00, 2460, -509586, 21 
1719906782042.00, 1416, -509529, 24 
1719906782064.00, 981, -509495, 29 
1719906782089.00, 1139, -509474, 33 
1719906782106.00, 1556, -509450, 33 
1719906782128.00, 1822, -509416, 29 
1719906782149.00, 1684, -509378, 24 
1719906782171.00, 1327, -509340, 20 
1719906782194.00, 879, -509312, 11 
1719906782214.00, 46, -509294, -14 
1719906782235.00, -1385, -509292, -29 
1719906782256.00, -3441, -509315, -59 
1719906782278.00, -6497, -509390, -108 
1719906782301.00, -11174, -509535, -154 
1719906782321.00, -16882, -509772, -154 
1719906782343.00, -20306, -510135, -152 
1719906782365.00, -22034, -510564, -170 
1719906782386.00, -24206, -511037, -192 
1719906782408.00, -26881, -511555, -221 
1719906782430.00, -30027, -512133, -253 
1719906782451.00, -33983, -512790, -280 
1719906782473.00, -37933, -513522, -292 
1719906782494.00, -40792, -514321, -297 
1719906782515.00, -42668, -515201, -272 
1719906782538.00, -42124, -516140, -306 
1719906782559.00, -43934, -517061, -291 
1719906782581.00, -44268, -518003, -279 
1719906782603.00, -43791, -518960, -277 
1719906782624.00, -43071, -519914, -279 
1719906782647.00, -42530, -520832, -269 
1719906782668.00, -41509, -521756, -260 
1719906782689.00, -40594, -522675, -271 
1719906782711.00, -40493, -523559, -277 
1719906782732.00, -41015, -524429, -261 
1719906782754.00, -40436, -525320, -263 
1719906782776.00, -40073, -526202, -267 
1719906782797.00, -40053, -527066, -266 
1719906782819.00, -39835, -527924, -259 
1719906782841.00, -39429, -528794, -263 
1719906782862.00, -39429, -529656, -261 
1719906782883.00, -39348, -530499, -269 
1719906782906.00, -39640, -531346, -274 
1719906782927.00, -40019, -532208, -282 
1719906782949.00, -40634, -533087, -290 
1719906782976.00, -41526, -533959, -288 
1719906782993.00, -42019, -534858, -289 
1719906783014.00, -42255, -535779, -302 
1719906783036.00, -43209, -536696, -306 
1719906783057.00, -43918, -537614, -296 
1719906783079.00, -43874, -538570, -291 
1719906783100.00, -43388, -539523, -288 
1719906783122.00, -42841, -540456, -281 
1719906783144.00, -42063, -541387, -277 
1719906783165.00, -41514, -542311, -277 
1719906783190.00, -40959, -543210, -276 
1719906783208.00, -40853, -544089, -277 
1719906783230.00, -40648, -544970, -278 
1719906783252.00, -40708, -545859, -282 
1719906783273.00, -40858, -546732, -283 
1719906783295.00, -41005, -547613, -283 
1719906783317.00, -41048, -548506, -292 
1719906783338.00, -41613, -549406, -294 
1719906783359.00, -42129, -550297, -284 
1719906783381.00, -41903, -551202, -275 
1719906783406.00, -40972, -552115, -284 
1719906783425.00, -41144, -553005, -286 
1719906783446.00, -41416, -553884, -275 
1719906783468.00, -40813, -554779, -269 
1719906783490.00, -39871, -555669, -281 
1719906783512.00, -40023, -556529, -288 
1719906783533.00, -40659, -557391, -283 
1719906783555.00, -40766, -558275, -277 
1719906783576.00, -40215, -559165, -278 
1719906783598.00, -40051, -560029, -281 
1719906783622.00, -39994, -560896, -280 
1719906783641.00, -40052, -561772, -278 
1719906783662.00, -40086, -562640, -275 
1719906783685.00, -39977, -563493, -275 
1719906783706.00, -39840, -564355, -275 
1719906783728.00, -39909, -565229, -278 
1719906783750.00, -39961, -566088, -282 
1719906783771.00, -40152, -566945, -283 
1719906783793.00, -40184, -567816, -280 
1719906783814.00, -39883, -568695, -282 
1719906783836.00, -39924, -569557, -284 
1719906783858.00, -40168, -570416, -285 
1719906783879.00, -40441, -571286, -292 
1719906783901.00, -40638, -572165, -312 
1719906783922.00, -42201, -573050, -312 
1719906783949.00, -43291, -573963, -310 
1719906783966.00, -43709, -574908, -310 
1719906783987.00, -43875, -575851, -307 
1719906784009.00, -43811, -576792, -302 
1719906784031.00, -43499, -577744, -298 
1719906784052.00, -43111, -578688, -297 
1719906784074.00, -42652, -579614, -286 
1719906784096.00, -41849, -580540, -275 
1719906784117.00, -40916, -581458, -277 
1719906784139.00, -40233, -582340, -280 
1719906784161.00, -39884, -583205, -276 
1719906784182.00, -39311, -584068, -271 
1719906784204.00, -38957, -584934, -272 
1719906784225.00, -38534, -585773, -276 
1719906784247.00, -38685, -586604, -276 
1719906784269.00, -38700, -587450, -277 
1719906784290.00, -38765, -588292, -287 
1719906784312.00, -39370, -589133, -288 
1719906784333.00, -39802, -589982, -276 
1719906784355.00, -39387, -590851, -274 
1719906784377.00, -39171, -591708, -270 
1719906784399.00, -38626, -592553, -260 
1719906784420.00, -37924, -593390, -249 
1719906784442.00, -21881, -594210, -243 
1719906784463.00, -12246, -594702, -232 
1719906784485.00, -6574, -594978, -237 
1719906784506.00, -3184, -595121, -223 
1719906784527.00, -1098, -595189, -203 
1719906784549.00, 0, -595213, -189 
1719906784571.00, 151, -595213, -164 
1719906784592.00, 57, -595209, -133 
1719906784614.00, 39, -595206, -101 
1719906784635.00, 3, -595204, -68 
1719906784657.00, 25, -595201, -44 
1719906784678.00, 34, -595199, -24 
1719906784699.00, 19, -595197, 0 
1719906784720.00, 0, -595195, 9 
1719906784741.00, 67, -595196, -7 
1719906784762.00, 25, -595197, -9 
1719906784784.00, -5, -595195, -4 
1719906784804.00, 0, -595194, -2 
1719906784826.00, 1, -595195, -5 
1719906784847.00, 0, -595195, -3 
1719906784868.00, 0, -595194, 0 
1719906784889.00, -4, -595194, -4 
1719906784910.00, 0, -595194, -7 
1719906784934.00, -5, -595194, -5 
1719906784953.00, -3, -595194, -2 
1719906784973.00, 0, -595195, -4 
1719906784995.00, 0, -595195, -4 
1719906785016.00, -6, -595194, -4 
1719906785037.00, 39, -595194, -3 
1719906785059.00, 25, -595193, -4 
1719906785079.00, 28, -595194, -5 
1719906785101.00, -2, -595195, -4 
1719906785122.00, 0, -595194, -4 
1719906785144.00, 0, -595195, -4 
1719906785164.00, 0, -595193, -5 
1719906785186.00, 0, -595194, -3 
1719906785207.00, 3, -595193, -4 
1719906785228.00, -1, -595194, -4 
1719906785249.00, -5, -595194, -4 
1719906785270.00, 13, -595194, -4 
1719906785291.00, 0, -595194, -4 
1719906785312.00, -1, -595193, -4 
1719906785334.00, 63, -595193, -4 
1719906785354.00, 0, -595194, -4 
1719906785375.00, 0, -595193, -4 
1719906785397.00, 0, -595193, -4 
1719906785418.00, 0, -595194, -4 
1719906785439.00, 0, -595193, -4 
1719906785460.00, 0, -595193, -4 
1719906785481.00, 0, -595193, -4 
1719906785503.00, 0, -595193, -4 
1719906785523.00, 0, -595193, -4 
1719906785545.00, 0, -595193, -4 
1719906785566.00, 34, -595192, -4 
1719906785587.00, 0, -595193, -4 
1719906785608.00, 0, -595193, -4 
1719906785629.00, 0, -595192, -4 
1719906785651.00, 0, -595193, -4 
1719906785672.00, 0, -595193, -4 
1719906785693.00, 0, -595194, -4 
1719906785714.00, -65, -595193, -4 
1719906785735.00, 0, -595192, -4 
1719906785756.00, 0, -595193, -4 
1719906785776.00, 0, -595193, -4 
1719906785798.00, 0, -595193, -4 
1719906785820.00, -66, -595193, -4 
1719906785841.00, 0, -595193, -4 
1719906785862.00, 0, -595193, -4 
1719906785883.00, 0, -595193, -4 
1719906785903.00, 0, -595193, -4 
1719906785924.00, 30, -595193, -4 
1719906785946.00, 0, -595193, -4 
1719906785967.00, 0, -595192, -4 
1719906785990.00, 0, -595193, -4 
1719906786009.00, -7, -595193, -4 
1719906786031.00, 0, -595193, -4 
1719906786052.00, 0, -595193, -4 
1719906786073.00, 0, -595193, -4 
1719906786094.00, 0, -595193, -4 
1719906786115.00, 0, -595191, -4 
1719906786138.00, 0, -595192, -4 
1719906786157.00, 0, -595193, -4 
1719906786179.00, -50, -595193, -4 
1719906786200.00, 0, -595193, -4 
1719906786220.00, 0, -595193, -4 
1719906786242.00, 0, -595193, -4 
1719906786264.00, 0, -595193, -4 
1719906786284.00, 0, -595193, -4 
1719906786305.00, 0, -595193, -4 
1719906786326.00, 0, -595193, -4 
1719906786348.00, -17, -595193, -4 
1719906786369.00, 0, -595193, -4 
1719906786390.00, 0, -595193, -4 
1719906786410.00, 0, -595192, -4 
1719906786432.00, 0, -595193, -4 
1719906786452.00, 0, -595192, -4 
1719906786474.00, 0, -595193, -4 
1719906786495.00, 0, -595193, -4 
1719906786516.00, -44, -595192, -4 
1719906786537.00, 0, -595193, -4 
1719906786559.00, 0, -595192, -4 
1719906786579.00, 0, -595193, -4 
1719906786600.00, 0, -595192, -4 
1719906786622.00, 0, -595193, -4 
1719906786643.00, 0, -595193, -4 
1719906786664.00, 0, -595193, -4 
1719906786686.00, 0, -595193, -4 
1719906786707.00, 0, -595192, -4 
1719906786727.00, 0, -595193, -4 
1719906786748.00, 0, -595193, -4 
1719906786769.00, 0, -595193, -4 
1719906786794.00, 0, -595193, -4 
1719906786812.00, 0, -595194, -4 
1719906786833.00, 0, -595192, -4 
1719906786855.00, 0, -595194, -4 
1719906786876.00, 0, -595193, -4 
1719906786897.00, 0, -595193, -4 
1719906786918.00, 0, -595193, -4 
1719906786939.00, 0, -595193, -4 
1719906786960.00, 0, -595194, -4 
1719906786981.00, 0, -595193, -4 
1719906787002.00, 0, -595193, -4 
1719906787023.00, 0, -595193, -4 
1719906787044.00, 0, -595192, -4 
1719906787065.00, 0, -595194, -4 
1719906787087.00, 0, -595193, -4 
1719906787107.00, 1, -595193, -4 
1719906787129.00, 0, -595193, -4 
1719906787150.00, 0, -595193, -4 
1719906787171.00, 0, -595192, -4 
1719906787192.00, 0, -595193, -4 
1719906787213.00, 5, -595192, -4 
1719906787235.00, 1, -595193, -4 
1719906787255.00, -34, -595193, -4 
1719906787277.00, 0, -595194, -4 
1719906787298.00, 0, -595193, -4 
1719906787319.00, 0, -595193, -4 
1719906787340.00, 0, -595194, -4 
1719906787362.00, 0, -595193, -4 
1719906787382.00, 0, -595193, -4 
1719906787403.00, 0, -595193, -4 
1719906787425.00, 0, -595193, -4 
1719906787451.00, 0, -595192, -4 
1719906787467.00, 0, -595193, -4 
1719906787488.00, 0, -595193, -4 
1719906787509.00, 0, -595193, -4 
1719906787530.00, 0, -595192, -4 
1719906787552.00, 0, -595193, -4 
1719906787573.00, 0, -595193, -4 
1719906787594.00, 0, -595193, -4 
1719906787615.00, 0, -595194, -4 
1719906787636.00, 0, -595192, -4 
1719906787657.00, 0, -595193, -4 
1719906787678.00, 0, -595193, -4 
1719906787699.00, 0, -595193, -4 
1719906787720.00, 0, -595194, -4 
1719906787741.00, 0, -595194, -4 
1719906787762.00, 0, -595193, -4 
1719906787784.00, 0, -595193, -4 
1719906787805.00, 0, -595194, -4 
1719906787826.00, 0, -595193, -4 
1719906787847.00, 0, -595193, -4 
1719906787868.00, 0, -595193, -4 
1719906787889.00, 0, -595193, -4 
1719906787910.00, 0, -595193, -4 
1719906787931.00, 0, -595193, -4 
1719906787952.00, 0, -595193, -4 
1719906787973.00, 0, -595193, -4 
1719906787998.00, 0, -595194, -4 
1719906788016.00, 0, -595194, -4 
1719906788038.00, 0, -595193, -4 
1719906788058.00, 0, -595192, -4 
1719906788079.00, 0, -595193, -4 
1719906788102.00, 0, -595193, -4 
1719906788121.00, 0, -595192, -4 
1719906788142.00, 0, -595194, -4 
1719906788164.00, 0, -595193, -4 
1719906788184.00, 0, -595193, -4 
1719906788206.00, 0, -595193, -4 
1719906788227.00, 0, -595193, -4 
1719906788248.00, 0, -595193, -4 
1719906788269.00, 0, -595193, -4 
1719906788290.00, 0, -595193, -4 
1719906788311.00, 0, -595193, -4 
1719906788333.00, 0, -595194, -4 
1719906788353.00, 0, -595193, -4 
1719906788375.00, -31, -595193, -4 
1719906788396.00, 0, -595194, -4 
1719906788417.00, 0, -595193, -4 
1719906788440.00, 0, -595193, -4 
1719906788459.00, 0, -595194, -4 
1719906788480.00, 0, -595193, -4 
1719906788501.00, 0, -595193, -4 
1719906788523.00, 0, -595192, -4 
1719906788543.00, 0, -595193, -4 
1719906788565.00, 0, -595193, -4 
1719906788586.00, 0, -595192, -4 
1719906788606.00, 0, -595192, -4 
1719906788628.00, 0, -595193, -4 
1719906788657.00, 0, -595194, -4 
1719906788670.00, 0, -595193, -4 
1719906788691.00, 0, -595193, -4 
1719906788712.00, 0, -595193, -4 
1719906788733.00, 0, -595192, -4 
1719906788755.00, 0, -595193, -4 
1719906788776.00, 0, -595194, -4 
1719906788797.00, 0, -595193, -4 
1719906788818.00, 0, -595194, -4 
1719906788839.00, 0, -595193, -4 
1719906788860.00, 0, -595193, -4 
1719906788881.00, 0, -595194, -4 
1719906788903.00, 0, -595194, -4 
1719906788923.00, 0, -595193, -4 
1719906788944.00, 0, -595193, -4 
1719906788966.00, 0, -595193, -4 
1719906788987.00, 0, -595194, -4 
1719906789008.00, 0, -595193, -4 
1719906789029.00, 0, -595193, -4 
1719906789050.00, 0, -595193, -4 
1719906789071.00, 0, -595193, -4 
1719906789093.00, 0, -595193, -4 
1719906789114.00, 0, -595193, -4 
1719906789134.00, 0, -595193, -4 
1719906789156.00, 0, -595194, -4 
1719906789177.00, 0, -595193, -4 
1719906789198.00, 0, -595194, -4 
1719906789219.00, 0, -595193, -4 
1719906789240.00, 0, -595193, -4 
1719906789261.00, 0, -595194, -4 
1719906789282.00, 0, -595193, -4 
1719906789307.00, 0, -595192, -4 
1719906789325.00, 0, -595194, -4 
1719906789346.00, 0, -595193, -4 
1719906789367.00, 0, -595193, -4 
1719906789387.00, 0, -595193, -4 
1719906789409.00, 0, -595193, -4 
1719906789430.00, 0, -595192, -4 
1719906789451.00, 0, -595194, -4 
1719906789472.00, 0, -595194, -4 
1719906789493.00, 0, -595193, -4 
1719906789515.00, 0, -595193, -4 
1719906789536.00, 0, -595193, -4 
1719906789556.00, 0, -595193, -4 
1719906789578.00, 0, -595193, -4 
1719906789599.00, 0, -595194, -4 
1719906789620.00, 0, -595192, -4 
1719906789642.00, 0, -595193, -4 
1719906789663.00, 0, -595193, -4 
1719906789684.00, 0, -595194, -4 
1719906789705.00, 0, -595193, -4 
1719906789726.00, 0, -595193, -4 
1719906789748.00, 0, -595193, -4 
1719906789768.00, 0, -595193, -4 
1719906789789.00, 0, -595193, -4 
1719906789810.00, 0, -595193, -4 
1719906789831.00, 0, -595192, -4 
1719906789852.00, 0, -595193, -4 
1719906789873.00, 0, -595193, -4 
1719906789894.00, 0, -595193, -4 
1719906789915.00, 0, -595194, -4 
1719906789937.00, 0, -595193, -4 
1719906789960.00, 0, -595193, -4 
1719906789979.00, 0, -595193, -4 
1719906790000.00, 0, -595192, -4 
1719906790021.00, 0, -595193, -4 
1719906790043.00, 0, -595193, -4 
1719906790064.00, 0, -595194, -4 
1719906790085.00, 0, -595193, -4 
1719906790105.00, 0, -595193, -4 
1719906790127.00, 0, -595194, -4 
1719906790148.00, 0, -595192, -4 
1719906790169.00, 0, -595194, -4 
1719906790191.00, 0, -595193, -4 
1719906790211.00, 0, -595193, -4 
1719906790232.00, 0, -595193, -4 
1719906790253.00, 0, -595193, -4 
1719906790274.00, 0, -595193, -4 
1719906790295.00, 0, -595193, -4 
1719906790317.00, 0, -595193, -4 
1719906790338.00, 0, -595193, -4 
1719906790359.00, 0, -595193, -4 
1719906790380.00, 0, -595192, -4 
1719906790402.00, 0, -595193, -4 
1719906790422.00, 0, -595193, -4 
1719906790443.00, 0, -595194, -4 
1719906790465.00, 0, -595194, -4 
1719906790486.00, 0, -595193, -4 
1719906790507.00, 0, -595193, -4 
1719906790527.00, 0, -595194, -4 
1719906790549.00, 0, -595193, -4 
1719906790569.00, 0, -595194, -4 
1719906790591.00, 0, -595193, -4 
1719906790617.00, 0, -595194, -4 
1719906790633.00, 0, -595193, -4 
1719906790655.00, 0, -595193, -4 
1719906790675.00, 0, -595193, -4 
1719906790697.00, 0, -595193, -4 
1719906790718.00, 0, -595193, -4 
1719906790739.00, 0, -595193, -4 
1719906790760.00, 0, -595193, -4 
1719906790781.00, 0, -595193, -4 
1719906790802.00, 0, -595193, -4 
1719906790823.00, 0, -595193, -4 
1719906790845.00, 0, -595194, -4 
1719906790866.00, 0, -595193, -4 
1719906790887.00, 0, -595193, -4 
1719906790908.00, 0, -595193, -4 
1719906790929.00, 0, -595193, -4 
1719906790954.00, 0, -595193, -4 
1719906790971.00, 0, -595194, -4 
1719906790992.00, 0, -595193, -4 
1719906791014.00, 0, -595193, -4 
1719906791035.00, 0, -595193, -4 
1719906791056.00, 0, -595193, -4 
1719906791076.00, 0, -595193, -4 
1719906791098.00, 0, -595193, -4 
1719906791119.00, 0, -595193, -4 
1719906791140.00, 0, -595193, -4 
1719906791161.00, 0, -595193, -4 
1719906791182.00, 0, -595193, -4 
1719906791203.00, 0, -595193, -4 
1719906791225.00, 0, -595193, -4 
1719906791245.00, 0, -595192, -4 
1719906791267.00, 0, -595193, -4 
1719906791289.00, 0, -595193, -4 
1719906791309.00, 0, -595194, -4 
1719906791329.00, 0, -595193, -4 
1719906791351.00, 0, -595194, -4 
1719906791372.00, 0, -595193, -4 
1719906791393.00, 0, -595193, -4 
1719906791415.00, 0, -595193, -4 
1719906791436.00, 0, -595193, -4 
1719906791457.00, 0, -595193, -4 
1719906791478.00, 0, -595193, -4 
1719906791502.00, 0, -595194, -4 
1719906791519.00, 0, -595194, -4 
1719906791540.00, 0, -595193, -4 
1719906791562.00, 0, -595193, -4 
1719906791583.00, 0, -595193, -4 
1719906791605.00, 0, -595193, -4 
1719906791626.00, 0, -595194, -4 
1719906791647.00, 0, -595193, -4 
1719906791667.00, 0, -595194, -4 
1719906791689.00, 0, -595193, -4 
1719906791711.00, 0, -595193, -4 
1719906791731.00, 0, -595193, -4 
1719906791752.00, 0, -595194, -4 
1719906791773.00, 0, -595193, -4 
1719906791795.00, 0, -595193, -4 
1719906791818.00, 0, -595193, -4 
1719906791837.00, 0, -595193, -4 
1719906791857.00, 0, -595194, -4 
1719906791879.00, 0, -595193, -4 
1719906791900.00, 0, -595193, -4 
1719906791921.00, 0, -595194, -4 
1719906791942.00, 0, -595193, -4 
1719906791963.00, 0, -595194, -4 
1719906791984.00, 0, -595193, -4 
1719906792005.00, 0, -595193, -4 
1719906792027.00, 0, -595193, -4 
1719906792048.00, 0, -595193, -4 
1719906792069.00, 0, -595193, -4 
1719906792090.00, 0, -595193, -4 
1719906792111.00, 0, -595194, -4 
1719906792132.00, 0, -595193, -4 
1719906792158.00, 0, -595193, -4 
1719906792174.00, 0, -595193, -4 
1719906792195.00, 0, -595193, -4 
1719906792216.00, 0, -595193, -4 
1719906792238.00, 0, -595193, -4 
1719906792259.00, 0, -595193, -4 
1719906792280.00, 0, -595194, -4 
1719906792301.00, 0, -595193, -4 
1719906792322.00, 0, -595193, -4 
1719906792344.00, 0, -595194, -4 
1719906792365.00, 0, -595193, -4 
1719906792386.00, 0, -595193, -4 
1719906792407.00, 0, -595193, -4 
1719906792428.00, 0, -595193, -4 
1719906792448.00, 0, -595193, -4 
1719906792470.00, 0, -595193, -4 
1719906792491.00, 0, -595194, -4 
1719906792512.00, 0, -595194, -4 
1719906792533.00, 0, -595193, -4 
1719906792555.00, 0, -595193, -4 
1719906792575.00, 0, -595194, -4 
1719906792597.00, 0, -595193, -4 
1719906792618.00, 0, -595192, -4 
1719906792639.00, 0, -595193, -4 
1719906792660.00, 0, -595194, -4 
1719906792681.00, 0, -595193, -4 
1719906792702.00, 0, -595194, -4 
1719906792723.00, 0, -595193, -4 
1719906792744.00, 0, -595193, -4 
1719906792766.00, 0, -595194, -4 
1719906792787.00, 0, -595193, -4 
1719906792810.00, 0, -595194, -4 
1719906792828.00, 0, -595194, -4 
1719906792849.00, 0, -595193, -4 
1719906792871.00, 0, -595193, -4 
1719906792892.00, 0, -595193, -4 
1719906792913.00, 0, -595194, -4 
1719906792934.00, 0, -595193, -4 
1719906792955.00, 0, -595193, -4 
1719906792977.00, 0, -595192, -4 
1719906792998.00, 0, -595193, -4 
1719906793020.00, 0, -595193, -4 
1719906793040.00, 0, -595193, -4 
1719906793060.00, 0, -595193, -4 
1719906793082.00, 0, -595193, -4 
1719906793104.00, 0, -595194, -4 
1719906793124.00, 0, -595193, -4 
1719906793146.00, 0, -595194, -4 
1719906793167.00, 0, -595193, -4 
1719906793188.00, 0, -595194, -4 
1719906793209.00, 0, -595194, -4 
1719906793230.00, 0, -595193, -4 
1719906793251.00, 0, -595193, -4 
1719906793272.00, 0, -595193, -4 
1719906793293.00, 0, -595193, -4 
1719906793315.00, 0, -595193, -4 
1719906793336.00, 0, -595193, -4 
1719906793357.00, 0, -595193, -4 
1719906793377.00, 0, -595194, -4 
1719906793398.00, 0, -595193, -4 
1719906793420.00, 0, -595193, -4 
1719906793441.00, 0, -595194, -4 
1719906793463.00, 0, -595193, -4 
1719906793483.00, 0, -595192, -4 
1719906793505.00, 0, -595193, -4 
1719906793525.00, 0, -595194, -4 
1719906793547.00, 0, -595193, -4 
1719906793568.00, 0, -595194, -4 
1719906793589.00, 0, -595193, -4 
1719906793610.00, 0, -595193, -4 
1719906793631.00, 0, -595194, -4 
1719906793651.00, 0, -595194, -4 
1719906793673.00, 0, -595193, -4 
1719906793694.00, 0, -595192, -4 
1719906793715.00, 0, -595193, -4 
1719906793736.00, 0, -595193, -4 
1719906793758.00, 0, -595193, -4 
1719906793778.00, 0, -595194, -4 
1719906793800.00, 0, -595194, -4 
1719906793821.00, 0, -595193, -4 
1719906793843.00, 0, -595194, -4 
1719906793864.00, 0, -595193, -4 
1719906793884.00, 0, -595193, -4 
1719906793906.00, 0, -595193, -4 
1719906793927.00, 0, -595194, -4 
1719906793948.00, 0, -595194, -4 
1719906793969.00, 0, -595193, -4 
1719906793990.00, 0, -595193, -4 
1719906794012.00, 0, -595194, -4 
1719906794032.00, 0, -595193, -4 
1719906794052.00, 0, -595193, -4 
1719906794074.00, 0, -595193, -4 
1719906794096.00, 0, -595194, -4 
1719906794120.00, 0, -595193, -4 
1719906794137.00, 0, -595193, -4 
1719906794160.00, 0, -595193, -4 
1719906794180.00, 0, -595194, -4 
1719906794202.00, 0, -595193, -4 
1719906794227.00, 0, -595193, -4 
1719906794244.00, 0, -595193, -4 
1719906794265.00, 0, -595194, -4 
1719906794286.00, 0, -595193, -4 
1719906794307.00, 0, -595193, -4 
1719906794329.00, 0, -595193, -4 
1719906794350.00, 0, -595193, -4 
1719906794371.00, 0, -595193, -4 
1719906794392.00, 0, -595194, -4 
1719906794413.00, 0, -595194, -4 
1719906794434.00, 0, -595194, -4 
1719906794455.00, 0, -595193, -4 
1719906794476.00, 0, -595194, -4 
1719906794497.00, 0, -595193, -4 
1719906794519.00, 0, -595194, -4 
1719906794540.00, 0, -595193, -4 
1719906794561.00, -66, -595194, -4 
1719906794582.00, 0, -595193, -4 
1719906794602.00, 0, -595193, -4 
1719906794624.00, 0, -595193, -4 
1719906794645.00, 0, -595193, -4 
1719906794672.00, 6, -595193, -4 
1719906794688.00, 0, -595193, -4 
1719906794709.00, 13, -595193, -4 
1719906794730.00, 0, -595193, -4 
1719906794751.00, -23, -595193, -4 
1719906794773.00, 0, -595193, -4 
1719906794793.00, 0, -595193, -4 
1719906794815.00, 0, -595194, -4 
1719906794835.00, 0, -595194, -4 
1719906794857.00, -5, -595194, -4 
1719906794878.00, 0, -595193, -4 
1719906794899.00, 0, -595193, -4 
1719906794920.00, 0, -595192, -4 
1719906794941.00, 0, -595194, -4 
1719906794963.00, 1, -595194, -4 
1719906794984.00, 0, -595193, -4 
1719906795004.00, -28, -595193, -4 
1719906795026.00, 0, -595193, -4 
1719906795047.00, 0, -595193, -4 
1719906795068.00, 0, -595193, -4 
1719906795089.00, 0, -595193, -4 
1719906795109.00, 0, -595193, -4 
1719906795131.00, 0, -595193, -4 
1719906795153.00, 0, -595193, -4 
1719906795174.00, 0, -595193, -4 
1719906795195.00, 0, -595194, -4 
1719906795215.00, 0, -595193, -4 
1719906795237.00, 0, -595194, -4 
1719906795258.00, 0, -595193, -4 
1719906795279.00, 0, -595193, -4 
1719906795301.00, 0, -595193, -4 
1719906795321.00, 0, -595193, -4 
1719906795342.00, 0, -595192, -4 
1719906795364.00, 0, -595193, -4 
1719906795385.00, 0, -595194, -4 
1719906795406.00, 0, -595193, -4 
1719906795429.00, 0, -595193, -4 
1719906795448.00, 0, -595192, -4 
1719906795469.00, 0, -595193, -4 
1719906795490.00, 0, -595193, -4 
1719906795511.00, 0, -595194, -4 
1719906795532.00, 0, -595193, -4 
1719906795554.00, 0, -595194, -4 
1719906795575.00, 0, -595193, -4 
1719906795596.00, 0, -595193, -4 
1719906795617.00, 0, -595193, -4 
1719906795637.00, 0, -595193, -4 
1719906795662.00, 0, -595193, -4 
1719906795680.00, 0, -595193, -4 
1719906795702.00, 0, -595193, -4 
1719906795722.00, 0, -595193, -4 
1719906795744.00, 0, -595193, -4 
1719906795767.00, 0, -595192, -4 
1719906795786.00, 0, -595193, -4 
1719906795807.00, 0, -595194, -4 
1719906795827.00, 0, -595193, -4 
1719906795849.00, 0, -595194, -4 
1719906795870.00, 0, -595193, -4 
1719906795892.00, 0, -595194, -4 
1719906795913.00, 0, -595194, -4 
1719906795934.00, 0, -595193, -4 
1719906795955.00, 0, -595193, -4 
1719906795978.00, 0, -595193, -4 
1719906795997.00, 0, -595193, -4 
1719906796018.00, 0, -595193, -4 
1719906796039.00, 0, -595193, -4 
1719906796060.00, 0, -595193, -5 
1719906796081.00, 0, -595193, -7 
1719906796102.00, 0, -595193, -8 
1719906796124.00, 0, -595195, -5 
1719906796144.00, 0, -595194, -4 
1719906796165.00, 0, -595193, -2 
1719906796187.00, 0, -595193, -2 
1719906796208.00, 0, -595193, -2 
1719906796229.00, 0, -595193, -4 
1719906796250.00, 7, -595193, -3 
1719906796271.00, 0, -595194, -7 
1719906796292.00, 0, -595194, -11 
1719906796314.00, 0, -595190, 28 
1719906796335.00, 1542, -595191, 21 
1719906796356.00, 2145, -595166, 0 
1719906796378.00, 1301, -595125, -11 
1719906796400.00, 718, -595095, -14 
1719906796421.00, 369, -595079, -22 
1719906796442.00, 204, -595070, -22 
1719906796464.00, 125, -595067, -17 
1719906796486.00, 96, -595063, -8 
1719906796506.00, 63, -595060, 4 
1719906796529.00, 55, -595056, 15 
1719906796549.00, 1023, -595054, 34 
1719906796571.00, 2756, -595032, 51 
1719906796592.00, 4755, -594972, 69 
1719906796613.00, 7117, -594865, 111 
1719906796635.00, 10816, -594700, 184 
1719906796656.00, 17435, -594459, 242 
1719906796678.00, 25178, -594083, 271 
1719906796700.00, 31393, -593541, 356 
1719906796722.00, 37634, -592866, 430 
1719906796747.00, 41313, -592058, 603 
1719906796765.00, 43407, -591154, 655 
1719906796787.00, 43730, -590209, 738 
1719906796808.00, 43801, -589261, 819 
1719906796830.00, 43888, -588316, 855 
1719906796853.00, 43799, -587360, 908 
1719906796873.00, 43677, -586404, 970 
1719906796895.00, 43684, -585467, 994 
1719906796916.00, 43801, -584514, 1009 
1719906796939.00, 43822, -583557, 1060 
1719906796960.00, 43648, -582614, 1078 
1719906796982.00, 43797, -581663, 1088 
1719906797004.00, 43846, -580701, 1115 
1719906797025.00, 43639, -579746, 1156 
1719906797047.00, 43709, -578798, 1176 
1719906797072.00, 43934, -577845, 1198 
1719906797091.00, 43801, -576892, 1225 
1719906797112.00, 43713, -575950, 1240 
1719906797134.00, 43558, -575001, 1251 
1719906797156.00, 43509, -574041, 1278 
1719906797177.00, 43733, -573091, 1260 
1719906797199.00, 43912, -572146, 1278 
1719906797222.00, 43711, -571188, 1318 
1719906797243.00, 43571, -570237, 1332 
1719906797264.00, 43541, -569294, 1352 
1719906797291.00, 43600, -568347, 1355 
1719906797308.00, 43744, -567395, 1356 
1719906797329.00, 43652, -566443, 1379 
1719906797351.00, 43814, -565494, 1396 
1719906797373.00, 43793, -564538, 1404 
1719906797394.00, 43543, -563582, 1442 
1719906797417.00, 43439, -562638, 1460 
1719906797438.00, 43753, -561690, 1465 
1719906797459.00, 43760, -560738, 1486 
1719906797481.00, 43736, -559789, 1512 
1719906797503.00, 43542, -558841, 1532 
1719906797525.00, 43533, -557885, 1536 
1719906797546.00, 43775, -556937, 1558 
1719906797568.00, 43768, -555993, 1573 
1719906797589.00, 43519, -555041, 1591 
1719906797612.00, 43430, -554085, 1614 
1719906797634.00, 43609, -553142, 1611 
1719906797655.00, 43630, -552197, 1624 
1719906797677.00, 43616, -551244, 1619 
1719906797699.00, 43791, -550295, 1617 
1719906797720.00, 43784, -549352, 1632 
1719906797742.00, 43654, -548395, 1640 
1719906797764.00, 43357, -547435, 1643 
1719906797786.00, 43671, -546490, 1657 
1719906797807.00, 43930, -545546, 1661 
1719906797829.00, 43674, -544592, 1677 
1719906797851.00, 43590, -543644, 1670 
1719906797872.00, 43696, -542701, 1663 
1719906797894.00, 43705, -541744, 1683 
1719906797916.00, 43687, -540792, 1662 
1719906797938.00, 43670, -539845, 1673 
1719906797959.00, 43805, -538896, 1647 
1719906797981.00, 43662, -537940, 1682 
1719906798003.00, 43701, -536994, 1677 
1719906798025.00, 43746, -536052, 1635 
1719906798046.00, 43524, -535097, 1636 
1719906798068.00, 43801, -534145, 1617 
1719906798090.00, 43820, -533197, 1631 
1719906798112.00, 43647, -532245, 1638 
1719906798133.00, 43645, -531289, 1667 
1719906798155.00, 43603, -530340, 1690 
1719906798177.00, 43874, -529397, 1697 
1719906798198.00, 43892, -528443, 1679 
1719906798220.00, 43515, -527493, 1660 
1719906798242.00, 43547, -526553, 1628 
1719906798263.00, 43665, -525597, 1644 
1719906798285.00, 43600, -524649, 1624 
1719906798307.00, 43696, -523701, 1617 
1719906798329.00, 43722, -522754, 1632 
1719906798350.00, 43739, -521798, 1591 
1719906798372.00, 43687, -520846, 1580 
1719906798394.00, 43413, -519909, 1588 
1719906798415.00, 43363, -518959, 1539 
1719906798437.00, 43572, -518011, 1510 
1719906798459.00, 43527, -517068, 1486 
1719906798480.00, 43408, -516123, 1453 
1719906798502.00, 43583, -515169, 1429 
1719906798524.00, 43513, -514218, 1455 
1719906798546.00, 43696, -513276, 1416 
1719906798568.00, 43650, -512328, 1416 
1719906798589.00, 43954, -511374, 1473 
1719906798611.00, 43685, -510428, 1469 
1719906798632.00, 43648, -509479, 1495 
1719906798654.00, 43478, -508521, 1489 
1719906798676.00, 43669, -507571, 1471 
1719906798698.00, 43787, -506628, 1482 
1719906798720.00, 43697, -505672, 1471 
1719906798741.00, 43520, -504725, 1446 
1719906798763.00, 43424, -503781, 1429 
1719906798784.00, 43262, -502838, 1370 
1719906798807.00, 43099, -501898, 1194 
1719906798829.00, 43310, -500964, 1034 
1719906798850.00, 43306, -500032, 882 
1719906798872.00, 43422, -499093, 727 
1719906798893.00, 43356, -498162, 531 
1719906798915.00, 43501, -497240, 385 
1719906798937.00, 43393, -496297, 319 
1719906798957.00, 43256, -495360, 210 
1719906798980.00, 37097, -494441, 96 
1719906799001.00, 26483, -493654, -18 
1719906799023.00, 13446, -493060, -89 
1719906799044.00, 1324, -492755, -173 
1719906799067.00, -10659, -492717, -256 
1719906799088.00, -22736, -492925, -299 
1719906799110.00, -32664, -493402, -284 
1719906799131.00, -37526, -494106, -438 
1719906799153.00, -41978, -494905, -424 
1719906799175.00, -43551, -495805, -430 
1719906799196.00, -43780, -496766, -470 
1719906799217.00, -43752, -497713, -515 
1719906799239.00, -43671, -498651, -512 
1719906799261.00, -43552, -499606, -528 
1719906799282.00, -43834, -500565, -548 
1719906799304.00, -43830, -501506, -557 
1719906799326.00, -43677, -502455, -600 
1719906799347.00, -43726, -503415, -584 
1719906799373.00, -43795, -504357, -605 
1719906799391.00, -43669, -505293, -621 
1719906799412.00, -43497, -506247, -652 
1719906799434.00, -43604, -507201, -668 
1719906799456.00, -43773, -508138, -656 
1719906799478.00, -43606, -509087, -672 
1719906799501.00, -43685, -510046, -669 
1719906799521.00, -43682, -510984, -670 
1719906799542.00, -43592, -511922, -658 
1719906799564.00, -43754, -512874, -681 
1719906799592.00, -43595, -513823, -675 
1719906799607.00, -43412, -514756, -648 
1719906799629.00, -43493, -515705, -646 
1719906799651.00, -43598, -516663, -638 
1719906799672.00, -43508, -517596, -614 
1719906799694.00, -43487, -518538, -574 
1719906799715.00, -43547, -519486, -524 
1719906799737.00, -43474, -520422, -470 
1719906799759.00, -43490, -521352, -387 
1719906799780.00, -43459, -522294, -300 
1719906799805.00, -42805, -523240, -248 
1719906799824.00, -39174, -524152, -164 
1719906799845.00, -32081, -524998, -87 
1719906799867.00, -23101, -525701, -52 
1719906799889.00, -15605, -526216, -19 
1719906799911.00, -9452, -526567, -23 
1719906799931.00, -5898, -526768, 2 
1719906799953.00, -2541, -526897, 10 
1719906799974.00, 32, -526954, 25 
1719906799995.00, 2113, -526958, 32 
1719906800017.00, 3974, -526923, 34 
1719906800038.00, 5256, -526844, 25 
1719906800060.00, 5426, -526735, 1 
1719906800081.00, 4030, -526619, -11 
1719906800103.00, 2470, -526537, -15 
1719906800124.00, 1283, -526481, -12 
1719906800146.00, 804, -526452, -1 
1719906800167.00, 1151, -526431, 40 
1719906800189.00, 3936, -526404, 55 
1719906800210.00, 6521, -526321, 62 
1719906800231.00, 8305, -526184, 64 
1719906800253.00, 9494, -526007, 64 
1719906800274.00, 9974, -525800, 65 
1719906800295.00, 10537, -525581, 60 
1719906800318.00, 10436, -525357, 57 
1719906800339.00, 10069, -525134, -11 
1719906800361.00, 5529, -524921, -109 
1719906800382.00, -2470, -524806, -254 
1719906800404.00, -16486, -524856, -400 
1719906800426.00, -28204, -525198, -512 
1719906800447.00, -35405, -525801, -568 
1719906800471.00, -39453, -526565, -605 
1719906800491.00, -41770, -527405, -626 
1719906800512.00, -43151, -528307, -661 
1719906800533.00, -43520, -529248, -686 
1719906800556.00, -43763, -530196, -698 
1719906800577.00, -43834, -531133, -720 
1719906800600.00, -43711, -532083, -751 
1719906800620.00, -43795, -533045, -780 
1719906800642.00, -43700, -533988, -804 
1719906800664.00, -43665, -534933, -839 
1719906800691.00, -43662, -535892, -875 
1719906800707.00, -43759, -536842, -904 
1719906800728.00, -43703, -537780, -932 
1719906800750.00, -43712, -538726, -939 
1719906800772.00, -43732, -539680, -934 
1719906800793.00, -43636, -540622, -934 
1719906800815.00, -43690, -541563, -933 
1719906800836.00, -43496, -542525, -931 
1719906800858.00, -43786, -543469, -917 
1719906800880.00, -43781, -544406, -932 
1719906800903.00, -43640, -545353, -911 
1719906800923.00, -43874, -546304, -908 
1719906800944.00, -43709, -547247, -936 
1719906800966.00, -43665, -548192, -955 
1719906800988.00, -43692, -549150, -941 
1719906801010.00, -43850, -550097, -947 
1719906801031.00, -43477, -551035, -927 
1719906801053.00, -43635, -551984, -903 
1719906801075.00, -43726, -552937, -930 
1719906801096.00, -43739, -553875, -936 
1719906801119.00, -43571, -554817, -897 
1719906801140.00, -43853, -555775, -886 
1719906801161.00, -43587, -556714, -883 
1719906801183.00, -43579, -557652, -863 
1719906801205.00, -43685, -558604, -839 
1719906801227.00, -43689, -559557, -854 
1719906801247.00, -43576, -560494, -846 
1719906801270.00, -43721, -561438, -811 
1719906801291.00, -43663, -562395, -811 
1719906801313.00, -43553, -563333, -823 
1719906801337.00, -43567, -564271, -798 
1719906801356.00, -43843, -565226, -790 
1719906801377.00, -43681, -566177, -812 
1719906801400.00, -43444, -567117, -806 
1719906801421.00, -43580, -568066, -788 
1719906801443.00, -43640, -569016, -779 
1719906801464.00, -43660, -569954, -784 
1719906801486.00, -43734, -570892, -784 
1719906801507.00, -43670, -571841, -765 
1719906801529.00, -43604, -572791, -756 
1719906801553.00, -43686, -573731, -763 
1719906801572.00, -43701, -574682, -761 
1719906801594.00, -43598, -575638, -753 
1719906801616.00, -43582, -576571, -733 
1719906801637.00, -43774, -577509, -711 
1719906801659.00, -43540, -578462, -708 
1719906801681.00, -43723, -579404, -686 
1719906801702.00, -43839, -580343, -659 
1719906801724.00, -43512, -581293, -653 
1719906801746.00, -43548, -582244, -604 
1719906801769.00, -43720, -583178, -559 
1719906801789.00, -43460, -584116, -547 
1719906801811.00, -43433, -585068, -513 
1719906801832.00, -43472, -586002, -450 
1719906801854.00, -43391, -586936, -400 
1719906801875.00, -43595, -587885, -359 
1719906801897.00, -43554, -588825, -303 
1719906801919.00, -43040, -589753, -241 
1719906801940.00, -39108, -590682, -171 
1719906801962.00, -32356, -591534, -139 
1719906801984.00, -26774, -592244, -112 
1719906802005.00, -21437, -592818, -87 
1719906802026.00, -12120, -593282, -46 
1719906802048.00, -6314, -593549, -24 
1719906802070.00, -2775, -593688, -35 
1719906802091.00, -547, -593752, -30 
1719906802113.00, 62, -593766, -39 
1719906802134.00, 882, -593765, -29 
1719906802155.00, 1380, -593752, 3 
1719906802176.00, 1723, -593723, 36 
1719906802198.00, 4203, -593686, 49 
1719906802219.00, 6537, -593596, 61 
1719906802241.00, 8537, -593463, 62 
1719906802262.00, 9898, -593277, 121 
1719906802284.00, 13774, -593049, 261 
1719906802306.00, 24944, -592755, 241 
1719906802328.00, 30022, -592237, 270 
1719906802349.00, 34779, -591588, 259 
1719906802371.00, 37061, -590827, 320 
1719906802393.00, 41907, -590018, 388 
1719906802414.00, 43893, -589117, 559 
1719906802435.00, 43967, -588166, 610 
1719906802458.00, 44005, -587203, 761 
1719906802479.00, 43628, -586245, 927 
1719906802500.00, 43937, -585301, 963 
1719906802522.00, 44192, -584340, 1131 
1719906802544.00, 43854, -583377, 1279 
1719906802566.00, 43794, -582430, 1311 
1719906802588.00, 43581, -581470, 1390 
1719906802609.00, 43701, -580509, 1457 
1719906802631.00, 43807, -579556, 1490 
1719906802654.00, 43924, -578607, 1539 
1719906802675.00, 43701, -577653, 1562 
1719906802696.00, 43657, -576703, 1572 
1719906802718.00, 43484, -575758, 1609 
1719906802740.00, 43664, -574805, 1620 
1719906802765.00, 43977, -573850, 1623 
1719906802783.00, 43704, -572894, 1642 
1719906802805.00, 43505, -571947, 1662 
1719906802826.00, 43612, -570996, 1654 
1719906802848.00, 43751, -570043, 1663 
1719906802871.00, 43718, -569101, 1696 
1719906802892.00, 43733, -568152, 1686 
1719906802913.00, 43559, -567194, 1699 
1719906802935.00, 43902, -566245, 1702 
1719906802956.00, 43703, -565298, 1711 
1719906802982.00, 43651, -564340, 1722 
1719906802999.00, 43694, -563388, 1726 
1719906803022.00, 43580, -562447, 1739 
1719906803043.00, 43699, -561493, 1744 
1719906803065.00, 43752, -560538, 1757 
1719906803087.00, 43430, -559595, 1753 
1719906803108.00, 43887, -558645, 1761 
1719906803130.00, 43889, -557689, 1763 
1719906803152.00, 43588, -556742, 1769 
1719906803173.00, 43575, -555795, 1783 
1719906803197.00, 43567, -554844, 1784 
1719906803218.00, 43711, -553887, 1788 
1719906803239.00, 43857, -552943, 1776 
1719906803260.00, 43706, -551999, 1763 
1719906803283.00, 43516, -551042, 1779 
1719906803309.00, 43693, -550090, 1780 
1719906803325.00, 43725, -549146, 1803 
1719906803348.00, 43626, -548190, 1786 
1719906803370.00, 43595, -547235, 1789 
1719906803391.00, 43694, -546288, 1810 
1719906803415.00, 43747, -545337, 1811 
1719906803435.00, 43639, -544386, 1836 
1719906803456.00, 43607, -543435, 1848 
1719906803478.00, 43688, -542490, 1872 
1719906803500.00, 43776, -541533, 1856 
1719906803521.00, 43644, -540581, 1868 
1719906803543.00, 43568, -539633, 1891 
1719906803565.00, 43530, -538680, 1888 
1719906803587.00, 43590, -537732, 1880 
1719906803608.00, 43847, -536784, 1906 
1719906803630.00, 43686, -535838, 1908 
1719906803652.00, 43552, -534881, 1893 
1719906803674.00, 43545, -533926, 1908 
1719906803695.00, 43689, -532981, 1915 
1719906803716.00, 43667, -532026, 1920 
1719906803739.00, 43620, -531072, 1909 
1719906803760.00, 43671, -530127, 1897 
1719906803782.00, 43841, -529179, 1899 
1719906803804.00, 43712, -528226, 1884 
1719906803826.00, 43585, -527276, 1888 
1719906803852.00, 43656, -526335, 1869 
1719906803869.00, 43766, -525381, 1890 
1719906803891.00, 43865, -524424, 1906 
1719906803912.00, 43692, -523478, 1922 
1719906803934.00, 43595, -522530, 1911 
1719906803956.00, 43638, -521573, 1901 
1719906803978.00, 43652, -520619, 1937 
1719906804000.00, 43837, -519679, 1941 
1719906804021.00, 43805, -518722, 1957 
1719906804043.00, 43552, -517769, 1970 
1719906804065.00, 43541, -516819, 2001 
1719906804087.00, 43747, -515869, 1995 
1719906804108.00, 43625, -514911, 1990 
1719906804130.00, 43812, -513959, 2018 
1719906804152.00, 43744, -513017, 2023 
1719906804173.00, 43694, -512068, 1986 
1719906804195.00, 43862, -511118, 1953 
1719906804217.00, 43502, -510177, 1964 
1719906804238.00, 43631, -509222, 1950 
1719906804259.00, 43951, -508269, 1903 
1719906804281.00, 43681, -507319, 1889 
1719906804304.00, 43703, -506372, 1895 
1719906804326.00, 43535, -505418, 1893 
1719906804347.00, 43579, -504467, 1871 
1719906804369.00, 43701, -503531, 1853 
1719906804391.00, 43777, -502576, 1872 
1719906804412.00, 43513, -501624, 1877 
1719906804434.00, 43699, -500673, 1875 
1719906804455.00, 43704, -499726, 1878 
1719906804477.00, 43583, -498769, 1861 
1719906804499.00, 43578, -497822, 1830 
1719906804521.00, 43687, -496881, 1844 
1719906804543.00, 43678, -495923, 1850 
1719906804564.00, 43810, -494970, 1872 
1719906804586.00, 43502, -494020, 1919 
1719906804608.00, 43551, -493075, 1909 
1719906804629.00, 43869, -492120, 1936 
1719906804651.00, 43698, -491165, 1961 
1719906804673.00, 43585, -490220, 1971 
1719906804695.00, 43650, -489262, 1992 
1719906804716.00, 43636, -488310, 2054 
1719906804738.00, 43934, -487361, 2108 
1719906804760.00, 43906, -486410, 2157 
1719906804782.00, 43581, -485456, 2182 
1719906804803.00, 43611, -484501, 2224 
1719906804825.00, 43644, -483556, 2241 
1719906804847.00, 43674, -482597, 2264 
1719906804868.00, 43970, -481640, 2298 
1719906804890.00, 43473, -480694, 2328 
1719906804912.00, 43516, -479749, 2325 
1719906804933.00, 43803, -478800, 2327 
1719906804956.00, 43732, -477848, 2346 
1719906804977.00, 43606, -476904, 2361 
1719906804999.00, 43713, -475947, 2342 
1719906805020.00, 43782, -474990, 2359 
1719906805042.00, 43699, -474049, 2369 
1719906805065.00, 43520, -473098, 2353 
1719906805086.00, 43590, -472146, 2371 
1719906805107.00, 43732, -471202, 2366 
1719906805129.00, 43763, -470257, 2378 
1719906805151.00, 43659, -469304, 2364 
1719906805172.00, 43603, -468347, 2363 
1719906805194.00, 43626, -467407, 2357 
1719906805216.00, 43626, -466450, 2346 
1719906805237.00, 43585, -465494, 2345 
1719906805259.00, 43694, -464551, 2314 
1719906805280.00, 43759, -463608, 2276 
1719906805302.00, 43668, -462655, 2287 
1719906805325.00, 43567, -461706, 2283 
1719906805346.00, 43454, -460766, 2266 
1719906805368.00, 43523, -459815, 2243 
1719906805391.00, 43722, -458866, 2202 
1719906805411.00, 43542, -457921, 2190 
1719906805433.00, 43560, -456976, 2183 
1719906805455.00, 43728, -456021, 2207 
1719906805476.00, 43530, -455071, 2195 
1719906805498.00, 43523, -454132, 2164 
1719906805520.00, 43798, -453183, 2133 
1719906805542.00, 43612, -452232, 2125 
1719906805564.00, 43533, -451287, 2097 
1719906805585.00, 43486, -450340, 2025 
1719906805609.00, 43286, -449392, 1904 
1719906805628.00, 43232, -448454, 1767 
1719906805650.00, 43161, -447529, 1531 
1719906805672.00, 43062, -446598, 1242 
1719906805693.00, 43151, -445664, 1051 
1719906805715.00, 43116, -444743, 835 
1719906805738.00, 43212, -443807, 694 
1719906805759.00, 43165, -442871, 610 
1719906805780.00, 43359, -441939, 521 
1719906805802.00, 43601, -441000, 513 
1719906805825.00, 43679, -440051, 534 
1719906805845.00, 43715, -439104, 563 
1719906805866.00, 43821, -438159, 592 
1719906805888.00, 43496, -437204, 629 
1719906805910.00, 43704, -436264, 608 
1719906805933.00, 43741, -435320, 598 
1719906805954.00, 43390, -434380, 549 
1719906805975.00, 43457, -433435, 447 
1719906805997.00, 43316, -432501, 330 
1719906806018.00, 24719, -431578, 223 
1719906806043.00, 13604, -431024, 144 
1719906806062.00, 6813, -430717, 114 
1719906806083.00, 2939, -430564, 75 
1719906806104.00, 549, -430497, 79 
1719906806126.00, -72, -430481, 67 
1719906806147.00, -857, -430483, 58 
1719906806168.00, -1365, -430496, 48 
1719906806189.00, -1742, -430523, 62 
1719906806211.00, -2022, -430558, 70 
1719906806231.00, -2062, -430602, 51 
1719906806255.00, -2047, -430648, 43 
1719906806275.00, -2090, -430691, 50 
1719906806296.00, -2060, -430734, 61 
1719906806317.00, -1988, -430777, 67 
1719906806339.00, -1917, -430820, 68 
1719906806361.00, -1815, -430860, 73 
1719906806382.00, -1831, -430898, 92 
1719906806403.00, -1782, -430936, 100 
1719906806425.00, -1720, -430979, 102 
1719906806446.00, -1644, -431013, 110 
1719906806467.00, -1549, -431047, 116 
1719906806489.00, -1571, -431083, 116 
1719906806510.00, -1603, -431118, 103 
1719906806532.00, -1609, -431153, 92 
1719906806553.00, -1530, -431188, 89 
1719906806574.00, -1433, -431220, 85 
1719906806597.00, -1507, -431253, 83 
1719906806617.00, -1510, -431285, 77 
1719906806638.00, -1314, -431318, 76 
1719906806660.00, -1230, -431346, 96 
1719906806682.00, -1093, -431371, 125 
1719906806703.00, -914, -431392, 173 
1719906806724.00, -802, -431406, 310 
1719906806746.00, -694, -431417, 444 
1719906806767.00, -536, -431427, 547 
1719906806788.00, -554, -431431, 719 
1719906806810.00, -490, -431440, 818 
1719906806831.00, -536, -431444, 947 
1719906806852.00, -496, -431453, 1035 
1719906806874.00, -451, -431460, 1129 
1719906806896.00, -587, -431465, 1253 
1719906806921.00, -608, -431476, 1305 
1719906806938.00, -673, -431488, 1376 
1719906806960.00, -740, -431500, 1427 
1719906806982.00, -809, -431512, 1470 
1719906807003.00, -801, -431530, 1487 
1719906807026.00, -987, -431546, 1473 
1719906807046.00, -1339, -431567, 1402 
1719906807067.00, -1810, -431600, 1251 
1719906807088.00, -2106, -431644, 1010 
1719906807110.00, -2183, -431703, 709 
1719906807136.00, -2191, -431763, 438 
1719906807154.00, -1974, -431825, 175 
1719906807175.00, -1824, -431892, -36 
1719906807197.00, -3630, -431947, -242 
1719906807218.00, -17451, -432032, -336 
1719906807240.00, -29692, -432407, -608 
1719906807262.00, -36628, -433038, -732 
1719906807283.00, -40713, -433827, -768 
1719906807305.00, -43236, -434720, -858 
1719906807326.00, -43859, -435658, -941 
1719906807347.00, -43739, -436602, -1003 
1719906807370.00, -43733, -437557, -1052 
1719906807392.00, -43803, -438516, -1059 
1719906807413.00, -43828, -439460, -1073 
1719906807435.00, -43753, -440414, -1105 
1719906807457.00, -43658, -441369, -1139 
1719906807478.00, -43953, -442321, -1172 
1719906807500.00, -43655, -443267, -1186 
1719906807522.00, -43683, -444224, -1202 
1719906807544.00, -43603, -445179, -1216 
1719906807565.00, -43694, -446125, -1211 
1719906807587.00, -43762, -447071, -1232 
1719906807609.00, -43804, -448023, -1216 
1719906807630.00, -43550, -448968, -1227 
1719906807652.00, -43503, -449918, -1252 
1719906807674.00, -43561, -450875, -1264 
1719906807696.00, -43705, -451829, -1247 
1719906807717.00, -43769, -452775, -1278 
1719906807739.00, -43608, -453724, -1292 
1719906807761.00, -43707, -454680, -1306 
1719906807783.00, -43786, -455619, -1266 
1719906807805.00, -43407, -456565, -1287 
1719906807826.00, -43388, -457524, -1287 
1719906807847.00, -43727, -458465, -1231 
1719906807869.00, -43776, -459406, -1189 
1719906807891.00, -43505, -460361, -1221 
1719906807913.00, -43413, -461314, -1213 
1719906807935.00, -43667, -462250, -1170 
1719906807956.00, -43782, -463195, -1186 
1719906807977.00, -43674, -464153, -1219 
1719906808000.00, -43783, -465103, -1211 
1719906808021.00, -43800, -466043, -1165 
1719906808043.00, -43588, -467003, -1227 
1719906808064.00, -43463, -467959, -1236 
1719906808087.00, -43657, -468900, -1177 
1719906808108.00, -43868, -469845, -1177 
1719906808130.00, -43684, -470810, -1211 
1719906808152.00, -43568, -471754, -1196 
1719906808173.00, -43608, -472695, -1208 
1719906808195.00, -43692, -473649, -1244 
1719906808217.00, -43518, -474601, -1231 
1719906808239.00, -43683, -475545, -1202 
1719906808260.00, -43788, -476500, -1242 
1719906808281.00, -43605, -477460, -1255 
1719906808304.00, -43701, -478399, -1191 
1719906808325.00, -43448, -479346, -1223 
1719906808347.00, -43654, -480301, -1260 
1719906808369.00, -43863, -481243, -1216 
1719906808391.00, -43610, -482187, -1208 
1719906808412.00, -43390, -483144, -1253 
1719906808434.00, -43598, -484100, -1213 
1719906808455.00, -43738, -485042, -1211 
1719906808477.00, -43910, -485989, -1268 
1719906808499.00, -43550, -486947, -1254 
1719906808521.00, -43663, -487894, -1211 
1719906808542.00, -43691, -488835, -1250 
1719906808565.00, -43584, -489787, -1243 
1719906808586.00, -43536, -490742, -1203 
1719906808608.00, -43764, -491690, -1247 
1719906808630.00, -43708, -492636, -1249 
1719906808651.00, -43808, -493598, -1244 
1719906808673.00, -43573, -494545, -1280 
1719906808695.00, -43433, -495487, -1263 
1719906808717.00, -43612, -496439, -1247 
1719906808738.00, -43779, -497394, -1250 
1719906808760.00, -43606, -498330, -1212 
1719906808783.00, -43576, -499279, -1202 
1719906808803.00, -43567, -500244, -1242 
1719906808825.00, -43734, -501188, -1189 
1719906808847.00, -43562, -502132, -1204 
1719906808868.00, -43657, -503096, -1270 
1719906808895.00, -43664, -504048, -1273 
1719906808912.00, -43713, -504984, -1207 
1719906808934.00, -43563, -505932, -1214 
1719906808956.00, -43631, -506893, -1221 
1719906808977.00, -43945, -507832, -1177 
1719906809003.00, -43756, -508784, -1244 
1719906809021.00, -43665, -509743, -1241 
1719906809042.00, -43575, -510691, -1177 
1719906809064.00, -43711, -511636, -1216 
1719906809086.00, -43751, -512584, -1216 
1719906809108.00, -43851, -513540, -1208 
1719906809129.00, -43612, -514481, -1217 
1719906809151.00, -43622, -515432, -1195 
1719906809173.00, -43700, -516394, -1198 
1719906809194.00, -43643, -517345, -1242 
1719906809216.00, -43658, -518288, -1207 
1719906809238.00, -43612, -519242, -1174 
1719906809260.00, -43677, -520196, -1188 
1719906809281.00, -43724, -521135, -1163 
1719906809303.00, -43527, -522081, -1151 
1719906809324.00, -43533, -523041, -1154 
1719906809347.00, -43679, -523985, -1142 
1719906809368.00, -43873, -524931, -1139 
1719906809390.00, -43545, -525890, -1130 
1719906809411.00, -43470, -526841, -1137 
1719906809435.00, -43551, -527781, -1133 
1719906809455.00, -43720, -528727, -1141 
1719906809477.00, -43571, -529684, -1126 
1719906809499.00, -43681, -530626, -1132 
1719906809520.00, -43532, -531570, -1135 
1719906809543.00, -43582, -532526, -1083 
1719906809564.00, -43479, -533482, -1098 
1719906809585.00, -43699, -534423, -1106 
1719906809607.00, -43800, -535373, -1087 
1719906809629.00, -43816, -536333, -1088 
1719906809652.00, -43484, -537274, -1102 
1719906809672.00, -43457, -538216, -1098 
1719906809694.00, -43696, -539171, -1064 
1719906809716.00, -43689, -540118, -1077 
1719906809738.00, -43641, -541063, -1077 
1719906809764.00, -43663, -542016, -1039 
1719906809780.00, -43698, -542975, -1012 
1719906809802.00, -43638, -543917, -1023 
1719906809824.00, -43529, -544860, -1003 
1719906809845.00, -43668, -545812, -968 
1719906809871.00, -43729, -546756, -982 
1719906809889.00, -43452, -547695, -972 
1719906809911.00, -43463, -548644, -917 
1719906809932.00, -43642, -549600, -939 
1719906809954.00, -43549, -550538, -938 
1719906809977.00, -43537, -551475, -894 
1719906809998.00, -43685, -552426, -861 
1719906810019.00, -43618, -553366, -859 
1719906810041.00, -43604, -554305, -837 
1719906810063.00, -43662, -555252, -782 
1719906810087.00, -43635, -556203, -788 
1719906810105.00, -43477, -557138, -774 
1719906810127.00, -43646, -558079, -720 
1719906810149.00, -43598, -559034, -708 
1719906810171.00, -43708, -559974, -707 
1719906810193.00, -43775, -560910, -666 
1719906810214.00, -43712, -561861, -624 
1719906810235.00, -43566, -562806, -610 
1719906810257.00, -43726, -563739, -581 
1719906810279.00, -43635, -564685, -555 
1719906810300.00, -43560, -565642, -548 
1719906810322.00, -43642, -566583, -552 
1719906810344.00, -43671, -567524, -529 
1719906810366.00, -43596, -568475, -500 
1719906810387.00, -43728, -569420, -525 
1719906810408.00, -43661, -570357, -488 
1719906810430.00, -43594, -571298, -451 
1719906810452.00, -43707, -572252, -448 
1719906810473.00, -43627, -573190, -438 
1719906810495.00, -43694, -574137, -428 
1719906810516.00, -43706, -575092, -415 
1719906810538.00, -43625, -576035, -396 
1719906810560.00, -43525, -576967, -376 
1719906810582.00, -43644, -577912, -358 
1719906810603.00, -43763, -578859, -347 
1719906810625.00, -43789, -579795, -308 
1719906810647.00, -43600, -580742, -289 
1719906810668.00, -42193, -581693, -299 
1719906810690.00, -41771, -582612, -282 
1719906810711.00, -40855, -583511, -260 
1719906810733.00, -38737, -584397, -254 
1719906810754.00, -37016, -585245, -251 
1719906810776.00, -35995, -586050, -212 
1719906810798.00, -33029, -586820, -161 
1719906810820.00, -28281, -587541, -112 
1719906810841.00, -22596, -588159, -92 
1719906810862.00, -17770, -588651, -64 
1719906810884.00, -13467, -589040, -50 
1719906810906.00, -10091, -589333, -64 
1719906810928.00, -9063, -589550, -69 
1719906810949.00, -8622, -589741, -51 
1719906810970.00, -7281, -589921, -41 
1719906810992.00, -5733, -590079, -23 
1719906811013.00, -3905, -590205, -2 
1719906811034.00, -1363, -590288, 18 
1719906811056.00, 678, -590312, 61 
1719906811079.00, 4930, -590302, 106 
1719906811099.00, 10505, -590217, 109 
1719906811121.00, 13467, -589990, 145 
1719906811142.00, 17722, -589695, 187 
1719906811163.00, 22539, -589320, 221 
1719906811187.00, 27371, -588841, 247 
1719906811207.00, 32044, -588248, 256 
1719906811229.00, 35443, -587553, 317 
1719906811251.00, 40593, -586784, 388 
1719906811272.00, 43686, -585921, 398 
1719906811294.00, 43780, -584972, 507 
1719906811316.00, 43891, -584013, 628 
1719906811337.00, 43731, -583062, 673 
1719906811358.00, 43713, -582119, 718 
1719906811380.00, 43925, -581158, 830 
1719906811405.00, 44102, -580200, 913 
1719906811424.00, 43628, -579242, 1126 
1719906811445.00, 43698, -578296, 1102 
1719906811467.00, 43635, -577337, 1183 
1719906811489.00, 43783, -576386, 1259 
1719906811511.00, 43887, -575437, 1286 
1719906811532.00, 43633, -574481, 1327 
1719906811554.00, 43687, -573524, 1331 
1719906811576.00, 43417, -572575, 1374 
1719906811597.00, 43924, -571620, 1414 
1719906811622.00, 43870, -570666, 1436 
1719906811641.00, 43797, -569718, 1468 
1719906811663.00, 43547, -568770, 1498 
1719906811684.00, 43519, -567818, 1504 
1719906811706.00, 43740, -566861, 1510 
1719906811727.00, 43909, -565914, 1549 
1719906811750.00, 43690, -564957, 1578 
1719906811771.00, 43475, -564002, 1582 
1719906811793.00, 43689, -563053, 1595 
1719906811815.00, 43768, -562107, 1617 
1719906811839.00, 43666, -561151, 1626 
1719906811858.00, 43622, -560200, 1643 
1719906811880.00, 43699, -559254, 1664 
1719906811902.00, 43656, -558299, 1686 
1719906811923.00, 43718, -557346, 1698 
1719906811951.00, 43648, -556396, 1709 
1719906811966.00, 43791, -555443, 1729 
1719906811989.00, 43711, -554492, 1749 
1719906812010.00, 43788, -553539, 1760 
1719906812032.00, 43657, -552596, 1781 
1719906812058.00, 43657, -551642, 1791 
1719906812075.00, 43483, -550689, 1807 
1719906812097.00, 43805, -549741, 1821 
1719906812119.00, 43887, -548789, 1827 
1719906812141.00, 43723, -547831, 1829 
1719906812163.00, 43502, -546881, 1837 
1719906812184.00, 43606, -545936, 1852 
1719906812206.00, 43788, -544978, 1864 
1719906812227.00, 43709, -544029, 1867 
1719906812249.00, 43776, -543082, 1872 
1719906812271.00, 43728, -542133, 1872 
1719906812292.00, 43679, -541176, 1863 
1719906812314.00, 43834, -540226, 1866 
1719906812337.00, 43697, -539281, 1878 
1719906812358.00, 43587, -538327, 1868 
1719906812383.00, 43695, -537375, 1865 
1719906812401.00, 43783, -536434, 1877 
1719906812423.00, 43687, -535481, 1876 
1719906812445.00, 43611, -534529, 1876 
1719906812466.00, 43488, -533575, 1893 
1719906812488.00, 43685, -532629, 1894 
1719906812510.00, 43725, -531677, 1885 
1719906812532.00, 43636, -530722, 1896 
1719906812553.00, 43587, -529781, 1929 
1719906812575.00, 43659, -528830, 1924 
1719906812596.00, 43641, -527874, 1920 
1719906812619.00, 43853, -526928, 1937 
1719906812640.00, 43702, -525982, 1951 
1719906812662.00, 43649, -525024, 1955 
1719906812684.00, 43803, -524073, 1942 
1719906812706.00, 43538, -523128, 1971 
1719906812727.00, 43339, -522179, 1929 
1719906812749.00, 43351, -521233, 1809 
1719906812771.00, 43068, -520310, 1549 
1719906812792.00, 43057, -519389, 1212 
1719906812814.00, 42875, -518462, 947 
1719906812835.00, 42981, -517539, 720 
1719906812857.00, 43006, -516627, 509 
1719906812879.00, 43032, -515688, 372 
1719906812900.00, 43191, -514754, 261 
1719906812922.00, 40139, -513839, 164 
1719906812944.00, 32842, -512970, 106 
1719906812965.00, 24800, -512252, 91 
1719906812987.00, 19150, -511708, 32 
1719906813008.00, 12033, -511287, 40 
1719906813030.00, 8571, -511019, 26 
1719906813051.00, 5553, -510834, 32 
1719906813073.00, 4222, -510711, 32 
1719906813094.00, 3465, -510618, 30 
1719906813115.00, 3126, -510544, 23 
1719906813137.00, 2349, -510477, 36 
1719906813158.00, 2589, -510425, 35 
1719906813180.00, 2886, -510369, 39 
1719906813202.00, 3133, -510310, 32 
1719906813223.00, 3008, -510246, 19 
1719906813245.00, 2207, -510188, 9 
1719906813265.00, 491, -510142, 18 
1719906813286.00, 611, -510127, 29 
1719906813309.00, 1373, -510113, 40 
1719906813330.00, 2573, -510086, 19 
1719906813352.00, 2057, -510031, 29 
1719906813373.00, 2356, -509984, 48 
1719906813397.00, 3689, -509930, 69 
1719906813416.00, 5693, -509851, 73 
1719906813438.00, 7096, -509726, 85 
1719906813459.00, 8622, -509570, 88 
1719906813481.00, 10074, -509384, 80 
1719906813502.00, 10151, -509170, 84 
1719906813524.00, 10261, -508948, 85 
1719906813545.00, 10481, -508717, 83 
1719906813567.00, 10522, -508492, 68 
1719906813588.00, 10157, -508262, 56 
1719906813610.00, 8901, -508047, 46 
1719906813631.00, 7539, -507856, 46 
1719906813653.00, 6869, -507697, 38 
1719906813674.00, 5865, -507554, 19 
1719906813696.00, 4030, -507430, 13 
1719906813717.00, 2637, -507340, 8 
1719906813739.00, 1056, -507284, -2 
1719906813760.00, 60, -507258, 6 
1719906813781.00, -49, -507256, 12 
1719906813805.00, 67, -507256, 31 
1719906813824.00, 1419, -507253, 32 
1719906813845.00, 2284, -507225, 37 
1719906813866.00, 3197, -507179, 37 
1719906813888.00, 3806, -507114, 36 
1719906813910.00, 4002, -507034, 33 
1719906813931.00, 3951, -506953, 30 
1719906813953.00, 3717, -506867, 29 
1719906813974.00, 3627, -506787, 28 
1719906813995.00, 3419, -506709, 27 
1719906814017.00, 3185, -506633, 29 
1719906814038.00, 3280, -506563, 30 
1719906814059.00, 3419, -506490, 32 
1719906814081.00, 3523, -506416, 33 
1719906814103.00, 3653, -506338, 33 
1719906814124.00, 3666, -506257, 33 
1719906814145.00, 3920, -506175, 32 
1719906814167.00, 3966, -506096, 31 
1719906814188.00, 3793, -506011, 30 
1719906814210.00, 3658, -505924, 30 
1719906814231.00, 3740, -505844, 31 
1719906814253.00, 3867, -505763, 31 
1719906814274.00, 3904, -505681, 31 
1719906814295.00, 3674, -505593, 32 
1719906814317.00, 3871, -505510, 33 
1719906814339.00, 3999, -505430, 32 
1719906814360.00, 3878, -505346, 31 
1719906814382.00, 4023, -505261, 31 
1719906814403.00, 4012, -505178, 31 
1719906814425.00, 3896, -505091, 31 
1719906814446.00, 4101, -505005, 32 
1719906814472.00, 4222, -504920, 29 
1719906814489.00, 4089, -504827, 45 
1719906814510.00, 4982, -504739, 95 
1719906814532.00, 8568, -504626, 151 
1719906814554.00, 14004, -504446, 201 
1719906814575.00, 20251, -504155, 214 
1719906814597.00, 25024, -503725, 242 
1719906814619.00, 29175, -503187, 259 
1719906814640.00, 32748, -502550, 282 
1719906814662.00, 36037, -501845, 280 
1719906814683.00, 37852, -501076, 262 
1719906814705.00, 37966, -500263, 217 
1719906814727.00, 35303, -499431, 175 
1719906814748.00, 30777, -498670, 118 
1719906814770.00, 24979, -497999, 56 
1719906814795.00, 17641, -497464, 8 
1719906814815.00, 9887, -497080, -14 
1719906814835.00, 4602, -496856, -28 
1719906814856.00, 537, -496750, -64 
1719906814877.00, -3473, -496735, -89 
1719906814902.00, -7962, -496800, -96 
1719906814921.00, -10824, -496964, -115 
1719906814941.00, -13633, -497192, -129 
1719906814964.00, -16488, -497482, -132 
1719906814986.00, -17982, -497824, -125 
1719906815012.00, -18402, -498204, -110 
1719906815028.00, -17852, -498605, -100 
1719906815050.00, -16706, -498991, -97 
1719906815072.00, -15867, -499359, -102 
1719906815094.00, -16133, -499714, -117 
1719906815116.00, -16853, -500062, -119 
1719906815137.00, -17182, -500428, -107 
1719906815159.00, -16850, -500799, -103 
1719906815180.00, -16304, -501163, -123 
1719906815201.00, -17295, -501516, -135 
1719906815228.00, -18801, -501892, -142 
1719906815245.00, -19949, -502292, -167 
1719906815267.00, -21784, -502723, -158 
1719906815288.00, -22612, -503205, -172 
1719906815310.00, -23590, -503697, -167 
1719906815331.00, -24097, -504202, -129 
1719906815352.00, -22009, -504721, -157 
1719906815374.00, -22609, -505200, -131 
1719906815397.00, -21358, -505682, -113 
1719906815418.00, -19454, -506150, -105 
1719906815439.00, -17735, -506580, -129 
1719906815462.00, -18360, -506971, -106 
1719906815483.00, -17300, -507361, -127 
1719906815505.00, -17748, -507733, -101 
1719906815526.00, -16600, -508116, -111 
1719906815548.00, -16336, -508480, -108 
1719906815570.00, -16105, -508836, -102 
1719906815591.00, -15808, -509188, -91 
1719906815613.00, -14661, -509535, -95 
1719906815634.00, -14295, -509855, -67 
1719906815656.00, -12609, -510170, -73 
1719906815677.00, -11865, -510432, -59 
1719906815699.00, -10682, -510681, -9 
1719906815720.00, -6253, -510906, -33 
1719906815742.00, -5609, -511044, -20 
1719906815763.00, -4308, -511162, -22 
1719906815785.00, -3759, -511256, -17 
1719906815806.00, -3187, -511338, -48 
1719906815828.00, -4612, -511410, -51 
1719906815849.00, -5798, -511509, -67 
1719906815871.00, -7357, -511637, -118 
1719906815892.00, -11254, -511798, -143 
1719906815914.00, -15604, -512040, -165 
1719906815936.00, -19426, -512367, -181 
1719906815957.00, -22249, -512782, -184 
1719906815979.00, -23881, -513264, -183 
1719906816000.00, -24769, -513782, -179 
1719906816022.00, -25467, -514315, -166 
1719906816044.00, -24862, -514859, -144 
1719906816066.00, -23208, -515401, -138 
1719906816087.00, -21972, -515911, -107 
1719906816110.00, -19139, -516395, -126 
1719906816131.00, -18632, -516816, -103 
1719906816152.00, -17133, -517211, -54 
1719906816174.00, -13304, -517573, -19 
1719906816195.00, -8942, -517860, 2 
1719906816220.00, -4929, -518051, 25 
1719906816237.00, -1099, -518167, 24 
1719906816258.00, 684, -518193, 35 
1719906816280.00, 2558, -518180, 69 
1719906816302.00, 5913, -518133, 73 
1719906816322.00, 8286, -518012, 80 
1719906816344.00, 9897, -517835, 96 
1719906816366.00, 11574, -517626, 70 
1719906816388.00, 11286, -517376, 36 
1719906816410.00, 9174, -517138, 25 
1719906816431.00, 7041, -516942, 20 
1719906816452.00, 5352, -516786, 21 
1719906816474.00, 4556, -516668, 18 
1719906816495.00, 3928, -516570, 20 
1719906816516.00, 3757, -516482, 25 
1719906816540.00, 3914, -516402, 18 
1719906816559.00, 3561, -516319, 2 
1719906816581.00, 2233, -516244, -18 
1719906816603.00, 219, -516196, -39 
1719906816624.00, -1681, -516189, -65 
1719906816646.00, -4914, -516218, -88 
1719906816667.00, -8310, -516318, -115 
1719906816689.00, -11742, -516494, -131 
1719906816710.00, -14811, -516747, -148 
1719906816732.00, -18140, -517062, -160 
1719906816754.00, -20245, -517438, -179 
1719906816774.00, -22791, -517874, -200 
1719906816797.00, -25730, -518365, -224 
1719906816819.00, -28755, -518915, -237 
1719906816840.00, -31197, -519538, -244 
1719906816862.00, -33179, -520210, -249 
1719906816883.00, -34607, -520918, -249 
1719906816905.00, -35478, -521660, -250 
1719906816926.00, -35879, -522434, -258 
1719906816948.00, -36923, -523219, -271 
1719906816970.00, -38232, -524003, -278 
1719906816992.00, -39371, -524823, -292 
1719906817014.00, -40817, -525679, -305 
1719906817035.00, -42327, -526566, -311 
1719906817056.00, -43431, -527469, -315 
1719906817078.00, -43433, -528410, -321 
1719906817100.00, -43820, -529367, -328 
1719906817122.00, -43951, -530309, -329 
1719906817143.00, -43525, -531247, -330 
1719906817165.00, -43565, -532200, -336 
1719906817186.00, -43772, -533154, -331 
1719906817208.00, -43531, -534098, -358 
1719906817230.00, -43704, -535041, -329 
1719906817251.00, -43989, -536002, -348 
1719906817273.00, -43636, -536945, -362 
1719906817294.00, -43651, -537880, -353 
1719906817316.00, -43782, -538832, -362 
1719906817338.00, -43669, -539781, -376 
1719906817359.00, -43551, -540721, -373 
1719906817381.00, -43901, -541669, -365 
1719906817402.00, -43655, -542627, -369 
1719906817424.00, -43598, -543568, -376 
1719906817446.00, -43551, -544507, -377 
1719906817468.00, -43701, -545460, -376 
1719906817489.00, -43613, -546404, -380 
1719906817511.00, -43938, -547347, -381 
1719906817532.00, -43724, -548295, -384 
1719906817554.00, -43675, -549251, -392 
1719906817575.00, -43434, -550194, -397 
1719906817598.00, -43765, -551137, -400 
1719906817619.00, -43738, -552090, -405 
1719906817641.00, -43660, -553036, -401 
1719906817662.00, -43741, -553972, -397 
1719906817684.00, -43702, -554922, -401 
1719906817706.00, -43376, -555877, -413 
1719906817727.00, -43478, -556815, -419 
1719906817749.00, -43828, -557759, -418 
1719906817770.00, -43894, -558713, -422 
1719906817792.00, -43625, -559659, -425 
1719906817814.00, -43713, -560601, -424 
1719906817835.00, -43686, -561549, -426 
1719906817857.00, -43599, -562499, -431 
1719906817879.00, -43932, -563435, -428 
1719906817900.00, -43771, -564379, -422 
1719906817922.00, -43545, -565339, -432 
1719906817944.00, -43754, -566282, -439 
1719906817966.00, -43787, -567227, -437 
1719906817987.00, -43583, -568177, -441 
1719906818008.00, -43709, -569127, -448 
1719906818030.00, -43621, -570063, -451 
1719906818052.00, -43810, -571006, -448 
1719906818076.00, -43578, -571958, -451 
1719906818095.00, -43669, -572904, -452 
1719906818117.00, -43655, -573849, -453 
1719906818138.00, -43726, -574802, -455 
1719906818159.00, -43760, -575752, -454 
1719906818184.00, -43776, -576686, -453 
1719906818203.00, -43476, -577630, -452 
1719906818224.00, -43713, -578581, -458 
1719906818246.00, -43797, -579525, -455 
1719906818268.00, -43582, -580466, -450 
1719906818290.00, -43571, -581422, -454 
1719906818311.00, -43730, -582372, -458 
1719906818333.00, -43595, -583310, -462 
1719906818355.00, -43753, -584257, -465 
1719906818376.00, -43808, -585208, -474 
1719906818398.00, -43615, -586150, -475 
1719906818419.00, -43560, -587094, -470 
1719906818441.00, -43786, -588042, -471 
1719906818463.00, -43651, -588991, -472 
1719906818484.00, -43513, -589928, -471 
1719906818508.00, -43693, -590876, -473 
1719906818527.00, -43849, -591829, -476 
1719906818550.00, -43718, -592770, -475 
1719906818570.00, -25601, -593714, -470 
1719906818593.00, -14650, -594296, -458 
1719906818615.00, -8257, -594632, -478 
1719906818635.00, -4419, -594817, -486 
1719906818657.00, -2235, -594916, -493 
1719906818679.00, -881, -594967, -500 
1719906818700.00, -33, -594988, -502 
1719906818722.00, 12, -594991, -491 
1719906818743.00, 62, -594991, -475 
1719906818764.00, 84, -594989, -463 
1719906818786.00, 380, -594988, -445 
1719906818807.00, 671, -594982, -416 
1719906818829.00, 810, -594967, -384 
1719906818851.00, 910, -594948, -350 
1719906818872.00, 987, -594928, -304 
1719906818894.00, 991, -594902, -267 
1719906818915.00, 897, -594881, -244 
1719906818937.00, 848, -594860, -234 
1719906818959.00, 865, -594841, -225 
1719906818980.00, 820, -594821, -215 
1719906819002.00, 796, -594804, -204 
1719906819023.00, 713, -594786, -198 
1719906819044.00, 664, -594769, -210 
1719906819066.00, 679, -594756, -223 
1719906819088.00, 675, -594742, -223 
1719906819108.00, 613, -594728, -222 
1719906819131.00, 577, -594715, -227 
1719906819152.00, 546, -594703, -224 
1719906819174.00, 559, -594688, -217 
1719906819195.00, 532, -594677, -211 
1719906819217.00, 518, -594666, -210 
1719906819239.00, 525, -594655, -210 
1719906819260.00, 506, -594644, -208 
1719906819282.00, 493, -594632, -203 
1719906819303.00, 462, -594621, -205 
1719906819324.00, 493, -594610, -207 
1719906819346.00, 513, -594601, -202 
1719906819367.00, 463, -594589, -199 
1719906819389.00, 462, -594579, -203 
1719906819410.00, 453, -594568, -204 
1719906819432.00, 432, -594560, -198 
1719906819454.00, 397, -594550, -195 
1719906819475.00, 376, -594540, -194 
1719906819501.00, 392, -594533, -195 
1719906819519.00, 382, -594524, -188 
1719906819540.00, 352, -594515, -179 
1719906819561.00, 301, -594507, -179 
1719906819583.00, 300, -594500, -184 
1719906819608.00, 310, -594494, -180 
1719906819626.00, 325, -594486, -169 
1719906819648.00, 349, -594480, -161 
1719906819669.00, 329, -594472, -155 
1719906819691.00, 306, -594464, -150 
1719906819716.00, 329, -594458, -148 
1719906819734.00, 334, -594451, -147 
1719906819756.00, 351, -594443, -148 
1719906819777.00, 336, -594436, -147 
1719906819799.00, 309, -594428, -145 
1719906819822.00, 273, -594422, -143 
1719906819842.00, 269, -594416, -143 
1719906819863.00, 282, -594412, -143 
1719906819885.00, 279, -594404, -142 
1719906819906.00, 263, -594400, -141 
1719906819931.00, 237, -594393, -142 
1719906819949.00, 216, -594388, -145 
1719906819971.00, 212, -594384, -144 
1719906819993.00, 214, -594378, -143 
1719906820014.00, 214, -594374, -142 
1719906820036.00, 220, -594369, -140 
1719906820057.00, 232, -594364, -132 
1719906820079.00, 236, -594359, -122 
1719906820101.00, 263, -594353, -109 
1719906820122.00, 271, -594346, -94 
1719906820143.00, 305, -594339, -71 
1719906820164.00, 303, -594331, -36 
1719906820186.00, 191, -594323, -15 
1719906820207.00, 127, -594318, -29 
1719906820229.00, 117, -594316, -27 
1719906820250.00, 103, -594313, -37 
1719906820272.00, 77, -594312, -51 
1719906820293.00, 82, -594310, -67 
1719906820315.00, 68, -594310, -78 
1719906820336.00, 76, -594309, -96 
1719906820357.00, 86, -594308, -103 
1719906820380.00, 90, -594305, -103 
1719906820401.00, 106, -594305, -104 
1719906820422.00, 112, -594303, -109 
1719906820444.00, 116, -594300, -113 
1719906820465.00, 101, -594298, -113 
1719906820487.00, 104, -594295, -112 
1719906820508.00, 105, -594294, -115 
1719906820530.00, 99, -594292, -116 
1719906820552.00, 98, -594289, -116 
1719906820573.00, 91, -594287, -115 
1719906820594.00, 80, -594285, -121 
1719906820615.00, 77, -594284, -126 
1719906820637.00, 89, -594283, -125 
1719906820658.00, 107, -594280, -118 
1719906820680.00, 91, -594278, -117 
1719906820701.00, 81, -594275, -126 
1719906820722.00, 68, -594276, -134 
1719906820744.00, 68, -594274, -138 
1719906820766.00, 41, -594272, -142 
1719906820787.00, 49, -594270, -150 
1719906820816.00, 61, -594270, -152 
1719906820830.00, 67, -594268, -150 
1719906820852.00, 63, -594268, -151 
1719906820873.00, 70, -594266, -154 
1719906820895.00, 69, -594265, -158 
1719906820915.00, 62, -594264, -162 
1719906820937.00, 61, -594262, -167 
1719906820959.00, 59, -594261, -173 
1719906820980.00, 48, -594260, -178 
1719906821002.00, 60, -594259, -182 
1719906821023.00, 59, -594258, -185 
1719906821044.00, 54, -594257, -189 
1719906821066.00, 56, -594257, -200 
1719906821088.00, 60, -594255, -201 
1719906821109.00, 44, -594254, -201 
1719906821136.00, 57, -594254, -206 
1719906821152.00, 7, -594254, -221 
1719906821173.00, 68, -594253, -224 
1719906821194.00, 8, -594252, -224 
1719906821216.00, 42, -594252, -231 
1719906821240.00, 46, -594252, -238 
1719906821259.00, 57, -594250, -238 
1719906821280.00, 48, -594249, -238 
1719906821302.00, 89, -594248, -232 
1719906821324.00, 105, -594247, -219 
1719906821345.00, 150, -594244, -206 
1719906821366.00, 173, -594240, -187 
1719906821388.00, 138, -594236, -166 
1719906821410.00, 106, -594233, -153 
1719906821431.00, 81, -594230, -148 
1719906821453.00, 62, -594228, -145 
1719906821474.00, 27, -594227, -140 
1719906821495.00, 19, -594225, -138 
1719906821517.00, 7, -594224, -137 
1719906821538.00, 67, -594223, -135 
1719906821560.00, 8, -594223, -132 
1719906821581.00, 64, -594222, -129 
1719906821603.00, 62, -594220, -128 
1719906821624.00, 56, -594220, -127 
1719906821645.00, 43, -594219, -124 
1719906821667.00, 46, -594217, -123 
1719906821689.00, 58, -594216, -121 
1719906821709.00, 27, -594215, -117 
1719906821732.00, 25, -594214, -112 
1719906821753.00, 26, -594212, -108 
1719906821774.00, 33, -594212, -105 
1719906821795.00, 30, -594211, -105 
1719906821817.00, 68, -594211, -103 
1719906821839.00, 64, -594209, -100 
1719906821860.00, 64, -594207, -79 
1719906821882.00, 57, -594206, -89 
1719906821903.00, 62, -594205, -80 
1719906821924.00, 67, -594203, -78 
1719906821946.00, 18, -594203, -85 
1719906821967.00, 64, -594203, -90 
1719906821989.00, 66, -594203, -90 
1719906822011.00, -5, -594201, -92 
1719906822031.00, 4, -594202, -95 
1719906822052.00, 1, -594201, -97 
1719906822073.00, 0, -594201, -95 
1719906822095.00, 0, -594201, -97 
1719906822115.00, -4, -594199, -98 
1719906822141.00, 0, -594200, -99 
1719906822158.00, 0, -594199, -95 
1719906822179.00, 0, -594200, -96 
1719906822201.00, -5, -594200, -99 
1719906822222.00, 0, -594199, -98 
1719906822243.00, 0, -594198, -74 
1719906822264.00, 0, -594197, -67 
1719906822285.00, 0, -594197, -83 
1719906822306.00, -23, -594198, -87 
1719906822328.00, -39, -594198, -92 
1719906822349.00, 25, -594199, -100 
1719906822371.00, 22, -594198, -99 
1719906822392.00, 0, -594198, -90 
1719906822413.00, 0, -594198, -87 
1719906822435.00, 0, -594197, -88 
1719906822455.00, 0, -594197, -89 
1719906822477.00, -3, -594198, -88 
1719906822498.00, 0, -594198, -83 
1719906822519.00, 0, -594197, -80 
1719906822540.00, 0, -594196, -75 
1719906822561.00, 0, -594196, -71 
1719906822583.00, -1, -594195, -62 
1719906822604.00, 0, -594193, -20 
1719906822625.00, 0, -594194, -20 
1719906822646.00, 0, -594194, -31 
1719906822668.00, 0, -594193, -23 
1719906822689.00, 0, -594192, -1 
1719906822710.00, 0, -594191, -10 
1719906822730.00, 17, -594190, 1 
1719906822752.00, 0, -594188, 38 
1719906822776.00, 2357, -594188, 21 
1719906822795.00, 2645, -594142, 9 
1719906822816.00, 1628, -594086, 0 
1719906822837.00, 988, -594049, 11 
1719906822859.00, 1312, -594027, 6 
1719906822884.00, 798, -594003, -12 
1719906822901.00, 462, -593986, -27 
1719906822923.00, 263, -593975, -20 
1719906822945.00, 132, -593969, -7 
1719906822966.00, 43, -593966, -3 
1719906822987.00, 42, -593964, -3 
1719906823009.00, 64, -593962, 11 
1719906823030.00, 753, -593960, 29 
1719906823051.00, 2270, -593945, 34 
1719906823073.00, 3312, -593897, 50 
1719906823094.00, 4804, -593825, 49 
1719906823116.00, 5815, -593720, 45 
1719906823137.00, 6130, -593597, 40 
1719906823159.00, 5891, -593464, 42 
1719906823180.00, 5906, -593333, 38 
1719906823202.00, 5814, -593206, 32 
1719906823223.00, 5309, -593081, 27 
1719906823244.00, 4694, -592964, 27 
1719906823266.00, 4436, -592861, 21 
1719906823288.00, 3793, -592769, 15 
1719906823309.00, 3097, -592687, 9 
1719906823331.00, 1834, -592623, 2 
1719906823352.00, 1123, -592583, 2 
1719906823373.00, 652, -592557, 13 
1719906823395.00, 1214, -592541, 42 
1719906823416.00, 3429, -592513, 91 
1719906823438.00, 7474, -592433, 166 
1719906823460.00, 14694, -592265, 240 
1719906823481.00, 23063, -591951, 343 
1719906823502.00, 32972, -591447, 427 
1719906823524.00, 38720, -590723, 752 
1719906823545.00, 41919, -589888, 803 
1719906823567.00, 43799, -588979, 982 
1719906823589.00, 43757, -588021, 1201 
1719906823611.00, 43724, -587055, 1338 
1719906823633.00, 44035, -586092, 1500 
1719906823654.00, 43931, -585129, 1674 
1719906823677.00, 43960, -584164, 1887 
1719906823698.00, 43854, -583204, 2039 
1719906823719.00, 43551, -582253, 2120 
1719906823741.00, 43502, -581294, 2174 
1719906823763.00, 43747, -580339, 2192 
1719906823785.00, 43762, -579396, 2122 
1719906823806.00, 43718, -578447, 2147 
1719906823828.00, 43654, -577497, 2114 
1719906823850.00, 43591, -576542, 2178 
1719906823872.00, 43928, -575596, 2204 
1719906823893.00, 43821, -574645, 2193 
1719906823915.00, 43530, -573686, 2263 
1719906823937.00, 43489, -572736, 2287 
1719906823958.00, 43703, -571783, 2259 
1719906823981.00, 43862, -570834, 2272 
1719906824002.00, 43798, -569883, 2293 
1719906824024.00, 43447, -568937, 2295 
1719906824045.00, 43472, -567988, 2320 
1719906824067.00, 43799, -567031, 2327 
1719906824094.00, 43680, -566084, 2344 
1719906824110.00, 43767, -565129, 2335 
1719906824132.00, 43862, -564173, 2367 
1719906824154.00, 43535, -563220, 2432 
1719906824176.00, 43634, -562273, 2453 
1719906824199.00, 43672, -561323, 2476 
1719906824219.00, 43501, -560370, 2471 
1719906824241.00, 43809, -559421, 2506 
1719906824263.00, 43776, -558475, 2513 
1719906824284.00, 43619, -557522, 2506 
1719906824309.00, 43635, -556570, 2529 
1719906824327.00, 43628, -555626, 2525 
1719906824350.00, 43734, -554675, 2503 
1719906824371.00, 43770, -553719, 2490 
1719906824393.00, 43646, -552777, 2504 
1719906824415.00, 43748, -551825, 2520 
1719906824436.00, 43600, -550874, 2501 
1719906824458.00, 43648, -549922, 2509 
1719906824480.00, 43856, -548981, 2497 
1719906824501.00, 43689, -548026, 2494 
1719906824526.00, 43707, -547069, 2514 
1719906824545.00, 43777, -546123, 2534 
1719906824567.00, 43703, -545172, 2524 
1719906824589.00, 43579, -544217, 2550 
1719906824610.00, 43609, -543273, 2536 
1719906824636.00, 43909, -542327, 2528 
1719906824653.00, 43659, -541374, 2495 
1719906824675.00, 43541, -540421, 2492 
1719906824697.00, 43589, -539475, 2490 
1719906824719.00, 43643, -538528, 2461 
1719906824743.00, 43571, -537578, 2431 
1719906824762.00, 43662, -536636, 2425 
1719906824783.00, 43573, -535693, 2390 
1719906824805.00, 43684, -534741, 2350 
1719906824827.00, 43734, -533789, 2348 
1719906824849.00, 43442, -532844, 2337 
1719906824871.00, 43594, -531890, 2293 
1719906824893.00, 43755, -530942, 2268 
1719906824915.00, 43466, -530000, 2256 
1719906824936.00, 43379, -529054, 2233 
1719906824957.00, 43604, -528105, 2192 
1719906824980.00, 43556, -527159, 2177 
1719906825001.00, 43831, -526218, 2169 
1719906825023.00, 43554, -525265, 2157 
1719906825044.00, 43788, -524315, 2118 
1719906825067.00, 43645, -523372, 2111 
1719906825088.00, 43582, -522426, 2073 
1719906825110.00, 43534, -521472, 2024 
1719906825132.00, 43867, -520524, 2012 
1719906825153.00, 43639, -519587, 2000 
1719906825175.00, 43508, -518631, 1991 
1719906825197.00, 43497, -517683, 1953 
1719906825219.00, 43650, -516740, 1943 
1719906825241.00, 43598, -515788, 1911 
1719906825261.00, 43513, -514837, 1873 
1719906825283.00, 43608, -513894, 1815 
1719906825305.00, 43739, -512948, 1796 
1719906825327.00, 43555, -511999, 1774 
1719906825348.00, 43491, -511052, 1723 
1719906825371.00, 43515, -510114, 1700 
1719906825392.00, 43639, -509164, 1647 
1719906825414.00, 43682, -508213, 1607 
1719906825436.00, 43532, -507267, 1559 
1719906825457.00, 43567, -506318, 1502 
1719906825479.00, 43461, -505369, 1469 
1719906825501.00, 43377, -504425, 1392 
1719906825523.00, 43502, -503488, 1361 
1719906825545.00, 43690, -502542, 1276 
1719906825566.00, 43536, -501599, 1176 
1719906825588.00, 43425, -500654, 1128 
1719906825610.00, 43411, -499710, 1033 
1719906825631.00, 43295, -498763, 883 
1719906825653.00, 43671, -497828, 806 
1719906825674.00, 43612, -496894, 802 
1719906825696.00, 43390, -495946, 720 
1719906825717.00, 43806, -495009, 620 
1719906825740.00, 43532, -494074, 590 
1719906825761.00, 43434, -493130, 548 
1719906825783.00, 43474, -492184, 491 
1719906825804.00, 43433, -491246, 457 
1719906825826.00, 43495, -490306, 431 
1719906825847.00, 43739, -489353, 414 
1719906825869.00, 43687, -488413, 383 
1719906825891.00, 43683, -487478, 353 
1719906825913.00, 43610, -486528, 332 
1719906825934.00, 43475, -485584, 307 
1719906825956.00, 43370, -484647, 277 
1719906825978.00, 41741, -483711, 252 
1719906825999.00, 38951, -482797, 247 
1719906826021.00, 36933, -481953, 237 
1719906826042.00, 35396, -481163, 214 
1719906826064.00, 32886, -480403, 184 
1719906826086.00, 29502, -479686, 164 
1719906826107.00, 26403, -479043, 142 
1719906826129.00, 23186, -478475, 140 
1719906826150.00, 21160, -477979, 124 
1719906826171.00, 19007, -477524, 125 
1719906826193.00, 17753, -477100, 140 
1719906826216.00, 18158, -476708, 154 
1719906826237.00, 18981, -476313, 149 
1719906826258.00, 19333, -475904, 141 
1719906826281.00, 18959, -475483, 153 
1719906826302.00, 19649, -475072, 157 
1719906826323.00, 20105, -474654, 151 
1719906826345.00, 20204, -474222, 149 
1719906826367.00, 19804, -473779, 156 
1719906826388.00, 20009, -473345, 146 
1719906826410.00, 19849, -472904, 131 
1719906826432.00, 19026, -472473, 123 
1719906826453.00, 17666, -472069, 115 
1719906826475.00, 16582, -471689, 112 
1719906826497.00, 15613, -471334, 117 
1719906826519.00, 15479, -471000, 97 
1719906826540.00, 13953, -470667, 89 
1719906826561.00, 13041, -470355, 78 
1719906826583.00, 11746, -470073, 78 
1719906826604.00, 10831, -469811, 78 
1719906826625.00, 10584, -469575, 87 
1719906826648.00, 10709, -469351, 84 
1719906826669.00, 10517, -469125, 84 
1719906826691.00, 10480, -468894, 77 
1719906826717.00, 10430, -468668, 75 
1719906826734.00, 9929, -468447, 93 
1719906826755.00, 10645, -468233, 89 
1719906826777.00, 10973, -468009, 69 
1719906826798.00, 10071, -467777, 51 
1719906826819.00, 8310, -467558, 40 
1719906826841.00, 6619, -467377, 41 
1719906826863.00, 5830, -467230, 37 
1719906826884.00, 5020, -467104, 30 
1719906826906.00, 4335, -466995, 28 
1719906826927.00, 3721, -466902, 36 
1719906826948.00, 3949, -466820, 47 
1719906826970.00, 4653, -466734, 57 
1719906826991.00, 5469, -466631, 73 
1719906827013.00, 6947, -466515, 69 
1719906827034.00, 7693, -466367, 65 
1719906827056.00, 7984, -466200, 72 
1719906827077.00, 8512, -466025, 84 
1719906827099.00, 9472, -465837, 89 
1719906827120.00, 10486, -465633, 94 
1719906827142.00, 11218, -465402, 118 
1719906827164.00, 13248, -465161, 143 
1719906827185.00, 15980, -464876, 155 
1719906827206.00, 18309, -464542, 128 
1719906827228.00, 18129, -464142, 141 
1719906827250.00, 18645, -463743, 170 
1719906827272.00, 20873, -463330, 159 
1719906827293.00, 21366, -462887, 154 
1719906827315.00, 21408, -462417, 191 
1719906827337.00, 23552, -461957, 193 
1719906827358.00, 25446, -461454, 173 
1719906827379.00, 25238, -460912, 180 
1719906827402.00, 25242, -460362, 193 
1719906827423.00, 26276, -459811, 190 
1719906827445.00, 26689, -459243, 170 
1719906827466.00, 25527, -458676, 161 
1719906827488.00, 24129, -458128, 151 
1719906827510.00, 22798, -457600, 123 
1719906827531.00, 20231, -457095, 107 
1719906827553.00, 17815, -456648, 113 
1719906827575.00, 16638, -456256, 116 
1719906827596.00, 16309, -455890, 111 
1719906827618.00, 15837, -455540, 100 
1719906827639.00, 14998, -455199, 107 
1719906827661.00, 15088, -454881, 104 
1719906827683.00, 14696, -454558, 106 
1719906827704.00, 14545, -454238, 108 
1719906827726.00, 14640, -453915, 122 
1719906827748.00, 15264, -453590, 131 
1719906827769.00, 16358, -453259, 125 
1719906827791.00, 16796, -452903, 132 
1719906827812.00, 17382, -452537, 139 
1719906827834.00, 18343, -452161, 145 
1719906827855.00, 19160, -451769, 148 
1719906827877.00, 19790, -451355, 155 
1719906827899.00, 20854, -450922, 162 
1719906827921.00, 21468, -450466, 162 
1719906827942.00, 22112, -449995, 164 
1719906827964.00, 22481, -449516, 160 
1719906827985.00, 22281, -449032, 159 
1719906828007.00, 22684, -448549, 158 
1719906828029.00, 22386, -448065, 148 
1719906828050.00, 21855, -447581, 126 
1719906828072.00, 19844, -447103, 116 
1719906828093.00, 18168, -446668, 107 
1719906828115.00, 16732, -446267, 103 
1719906828140.00, 15662, -445909, 88 
1719906828158.00, 13960, -445573, 76 
1719906828180.00, 12551, -445276, 58 
1719906828202.00, 10477, -445010, 50 
1719906828223.00, 8697, -444781, 44 
1719906828248.00, 7333, -444596, 35 
1719906828266.00, 5934, -444434, 30 
1719906828287.00, 4945, -444301, 32 
1719906828309.00, 4614, -444193, 32 
1719906828330.00, 4161, -444093, 42 
1719906828356.00, 4453, -443994, 52 
1719906828373.00, 5361, -443893, 56 
1719906828395.00, 6351, -443778, 59 
1719906828416.00, 7080, -443644, 68 
1719906828437.00, 7885, -443494, 66 
1719906828459.00, 8225, -443325, 63 
1719906828481.00, 8061, -443146, 70 
1719906828502.00, 8725, -442967, 74 
1719906828524.00, 9211, -442785, 67 
1719906828545.00, 9225, -442592, 56 
1719906828566.00, 8456, -442394, 51 
1719906828588.00, 7724, -442211, 56 
1719906828609.00, 7766, -442047, 65 
1719906828631.00, 8163, -441879, 77 
1719906828652.00, 9114, -441701, 97 
1719906828674.00, 10781, -441500, 109 
1719906828696.00, 12799, -441266, 123 
1719906828717.00, 14664, -440990, 133 
1719906828739.00, 16395, -440671, 137 
1719906828760.00, 17675, -440317, 130 
1719906828782.00, 17870, -439934, 131 
1719906828804.00, 18479, -439548, 122 
1719906828825.00, 17809, -439161, 107 
1719906828846.00, 16958, -438776, 95 
1719906828868.00, 15268, -438415, 93 
1719906828890.00, 14072, -438081, 104 
1719906828912.00, 14505, -437766, 96 
1719906828933.00, 14171, -437453, 85 
1719906828955.00, 13071, -437151, 73 
1719906828976.00, 11650, -436865, 60 
1719906828998.00, 10201, -436612, 54 
1719906829019.00, 9126, -436397, 45 
1719906829041.00, 7689, -436204, 40 
1719906829062.00, 6583, -436033, 43 
1719906829084.00, 6295, -435889, 45 
1719906829105.00, 6106, -435757, 47 
1719906829126.00, 6176, -435630, 49 
1719906829148.00, 6238, -435499, 47 
1719906829170.00, 6209, -435362, 49 
1719906829191.00, 6456, -435229, 49 
1719906829213.00, 6404, -435093, 42 
1719906829234.00, 6006, -434958, 30 
1719906829255.00, 5107, -434829, 28 
1719906829277.00, 4482, -434718, 26 
1719906829298.00, 3842, -434623, 22 
1719906829320.00, 3292, -434540, 15 
1719906829341.00, 2563, -434466, 12 
1719906829362.00, 2038, -434409, 12 
1719906829384.00, 1718, -434364, 15 
1719906829406.00, 1635, -434325, 14 
1719906829427.00, 1443, -434290, 11 
1719906829455.00, 1174, -434257, 6 
1719906829470.00, 357, -434233, 1 
1719906829490.00, 0, -434224, 6 
1719906829511.00, 4, -434222, 12 
1719906829533.00, 578, -434222, 12 
1719906829558.00, 1082, -434212, 12 
1719906829576.00, 1463, -434189, 18 
1719906829598.00, 1955, -434159, 22 
1719906829619.00, 2489, -434117, 21 
1719906829641.00, 2718, -434063, 20 
1719906829662.00, 2847, -434001, 22 
1719906829684.00, 2926, -433941, 21 
1719906829705.00, 3029, -433877, 21 
1719906829727.00, 3071, -433813, 20 
1719906829748.00, 3056, -433746, 24 
1719906829772.00, 3368, -433678, 27 
1719906829791.00, 3779, -433608, 27 
1719906829812.00, 3903, -433532, 23 
1719906829834.00, 3577, -433448, 24 
1719906829856.00, 3359, -433371, 26 
1719906829877.00, 3564, -433299, 23 
1719906829898.00, 3369, -433225, 22 
1719906829920.00, 3244, -433151, 27 
1719906829941.00, 3413, -433081, 33 
1719906829963.00, 4044, -433003, 52 
1719906829984.00, 5406, -432911, 67 
1719906830006.00, 7288, -432794, 91 
1719906830027.00, 9757, -432638, 105 
1719906830049.00, 12262, -432436, 105 
1719906830069.00, 7154, -432186, 100 
1719906830092.00, 4244, -432022, 115 
1719906830113.00, 2409, -431928, 113 
1719906830135.00, 1296, -431877, 107 
1719906830156.00, 568, -431848, 106 
1719906830178.00, 175, -431837, 88 
1719906830199.00, 0, -431834, 74 
1719906830220.00, -59, -431835, 60 
1719906830241.00, 0, -431837, 44 
1719906830262.00, 0, -431837, 36 
1719906830283.00, 0, -431841, 25 
1719906830304.00, 0, -431844, 12 
1719906830326.00, 0, -431844, 3 
1719906830346.00, 0, -431845, -6 
1719906830367.00, 0, -431846, -15 
1719906830389.00, -218, -431846, -15 
1719906830410.00, -1012, -431853, -8 
1719906830436.00, -570, -431870, -5 
1719906830453.00, -334, -431879, 0 
1719906830474.00, -195, -431885, 5 
1719906830496.00, -107, -431886, 12 
1719906830517.00, -58, -431887, 21 
1719906830540.00, -50, -431888, 30 
1719906830559.00, -35, -431888, 40 
1719906830580.00, 0, -431888, 46 
1719906830602.00, 2, -431887, 48 
1719906830622.00, 0, -431887, 49 
1719906830643.00, -49, -431888, 54 
1719906830665.00, 0, -431888, 55 
1719906830686.00, 0, -431887, 55 
1719906830706.00, -62, -431888, 49 
1719906830728.00, -11, -431889, 39 
1719906830750.00, -24, -431889, 32 
1719906830771.00, -32, -431890, 29 
1719906830792.00, -49, -431890, 21 
1719906830813.00, -48, -431892, 3 
1719906830834.00, -70, -431899, -21 
1719906830856.00, -1372, -431904, -42 
1719906830877.00, -3443, -431935, -67 
1719906830899.00, -6259, -432008, -79 
1719906830920.00, -8498, -432140, -98 
1719906830942.00, -11116, -432324, -138 
1719906830964.00, -15035, -432556, -190 
1719906830985.00, -20246, -432877, -220 
1719906831006.00, -25447, -433321, -282 
1719906831028.00, -31753, -433870, -357 
1719906831050.00, -37645, -434570, -369 
1719906831072.00, -41191, -435393, -575 
1719906831093.00, -43347, -436274, -556 
1719906831115.00, -43874, -437211, -590 
1719906831137.00, -43627, -438171, -631 
1719906831158.00, -43796, -439119, -693 
1719906831179.00, -43733, -440063, -679 
1719906831202.00, -43764, -441014, -714 
1719906831222.00, -43610, -441965, -733 
1719906831244.00, -43789, -442906, -727 
1719906831266.00, -43736, -443851, -711 
1719906831288.00, -43580, -444804, -692 
1719906831310.00, -43761, -445747, -692 
1719906831331.00, -43710, -446692, -705 
1719906831353.00, -43559, -447642, -702 
1719906831375.00, -43850, -448583, -700 
1719906831396.00, -43781, -449527, -710 
1719906831421.00, -43545, -450478, -749 
1719906831440.00, -43609, -451435, -754 
1719906831461.00, -43772, -452382, -782 
1719906831483.00, -43699, -453331, -813 
1719906831504.00, -43532, -454282, -840 
1719906831534.00, -43798, -455225, -861 
1719906831547.00, -43789, -456163, -832 
1719906831569.00, -43796, -457113, -862 
1719906831590.00, -43598, -458069, -871 
1719906831613.00, -43832, -459011, -879 
1719906831634.00, -43774, -459954, -895 
1719906831656.00, -43616, -460913, -918 
1719906831677.00, -43751, -461858, -927 
1719906831699.00, -43734, -462797, -930 
1719906831720.00, -43613, -463743, -939 
1719906831747.00, -43707, -464698, -948 
1719906831764.00, -43780, -465635, -944 
1719906831785.00, -43791, -466583, -954 
1719906831807.00, -43583, -467542, -989 
1719906831828.00, -43746, -468491, -1015 
1719906831851.00, -43716, -469433, -1020 
1719906831872.00, -43853, -470392, -1062 
1719906831894.00, -43537, -471351, -1110 
1719906831916.00, -43935, -472294, -1130 
1719906831938.00, -43639, -473243, -1144 
1719906831966.00, -43681, -474203, -1178 
1719906831981.00, -43453, -475151, -1202 
1719906832002.00, -43689, -476096, -1175 
1719906832025.00, -43803, -477051, -1193 
1719906832046.00, -43931, -478008, -1203 
1719906832068.00, -43591, -478951, -1206 
1719906832090.00, -43568, -479899, -1221 
1719906832111.00, -43672, -480855, -1237 
1719906832132.00, -43636, -481799, -1253 
1719906832155.00, -43671, -482743, -1258 
1719906832177.00, -43664, -483708, -1245 
1719906832198.00, -43624, -484665, -1286 
1719906832220.00, -43630, -485606, -1276 
1719906832242.00, -43651, -486554, -1256 
1719906832264.00, -43682, -487510, -1288 
1719906832285.00, -43867, -488454, -1293 
1719906832307.00, -43805, -489401, -1303 
1719906832329.00, -43783, -490362, -1314 
1719906832351.00, -43505, -491315, -1327 
1719906832372.00, -43615, -492256, -1314 
1719906832393.00, -43702, -493207, -1312 
1719906832416.00, -43907, -494165, -1321 
1719906832438.00, -43594, -495102, -1281 
1719906832459.00, -43293, -496051, -1252 
1719906832481.00, -43447, -497009, -1267 
1719906832502.00, -43566, -497945, -1238 
1719906832524.00, -43549, -498882, -1202 
1719906832546.00, -43547, -499844, -1229 
1719906832568.00, -43667, -500799, -1236 
1719906832590.00, -43691, -501743, -1224 
1719906832611.00, -43572, -502693, -1257 
1719906832633.00, -43493, -503654, -1266 
1719906832655.00, -43713, -504594, -1228 
1719906832676.00, -43840, -505536, -1225 
1719906832698.00, -43649, -506493, -1269 
1719906832719.00, -43703, -507448, -1279 
1719906832742.00, -43698, -508394, -1264 
1719906832763.00, -43745, -509345, -1310 
1719906832785.00, -43874, -510307, -1327 
1719906832807.00, -43654, -511253, -1358 
1719906832828.00, -43585, -512201, -1389 
1719906832851.00, -43676, -513158, -1414 
1719906832872.00, -43851, -514106, -1432 
1719906832894.00, -43779, -515050, -1443 
1719906832914.00, -43634, -516010, -1463 
1719906832937.00, -43755, -516969, -1477 
1719906832959.00, -43791, -517914, -1473 
1719906832981.00, -43517, -518862, -1502 
1719906833002.00, -43523, -519820, -1510 
1719906833024.00, -43693, -520764, -1522 
1719906833045.00, -43749, -521706, -1534 
1719906833068.00, -43804, -522662, -1553 
1719906833089.00, -43617, -523620, -1557 
1719906833111.00, -43557, -524564, -1574 
1719906833133.00, -43620, -525512, -1568 
1719906833155.00, -43557, -526472, -1544 
1719906833176.00, -43601, -527416, -1568 
1719906833198.00, -43783, -528359, -1554 
1719906833219.00, -43593, -529314, -1570 
1719906833241.00, -43695, -530268, -1589 
1719906833263.00, -43459, -531205, -1580 
1719906833285.00, -43682, -532153, -1522 
1719906833307.00, -43847, -533118, -1602 
1719906833328.00, -43498, -534063, -1584 
1719906833350.00, -43394, -535007, -1524 
1719906833372.00, -43572, -535966, -1520 
1719906833393.00, -43563, -536910, -1545 
1719906833415.00, -43807, -537844, -1480 
1719906833437.00, -43585, -538796, -1482 
1719906833459.00, -43620, -539757, -1521 
1719906833480.00, -43694, -540695, -1466 
1719906833502.00, -43663, -541643, -1468 
1719906833523.00, -43495, -542606, -1503 
1719906833545.00, -43697, -543553, -1462 
1719906833567.00, -43726, -544489, -1424 
1719906833589.00, -43780, -545444, -1438 
1719906833611.00, -43499, -546395, -1411 
1719906833632.00, -43545, -547338, -1369 
1719906833654.00, -43681, -548289, -1433 
1719906833676.00, -43930, -549247, -1391 
1719906833698.00, -43625, -550196, -1376 
1719906833719.00, -43479, -551142, -1418 
1719906833741.00, -43508, -552093, -1373 
1719906833763.00, -43615, -553041, -1336 
1719906833784.00, -43358, -553981, -1353 
1719906833806.00, -43635, -554930, -1342 
1719906833829.00, -43752, -555885, -1322 
1719906833849.00, -43625, -556828, -1305 
1719906833871.00, -43424, -557771, -1299 
1719906833893.00, -43560, -558725, -1252 
1719906833915.00, -43646, -559670, -1187 
1719906833937.00, -43589, -560612, -1177 
1719906833958.00, -43502, -561559, -1156 
1719906833980.00, -43646, -562511, -1115 
1719906834001.00, -43705, -563454, -1144 
1719906834023.00, -43530, -564404, -1176 
1719906834045.00, -43727, -565360, -1133 
1719906834067.00, -43951, -566311, -1151 
1719906834089.00, -43624, -567261, -1204 
1719906834110.00, -43550, -568209, -1164 
1719906834132.00, -43613, -569166, -1130 
1719906834157.00, -43585, -570105, -1137 
1719906834176.00, -43773, -571044, -1128 
1719906834197.00, -43700, -571997, -1058 
1719906834218.00, -43660, -572946, -1008 
1719906834241.00, -43642, -573895, -1053 
1719906834262.00, -43727, -574847, -1004 
1719906834284.00, -43630, -575803, -970 
1719906834306.00, -43675, -576736, -957 
1719906834328.00, -43764, -577675, -927 
1719906834349.00, -43511, -578628, -933 
1719906834373.00, -43392, -579570, -900 
1719906834392.00, -43508, -580507, -874 
1719906834414.00, -43591, -581455, -873 
1719906834435.00, -43693, -582405, -869 
1719906834457.00, -43695, -583344, -850 
1719906834479.00, -43713, -584287, -839 
1719906834501.00, -43482, -585237, -825 
1719906834522.00, -43513, -586178, -787 
1719906834543.00, -43580, -587110, -743 
1719906834565.00, -43629, -588061, -726 
1719906834589.00, -43595, -589011, -703 
1719906834609.00, -43566, -589943, -651 
1719906834630.00, -43770, -590887, -609 
1719906834652.00, -43700, -591841, -625 
1719906834674.00, -43728, -592780, -602 
1719906834697.00, -24847, -593715, -549 
1719906834717.00, -13857, -594285, -551 
1719906834738.00, -6909, -594594, -556 
1719906834759.00, -3055, -594753, -508 
1719906834781.00, -812, -594821, -491 
1719906834804.00, 67, -594842, -503 
1719906834824.00, 688, -594843, -519 
1719906834845.00, 1153, -594834, -504 
1719906834868.00, 1523, -594813, -518 
1719906834889.00, 1851, -594784, -563 
1719906834911.00, 1898, -594746, -548 
1719906834932.00, 1821, -594705, -563 
1719906834954.00, 1888, -594664, -571 
1719906834976.00, 2054, -594623, -557 
1719906834997.00, 1978, -594577, -531 
1719906835019.00, 1851, -594533, -513 
1719906835041.00, 1869, -594488, -493 
1719906835062.00, 1896, -594447, -455 
1719906835084.00, 1921, -594406, -409 
1719906835106.00, 1889, -594359, -390 
1719906835127.00, 1686, -594320, -391 
1719906835149.00, 1613, -594283, -409 
1719906835170.00, 1526, -594248, -429 
1719906835192.00, 1354, -594216, -463 
1719906835214.00, 1173, -594188, -520 
1719906835235.00, 1132, -594166, -601 
1719906835256.00, 1195, -594143, -644 
1719906835278.00, 1220, -594118, -654 
1719906835300.00, 1155, -594094, -679 
1719906835322.00, 1256, -594069, -733 
1719906835343.00, 1066, -594046, -762 
1719906835365.00, 1052, -594025, -842 
1719906835387.00, 1150, -594005, -882 
1719906835408.00, 990, -593980, -862 
1719906835431.00, 895, -593960, -928 
1719906835451.00, 1100, -593944, -1003 
1719906835474.00, 1136, -593920, -966 
1719906835494.00, 1364, -593895, -943 
1719906835516.00, 1544, -593862, -865 
1719906835538.00, 1645, -593825, -767 
1719906835560.00, 1596, -593785, -666 
1719906835581.00, 1540, -593745, -572 
1719906835603.00, 1613, -593707, -501 
1719906835625.00, 1550, -593670, -413 
1719906835647.00, 1372, -593632, -331 
1719906835668.00, 1207, -593602, -311 
1719906835690.00, 1103, -593573, -300 
1719906835711.00, 1105, -593549, -269 
1719906835732.00, 1119, -593522, -223 
1719906835755.00, 1126, -593497, -175 
1719906835776.00, 1018, -593471, -132 
1719906835803.00, 957, -593445, -93 
1719906835819.00, 901, -593422, -58 
1719906835841.00, 836, -593399, -9 
1719906835861.00, 871, -593378, 42 
1719906835884.00, 3466, -593351, 108 
1719906835905.00, 9160, -593265, 185 
1719906835927.00, 16799, -593070, 303 
1719906835948.00, 28903, -592709, 357 
1719906835970.00, 36111, -592090, 620 
1719906835992.00, 40548, -591305, 700 
1719906836013.00, 43416, -590422, 770 
1719906836035.00, 43806, -589475, 963 
1719906836057.00, 43817, -588526, 1159 
1719906836078.00, 44012, -587571, 1127 
1719906836100.00, 43730, -586606, 1264 
1719906836126.00, 43906, -585658, 1336 
1719906836144.00, 43714, -584705, 1369 
1719906836165.00, 43709, -583745, 1446 
1719906836186.00, 43729, -582795, 1512 
1719906836209.00, 43907, -581845, 1546 
1719906836232.00, 43819, -580887, 1601 
1719906836252.00, 43867, -579924, 1664 
1719906836274.00, 43411, -578976, 1702 
1719906836295.00, 43666, -578026, 1737 
1719906836317.00, 43941, -577071, 1771 
1719906836340.00, 43730, -576126, 1817 
1719906836361.00, 43659, -575180, 1833 
1719906836382.00, 43586, -574222, 1849 
1719906836404.00, 43631, -573267, 1863 
1719906836426.00, 43906, -572317, 1896 
1719906836448.00, 43648, -571367, 1881 
1719906836469.00, 43399, -570414, 1878 
1719906836492.00, 43680, -569472, 1903 
1719906836512.00, 43694, -568521, 1935 
1719906836534.00, 43791, -567570, 1941 
1719906836559.00, 43871, -566614, 1949 
1719906836578.00, 43464, -565665, 1981 
1719906836600.00, 43639, -564711, 1996 
1719906836621.00, 43759, -563758, 2015 
1719906836642.00, 43492, -562812, 2017 
1719906836668.00, 43430, -561862, 2041 
1719906836687.00, 43662, -560914, 2059 
1719906836708.00, 43720, -559964, 2060 
1719906836730.00, 43771, -559020, 2073 
1719906836752.00, 43477, -558066, 2094 
1719906836777.00, 43496, -557111, 2103 
1719906836795.00, 43843, -556166, 2104 
1719906836817.00, 43663, -555218, 2121 
1719906836838.00, 43386, -554265, 2140 
1719906836860.00, 43573, -553314, 2152 
1719906836883.00, 43593, -552371, 2144 
1719906836904.00, 43611, -551422, 2140 
1719906836926.00, 43646, -550474, 2140 
1719906836947.00, 43640, -549525, 2152 
1719906836969.00, 43710, -548573, 2141 
1719906836993.00, 43625, -547617, 2133 
1719906837012.00, 43696, -546666, 2151 
1719906837034.00, 43720, -545720, 2147 
1719906837056.00, 43862, -544770, 2147 
1719906837077.00, 43663, -543818, 2157 
1719906837104.00, 43733, -542874, 2150 
1719906837121.00, 43461, -541922, 2150 
1719906837142.00, 43482, -540966, 2155 
1719906837165.00, 43600, -540019, 2150 
1719906837186.00, 43530, -539074, 2141 
1719906837208.00, 43519, -538121, 2125 
1719906837229.00, 43635, -537175, 2135 
1719906837251.00, 43753, -536234, 2120 
1719906837273.00, 43683, -535285, 2087 
1719906837294.00, 43599, -534329, 2097 
1719906837320.00, 43848, -533382, 2089 
1719906837338.00, 43850, -532434, 2075 
1719906837360.00, 43584, -531478, 2078 
1719906837382.00, 43552, -530527, 2076 
1719906837404.00, 43617, -529586, 2085 
1719906837425.00, 43742, -528638, 2061 
1719906837446.00, 43768, -527683, 2084 
1719906837468.00, 43514, -526738, 2078 
1719906837490.00, 43500, -525791, 2079 
1719906837512.00, 43742, -524838, 2071 
1719906837536.00, 43527, -523887, 2084 
1719906837555.00, 43479, -522944, 2086 
1719906837577.00, 43766, -521991, 2075 
1719906837599.00, 43699, -521040, 2099 
1719906837621.00, 43681, -520096, 2100 
1719906837642.00, 43632, -519148, 2112 
1719906837664.00, 43618, -518194, 2108 
1719906837686.00, 43849, -517241, 2116 
1719906837708.00, 43631, -516297, 2120 
1719906837729.00, 43450, -515341, 2100 
1719906837751.00, 43677, -514384, 2114 
1719906837773.00, 43650, -513440, 2136 
1719906837795.00, 43691, -512492, 2138 
1719906837816.00, 43697, -511542, 2148 
1719906837838.00, 43470, -510591, 2147 
1719906837859.00, 43654, -509647, 2161 
1719906837881.00, 43716, -508691, 2172 
1719906837903.00, 43552, -507737, 2141 
1719906837926.00, 43794, -506793, 2152 
1719906837947.00, 43860, -505844, 2161 
1719906837968.00, 43642, -504893, 2148 
1719906837990.00, 43598, -503945, 2138 
1719906838012.00, 43530, -503001, 2144 
1719906838034.00, 43602, -502046, 2164 
1719906838055.00, 43929, -501093, 2167 
1719906838077.00, 43495, -500149, 2187 
1719906838099.00, 43397, -499192, 2153 
1719906838120.00, 43601, -498239, 2170 
1719906838142.00, 43656, -497298, 2158 
1719906838163.00, 43637, -496352, 2148 
1719906838185.00, 43611, -495400, 2151 
1719906838208.00, 43766, -494448, 2142 
1719906838229.00, 43754, -493506, 2161 
1719906838251.00, 43543, -492552, 2158 
1719906838273.00, 43519, -491597, 2125 
1719906838294.00, 43668, -490648, 2154 
1719906838316.00, 43763, -489708, 2137 
1719906838337.00, 43706, -488752, 2131 
1719906838359.00, 43546, -487798, 2150 
1719906838381.00, 43636, -486856, 2156 
1719906838403.00, 43731, -485907, 2144 
1719906838425.00, 43749, -484947, 2166 
1719906838446.00, 43628, -484001, 2187 
1719906838467.00, 43490, -483054, 2146 
1719906838490.00, 43704, -482094, 2176 
1719906838511.00, 43728, -481143, 2175 
1719906838534.00, 43613, -480204, 2182 
1719906838555.00, 43507, -479250, 2191 
1719906838577.00, 43848, -478298, 2158 
1719906838598.00, 43725, -477358, 2192 
1719906838620.00, 43491, -476405, 2168 
1719906838642.00, 43678, -475448, 2154 
1719906838663.00, 43819, -474500, 2157 
1719906838685.00, 43789, -473553, 2160 
1719906838707.00, 43673, -472599, 2173 
1719906838729.00, 43656, -471642, 2200 
1719906838751.00, 43667, -470704, 2199 
1719906838772.00, 43679, -469752, 2186 
1719906838794.00, 43556, -468800, 2194 
1719906838815.00, 43571, -467849, 2183 
1719906838836.00, 43727, -466899, 2216 
1719906838859.00, 43693, -465944, 2186 
1719906838880.00, 43671, -464990, 2201 
1719906838902.00, 43544, -464048, 2199 
1719906838924.00, 43427, -463094, 2217 
1719906838946.00, 43769, -462143, 2211 
1719906838968.00, 43558, -461203, 2177 
1719906838989.00, 43350, -460257, 2137 
1719906839011.00, 43568, -459304, 2128 
1719906839033.00, 43449, -458354, 2108 
1719906839055.00, 43420, -457416, 2062 
1719906839076.00, 43604, -456471, 2026 
1719906839098.00, 43586, -455517, 1988 
1719906839120.00, 43458, -454579, 1940 
1719906839141.00, 43499, -453635, 1876 
1719906839163.00, 43464, -452682, 1907 
1719906839184.00, 43623, -451739, 1814 
1719906839207.00, 43581, -450796, 1734 
1719906839229.00, 43514, -449840, 1709 
1719906839250.00, 43749, -448890, 1620 
1719906839272.00, 43579, -447951, 1586 
1719906839294.00, 43281, -447003, 1575 
1719906839315.00, 43472, -446058, 1494 
1719906839337.00, 43649, -445116, 1392 
1719906839359.00, 43665, -444175, 1388 
1719906839380.00, 43430, -443223, 1342 
1719906839402.00, 43590, -442271, 1295 
1719906839424.00, 43573, -441327, 1292 
1719906839445.00, 43508, -440374, 1299 
1719906839467.00, 43654, -439426, 1251 
1719906839490.00, 44001, -438483, 1195 
1719906839510.00, 43655, -437532, 1219 
1719906839532.00, 43534, -436583, 1208 
1719906839554.00, 43619, -435636, 1176 
1719906839576.00, 43733, -434685, 1204 
1719906839598.00, 43803, -433728, 1185 
1719906839622.00, 43814, -432780, 1179 
1719906839641.00, 43531, -431828, 1197 
1719906839663.00, 24760, -430885, 1186 
1719906839684.00, 13599, -430317, 1234 
1719906839706.00, 6611, -430009, 1260 
1719906839727.00, 2804, -429849, 1306 
1719906839749.00, 693, -429784, 1339 
1719906839770.00, -4, -429767, 1386 
1719906839792.00, -276, -429768, 1379 
1719906839814.00, -56, -429772, 1343 
1719906839835.00, -24, -429771, 1319 
1719906839856.00, 2, -429774, 1251 
1719906839878.00, -61, -429774, 1200 
1719906839899.00, -137, -429779, 1077 
1719906839921.00, -137, -429784, 975 
1719906839944.00, -329, -429789, 919 
1719906839962.00, -463, -429800, 823 
1719906839984.00, -611, -429815, 705 
1719906840005.00, -609, -429835, 547 
1719906840026.00, -399, -429852, 429 
1719906840048.00, -357, -429862, 405 
1719906840070.00, -328, -429875, 331 
1719906840092.00, -275, -429886, 265 
1719906840113.00, -275, -429895, 212 
1719906840135.00, -211, -429904, 142 
1719906840155.00, -175, -429912, 90 
1719906840177.00, -130, -429923, 24 
1719906840198.00, -131, -429939, -42 
1719906840220.00, -2718, -429947, -111 
1719906840241.00, -8163, -430010, -184 
1719906840263.00, -16001, -430186, -246 
1719906840285.00, -24347, -430529, -308 
1719906840306.00, -33022, -431056, -351 
1719906840328.00, -38738, -431763, -347 
1719906840350.00, -41625, -432599, -493 
1719906840371.00, -43437, -433493, -424 
1719906840392.00, -43779, -434446, -495 
1719906840414.00, -43801, -435396, -515 
1719906840435.00, -43702, -436342, -565 
1719906840457.00, -43575, -437296, -621 
1719906840479.00, -43731, -438257, -682 
1719906840501.00, -43946, -439199, -705 
1719906840523.00, -43620, -440152, -814 
1719906840544.00, -43658, -441105, -853 
1719906840566.00, -43861, -442056, -906 
1719906840587.00, -43749, -442998, -929 
1719906840609.00, -43613, -443948, -955 
1719906840631.00, -43643, -444905, -986 
1719906840652.00, -43725, -445850, -1014 
1719906840674.00, -43630, -446799, -1026 
1719906840696.00, -43623, -447754, -1073 
1719906840718.00, -43658, -448705, -1127 
1719906840739.00, -43915, -449658, -1163 
1719906840761.00, -43733, -450608, -1175 
1719906840782.00, -43628, -451570, -1202 
1719906840805.00, -43514, -452519, -1229 
1719906840827.00, -43592, -453461, -1183 
1719906840848.00, -43887, -454418, -1189 
1719906840870.00, -43684, -455367, -1176 
1719906840891.00, -43613, -456307, -1145 
1719906840913.00, -43551, -457261, -1158 
1719906840935.00, -43637, -458216, -1166 
1719906840956.00, -43693, -459158, -1141 
1719906840978.00, -43606, -460106, -1129 
1719906841000.00, -43595, -461065, -1127 
1719906841022.00, -43644, -462002, -1073 
1719906841044.00, -43573, -462948, -1060 
1719906841065.00, -43465, -463898, -1050 
1719906841087.00, -43512, -464848, -1004 
1719906841108.00, -43631, -465786, -961 
1719906841130.00, -43380, -466728, -889 
1719906841152.00, -43414, -467677, -842 
1719906841174.00, -43333, -468612, -745 
1719906841195.00, -43485, -469539, -603 
1719906841217.00, -43673, -470481, -530 
1719906841239.00, -43449, -471424, -492 
1719906841261.00, -43459, -472349, -419 
1719906841282.00, -43503, -473289, -362 
1719906841304.00, -43406, -474237, -315 
1719906841325.00, -43645, -475166, -282 
1719906841347.00, -42223, -476105, -256 
1719906841368.00, -39586, -477027, -248 
1719906841390.00, -37449, -477882, -238 
1719906841411.00, -35370, -478685, -210 
1719906841433.00, -32609, -479454, -178 
1719906841455.00, -29181, -480161, -129 
1719906841476.00, -23899, -480795, -82 
1719906841498.00, -18070, -481304, -38 
1719906841519.00, -11795, -481692, 5 
1719906841541.00, -5992, -481953, 37 
1719906841562.00, -151, -482087, 47 
1719906841586.00, 3304, -482103, 49 
1719906841605.00, 5674, -482043, 64 
1719906841626.00, 8218, -481921, 68 
1719906841648.00, 9854, -481748, 71 
1719906841669.00, 11057, -481543, 80 
1719906841691.00, 12284, -481307, 73 
1719906841712.00, 12466, -481050, 64 
1719906841734.00, 12152, -480787, 49 
1719906841756.00, 10923, -480526, 52 
1719906841776.00, 10305, -480286, 58 
1719906841799.00, 10522, -480061, 54 
1719906841820.00, 10146, -479838, 49 
1719906841842.00, 9450, -479616, 42 
1719906841863.00, 8647, -479413, 38 
1719906841885.00, 7953, -479223, 38 
1719906841906.00, 7852, -479049, 39 
1719906841928.00, 7545, -478883, 41 
1719906841949.00, 7328, -478720, 41 
1719906841970.00, 7351, -478562, 31 
1719906841992.00, 6639, -478406, 37 
1719906842013.00, 6745, -478261, 50 
1719906842035.00, 7333, -478119, 29 
1719906842056.00, 6542, -477961, 19 
1719906842078.00, 5617, -477823, 20 
1719906842099.00, 4911, -477707, 14 
1719906842121.00, 4212, -477601, 3 
1719906842142.00, 2765, -477510, 10 
1719906842163.00, -49, -477451, 6 
1719906842184.00, 261, -477444, 13 
1719906842206.00, 1342, -477440, 11 
1719906842228.00, 2026, -477414, 19 
1719906842249.00, 2934, -477368, 28 
1719906842270.00, 3855, -477307, 37 
1719906842291.00, 4854, -477222, 41 
1719906842313.00, 5815, -477114, 47 
1719906842335.00, 6570, -476991, 55 
1719906842356.00, 7495, -476848, 62 
1719906842378.00, 8688, -476681, 64 
1719906842399.00, 9494, -476494, 72 
1719906842421.00, 10272, -476287, 91 
1719906842442.00, 11925, -476065, 98 
1719906842469.00, 13564, -475808, 100 
1719906842487.00, 14526, -475519, 111 
1719906842507.00, 15483, -475209, 111 
1719906842529.00, 15949, -474875, 116 
1719906842550.00, 16547, -474527, 126 
1719906842573.00, 17749, -474166, 133 
1719906842593.00, 18891, -473776, 152 
1719906842615.00, 20656, -473368, 163 
1719906842636.00, 22154, -472919, 175 
1719906842658.00, 23747, -472437, 174 
1719906842680.00, 24784, -471928, 162 
1719906842701.00, 24422, -471408, 109 
1719906842723.00, 21081, -470885, 72 
1719906842744.00, 16938, -470421, 59 
1719906842766.00, 13607, -470048, 62 
1719906842790.00, 11701, -469741, 72 
1719906842810.00, 11228, -469484, 74 
1719906842831.00, 11368, -469242, 78 
1719906842852.00, 11551, -468997, 84 
1719906842874.00, 12228, -468750, 87 
1719906842899.00, 12493, -468492, 83 
1719906842917.00, 12303, -468223, 78 
1719906842938.00, 11813, -467959, 74 
1719906842960.00, 11407, -467701, 76 
1719906842982.00, 11237, -467451, 74 
1719906843003.00, 10894, -467203, 73 
1719906843025.00, 11305, -466961, 77 
1719906843046.00, 11225, -466720, 80 
1719906843068.00, 11255, -466472, 81 
1719906843089.00, 11593, -466226, 80 
1719906843111.00, 11603, -465974, 81 
1719906843133.00, 11620, -465720, 80 
1719906843154.00, 11727, -465468, 78 
1719906843175.00, 11563, -465218, 76 
1719906843197.00, 11335, -464969, 75 
1719906843219.00, 11282, -464728, 74 
1719906843240.00, 11426, -464490, 77 
1719906843262.00, 11206, -464247, 78 
1719906843283.00, 11225, -464001, 79 
1719906843305.00, 11391, -463754, 80 
1719906843327.00, 11463, -463506, 79 
1719906843348.00, 11337, -463255, 79 
1719906843369.00, 11655, -463010, 79 
1719906843391.00, 11778, -462763, 77 
1719906843413.00, 11571, -462511, 77 
1719906843434.00, 11314, -462263, 78 
1719906843456.00, 11220, -462019, 78 
1719906843478.00, 11067, -461776, 78 
1719906843499.00, 11249, -461540, 80 
1719906843521.00, 11854, -461301, 80 
1719906843542.00, 11873, -461059, 80 
1719906843563.00, 12004, -460803, 79 
1719906843586.00, 11953, -460546, 79 
1719906843607.00, 11977, -460288, 78 
1719906843629.00, 11836, -460034, 79 
1719906843650.00, 11804, -459784, 78 
1719906843677.00, 11652, -459531, 79 
1719906843693.00, 11142, -459282, 80 
1719906843715.00, 11166, -459035, 80 
1719906843736.00, 11256, -458802, 44 
1719906843758.00, 8925, -458559, -11 
1719906843779.00, 4286, -458361, -12 
1719906843801.00, 1404, -458274, -115 
1719906843823.00, -5944, -458243, -156 
1719906843844.00, -12970, -458356, -194 
1719906843866.00, -19649, -458626, -238 
1719906843887.00, -26033, -459046, -299 
1719906843908.00, -33569, -459608, -312 
1719906843930.00, -38960, -460334, -353 
1719906843952.00, -42166, -461180, -398 
1719906843974.00, -43672, -462080, -437 
1719906843995.00, -43936, -463023, -430 
1719906844017.00, -43810, -463982, -481 
1719906844039.00, -43699, -464931, -515 
1719906844060.00, -43649, -465871, -517 
1719906844082.00, -43844, -466825, -538 
1719906844104.00, -43762, -467782, -587 
1719906844125.00, -43646, -468729, -624 
1719906844146.00, -43724, -469673, -646 
1719906844168.00, -43714, -470631, -682 
1719906844190.00, -43792, -471576, -716 
1719906844216.00, -43661, -472519, -738 
1719906844233.00, -43859, -473469, -777 
1719906844255.00, -43793, -474424, -812 
1719906844277.00, -43634, -475367, -840 
1719906844298.00, -43802, -476316, -858 
1719906844323.00, -43768, -477275, -893 
1719906844341.00, -43574, -478218, -906 
1719906844363.00, -43699, -479157, -893 
1719906844385.00, -43788, -480108, -921 
1719906844407.00, -43573, -481056, -923 
1719906844428.00, -43710, -481994, -915 
1719906844450.00, -43720, -482944, -915 
1719906844472.00, -43642, -483905, -946 
1719906844493.00, -43617, -484850, -948 
1719906844515.00, -43662, -485791, -951 
1719906844540.00, -43839, -486745, -992 
1719906844558.00, -43836, -487697, -1017 
1719906844580.00, -43419, -488641, -1032 
1719906844600.00, -43597, -489593, -1079 
1719906844623.00, -43888, -490556, -1131 
1719906844648.00, -43695, -491507, -1183 
1719906844667.00, -43826, -492456, -1201 
1719906844689.00, -43650, -493418, -1245 
1719906844710.00, -43666, -494371, -1307 
1719906844732.00, -43662, -495314, -1326 
1719906844755.00, -43690, -496267, -1344 
1719906844775.00, -43669, -497229, -1401 
1719906844797.00, -43773, -498173, -1446 
1719906844819.00, -43638, -499120, -1426 
1719906844840.00, -43739, -500087, -1462 
1719906844861.00, -43671, -501037, -1498 
1719906844884.00, -43508, -501983, -1495 
1719906844906.00, -43591, -502940, -1513 
1719906844928.00, -43890, -503898, -1553 
1719906844949.00, -43704, -504841, -1569 
1719906844971.00, -43679, -505786, -1589 
1719906844993.00, -43619, -506751, -1615 
1719906845014.00, -43648, -507698, -1635 
1719906845036.00, -43613, -508643, -1657 
1719906845058.00, -43747, -509606, -1672 
1719906845080.00, -43552, -510560, -1689 
1719906845101.00, -43437, -511501, -1700 
1719906845123.00, -43573, -512450, -1708 
1719906845144.00, -43808, -513402, -1732 
1719906845166.00, -43532, -514344, -1762 
1719906845188.00, -43523, -515296, -1766 
1719906845209.00, -43821, -516259, -1818 
1719906845231.00, -43764, -517213, -1858 
1719906845254.00, -43633, -518154, -1860 
1719906845275.00, -43595, -519109, -1850 
1719906845296.00, -43787, -520066, -1907 
1719906845319.00, -43763, -521008, -1938 
1719906845340.00, -43870, -521954, -1921 
1719906845362.00, -43484, -522921, -1946 
1719906845383.00, -43650, -523869, -1967 
1719906845406.00, -43721, -524813, -1987 
1719906845427.00, -43737, -525768, -1997 
1719906845449.00, -43712, -526727, -2014 
1719906845471.00, -43580, -527667, -2046 
1719906845492.00, -43572, -528618, -2053 
1719906845514.00, -43811, -529574, -2055 
1719906845536.00, -43564, -530521, -2092 
1719906845558.00, -43496, -531463, -2111 
1719906845579.00, -43796, -532422, -2107 
1719906845601.00, -43708, -533377, -2139 
1719906845623.00, -43646, -534324, -2172 
1719906845644.00, -43635, -535277, -2189 
1719906845665.00, -43679, -536239, -2225 
1719906845687.00, -43856, -537182, -2255 
1719906845709.00, -43703, -538126, -2281 
1719906845731.00, -43694, -539079, -2247 
1719906845759.00, -43674, -540034, -2279 
1719906845775.00, -43775, -540981, -2330 
1719906845796.00, -43762, -541933, -2276 
1719906845818.00, -43819, -542894, -2310 
1719906845840.00, -43772, -543839, -2353 
1719906845862.00, -43619, -544783, -2354 
1719906845883.00, -43757, -545741, -2332 
1719906845905.00, -43724, -546688, -2327 
1719906845927.00, -43628, -547632, -2366 
1719906845949.00, -43840, -548591, -2366 
1719906845970.00, -43825, -549549, -2370 
1719906845992.00, -43770, -550496, -2393 
1719906846014.00, -43801, -551442, -2430 
1719906846035.00, -43380, -552404, -2456 
1719906846057.00, -43667, -553349, -2431 
1719906846079.00, -43804, -554292, -2466 
1719906846101.00, -43534, -555247, -2503 
1719906846122.00, -43412, -556202, -2484 
1719906846144.00, -43515, -557140, -2443 
1719906846166.00, -43409, -558087, -2461 
1719906846190.00, -43385, -559040, -2391 
1719906846209.00, -43565, -559980, -2316 
1719906846231.00, -43615, -560922, -2359 
1719906846253.00, -43553, -561875, -2326 
1719906846275.00, -43405, -562823, -2285 
1719906846296.00, -43547, -563762, -2318 
1719906846318.00, -43620, -564712, -2282 
1719906846340.00, -43589, -565665, -2220 
1719906846361.00, -43593, -566615, -2224 
1719906846383.00, -43661, -567559, -2191 
1719906846405.00, -43757, -568512, -2144 
1719906846427.00, -43615, -569466, -2184 
1719906846448.00, -43611, -570407, -2176 
1719906846470.00, -43881, -571353, -2145 
1719906846491.00, -43841, -572313, -2168 
1719906846513.00, -43369, -573259, -2201 
1719906846535.00, -43458, -574205, -2140 
1719906846557.00, -43739, -575157, -2114 
1719906846579.00, -43711, -576106, -2142 
1719906846599.00, -43742, -577047, -2154 
1719906846622.00, -43532, -577995, -2117 
1719906846644.00, -43789, -578950, -2068 
1719906846665.00, -43756, -579888, -2094 
1719906846687.00, -43477, -580842, -2087 
1719906846711.00, -43769, -581797, -2019 
1719906846740.00, -43815, -582749, -2040 
1719906846752.00, -43506, -583690, -2067 
1719906846774.00, -43515, -584635, -1957 
1719906846796.00, -43647, -585590, -1944 
1719906846818.00, -43584, -586532, -2001 
1719906846839.00, -43779, -587480, -1923 
1719906846861.00, -43608, -588432, -1907 
1719906846882.00, -43555, -589380, -1931 
1719906846904.00, -43683, -590316, -1845 
1719906846927.00, -43559, -591266, -1808 
1719906846948.00, -43495, -592225, -1843 
1719906846970.00, -43662, -593168, -1799 
1719906846991.00, -25342, -594102, -1706 
1719906847013.00, -13766, -594683, -1861 
1719906847035.00, -6980, -595000, -1858 
1719906847058.00, -3109, -595156, -1794 
1719906847078.00, -795, -595230, -1828 
1719906847099.00, 12, -595255, -1920 
1719906847121.00, 123, -595255, -1899 
1719906847142.00, 252, -595253, -1866 
1719906847167.00, 774, -595255, -1944 
1719906847186.00, 1437, -595245, -1892 
1719906847208.00, 1735, -595216, -1836 
1719906847229.00, 1948, -595179, -1840 
1719906847251.00, 2241, -595134, -1821 
1719906847274.00, 2305, -595082, -1744 
1719906847295.00, 2350, -595029, -1701 
1719906847316.00, 2436, -594976, -1677 
1719906847338.00, 2573, -594915, -1568 
1719906847360.00, 2802, -594852, -1417 
1719906847383.00, 2649, -594785, -1254 
1719906847403.00, 2523, -594717, -1109 
1719906847425.00, 2482, -594656, -999 
1719906847447.00, 2362, -594599, -921 
1719906847468.00, 2144, -594544, -823 
1719906847490.00, 1898, -594492, -742 
1719906847511.00, 1791, -594447, -691 
1719906847533.00, 1751, -594408, -668 
1719906847555.00, 1708, -594370, -657 
1719906847576.00, 1452, -594332, -641 
1719906847598.00, 1296, -594301, -666 
1719906847620.00, 1270, -594276, -704 
1719906847641.00, 1252, -594249, -721 
1719906847663.00, 1275, -594225, -741 
1719906847685.00, 1140, -594196, -739 
1719906847706.00, 922, -594172, -776 
1719906847727.00, 863, -594153, -822 
1719906847749.00, 920, -594136, -859 
1719906847771.00, 1002, -594116, -872 
1719906847792.00, 925, -594098, -878 
1719906847814.00, 1055, -594075, -901 
1719906847835.00, 924, -594054, -933 
1719906847857.00, 790, -594037, -953 
1719906847879.00, 760, -594021, -1009 
1719906847900.00, 723, -594005, -1041 
1719906847922.00, 612, -593993, -1086 
1719906847943.00, 636, -593981, -1142 
1719906847965.00, 634, -593968, -1168 
1719906847986.00, 493, -593956, -1212 
1719906848008.00, 493, -593947, -1279 
1719906848030.00, 596, -593938, -1309 
1719906848052.00, 746, -593925, -1311 
1719906848074.00, 706, -593909, -1299 
1719906848095.00, 719, -593896, -1317 
1719906848117.00, 820, -593880, -1331 
1719906848138.00, 920, -593863, -1303 
1719906848160.00, 837, -593840, -1245 
1719906848182.00, 766, -593819, -1230 
1719906848203.00, 679, -593802, -1218 
1719906848225.00, 580, -593788, -1220 
1719906848246.00, 513, -593775, -1236 
1719906848269.00, 548, -593765, -1255 
1719906848290.00, 603, -593752, -1252 
1719906848311.00, 525, -593739, -1235 
1719906848333.00, 492, -593729, -1266 
1719906848355.00, 646, -593718, -1284 
1719906848377.00, 777, -593703, -1243 
1719906848398.00, 596, -593686, -1193 
1719906848419.00, 580, -593672, -1217 
1719906848441.00, 723, -593658, -1171 
1719906848463.00, 899, -593640, -1096 
1719906848486.00, 878, -593618, -1021 
1719906848506.00, 936, -593597, -961 
1719906848527.00, 954, -593576, -917 
1719906848549.00, 922, -593554, -878 
1719906848571.00, 764, -593531, -833 
1719906848595.00, 702, -593513, -809 
1719906848614.00, 672, -593496, -773 
1719906848635.00, 568, -593480, -741 
1719906848656.00, 487, -593468, -721 
1719906848678.00, 363, -593457, -718 
1719906848706.00, 352, -593449, -726 
1719906848722.00, 279, -593441, -718 
1719906848743.00, 165, -593436, -739 
1719906848764.00, 119, -593433, -778 
1719906848786.00, 74, -593431, -808 
1719906848808.00, 43, -593432, -838 
1719906848829.00, 61, -593431, -873 
1719906848850.00, 47, -593432, -900 
1719906848872.00, 58, -593432, -948 
1719906848893.00, 8, -593432, -1000 
1719906848916.00, 54, -593433, -1038 
1719906848937.00, 26, -593434, -1077 
1719906848958.00, 41, -593433, -1114 
1719906848979.00, 63, -593435, -1145 
1719906849001.00, 44, -593435, -1188 
1719906849022.00, 7, -593436, -1244 
1719906849044.00, 0, -593437, -1276 
1719906849066.00, 42, -593436, -1315 
1719906849087.00, 0, -593437, -1325 
1719906849108.00, 0, -593437, -1346 
1719906849133.00, 0, -593437, -1384 
1719906849150.00, -1, -593440, -1436 
1719906849172.00, 0, -593439, -1431 
1719906849193.00, 0, -593439, -1410 
1719906849215.00, -1, -593438, -1397 
1719906849237.00, 153, -593436, -1310 
1719906849258.00, 310, -593430, -1188 
1719906849280.00, 261, -593422, -1130 
1719906849302.00, 283, -593416, -1107 
1719906849323.00, 281, -593407, -1045 
1719906849345.00, 144, -593401, -1005 
1719906849366.00, 117, -593396, -1008 
1719906849388.00, 154, -593393, -977 
1719906849410.00, 200, -593388, -943 
1719906849431.00, 172, -593382, -902 
1719906849453.00, 181, -593378, -880 
1719906849474.00, 178, -593373, -847 
1719906849496.00, 247, -593368, -813 
1719906849517.00, 293, -593362, -758 
1719906849539.00, 298, -593352, -692 
1719906849561.00, 227, -593344, -643 
1719906849582.00, 180, -593338, -618 
1719906849604.00, 175, -593333, -589 
1719906849624.00, 221, -593327, -551 
1719906849646.00, 142, -593319, -500 
1719906849668.00, 131, -593316, -476 
1719906849690.00, 115, -593311, -445 
1719906849711.00, 110, -593308, -422 
1719906849733.00, 83, -593303, -390 
1719906849754.00, 63, -593300, -371 
1719906849776.00, 46, -593299, -355 
1719906849798.00, 44, -593297, -346 
1719906849819.00, 96, -593293, -306 
1719906849840.00, 102, -593288, -241 
1719906849862.00, 183, -593284, -206 
1719906849882.00, 110, -593278, -134 
1719906849904.00, -4, -593273, -124 
1719906849926.00, 0, -593273, -140 
1719906849947.00, 0, -593272, -134 
1719906849968.00, -5, -593270, -104 
1719906849990.00, 63, -593268, -69 
1719906850014.00, 54, -593265, -41 
1719906850033.00, 40, -593263, -25 
1719906850054.00, -6, -593261, -24 
1719906850075.00, 63, -593260, -23 
1719906850096.00, 46, -593260, -21 
1719906850118.00, 24, -593258, -29 
1719906850139.00, 67, -593259, -35 
1719906850160.00, 0, -593260, -42 
1719906850182.00, 0, -593260, -58 
1719906850203.00, 0, -593261, -80 
1719906850223.00, 0, -593262, -106 
1719906850245.00, 0, -593265, -129 
1719906850267.00, 0, -593264, -131 
1719906850288.00, 0, -593263, -113 
1719906850309.00, -11, -593262, -97 
1719906850331.00, 0, -593263, -102 
1719906850351.00, 0, -593263, -117 
1719906850373.00, 0, -593263, -119 
1719906850394.00, -66, -593264, -122 
1719906850416.00, 0, -593265, -143 
1719906850437.00, 0, -593267, -172 
1719906850458.00, 0, -593268, -191 
1719906850479.00, 0, -593267, -199 
1719906850501.00, 0, -593269, -208 
1719906850522.00, 46, -593269, -216 
1719906850543.00, 0, -593268, -229 
1719906850568.00, 0, -593271, -241 
1719906850586.00, 0, -593270, -253 
1719906850607.00, -1, -593272, -263 
1719906850629.00, 0, -593272, -276 
1719906850650.00, -40, -593274, -292 
1719906850673.00, 0, -593274, -302 
1719906850693.00, -5, -593275, -311 
1719906850713.00, 0, -593275, -318 
1719906850735.00, 0, -593274, -319 
1719906850756.00, 17, -593275, -321 
1719906850777.00, 0, -593274, -325 
1719906850799.00, 0, -593276, -331 
1719906850820.00, 0, -593276, -341 
1719906850841.00, 0, -593277, -349 
1719906850863.00, 0, -593277, -357 
1719906850885.00, 0, -593277, -363 
1719906850906.00, -40, -593277, -364 
1719906850927.00, 30, -593277, -365 
1719906850949.00, 0, -593277, -365 
1719906850970.00, 0, -593277, -359 
1719906850991.00, 0, -593278, -358 
1719906851012.00, 0, -593276, -351 
1719906851034.00, 26, -593276, -344 
1719906851055.00, 0, -593276, -340 
1719906851076.00, 0, -593276, -338 
1719906851098.00, 0, -593276, -337 
1719906851119.00, 0, -593275, -336 
1719906851140.00, 0, -593276, -337 
1719906851162.00, 0, -593276, -337 
1719906851182.00, 0, -593276, -340 
1719906851204.00, 0, -593276, -342 
1719906851225.00, 0, -593276, -339 
1719906851247.00, 0, -593276, -335 
1719906851268.00, 0, -593277, -331 
1719906851289.00, 0, -593274, -329 
1719906851310.00, 0, -593276, -325 
1719906851331.00, 0, -593275, -328 
1719906851353.00, 0, -593277, -328 
1719906851375.00, 0, -593276, -327 
1719906851396.00, 0, -593276, -322 
1719906851417.00, 0, -593276, -323 
1719906851438.00, 1, -593275, -323 
1719906851460.00, 0, -593275, -322 
1719906851481.00, 0, -593276, -316 
1719906851502.00, 0, -593275, -312 
1719906851524.00, 0, -593275, -310 
1719906851545.00, 0, -593276, -306 
1719906851566.00, 0, -593275, -305 
1719906851587.00, 0, -593276, -306 
1719906851609.00, 0, -593274, -302 
1719906851629.00, 0, -593275, -297 
1719906851652.00, 1, -593274, -293 
1719906851672.00, 0, -593274, -292 
1719906851694.00, 0, -593275, -289 
1719906851715.00, 0, -593275, -289 
1719906851737.00, -55, -593275, -293 
1719906851763.00, 11, -593275, -299 
1719906851779.00, 0, -593274, -303 
1719906851801.00, 0, -593275, -303 
1719906851822.00, 0, -593274, -299 
1719906851843.00, 0, -593275, -298 
1719906851869.00, 0, -593275, -297 
1719906851885.00, 0, -593274, -293 
1719906851906.00, 0, -593275, -291 
1719906851928.00, 0, -593275, -291 
1719906851949.00, 0, -593275, -294 
1719906851971.00, 0, -593274, -298 
1719906851992.00, 0, -593275, -299 
1719906852013.00, 0, -593275, -300 
1719906852035.00, 0, -593275, -298 
1719906852056.00, 0, -593275, -297 
1719906852077.00, 0, -593274, -295 
1719906852098.00, 0, -593275, -293 
1719906852119.00, 0, -593274, -291 
1719906852141.00, 0, -593275, -289 
1719906852162.00, 0, -593275, -286 
1719906852184.00, 0, -593274, -287 
1719906852205.00, 0, -593274, -287 
1719906852226.00, 0, -593274, -286 
1719906852248.00, 0, -593275, -286 
1719906852269.00, 0, -593274, -288 
1719906852290.00, 0, -593274, -288 
1719906852311.00, 0, -593275, -289 
1719906852333.00, 0, -593274, -286 
1719906852354.00, 0, -593275, -284 
1719906852375.00, 0, -593275, -285 
1719906852396.00, 0, -593275, -288 
1719906852418.00, 0, -593274, -289 
1719906852439.00, 0, -593274, -289 
1719906852460.00, 0, -593275, -289 
1719906852482.00, 0, -593275, -290 
1719906852503.00, 0, -593274, -292 
1719906852524.00, 0, -593274, -291 
1719906852545.00, 0, -593275, -288 
1719906852567.00, 0, -593275, -287 
1719906852588.00, 0, -593274, -286 
1719906852609.00, 0, -593274, -285 
1719906852635.00, 0, -593275, -283 
1719906852651.00, 38, -593274, -281 
1719906852673.00, 0, -593274, -279 
1719906852694.00, 0, -593274, -278 
1719906852716.00, 0, -593274, -277 
1719906852737.00, -36, -593273, -274 
1719906852758.00, 0, -593274, -269 
1719906852780.00, -4, -593274, -265 
1719906852801.00, 63, -593273, -262 
1719906852823.00, -1, -593273, -258 
1719906852843.00, 0, -593272, -252 
1719906852865.00, 0, -593272, -245 
1719906852887.00, 0, -593272, -235 
1719906852908.00, 0, -593271, -225 
1719906852928.00, 0, -593271, -217 
1719906852951.00, 0, -593270, -211 
1719906852972.00, 11, -593270, -206 
1719906852993.00, 0, -593270, -205 
1719906853014.00, 0, -593270, -204 
1719906853036.00, 0, -593270, -205 
1719906853056.00, 0, -593269, -205 
1719906853079.00, 0, -593270, -206 
1719906853099.00, 0, -593271, -208 
1719906853120.00, 0, -593270, -206 
1719906853142.00, -16, -593270, -200 
1719906853163.00, -22, -593270, -194 
1719906853185.00, 0, -593270, -191 
1719906853206.00, 0, -593269, -194 
1719906853228.00, 0, -593269, -201 
1719906853249.00, 0, -593270, -205 
1719906853270.00, 0, -593269, -206 
1719906853295.00, 0, -593270, -205 
1719906853313.00, 0, -593270, -202 
1719906853334.00, 0, -593269, -198 
1719906853355.00, 0, -593270, -196 
1719906853376.00, 0, -593270, -197 
1719906853398.00, -13, -593271, -198 
1719906853419.00, 0, -593270, -199 
1719906853440.00, 0, -593269, -201 
1719906853462.00, 0, -593270, -203 
1719906853483.00, 0, -593269, -205 
1719906853504.00, 0, -593270, -207 
1719906853526.00, 0, -593270, -207 
1719906853547.00, 0, -593270, -206 
1719906853568.00, 0, -593270, -206 
1719906853590.00, 0, -593270, -206 
1719906853611.00, 0, -593270, -206 
1719906853632.00, 0, -593270, -204 
1719906853653.00, 0, -593270, -203 
1719906853674.00, 0, -593270, -204 
1719906853696.00, 0, -593270, -206 
1719906853717.00, 0, -593270, -210 
1719906853738.00, -13, -593270, -214 
1719906853759.00, 0, -593270, -216 
1719906853780.00, 0, -593270, -218 
1719906853804.00, -21, -593270, -219 
1719906853823.00, 0, -593271, -219 
1719906853845.00, 0, -593270, -218 
1719906853865.00, 0, -593270, -218 
1719906853888.00, 0, -593270, -218 
1719906853911.00, 0, -593270, -218 
1719906853930.00, 0, -593270, -218 
1719906853952.00, 0, -593269, -219 
1719906853973.00, 0, -593271, -220 
1719906853994.00, 0, -593270, -220 
1719906854015.00, 0, -593272, -222 
1719906854036.00, 0, -593270, -223 
1719906854060.00, 0, -593270, -222 
1719906854079.00, 0, -593270, -220 
1719906854100.00, 0, -593271, -218 
1719906854122.00, 0, -593271, -217 
1719906854143.00, 0, -593271, -214 
1719906854165.00, 0, -593270, -211 
1719906854185.00, 0, -593270, -211 
1719906854207.00, 0, -593270, -213 
1719906854228.00, 0, -593271, -215 
1719906854250.00, 0, -593270, -218 
1719906854271.00, 0, -593270, -222 
1719906854292.00, 0, -593271, -224 
1719906854313.00, 0, -593271, -225 
1719906854335.00, 33, -593270, -226 
1719906854356.00, 0, -593271, -228 
1719906854377.00, 0, -593271, -229 
1719906854398.00, 0, -593270, -230 
1719906854419.00, 0, -593271, -232 
1719906854441.00, 0, -593272, -234 
1719906854462.00, 0, -593272, -234 
1719906854484.00, 0, -593272, -234 
1719906854505.00, 0, -593273, -233 
1719906854526.00, 0, -593271, -231 
1719906854548.00, 0, -593271, -229 
1719906854569.00, 0, -593271, -227 
1719906854591.00, 0, -593271, -228 
1719906854612.00, 0, -593272, -228 
1719906854633.00, 0, -593271, -230 
1719906854654.00, -25, -593271, -234 
1719906854675.00, 0, -593270, -238 
1719906854697.00, 0, -593272, -239 
1719906854717.00, 0, -593271, -240 
1719906854739.00, 0, -593271, -241 
1719906854761.00, 0, -593272, -240 
1719906854781.00, 0, -593271, -237 
1719906854803.00, 0, -593271, -235 
1719906854824.00, 0, -593270, -236 
1719906854846.00, 0, -593272, -238 
1719906854867.00, 0, -593271, -239 
1719906854888.00, 0, -593273, -239 
1719906854909.00, 0, -593270, -241 
1719906854932.00, 0, -593271, -241 
1719906854952.00, 0, -593271, -241 
1719906854973.00, 0, -593272, -240 
1719906854994.00, 0, -593271, -239 
1719906855016.00, 0, -593271, -239 
1719906855037.00, 0, -593272, -240 
1719906855059.00, 0, -593272, -241 
1719906855080.00, 0, -593272, -242 
1719906855101.00, 0, -593271, -244 
1719906855123.00, 0, -593272, -246 
1719906855144.00, 0, -593272, -247 
1719906855165.00, -1, -593271, -248 
1719906855186.00, 1, -593272, -251 
1719906855208.00, -1, -593273, -251 
1719906855229.00, -9, -593273, -251 
1719906855249.00, 0, -593272, -249 
1719906855271.00, -5, -593271, -247 
1719906855293.00, 0, -593272, -246 
1719906855313.00, 0, -593271, -245 
1719906855335.00, 5, -593271, -245 
1719906855356.00, -7, -593271, -244 
1719906855378.00, 0, -593272, -245 
1719906855399.00, 0, -593272, -246 
1719906855420.00, 0, -593272, -247 
1719906855442.00, 6, -593272, -246 
1719906855463.00, 0, -593272, -245 
1719906855485.00, 0, -593273, -246 
1719906855506.00, 50, -593272, -245 
1719906855527.00, 0, -593273, -244 
1719906855548.00, 0, -593271, -244 
1719906855570.00, 0, -593272, -246 
1719906855591.00, 0, -593272, -247 
1719906855611.00, 0, -593272, -248 
1719906855633.00, 0, -593272, -249 
1719906855655.00, 0, -593272, -249 
1719906855676.00, 0, -593272, -247 
1719906855698.00, 0, -593272, -244 
1719906855718.00, 0, -593272, -242 
1719906855739.00, 0, -593272, -241 
1719906855761.00, 0, -593271, -241 
1719906855783.00, 0, -593271, -242 
1719906855808.00, 0, -593272, -242 
1719906855825.00, -1, -593271, -241 
1719906855846.00, -6, -593272, -240 
1719906855868.00, -10, -593271, -239 
1719906855889.00, 0, -593271, -238 
1719906855912.00, 0, -593271, -238 
1719906855931.00, 0, -593272, -238 
1719906855953.00, 0, -593270, -238 
1719906855974.00, 0, -593271, -238 
1719906855995.00, 0, -593272, -238 
1719906856016.00, 0, -593271, -239 
1719906856038.00, 0, -593271, -239 
1719906856060.00, 0, -593272, -239 
1719906856081.00, 0, -593271, -238 
1719906856103.00, 0, -593272, -237 
1719906856124.00, 0, -593272, -236 
1719906856145.00, -32, -593271, -235 
1719906856167.00, 0, -593271, -234 
1719906856188.00, 0, -593271, -233 
1719906856210.00, 0, -593271, -233 
1719906856231.00, 0, -593271, -234 
1719906856252.00, 0, -593272, -236 
1719906856273.00, 0, -593271, -235 
1719906856295.00, 0, -593271, -232 
1719906856316.00, 0, -593270, -229 
1719906856337.00, 6, -593271, -225 
1719906856358.00, 0, -593271, -223 
1719906856379.00, 0, -593271, -219 
1719906856401.00, 0, -593271, -215 
1719906856422.00, 0, -593270, -214 
1719906856444.00, 0, -593270, -213 
1719906856468.00, 0, -593270, -211 
1719906856486.00, 0, -593271, -211 
1719906856507.00, 0, -593271, -214 
1719906856529.00, 0, -593271, -217 
1719906856550.00, 0, -593271, -217 
1719906856574.00, 0, -593270, -216 
1719906856592.00, 0, -593272, -218 
1719906856614.00, 0, -593271, -218 
1719906856635.00, 0, -593270, -217 
1719906856656.00, 0, -593271, -215 
1719906856678.00, 0, -593270, -213 
1719906856699.00, 0, -593270, -211 
1719906856720.00, 0, -593270, -207 
1719906856742.00, 6, -593269, -203 
1719906856763.00, 0, -593270, -199 
1719906856784.00, 0, -593270, -196 
1719906856805.00, 0, -593269, -193 
1719906856827.00, 0, -593269, -193 
1719906856848.00, 0, -593270, -195 
1719906856869.00, 0, -593269, -195 
1719906856890.00, 0, -593269, -194 
1719906856912.00, 0, -593270, -188 
1719906856933.00, 0, -593269, -187 
1719906856954.00, 0, -593269, -188 
1719906856976.00, 40, -593269, -189 
1719906856998.00, 4, -593268, -183 
1719906857021.00, 0, -593269, -177 
1719906857040.00, 0, -593268, -170 
1719906857061.00, 0, -593268, -168 
1719906857083.00, -5, -593269, -166 
1719906857104.00, 0, -593267, -158 
1719906857127.00, -2, -593266, -148 
1719906857146.00, 0, -593267, -139 
1719906857168.00, 0, -593265, -128 
1719906857189.00, 0, -593265, -121 
1719906857210.00, 0, -593265, -118 
1719906857233.00, 0, -593264, -112 
1719906857252.00, 0, -593263, -100 
1719906857274.00, 0, -593263, -85 
1719906857295.00, 0, -593261, -68 
1719906857316.00, -1, -593258, -38 
1719906857341.00, 50, -593257, -4 
1719906857358.00, 63, -593254, 32 
1719906857380.00, 2196, -593250, 66 
1719906857401.00, 5508, -593202, 106 
1719906857423.00, 9614, -593079, 146 
1719906857446.00, 14428, -592869, 205 
1719906857467.00, 20971, -592557, 251 
1719906857488.00, 27635, -592111, 268 
1719906857510.00, 32632, -591515, 281 
1719906857532.00, 36282, -590807, 303 
1719906857553.00, 39739, -590023, 322 
1719906857575.00, 43059, -589169, 336 
1719906857597.00, 45761, -588244, 334 
1719906857618.00, 47203, -587250, 335 
1719906857640.00, 47927, -586231, 335 
1719906857661.00, 48525, -585196, 324 
1719906857683.00, 48113, -584140, 323 
1719906857705.00, 47804, -583099, 333 
1719906857726.00, 48094, -582071, 309 
1719906857748.00, 47061, -581022, 273 
1719906857770.00, 44027, -580006, 233 
1719906857791.00, 39740, -579064, 189 
1719906857813.00, 34516, -578204, 128 
1719906857835.00, 27833, -577455, 48 
1719906857856.00, 19062, -576855, -12 
1719906857878.00, 10259, -576444, -86 
1719906857899.00, 356, -576223, -156 
1719906857921.00, -9239, -576207, -225 
1719906857943.00, -19305, -576392, -292 
1719906857964.00, -29290, -576800, -355 
1719906857986.00, -38997, -577428, -398 
1719906858007.00, -47486, -578268, -432 
1719906858029.00, -54607, -579292, -432 
1719906858051.00, -58472, -580469, -456 
1719906858072.00, -62565, -581748, -457 
1719906858094.00, -64876, -583100, -477 
1719906858115.00, -67356, -584505, -412 
1719906858137.00, -64926, -585965, -416 
1719906858158.00, -63645, -587363, -376 
1719906858181.00, -60303, -588747, -342 
1719906858202.00, -56553, -590048, -306 
1719906858223.00, -51932, -591275, -332 
1719906858245.00, -50746, -592407, -396 
1719906858267.00, -53858, -593502, -376 
1719906858289.00, -32104, -594661, -361 
1719906858310.00, -18821, -595382, -357 
1719906858331.00, -11028, -595799, -332 
1719906858354.00, -6182, -596041, -312 
1719906858375.00, -3505, -596175, -277 
1719906858397.00, -1860, -596248, -279 
1719906858418.00, -884, -596288, -270 
1719906858439.00, -281, -596305, -249 
1719906858461.00, -62, -596311, -243 
1719906858482.00, 7, -596312, -250 
1719906858503.00, 0, -596313, -255 
1719906858525.00, -2, -596312, -238 
1719906858547.00, 0, -596313, -229 
1719906858567.00, 0, -596312, -233 
1719906858589.00, 34, -596311, -233 
1719906858610.00, 0, -596311, -222 
1719906858631.00, 0, -596310, -192 
1719906858653.00, 0, -596308, -165 
1719906858674.00, 0, -596308, -151 
1719906858695.00, 0, -596308, -151 
1719906858716.00, 32, -596309, -146 
1719906858739.00, 0, -596308, -143 
1719906858760.00, 12, -596308, -134 
1719906858781.00, 0, -596306, -113 
1719906858802.00, -1, -596305, -99 
1719906858823.00, 0, -596305, -90 
1719906858845.00, 0, -596305, -74 
1719906858865.00, 0, -596301, -49 
1719906858887.00, 0, -596299, -19 
1719906858908.00, 0, -596296, 6 
1719906858929.00, 0, -596291, 71 
1719906858950.00, 4119, -596290, 98 
1719906858972.00, 8510, -596209, 108 
1719906858993.00, 11431, -596036, 119 
1719906859015.00, 14016, -595783, 155 
1719906859037.00, 17811, -595477, 207 
1719906859059.00, 23066, -595096, 229 
1719906859080.00, 27618, -594597, 239 
1719906859102.00, 31001, -594001, 281 
1719906859123.00, 35461, -593333, 314 
1719906859145.00, 39922, -592575, 340 
1719906859166.00, 44027, -591712, 378 
1719906859188.00, 49193, -590754, 404 
1719906859210.00, 53298, -589689, 488 
1719906859232.00, 60927, -588538, 552 
1719906859253.00, 69266, -587205, 567 
1719906859275.00, 75147, -585707, 588 
1719906859297.00, 79873, -584071, 649 
1719906859318.00, 86227, -582340, 687 
1719906859340.00, 92319, -580467, 703 
1719906859361.00, 96852, -578464, 748 
1719906859383.00, 102052, -576357, 788 
1719906859405.00, 107478, -574132, 809 
1719906859427.00, 112063, -571789, 822 
1719906859448.00, 115592, -569344, 822 
1719906859470.00, 117725, -566822, 825 
1719906859492.00, 118965, -564265, 844 
1719906859513.00, 120634, -561673, 874 
1719906859535.00, 123465, -559050, 882 
1719906859557.00, 125689, -556360, 819 
1719906859579.00, 123243, -553629, 810 
1719906859600.00, 120926, -550947, 822 
1719906859622.00, 120302, -548324, 775 
1719906859644.00, 116959, -545697, 821 
1719906859666.00, 117858, -543159, 783 
1719906859687.00, 116080, -540590, 768 
1719906859709.00, 113886, -538069, 780 
1719906859733.00, 113245, -535595, 771 
1719906859752.00, 112292, -533127, 783 
1719906859774.00, 112332, -530678, 715 
1719906859796.00, 108543, -528232, 708 
1719906859817.00, 105655, -525884, 698 
1719906859839.00, 103397, -523583, 718 
1719906859861.00, 103260, -521321, 721 
1719906859883.00, 103338, -519079, 735 
1719906859905.00, 104258, -516841, 736 
1719906859926.00, 104721, -514564, 720 
1719906859947.00, 104122, -512286, 715 
1719906859970.00, 103299, -510032, 719 
1719906859991.00, 102913, -507776, 676 
1719906860013.00, 100268, -505524, 725 
1719906860035.00, 101828, -503354, 729 
1719906860056.00, 102856, -501135, 752 
1719906860079.00, 104808, -498891, 748 
1719906860100.00, 105447, -496616, 721 
1719906860121.00, 104285, -494321, 707 
1719906860144.00, 102823, -492043, 700 
1719906860165.00, 101406, -489819, 704 
1719906860187.00, 100848, -487607, 717 
1719906860209.00, 101397, -485409, 695 
1719906860230.00, 100288, -483202, 678 
1719906860252.00, 98642, -481027, 675 
1719906860273.00, 97515, -478890, 658 
1719906860296.00, 95679, -476781, 649 
1719906860317.00, 94039, -474707, 639 
1719906860338.00, 92454, -472668, 617 
1719906860360.00, 90283, -470675, 616 
1719906860382.00, 88652, -468715, 602 
1719906860404.00, 87093, -466790, 595 
1719906860425.00, 85723, -464904, 584 
1719906860446.00, 84193, -463047, 555 
1719906860468.00, 81548, -461238, 548 
1719906860490.00, 79563, -459460, 534 
1719906860511.00, 77406, -457749, 528 
1719906860533.00, 75756, -456061, 492 
1719906860555.00, 72675, -454435, 454 
1719906860577.00, 68529, -452861, 390 
1719906860598.00, 62172, -451386, 321 
1719906860625.00, 54262, -450033, 254 
1719906860642.00, 45734, -448862, 226 
1719906860663.00, 38865, -447882, 176 
1719906860685.00, 31877, -447033, 125 
1719906860706.00, 24436, -446344, 75 
1719906860728.00, 17087, -445815, 2 
1719906860749.00, 8236, -445447, -48 
1719906860771.00, 75, -445262, -83 
1719906860792.00, -6358, -445250, -105 
1719906860814.00, -11609, -445371, -124 
1719906860839.00, -15949, -445614, -150 
1719906860857.00, -19969, -445956, -188 
1719906860878.00, -25105, -446388, -213 
1719906860900.00, -28909, -446919, -220 
1719906860922.00, -31956, -447551, -217 
1719906860949.00, -33499, -448245, -298 
1719906860965.00, -38767, -448958, -297 
1719906860987.00, -42196, -449802, -289 
1719906861009.00, -43843, -450726, -351 
1719906861030.00, -48335, -451679, -339 
1719906861051.00, -50335, -452714, -355 
1719906861073.00, -52520, -453810, -374 
1719906861095.00, -54634, -454949, -403 
1719906861117.00, -57736, -456125, -416 
1719906861138.00, -60199, -457381, -426 
1719906861160.00, -62379, -458689, -436 
1719906861182.00, -64184, -460039, -435 
1719906861203.00, -64897, -461439, -454 
1719906861225.00, -66633, -462835, -453 
1719906861246.00, -67605, -464284, -460 
1719906861268.00, -68446, -465739, -469 
1719906861289.00, -69448, -467233, -475 
1719906861311.00, -70331, -468736, -488 
1719906861333.00, -71509, -470266, -490 
1719906861355.00, -72262, -471809, -504 
1719906861376.00, -73411, -473371, -500 
1719906861398.00, -73928, -474976, -516 
1719906861419.00, -75180, -476578, -523 
1719906861441.00, -76289, -478214, -542 
1719906861463.00, -77897, -479864, -532 
1719906861485.00, -78423, -481544, -551 
1719906861506.00, -79761, -483255, -555 
1719906861527.00, -80775, -484984, -569 
1719906861549.00, -82345, -486743, -570 
1719906861570.00, -83059, -488512, -580 
1719906861592.00, -83988, -490324, -575 
1719906861614.00, -84281, -492138, -582 
1719906861636.00, -84887, -493976, -588 
1719906861658.00, -85484, -495808, -586 
1719906861679.00, -85763, -497667, -596 
1719906861700.00, -86528, -499521, -593 
1719906861722.00, -86814, -501400, -611 
1719906861744.00, -87758, -503288, -598 
1719906861766.00, -87707, -505175, -597 
1719906861788.00, -87464, -507089, -600 
1719906861809.00, -87408, -508981, -597 
1719906861831.00, -87465, -510878, -604 
1719906861853.00, -87677, -512761, -580 
1719906861874.00, -86236, -514652, -596 
1719906861895.00, -86442, -516543, -572 
1719906861917.00, -85186, -518401, -560 
1719906861939.00, -83334, -520253, -557 
1719906861961.00, -82088, -522052, -540 
1719906861982.00, -80301, -523837, -556 
1719906862004.00, -80354, -525583, -533 
1719906862026.00, -79347, -527317, -538 
1719906862047.00, -78542, -529028, -515 
1719906862069.00, -76737, -530721, -527 
1719906862090.00, -76297, -532390, -504 
1719906862113.00, -74617, -534042, -508 
1719906862134.00, -73830, -535668, -494 
1719906862155.00, -72549, -537254, -492 
1719906862176.00, -71644, -538828, -470 
1719906862198.00, -69868, -540378, -474 
1719906862220.00, -68924, -541896, -450 
1719906862242.00, -66900, -543392, -463 
1719906862264.00, -66266, -544837, -460 
1719906862285.00, -65908, -546279, -479 
1719906862306.00, -67009, -547702, -480 
1719906862328.00, -67509, -549166, -504 
1719906862350.00, -69273, -550626, -534 
1719906862373.00, -72019, -552132, -550 
1719906862393.00, -74783, -553691, -572 
1719906862415.00, -77568, -555314, -582 
1719906862437.00, -79871, -556998, -602 
1719906862457.00, -82617, -558738, -611 
1719906862482.00, -84765, -560521, -628 
1719906862502.00, -86760, -562361, -626 
1719906862523.00, -87941, -564233, -620 
1719906862545.00, -88319, -566149, -621 
1719906862566.00, -88360, -568061, -605 
1719906862593.00, -87618, -569974, -620 
1719906862610.00, -88022, -571872, -604 
1719906862632.00, -87232, -573781, -594 
1719906862653.00, -86296, -575674, -577 
1719906862674.00, -84671, -577529, -536 
1719906862700.00, -80980, -579361, -531 
1719906862718.00, -78514, -581118, -505 
1719906862740.00, -75345, -582824, -500 
1719906862761.00, -73183, -584453, -464 
1719906862783.00, -69715, -586040, -453 
1719906862810.00, -67047, -587549, -420 
1719906862826.00, -63693, -589001, -398 
1719906862848.00, -60237, -590376, -374 
1719906862870.00, -56906, -591686, -378 
1719906862891.00, -55017, -592913, -368 
1719906862915.00, -31169, -594099, -351 
1719906862934.00, -17050, -594806, -378 
1719906862955.00, -8469, -595191, -390 
1719906862978.00, -3605, -595385, -374 
1719906862999.00, -675, -595465, -373 
1719906863021.00, 241, -595481, -386 
1719906863042.00, 1322, -595477, -384 
1719906863064.00, 2097, -595452, -351 
1719906863085.00, 2560, -595407, -315 
1719906863107.00, 2816, -595349, -285 
1719906863130.00, 2941, -595285, -238 
1719906863150.00, 2869, -595223, -246 
1719906863172.00, 2947, -595158, -243 
1719906863194.00, 2824, -595094, -245 
1719906863215.00, 2874, -595032, -246 
1719906863237.00, 2801, -594971, -248 
1719906863258.00, 2742, -594909, -257 
1719906863280.00, 2689, -594850, -265 
1719906863302.00, 2626, -594795, -275 
1719906863323.00, 2544, -594737, -282 
1719906863345.00, 2387, -594682, -280 
1719906863367.00, 2347, -594630, -277 
1719906863388.00, 2277, -594579, -276 
1719906863410.00, 2157, -594528, -267 
1719906863431.00, 2091, -594480, -245 
1719906863453.00, 2115, -594433, -228 
1719906863475.00, 2164, -594387, -227 
1719906863497.00, 2017, -594342, -223 
1719906863518.00, 1914, -594296, -228 
1719906863539.00, 1943, -594255, -242 
1719906863561.00, 1843, -594215, -258 
1719906863583.00, 1756, -594173, -262 
1719906863604.00, 1689, -594132, -260 
1719906863626.00, 1702, -594097, -249 
1719906863647.00, 1792, -594059, -249 
1719906863669.00, 1737, -594020, -250 
1719906863691.00, 1653, -593983, -248 
1719906863713.00, 1629, -593947, -249 
1719906863734.00, 1589, -593911, -249 
1719906863756.00, 1460, -593878, -251 
1719906863778.00, 1446, -593847, -253 
1719906863799.00, 1382, -593816, -253 
1719906863821.00, 1300, -593786, -251 
1719906863842.00, 1258, -593756, -249 
1719906863864.00, 1251, -593730, -249 
1719906863885.00, 1270, -593702, -248 
1719906863908.00, 1208, -593676, -247 
1719906863929.00, 1157, -593649, -250 
1719906863950.00, 1155, -593622, -250 
1719906863972.00, 1110, -593598, -251 
1719906863993.00, 1097, -593572, -251 
1719906864016.00, 1148, -593549, -249 
1719906864037.00, 1163, -593524, -245 
1719906864059.00, 1122, -593500, -242 
1719906864080.00, 1084, -593476, -241 
1719906864101.00, 1061, -593454, -241 
1719906864124.00, 987, -593429, -224 
1719906864145.00, 925, -593407, -216 
1719906864167.00, 891, -593389, -222 
1719906864188.00, 852, -593369, -226 
1719906864209.00, 859, -593351, -230 
1719906864235.00, 863, -593334, -236 
1719906864252.00, 859, -593316, -234 
1719906864274.00, 840, -593295, -226 
1719906864296.00, 828, -593278, -220 
1719906864317.00, 792, -593260, -221 
1719906864343.00, 745, -593244, -225 
1719906864361.00, 786, -593228, -232 
1719906864383.00, 725, -593213, -242 
1719906864403.00, 705, -593197, -248 
1719906864425.00, 687, -593181, -243 
1719906864451.00, 708, -593168, -240 
1719906864469.00, 669, -593153, -241 
1719906864489.00, 612, -593139, -242 
1719906864512.00, 576, -593126, -250 
1719906864533.00, 545, -593112, -254 
1719906864555.00, 561, -593102, -258 
1719906864576.00, 519, -593090, -250 
1719906864598.00, 459, -593079, -251 
1719906864619.00, 442, -593070, -261 
1719906864641.00, 442, -593059, -259 
1719906864667.00, 448, -593049, -252 
1719906864684.00, 449, -593039, -244 
1719906864706.00, 431, -593028, -239 
1719906864727.00, 468, -593018, -233 
1719906864749.00, 433, -593009, -226 
1719906864773.00, 411, -592999, -221 
1719906864792.00, 458, -592989, -217 
1719906864813.00, 493, -592981, -216 
1719906864835.00, 463, -592969, -210 
1719906864857.00, 408, -592958, -194 
1719906864880.00, 349, -592947, -195 
1719906864899.00, 309, -592940, -207 
1719906864921.00, 309, -592935, -220 
1719906864942.00, 298, -592929, -223 
1719906864964.00, 303, -592923, -229 
1719906864986.00, 316, -592917, -231 
1719906865006.00, 309, -592910, -225 
1719906865029.00, 292, -592904, -231 
1719906865050.00, 281, -592898, -235 
1719906865072.00, 298, -592891, -231 
1719906865093.00, 275, -592885, -228 
1719906865114.00, 267, -592879, -233 
1719906865137.00, 236, -592872, -234 
1719906865158.00, 210, -592867, -238 
1719906865180.00, 263, -592862, -244 
1719906865201.00, 282, -592856, -232 
1719906865222.00, 264, -592850, -224 
1719906865244.00, 250, -592845, -222 
1719906865265.00, 220, -592841, -223 
1719906865287.00, 226, -592835, -223 
1719906865309.00, 226, -592832, -225 
1719906865330.00, 230, -592826, -223 
1719906865352.00, 261, -592822, -220 
1719906865373.00, 247, -592815, -219 
1719906865395.00, 231, -592809, -219 
1719906865416.00, 218, -592804, -219 
1719906865438.00, 208, -592799, -215 
1719906865459.00, 203, -592794, -210 
1719906865481.00, 202, -592790, -206 
1719906865503.00, 196, -592785, -204 
1719906865524.00, 196, -592782, -202 
1719906865548.00, 183, -592778, -202 
1719906865567.00, 175, -592774, -200 
1719906865589.00, 166, -592771, -198 
1719906865610.00, 160, -592766, -198 
1719906865632.00, 160, -592763, -199 
1719906865653.00, 151, -592759, -201 
1719906865675.00, 155, -592756, -201 
1719906865696.00, 147, -592752, -200 
1719906865718.00, 141, -592749, -199 
1719906865740.00, 131, -592748, -200 
1719906865766.00, 123, -592744, -202 
1719906865783.00, 116, -592742, -204 
1719906865804.00, 124, -592739, -206 
1719906865826.00, 109, -592735, -200 
1719906865847.00, 75, -592734, -203 
1719906865871.00, 109, -592733, -223 
1719906865891.00, 130, -592730, -208 
1719906865912.00, 141, -592727, -196 
1719906865934.00, 141, -592724, -186 
1719906865955.00, 116, -592720, -174 
1719906865978.00, 110, -592718, -173 
1719906865998.00, -9673, -592716, -173 
1719906866020.00, -16107, -592896, -165 
1719906866041.00, -9590, -593229, -161 
1719906866063.00, -5666, -593446, -163 
1719906866087.00, -3347, -593574, -182 
1719906866106.00, -2037, -593650, -184 
1719906866128.00, -1214, -593693, -191 
1719906866149.00, -628, -593718, -186 
1719906866170.00, -306, -593731, -182 
1719906866192.00, -97, -593738, -174 
1719906866213.00, -24, -593740, -165 
1719906866235.00, 0, -593741, -161 
1719906866256.00, 0, -593742, -164 
1719906866277.00, 0, -593742, -164 
1719906866299.00, -1, -593742, -160 
1719906866320.00, 0, -593742, -156 
1719906866340.00, 0, -593742, -149 
1719906866362.00, -29, -593742, -146 
1719906866383.00, 0, -593742, -143 
1719906866405.00, 0, -593742, -139 
1719906866425.00, 0, -593741, -142 
1719906866447.00, 0, -593741, -137 
1719906866469.00, -7, -593741, -136 
1719906866490.00, 0, -593742, -142 
1719906866511.00, -1, -593742, -142 
1719906866532.00, 0, -593742, -143 
1719906866554.00, -5, -593743, -149 
1719906866575.00, 0, -593743, -157 
1719906866597.00, 0, -593742, -154 
1719906866618.00, 0, -593743, -159 
1719906866639.00, 0, -593744, -166 
1719906866660.00, 0, -593743, -173 
1719906866682.00, 0, -593743, -173 
1719906866703.00, 0, -593743, -172 
1719906866725.00, 0, -593744, -172 
1719906866745.00, 0, -593744, -176 
1719906866766.00, 0, -593745, -176 
1719906866788.00, -4, -593744, -170 
1719906866809.00, 0, -593743, -166 
1719906866830.00, 0, -593744, -165 
1719906866853.00, 16, -593745, -170 
1719906866873.00, 0, -593745, -172 
1719906866895.00, 0, -593744, -175 
1719906866916.00, 0, -593745, -181 
1719906866937.00, 0, -593746, -191 
1719906866960.00, 0, -593746, -210 
1719906866980.00, 0, -593748, -232 
1719906867001.00, 0, -593748, -244 
1719906867022.00, 0, -593748, -252 
1719906867044.00, 4, -593747, -222 
1719906867064.00, 0, -593745, -189 
1719906867086.00, 0, -593744, -161 
1719906867108.00, 0, -593743, -123 
1719906867128.00, 0, -593743, -132 
1719906867150.00, 0, -593746, -182 
1719906867172.00, 3, -593747, -225 
1719906867193.00, 0, -593747, -245 
1719906867214.00, 0, -593749, -251 
1719906867235.00, 0, -593747, -217 
1719906867257.00, 0, -593745, -177 
1719906867277.00, -24, -593746, -169 
1719906867298.00, -2, -593745, -187 
1719906867321.00, 0, -593746, -191 
1719906867341.00, 0, -593745, -181 
1719906867363.00, 0, -593745, -161 
1719906867384.00, 0, -593744, -143 
1719906867407.00, 0, -593743, -149 
1719906867427.00, 1, -593745, -159 
1719906867448.00, 0, -593746, -177 
1719906867469.00, 0, -593746, -168 
1719906867491.00, 0, -593745, -167 
1719906867512.00, 0, -593745, -158 
1719906867534.00, 0, -593745, -164 
1719906867555.00, 0, -593746, -166 
1719906867576.00, 0, -593744, -161 
1719906867598.00, 0, -593745, -157 
1719906867619.00, 0, -593745, -153 
1719906867640.00, 0, -593745, -147 
1719906867661.00, 0, -593745, -140 
1719906867683.00, 0, -593744, -142 
1719906867704.00, 0, -593745, -149 
1719906867725.00, 0, -593745, -154 
1719906867746.00, 0, -593744, -155 
1719906867767.00, -12, -593745, -156 
1719906867789.00, 0, -593745, -158 
1719906867810.00, 0, -593745, -158 
1719906867831.00, 0, -593745, -158 
1719906867852.00, 0, -593745, -161 
1719906867875.00, 0, -593745, -161 
1719906867896.00, 0, -593745, -161 
1719906867918.00, 0, -593745, -158 
1719906867939.00, 48, -593746, -158 
1719906867960.00, 0, -593746, -159 
1719906867982.00, 0, -593746, -159 
1719906868003.00, 0, -593745, -158 
1719906868024.00, 0, -593746, -158 
1719906868045.00, 0, -593745, -159 
1719906868067.00, 0, -593745, -159 
1719906868088.00, 0, -593745, -158 
1719906868109.00, 0, -593746, -156 
1719906868130.00, 0, -593745, -156 
1719906868152.00, 0, -593746, -155 
1719906868175.00, 0, -593746, -151 
1719906868194.00, 0, -593745, -148 
1719906868216.00, 0, -593745, -147 
1719906868237.00, 0, -593746, -146 
1719906868258.00, 0, -593744, -144 
1719906868285.00, -54, -593745, -140 
1719906868301.00, 0, -593745, -136 
1719906868322.00, 0, -593745, -134 
1719906868344.00, 0, -593745, -133 
1719906868365.00, 0, -593744, -132 
1719906868387.00, 0, -593745, -133 
1719906868407.00, 0, -593744, -132 
1719906868428.00, 0, -593745, -132 
1719906868450.00, 0, -593745, -134 
1719906868471.00, 0, -593744, -135 
1719906868498.00, 0, -593746, -137 
1719906868514.00, 0, -593746, -137 
1719906868535.00, 1, -593745, -138 
1719906868556.00, 42, -593744, -138 
1719906868578.00, 0, -593745, -140 
1719906868599.00, 0, -593745, -139 
1719906868621.00, 0, -593745, -137 
1719906868642.00, 0, -593745, -138 
1719906868663.00, 0, -593746, -139 
1719906868684.00, 0, -593745, -135 
1719906868706.00, 0, -593746, -132 
1719906868727.00, 12, -593744, -127 
1719906868748.00, 0, -593744, -120 
1719906868770.00, 0, -593744, -111 
1719906868791.00, 0, -593743, -100 
1719906868812.00, 3, -593743, -89 
1719906868834.00, 0, -593743, -82 
1719906868855.00, 62, -593742, -76 
1719906868876.00, 23, -593741, -66 
1719906868897.00, 0, -593740, -56 
1719906868919.00, 0, -593739, -46 
1719906868940.00, 0, -593739, -39 
1719906868960.00, -66, -593739, -35 
1719906868982.00, 0, -593739, -29 
1719906869004.00, 0, -593739, -19 
1719906869025.00, 0, -593736, -4 
1719906869046.00, 0, -593736, 16 
1719906869067.00, 303, -593735, 19 
1719906869088.00, 1312, -593730, 28 
1719906869110.00, 2538, -593703, 42 
1719906869131.00, 4028, -593651, 45 
1719906869155.00, 5287, -593561, 58 
1719906869175.00, 6642, -593451, 73 
1719906869195.00, 8460, -593308, 89 
1719906869217.00, 10645, -593130, 98 
1719906869239.00, 12396, -592905, 112 
1719906869262.00, 14467, -592641, 128 
1719906869282.00, 16435, -592338, 146 
1719906869304.00, 18379, -591985, 164 
1719906869326.00, 20591, -591577, 180 
1719906869347.00, 23327, -591125, 198 
1719906869369.00, 25856, -590623, 195 
1719906869390.00, 26883, -590070, 195 
1719906869412.00, 27584, -589488, 209 
1719906869433.00, 28814, -588895, 220 
1719906869455.00, 30163, -588269, 226 
1719906869478.00, 31546, -587608, 245 
1719906869499.00, 33503, -586919, 298 
1719906869520.00, 37777, -586197, 366 
1719906869542.00, 41086, -585386, 408 
1719906869563.00, 43086, -584498, 381 
1719906869585.00, 43634, -583549, 564 
1719906869606.00, 43855, -582612, 499 
1719906869629.00, 43936, -581665, 535 
1719906869650.00, 43690, -580709, 593 
1719906869671.00, 43640, -579757, 617 
1719906869693.00, 43762, -578814, 650 
1719906869715.00, 43798, -577859, 693 
1719906869737.00, 43713, -576912, 723 
1719906869758.00, 43776, -575973, 755 
1719906869780.00, 43796, -575021, 786 
1719906869803.00, 43660, -574066, 839 
1719906869823.00, 43738, -573117, 868 
1719906869844.00, 43766, -572173, 881 
1719906869866.00, 43764, -571217, 908 
1719906869888.00, 43659, -570271, 940 
1719906869910.00, 43754, -569331, 944 
1719906869931.00, 43715, -568385, 956 
1719906869952.00, 43737, -567433, 993 
1719906869975.00, 43768, -566481, 1047 
1719906869996.00, 43764, -565534, 1063 
1719906870018.00, 43712, -564576, 1045 
1719906870040.00, 43518, -563623, 1067 
1719906870062.00, 43497, -562676, 1103 
1719906870083.00, 43973, -561730, 1068 
1719906870104.00, 43743, -560774, 1090 
1719906870127.00, 43607, -559826, 1120 
1719906870149.00, 43535, -558879, 1148 
1719906870170.00, 43708, -557924, 1146 
1719906870192.00, 43843, -556973, 1147 
1719906870213.00, 43632, -556025, 1200 
1719906870235.00, 43539, -555074, 1182 
1719906870257.00, 43749, -554116, 1208 
1719906870279.00, 43709, -553169, 1242 
1719906870300.00, 43731, -552216, 1268 
1719906870322.00, 43658, -551263, 1293 
1719906870344.00, 43764, -550314, 1289 
1719906870365.00, 43614, -549366, 1309 
1719906870387.00, 43695, -548409, 1319 
1719906870409.00, 43585, -547455, 1305 
1719906870431.00, 43773, -546507, 1330 
1719906870452.00, 43729, -545556, 1334 
1719906870474.00, 43834, -544601, 1336 
1719906870496.00, 43716, -543653, 1340 
1719906870518.00, 43716, -542708, 1355 
1719906870539.00, 43566, -541750, 1362 
1719906870561.00, 43656, -540797, 1384 
1719906870583.00, 43853, -539850, 1376 
1719906870605.00, 43908, -538898, 1392 
1719906870627.00, 43504, -537942, 1430 
1719906870647.00, 43606, -536994, 1448 
1719906870670.00, 43685, -536053, 1418 
1719906870692.00, 43792, -535097, 1396 
1719906870713.00, 43838, -534141, 1447 
1719906870735.00, 43542, -533192, 1458 
1719906870756.00, 43621, -532236, 1480 
1719906870778.00, 43733, -531280, 1505 
1719906870800.00, 43701, -530332, 1536 
1719906870822.00, 43630, -529384, 1546 
1719906870843.00, 43671, -528431, 1569 
1719906870865.00, 43749, -527475, 1622 
1719906870887.00, 43680, -526532, 1648 
1719906870909.00, 43663, -525576, 1607 
1719906870931.00, 43586, -524625, 1597 
1719906870951.00, 43824, -523675, 1637 
1719906870974.00, 43843, -522725, 1672 
1719906870996.00, 43569, -521771, 1689 
1719906871017.00, 43595, -520817, 1682 
1719906871039.00, 43566, -519873, 1711 
1719906871061.00, 43778, -518926, 1664 
1719906871083.00, 43755, -517975, 1705 
1719906871104.00, 43730, -517024, 1720 
1719906871126.00, 43552, -516069, 1758 
1719906871147.00, 43677, -515113, 1766 
1719906871169.00, 43557, -514163, 1772 
1719906871191.00, 43718, -513220, 1764 
1719906871213.00, 43721, -512267, 1812 
1719906871235.00, 43662, -511314, 1800 
1719906871256.00, 43687, -510369, 1821 
1719906871278.00, 43735, -509417, 1838 
1719906871300.00, 43382, -508465, 1814 
1719906871322.00, 43763, -507513, 1794 
1719906871344.00, 43772, -506570, 1787 
1719906871365.00, 43546, -505614, 1784 
1719906871387.00, 43512, -504665, 1768 
1719906871408.00, 43521, -503723, 1773 
1719906871430.00, 43717, -502772, 1820 
1719906871456.00, 43795, -501820, 1817 
1719906871474.00, 43535, -500869, 1796 
1719906871496.00, 43534, -499922, 1828 
1719906871517.00, 43884, -498965, 1797 
1719906871538.00, 43514, -498010, 1859 
1719906871565.00, 43426, -497072, 1838 
1719906871582.00, 43714, -496123, 1825 
1719906871603.00, 43675, -495169, 1849 
1719906871626.00, 43696, -494225, 1824 
1719906871648.00, 43531, -493280, 1800 
1719906871670.00, 43510, -492325, 1788 
1719906871691.00, 43815, -491375, 1746 
1719906871713.00, 43711, -490432, 1762 
1719906871735.00, 43317, -489476, 1774 
1719906871756.00, 43651, -488530, 1720 
1719906871778.00, 43704, -487582, 1784 
1719906871799.00, 43657, -486637, 1768 
1719906871821.00, 43634, -485686, 1769 
1719906871843.00, 43741, -484733, 1753 
1719906871865.00, 43708, -483786, 1745 
1719906871887.00, 43646, -482827, 1786 
1719906871907.00, 43714, -481877, 1765 
1719906871930.00, 43544, -480930, 1761 
1719906871952.00, 43800, -479985, 1740 
1719906871973.00, 43757, -479033, 1740 
1719906871997.00, 43740, -478085, 1742 
1719906872017.00, 43502, -477142, 1730 
1719906872038.00, 43512, -476186, 1690 
1719906872059.00, 43657, -475234, 1695 
1719906872082.00, 43612, -474290, 1716 
1719906872108.00, 43648, -473340, 1739 
1719906872125.00, 43767, -472386, 1724 
1719906872148.00, 43795, -471437, 1741 
1719906872169.00, 43647, -470492, 1745 
1719906872190.00, 43481, -469538, 1743 
1719906872215.00, 43715, -468587, 1713 
1719906872234.00, 43820, -467643, 1677 
1719906872256.00, 43595, -466691, 1697 
1719906872277.00, 43564, -465736, 1681 
1719906872299.00, 43788, -464789, 1660 
1719906872321.00, 43752, -463843, 1694 
1719906872342.00, 43847, -462893, 1669 
1719906872364.00, 43624, -461936, 1702 
1719906872386.00, 43476, -460993, 1717 
1719906872407.00, 43767, -460042, 1705 
1719906872431.00, 43513, -459091, 1704 
1719906872451.00, 43456, -458139, 1686 
1719906872473.00, 43763, -457193, 1703 
1719906872494.00, 43664, -456242, 1673 
1719906872516.00, 43741, -455292, 1676 
1719906872538.00, 43635, -454352, 1673 
1719906872560.00, 43571, -453396, 1690 
1719906872582.00, 43850, -452445, 1686 
1719906872603.00, 43846, -451498, 1650 
1719906872625.00, 43447, -450545, 1686 
1719906872650.00, 43620, -449593, 1627 
1719906872668.00, 43629, -448645, 1611 
1719906872690.00, 43602, -447703, 1586 
1719906872712.00, 43627, -446751, 1548 
1719906872734.00, 43589, -445802, 1553 
1719906872755.00, 43489, -444861, 1479 
1719906872777.00, 43598, -443917, 1379 
1719906872799.00, 43282, -442969, 1308 
1719906872821.00, 43349, -442025, 1255 
1719906872842.00, 43325, -441093, 1088 
1719906872864.00, 43218, -440150, 988 
1719906872886.00, 43330, -439217, 867 
1719906872907.00, 43225, -438290, 727 
1719906872929.00, 43312, -437355, 569 
1719906872950.00, 43087, -436423, 443 
1719906872972.00, 43211, -435494, 332 
1719906872994.00, 43272, -434566, 212 
1719906873015.00, 37366, -433625, 117 
1719906873037.00, 27866, -432823, 30 
1719906873058.00, 17227, -432220, -77 
1719906873082.00, 4465, -431845, -178 
1719906873102.00, -8607, -431746, -271 
1719906873123.00, -22371, -431915, -335 
1719906873145.00, -33151, -432382, -370 
1719906873167.00, -39447, -433087, -408 
1719906873188.00, -43299, -433944, -546 
1719906873210.00, -43794, -434884, -543 
1719906873232.00, -43671, -435834, -593 
1719906873253.00, -43662, -436779, -636 
1719906873275.00, -43720, -437734, -653 
1719906873296.00, -43627, -438687, -683 
1719906873318.00, -43723, -439624, -692 
1719906873339.00, -43814, -440573, -694 
1719906873362.00, -43682, -441523, -699 
1719906873383.00, -43686, -442470, -705 
1719906873404.00, -43797, -443413, -704 
1719906873426.00, -43783, -444369, -728 
1719906873448.00, -43512, -445317, -753 
1719906873469.00, -43663, -446256, -723 
1719906873491.00, -43813, -447200, -750 
1719906873513.00, -43643, -448149, -750 
1719906873536.00, -43837, -449093, -763 
1719906873556.00, -43734, -450041, -775 
1719906873577.00, -43763, -450995, -793 
1719906873600.00, -43692, -451943, -788 
1719906873621.00, -43804, -452885, -787 
1719906873643.00, -43639, -453834, -798 
1719906873664.00, -43593, -454784, -806 
1719906873686.00, -43720, -455724, -817 
1719906873708.00, -43778, -456667, -829 
1719906873729.00, -43545, -457619, -830 
1719906873751.00, -43832, -458564, -814 
1719906873773.00, -43619, -459507, -827 
1719906873794.00, -43594, -460461, -837 
1719906873815.00, -43678, -461407, -810 
1719906873838.00, -43689, -462340, -801 
1719906873859.00, -43536, -463285, -808 
1719906873881.00, -43738, -464238, -777 
1719906873902.00, -43619, -465178, -774 
1719906873924.00, -43427, -466119, -768 
1719906873945.00, -43407, -467071, -748 
1719906873966.00, -43617, -468019, -748 
1719906873988.00, -43568, -468957, -724 
1719906874010.00, -43642, -469900, -707 
1719906874032.00, -43746, -470857, -713 
1719906874054.00, -43635, -471795, -718 
1719906874077.00, -43761, -472734, -717 
1719906874097.00, -43789, -473687, -735 
1719906874118.00, -43667, -474638, -738 
1719906874140.00, -43749, -475576, -743 
1719906874162.00, -43759, -476530, -763 
1719906874185.00, -43688, -477483, -761 
1719906874205.00, -43589, -478424, -771 
1719906874227.00, -43685, -479367, -781 
1719906874249.00, -43883, -480318, -792 
1719906874270.00, -43630, -481263, -806 
1719906874297.00, -43726, -482205, -840 
1719906874313.00, -43792, -483153, -847 
1719906874335.00, -43771, -484114, -860 
1719906874357.00, -43654, -485055, -884 
1719906874378.00, -43893, -485996, -888 
1719906874402.00, -43680, -486953, -888 
1719906874422.00, -43447, -487899, -906 
1719906874443.00, -43464, -488838, -897 
1719906874465.00, -43501, -489780, -879 
1719906874487.00, -43516, -490731, -907 
1719906874512.00, -43742, -491674, -928 
1719906874530.00, -43666, -492616, -925 
1719906874552.00, -43674, -493573, -937 
1719906874573.00, -43635, -494516, -963 
1719906874595.00, -43485, -495455, -951 
1719906874619.00, -43505, -496401, -949 
1719906874638.00, -43799, -497352, -953 
1719906874659.00, -43726, -498289, -967 
1719906874681.00, -43595, -499233, -945 
1719906874703.00, -43624, -500195, -976 
1719906874726.00, -43703, -501136, -986 
1719906874746.00, -43737, -502078, -966 
1719906874768.00, -43710, -503029, -979 
1719906874789.00, -43739, -503980, -979 
1719906874811.00, -43751, -504919, -983 
1719906874834.00, -43535, -505863, -997 
1719906874854.00, -43724, -506817, -1003 
1719906874876.00, -43542, -507762, -1015 
1719906874898.00, -43695, -508708, -1003 
1719906874919.00, -43677, -509662, -1002 
1719906874941.00, -43693, -510617, -1000 
1719906874963.00, -43643, -511560, -972 
1719906874985.00, -43619, -512502, -983 
1719906875006.00, -43712, -513455, -989 
1719906875028.00, -43857, -514392, -998 
1719906875050.00, -43591, -515338, -999 
1719906875071.00, -43459, -516295, -993 
1719906875092.00, -43520, -517243, -993 
1719906875114.00, -43623, -518182, -989 
1719906875136.00, -43746, -519127, -983 
1719906875162.00, -43932, -520077, -985 
1719906875179.00, -43620, -521015, -1002 
1719906875201.00, -43359, -521963, -1008 
1719906875223.00, -43537, -522923, -1021 
1719906875245.00, -43653, -523866, -1023 
1719906875266.00, -43604, -524810, -1019 
1719906875288.00, -43511, -525766, -1036 
1719906875310.00, -43576, -526721, -1030 
1719906875332.00, -43631, -527662, -1013 
1719906875353.00, -43542, -528609, -1028 
1719906875375.00, -43539, -529566, -1057 
1719906875397.00, -43732, -530514, -1078 
1719906875419.00, -43936, -531455, -1079 
1719906875440.00, -43586, -532413, -1099 
1719906875461.00, -43611, -533371, -1090 
1719906875483.00, -43619, -534315, -1063 
1719906875505.00, -43842, -535260, -1093 
1719906875527.00, -43758, -536222, -1092 
1719906875549.00, -43603, -537166, -1078 
1719906875570.00, -43568, -538108, -1074 
1719906875591.00, -43692, -539063, -1090 
1719906875614.00, -43668, -540011, -1075 
1719906875636.00, -43752, -540957, -1068 
1719906875657.00, -43704, -541912, -1085 
1719906875679.00, -43844, -542872, -1066 
1719906875701.00, -43727, -543813, -1052 
1719906875724.00, -43478, -544755, -1040 
1719906875744.00, -43587, -545710, -1025 
1719906875766.00, -43705, -546659, -1025 
1719906875788.00, -43897, -547602, -1012 
1719906875809.00, -43629, -548555, -981 
1719906875830.00, -43693, -549511, -981 
1719906875853.00, -43736, -550451, -988 
1719906875875.00, -43682, -551394, -979 
1719906875896.00, -43617, -552345, -975 
1719906875918.00, -43879, -553294, -996 
1719906875939.00, -43622, -554237, -1021 
1719906875961.00, -43303, -555188, -1028 
1719906875983.00, -43444, -556143, -1024 
1719906876005.00, -43563, -557079, -1007 
1719906876026.00, -43557, -558023, -991 
1719906876048.00, -43736, -558975, -988 
1719906876070.00, -43632, -559917, -987 
1719906876091.00, -43477, -560857, -959 
1719906876113.00, -43476, -561808, -968 
1719906876134.00, -43661, -562754, -957 
1719906876164.00, -43583, -563685, -930 
1719906876178.00, -43526, -564630, -915 
1719906876199.00, -43611, -565587, -917 
1719906876220.00, -43513, -566530, -910 
1719906876242.00, -43466, -567471, -911 
1719906876264.00, -43670, -568422, -921 
1719906876285.00, -43642, -569368, -928 
1719906876307.00, -43675, -570303, -915 
1719906876329.00, -43709, -571245, -872 
1719906876351.00, -43489, -572197, -863 
1719906876374.00, -43327, -573144, -851 
1719906876394.00, -43640, -574085, -823 
1719906876415.00, -43489, -575031, -833 
1719906876437.00, -43691, -575978, -809 
1719906876459.00, -43707, -576913, -772 
1719906876482.00, -43496, -577853, -746 
1719906876502.00, -43406, -578802, -731 
1719906876524.00, -43502, -579741, -674 
1719906876545.00, -43448, -580682, -659 
1719906876567.00, -43510, -581630, -632 
1719906876592.00, -43621, -582570, -590 
1719906876610.00, -43568, -583510, -573 
1719906876632.00, -43651, -584454, -554 
1719906876654.00, -43752, -585402, -522 
1719906876675.00, -43394, -586339, -488 
1719906876697.00, -43533, -587282, -456 
1719906876719.00, -43680, -588230, -444 
1719906876740.00, -43441, -589168, -409 
1719906876762.00, -43647, -590109, -375 
1719906876784.00, -43800, -591053, -370 
1719906876806.00, -43567, -592000, -348 
1719906876827.00, -43542, -592939, -331 
1719906876848.00, -25032, -593877, -283 
1719906876870.00, -13751, -594444, -303 
1719906876891.00, -7130, -594756, -334 
1719906876912.00, -3242, -594915, -312 
1719906876935.00, -881, -594990, -335 
1719906876956.00, 66, -595012, -352 
1719906876978.00, 741, -595012, -334 
1719906876999.00, 1371, -595003, -296 
1719906877022.00, 1754, -594974, -244 
1719906877042.00, 2082, -594935, -229 
1719906877064.00, 2161, -594888, -206 
1719906877086.00, 2160, -594839, -177 
1719906877107.00, 2193, -594788, -135 
1719906877130.00, 2189, -594739, -109 
1719906877151.00, 2061, -594691, -99 
1719906877172.00, 2026, -594647, -88 
1719906877194.00, 1969, -594602, -74 
1719906877215.00, 1898, -594558, -53 
1719906877239.00, 1814, -594515, -44 
1719906877258.00, 1739, -594477, -33 
1719906877280.00, 1775, -594438, -32 
1719906877301.00, 1770, -594400, -30 
1719906877323.00, 1688, -594363, -28 
1719906877344.00, 1628, -594326, -28 
1719906877366.00, 1538, -594292, -29 
1719906877388.00, 1521, -594257, -26 
1719906877409.00, 1511, -594224, -25 
1719906877430.00, 1468, -594191, -24 
1719906877452.00, 1428, -594160, -23 
1719906877474.00, 1383, -594129, -20 
1719906877495.00, 1380, -594100, -20 
1719906877517.00, 1389, -594070, -17 
1719906877538.00, 1375, -594041, -15 
1719906877560.00, 1391, -594013, -16 
1719906877581.00, 1295, -593982, -15 
1719906877603.00, 1188, -593953, -16 
1719906877624.00, 1121, -593928, -17 
1719906877646.00, 1066, -593903, -16 
1719906877667.00, 1047, -593879, -18 
1719906877695.00, 992, -593857, -19 
1719906877711.00, 922, -593835, -20 
1719906877732.00, 935, -593815, -19 
1719906877753.00, 890, -593795, -16 
1719906877774.00, 869, -593776, -13 
1719906877797.00, 816, -593755, -12 
1719906877818.00, 774, -593737, -10 
1719906877839.00, 795, -593720, -10 
1719906877861.00, 788, -593702, -8 
1719906877882.00, 814, -593685, -5 
1719906877903.00, 811, -593667, -3 
1719906877924.00, 799, -593650, -2 
1719906877946.00, 810, -593632, -2 
1719906877968.00, 762, -593614, -2 
1719906877988.00, 722, -593599, -1 
1719906878014.00, 663, -593582, 0 
1719906878032.00, 658, -593566, 0 
1719906878053.00, 706, -593553, 1 
1719906878074.00, 682, -593539, 1 
1719906878095.00, 681, -593525, 4 
1719906878116.00, 664, -593510, 6 
1719906878138.00, 632, -593496, 8 
1719906878159.00, 593, -593482, 9 
1719906878180.00, 573, -593471, 9 
1719906878202.00, 563, -593457, 9 
1719906878223.00, 553, -593444, 10 
1719906878245.00, 0, -593433, 10 
1719906878265.00, 0, -593432, 12 
1719906878287.00, 899, -593431, 12 
1719906878307.00, 1513, -593415, 10 
1719906878329.00, 0, -593382, 10 
1719906878350.00, 0, -593380, 16 
1719906878372.00, 1062, -593379, 16 
1719906878393.00, 1864, -593358, 13 
1719906878414.00, 2249, -593320, 12 
1719906878436.00, 2316, -593274, 12 
1719906878458.00, 2373, -593224, 12 
1719906878479.00, 2447, -593174, 10 
1719906878500.00, 0, -593123, 7 
1719906878521.00, 72, -593118, 10 
1719906878542.00, 0, -593118, 5 
1719906878564.00, 51, -593116, 1 
1719906878585.00, 1, -593116, -1 
1719906878606.00, 0, -593117, -4 
1719906878627.00, -12, -593117, -6 
1719906878648.00, 0, -593117, -7 
1719906878670.00, 53, -593116, -3 
1719906878690.00, 0, -593117, 0 
1719906878712.00, 51, -593115, 3 
1719906878733.00, 0, -593114, 32 
1719906878753.00, 2001, -593114, 28 
1719906878779.00, 2747, -593074, 25 
1719906878797.00, 3153, -593014, 18 
1719906878819.00, 2907, -592947, 21 
1719906878840.00, 3071, -592881, 40 
1719906878862.00, 4232, -592817, 47 
1719906878884.00, 5278, -592730, 44 
1719906878905.00, 5551, -592617, 35 
1719906878925.00, 5459, -592497, 21 
1719906878947.00, 4460, -592382, 22 
1719906878969.00, 3846, -592281, 8 
1719906878990.00, 2262, -592197, -2 
1719906879012.00, 1237, -592149, -12 
1719906879033.00, 6, -592122, -27 
1719906879055.00, -1262, -592121, -38 
1719906879076.00, -2959, -592136, -48 
1719906879103.00, -4635, -592193, -50 
1719906879119.00, -5766, -592293, -51 
1719906879140.00, -6614, -592417, -62 
1719906879161.00, -7663, -592556, -69 
1719906879183.00, -8416, -592718, -65 
1719906879205.00, -8947, -592901, -53 
1719906879227.00, -5365, -593093, -51 
1719906879248.00, -3196, -593210, -43 
1719906879269.00, -2014, -593283, -61 
1719906879291.00, -1268, -593326, -77 
1719906879312.00, -864, -593355, -88 
1719906879333.00, -598, -593372, -97 
1719906879355.00, -351, -593384, -115 
1719906879377.00, -185, -593393, -132 
1719906879398.00, -94, -593397, -144 
1719906879419.00, -56, -593400, -156 
1719906879441.00, -60, -593402, -177 
1719906879462.00, -51, -593404, -192 
1719906879483.00, -38, -593405, -196 
1719906879505.00, -50, -593405, -195 
1719906879526.00, -56, -593405, -185 
1719906879547.00, 0, -593405, -179 
1719906879569.00, 0, -593404, -162 
1719906879590.00, 0, -593403, -148 
1719906879611.00, 0, -593403, -129 
1719906879632.00, 60, -593403, -108 
1719906879653.00, 1, -593401, -86 
1719906879675.00, 14, -593400, -62 
1719906879696.00, 0, -593396, -18 
1719906879718.00, 0, -593395, 14 
1719906879739.00, 199, -593392, 57 
1719906879760.00, 3629, -593386, 88 
1719906879782.00, 7644, -593315, 116 
1719906879803.00, 11434, -593157, 122 
1719906879825.00, 13977, -592909, 132 
1719906879846.00, 16369, -592603, 147 
1719906879872.00, 18368, -592248, 176 
1719906879890.00, 21585, -591851, 179 
1719906879912.00, 23546, -591381, 162 
1719906879933.00, 23532, -590872, 152 
1719906879955.00, 22989, -590356, 150 
1719906879979.00, 22669, -589865, 126 
1719906879998.00, 21089, -589384, 62 
1719906880020.00, 16051, -588940, -14 
1719906880041.00, 8444, -588591, -77 
1719906880063.00, 69, -588401, -130 
1719906880085.00, -7595, -588387, -174 
1719906880106.00, -14869, -588541, -228 
1719906880128.00, -22829, -588863, -291 
1719906880149.00, -31293, -589344, -334 
1719906880171.00, -37321, -590009, -376 
1719906880193.00, -41137, -590820, -420 
1719906880214.00, -43144, -591712, -478 
1719906880236.00, -43832, -592649, -520 
1719906880257.00, -43801, -593594, -548 
1719906880279.00, -26220, -594541, -566 
1719906880301.00, -15508, -595133, -576 
1719906880323.00, -9082, -595481, -588 
1719906880343.00, -5382, -595682, -576 
1719906880365.00, -3198, -595798, -567 
1719906880386.00, -1805, -595865, -535 
1719906880408.00, -948, -595901, -500 
1719906880430.00, -335, -595920, -470 
1719906880451.00, -62, -595927, -447 
1719906880473.00, -59, -595928, -425 
1719906880494.00, 0, -595927, -397 
1719906880515.00, 0, -595927, -368 
1719906880536.00, 0, -595927, -358 
1719906880558.00, 18, -595926, -346 
1719906880579.00, -1, -595926, -333 
1719906880600.00, 0, -595926, -323 
1719906880622.00, 0, -595925, -309 
1719906880642.00, 0, -595924, -293 
1719906880664.00, 0, -595923, -285 
1719906880686.00, 0, -595923, -278 
1719906880707.00, 0, -595923, -264 
1719906880728.00, 0, -595923, -247 
1719906880749.00, 0, -595921, -232 
1719906880771.00, 49, -595922, -232 
1719906880792.00, -5, -595921, -232 
1719906880814.00, 0, -595921, -227 
1719906880835.00, 0, -595922, -216 
1719906880859.00, 0, -595921, -215 
1719906880877.00, 0, -595921, -213 
1719906880899.00, 0, -595920, -210 
1719906880920.00, 0, -595920, -208 
1719906880941.00, 0, -595920, -211 
1719906880962.00, -5, -595920, -207 
1719906880984.00, 0, -595920, -204 
1719906881005.00, 0, -595920, -203 
1719906881027.00, 0, -595920, -203 
1719906881048.00, 0, -595921, -203 
1719906881069.00, 0, -595920, -204 
1719906881090.00, 0, -595920, -202 
1719906881111.00, 0, -595921, -199 
1719906881132.00, 0, -595920, -199 
1719906881154.00, 0, -595921, -201 
1719906881176.00, 0, -595921, -202 
1719906881199.00, 0, -595921, -201 
1719906881218.00, 0, -595920, -202 
1719906881239.00, -71, -595921, -202 
1719906881261.00, -46, -595921, -202 
1719906881282.00, 0, -595920, -201 
1719906881304.00, 0, -595920, -200 
1719906881325.00, 0, -595921, -199 
1719906881346.00, 0, -595920, -195 
1719906881367.00, 0, -595920, -189 
1719906881389.00, -2, -595920, -184 
1719906881410.00, 2, -595920, -185 
1719906881430.00, 0, -595919, -183 
1719906881453.00, 0, -595919, -181 
1719906881474.00, 0, -595920, -180 
1719906881495.00, 0, -595919, -182 
1719906881516.00, 0, -595920, -183 
1719906881538.00, 0, -595919, -184 
1719906881559.00, 0, -595920, -188 
1719906881580.00, 0, -595920, -189 
1719906881602.00, 19, -595920, -188 
1719906881623.00, 0, -595920, -188 
1719906881644.00, 0, -595920, -187 
1719906881665.00, 0, -595920, -185 
1719906881687.00, 0, -595919, -184 
1719906881708.00, 0, -595919, -184 
1719906881731.00, 0, -595919, -182 
1719906881750.00, 0, -595920, -180 
1719906881772.00, 0, -595920, -179 
1719906881793.00, 0, -595920, -178 
1719906881815.00, 0, -595919, -179 
1719906881837.00, 0, -595919, -179 
1719906881857.00, 0, -595920, -179 
1719906881878.00, 0, -595921, -178 
1719906881899.00, 0, -595920, -178 
1719906881920.00, 0, -595919, -179 
1719906881948.00, 0, -595920, -179 
1719906881963.00, 0, -595918, -179 
1719906881984.00, 0, -595920, -178 
1719906882006.00, 37, -595920, -180 
1719906882028.00, 0, -595920, -181 
1719906882053.00, 0, -595920, -182 
1719906882070.00, 0, -595919, -183 
1719906882092.00, 0, -595919, -183 
1719906882113.00, 0, -595920, -182 
1719906882134.00, 0, -595920, -183 
1719906882155.00, 0, -595920, -182 
1719906882176.00, 0, -595920, -182 
1719906882198.00, 0, -595920, -184 
1719906882219.00, 0, -595920, -184 
1719906882240.00, 0, -595919, -185 
1719906882262.00, 0, -595920, -187 
1719906882283.00, 0, -595920, -187 
1719906882304.00, 0, -595920, -187 
1719906882325.00, 0, -595920, -186 
1719906882347.00, 0, -595919, -187 
1719906882368.00, 0, -595921, -187 
1719906882389.00, 0, -595919, -186 
1719906882411.00, 0, -595920, -185 
1719906882432.00, 0, -595920, -185 
1719906882453.00, 0, -595919, -185 
1719906882475.00, 0, -595920, -184 
1719906882496.00, 0, -595920, -183 
1719906882517.00, 0, -595919, -184 
1719906882538.00, 0, -595919, -184 
1719906882559.00, 0, -595920, -184 
1719906882580.00, 0, -595919, -185 
1719906882605.00, 0, -595920, -186 
1719906882624.00, 0, -595920, -187 
1719906882645.00, 0, -595920, -188 
1719906882666.00, 0, -595919, -190 
1719906882687.00, 0, -595919, -192 
1719906882709.00, 0, -595920, -194 
1719906882730.00, 0, -595919, -196 
1719906882751.00, 0, -595921, -197 
1719906882773.00, 0, -595920, -196 
1719906882794.00, 0, -595920, -194 
1719906882815.00, 0, -595919, -191 
1719906882836.00, 0, -595920, -189 
1719906882857.00, 0, -595920, -187 
1719906882879.00, 0, -595920, -186 
1719906882900.00, 0, -595920, -185 
1719906882922.00, 0, -595920, -184 
1719906882942.00, 0, -595920, -185 
1719906882964.00, 0, -595920, -186 
1719906882985.00, 0, -595920, -187 
1719906883007.00, 0, -595920, -189 
1719906883028.00, 0, -595920, -190 
1719906883049.00, 0, -595920, -189 
1719906883071.00, 0, -595920, -189 
1719906883092.00, 0, -595920, -189 
1719906883114.00, 0, -595920, -191 
1719906883134.00, 0, -595920, -191 
1719906883156.00, 0, -595919, -191 
1719906883177.00, 0, -595920, -192 
1719906883198.00, 0, -595920, -192 
1719906883220.00, 0, -595920, -192 
1719906883241.00, 0, -595920, -192 
1719906883262.00, 0, -595920, -192 
1719906883283.00, 0, -595919, -191 
1719906883305.00, 0, -595920, -190 
1719906883326.00, 0, -595920, -188 
1719906883347.00, 0, -595919, -187 
1719906883375.00, 0, -595920, -188 
1719906883390.00, 0, -595920, -188 
1719906883411.00, 0, -595920, -188 
1719906883433.00, 0, -595920, -189 
1719906883454.00, 0, -595920, -192 
1719906883479.00, 0, -595920, -192 
1719906883496.00, 0, -595920, -193 
1719906883518.00, 0, -595920, -196 
1719906883539.00, 0, -595921, -198 
1719906883560.00, 0, -595921, -199 
1719906883582.00, 0, -595920, -200 
1719906883603.00, 0, -595920, -202 
1719906883624.00, 0, -595920, -202 
1719906883645.00, 0, -595921, -202 
1719906883667.00, 0, -595920, -201 
1719906883688.00, 0, -595921, -201 
1719906883709.00, 0, -595920, -200 
1719906883730.00, 0, -595920, -199 
1719906883752.00, 0, -595921, -200 
1719906883773.00, 0, -595920, -202 
1719906883794.00, 0, -595920, -203 
1719906883816.00, 0, -595920, -205 
1719906883836.00, 0, -595921, -206 
1719906883858.00, 0, -595921, -206 
1719906883879.00, 9, -595920, -205 
1719906883901.00, 0, -595920, -204 
1719906883922.00, 0, -595920, -202 
1719906883942.00, 0, -595920, -201 
1719906883965.00, 0, -595920, -201 
1719906883986.00, 0, -595921, -200 
1719906884007.00, 0, -595920, -200 
1719906884028.00, 0, -595920, -202 
1719906884049.00, 0, -595920, -203 
1719906884071.00, 0, -595920, -203 
1719906884092.00, 0, -595920, -203 
1719906884113.00, 0, -595921, -203 
1719906884136.00, 0, -595919, -202 
1719906884156.00, 0, -595920, -201 
1719906884178.00, 0, -595920, -200 
1719906884199.00, 0, -595920, -201 
1719906884220.00, 0, -595919, -202 
1719906884244.00, 0, -595920, -201 
1719906884261.00, 0, -595920, -200 
1719906884284.00, 0, -595921, -199 
1719906884306.00, 0, -595921, -198 
1719906884327.00, 0, -595919, -196 
1719906884350.00, 0, -595920, -196 
1719906884370.00, 0, -595921, -197 
1719906884391.00, 0, -595919, -198 
1719906884412.00, 0, -595921, -198 
1719906884433.00, 0, -595921, -196 
1719906884455.00, 0, -595920, -196 
1719906884476.00, 0, -595920, -195 
1719906884498.00, 0, -595920, -193 
1719906884519.00, 0, -595921, -192 
1719906884540.00, 0, -595920, -191 
1719906884561.00, 0, -595920, -189 
1719906884583.00, 0, -595920, -186 
1719906884604.00, 0, -595921, -184 
1719906884625.00, 0, -595920, -183 
1719906884647.00, 0, -595921, -180 
1719906884668.00, -1, -595920, -176 
1719906884689.00, 0, -595920, -173 
1719906884710.00, 0, -595920, -169 
1719906884731.00, 0, -595921, -167 
1719906884753.00, 0, -595919, -166 
1719906884775.00, 0, -595920, -165 
1719906884795.00, 0, -595920, -163 
1719906884817.00, 0, -595919, -162 
1719906884838.00, 0, -595919, -161 
1719906884859.00, 0, -595919, -159 
1719906884881.00, 0, -595919, -158 
1719906884902.00, 0, -595919, -158 
1719906884923.00, -41, -595919, -157 
1719906884944.00, 0, -595920, -156 
1719906884965.00, 0, -595920, -158 
1719906884987.00, 0, -595919, -160 
1719906885010.00, -21, -595919, -160 
1719906885030.00, 0, -595918, -133 
1719906885051.00, 0, -595918, -135 
1719906885073.00, 0, -595918, -140 
1719906885094.00, 0, -595918, -136 
1719906885117.00, 0, -595918, -133 
1719906885136.00, 0, -595918, -130 
1719906885158.00, 0, -595918, -130 
1719906885179.00, 0, -595918, -124 
1719906885200.00, -7, -595918, -120 
1719906885222.00, 0, -595917, -127 
1719906885243.00, 0, -595917, -108 
1719906885263.00, 0, -595914, -85 
1719906885286.00, 4, -595914, -67 
1719906885306.00, 0, -595913, -51 
1719906885328.00, 0, -595911, -31 
1719906885349.00, 24, -595910, -17 
1719906885370.00, -5, -595908, 3 
1719906885391.00, 0, -595907, 18 
1719906885413.00, 1005, -595908, 16 
1719906885434.00, 1576, -595898, 11 
1719906885456.00, 1653, -595865, 36 
1719906885477.00, 3169, -595828, 52 
1719906885498.00, 5069, -595761, 51 
1719906885520.00, 6101, -595654, 63 
1719906885542.00, 7288, -595525, 54 
1719906885563.00, 7414, -595367, 44 
1719906885584.00, 7132, -595207, 32 
1719906885606.00, 6207, -595051, 68 
1719906885628.00, 7874, -594909, 119 
1719906885649.00, 11215, -594739, 152 
1719906885670.00, 12792, -594501, 166 
1719906885692.00, 13906, -594218, 187 
1719906885714.00, 14413, -593911, 235 
1719906885735.00, 14386, -593595, 264 
1719906885757.00, 14800, -593279, 276 
1719906885781.00, 14519, -592965, 283 
1719906885800.00, 14580, -592650, 292 
1719906885822.00, 14522, -592335, 315 
1719906885844.00, 14810, -592020, 351 
1719906885866.00, 14952, -591699, 377 
1719906885889.00, 14408, -591366, 521 
1719906885908.00, 14647, -591048, 558 
1719906885930.00, 14626, -590729, 580 
1719906885951.00, 14617, -590409, 634 
1719906885973.00, 14520, -590090, 709 
1719906885995.00, 14791, -589770, 745 
1719906886016.00, 14641, -589450, 797 
1719906886038.00, 14607, -589133, 837 
1719906886060.00, 14540, -588819, 897 
1719906886082.00, 14762, -588500, 955 
1719906886104.00, 14521, -588177, 1001 
1719906886125.00, 14562, -587857, 1055 
1719906886147.00, 14508, -587535, 1081 
1719906886169.00, 14880, -587213, 1115 
1719906886190.00, 14363, -586896, 1147 
1719906886216.00, 14344, -586576, 1175 
1719906886234.00, 14431, -586262, 1187 
1719906886255.00, 14783, -585948, 1201 
1719906886277.00, 14408, -585634, 1228 
1719906886299.00, 14254, -585320, 1222 
1719906886323.00, 14127, -585002, 1237 
1719906886342.00, 14366, -584688, 1255 
1719906886364.00, 14621, -584375, 1249 
1719906886386.00, 14490, -584059, 1260 
1719906886408.00, 14567, -583746, 1266 
1719906886429.00, 14586, -583427, 1264 
1719906886451.00, 14789, -583111, 1271 
1719906886473.00, 14494, -582797, 1269 
1719906886494.00, 14430, -582480, 1275 
1719906886516.00, 14534, -582164, 1283 
1719906886538.00, 14779, -581849, 1274 
1719906886560.00, 14462, -581530, 1294 
1719906886581.00, 14566, -581211, 1289 
1719906886603.00, 14457, -580894, 1288 
1719906886624.00, 14792, -580578, 1296 
1719906886647.00, 14433, -580258, 1299 
1719906886668.00, 14545, -579940, 1288 
1719906886690.00, 14381, -579628, 1305 
1719906886712.00, 14621, -579314, 1291 
1719906886734.00, 14559, -579000, 1292 
1719906886755.00, 14535, -578683, 1305 
1719906886777.00, 14456, -578365, 1305 
1719906886798.00, 14798, -578048, 1314 
1719906886820.00, 14435, -577732, 1315 
1719906886842.00, 14434, -577415, 1330 
1719906886864.00, 14389, -577100, 1329 
1719906886885.00, 14602, -576782, 1349 
1719906886907.00, 14534, -576472, 1331 
1719906886929.00, 14516, -576155, 1361 
1719906886950.00, 14464, -575839, 1345 
1719906886972.00, 14705, -575527, 1355 
1719906886994.00, 14544, -575210, 1366 
1719906887015.00, 14578, -574892, 1358 
1719906887037.00, 14382, -574573, 1371 
1719906887059.00, 14849, -574255, 1375 
1719906887081.00, 14464, -573939, 1381 
1719906887102.00, 14465, -573618, 1395 
1719906887124.00, 14460, -573303, 1398 
1719906887146.00, 14543, -572985, 1409 
1719906887168.00, 14692, -572673, 1407 
1719906887189.00, 14435, -572355, 1418 
1719906887211.00, 14270, -572039, 1412 
1719906887232.00, 14510, -571721, 1412 
1719906887254.00, 14715, -571405, 1435 
1719906887276.00, 14522, -571090, 1415 
1719906887298.00, 14532, -570774, 1421 
1719906887320.00, 14606, -570457, 1439 
1719906887342.00, 14814, -570140, 1435 
1719906887363.00, 14491, -569825, 1444 
1719906887385.00, 14334, -569511, 1451 
1719906887407.00, 14324, -569196, 1448 
1719906887428.00, 14572, -568885, 1448 
1719906887450.00, 14499, -568570, 1432 
1719906887472.00, 14648, -568252, 1442 
1719906887493.00, 14385, -567936, 1455 
1719906887515.00, 14712, -567617, 1430 
1719906887537.00, 14400, -567302, 1435 
1719906887559.00, 14534, -566983, 1431 
1719906887581.00, 14330, -566670, 1417 
1719906887602.00, 14474, -566352, 1424 
1719906887624.00, 14617, -566045, 1408 
1719906887646.00, 14478, -565729, 1396 
1719906887668.00, 14450, -565412, 1398 
1719906887689.00, 14566, -565093, 1418 
1719906887711.00, 14651, -564776, 1379 
1719906887733.00, 14476, -564457, 1397 
1719906887754.00, 14431, -564139, 1398 
1719906887776.00, 14578, -563822, 1393 
1719906887798.00, 14612, -563504, 1405 
1719906887820.00, 14552, -563191, 1388 
1719906887841.00, 14588, -562878, 1412 
1719906887863.00, 14633, -562562, 1420 
1719906887884.00, 14552, -562248, 1408 
1719906887906.00, 14488, -561930, 1416 
1719906887928.00, 14363, -561610, 1435 
1719906887950.00, 14752, -561293, 1415 
1719906887976.00, 14506, -560978, 1433 
1719906887994.00, 14413, -560659, 1432 
1719906888015.00, 14493, -560342, 1431 
1719906888037.00, 14547, -560029, 1436 
1719906888058.00, 14727, -559716, 1433 
1719906888080.00, 14394, -559399, 1454 
1719906888102.00, 14345, -559087, 1440 
1719906888124.00, 14485, -558769, 1448 
1719906888145.00, 14730, -558454, 1442 
1719906888167.00, 14502, -558136, 1456 
1719906888189.00, 14499, -557818, 1448 
1719906888211.00, 14614, -557499, 1448 
1719906888232.00, 14788, -557182, 1465 
1719906888254.00, 14471, -556866, 1464 
1719906888276.00, 14324, -556550, 1464 
1719906888298.00, 14321, -556237, 1483 
1719906888319.00, 14630, -555921, 1489 
1719906888341.00, 14448, -555609, 1485 
1719906888363.00, 14630, -555290, 1487 
1719906888385.00, 14450, -554974, 1505 
1719906888407.00, 14810, -554659, 1485 
1719906888428.00, 14451, -554340, 1493 
1719906888449.00, 14538, -554022, 1505 
1719906888471.00, 14380, -553706, 1502 
1719906888493.00, 14686, -553392, 1497 
1719906888515.00, 14539, -553079, 1506 
1719906888537.00, 14556, -552766, 1507 
1719906888558.00, 14408, -552448, 1507 
1719906888580.00, 14733, -552131, 1503 
1719906888601.00, 14386, -551814, 1514 
1719906888626.00, 14418, -551498, 1498 
1719906888645.00, 14334, -551180, 1507 
1719906888667.00, 14375, -550865, 1511 
1719906888689.00, 14573, -550556, 1499 
1719906888710.00, 14514, -550239, 1514 
1719906888735.00, 14576, -549922, 1519 
1719906888754.00, 14657, -549610, 1519 
1719906888775.00, 14652, -549292, 1529 
1719906888797.00, 14423, -548974, 1535 
1719906888819.00, 14434, -548653, 1542 
1719906888840.00, 14694, -548336, 1540 
1719906888863.00, 14597, -548019, 1546 
1719906888884.00, 14533, -547701, 1552 
1719906888906.00, 14402, -547382, 1562 
1719906888927.00, 14381, -547068, 1556 
1719906888950.00, 14735, -546754, 1558 
1719906888971.00, 14445, -546440, 1570 
1719906888992.00, 14451, -546127, 1559 
1719906889014.00, 14465, -545810, 1564 
1719906889036.00, 14672, -545492, 1561 
1719906889060.00, 14597, -545176, 1559 
1719906889080.00, 14687, -544859, 1556 
1719906889101.00, 14465, -544541, 1575 
1719906889123.00, 14795, -544226, 1562 
1719906889145.00, 14546, -543909, 1571 
1719906889166.00, 14507, -543593, 1578 
1719906889187.00, 14374, -543279, 1588 
1719906889210.00, 14654, -542964, 1583 
1719906889231.00, 14543, -542651, 1575 
1719906889253.00, 14615, -542331, 1600 
1719906889279.00, 14413, -542015, 1585 
1719906889297.00, 14591, -541697, 1577 
1719906889319.00, 14414, -541378, 1591 
1719906889340.00, 14554, -541059, 1595 
1719906889361.00, 14380, -540744, 1592 
1719906889387.00, 14613, -540426, 1601 
1719906889406.00, 14558, -540110, 1612 
1719906889427.00, 14504, -539797, 1601 
1719906889448.00, 14413, -539482, 1594 
1719906889470.00, 14640, -539167, 1600 
1719906889493.00, 14496, -538852, 1600 
1719906889514.00, 14546, -538535, 1579 
1719906889535.00, 14365, -538215, 1603 
1719906889557.00, 14405, -537901, 1585 
1719906889579.00, 14620, -537589, 1548 
1719906889605.00, 14515, -537272, 1582 
1719906889623.00, 14567, -536960, 1551 
1719906889644.00, 14561, -536648, 1544 
1719906889666.00, 14661, -536334, 1518 
1719906889688.00, 14414, -536019, 1536 
1719906889709.00, 14435, -535698, 1542 
1719906889731.00, 14576, -535385, 1493 
1719906889753.00, 14613, -535068, 1510 
1719906889775.00, 14453, -534751, 1502 
1719906889796.00, 14470, -534432, 1527 
1719906889820.00, 14356, -534115, 1503 
1719906889839.00, 14755, -533799, 1529 
1719906889862.00, 14482, -533483, 1553 
1719906889883.00, 14480, -533169, 1548 
1719906889905.00, 14518, -532856, 1551 
1719906889927.00, 14733, -532534, 1572 
1719906889948.00, 14556, -532217, 1576 
1719906889970.00, 14596, -531898, 1575 
1719906889992.00, 14549, -531579, 1579 
1719906890014.00, 14817, -531260, 1608 
1719906890040.00, 14549, -530943, 1596 
1719906890057.00, 14439, -530627, 1608 
1719906890079.00, 14451, -530312, 1633 
1719906890101.00, 14710, -529997, 1647 
1719906890122.00, 14599, -529683, 1644 
1719906890145.00, 14557, -529363, 1684 
1719906890165.00, 14564, -529049, 1648 
1719906890188.00, 14651, -528731, 1668 
1719906890209.00, 14422, -528413, 1648 
1719906890231.00, 14432, -528096, 1671 
1719906890253.00, 14304, -527780, 1649 
1719906890275.00, 14602, -527466, 1652 
1719906890296.00, 14608, -527153, 1675 
1719906890318.00, 14598, -526838, 1677 
1719906890340.00, 14489, -526528, 1676 
1719906890361.00, 14814, -526209, 1688 
1719906890383.00, 14277, -525888, 1719 
1719906890405.00, 14429, -525572, 1681 
1719906890426.00, 14386, -525258, 1687 
1719906890449.00, 14497, -524940, 1706 
1719906890470.00, 14535, -524625, 1694 
1719906890492.00, 14548, -524310, 1695 
1719906890514.00, 14549, -523991, 1691 
1719906890535.00, 14721, -523677, 1692 
1719906890557.00, 14624, -523362, 1694 
1719906890579.00, 14394, -523048, 1686 
1719906890600.00, 14415, -522732, 1684 
1719906890622.00, 14760, -522417, 1679 
1719906890644.00, 14565, -522097, 1682 
1719906890666.00, 14474, -521778, 1686 
1719906890687.00, 14388, -521461, 1685 
1719906890708.00, 14405, -521143, 1700 
1719906890731.00, 14711, -520828, 1695 
1719906890752.00, 14478, -520516, 1710 
1719906890774.00, 14443, -520203, 1703 
1719906890796.00, 14522, -519886, 1722 
1719906890818.00, 14757, -519573, 1711 
1719906890839.00, 14490, -519256, 1725 
1719906890861.00, 14617, -518938, 1708 
1719906890883.00, 14522, -518620, 1718 
1719906890904.00, 14809, -518305, 1707 
1719906890926.00, 14491, -517987, 1728 
1719906890948.00, 14359, -517668, 1728 
1719906890970.00, 14355, -517352, 1718 
1719906890991.00, 14692, -517039, 1726 
1719906891013.00, 14539, -516725, 1736 
1719906891035.00, 14626, -516408, 1729 
1719906891057.00, 14501, -516090, 1725 
1719906891078.00, 14671, -515768, 1750 
1719906891100.00, 14319, -515450, 1755 
1719906891122.00, 14414, -515135, 1732 
1719906891143.00, 14284, -514815, 1747 
1719906891165.00, 14522, -514496, 1775 
1719906891187.00, 14721, -514187, 1763 
1719906891209.00, 14572, -513873, 1751 
1719906891230.00, 14459, -513558, 1760 
1719906891252.00, 14744, -513241, 1781 
1719906891274.00, 14427, -512926, 1761 
1719906891295.00, 14502, -512610, 1754 
1719906891318.00, 14444, -512291, 1774 
1719906891339.00, 14621, -511978, 1774 
1719906891361.00, 14522, -511664, 1742 
1719906891382.00, 14516, -511345, 1740 
1719906891404.00, 14520, -511027, 1755 
1719906891426.00, 14718, -510714, 1739 
1719906891448.00, 14499, -510398, 1736 
1719906891469.00, 14351, -510089, 1723 
1719906891491.00, 14301, -509770, 1697 
1719906891513.00, 14457, -509457, 1685 
1719906891535.00, 14478, -509142, 1642 
1719906891556.00, 14410, -508827, 1608 
1719906891578.00, 14477, -508515, 1545 
1719906891600.00, 14365, -508198, 1581 
1719906891622.00, 14606, -507881, 1562 
1719906891643.00, 14587, -507567, 1576 
1719906891665.00, 14657, -507251, 1592 
1719906891687.00, 14506, -506934, 1614 
1719906891709.00, 14821, -506615, 1648 
1719906891730.00, 14505, -506295, 1676 
1719906891752.00, 14600, -505980, 1672 
1719906891774.00, 14593, -505657, 1693 
1719906891796.00, 14788, -505338, 1711 
1719906891817.00, 14475, -505020, 1742 
1719906891839.00, 14429, -504703, 1755 
1719906891860.00, 14561, -504385, 1771 
1719906891883.00, 14743, -504070, 1801 
1719906891905.00, 14485, -503755, 1804 
1719906891926.00, 14544, -503439, 1817 
1719906891947.00, 14668, -503125, 1814 
1719906891969.00, 14607, -502807, 1825 
1719906891990.00, 14460, -502487, 1822 
1719906892013.00, 14348, -502168, 1820 
1719906892034.00, 14358, -501855, 1815 
1719906892056.00, 14597, -501539, 1812 
1719906892078.00, 14410, -501223, 1815 
1719906892100.00, 14461, -500904, 1840 
1719906892121.00, 14478, -500593, 1827 
1719906892143.00, 14817, -500280, 1838 
1719906892165.00, 14367, -499962, 1847 
1719906892186.00, 14402, -499643, 1862 
1719906892209.00, 14312, -499326, 1865 
1719906892232.00, 14544, -499008, 1853 
1719906892252.00, 14618, -498693, 1861 
1719906892273.00, 14498, -498376, 1852 
1719906892295.00, 14534, -498058, 1843 
1719906892317.00, 14644, -497744, 1833 
1719906892340.00, 14567, -497430, 1822 
1719906892360.00, 14440, -497117, 1841 
1719906892382.00, 14463, -496806, 1810 
1719906892404.00, 14705, -496489, 1811 
1719906892426.00, 14439, -496170, 1815 
1719906892452.00, 14447, -495851, 1819 
1719906892469.00, 14286, -495538, 1804 
1719906892491.00, 14294, -495221, 1795 
1719906892512.00, 14653, -494905, 1812 
1719906892534.00, 14559, -494592, 1818 
1719906892557.00, 14528, -494279, 1796 
1719906892578.00, 14461, -493961, 1814 
1719906892599.00, 14673, -493649, 1820 
1719906892621.00, 14575, -493334, 1830 
1719906892642.00, 14594, -493016, 1837 
1719906892666.00, 14494, -492697, 1829 
1719906892686.00, 14788, -492378, 1842 
1719906892708.00, 14503, -492062, 1823 
1719906892730.00, 14493, -491745, 1800 
1719906892751.00, 14389, -491427, 1822 
1719906892773.00, 14686, -491108, 1818 
1719906892795.00, 14584, -490795, 1835 
1719906892817.00, 14632, -490481, 1821 
1719906892838.00, 14384, -490164, 1854 
1719906892860.00, 14541, -489848, 1829 
1719906892888.00, 14466, -489531, 1826 
1719906892904.00, 14516, -489212, 1835 
1719906892925.00, 14271, -488897, 1823 
1719906892947.00, 14325, -488581, 1831 
1719906892968.00, 14597, -488265, 1822 
1719906892990.00, 14587, -487955, 1802 
1719906893012.00, 14565, -487639, 1807 
1719906893034.00, 14605, -487325, 1814 
1719906893056.00, 14602, -487012, 1817 
1719906893077.00, 14431, -486692, 1839 
1719906893099.00, 14434, -486376, 1797 
1719906893121.00, 14403, -486058, 1821 
1719906893143.00, 14709, -485743, 1800 
1719906893164.00, 14496, -485429, 1811 
1719906893186.00, 14618, -485108, 1824 
1719906893208.00, 14498, -484790, 1827 
1719906893229.00, 14650, -484474, 1816 
1719906893251.00, 14428, -484162, 1822 
1719906893272.00, 14456, -483846, 1825 
1719906893295.00, 14581, -483531, 1833 
1719906893318.00, 14580, -483213, 1828 
1719906893338.00, 14507, -482893, 1843 
1719906893360.00, 14398, -482573, 1850 
1719906893381.00, 14392, -482256, 1851 
1719906893403.00, 14752, -481938, 1857 
1719906893427.00, 14438, -481620, 1886 
1719906893446.00, 14450, -481308, 1849 
1719906893468.00, 14413, -480995, 1855 
1719906893490.00, 14711, -480681, 1867 
1719906893512.00, 14544, -480370, 1864 
1719906893534.00, 14632, -480054, 1850 
1719906893555.00, 14493, -479734, 1863 
1719906893577.00, 14741, -479416, 1869 
1719906893599.00, 14535, -479102, 1826 
1719906893621.00, 14406, -478783, 1853 
1719906893642.00, 14402, -478466, 1831 
1719906893663.00, 14692, -478151, 1830 
1719906893686.00, 14671, -477835, 1845 
1719906893707.00, 14684, -477525, 1829 
1719906893728.00, 14421, -477206, 1867 
1719906893751.00, 14435, -476892, 1869 
1719906893772.00, 14465, -476575, 1849 
1719906893795.00, 14524, -476257, 1843 
1719906893816.00, 14378, -475944, 1793 
1719906893838.00, 14392, -475624, 1800 
1719906893860.00, 14769, -475308, 1772 
1719906893880.00, 14521, -474993, 1743 
1719906893903.00, 14374, -474678, 1725 
1719906893925.00, 14052, -474375, 1561 
1719906893946.00, 13697, -474076, 1343 
1719906893968.00, 13787, -473782, 1090 
1719906893989.00, 13833, -473490, 850 
1719906894011.00, 13829, -473194, 687 
1719906894033.00, 14017, -472899, 494 
1719906894055.00, 14163, -472599, 416 
1719906894076.00, 14053, -472299, 293 
1719906894098.00, 14106, -471995, 228 
1719906894120.00, 14251, -471689, 201 
1719906894141.00, 14630, -471383, 184 
1719906894163.00, 14608, -471079, 165 
1719906894185.00, 14569, -470761, 164 
1719906894206.00, 14455, -470442, 167 
1719906894227.00, 14592, -470122, 177 
1719906894249.00, 14603, -469800, 179 
1719906894271.00, 14496, -469490, 163 
1719906894293.00, 14375, -469177, 158 
1719906894314.00, 14426, -468862, 159 
1719906894336.00, 14948, -468549, 167 
1719906894358.00, 14580, -468231, 193 
1719906894379.00, 14636, -467920, 192 
1719906894401.00, 14398, -467601, 192 
1719906894422.00, 14792, -467280, 235 
1719906894444.00, 14497, -466959, 255 
1719906894466.00, 14476, -466640, 238 
1719906894487.00, 14409, -466326, 221 
1719906894509.00, 14659, -466010, 218 
1719906894531.00, 14720, -465697, 194 
1719906894553.00, 14723, -465383, 199 
1719906894573.00, 14357, -465069, 222 
1719906894596.00, 14617, -464751, 268 
1719906894617.00, 14750, -464435, 312 
1719906894639.00, 14424, -464114, 337 
1719906894661.00, 14478, -463797, 321 
1719906894682.00, 14470, -463475, 332 
1719906894704.00, 14724, -463159, 313 
1719906894726.00, 14560, -462848, 288 
1719906894747.00, 14418, -462530, 272 
1719906894768.00, 14226, -462219, 265 
1719906894790.00, 14262, -461911, 240 
1719906894812.00, 14529, -461605, 231 
1719906894834.00, 14622, -461297, 213 
1719906894856.00, 14446, -460984, 193 
1719906894876.00, 14454, -460668, 183 
1719906894898.00, 14638, -460344, 189 
1719906894920.00, 14717, -460025, 219 
1719906894942.00, 14599, -459711, 228 
1719906894963.00, 14413, -459397, 196 
1719906894985.00, 14271, -459078, 212 
1719906895007.00, 14521, -458771, 162 
1719906895028.00, 14691, -458458, 181 
1719906895049.00, 14611, -458146, 216 
1719906895072.00, 14339, -457833, 179 
1719906895093.00, 14230, -457517, 169 
1719906895115.00, 14613, -457193, 204 
1719906895137.00, 14641, -456880, 206 
1719906895158.00, 14442, -456568, 166 
1719906895179.00, 14260, -456257, 144 
1719906895201.00, 14210, -455947, 115 
1719906895222.00, 14601, -455640, 96 
1719906895244.00, 14220, -455333, 95 
1719906895266.00, 13776, -455031, 121 
1719906895289.00, 14233, -454728, 146 
1719906895309.00, 14555, -454420, 151 
1719906895331.00, 14482, -454112, 134 
1719906895353.00, 14206, -453797, 94 
1719906895374.00, 13657, -453493, 26 
1719906895396.00, 9462, -453201, 4 
1719906895417.00, 5359, -452993, -10 
1719906895438.00, -17, -452879, -17 
1719906895460.00, -1058, -452875, -31 
1719906895481.00, -2730, -452896, -100 
1719906895506.00, -8006, -452950, -135 
1719906895524.00, -11347, -453117, -183 
1719906895546.00, -13070, -453361, -208 
1719906895568.00, -14001, -453644, -231 
1719906895590.00, -14514, -453956, -242 
1719906895611.00, -14452, -454277, -245 
1719906895633.00, -14822, -454590, -234 
1719906895654.00, -14438, -454905, -231 
1719906895676.00, -14509, -455217, -240 
1719906895698.00, -14479, -455528, -238 
1719906895719.00, -14587, -455842, -235 
1719906895741.00, -14576, -456153, -202 
1719906895763.00, -14240, -456466, -161 
1719906895784.00, -14334, -456773, -106 
1719906895806.00, -14267, -457085, -44 
1719906895827.00, -11242, -457394, 7 
1719906895849.00, -6695, -457634, 52 
1719906895870.00, -898, -457782, 66 
1719906895891.00, 2932, -457809, 72 
1719906895913.00, 5877, -457765, 56 
1719906895934.00, 6741, -457645, 53 
1719906895955.00, 6879, -457507, 24 
1719906895978.00, 5133, -457359, -26 
1719906895999.00, 1214, -457244, -74 
1719906896020.00, -3483, -457217, -119 
1719906896042.00, -8573, -457283, -155 
1719906896063.00, -11522, -457458, -172 
1719906896085.00, -13478, -457706, -189 
1719906896106.00, -14122, -457995, -240 
1719906896128.00, -14560, -458309, -284 
1719906896150.00, -14599, -458622, -305 
1719906896172.00, -14725, -458941, -339 
1719906896193.00, -14355, -459251, -309 
1719906896215.00, -14380, -459573, -373 
1719906896237.00, -14486, -459891, -399 
1719906896258.00, -14735, -460204, -413 
1719906896280.00, -14697, -460526, -424 
1719906896301.00, -14343, -460845, -452 
1719906896323.00, -14362, -461160, -446 
1719906896344.00, -14441, -461472, -433 
1719906896366.00, -14641, -461781, -435 
1719906896388.00, -14697, -462089, -444 
1719906896409.00, -14510, -462405, -464 
1719906896431.00, -14464, -462723, -490 
1719906896453.00, -14500, -463040, -498 
1719906896474.00, -14641, -463353, -499 
1719906896496.00, -14613, -463673, -507 
1719906896518.00, -14453, -463990, -516 
1719906896539.00, -14387, -464310, -519 
1719906896561.00, -14704, -464625, -522 
1719906896583.00, -14587, -464934, -530 
1719906896605.00, -14516, -465245, -529 
1719906896626.00, -14398, -465559, -527 
1719906896648.00, -14480, -465874, -531 
1719906896669.00, -14725, -466188, -526 
1719906896691.00, -14334, -466504, -525 
1719906896716.00, -14280, -466823, -531 
1719906896734.00, -14430, -467139, -525 
1719906896755.00, -14595, -467455, -517 
1719906896778.00, -14809, -467769, -516 
1719906896799.00, -14386, -468085, -513 
1719906896824.00, -14471, -468397, -508 
1719906896842.00, -14493, -468710, -512 
1719906896864.00, -14640, -469022, -512 
1719906896886.00, -14606, -469336, -511 
1719906896908.00, -14400, -469651, -510 
1719906896929.00, -14519, -469970, -512 
1719906896951.00, -14508, -470287, -513 
1719906896972.00, -14690, -470605, -517 
1719906896994.00, -14485, -470925, -523 
1719906897015.00, -14499, -471238, -523 
1719906897037.00, -14428, -471549, -526 
1719906897059.00, -14651, -471861, -536 
1719906897080.00, -14510, -472172, -542 
1719906897102.00, -14449, -472487, -544 
1719906897124.00, -14483, -472801, -546 
1719906897145.00, -14525, -473117, -548 
1719906897166.00, -14813, -473433, -548 
1719906897189.00, -14389, -473752, -552 
1719906897210.00, -14436, -474071, -557 
1719906897232.00, -14517, -474385, -559 
1719906897254.00, -14676, -474698, -563 
1719906897275.00, -14727, -475009, -567 
1719906897297.00, -14377, -475324, -573 
1719906897318.00, -14419, -475640, -576 
1719906897340.00, -14446, -475955, -581 
1719906897363.00, -14763, -476269, -583 
1719906897384.00, -14587, -476588, -586 
1719906897406.00, -14484, -476904, -586 
1719906897427.00, -14514, -477226, -588 
1719906897448.00, -14831, -477542, -596 
1719906897470.00, -14575, -477857, -609 
1719906897492.00, -14423, -478170, -619 
1719906897513.00, -14473, -478483, -621 
1719906897535.00, -14517, -478797, -626 
1719906897556.00, -14746, -479108, -631 
1719906897578.00, -14339, -479425, -643 
1719906897600.00, -14399, -479742, -646 
1719906897621.00, -14684, -480056, -654 
1719906897643.00, -14720, -480376, -663 
1719906897664.00, -14523, -480690, -678 
1719906897686.00, -14388, -481006, -683 
1719906897708.00, -14519, -481318, -690 
1719906897730.00, -14632, -481627, -704 
1719906897751.00, -14549, -481944, -712 
1719906897773.00, -14294, -482260, -714 
1719906897794.00, -14400, -482573, -715 
1719906897816.00, -14479, -482890, -718 
1719906897838.00, -14593, -483205, -726 
1719906897859.00, -14648, -483525, -743 
1719906897881.00, -14450, -483846, -745 
1719906897902.00, -14508, -484163, -747 
1719906897925.00, -14576, -484477, -752 
1719906897946.00, -14640, -484792, -759 
1719906897967.00, -14457, -485106, -762 
1719906897989.00, -14603, -485419, -762 
1719906898011.00, -14642, -485730, -765 
1719906898032.00, -14693, -486048, -764 
1719906898054.00, -14476, -486365, -762 
1719906898075.00, -14366, -486682, -760 
1719906898097.00, -14377, -487001, -764 
1719906898119.00, -14611, -487314, -764 
1719906898141.00, -14783, -487626, -756 
1719906898162.00, -14383, -487940, -757 
1719906898184.00, -14494, -488254, -764 
1719906898205.00, -14402, -488564, -763 
1719906898227.00, -14662, -488876, -753 
1719906898249.00, -14544, -489187, -747 
1719906898271.00, -14353, -489506, -757 
1719906898292.00, -14503, -489824, -764 
1719906898314.00, -14572, -490142, -764 
1719906898335.00, -14793, -490461, -768 
1719906898360.00, -14352, -490777, -772 
1719906898379.00, -14460, -491092, -787 
1719906898400.00, -14705, -491403, -778 
1719906898422.00, -14664, -491715, -777 
1719906898443.00, -14531, -492030, -777 
1719906898466.00, -14450, -492345, -778 
1719906898487.00, -14480, -492663, -781 
1719906898509.00, -14662, -492980, -791 
1719906898530.00, -14729, -493298, -798 
1719906898552.00, -14397, -493619, -799 
1719906898574.00, -14496, -493931, -797 
1719906898595.00, -14508, -494246, -790 
1719906898617.00, -14693, -494557, -797 
1719906898638.00, -14378, -494869, -809 
1719906898660.00, -14452, -495183, -812 
1719906898682.00, -14554, -495496, -815 
1719906898703.00, -14487, -495811, -820 
1719906898725.00, -14751, -496127, -821 
1719906898747.00, -14500, -496444, -831 
1719906898768.00, -14538, -496766, -834 
1719906898792.00, -14571, -497083, -841 
1719906898811.00, -14724, -497397, -848 
1719906898833.00, -14382, -497712, -861 
1719906898854.00, -14448, -498023, -872 
1719906898876.00, -14426, -498334, -880 
1719906898903.00, -14730, -498647, -883 
1719906898919.00, -14609, -498962, -880 
1719906898941.00, -14519, -499281, -889 
1719906898963.00, -14444, -499599, -905 
1719906898984.00, -14498, -499923, -919 
1719906899007.00, -14818, -500242, -927 
1719906899028.00, -14444, -500558, -936 
1719906899050.00, -14496, -500872, -945 
1719906899071.00, -14562, -501184, -950 
1719906899093.00, -14806, -501502, -952 
1719906899114.00, -14433, -501815, -961 
1719906899136.00, -14288, -502127, -969 
1719906899157.00, -14306, -502442, -972 
1719906899179.00, -14587, -502756, -968 
1719906899201.00, -14768, -503073, -968 
1719906899222.00, -14370, -503393, -977 
1719906899244.00, -14355, -503709, -978 
1719906899266.00, -14422, -504021, -983 
1719906899288.00, -14542, -504333, -990 
1719906899310.00, -14664, -504642, -996 
1719906899332.00, -14296, -504956, -991 
1719906899352.00, -14449, -505267, -984 
1719906899374.00, -14453, -505581, -986 
1719906899396.00, -14528, -505895, -994 
1719906899417.00, -14643, -506209, -991 
1719906899439.00, -14353, -506530, -979 
1719906899461.00, -14488, -506848, -994 
1719906899482.00, -14331, -507163, -1001 
1719906899504.00, -14689, -507476, -1006 
1719906899526.00, -14432, -507789, -993 
1719906899547.00, -14391, -508103, -993 
1719906899568.00, -14544, -508416, -991 
1719906899590.00, -14488, -508726, -985 
1719906899612.00, -14767, -509045, -982 
1719906899634.00, -14448, -509363, -984 
1719906899655.00, -14398, -509684, -990 
1719906899677.00, -14486, -510002, -981 
1719906899699.00, -14751, -510314, -973 
1719906899720.00, -14604, -510628, -972 
1719906899742.00, -14506, -510940, -981 
1719906899763.00, -14452, -511252, -982 
1719906899785.00, -14402, -511565, -965 
1719906899806.00, -14585, -511878, -958 
1719906899829.00, -14494, -512191, -954 
1719906899850.00, -14600, -512506, -954 
1719906899872.00, -14476, -512824, -951 
1719906899893.00, -14679, -513144, -951 
1719906899915.00, -14583, -513458, -956 
1719906899937.00, -14462, -513774, -951 
1719906899958.00, -14656, -514084, -943 
1719906899980.00, -14362, -514392, -937 
1719906900002.00, -14611, -514708, -929 
1719906900023.00, -14471, -515019, -930 
1719906900045.00, -14474, -515339, -941 
1719906900066.00, -14478, -515654, -956 
1719906900088.00, -14539, -515975, -948 
1719906900110.00, -14686, -516295, -940 
1719906900131.00, -14474, -516614, -929 
1719906900153.00, -14427, -516930, -931 
1719906900175.00, -14421, -517242, -936 
1719906900197.00, -14677, -517554, -937 
1719906900219.00, -14467, -517868, -928 
1719906900240.00, -14547, -518180, -910 
1719906900261.00, -14426, -518492, -907 
1719906900283.00, -14582, -518810, -900 
1719906900304.00, -14615, -519123, -886 
1719906900327.00, -14352, -519442, -859 
1719906900348.00, -14582, -519757, -829 
1719906900369.00, -14404, -520070, -815 
1719906900391.00, -14697, -520381, -798 
1719906900412.00, -14436, -520691, -775 
1719906900438.00, -14245, -521000, -740 
1719906900456.00, -14342, -521313, -736 
1719906900478.00, -14254, -521623, -727 
1719906900499.00, -14229, -521934, -708 
1719906900521.00, -14647, -522247, -684 
1719906900542.00, -14507, -522563, -667 
1719906900565.00, -14471, -522881, -647 
1719906900586.00, -14387, -523197, -629 
1719906900608.00, -14532, -523513, -625 
1719906900629.00, -14905, -523820, -609 
1719906900653.00, -14315, -524132, -576 
1719906900673.00, -14280, -524442, -543 
1719906900694.00, -14211, -524754, -529 
1719906900716.00, -14450, -525066, -513 
1719906900737.00, -14851, -525379, -499 
1719906900763.00, -14375, -525695, -494 
1719906900781.00, -14373, -526015, -486 
1719906900802.00, -14513, -526331, -473 
1719906900824.00, -14532, -526641, -452 
1719906900846.00, -14620, -526952, -427 
1719906900870.00, -14310, -527262, -409 
1719906900889.00, -14437, -527575, -409 
1719906900911.00, -14432, -527888, -411 
1719906900932.00, -14719, -528202, -396 
1719906900954.00, -14656, -528518, -381 
1719906900983.00, -14512, -528836, -383 
1719906900996.00, -14494, -529153, -380 
1719906901018.00, -14534, -529472, -368 
1719906901040.00, -14709, -529785, -349 
1719906901062.00, -14381, -530099, -345 
1719906901084.00, -14459, -530411, -351 
1719906901105.00, -14445, -530717, -350 
1719906901127.00, -14695, -531031, -333 
1719906901149.00, -14577, -531346, -311 
1719906901170.00, -14535, -531660, -301 
1719906901192.00, -14465, -531977, -298 
1719906901213.00, -14637, -532297, -289 
1719906901234.00, -14817, -532615, -282 
1719906901256.00, -14454, -532933, -279 
1719906901279.00, -14544, -533248, -284 
1719906901301.00, -14468, -533562, -293 
1719906901321.00, -14884, -533874, -295 
1719906901343.00, -14425, -534189, -283 
1719906901365.00, -14373, -534503, -267 
1719906901387.00, -14486, -534816, -253 
1719906901408.00, -14772, -535135, -247 
1719906901430.00, -14610, -535453, -243 
1719906901451.00, -14324, -535771, -238 
1719906901473.00, -14402, -536088, -229 
1719906901494.00, -14493, -536400, -218 
1719906901516.00, -14770, -536711, -205 
1719906901538.00, -14512, -537020, -196 
1719906901560.00, -14519, -537331, -193 
1719906901581.00, -14534, -537645, -191 
1719906901603.00, -14793, -537960, -194 
1719906901625.00, -14603, -538277, -199 
1719906901646.00, -14326, -538595, -203 
1719906901668.00, -14504, -538911, -204 
1719906901689.00, -14621, -539230, -209 
1719906901711.00, -14771, -539548, -213 
1719906901733.00, -14357, -539860, -211 
1719906901754.00, -14503, -540170, -206 
1719906901776.00, -14509, -540482, -199 
1719906901798.00, -14677, -540797, -198 
1719906901819.00, -14502, -541112, -197 
1719906901841.00, -14708, -541430, -193 
1719906901863.00, -14404, -541748, -191 
1719906901885.00, -14579, -542068, -192 
1719906901906.00, -14767, -542386, -189 
1719906901928.00, -14396, -542706, -192 
1719906901949.00, -14545, -543017, -192 
1719906901971.00, -14385, -543330, -191 
1719906901992.00, -14748, -543639, -189 
1719906902014.00, -14500, -543955, -191 
1719906902036.00, -14444, -544268, -197 
1719906902058.00, -14393, -544586, -199 
1719906902078.00, -14594, -544900, -204 
1719906902100.00, -14781, -545216, -205 
1719906902122.00, -14431, -545536, -208 
1719906902144.00, -14442, -545855, -211 
1719906902166.00, -14569, -546169, -212 
1719906902187.00, -14769, -546482, -210 
1719906902209.00, -14463, -546792, -207 
1719906902231.00, -14479, -547105, -203 
1719906902252.00, -14484, -547421, -204 
1719906902274.00, -14909, -547737, -204 
1719906902296.00, -14583, -548056, -206 
1719906902317.00, -14449, -548373, -207 
1719906902339.00, -14451, -548692, -205 
1719906902360.00, -14625, -549011, -207 
1719906902382.00, -14769, -549328, -208 
1719906902403.00, -14271, -549644, -209 
1719906902425.00, -14360, -549953, -208 
1719906902447.00, -14550, -550265, -205 
1719906902469.00, -14835, -550581, -206 
1719906902490.00, -14356, -550893, -206 
1719906902513.00, -14365, -551209, -210 
1719906902533.00, -14483, -551525, -210 
1719906902555.00, -14709, -551843, -211 
1719906902577.00, -14548, -552162, -213 
1719906902598.00, -14355, -552478, -218 
1719906902630.00, -14488, -552794, -223 
1719906902642.00, -14491, -553107, -223 
1719906902663.00, -14837, -553416, -219 
1719906902685.00, -14404, -553729, -217 
1719906902706.00, -14618, -554044, -219 
1719906902728.00, -14321, -554359, -220 
1719906902750.00, -14500, -554676, -218 
1719906902771.00, -14773, -554991, -214 
1719906902793.00, -14437, -555307, -209 
1719906902815.00, -14550, -555627, -212 
1719906902839.00, -14511, -555943, -216 
1719906902858.00, -14811, -556255, -215 
1719906902880.00, -14443, -556567, -211 
1719906902901.00, -14490, -556880, -213 
1719906902923.00, -14453, -557193, -216 
1719906902947.00, -14795, -557510, -216 
1719906902966.00, -14614, -557827, -219 
1719906902988.00, -14510, -558144, -222 
1719906903009.00, -14380, -558463, -227 
1719906903031.00, -14511, -558781, -229 
1719906903052.00, -14784, -559097, -226 
1719906903074.00, -14487, -559409, -224 
1719906903096.00, -14419, -559723, -222 
1719906903118.00, -14407, -560035, -221 
1719906903139.00, -14830, -560349, -218 
1719906903164.00, -14494, -560660, -213 
1719906903183.00, -14333, -560976, -210 
1719906903204.00, -14371, -561292, -207 
1719906903226.00, -14642, -561610, -204 
1719906903247.00, -14664, -561929, -206 
1719906903269.00, -14433, -562245, -207 
1719906903291.00, -14444, -562557, -205 
1719906903312.00, -14552, -562871, -202 
1719906903334.00, -14911, -563181, -197 
1719906903356.00, -14414, -563492, -191 
1719906903377.00, -14442, -563806, -188 
1719906903399.00, -14382, -564123, -186 
1719906903420.00, -14632, -564439, -187 
1719906903441.00, -14724, -564756, -184 
1719906903464.00, -14425, -565074, -181 
1719906903485.00, -14551, -565394, -181 
1719906903507.00, -14588, -565709, -179 
1719906903528.00, -14704, -566024, -176 
1719906903551.00, -14370, -566336, -173 
1719906903572.00, -14425, -566649, -172 
1719906903593.00, -14432, -566963, -171 
1719906903615.00, -14716, -567277, -166 
1719906903637.00, -14519, -567593, -165 
1719906903658.00, -14506, -567913, -166 
1719906903680.00, -14563, -568229, -167 
1719906903702.00, -14475, -568548, -169 
1719906903723.00, -14746, -568863, -171 
1719906903745.00, -14384, -569178, -173 
1719906903767.00, -14393, -569491, -171 
1719906903788.00, -14315, -569800, -168 
1719906903809.00, -14262, -570110, -165 
1719906903831.00, -14762, -570418, -163 
1719906903853.00, -14496, -570732, -163 
1719906903875.00, -14420, -571046, -165 
1719906903896.00, -14391, -571364, -166 
1719906903918.00, -14499, -571679, -167 
1719906903943.00, -14750, -571994, -168 
1719906903961.00, -14278, -572310, -168 
1719906903983.00, -14249, -572625, -167 
1719906904004.00, -14440, -572934, -161 
1719906904026.00, -14427, -573245, -159 
1719906904048.00, -14699, -573556, -159 
1719906904069.00, -14456, -573872, -157 
1719906904091.00, -14495, -574192, -155 
1719906904113.00, -14577, -574507, -155 
1719906904134.00, -14609, -574825, -155 
1719906904156.00, -14620, -575142, -156 
1719906904177.00, -14430, -575457, -156 
1719906904199.00, -14397, -575771, -157 
1719906904220.00, -14479, -576083, -158 
1719906904243.00, -14713, -576394, -161 
1719906904264.00, -14556, -576706, -165 
1719906904286.00, -14655, -577020, -169 
1719906904307.00, -14440, -577337, -171 
1719906904329.00, -14610, -577652, -172 
1719906904351.00, -14752, -577969, -184 
1719906904376.00, -14391, -578287, -193 
1719906904394.00, -14433, -578603, -194 
1719906904416.00, -14386, -578917, -196 
1719906904437.00, -14619, -579231, -194 
1719906904458.00, -14571, -579540, -199 
1719906904482.00, -14342, -579851, -198 
1719906904502.00, -14485, -580167, -197 
1719906904524.00, -14520, -580480, -194 
1719906904545.00, -14795, -580795, -190 
1719906904567.00, -14496, -581113, -188 
1719906904589.00, -14325, -581431, -190 
1719906904610.00, -14419, -581747, -187 
1719906904632.00, -14395, -582061, -184 
1719906904653.00, -14648, -582373, -180 
1719906904675.00, -14500, -582686, -173 
1719906904696.00, -14517, -582998, -166 
1719906904719.00, -14542, -583310, -157 
1719906904740.00, -14452, -583622, -144 
1719906904762.00, -14630, -583935, -121 
1719906904783.00, -14368, -584248, -90 
1719906904806.00, -13533, -584561, -43 
1719906904826.00, -10224, -584851, 3 
1719906904847.00, -5520, -585066, 52 
1719906904869.00, 4, -585187, 99 
1719906904891.00, 5921, -585195, 143 
1719906904913.00, 10003, -585078, 179 
1719906904933.00, 12424, -584858, 231 
1719906904955.00, 13736, -584583, 271 
1719906904977.00, 14835, -584276, 303 
1719906904998.00, 14597, -583954, 338 
1719906905020.00, 14742, -583638, 371 
1719906905042.00, 14411, -583324, 365 
1719906905063.00, 14764, -583007, 431 
1719906905084.00, 14616, -582693, 417 
1719906905106.00, 14595, -582378, 426 
1719906905128.00, 14318, -582062, 437 
1719906905150.00, 14596, -581744, 435 
1719906905171.00, 14670, -581426, 424 
1719906905193.00, 14589, -581110, 405 
1719906905215.00, 14379, -580793, 390 
1719906905236.00, 14292, -580481, 350 
1719906905258.00, 14671, -580170, 288 
1719906905280.00, 14524, -579860, 237 
1719906905302.00, 14524, -579561, 171 
1719906905323.00, 14411, -579255, 125 
1719906905344.00, 14422, -578946, 97 
1719906905366.00, 14619, -578635, 63 
1719906905387.00, 12683, -578324, 30 
1719906905409.00, 9403, -578051, 0 
1719906905431.00, 5865, -577841, -10 
1719906905451.00, -56, -577709, -18 
1719906905473.00, -522, -577701, -30 
1719906905494.00, -1570, -577711, -35 
1719906905516.00, -2564, -577742, -36 
1719906905537.00, -3389, -577795, -20 
1719906905559.00, -2877, -577865, -4 
1719906905580.00, -1352, -577927, 11 
1719906905602.00, 67, -577956, 27 
1719906905623.00, 1663, -577957, 51 
1719906905644.00, 4295, -577927, 80 
1719906905666.00, 7891, -577836, 106 
1719906905688.00, 11083, -577666, 121 
1719906905709.00, 13330, -577428, 127 
1719906905731.00, 14671, -577147, 126 
1719906905753.00, 14532, -576832, 129 
1719906905774.00, 14465, -576517, 145 
1719906905796.00, 14665, -576199, 171 
1719906905818.00, 14803, -575882, 182 
1719906905839.00, 14734, -575570, 200 
1719906905860.00, 14327, -575247, 222 
1719906905883.00, 14444, -574928, 232 
1719906905909.00, 14838, -574610, 230 
1719906905926.00, 14451, -574291, 243 
1719906905947.00, 14552, -573971, 265 
1719906905969.00, 14372, -573654, 272 
1719906905990.00, 14882, -573341, 268 
1719906906014.00, 14578, -573027, 266 
1719906906033.00, 14354, -572715, 263 
1719906906055.00, 14373, -572403, 248 
1719906906077.00, 14651, -572089, 224 
1719906906099.00, 14590, -571768, 215 
1719906906120.00, 14658, -571454, 214 
1719906906142.00, 14308, -571135, 205 
1719906906163.00, 14506, -570823, 179 
1719906906186.00, 14692, -570509, 169 
1719906906207.00, 14389, -570197, 158 
1719906906231.00, 14601, -569891, 137 
1719906906251.00, 14267, -569582, 121 
1719906906272.00, 14783, -569269, 112 
1719906906294.00, 14439, -568956, 105 
1719906906315.00, 14412, -568640, 92 
1719906906341.00, 14610, -568330, 76 
1719906906357.00, 13337, -568019, 62 
1719906906382.00, 11654, -567714, 49 
1719906906402.00, 10333, -567462, 26 
1719906906423.00, 7777, -567239, 12 
1719906906448.00, 5472, -567064, 0 
1719906906466.00, 3428, -566947, -17 
1719906906488.00, 1135, -566873, -34 
1719906906510.00, -753, -566848, -50 
1719906906531.00, -3126, -566858, -60 
1719906906554.00, -5207, -566919, -78 
1719906906574.00, -7413, -567030, -92 
1719906906595.00, -9619, -567195, -105 
1719906906617.00, -12007, -567408, -130 
1719906906638.00, -14682, -567663, -151 
1719906906660.00, -17886, -567986, -157 
1719906906682.00, -19794, -568369, -166 
1719906906704.00, -21622, -568800, -188 
1719906906725.00, -23812, -569269, -222 
1719906906746.00, -27473, -569786, -255 
1719906906769.00, -31248, -570369, -280 
1719906906790.00, -35193, -571049, -297 
1719906906812.00, -38677, -571811, -322 
1719906906833.00, -42094, -572657, -411 
1719906906855.00, -49653, -573566, -444 
1719906906877.00, -56123, -574640, -464 
1719906906898.00, -61062, -575853, -458 
1719906906920.00, -63517, -577165, -447 
1719906906941.00, -64360, -578543, -443 
1719906906964.00, -64462, -579927, -432 
1719906906985.00, -63906, -581339, -428 
1719906907006.00, -63300, -582724, -424 
1719906907028.00, -62656, -584088, -409 
1719906907049.00, -61358, -585455, -410 
1719906907072.00, -60861, -586775, -401 
1719906907093.00, -59730, -588086, -396 
1719906907115.00, -58718, -589381, -377 
1719906907137.00, -56955, -590651, -357 
1719906907158.00, -54643, -591891, -357 
1719906907179.00, -53211, -593069, -339 
1719906907201.00, -31139, -594221, -325 
1719906907223.00, -17529, -594919, -320 
1719906907244.00, -9995, -595323, -345 
1719906907266.00, -5394, -595540, -348 
1719906907287.00, -2623, -595659, -359 
1719906907309.00, -987, -595716, -367 
1719906907330.00, 0, -595736, -367 
1719906907352.00, 62, -595737, -363 
1719906907373.00, -1, -595737, -356 
1719906907394.00, 0, -595736, -351 
1719906907416.00, 0, -595736, -340 
1719906907437.00, 63, -595734, -318 
1719906907458.00, 33, -595733, -291 
1719906907480.00, 0, -595732, -267 
1719906907501.00, 0, -595731, -230 
1719906907522.00, 0, -595728, -188 
1719906907544.00, 50, -595726, -136 
1719906907565.00, 142, -595722, -75 
1719906907587.00, 193, -595715, -9 
1719906907608.00, 220, -595705, 63 
1719906907629.00, 4074, -595694, 131 
1719906907653.00, 10313, -595600, 194 
1719906907673.00, 17829, -595380, 248 
1719906907694.00, 25501, -594997, 292 
1719906907716.00, 33002, -594445, 323 
1719906907738.00, 39252, -593740, 338 
1719906907762.00, 43694, -592898, 424 
1719906907781.00, 51511, -591957, 434 
1719906907803.00, 56777, -590840, 456 
1719906907824.00, 61011, -589614, 482 
1719906907846.00, 65040, -588291, 487 
1719906907868.00, 67795, -586874, 488 
1719906907890.00, 69686, -585415, 492 
1719906907910.00, 70941, -583902, 502 
1719906907933.00, 72145, -582370, 516 
1719906907954.00, 73460, -580805, 507 
1719906907979.00, 73750, -579215, 508 
1719906907998.00, 73987, -577609, 513 
1719906908019.00, 74265, -576014, 522 
1719906908041.00, 74985, -574400, 500 
1719906908062.00, 74131, -572776, 488 
1719906908084.00, 72862, -571169, 481 
1719906908106.00, 71630, -569596, 482 
1719906908127.00, 70870, -568043, 442 
1719906908149.00, 67863, -566511, 407 
1719906908171.00, 64255, -565033, 369 
1719906908191.00, 59581, -563645, 366 
1719906908214.00, 56595, -562368, 334 
1719906908235.00, 52943, -561131, 289 
1719906908256.00, 48203, -559997, 231 
1719906908279.00, 41905, -558967, 174 
1719906908300.00, 34584, -558053, 141 
1719906908322.00, 28071, -557303, 88 
1719906908343.00, 21127, -556699, 9 
1719906908365.00, 11674, -556248, -50 
1719906908386.00, 3109, -555987, -87 
1719906908412.00, -3631, -555913, -115 
1719906908430.00, -9787, -555984, -145 
1719906908450.00, -15201, -556187, -190 
1719906908474.00, -21127, -556513, -239 
1719906908494.00, -27747, -556965, -269 
1719906908516.00, -33448, -557555, -288 
1719906908538.00, -37950, -558276, -300 
1719906908559.00, -41042, -559102, -354 
1719906908581.00, -46259, -559986, -365 
1719906908603.00, -50199, -560979, -377 
1719906908624.00, -52868, -562067, -387 
1719906908646.00, -55336, -563209, -393 
1719906908668.00, -56734, -564400, -392 
1719906908689.00, -57765, -565650, -404 
1719906908710.00, -59016, -566893, -406 
1719906908732.00, -59806, -568176, -418 
1719906908754.00, -60841, -569470, -425 
1719906908776.00, -61818, -570783, -428 
1719906908797.00, -62767, -572133, -447 
1719906908819.00, -64289, -573489, -446 
1719906908840.00, -64972, -574886, -444 
1719906908862.00, -65339, -576293, -436 
1719906908884.00, -65091, -577703, -428 
1719906908905.00, -64456, -579119, -438 
1719906908927.00, -64522, -580507, -434 
1719906908949.00, -64311, -581913, -445 
1719906908970.00, -64743, -583303, -445 
1719906908992.00, -64896, -584715, -446 
1719906909014.00, -64957, -586116, -424 
1719906909035.00, -63910, -587527, -399 
1719906909056.00, -61543, -588908, -389 
1719906909080.00, -59509, -590238, -379 
1719906909100.00, -57871, -591534, -374 
1719906909122.00, -56319, -592787, -359 
1719906909144.00, -32859, -594004, -348 
1719906909164.00, -18921, -594742, -323 
1719906909187.00, -10697, -595174, -345 
1719906909208.00, -5794, -595416, -340 
1719906909230.00, -2995, -595547, -337 
1719906909252.00, -1422, -595613, -335 
1719906909273.00, -445, -595642, -335 
1719906909298.00, 0, -595651, -333 
1719906909316.00, 47, -595652, -332 
1719906909337.00, 1, -595652, -330 
1719906909358.00, 0, -595652, -331 
1719906909380.00, 43, -595652, -325 
1719906909402.00, 0, -595650, -316 
1719906909422.00, 0, -595652, -311 
1719906909443.00, 0, -595651, -302 
1719906909465.00, 0, -595650, -292 
1719906909487.00, 48, -595650, -289 
1719906909508.00, 0, -595650, -285 
1719906909529.00, 1, -595650, -276 
1719906909550.00, 0, -595650, -265 
1719906909572.00, 0, -595650, -267 
1719906909593.00, 0, -595649, -267 
1719906909614.00, 0, -595649, -261 
1719906909636.00, -65, -595648, -258 
1719906909657.00, 0, -595649, -263 
1719906909678.00, 0, -595650, -267 
1719906909700.00, -3, -595649, -270 
1719906909721.00, 0, -595650, -282 
1719906909742.00, 0, -595651, -293 
1719906909763.00, 0, -595651, -298 
1719906909785.00, 0, -595651, -293 
1719906909806.00, 0, -595650, -290 
1719906909827.00, 0, -595651, -289 
1719906909849.00, 0, -595650, -281 
1719906909870.00, 1, -595650, -266 
1719906909891.00, 0, -595649, -253 
1719906909912.00, 0, -595649, -246 
1719906909933.00, 0, -595649, -244 
1719906909955.00, 0, -595649, -241 
1719906909976.00, 0, -595648, -236 
1719906909998.00, 0, -595648, -233 
1719906910019.00, 0, -595648, -232 
1719906910040.00, 0, -595649, -230 
1719906910062.00, -12, -595649, -229 
1719906910083.00, 0, -595648, -230 
1719906910105.00, 0, -595648, -231 
1719906910125.00, 0, -595648, -232 
1719906910147.00, -4, -595648, -234 
1719906910172.00, 36, -595648, -239 
1719906910190.00, 0, -595649, -240 
1719906910211.00, 0, -595649, -238 
1719906910231.00, 0, -595648, -233 
1719906910253.00, 0, -595647, -221 
1719906910274.00, 0, -595647, -215 
1719906910295.00, 0, -595647, -211 
1719906910317.00, 0, -595647, -210 
1719906910339.00, 0, -595647, -215 
1719906910360.00, 0, -595647, -216 
1719906910384.00, -27, -595648, -220 
1719906910403.00, 0, -595646, -200 
1719906910424.00, 0, -595647, -202 
1719906910445.00, 0, -595647, -194 
1719906910466.00, 0, -595647, -187 
1719906910487.00, 0, -595647, -187 
1719906910509.00, 0, -595645, -187 
1719906910530.00, 0, -595645, -181 
1719906910551.00, 0, -595645, -172 
1719906910573.00, 0, -595645, -160 
1719906910594.00, 0, -595645, -156 
1719906910615.00, 0, -595644, -144 
1719906910636.00, 0, -595644, -129 
1719906910657.00, 10, -595640, -95 
1719906910679.00, 0, -595634, -20 
1719906910700.00, 0, -595638, -81 
1719906910726.00, 0, -595638, -80 
1719906910743.00, 0, -595639, -83 
1719906910764.00, 0, -595638, -66 
1719906910785.00, 42, -595635, -31 
1719906910807.00, 18, -595628, 34 
1719906910830.00, 2201, -595622, 103 
1719906910850.00, 7391, -595576, 148 
1719906910871.00, 13062, -595412, 179 
1719906910893.00, 18676, -595127, 192 
1719906910915.00, 22725, -594721, 242 
1719906910938.00, 27978, -594224, 333 
1719906910958.00, 36558, -593612, 399 
1719906910979.00, 45713, -592832, 410 
1719906911001.00, 51836, -591844, 488 
1719906911022.00, 60008, -590713, 499 
1719906911045.00, 65692, -589414, 530 
1719906911066.00, 70804, -587995, 549 
1719906911088.00, 74996, -586451, 572 
1719906911109.00, 78940, -584821, 595 
1719906911131.00, 82470, -583112, 624 
1719906911152.00, 86364, -581320, 636 
1719906911174.00, 89170, -579450, 640 
1719906911196.00, 90987, -577511, 616 
1719906911217.00, 90823, -575546, 632 
1719906911239.00, 91668, -573571, 628 
1719906911261.00, 91804, -571595, 624 
1719906911282.00, 91581, -569611, 614 
1719906911304.00, 90644, -567619, 603 
1719906911325.00, 89606, -565654, 621 
1719906911349.00, 89814, -563711, 614 
1719906911372.00, 89703, -561766, 597 
1719906911390.00, 88705, -559828, 611 
1719906911412.00, 88596, -557901, 597 
1719906911434.00, 87964, -555998, 577 
1719906911455.00, 86117, -554091, 530 
1719906911478.00, 82067, -552234, 480 
1719906911499.00, 76663, -550458, 445 
1719906911520.00, 71320, -548800, 395 
1719906911541.00, 65260, -547249, 378 
1719906911563.00, 60393, -545848, 331 
1719906911586.00, 54670, -544534, 296 
1719906911606.00, 49037, -543363, 247 
1719906911629.00, 42979, -542298, 205 
1719906911650.00, 36820, -541354, 182 
1719906911672.00, 31586, -540556, 175 
1719906911696.00, 28256, -539868, 157 
1719906911715.00, 25490, -539251, 154 
1719906911737.00, 23532, -538697, 138 
1719906911758.00, 21096, -538196, 113 
1719906911780.00, 18241, -537737, 79 
1719906911802.00, 14379, -537343, 45 
1719906911823.00, 10089, -537029, 20 
1719906911845.00, 6098, -536810, 0 
1719906911866.00, 2651, -536674, -14 
1719906911887.00, 0, -536613, -34 
1719906911911.00, -2618, -536612, -63 
1719906911930.00, -6296, -536663, -96 
1719906911952.00, -10264, -536793, -134 
1719906911973.00, -15021, -537011, -177 
1719906911994.00, -20125, -537324, -176 
1719906912017.00, -23420, -537756, -152 
1719906912038.00, -23675, -538254, -133 
1719906912060.00, -23000, -538775, -138 
1719906912081.00, -22621, -539269, -143 
1719906912103.00, -22429, -539760, -143 
1719906912125.00, -22622, -540246, -120 
1719906912145.00, -21135, -540729, -93 
1719906912168.00, -18585, -541184, -61 
1719906912190.00, -15457, -541591, -26 
1719906912211.00, -11326, -541922, 0 
1719906912232.00, -7165, -542169, 7 
1719906912253.00, -4879, -542334, -10 
1719906912275.00, 25, -542442, -31 
1719906912296.00, -2334, -542453, -70 
1719906912318.00, -6248, -542499, -107 
1719906912340.00, -10557, -542628, -113 
1719906912361.00, -13787, -542857, -116 
1719906912383.00, -15564, -543145, -129 
1719906912404.00, -17540, -543483, -159 
1719906912426.00, -20401, -543862, -182 
1719906912448.00, -23429, -544301, -212 
1719906912470.00, -27091, -544810, -233 
1719906912491.00, -30412, -545397, -240 
1719906912512.00, -32665, -546060, -257 
1719906912534.00, -35200, -546768, -278 
1719906912556.00, -38217, -547526, -288 
1719906912577.00, -40331, -548354, -314 
1719906912599.00, -43271, -549237, -331 
1719906912621.00, -45694, -550167, -352 
1719906912642.00, -48619, -551155, -322 
1719906912664.00, -48564, -552211, -353 
1719906912686.00, -50094, -553263, -374 
1719906912707.00, -52429, -554343, -374 
1719906912729.00, -53727, -555484, -374 
1719906912751.00, -54468, -556646, -387 
1719906912772.00, -55732, -557825, -388 
1719906912794.00, -56485, -559040, -384 
1719906912816.00, -56604, -560257, -378 
1719906912837.00, -56291, -561483, -381 
1719906912858.00, -56186, -562705, -393 
1719906912880.00, -56818, -563916, -382 
1719906912904.00, -56596, -565157, -392 
1719906912924.00, -57016, -566387, -401 
1719906912945.00, -57732, -567616, -392 
1719906912967.00, -57723, -568880, -400 
1719906912989.00, -58004, -570120, -408 
1719906913013.00, -58854, -571376, -422 
1719906913032.00, -60027, -572654, -434 
1719906913053.00, -61398, -573956, -436 
1719906913075.00, -62305, -575293, -429 
1719906913097.00, -62440, -576635, -408 
1719906913119.00, -61230, -577983, -397 
1719906913140.00, -59760, -579307, -402 
1719906913162.00, -59248, -580603, -399 
1719906913183.00, -58717, -581895, -406 
1719906913205.00, -58681, -583159, -383 
1719906913229.00, -57408, -584432, -371 
1719906913249.00, -55840, -585679, -367 
1719906913270.00, -54784, -586876, -357 
1719906913292.00, -53132, -588063, -349 
1719906913313.00, -51994, -589221, -330 
1719906913339.00, -49996, -590341, -310 
1719906913357.00, -47563, -591429, -284 
1719906913378.00, -44647, -592462, -248 
1719906913400.00, -40813, -593425, -221 
1719906913422.00, -23656, -594309, -198 
1719906913444.00, -13405, -594839, -206 
1719906913464.00, -7136, -595145, -220 
1719906913486.00, -3275, -595304, -183 
1719906913507.00, -1296, -595385, -197 
1719906913529.00, -38, -595412, -193 
1719906913551.00, 49, -595416, -192 
1719906913572.00, 295, -595415, -226 
1719906913593.00, 691, -595413, -257 
1719906913615.00, 1041, -595400, -269 
1719906913637.00, 1229, -595380, -243 
1719906913658.00, 1275, -595351, -203 
1719906913680.00, 1208, -595323, -216 
1719906913701.00, 1191, -595299, -272 
1719906913724.00, 1146, -595276, -314 
1719906913745.00, 1191, -595252, -336 
1719906913767.00, 1207, -595226, -342 
1719906913789.00, 1179, -595200, -349 
1719906913810.00, 1163, -595176, -374 
1719906913832.00, 1185, -595152, -397 
1719906913853.00, 1217, -595128, -421 
1719906913875.00, 1178, -595102, -431 
1719906913896.00, 1086, -595078, -445 
1719906913918.00, 1059, -595055, -473 
1719906913940.00, 1049, -595035, -494 
1719906913962.00, 987, -595012, -509 
1719906913983.00, 934, -594992, -534 
1719906914005.00, 881, -594972, -557 
1719906914026.00, 908, -594953, -586 
1719906914048.00, 928, -594936, -603 
1719906914069.00, 921, -594916, -614 
1719906914091.00, 887, -594894, -613 
1719906914112.00, 999, -594873, -595 
1719906914133.00, 1048, -594851, -565 
1719906914156.00, 1052, -594826, -527 
1719906914177.00, 1125, -594801, -484 
1719906914199.00, 1128, -594774, -430 
1719906914220.00, 1112, -594744, -353 
1719906914242.00, 1045, -594718, -297 
1719906914264.00, 990, -594691, -249 
1719906914285.00, 941, -594668, -207 
1719906914307.00, 985, -594645, -158 
1719906914328.00, 993, -594620, -93 
1719906914350.00, 987, -594594, -21 
1719906914371.00, 910, -594568, 34 
1719906914392.00, 2805, -594545, 78 
1719906914414.00, 6714, -594484, 106 
1719906914436.00, 10828, -594344, 126 
1719906914457.00, 14379, -594111, 144 
1719906914479.00, 17655, -593795, 170 
1719906914501.00, 21106, -593421, 197 
1719906914522.00, 24701, -592969, 212 
1719906914544.00, 27511, -592446, 217 
1719906914565.00, 29707, -591852, 231 
1719906914587.00, 31823, -591203, 242 
1719906914609.00, 33761, -590514, 251 
1719906914630.00, 35385, -589790, 267 
1719906914655.00, 37219, -589032, 283 
1719906914674.00, 39230, -588228, 287 
1719906914695.00, 40754, -587376, 286 
1719906914717.00, 41457, -586500, 280 
1719906914739.00, 41581, -585616, 264 
1719906914764.00, 40271, -584715, 248 
1719906914782.00, 38667, -583836, 234 
1719906914804.00, 36999, -583000, 224 
1719906914825.00, 35183, -582206, 206 
1719906914847.00, 32951, -581436, 190 
1719906914872.00, 31140, -580713, 166 
1719906914890.00, 28248, -580049, 153 
1719906914912.00, 25550, -579441, 133 
1719906914933.00, 23010, -578882, 127 
1719906914955.00, 20955, -578382, 120 
1719906914977.00, 19311, -577926, 106 
1719906914998.00, 17386, -577503, 90 
1719906915020.00, 15464, -577125, 72 
1719906915041.00, 13326, -576787, 53 
1719906915063.00, 10748, -576506, 40 
1719906915088.00, 8573, -576272, 33 
1719906915106.00, 6766, -576090, 26 
1719906915127.00, 5213, -575942, 28 
1719906915149.00, 4395, -575827, 16 
1719906915169.00, 3291, -575731, 17 
1719906915192.00, 2670, -575665, 5 
1719906915213.00, 1291, -575606, -5 
1719906915234.00, 444, -575577, -15 
1719906915256.00, -138, -575565, -6 
1719906915277.00, -119, -575568, 9 
1719906915298.00, -263, -575569, 0 
1719906915320.00, -346, -575575, -13 
1719906915340.00, -1122, -575580, -2 
1719906915362.00, -780, -575602, 27 
1719906915383.00, 375, -575617, 44 
1719906915405.00, 2398, -575612, 61 
1719906915427.00, 5056, -575566, 55 
1719906915448.00, 6199, -575463, 40 
1719906915469.00, 6014, -575332, 47 
1719906915490.00, 6139, -575200, 73 
1719906915512.00, 8008, -575066, 71 
1719906915534.00, 8920, -574901, 68 
1719906915555.00, 9408, -574707, 77 
1719906915576.00, 9910, -574504, 102 
1719906915598.00, 11855, -574280, 132 
1719906915620.00, 14934, -574017, 170 
1719906915642.00, 18676, -573697, 185 
1719906915663.00, 22468, -573292, 200 
1719906915685.00, 25145, -572815, 224 
1719906915707.00, 27977, -572272, 246 
1719906915728.00, 31116, -571658, 241 
1719906915754.00, 32931, -570979, 259 
1719906915772.00, 35064, -570270, 298 
1719906915793.00, 38676, -569525, 305 
1719906915815.00, 41285, -568690, 309 
1719906915836.00, 42814, -567798, 330 
1719906915858.00, 44749, -566866, 347 
1719906915880.00, 47035, -565904, 339 
1719906915902.00, 48240, -564872, 328 
1719906915923.00, 47943, -563819, 422 
1719906915945.00, 53412, -562794, 370 
1719906915966.00, 53826, -561632, 346 
1719906915988.00, 52254, -560467, 382 
1719906916010.00, 53572, -559342, 401 
1719906916031.00, 55463, -558170, 391 
1719906916052.00, 56027, -556967, 410 
1719906916075.00, 57428, -555760, 423 
1719906916096.00, 59172, -554503, 427 
1719906916118.00, 60361, -553231, 425 
1719906916140.00, 60905, -551920, 422 
1719906916160.00, 61026, -550603, 435 
1719906916186.00, 61630, -549284, 437 
1719906916205.00, 62363, -547936, 417 
1719906916226.00, 61478, -546593, 430 
1719906916248.00, 61623, -545253, 439 
1719906916269.00, 62309, -543917, 405 
1719906916291.00, 60794, -542576, 394 
1719906916313.00, 59067, -541250, 391 
1719906916334.00, 57790, -539978, 362 
1719906916355.00, 55116, -538728, 325 
1719906916377.00, 51244, -537530, 286 
1719906916400.00, 47080, -536432, 253 
1719906916421.00, 42306, -535399, 297 
1719906916442.00, 42109, -534468, 341 
1719906916464.00, 44604, -533560, 359 
1719906916486.00, 47398, -532591, 355 
1719906916507.00, 48795, -531556, 387 
1719906916528.00, 51533, -530502, 430 
1719906916551.00, 55722, -529388, 450 
1719906916572.00, 59169, -528172, 465 
1719906916593.00, 62259, -526895, 474 
1719906916619.00, 64574, -525534, 486 
1719906916637.00, 66695, -524132, 527 
1719906916659.00, 70436, -522690, 514 
1719906916680.00, 71891, -521154, 514 
1719906916701.00, 72733, -519604, 529 
1719906916723.00, 73955, -518018, 560 
1719906916745.00, 76615, -516419, 550 
1719906916767.00, 77689, -514750, 545 
1719906916788.00, 77948, -513073, 563 
1719906916810.00, 79126, -511377, 569 
1719906916833.00, 80103, -509670, 566 
1719906916854.00, 80705, -507923, 565 
1719906916875.00, 80948, -506180, 544 
1719906916897.00, 79675, -504426, 552 
1719906916918.00, 79348, -502698, 539 
1719906916940.00, 78382, -500983, 548 
1719906916962.00, 78308, -499274, 531 
1719906916983.00, 77360, -497579, 555 
1719906917005.00, 78088, -495897, 543 
1719906917027.00, 78056, -494213, 540 
1719906917048.00, 77725, -492522, 523 
1719906917070.00, 76494, -490843, 531 
1719906917091.00, 76195, -489181, 525 
1719906917113.00, 75688, -487540, 537 
1719906917135.00, 76093, -485892, 526 
1719906917157.00, 75770, -484253, 539 
1719906917178.00, 76098, -482610, 529 
1719906917200.00, 75702, -480964, 523 
1719906917221.00, 75119, -479325, 501 
1719906917243.00, 73518, -477707, 511 
1719906917264.00, 73161, -476105, 502 
1719906917286.00, 72462, -474528, 504 
1719906917308.00, 72125, -472960, 487 
1719906917330.00, 70820, -471405, 495 
1719906917351.00, 70405, -469867, 475 
1719906917373.00, 68909, -468348, 468 
1719906917394.00, 67512, -466848, 439 
1719906917416.00, 65219, -465382, 444 
1719906917438.00, 63908, -463979, 426 
1719906917459.00, 62116, -462585, 413 
1719906917480.00, 60315, -461252, 417 
1719906917503.00, 59432, -459937, 408 
1719906917524.00, 58439, -458650, 391 
1719906917546.00, 56675, -457394, 370 
1719906917567.00, 54414, -456156, 361 
1719906917589.00, 52505, -454984, 346 
1719906917611.00, 50731, -453842, 336 
1719906917633.00, 48947, -452744, 332 
1719906917654.00, 47574, -451691, 326 
1719906917676.00, 46370, -450656, 307 
1719906917697.00, 44663, -449642, 304 
1719906917719.00, 43207, -448680, 290 
1719906917741.00, 41637, -447748, 258 
1719906917762.00, 38961, -446838, 250 
1719906917784.00, 36900, -445990, 265 
1719906917805.00, 36407, -445198, 273 
1719906917828.00, 36554, -444409, 262 
1719906917849.00, 36160, -443606, 256 
1719906917870.00, 35521, -442821, 257 
1719906917892.00, 35237, -442058, 257 
1719906917914.00, 35131, -441295, 239 
1719906917935.00, 34078, -440532, 239 
1719906917957.00, 33578, -439791, 251 
1719906917978.00, 33832, -439071, 247 
1719906918000.00, 33896, -438347, 251 
1719906918022.00, 33977, -437610, 259 
1719906918043.00, 34600, -436871, 262 
1719906918065.00, 35214, -436125, 267 
1719906918086.00, 35553, -435371, 266 
1719906918108.00, 35909, -434598, 262 
1719906918130.00, 35957, -433810, 256 
1719906918155.00, 35407, -433035, 250 
1719906918173.00, 34874, -432268, 250 
1719906918195.00, 19510, -431518, 248 
1719906918216.00, 10150, -431067, 281 
1719906918238.00, 4779, -430832, 260 
1719906918260.00, 1614, -430725, 268 
1719906918281.00, -54, -430685, 279 
1719906918302.00, -818, -430682, 271 
1719906918324.00, -1433, -430695, 264 
1719906918345.00, -1823, -430724, 253 
1719906918368.00, -2151, -430764, 249 
1719906918388.00, -2315, -430808, 241 
1719906918410.00, -2399, -430858, 228 
1719906918431.00, -2498, -430910, 217 
1719906918452.00, -2432, -430964, 204 
1719906918474.00, -2417, -431016, 191 
1719906918496.00, -2399, -431067, 178 
1719906918517.00, -2373, -431118, 170 
1719906918538.00, -2308, -431170, 162 
1719906918559.00, -2163, -431220, 147 
1719906918581.00, -2103, -431268, 135 
1719906918602.00, -1907, -431315, 129 
1719906918624.00, -1918, -431359, 122 
1719906918645.00, -1864, -431400, 116 
1719906918667.00, -1875, -431440, 113 
1719906918688.00, -1811, -431482, 107 
1719906918710.00, -1737, -431521, 102 
1719906918731.00, -1574, -431559, 98 
1719906918752.00, -1587, -431592, 97 
1719906918774.00, -1587, -431627, 96 
1719906918795.00, -1557, -431660, 96 
1719906918817.00, -1489, -431694, 93 
1719906918838.00, -1434, -431726, 92 
1719906918859.00, -1355, -431757, 90 
1719906918881.00, -1339, -431785, 91 
1719906918902.00, -1357, -431814, 88 
1719906918923.00, -1314, -431842, 85 
1719906918945.00, -1239, -431870, 84 
1719906918967.00, -1222, -431899, 84 
1719906918988.00, -1189, -431923, 83 
1719906919009.00, -1175, -431949, 82 
1719906919030.00, -1179, -431972, 82 
1719906919052.00, -1163, -431998, 82 
1719906919073.00, -1145, -432025, 80 
1719906919095.00, -1078, -432048, 79 
1719906919116.00, -1090, -432073, 79 
1719906919137.00, -1003, -432096, 78 
1719906919159.00, -987, -432118, 78 
1719906919180.00, -951, -432140, 78 
1719906919201.00, -880, -432159, 80 
1719906919221.00, -904, -432178, 80 
1719906919244.00, -926, -432197, 81 
1719906919265.00, -894, -432216, 79 
1719906919286.00, -867, -432234, 78 
1719906919307.00, -839, -432255, 76 
1719906919329.00, -769, -432272, 74 
1719906919355.00, -729, -432290, 70 
1719906919372.00, -725, -432306, 66 
1719906919393.00, -724, -432321, 62 
1719906919414.00, -745, -432337, 54 
1719906919435.00, -697, -432353, 47 
1719906919457.00, -624, -432368, 40 
1719906919478.00, -643, -432383, 34 
1719906919499.00, -678, -432398, 26 
1719906919521.00, -663, -432413, 16 
1719906919543.00, -672, -432427, 7 
1719906919563.00, -623, -432441, -3 
1719906919585.00, -590, -432458, -15 
1719906919606.00, -1519, -432476, -34 
1719906919627.00, -3169, -432506, -60 
1719906919649.00, -5850, -432576, -85 
1719906919670.00, -8892, -432697, -107 
1719906919691.00, -12117, -432887, -133 
1719906919714.00, -15605, -433148, -163 
1719906919735.00, -19648, -433480, -190 
1719906919757.00, -23205, -433894, -213 
1719906919779.00, -26922, -434402, -230 
1719906919800.00, -30075, -434985, -247 
1719906919822.00, -32740, -435630, -257 
1719906919844.00, -34898, -436335, -273 
1719906919865.00, -37196, -437089, -280 
1719906919886.00, -39093, -437903, -282 
1719906919909.00, -40386, -438743, -292 
1719906919930.00, -41595, -439609, -297 
1719906919952.00, -42786, -440509, -302 
1719906919973.00, -43295, -441437, -309 
1719906919995.00, -44129, -442375, -326 
1719906920016.00, -45718, -443331, -330 
1719906920038.00, -46824, -444326, -327 
1719906920059.00, -47394, -445342, -336 
1719906920081.00, -48145, -446362, -344 
1719906920102.00, -49107, -447407, -359 
1719906920127.00, -50650, -448473, -371 
1719906920146.00, -52069, -449561, -376 
1719906920168.00, -53440, -450699, -380 
1719906920190.00, -54383, -451862, -384 
1719906920211.00, -55168, -453031, -377 
1719906920234.00, -54937, -454236, -388 
1719906920255.00, -55731, -455419, -394 
1719906920276.00, -56344, -456620, -388 
1719906920297.00, -56410, -457850, -393 
1719906920319.00, -56715, -459073, -401 
1719906920342.00, -57410, -460302, -400 
1719906920363.00, -57583, -461546, -399 
1719906920384.00, -57747, -462786, -390 
1719906920405.00, -57276, -464044, -390 
1719906920428.00, -56932, -465272, -397 
1719906920449.00, -57036, -466511, -389 
1719906920471.00, -56930, -467764, -396 
1719906920492.00, -57138, -468986, -405 
1719906920514.00, -57770, -470228, -418 
1719906920536.00, -58828, -471478, -425 
1719906920558.00, -59894, -472744, -423 
1719906920578.00, -60388, -474053, -430 
1719906920600.00, -60925, -475353, -434 
1719906920622.00, -61631, -476679, -430 
1719906920644.00, -61818, -478017, -430 
1719906920667.00, -61777, -479349, -413 
1719906920687.00, -60826, -480692, -421 
1719906920708.00, -60535, -481997, -411 
1719906920730.00, -59867, -483322, -401 
1719906920752.00, -58950, -484625, -407 
1719906920776.00, -58503, -485892, -397 
1719906920796.00, -58015, -487175, -401 
1719906920816.00, -57752, -488413, -395 
1719906920839.00, -57271, -489666, -387 
1719906920860.00, -56387, -490913, -392 
1719906920881.00, -56253, -492132, -391 
1719906920903.00, -55895, -493359, -397 
1719906920925.00, -56176, -494566, -403 
1719906920947.00, -56601, -495779, -392 
1719906920969.00, -56200, -497015, -398 
1719906920989.00, -56280, -498221, -392 
1719906921011.00, -56186, -499451, -395 
1719906921033.00, -56187, -500674, -393 
1719906921055.00, -56022, -501888, -378 
1719906921077.00, -54807, -503106, -378 
1719906921098.00, -54340, -504293, -377 
1719906921120.00, -53909, -505466, -371 
1719906921142.00, -53525, -506648, -377 
1719906921163.00, -53437, -507794, -374 
1719906921185.00, -53275, -508955, -356 
1719906921207.00, -52055, -510118, -355 
1719906921228.00, -51286, -511235, -353 
1719906921250.00, -50803, -512348, -347 
1719906921271.00, -49985, -513449, -343 
1719906921293.00, -49246, -514519, -339 
1719906921315.00, -48805, -515592, -336 
1719906921336.00, -48208, -516660, -331 
1719906921358.00, -47464, -517696, -328 
1719906921380.00, -46877, -518725, -328 
1719906921401.00, -46687, -519750, -329 
1719906921423.00, -46531, -520747, -323 
1719906921444.00, -45919, -521750, -325 
1719906921466.00, -45619, -522756, -325 
1719906921488.00, -45754, -523746, -329 
1719906921510.00, -45742, -524731, -324 
1719906921531.00, -45606, -525732, -329 
1719906921552.00, -45652, -526721, -338 
1719906921574.00, -46244, -527706, -332 
1719906921596.00, -46442, -528713, -335 
1719906921618.00, -46612, -529727, -340 
1719906921639.00, -47043, -530722, -343 
1719906921661.00, -47625, -531744, -354 
1719906921682.00, -48349, -532786, -355 
1719906921704.00, -48819, -533833, -354 
1719906921726.00, -49192, -534896, -357 
1719906921747.00, -49723, -535972, -366 
1719906921769.00, -50477, -537042, -370 
1719906921791.00, -51280, -538129, -372 
1719906921812.00, -51772, -539245, -374 
1719906921834.00, -52200, -540360, -380 
1719906921856.00, -52966, -541494, -373 
1719906921877.00, -52778, -542650, -379 
1719906921899.00, -52943, -543787, -383 
1719906921920.00, -53210, -544937, -376 
1719906921942.00, -53183, -546095, -377 
1719906921964.00, -53356, -547236, -373 
1719906921985.00, -52993, -548401, -371 
1719906922007.00, -52785, -549554, -373 
1719906922029.00, -52724, -550692, -375 
1719906922050.00, -52710, -551837, -368 
1719906922072.00, -52298, -552981, -373 
1719906922094.00, -52499, -554107, -357 
1719906922115.00, -51573, -555242, -361 
1719906922136.00, -51232, -556361, -358 
1719906922159.00, -50976, -557466, -349 
1719906922180.00, -50272, -558576, -355 
1719906922202.00, -50159, -559660, -347 
1719906922223.00, -49504, -560740, -356 
1719906922245.00, -49654, -561819, -358 
1719906922267.00, -49936, -562892, -361 
1719906922288.00, -50340, -563966, -362 
1719906922318.00, -50781, -565067, -379 
1719906922332.00, -51750, -566163, -388 
1719906922353.00, -52915, -567283, -374 
1719906922375.00, -52747, -568431, -368 
1719906922396.00, -52195, -569574, -363 
1719906922420.00, -51809, -570697, -351 
1719906922440.00, -50567, -571819, -349 
1719906922461.00, -49945, -572918, -342 
1719906922483.00, -49194, -574002, -329 
1719906922505.00, -47658, -575072, -323 
1719906922530.00, -46480, -576103, -312 
1719906922548.00, -45227, -577107, -309 
1719906922570.00, -44361, -578089, -303 
1719906922591.00, -43385, -579049, -289 
1719906922613.00, -41915, -579982, -290 
1719906922634.00, -41146, -580899, -277 
1719906922656.00, -39899, -581796, -271 
1719906922678.00, -38784, -582661, -273 
1719906922699.00, -38035, -583498, -268 
1719906922721.00, -37490, -584331, -272 
1719906922744.00, -37372, -585148, -274 
1719906922764.00, -37434, -585958, -261 
1719906922786.00, -36748, -586766, -256 
1719906922808.00, -36100, -587570, -248 
1719906922829.00, -35246, -588351, -237 
1719906922854.00, -34191, -589115, -229 
1719906922872.00, -33101, -589851, -224 
1719906922894.00, -32141, -590566, -219 
1719906922916.00, -31303, -591263, -203 
1719906922938.00, -29863, -591944, -191 
1719906922961.00, -28042, -592585, -183 
1719906922981.00, -26561, -593194, -169 
1719906923002.00, -14797, -593769, -159 
1719906923024.00, -7720, -594103, -162 
1719906923046.00, -3460, -594282, -182 
1719906923067.00, -987, -594361, -188 
1719906923088.00, -5, -594384, -180 
1719906923110.00, 657, -594386, -181 
1719906923132.00, 1286, -594380, -173 
1719906923154.00, 1725, -594355, -162 
1719906923174.00, 2029, -594317, -142 
1719906923196.00, 2212, -594274, -123 
1719906923218.00, 2216, -594227, -106 
1719906923239.00, 2079, -594179, -104 
1719906923261.00, 2015, -594128, -92 
1719906923283.00, 2088, -594084, -73 
1719906923304.00, 2190, -594038, -54 
1719906923325.00, 2148, -593992, -49 
1719906923348.00, 1983, -593947, -54 
1719906923369.00, 1883, -593903, -54 
1719906923390.00, 1775, -593861, -43 
1719906923412.00, 1697, -593822, -21 
1719906923434.00, 1651, -593784, -14 
1719906923455.00, 1564, -593750, -20 
1719906923477.00, 1568, -593715, -19 
1719906923498.00, 1580, -593679, -1 
1719906923520.00, 1582, -593645, 1 
1719906923541.00, 1494, -593610, 7 
1719906923562.00, 1446, -593577, 19 
1719906923584.00, 2670, -593543, 37 
1719906923605.00, 4419, -593485, 70 
1719906923627.00, 7602, -593387, 115 
1719906923648.00, 12074, -593214, 199 
1719906923670.00, 19450, -592948, 323 
1719906923691.00, 31554, -592536, 303 
1719906923713.00, 37555, -591869, 311 
1719906923735.00, 41487, -591053, 369 
1719906923756.00, 47530, -590151, 392 
1719906923778.00, 52125, -589121, 543 
1719906923800.00, 64074, -588000, 466 
1719906923821.00, 66358, -586602, 495 
1719906923843.00, 69374, -585165, 548 
1719906923865.00, 74218, -583650, 561 
1719906923887.00, 77924, -582045, 551 
1719906923908.00, 79408, -580343, 550 
1719906923930.00, 80265, -578621, 591 
1719906923951.00, 83234, -576871, 584 
1719906923973.00, 84723, -575074, 585 
1719906923994.00, 85470, -573236, 601 
1719906924016.00, 86930, -571385, 613 
1719906924038.00, 88405, -569504, 615 
1719906924060.00, 89224, -567591, 592 
1719906924081.00, 88424, -565650, 610 
1719906924103.00, 88858, -563729, 583 
1719906924124.00, 87432, -561813, 575 
1719906924146.00, 86023, -559915, 568 
1719906924173.00, 84912, -558047, 543 
1719906924189.00, 82658, -556222, 546 
1719906924211.00, 81277, -554420, 514 
1719906924233.00, 78485, -552673, 499 
1719906924254.00, 75935, -550961, 445 
1719906924279.00, 71316, -549322, 447 
1719906924297.00, 68449, -547770, 435 
1719906924319.00, 66127, -546296, 439 
1719906924341.00, 65120, -544850, 431 
1719906924363.00, 63818, -543446, 443 
1719906924387.00, 63797, -542060, 415 
1719906924406.00, 62142, -540672, 422 
1719906924428.00, 61634, -539338, 405 
1719906924449.00, 59989, -537996, 385 
1719906924471.00, 58029, -536708, 372 
1719906924493.00, 55918, -535447, 331 
1719906924514.00, 52266, -534231, 292 
1719906924535.00, 47754, -533110, 254 
1719906924557.00, 42610, -532066, 222 
1719906924579.00, 37536, -531136, 182 
1719906924604.00, 32389, -530330, 125 
1719906924622.00, 25804, -529636, 76 
1719906924644.00, 19078, -529073, 8 
1719906924665.00, 10499, -528654, 40 
1719906924687.00, 7652, -528407, 90 
1719906924710.00, 9210, -528240, 63 
1719906924729.00, 8460, -528047, 50 
1719906924751.00, 7263, -527863, 73 
1719906924772.00, 8083, -527700, 113 
1719906924794.00, 10849, -527523, 152 
1719906924816.00, 14788, -527291, 194 
1719906924837.00, 20018, -526973, 240 
1719906924859.00, 25579, -526550, 280 
1719906924880.00, 31312, -525992, 306 
1719906924902.00, 36482, -525310, 338 
1719906924924.00, 41286, -524520, 383 
1719906924946.00, 47056, -523635, 427 
1719906924968.00, 53047, -522616, 498 
1719906924989.00, 60826, -521453, 561 
1719906925011.00, 69090, -520144, 590 
1719906925032.00, 75769, -518630, 660 
1719906925053.00, 84064, -516991, 689 
1719906925076.00, 90829, -515154, 728 
1719906925097.00, 97180, -513192, 786 
1719906925119.00, 104033, -511076, 787 
1719906925141.00, 108109, -508808, 773 
1719906925163.00, 109750, -506463, 751 
1719906925184.00, 109400, -504068, 766 
1719906925206.00, 110205, -501687, 737 
1719906925227.00, 108761, -499285, 722 
1719906925249.00, 107089, -496932, 696 
1719906925270.00, 104428, -494603, 648 
1719906925293.00, 99887, -492335, 607 
1719906925314.00, 94725, -490184, 612 
1719906925335.00, 91636, -488133, 573 
1719906925358.00, 87576, -486148, 541 
1719906925379.00, 83294, -484259, 515 
1719906925401.00, 78929, -482449, 474 
1719906925422.00, 74094, -480748, 475 
1719906925444.00, 71119, -479138, 461 
1719906925465.00, 68708, -477609, 456 
1719906925487.00, 66896, -476108, 443 
1719906925509.00, 64913, -474667, 451 
1719906925530.00, 64253, -473259, 430 
1719906925552.00, 62724, -471865, 414 
1719906925573.00, 60910, -470516, 404 
1719906925595.00, 58949, -469190, 405 
1719906925617.00, 58046, -467919, 399 
1719906925639.00, 56971, -466654, 377 
1719906925660.00, 55186, -465418, 366 
1719906925682.00, 53426, -464231, 370 
1719906925704.00, 52556, -463064, 361 
1719906925725.00, 51710, -461933, 344 
1719906925746.00, 50055, -460824, 322 
1719906925768.00, 47724, -459733, 308 
1719906925790.00, 45496, -458700, 287 
1719906925812.00, 42979, -457723, 264 
1719906925833.00, 40040, -456781, 243 
1719906925855.00, 37211, -455916, 216 
1719906925876.00, 33822, -455122, 199 
1719906925898.00, 31004, -454392, 177 
1719906925920.00, 27915, -453717, 166 
1719906925941.00, 25407, -453115, 166 
1719906925963.00, 23832, -452562, 173 
1719906925984.00, 23223, -452052, 163 
1719906926006.00, 22330, -451553, 160 
1719906926028.00, 21700, -451064, 176 
1719906926049.00, 22099, -450584, 196 
1719906926072.00, 23710, -450098, 207 
1719906926092.00, 25305, -449583, 223 
1719906926115.00, 27474, -449033, 267 
1719906926137.00, 31285, -448449, 295 
1719906926158.00, 35316, -447780, 303 
1719906926179.00, 38121, -447015, 308 
1719906926201.00, 40109, -446195, 312 
1719906926222.00, 41538, -445333, 318 
1719906926245.00, 42710, -444440, 309 
1719906926266.00, 42767, -443510, 298 
1719906926288.00, 42078, -442582, 275 
1719906926309.00, 40518, -441677, 259 
1719906926331.00, 38355, -440794, 243 
1719906926353.00, 36395, -439958, 233 
1719906926374.00, 34494, -439175, 217 
1719906926395.00, 32376, -438433, 209 
1719906926417.00, 30723, -437725, 203 
1719906926439.00, 29162, -437053, 192 
1719906926461.00, 27758, -436418, 184 
1719906926482.00, 26575, -435815, 185 
1719906926504.00, 25916, -435249, 173 
1719906926526.00, 24807, -434691, 160 
1719906926547.00, 23444, -434145, 151 
1719906926570.00, 21911, -433635, 157 
1719906926591.00, 21308, -433159, 160 
1719906926611.00, 21123, -432696, 150 
1719906926634.00, 20617, -432239, 166 
1719906926655.00, 11512, -431794, 176 
1719906926679.00, 5750, -431537, 208 
1719906926699.00, 2373, -431406, 182 
1719906926720.00, 330, -431352, 191 
1719906926741.00, -76, -431343, 182 
1719906926763.00, -817, -431347, 177 
1719906926784.00, -1354, -431357, 187 
1719906926806.00, -1752, -431386, 182 
1719906926827.00, -1934, -431419, 182 
1719906926849.00, -2041, -431460, 177 
1719906926869.00, -2147, -431506, 170 
1719906926892.00, -1998, -431552, 158 
1719906926913.00, -2008, -431595, 138 
1719906926934.00, -2077, -431641, 116 
1719906926956.00, -2043, -431687, 87 
1719906926977.00, -1927, -431731, 57 
1719906926999.00, -1875, -431775, 32 
1719906927020.00, -1834, -431818, 6 
1719906927041.00, -1792, -431863, -20 
1719906927062.00, -2943, -431904, -50 
1719906927084.00, -5548, -431969, -80 
1719906927105.00, -8667, -432086, -110 
1719906927127.00, -12251, -432274, -130 
1719906927149.00, -15937, -432532, -147 
1719906927171.00, -18953, -432868, -163 
1719906927192.00, -21829, -433276, -180 
1719906927214.00, -24408, -433744, -190 
1719906927236.00, -26391, -434272, -209 
1719906927257.00, -28618, -434852, -220 
1719906927279.00, -30601, -435470, -234 
1719906927300.00, -32458, -436130, -258 
1719906927322.00, -34950, -436834, -279 
1719906927344.00, -37646, -437595, -269 
1719906927365.00, -38896, -438428, -314 
1719906927386.00, -42350, -439263, -342 
1719906927409.00, -45884, -440174, -333 
1719906927430.00, -47779, -441174, -342 
1719906927452.00, -49194, -442206, -355 
1719906927474.00, -50785, -443270, -368 
1719906927495.00, -52631, -444378, -379 
1719906927516.00, -54141, -445512, -390 
1719906927538.00, -55804, -446681, -398 
1719906927564.00, -57194, -447892, -407 
1719906927582.00, -58634, -449122, -413 
1719906927603.00, -59637, -450393, -415 
1719906927625.00, -60317, -451701, -425 
1719906927647.00, -61639, -453000, -429 
1719906927674.00, -62294, -454336, -435 
1719906927690.00, -62984, -455675, -442 
1719906927712.00, -63982, -457042, -444 
1719906927733.00, -64510, -458433, -453 
1719906927755.00, -65243, -459831, -447 
1719906927782.00, -65310, -461254, -447 
1719906927798.00, -65417, -462659, -446 
1719906927820.00, -65298, -464082, -454 
1719906927841.00, -65650, -465488, -468 
1719906927863.00, -66762, -466923, -468 
1719906927885.00, -67537, -468376, -483 
1719906927906.00, -68612, -469829, -482 
1719906927928.00, -69212, -471331, -488 
1719906927950.00, -69876, -472817, -479 
1719906927971.00, -69606, -474341, -484 
1719906928001.00, -69761, -475851, -485 
1719906928014.00, -70021, -477377, -488 
1719906928036.00, -70448, -478882, -485 
1719906928057.00, -70501, -480414, -482 
1719906928079.00, -70134, -481925, -491 
1719906928105.00, -70558, -483461, -489 
1719906928122.00, -70624, -484988, -502 
1719906928144.00, -71324, -486521, -488 
1719906928166.00, -70964, -488063, -491 
1719906928188.00, -70825, -489595, -467 
1719906928211.00, -69409, -491140, -472 
1719906928231.00, -68882, -492640, -459 
1719906928252.00, -67643, -494143, -467 
1719906928274.00, -67258, -495592, -451 
1719906928296.00, -66236, -497063, -450 
1719906928321.00, -65609, -498484, -444 
1719906928339.00, -64899, -499916, -437 
1719906928361.00, -63917, -501316, -435 
1719906928382.00, -63128, -502701, -419 
1719906928404.00, -61766, -504078, -434 
1719906928426.00, -61838, -505402, -424 
1719906928447.00, -61277, -506753, -432 
1719906928469.00, -61458, -508073, -431 
1719906928490.00, -61411, -509414, -426 
1719906928512.00, -61113, -510744, -431 
1719906928534.00, -61278, -512061, -412 
1719906928556.00, -60032, -513390, -408 
1719906928577.00, -59487, -514680, -403 
1719906928599.00, -58446, -515971, -403 
1719906928620.00, -57882, -517245, -412 
1719906928642.00, -58200, -518493, -394 
1719906928663.00, -57134, -519763, -402 
1719906928685.00, -56942, -520986, -409 
1719906928707.00, -57204, -522225, -397 
1719906928729.00, -56752, -523472, -399 
1719906928750.00, -56665, -524696, -393 
1719906928772.00, -56182, -525933, -397 
1719906928794.00, -56138, -527147, -402 
1719906928815.00, -56437, -528358, -388 
1719906928837.00, -55808, -529590, -396 
1719906928858.00, -55895, -530783, -400 
1719906928880.00, -56005, -531994, -394 
1719906928902.00, -55814, -533222, -398 
1719906928923.00, -55821, -534422, -388 
1719906928945.00, -55331, -535646, -395 
1719906928966.00, -55480, -536842, -407 
1719906928988.00, -56361, -538035, -393 
1719906929009.00, -55983, -539260, -399 
1719906929032.00, -56076, -540470, -409 
1719906929053.00, -56663, -541691, -400 
1719906929075.00, -56628, -542925, -412 
1719906929096.00, -57276, -544143, -409 
1719906929118.00, -57402, -545385, -403 
1719906929140.00, -57142, -546623, -396 
1719906929161.00, -56728, -547859, -388 
1719906929183.00, -55848, -549103, -402 
1719906929205.00, -56327, -550306, -407 
1719906929226.00, -56561, -551522, -401 
1719906929248.00, -56633, -552760, -408 
1719906929270.00, -56978, -553974, -406 
1719906929292.00, -57071, -555210, -402 
1719906929313.00, -56760, -556446, -410 
1719906929334.00, -57200, -557676, -392 
1719906929356.00, -56125, -558919, -397 
1719906929378.00, -56308, -560132, -381 
1719906929399.00, -55095, -561343, -352 
1719906929421.00, -52776, -562539, -348 
1719906929442.00, -51070, -563669, -339 
1719906929464.00, -49465, -564778, -317 
1719906929486.00, -47297, -565857, -304 
1719906929507.00, -45067, -566874, -292 
1719906929535.00, -42995, -567859, -283 
1719906929551.00, -41323, -568791, -239 
1719906929572.00, -37554, -569682, -234 
1719906929594.00, -35057, -570494, -213 
1719906929616.00, -32246, -571264, -258 
1719906929637.00, -33391, -571975, -300 
1719906929659.00, -36618, -572700, -279 
1719906929681.00, -37249, -573482, -251 
1719906929703.00, -36247, -574297, -259 
1719906929724.00, -35996, -575086, -281 
1719906929747.00, -37266, -575865, -300 
1719906929768.00, -38997, -576663, -310 
1719906929789.00, -40803, -577503, -317 
1719906929811.00, -42295, -578390, -325 
1719906929832.00, -43395, -579302, -337 
1719906929857.00, -44761, -580240, -346 
1719906929876.00, -46308, -581217, -374 
1719906929897.00, -48919, -582226, -404 
1719906929919.00, -52139, -583280, -430 
1719906929941.00, -55838, -584411, -424 
1719906929965.00, -57580, -585622, -417 
1719906929984.00, -58137, -586862, -415 
1719906930005.00, -58306, -588120, -400 
1719906930027.00, -57564, -589383, -379 
1719906930049.00, -55883, -590630, -355 
1719906930078.00, -53358, -591844, -350 
1719906930092.00, -51575, -592994, -332 
1719906930113.00, -29686, -594104, -307 
1719906930135.00, -16507, -594772, -345 
1719906930156.00, -8691, -595140, -291 
1719906930178.00, -4025, -595331, -283 
1719906930200.00, -1198, -595422, -289 
1719906930221.00, 51, -595447, -282 
1719906930243.00, 858, -595449, -280 
1719906930264.00, 1440, -595438, -276 
1719906930286.00, 1835, -595408, -265 
1719906930307.00, 2138, -595367, -259 
1719906930329.00, 2293, -595323, -261 
1719906930351.00, 2358, -595274, -264 
1719906930373.00, 2328, -595222, -269 
1719906930396.00, 2417, -595172, -271 
1719906930415.00, 2416, -595122, -278 
1719906930438.00, 2380, -595071, -284 
1719906930459.00, 2364, -595020, -290 
1719906930481.00, 2333, -594970, -291 
1719906930506.00, 2244, -594921, -291 
1719906930524.00, 2181, -594871, -296 
1719906930546.00, 2044, -594826, -300 
1719906930567.00, 2035, -594781, -305 
1719906930589.00, 1975, -594738, -307 
1719906930610.00, 1809, -594697, -312 
1719906930632.00, 1761, -594658, -314 
1719906930654.00, 1808, -594621, -318 
1719906930675.00, 1687, -594584, -323 
1719906930697.00, 1611, -594546, -330 
1719906930719.00, 1509, -594512, -338 
1719906930740.00, 1450, -594480, -346 
1719906930762.00, 1409, -594448, -350 
1719906930783.00, 1479, -594420, -352 
1719906930805.00, 1458, -594387, -356 
1719906930827.00, 1358, -594356, -358 
1719906930851.00, 1381, -594325, -362 
1719906930870.00, 1280, -594297, -365 
1719906930891.00, 1284, -594268, -368 
1719906930913.00, 1267, -594240, -371 
1719906930935.00, 1208, -594214, -374 
1719906930957.00, 1177, -594185, -377 
1719906930978.00, 1134, -594160, -376 
1719906931000.00, 1115, -594135, -374 
1719906931021.00, 1132, -594110, -373 
1719906931043.00, 1110, -594086, -368 
1719906931064.00, 1126, -594061, -362 
1719906931086.00, 1158, -594038, -361 
1719906931108.00, 1064, -594013, -358 
1719906931130.00, 1051, -593987, -352 
1719906931152.00, 1061, -593965, -342 
1719906931178.00, 1051, -593943, -324 
1719906931194.00, 1050, -593917, -293 
1719906931216.00, 989, -593893, -262 
1719906931238.00, 987, -593869, -237 
1719906931259.00, 978, -593847, -208 
1719906931281.00, 963, -593824, -172 
1719906931302.00, 989, -593802, -137 
1719906931324.00, 868, -593781, -107 
1719906931345.00, 783, -593758, -87 
1719906931366.00, 761, -593742, -72 
1719906931391.00, 734, -593724, -59 
1719906931410.00, 707, -593707, -50 
1719906931431.00, 742, -593692, -41 
1719906931453.00, 711, -593676, -37 
1719906931474.00, 697, -593660, -29 
1719906931495.00, 663, -593646, -23 
1719906931517.00, 621, -593631, -20 
1719906931538.00, 587, -593616, -19 
1719906931560.00, 561, -593603, -15 
1719906931581.00, 515, -593590, -8 
1719906931603.00, 530, -593580, -1 
1719906931624.00, 506, -593567, 1 
1719906931645.00, 476, -593556, 6 
1719906931667.00, 464, -593545, 10 
1719906931687.00, 1, -593536, 13 
1719906931709.00, 1022, -593534, 17 
1719906931731.00, 1834, -593514, 18 
1719906931752.00, 2386, -593475, 20 
1719906931774.00, 2655, -593422, 25 
1719906931795.00, 3222, -593363, 29 
1719906931818.00, 3718, -593293, 29 
1719906931838.00, 4263, -593211, 29 
1719906931859.00, 4438, -593122, 28 
1719906931880.00, 4395, -593024, 29 
1719906931902.00, 4432, -592930, 27 
1719906931924.00, 4491, -592834, 28 
1719906931945.00, 4485, -592740, 27 
1719906931967.00, 4362, -592644, 26 
1719906931988.00, 4260, -592550, 26 
1719906932010.00, 4459, -592458, 36 
1719906932031.00, 5057, -592365, 48 
1719906932053.00, 5998, -592257, 54 
1719906932073.00, 6844, -592130, 56 
1719906932095.00, 7547, -591988, 54 
1719906932117.00, 7817, -591825, 53 
1719906932138.00, 8045, -591655, 55 
1719906932159.00, 8054, -591483, 58 
1719906932181.00, 8412, -591308, 57 
1719906932203.00, 8395, -591132, 48 
1719906932224.00, 8088, -590952, 29 
1719906932245.00, 6781, -590780, 40 
1719906932267.00, 6330, -590633, 43 
1719906932289.00, 6334, -590494, 33 
1719906932310.00, 5945, -590358, 22 
1719906932331.00, 4908, -590234, 13 
1719906932352.00, 3717, -590129, 9 
1719906932374.00, 2214, -590047, 10 
1719906932396.00, -48, -589999, 6 
1719906932417.00, 0, -589995, 7 
1719906932437.00, 14, -589994, 6 
1719906932458.00, 0, -589995, 0 
1719906932480.00, -66, -589995, -5 
1719906932501.00, 0, -589996, -20 
1719906932523.00, -889, -589998, -40 
1719906932544.00, -2944, -590009, -45 
1719906932565.00, -4338, -590065, -43 
1719906932586.00, -5170, -590158, -30 
1719906932608.00, -4865, -590267, -17 
1719906932630.00, -3884, -590371, -11 
1719906932651.00, -2968, -590458, -7 
1719906932673.00, -1747, -590523, -12 
1719906932699.00, -1708, -590562, -25 
1719906932716.00, -2486, -590597, -10 
1719906932736.00, 56, -590648, 23 
1719906932758.00, 987, -590651, 51 
1719906932780.00, 3525, -590636, 46 
1719906932806.00, 4673, -590569, 46 
1719906932822.00, 5467, -590467, 43 
1719906932844.00, 5863, -590348, 40 
1719906932866.00, 5781, -590225, 41 
1719906932886.00, 6050, -590100, 42 
1719906932910.00, 6191, -589972, 38 
1719906932930.00, 5792, -589842, 35 
1719906932951.00, 5505, -589716, 29 
1719906932972.00, 5004, -589598, 24 
1719906932994.00, 4306, -589494, 14 
1719906933015.00, 3444, -589401, 14 
1719906933037.00, 2766, -589329, 14 
1719906933058.00, 2380, -589266, 14 
1719906933080.00, 2201, -589215, 14 
1719906933102.00, 2195, -589168, 13 
1719906933123.00, 1984, -589123, 12 
1719906933144.00, 1767, -589080, 6 
1719906933166.00, 988, -589043, 2 
1719906933187.00, 466, -589020, 5 
1719906933208.00, 167, -589011, 4 
1719906933229.00, 50, -589006, 2 
1719906933251.00, 0, -589006, 4 
1719906933271.00, 0, -589006, 0 
1719906933292.00, 0, -589006, -3 
1719906933314.00, -23, -589006, -5 
1719906933335.00, 0, -589005, -4 
1719906933361.00, 0, -589006, -1 
1719906933377.00, 0, -589006, 0 
1719906933398.00, 1, -589005, -1 
1719906933419.00, 0, -589006, -1 
1719906933440.00, 0, -589005, -3 
1719906933466.00, 0, -589006, -4 
1719906933483.00, 0, -589006, -3 
1719906933504.00, 41, -589004, -2 
1719906933526.00, 0, -589006, -1 
1719906933546.00, 0, -589005, -1 
1719906933567.00, 0, -589006, -2 
1719906933588.00, 0, -589005, -2 
1719906933609.00, 0, -589005, -3 
1719906933631.00, 0, -589005, -3 
1719906933651.00, 0, -589005, -2 
1719906933673.00, 0, -589005, -1 
1719906933694.00, 0, -589005, 0 
1719906933715.00, 0, -589005, 0 
1719906933737.00, 0, -589005, 1 
1719906933757.00, 0, -589005, 1 
1719906933778.00, 0, -589005, 1 
1719906933799.00, 0, -589005, 2 
1719906933820.00, 0, -589005, 4 
1719906933841.00, 0, -589005, 6 
1719906933862.00, 0, -589005, 8 
1719906933883.00, 0, -589004, 12 
1719906933905.00, 744, -589004, 16 
1719906933926.00, 1483, -588991, 22 
1719906933948.00, 2153, -588960, 25 
1719906933969.00, 2774, -588914, 28 
1719906933991.00, 3254, -588857, 31 
1719906934014.00, 3716, -588787, 30 
1719906934033.00, 4156, -588704, 36 
1719906934055.00, 4702, -588618, 33 
1719906934077.00, 4892, -588518, 34 
1719906934098.00, 5065, -588414, 33 
1719906934122.00, 4832, -588308, 30 
1719906934141.00, 4484, -588199, 28 
1719906934162.00, 4294, -588097, 31 
1719906934183.00, 4497, -588009, 29 
1719906934205.00, 4243, -587917, 25 
1719906934227.00, 4089, -587821, 19 
1719906934248.00, 3659, -587734, 14 
1719906934270.00, 2950, -587657, 22 
1719906934291.00, 3091, -587593, 17 
1719906934312.00, 2870, -587527, 17 
1719906934338.00, 2684, -587465, -1 
1719906934355.00, 1541, -587408, 3 
1719906934377.00, 847, -587373, 3 
1719906934398.00, 435, -587353, 7 
1719906934419.00, 197, -587344, 16 
1719906934441.00, 1092, -587340, 18 
1719906934462.00, 1587, -587318, 11 
1719906934483.00, 1442, -587288, -52 
1719906934505.00, -1837, -587261, -95 
1719906934527.00, -6822, -587288, -110 
1719906934548.00, -10656, -587421, -74 
1719906934570.00, -10931, -587647, -81 
1719906934591.00, -11291, -587883, -82 
1719906934613.00, -11655, -588128, -98 
1719906934634.00, -13039, -588376, -70 
1719906934656.00, -11989, -588641, 36 
1719906934677.00, -5050, -588894, 69 
1719906934699.00, 584, -589013, 33 
1719906934720.00, 2141, -589015, -19 
1719906934741.00, 67, -588976, -27 
1719906934763.00, -1099, -588969, -6 
1719906934784.00, -461, -588981, 16 
1719906934805.00, 82, -588989, 24 
1719906934827.00, 1273, -588987, 23 
1719906934848.00, 2087, -588967, 0 
1719906934869.00, 1296, -588926, -21 
1719906934891.00, -62, -588898, -12 
1719906934913.00, -527, -588898, -12 
1719906934933.00, -949, -588904, -16 
1719906934955.00, -1448, -588922, -28 
1719906934977.00, -2602, -588950, -33 
1719906934998.00, -3536, -589003, -37 
1719906935020.00, -4327, -589077, -41 
1719906935041.00, -5010, -589166, -42 
1719906935063.00, -5635, -589271, -26 
1719906935083.00, -4819, -589388, -20 
1719906935106.00, -4089, -589495, -18 
1719906935127.00, -3458, -589579, -12 
1719906935148.00, -2779, -589653, -7 
1719906935170.00, -1590, -589713, -3 
1719906935191.00, -823, -589748, 2 
1719906935215.00, -373, -589766, 18 
1719906935233.00, 134, -589772, 37 
1719906935255.00, 2132, -589770, 50 
1719906935277.00, 4343, -589729, 59 
1719906935299.00, 6192, -589640, 61 
1719906935320.00, 7277, -589511, 60 
1719906935342.00, 8027, -589353, 57 
1719906935363.00, 8365, -589182, 58 
1719906935385.00, 8303, -589007, 54 
1719906935406.00, 8210, -588828, 55 
1719906935429.00, 8165, -588649, 66 
1719906935449.00, 8878, -588472, 75 
1719906935471.00, 9710, -588280, 78 
1719906935491.00, 10556, -588068, 77 
1719906935514.00, 10836, -587846, 70 
1719906935535.00, 10805, -587612, 59 
1719906935557.00, 9801, -587381, 46 
1719906935578.00, 8691, -587169, 35 
1719906935600.00, 7156, -586981, 24 
1719906935620.00, 5665, -586826, 11 
1719906935642.00, 4061, -586703, 0 
1719906935664.00, 2320, -586614, -5 
1719906935685.00, 1228, -586562, -10 
1719906935707.00, -2, -586535, -18 
1719906935728.00, -752, -586534, -23 
1719906935750.00, -1729, -586542, -29 
1719906935771.00, -2753, -586574, -36 
1719906935793.00, -3814, -586630, -39 
1719906935813.00, -4648, -586712, -46 
1719906935835.00, -5613, -586812, -50 
1719906935857.00, -6518, -586932, -54 
1719906935877.00, -7311, -587068, -59 
1719906935900.00, -7653, -587221, -63 
1719906935921.00, -8298, -587389, -67 
1719906935942.00, -9045, -587569, -73 
1719906935964.00, -9759, -587762, -80 
1719906935985.00, -10611, -587974, -87 
1719906936007.00, -11719, -588198, -90 
1719906936029.00, -12285, -588447, -88 
1719906936050.00, -12414, -588714, -91 
1719906936072.00, -13042, -588982, -98 
1719906936094.00, -13436, -589255, -103 
1719906936115.00, -13839, -589547, -103 
1719906936136.00, -14650, -589849, -98 
1719906936158.00, -14713, -590159, -95 
1719906936180.00, -14206, -590473, -93 
1719906936201.00, -14031, -590783, -90 
1719906936222.00, -13838, -591084, -90 
1719906936244.00, -13396, -591380, -91 
1719906936266.00, -13402, -591672, -85 
1719906936288.00, -13062, -591964, -82 
1719906936309.00, -12517, -592239, -79 
1719906936331.00, -12016, -592511, -74 
1719906936352.00, -11473, -592770, -70 
1719906936373.00, -6741, -593017, -65 
1719906936395.00, -3847, -593167, -70 
1719906936416.00, -2204, -593252, -69 
1719906936438.00, -1219, -593299, -65 
1719906936459.00, -546, -593325, -65 
1719906936480.00, -150, -593337, -63 
1719906936501.00, 0, -593342, -59 
1719906936525.00, 0, -593342, -51 
1719906936544.00, 0, -593340, -42 
1719906936566.00, 0, -593340, -30 
1719906936587.00, 0, -593341, -15 
1719906936608.00, 6, -593339, 0 
1719906936629.00, 13, -593339, 15 
1719906936651.00, 310, -593336, 35 
1719906936672.00, 2277, -593329, 57 
1719906936694.00, 4890, -593284, 90 
1719906936715.00, 8549, -593180, 118 
1719906936737.00, 12405, -592995, 147 
1719906936758.00, 16190, -592734, 186 
1719906936780.00, 20925, -592382, 226 
1719906936801.00, 26467, -591931, 271 
1719906936823.00, 31947, -591362, 304 
1719906936845.00, 37469, -590672, 335 
1719906936866.00, 40813, -589864, 375 
1719906936888.00, 43086, -588987, 390 
1719906936910.00, 43805, -588050, 421 
1719906936931.00, 43633, -587097, 492 
1719906936953.00, 43757, -586150, 503 
1719906936974.00, 43712, -585209, 511 
1719906936996.00, 43522, -584255, 544 
1719906937018.00, 43873, -583306, 563 
1719906937039.00, 43747, -582364, 574 
1719906937061.00, 43717, -581413, 578 
1719906937083.00, 43705, -580460, 607 
1719906937105.00, 43796, -579513, 636 
1719906937125.00, 43605, -578570, 661 
1719906937148.00, 43608, -577618, 689 
1719906937169.00, 43761, -576670, 705 
1719906937191.00, 43739, -575732, 723 
1719906937213.00, 43640, -574782, 743 
1719906937234.00, 43736, -573829, 773 
1719906937256.00, 43712, -572881, 794 
1719906937278.00, 43673, -571934, 820 
1719906937299.00, 43698, -570983, 823 
1719906937320.00, 43699, -570037, 843 
1719906937342.00, 43736, -569094, 867 
1719906937364.00, 43706, -568147, 886 
1719906937386.00, 43854, -567193, 900 
1719906937407.00, 43651, -566248, 912 
1719906937429.00, 43485, -565302, 924 
1719906937451.00, 43781, -564350, 922 
1719906937472.00, 43736, -563404, 919 
1719906937493.00, 43452, -562462, 926 
1719906937516.00, 43753, -561515, 901 
1719906937537.00, 43734, -560567, 910 
1719906937559.00, 43454, -559626, 928 
1719906937580.00, 43845, -558681, 883 
1719906937602.00, 43810, -557732, 862 
1719906937623.00, 43517, -556786, 874 
1719906937645.00, 43544, -555849, 836 
1719906937667.00, 43761, -554899, 824 
1719906937688.00, 43633, -553947, 821 
1719906937710.00, 43700, -553010, 804 
1719906937732.00, 43834, -552069, 780 
1719906937753.00, 43715, -551117, 786 
1719906937775.00, 43598, -550168, 797 
1719906937797.00, 43852, -549230, 783 
1719906937818.00, 43749, -548275, 771 
1719906937839.00, 43555, -547327, 773 
1719906937861.00, 43620, -546388, 761 
1719906937883.00, 43859, -545442, 737 
1719906937905.00, 43758, -544490, 752 
1719906937926.00, 43682, -543547, 764 
1719906937952.00, 43929, -542603, 804 
1719906937970.00, 43792, -541649, 806 
1719906937992.00, 43635, -540702, 805 
1719906938013.00, 43613, -539757, 829 
1719906938035.00, 43732, -538810, 830 
1719906938061.00, 43582, -537859, 844 
1719906938078.00, 43713, -536920, 821 
1719906938100.00, 43668, -535980, 806 
1719906938120.00, 43667, -535030, 798 
1719906938142.00, 43630, -534076, 825 
1719906938169.00, 43746, -533137, 820 
1719906938186.00, 43599, -532186, 804 
1719906938208.00, 43640, -531234, 797 
1719906938229.00, 43731, -530292, 807 
1719906938251.00, 43666, -529354, 790 
1719906938274.00, 43440, -528403, 780 
1719906938294.00, 43689, -527456, 792 
1719906938316.00, 43586, -526524, 803 
1719906938338.00, 43569, -525569, 797 
1719906938360.00, 43793, -524617, 823 
1719906938384.00, 43764, -523675, 838 
1719906938403.00, 43707, -522731, 833 
1719906938424.00, 43732, -521779, 843 
1719906938446.00, 43785, -520831, 854 
1719906938467.00, 43657, -519889, 871 
1719906938494.00, 43565, -518940, 885 
1719906938511.00, 43810, -517991, 903 
1719906938533.00, 43782, -517050, 924 
1719906938554.00, 43664, -516097, 949 
1719906938576.00, 43729, -515139, 975 
1719906938597.00, 43600, -514191, 1007 
1719906938619.00, 43583, -513247, 1023 
1719906938641.00, 43685, -512294, 1027 
1719906938663.00, 43836, -511340, 1049 
1719906938684.00, 43717, -510395, 1076 
1719906938706.00, 43666, -509443, 1104 
1719906938727.00, 43510, -508487, 1128 
1719906938750.00, 43698, -507535, 1131 
1719906938771.00, 43939, -506588, 1138 
1719906938792.00, 43589, -505635, 1137 
1719906938818.00, 43591, -504686, 1128 
1719906938837.00, 43448, -503743, 1122 
1719906938858.00, 43620, -502789, 1161 
1719906938880.00, 43794, -501842, 1173 
1719906938902.00, 43754, -500891, 1179 
1719906938927.00, 43640, -499941, 1196 
1719906938945.00, 43706, -498980, 1193 
1719906938967.00, 43711, -498031, 1193 
1719906938989.00, 43593, -497088, 1221 
1719906939010.00, 43635, -496134, 1214 
1719906939032.00, 43896, -495180, 1236 
1719906939055.00, 43829, -494231, 1284 
1719906939075.00, 43661, -493286, 1308 
1719906939097.00, 43465, -492326, 1327 
1719906939119.00, 43499, -491373, 1335 
1719906939141.00, 43749, -490429, 1360 
1719906939163.00, 43726, -489477, 1338 
1719906939184.00, 43564, -488527, 1325 
1719906939205.00, 43432, -487579, 1353 
1719906939228.00, 43572, -486632, 1337 
1719906939249.00, 43645, -485684, 1350 
1719906939271.00, 43684, -484733, 1359 
1719906939293.00, 43488, -483785, 1369 
1719906939314.00, 43580, -482828, 1365 
1719906939336.00, 43662, -481878, 1364 
1719906939358.00, 43513, -480935, 1372 
1719906939380.00, 43673, -479984, 1375 
1719906939401.00, 43912, -479035, 1368 
1719906939423.00, 43769, -478086, 1389 
1719906939445.00, 43499, -477142, 1395 
1719906939466.00, 43335, -476184, 1371 
1719906939488.00, 43628, -475236, 1349 
1719906939509.00, 43580, -474294, 1360 
1719906939532.00, 43687, -473343, 1352 
1719906939553.00, 43709, -472390, 1365 
1719906939575.00, 43769, -471444, 1377 
1719906939596.00, 43631, -470502, 1346 
1719906939619.00, 43465, -469545, 1335 
1719906939640.00, 43708, -468597, 1305 
1719906939662.00, 43990, -467650, 1311 
1719906939683.00, 43710, -466699, 1308 
1719906939705.00, 43545, -465743, 1309 
1719906939727.00, 43660, -464795, 1301 
1719906939749.00, 43628, -463849, 1303 
1719906939771.00, 43639, -462899, 1263 
1719906939792.00, 43650, -461953, 1214 
1719906939814.00, 43554, -461015, 1184 
1719906939836.00, 43673, -460057, 1162 
1719906939857.00, 43397, -459112, 1120 
1719906939878.00, 43362, -458170, 1039 
1719906939901.00, 43699, -457222, 1018 
1719906939922.00, 43571, -456277, 975 
1719906939943.00, 43605, -455337, 883 
1719906939966.00, 43660, -454403, 842 
1719906939987.00, 43446, -453454, 814 
1719906940008.00, 43355, -452512, 757 
1719906940030.00, 43534, -451576, 683 
1719906940052.00, 43361, -450635, 610 
1719906940074.00, 43630, -449689, 564 
1719906940095.00, 43624, -448749, 513 
1719906940116.00, 43391, -447816, 441 
1719906940139.00, 43382, -446870, 371 
1719906940160.00, 43343, -445935, 306 
1719906940182.00, 43093, -445003, 242 
1719906940204.00, 39221, -444072, 177 
1719906940227.00, 32743, -443222, 124 
1719906940247.00, 25919, -442511, 75 
1719906940269.00, 18925, -441954, 39 
1719906940290.00, 12655, -441544, 9 
1719906940311.00, 6389, -441269, -4 
1719906940332.00, 2706, -441123, -17 
1719906940354.00, -53, -441061, -35 
1719906940376.00, -2721, -441057, -12 
1719906940397.00, -3124, -441100, -5 
1719906940418.00, -2710, -441162, 40 
1719906940440.00, -66, -441221, 83 
1719906940461.00, 3620, -441230, 71 
1719906940482.00, 5546, -441163, 76 
1719906940503.00, 7125, -441045, 85 
1719906940525.00, 8826, -440888, 134 
1719906940547.00, 12708, -440699, 133 
1719906940573.00, 14771, -440437, 116 
1719906940590.00, 14879, -440120, 92 
1719906940611.00, 13671, -439799, 74 
1719906940633.00, 11616, -439502, 90 
1719906940655.00, 11466, -439244, 100 
1719906940676.00, 12054, -438994, 103 
1719906940698.00, 12706, -438738, 95 
1719906940719.00, 12549, -438469, 95 
1719906940741.00, 12830, -438194, 98 
1719906940763.00, 12904, -437926, 87 
1719906940786.00, 12196, -437645, 82 
1719906940806.00, 11433, -437373, 94 
1719906940828.00, 11700, -437123, 99 
1719906940849.00, 12354, -436867, 93 
1719906940870.00, 12403, -436605, 83 
1719906940892.00, 11833, -436344, 79 
1719906940914.00, 11373, -436089, 84 
1719906940934.00, 10903, -435847, 86 
1719906940957.00, 10975, -435613, 79 
1719906940978.00, 11104, -435375, 75 
1719906941000.00, 10282, -435146, 63 
1719906941022.00, 9266, -434924, 47 
1719906941042.00, 7862, -434723, 31 
1719906941064.00, 5980, -434557, 23 
1719906941085.00, 4457, -434421, 36 
1719906941107.00, 4143, -434320, 33 
1719906941129.00, 3958, -434231, 20 
1719906941150.00, 3016, -434147, 13 
1719906941172.00, 1965, -434081, 12 
1719906941193.00, 1386, -434034, 18 
1719906941214.00, 1433, -434002, 18 
1719906941236.00, 1446, -433973, 15 
1719906941257.00, 1302, -433941, 12 
1719906941278.00, 983, -433914, 12 
1719906941300.00, 832, -433891, 15 
1719906941322.00, 931, -433873, 16 
1719906941343.00, 1156, -433854, 11 
1719906941365.00, 987, -433830, 10 
1719906941386.00, -13, -433808, 13 
1719906941406.00, 288, -433805, 12 
1719906941428.00, 535, -433802, 7 
1719906941449.00, 0, -433791, 8 
1719906941470.00, -67, -433790, 13 
1719906941492.00, 593, -433791, 10 
1719906941512.00, 0, -433782, 7 
1719906941534.00, 0, -433780, 18 
1719906941555.00, 1084, -433779, 22 
1719906941577.00, 1994, -433756, 28 
1719906941598.00, 2867, -433712, 35 
1719906941620.00, 3763, -433653, 23 
1719906941641.00, 3635, -433572, 26 
1719906941663.00, 3733, -433492, 27 
1719906941684.00, 3773, -433411, 32 
1719906941706.00, 4052, -433332, 29 
1719906941727.00, 4135, -433243, 32 
1719906941749.00, 4455, -433150, 42 
1719906941770.00, 5183, -433055, 58 
1719906941792.00, 6487, -432946, 60 
1719906941813.00, 7464, -432807, 50 
1719906941834.00, 7378, -432641, 50 
1719906941856.00, 7362, -432484, 60 
1719906941877.00, 4335, -432331, 68 
1719906941899.00, 2635, -432235, 73 
1719906941920.00, 1500, -432179, 69 
1719906941941.00, 796, -432147, 66 
1719906941963.00, 375, -432129, 60 
1719906941984.00, 133, -432119, 60 
1719906942005.00, 31, -432116, 55 
1719906942027.00, 10, -432116, 50 
1719906942048.00, 0, -432115, 52 
1719906942069.00, 0, -432115, 54 
1719906942090.00, 0, -432114, 50 
1719906942112.00, -1, -432114, 47 
1719906942132.00, 0, -432114, 51 
1719906942153.00, 0, -432113, 55 
1719906942175.00, 56, -432111, 53 
1719906942196.00, 0, -432113, 38 
1719906942217.00, 0, -432113, 21 
1719906942238.00, -45, -432113, 22 
1719906942260.00, -16, -432113, 25 
1719906942281.00, 0, -432115, 32 
1719906942302.00, 0, -432113, 39 
1719906942323.00, 0, -432112, 46 
1719906942344.00, 0, -432113, 46 
1719906942365.00, 0, -432112, 57 
1719906942386.00, 0, -432112, 61 
1719906942407.00, 0, -432112, 67 
1719906942431.00, 0, -432109, 76 
1719906942449.00, 0, -432106, 83 
1719906942471.00, 0, -432107, 80 
1719906942490.00, 0, -432106, 79 
1719906942512.00, 0, -432106, 83 
1719906942534.00, 35, -432106, 83 
1719906942555.00, 0, -432106, 78 
1719906942576.00, 0, -432106, 74 
1719906942598.00, 0, -432109, 66 
1719906942618.00, 13, -432109, 56 
1719906942639.00, 0, -432109, 52 
1719906942661.00, 20, -432110, 53 
1719906942682.00, -32, -432109, 51 
1719906942704.00, -32, -432107, 54 
1719906942725.00, 47, -432109, 58 
1719906942746.00, 5, -432109, 57 
1719906942767.00, 0, -432109, 54 
1719906942789.00, 0, -432109, 49 
1719906942809.00, 0, -432109, 45 
1719906942830.00, 0, -432110, 42 
1719906942852.00, 0, -432112, 40 
1719906942873.00, 0, -432112, 38 
1719906942894.00, 0, -432112, 37 
1719906942915.00, 0, -432113, 30 
1719906942936.00, 0, -432114, 23 
1719906942957.00, 0, -432114, 22 
1719906942983.00, 0, -432115, 24 
1719906942999.00, 0, -432114, 27 
1719906943020.00, 0, -432114, 27 
1719906943041.00, 0, -432114, 24 
1719906943062.00, 0, -432115, 19 
1719906943090.00, 0, -432115, 13 
1719906943105.00, 0, -432116, 11 
1719906943126.00, 0, -432115, 10 
1719906943146.00, 0, -432116, 11 
1719906943168.00, 0, -432115, 12 
1719906943189.00, 0, -432115, 11 
1719906943211.00, 0, -432116, 9 
1719906943231.00, 0, -432116, 5 
1719906943252.00, 0, -432116, 1 
1719906943274.00, 0, -432116, 1 
1719906943295.00, 0, -432116, 2 
1719906943316.00, 0, -432116, 3 
1719906943336.00, 0, -432116, 3 
1719906943358.00, 0, -432116, 2 
1719906943379.00, 0, -432116, 1 
1719906943400.00, 0, -432116, 0 
1719906943421.00, 0, -432117, 0 
1719906943442.00, -19, -432117, -7 
1719906943463.00, 0, -432117, -7 
1719906943484.00, 0, -432118, -15 
1719906943505.00, -153, -432119, -32 
1719906943529.00, -1924, -432126, -49 
1719906943548.00, -4084, -432163, -52 
1719906943570.00, -5658, -432247, -50 
1719906943591.00, -6272, -432367, -61 
1719906943613.00, -7276, -432498, -64 
1719906943638.00, -8360, -432655, -81 
1719906943655.00, -9816, -432834, -105 
1719906943677.00, -12072, -433047, -109 
1719906943700.00, -13631, -433309, -117 
1719906943720.00, -15553, -433602, -131 
1719906943742.00, -17002, -433933, -144 
1719906943764.00, -18952, -434306, -155 
1719906943786.00, -20619, -434719, -169 
1719906943807.00, -22212, -435161, -181 
1719906943829.00, -23879, -435643, -171 
1719906943853.00, -24580, -436155, -170 
1719906943872.00, -24790, -436684, -181 
1719906943894.00, -25278, -437221, -186 
1719906943915.00, -25899, -437781, -184 
1719906943937.00, -26552, -438349, -192 
1719906943958.00, -27103, -438916, -200 
1719906943981.00, -27690, -439503, -187 
1719906944002.00, -27552, -440102, -176 
1719906944023.00, -26949, -440704, -178 
1719906944045.00, -26616, -441293, -184 
1719906944067.00, -26473, -441866, -167 
1719906944089.00, -25582, -442439, -153 
1719906944110.00, -24425, -442992, -155 
1719906944131.00, -23662, -443521, -157 
1719906944153.00, -23653, -444035, -151 
1719906944175.00, -23053, -444548, -145 
1719906944197.00, -22035, -445043, -145 
1719906944219.00, -21560, -445517, -141 
1719906944240.00, -20956, -445980, -131 
1719906944261.00, -20148, -446438, -139 
1719906944283.00, -20244, -446875, -152 
1719906944305.00, -21220, -447310, -159 
1719906944326.00, -21677, -447768, -153 
1719906944348.00, -21707, -448237, -145 
1719906944369.00, -21250, -448705, -132 
1719906944392.00, -20201, -449160, -115 
1719906944413.00, -18556, -449602, -113 
1719906944435.00, -17576, -450007, -101 
1719906944456.00, -16366, -450388, -95 
1719906944478.00, -15088, -450744, -82 
1719906944499.00, -13505, -451076, -76 
1719906944521.00, -12265, -451370, -66 
1719906944543.00, -10878, -451635, -59 
1719906944564.00, -9608, -451870, -65 
1719906944585.00, -9403, -452078, -68 
1719906944607.00, -9426, -452275, -67 
1719906944628.00, -9200, -452477, -63 
1719906944649.00, -8700, -452677, -63 
1719906944671.00, -8813, -452872, -61 
1719906944693.00, -8636, -453053, -66 
1719906944714.00, -8688, -453242, -68 
1719906944736.00, -8820, -453429, -65 
1719906944757.00, -8995, -453621, -62 
1719906944778.00, -8905, -453813, -64 
1719906944800.00, -8869, -454005, -70 
1719906944822.00, -9011, -454201, -74 
1719906944843.00, -9298, -454397, -73 
1719906944864.00, -9623, -454600, -81 
1719906944886.00, -10374, -454807, -84 
1719906944908.00, -10791, -455026, -87 
1719906944929.00, -11352, -455259, -92 
1719906944952.00, -11880, -455501, -102 
1719906944972.00, -12852, -455762, -112 
1719906944994.00, -13934, -456040, -119 
1719906945016.00, -15197, -456344, -121 
1719906945037.00, -16169, -456672, -129 
1719906945059.00, -17024, -457022, -133 
1719906945080.00, -17812, -457396, -145 
1719906945102.00, -19346, -457785, -150 
1719906945124.00, -20091, -458196, -146 
1719906945145.00, -20321, -458627, -146 
1719906945167.00, -20661, -459070, -158 
1719906945189.00, -21358, -459519, -184 
1719906945210.00, -23323, -459984, -203 
1719906945232.00, -25813, -460498, -205 
1719906945253.00, -27393, -461060, -219 
1719906945275.00, -29364, -461648, -243 
1719906945297.00, -31757, -462271, -265 
1719906945318.00, -34569, -462959, -286 
1719906945340.00, -37380, -463706, -300 
1719906945362.00, -39987, -464524, -321 
1719906945385.00, -42313, -465377, -333 
1719906945405.00, -43708, -466292, -355 
1719906945427.00, -43726, -467246, -375 
1719906945448.00, -43910, -468189, -331 
1719906945470.00, -43604, -469144, -470 
1719906945492.00, -43531, -470093, -428 
1719906945513.00, -43858, -471048, -455 
1719906945535.00, -43802, -471987, -494 
1719906945557.00, -43553, -472931, -511 
1719906945578.00, -43563, -473888, -528 
1719906945601.00, -43779, -474834, -552 
1719906945622.00, -43711, -475777, -567 
1719906945643.00, -43642, -476735, -603 
1719906945665.00, -43674, -477694, -686 
1719906945687.00, -43740, -478635, -695 
1719906945708.00, -43689, -479579, -715 
1719906945730.00, -43775, -480533, -745 
1719906945751.00, -43677, -481481, -783 
1719906945773.00, -43610, -482423, -793 
1719906945795.00, -43657, -483376, -816 
1719906945817.00, -43780, -484332, -846 
1719906945838.00, -43948, -485275, -867 
1719906945859.00, -43394, -486220, -874 
1719906945881.00, -43633, -487178, -896 
1719906945903.00, -43659, -488114, -919 
1719906945924.00, -43753, -489054, -922 
1719906945946.00, -43711, -490006, -936 
1719906945968.00, -43865, -490956, -950 
1719906945990.00, -43511, -491902, -942 
1719906946011.00, -43542, -492849, -931 
1719906946033.00, -43647, -493800, -927 
1719906946054.00, -43535, -494734, -907 
1719906946076.00, -43734, -495675, -885 
1719906946098.00, -43826, -496624, -881 
1719906946119.00, -43554, -497574, -884 
1719906946141.00, -43458, -498511, -866 
1719906946163.00, -43630, -499460, -867 
1719906946184.00, -43796, -500414, -878 
1719906946206.00, -43546, -501354, -875 
1719906946227.00, -43701, -502297, -856 
1719906946249.00, -43732, -503251, -852 
1719906946271.00, -43566, -504197, -860 
1719906946293.00, -43808, -505132, -852 
1719906946313.00, -43703, -506079, -849 
1719906946336.00, -43558, -507031, -851 
1719906946357.00, -43782, -507973, -853 
1719906946379.00, -43675, -508917, -840 
1719906946401.00, -43486, -509874, -843 
1719906946422.00, -43630, -510816, -843 
1719906946444.00, -43646, -511752, -837 
1719906946465.00, -43766, -512699, -826 
1719906946487.00, -43686, -513650, -818 
1719906946509.00, -43618, -514587, -808 
1719906946531.00, -43528, -515534, -806 
1719906946552.00, -43663, -516491, -804 
1719906946573.00, -43689, -517435, -804 
1719906946595.00, -43635, -518375, -788 
1719906946617.00, -43586, -519326, -781 
1719906946639.00, -43648, -520275, -785 
1719906946660.00, -43653, -521209, -778 
1719906946682.00, -43498, -522153, -766 
1719906946703.00, -43709, -523110, -770 
1719906946725.00, -43668, -524050, -770 
1719906946747.00, -43622, -524989, -749 
1719906946768.00, -43760, -525943, -738 
1719906946790.00, -43802, -526891, -742 
1719906946815.00, -43463, -527828, -731 
1719906946833.00, -43663, -528775, -722 
1719906946855.00, -43755, -529726, -727 
1719906946877.00, -43550, -530664, -734 
1719906946898.00, -43615, -531607, -729 
1719906946922.00, -43755, -532561, -721 
1719906946941.00, -43584, -533510, -726 
1719906946963.00, -43831, -534453, -723 
1719906946985.00, -43759, -535398, -719 
1719906947007.00, -43680, -536354, -714 
1719906947030.00, -43615, -537289, -709 
1719906947050.00, -43775, -538227, -700 
1719906947071.00, -43560, -539181, -701 
1719906947093.00, -43557, -540127, -704 
1719906947114.00, -43713, -541069, -702 
1719906947136.00, -43591, -542018, -700 
1719906947158.00, -43644, -542969, -704 
1719906947180.00, -43697, -543911, -705 
1719906947201.00, -43636, -544851, -697 
1719906947222.00, -43756, -545802, -703 
1719906947246.00, -43715, -546748, -708 
1719906947266.00, -43601, -547685, -696 
1719906947288.00, -43481, -548638, -695 
1719906947309.00, -43666, -549595, -704 
1719906947331.00, -43646, -550528, -689 
1719906947354.00, -43605, -551472, -666 
1719906947374.00, -43771, -552426, -678 
1719906947396.00, -43713, -553368, -689 
1719906947417.00, -43633, -554308, -675 
1719906947439.00, -43679, -555254, -655 
1719906947461.00, -43697, -556204, -657 
1719906947482.00, -43570, -557144, -662 
1719906947504.00, -43584, -558088, -649 
1719906947525.00, -43704, -559041, -646 
1719906947547.00, -43688, -559983, -650 
1719906947570.00, -43776, -560924, -643 
1719906947590.00, -43702, -561873, -641 
1719906947612.00, -43468, -562817, -632 
1719906947634.00, -43661, -563756, -624 
1719906947655.00, -43802, -564699, -612 
1719906947677.00, -43491, -565652, -600 
1719906947699.00, -43516, -566599, -595 
1719906947720.00, -43552, -567537, -586 
1719906947742.00, -43529, -568486, -571 
1719906947763.00, -43609, -569433, -603 
1719906947784.00, -43684, -570366, -581 
1719906947807.00, -43649, -571311, -577 
1719906947829.00, -43695, -572264, -568 
1719906947850.00, -43621, -573203, -555 
1719906947871.00, -43570, -574153, -548 
1719906947893.00, -43684, -575104, -548 
1719906947915.00, -43681, -576050, -565 
1719906947937.00, -43598, -576982, -543 
1719906947958.00, -43619, -577926, -507 
1719906947980.00, -43760, -578878, -510 
1719906948001.00, -43664, -579810, -486 
1719906948022.00, -43523, -580759, -443 
1719906948044.00, -43644, -581707, -414 
1719906948066.00, -43560, -582654, -411 
1719906948088.00, -43640, -583586, -381 
1719906948110.00, -43676, -584535, -353 
1719906948131.00, -43648, -585482, -328 
1719906948153.00, -43683, -586418, -328 
1719906948174.00, -43670, -587362, -287 
1719906948196.00, -42194, -588309, -280 
1719906948218.00, -40762, -589222, -279 
1719906948239.00, -39974, -590104, -264 
1719906948261.00, -38476, -590971, -239 
1719906948283.00, -36392, -591810, -239 
1719906948304.00, -35044, -592598, -252 
1719906948325.00, -35055, -593354, -250 
1719906948348.00, -19906, -594108, -254 
1719906948369.00, -10868, -594565, -299 
1719906948390.00, -5368, -594810, -330 
1719906948412.00, -2168, -594935, -357 
1719906948433.00, -253, -594988, -389 
1719906948455.00, 97, -594998, -428 
1719906948477.00, 764, -594998, -427 
1719906948498.00, 1215, -594987, -434 
1719906948519.00, 1651, -594963, -464 
1719906948542.00, 1894, -594929, -477 
1719906948564.00, 1938, -594889, -487 
1719906948585.00, 2031, -594846, -493 
1719906948606.00, 2274, -594801, -480 
1719906948628.00, 2339, -594752, -433 
1719906948650.00, 2225, -594698, -362 
1719906948672.00, 2136, -594646, -298 
1719906948692.00, 2199, -594593, -225 
1719906948715.00, 2171, -594538, -128 
1719906948736.00, 2155, -594484, -17 
1719906948757.00, 2230, -594433, 65 
1719906948779.00, 6025, -594371, 161 
1719906948800.00, 14055, -594230, 292 
1719906948823.00, 26212, -593926, 367 
1719906948844.00, 35397, -593361, 368 
1719906948866.00, 40571, -592595, 630 
1719906948888.00, 43357, -591718, 715 
1719906948909.00, 43857, -590771, 782 
1719906948931.00, 43844, -589821, 803 
1719906948952.00, 43907, -588876, 844 
1719906948973.00, 43660, -587920, 961 
1719906948995.00, 43608, -586966, 986 
1719906949017.00, 43953, -586021, 1010 
1719906949039.00, 43795, -585073, 1036 
1719906949061.00, 43727, -584114, 1074 
1719906949082.00, 43578, -583163, 1103 
1719906949105.00, 43651, -582212, 1129 
1719906949126.00, 43843, -581261, 1108 
1719906949147.00, 43854, -580309, 1088 
1719906949169.00, 43584, -579361, 1091 
1719906949191.00, 43833, -578412, 1083 
1719906949213.00, 43700, -577456, 1117 
1719906949235.00, 43602, -576507, 1142 
1719906949256.00, 43641, -575563, 1150 
1719906949277.00, 43773, -574611, 1140 
1719906949300.00, 43671, -573653, 1141 
1719906949325.00, 43752, -572706, 1161 
1719906949343.00, 43665, -571751, 1164 
1719906949365.00, 43599, -570798, 1178 
1719906949387.00, 43621, -569850, 1199 
1719906949410.00, 43924, -568906, 1190 
1719906949435.00, 43677, -567951, 1183 
1719906949452.00, 43654, -566996, 1203 
1719906949474.00, 43369, -566054, 1198 
1719906949496.00, 43709, -565097, 1207 
1719906949517.00, 43812, -564141, 1243 
1719906949543.00, 43647, -563195, 1233 
1719906949560.00, 43429, -562255, 1193 
1719906949582.00, 43552, -561301, 1175 
1719906949604.00, 43485, -560355, 1167 
1719906949626.00, 43467, -559415, 1125 
1719906949650.00, 43672, -558466, 1132 
1719906949669.00, 43717, -557511, 1171 
1719906949691.00, 43704, -556565, 1142 
1719906949713.00, 43554, -555622, 1110 
1719906949734.00, 43498, -554665, 1111 
1719906949762.00, 43658, -553715, 1116 
1719906949778.00, 43733, -552779, 1093 
1719906949800.00, 43556, -551830, 1036 
1719906949821.00, 43587, -550874, 1030 
1719906949843.00, 43702, -549923, 1080 
1719906949870.00, 43707, -548979, 1059 
1719906949886.00, 43607, -548025, 1034 
1719906949908.00, 43603, -547071, 1044 
1719906949930.00, 43783, -546129, 1047 
1719906949952.00, 43691, -545173, 1055 
1719906949974.00, 43550, -544223, 1062 
1719906949995.00, 43520, -543275, 1099 
1719906950017.00, 43816, -542329, 1091 
1719906950039.00, 43854, -541371, 1076 
1719906950060.00, 43557, -540419, 1091 
1719906950082.00, 43436, -539476, 1077 
1719906950104.00, 43564, -538524, 1057 
1719906950125.00, 43610, -537577, 1030 
1719906950147.00, 43801, -536638, 1015 
1719906950168.00, 43841, -535688, 1062 
1719906950191.00, 43702, -534730, 1078 
1719906950212.00, 43780, -533778, 1066 
1719906950234.00, 43697, -532832, 1082 
1719906950256.00, 43510, -531873, 1105 
1719906950278.00, 43742, -530922, 1066 
1719906950300.00, 43833, -529978, 1089 
1719906950321.00, 43762, -529025, 1139 
1719906950343.00, 43642, -528069, 1158 
1719906950365.00, 43418, -527121, 1185 
1719906950386.00, 43545, -526175, 1203 
1719906950408.00, 43789, -525222, 1183 
1719906950430.00, 43626, -524274, 1173 
1719906950451.00, 43479, -523327, 1178 
1719906950473.00, 43592, -522376, 1184 
1719906950495.00, 43601, -521423, 1180 
1719906950517.00, 43667, -520475, 1198 
1719906950538.00, 43836, -519531, 1196 
1719906950560.00, 43778, -518579, 1155 
1719906950581.00, 43776, -517625, 1172 
1719906950603.00, 43427, -516681, 1196 
1719906950625.00, 43521, -515723, 1178 
1719906950647.00, 43680, -514770, 1213 
1719906950668.00, 43930, -513823, 1232 
1719906950690.00, 43706, -512872, 1247 
1719906950712.00, 43549, -511919, 1275 
1719906950734.00, 43534, -510972, 1247 
1719906950756.00, 43580, -510027, 1273 
1719906950777.00, 43763, -509070, 1307 
1719906950799.00, 43682, -508120, 1300 
1719906950821.00, 43605, -507172, 1305 
1719906950843.00, 43760, -506220, 1318 
1719906950864.00, 43640, -505264, 1338 
1719906950886.00, 43528, -504317, 1345 
1719906950908.00, 43798, -503374, 1344 
1719906950929.00, 43778, -502421, 1366 
1719906950950.00, 43786, -501467, 1369 
1719906950973.00, 43560, -500519, 1389 
1719906950994.00, 43422, -499565, 1410 
1719906951016.00, 43667, -498610, 1407 
1719906951038.00, 43875, -497664, 1429 
1719906951059.00, 43592, -496718, 1435 
1719906951081.00, 43575, -495761, 1426 
1719906951102.00, 43435, -494813, 1439 
1719906951125.00, 43608, -493872, 1435 
1719906951146.00, 43696, -492924, 1420 
1719906951168.00, 43634, -491971, 1409 
1719906951190.00, 43518, -491019, 1410 
1719906951212.00, 43509, -490075, 1420 
1719906951233.00, 43465, -489118, 1392 
1719906951256.00, 43637, -488172, 1410 
1719906951277.00, 43621, -487231, 1418 
1719906951299.00, 43863, -486281, 1400 
1719906951320.00, 43674, -485326, 1412 
1719906951342.00, 43613, -484376, 1414 
1719906951364.00, 43575, -483426, 1411 
1719906951386.00, 43667, -482470, 1404 
1719906951408.00, 43769, -481520, 1412 
1719906951429.00, 43726, -480578, 1395 
1719906951451.00, 43496, -479626, 1382 
1719906951473.00, 43630, -478677, 1346 
1719906951494.00, 43730, -477733, 1364 
1719906951516.00, 43666, -476782, 1348 
1719906951538.00, 43758, -475828, 1334 
1719906951559.00, 43837, -474875, 1355 
1719906951581.00, 43697, -473931, 1365 
1719906951602.00, 43571, -472971, 1379 
1719906951625.00, 43465, -472024, 1361 
1719906951646.00, 43794, -471082, 1369 
1719906951668.00, 43877, -470131, 1363 
1719906951690.00, 43645, -469182, 1336 
1719906951712.00, 43581, -468232, 1301 
1719906951733.00, 43618, -467285, 1311 
1719906951755.00, 43564, -466329, 1294 
1719906951777.00, 43650, -465376, 1287 
1719906951798.00, 43771, -464436, 1273 
1719906951820.00, 43673, -463478, 1276 
1719906951842.00, 43755, -462528, 1274 
1719906951863.00, 43564, -461586, 1251 
1719906951885.00, 43447, -460640, 1251 
1719906951907.00, 43613, -459686, 1240 
1719906951929.00, 43797, -458740, 1200 
1719906951951.00, 43543, -457794, 1183 
1719906951972.00, 43503, -456840, 1160 
1719906951994.00, 43487, -455893, 1141 
1719906952016.00, 43647, -454951, 1100 
1719906952037.00, 43645, -454011, 1048 
1719906952059.00, 43659, -453057, 1058 
1719906952081.00, 43682, -452112, 984 
1719906952102.00, 43529, -451168, 1000 
1719906952124.00, 43310, -450211, 962 
1719906952146.00, 43581, -449268, 925 
1719906952167.00, 43564, -448331, 921 
1719906952189.00, 43423, -447390, 890 
1719906952211.00, 43557, -446447, 829 
1719906952232.00, 43395, -445510, 767 
1719906952255.00, 43472, -444579, 672 
1719906952279.00, 43275, -443637, 562 
1719906952297.00, 43347, -442699, 472 
1719906952319.00, 43433, -441766, 407 
1719906952340.00, 43504, -440827, 313 
1719906952361.00, 43577, -439892, 220 
1719906952387.00, 37996, -438964, 111 
1719906952405.00, 28377, -438149, 45 
1719906952426.00, 18223, -437529, -6 
1719906952448.00, 9488, -437126, -84 
1719906952469.00, -59, -436909, -135 
1719906952496.00, -8916, -436901, -165 
1719906952513.00, -16698, -437078, -146 
1719906952534.00, -19565, -437446, -395 
1719906952556.00, -31384, -437875, -353 
1719906952578.00, -38529, -438540, -385 
1719906952604.00, -42643, -439357, -413 
1719906952621.00, -43830, -440280, -462 
1719906952642.00, -43653, -441235, -485 
1719906952664.00, -43729, -442184, -515 
1719906952686.00, -43814, -443126, -517 
1719906952709.00, -43715, -444083, -556 
1719906952731.00, -43718, -445037, -594 
1719906952750.00, -43693, -445977, -613 
1719906952773.00, -43623, -446924, -628 
1719906952794.00, -43806, -447877, -662 
1719906952817.00, -43707, -448821, -687 
1719906952837.00, -43669, -449767, -698 
1719906952859.00, -43635, -450719, -709 
1719906952881.00, -43754, -451676, -722 
1719906952902.00, -43728, -452616, -733 
1719906952928.00, -43614, -453560, -734 
1719906952945.00, -43569, -454515, -740 
1719906952967.00, -43750, -455458, -760 
1719906952989.00, -43742, -456397, -745 
1719906953011.00, -43458, -457351, -758 
1719906953031.00, -43788, -458302, -765 
1719906953054.00, -43715, -459242, -772 
1719906953075.00, -43595, -460190, -770 
1719906953097.00, -43758, -461144, -766 
1719906953118.00, -43823, -462084, -770 
1719906953140.00, -43460, -463024, -764 
1719906953162.00, -43631, -463979, -771 
1719906953184.00, -43864, -464927, -772 
1719906953205.00, -43636, -465864, -764 
1719906953227.00, -43593, -466816, -757 
1719906953249.00, -43735, -467772, -758 
1719906953270.00, -43759, -468712, -756 
1719906953292.00, -43809, -469654, -749 
1719906953313.00, -43716, -470609, -751 
1719906953335.00, -43748, -471557, -752 
1719906953357.00, -43691, -472489, -737 
1719906953378.00, -43751, -473441, -735 
1719906953400.00, -43715, -474395, -726 
1719906953422.00, -43664, -475334, -728 
1719906953443.00, -43643, -476280, -743 
1719906953465.00, -43766, -477237, -743 
1719906953487.00, -43597, -478184, -742 
1719906953508.00, -43637, -479123, -736 
1719906953530.00, -43716, -480072, -750 
1719906953552.00, -43772, -481022, -751 
1719906953573.00, -43646, -481959, -746 
1719906953594.00, -43778, -482907, -740 
1719906953616.00, -43753, -483867, -758 
1719906953638.00, -43606, -484813, -767 
1719906953660.00, -43760, -485752, -756 
1719906953681.00, -43848, -486705, -771 
1719906953703.00, -43787, -487653, -774 
1719906953725.00, -43516, -488592, -770 
1719906953746.00, -43605, -489537, -771 
1719906953768.00, -43845, -490493, -776 
1719906953789.00, -43588, -491439, -791 
1719906953811.00, -43643, -492380, -792 
1719906953832.00, -43756, -493337, -795 
1719906953855.00, -43645, -494284, -799 
1719906953876.00, -43541, -495223, -805 
1719906953897.00, -43747, -496169, -804 
1719906953919.00, -43826, -497124, -808 
1719906953941.00, -43523, -498061, -814 
1719906953963.00, -43788, -499005, -804 
1719906953984.00, -43670, -499965, -807 
1719906954006.00, -43539, -500914, -816 
1719906954028.00, -43526, -501855, -818 
1719906954049.00, -43808, -502805, -821 
1719906954071.00, -43606, -503758, -825 
1719906954093.00, -43811, -504696, -832 
1719906954114.00, -43654, -505640, -827 
1719906954140.00, -43679, -506592, -833 
1719906954157.00, -43520, -507539, -843 
1719906954179.00, -43820, -508480, -839 
1719906954201.00, -43706, -509433, -847 
1719906954222.00, -43787, -510385, -859 
1719906954244.00, -43563, -511325, -889 
1719906954266.00, -43714, -512267, -878 
1719906954287.00, -43623, -513221, -895 
1719906954309.00, -43531, -514165, -912 
1719906954331.00, -43635, -515101, -889 
1719906954353.00, -43733, -516055, -901 
1719906954373.00, -43413, -517009, -895 
1719906954396.00, -43645, -517951, -892 
1719906954417.00, -43637, -518893, -910 
1719906954438.00, -43676, -519844, -913 
1719906954462.00, -43739, -520785, -920 
1719906954482.00, -43643, -521725, -909 
1719906954503.00, -43556, -522679, -908 
1719906954525.00, -43591, -523628, -916 
1719906954547.00, -43621, -524566, -909 
1719906954571.00, -43492, -525512, -907 
1719906954590.00, -43592, -526468, -901 
1719906954612.00, -43843, -527405, -906 
1719906954633.00, -43724, -528345, -900 
1719906954654.00, -43604, -529295, -907 
1719906954677.00, -43723, -530245, -916 
1719906954698.00, -43456, -531180, -903 
1719906954720.00, -43645, -532127, -896 
1719906954741.00, -43820, -533081, -892 
1719906954763.00, -43371, -534020, -890 
1719906954786.00, -43457, -534966, -886 
1719906954807.00, -43618, -535918, -896 
1719906954828.00, -43498, -536860, -896 
1719906954850.00, -43675, -537796, -884 
1719906954871.00, -43800, -538742, -876 
1719906954893.00, -43560, -539696, -885 
1719906954914.00, -43529, -540637, -888 
1719906954936.00, -43628, -541576, -885 
1719906954958.00, -43548, -542531, -886 
1719906954980.00, -43637, -543475, -882 
1719906955001.00, -43743, -544414, -881 
1719906955023.00, -43562, -545361, -876 
1719906955045.00, -43752, -546310, -877 
1719906955065.00, -43645, -547251, -883 
1719906955088.00, -43611, -548197, -880 
1719906955109.00, -43599, -549152, -876 
1719906955131.00, -43790, -550096, -869 
1719906955152.00, -43482, -551037, -859 
1719906955174.00, -43571, -551985, -849 
1719906955196.00, -43669, -552931, -853 
1719906955217.00, -43694, -553871, -862 
1719906955239.00, -43620, -554815, -860 
1719906955260.00, -43882, -555767, -853 
1719906955282.00, -43587, -556710, -855 
1719906955304.00, -43544, -557652, -856 
1719906955326.00, -43651, -558604, -865 
1719906955347.00, -43642, -559552, -877 
1719906955368.00, -43599, -560491, -876 
1719906955391.00, -43795, -561435, -864 
1719906955412.00, -43556, -562390, -862 
1719906955433.00, -43322, -563328, -861 
1719906955456.00, -43503, -564263, -842 
1719906955477.00, -43635, -565214, -814 
1719906955499.00, -43578, -566159, -792 
1719906955520.00, -43662, -567099, -755 
1719906955542.00, -43670, -568045, -730 
1719906955564.00, -43648, -568998, -733 
1719906955585.00, -43757, -569934, -719 
1719906955607.00, -43750, -570872, -680 
1719906955629.00, -43594, -571823, -682 
1719906955650.00, -43796, -572770, -677 
1719906955672.00, -43786, -573712, -661 
1719906955693.00, -43551, -574660, -640 
1719906955715.00, -43578, -575614, -632 
1719906955737.00, -43634, -576543, -592 
1719906955758.00, -43673, -577483, -564 
1719906955780.00, -43604, -578433, -538 
1719906955801.00, -43435, -579371, -482 
1719906955823.00, -43471, -580306, -430 
1719906955844.00, -43787, -581254, -409 
1719906955867.00, -43645, -582201, -376 
1719906955888.00, -43535, -583134, -331 
1719906955910.00, -43568, -584079, -311 
1719906955931.00, -43453, -585030, -320 
1719906955953.00, -43415, -585966, -261 
1719906955974.00, -40676, -586903, -227 
1719906955998.00, -36926, -587787, -230 
1719906956018.00, -34784, -588589, -219 
1719906956039.00, -32935, -589335, -188 
1719906956061.00, -29859, -590045, -173 
1719906956083.00, -27091, -590697, -163 
1719906956106.00, -24824, -591290, -150 
1719906956126.00, -22659, -591831, -113 
1719906956148.00, -19259, -592321, -76 
1719906956169.00, -14774, -592732, -20 
1719906956191.00, -7896, -593054, 33 
1719906956212.00, -1624, -593219, 70 
1719906956234.00, 3734, -593257, 132 
1719906956255.00, 10873, -593190, 186 
1719906956277.00, 18526, -592957, 229 
1719906956297.00, 25636, -592564, 266 
1719906956323.00, 32365, -592015, 303 
1719906956341.00, 38473, -591316, 345 
1719906956363.00, 42771, -590490, 330 
1719906956385.00, 43446, -589562, 489 
1719906956407.00, 43567, -588627, 413 
1719906956428.00, 43796, -587674, 419 
1719906956449.00, 43665, -586726, 410 
1719906956472.00, 43676, -585784, 456 
1719906956493.00, 43813, -584832, 484 
1719906956515.00, 43711, -583882, 505 
1719906956537.00, 43702, -582933, 549 
1719906956558.00, 43732, -581988, 590 
1719906956580.00, 43763, -581030, 616 
1719906956602.00, 43773, -580080, 635 
1719906956622.00, 43802, -579135, 656 
1719906956644.00, 43780, -578189, 664 
1719906956666.00, 43753, -577239, 676 
1719906956688.00, 43669, -576295, 691 
1719906956710.00, 43732, -575353, 702 
1719906956731.00, 43817, -574402, 712 
1719906956753.00, 43680, -573448, 726 
1719906956774.00, 43486, -572505, 750 
1719906956796.00, 43606, -571557, 776 
1719906956818.00, 43639, -570605, 790 
1719906956839.00, 43559, -569667, 793 
1719906956861.00, 43834, -568723, 811 
1719906956883.00, 43709, -567772, 842 
1719906956904.00, 43491, -566819, 863 
1719906956926.00, 43683, -565879, 875 
1719906956947.00, 43737, -564927, 883 
1719906956969.00, 43486, -563974, 902 
1719906956991.00, 43555, -563033, 911 
1719906957013.00, 43746, -562093, 892 
1719906957034.00, 43527, -561144, 887 
1719906957055.00, 43590, -560197, 896 
1719906957076.00, 43765, -559260, 899 
1719906957098.00, 43619, -558310, 913 
1719906957121.00, 43581, -557354, 941 
1719906957142.00, 43746, -556415, 937 
1719906957163.00, 43841, -555469, 926 
1719906957186.00, 43592, -554518, 946 
1719906957207.00, 43756, -553569, 956 
1719906957229.00, 43720, -552634, 949 
1719906957250.00, 43620, -551677, 983 
1719906957272.00, 43578, -550731, 997 
1719906957294.00, 43620, -549791, 974 
1719906957315.00, 43591, -548847, 978 
1719906957337.00, 43668, -547889, 996 
1719906957359.00, 43720, -546945, 1004 
1719906957381.00, 43787, -546000, 1016 
1719906957403.00, 43541, -545041, 1040 
1719906957423.00, 43658, -544092, 1050 
1719906957446.00, 43868, -543146, 1063 
1719906957467.00, 43875, -542198, 1067 
1719906957489.00, 43596, -541237, 1083 
1719906957511.00, 43586, -540284, 1120 
1719906957533.00, 43748, -539336, 1145 
1719906957555.00, 43698, -538382, 1147 
1719906957576.00, 43685, -537431, 1160 
1719906957598.00, 43771, -536489, 1156 
1719906957620.00, 43699, -535537, 1166 
1719906957641.00, 43783, -534581, 1177 
1719906957662.00, 43499, -533628, 1195 
1719906957685.00, 43568, -532681, 1207 
1719906957706.00, 43802, -531725, 1227 
1719906957727.00, 43822, -530773, 1232 
1719906957750.00, 43713, -529831, 1252 
1719906957772.00, 43697, -528875, 1276 
1719906957793.00, 43518, -527922, 1298 
1719906957815.00, 43738, -526971, 1320 
1719906957837.00, 43906, -526027, 1321 
1719906957859.00, 43460, -525070, 1336 
1719906957880.00, 43445, -524117, 1355 
1719906957902.00, 43474, -523177, 1367 
1719906957923.00, 43613, -522223, 1365 
1719906957945.00, 43753, -521272, 1393 
1719906957967.00, 43688, -520327, 1389 
1719906957989.00, 43700, -519382, 1383 
1719906958011.00, 43749, -518426, 1390 
1719906958032.00, 43547, -517473, 1390 
1719906958054.00, 43364, -516529, 1395 
1719906958076.00, 43602, -515574, 1396 
1719906958098.00, 43872, -514621, 1389 
1719906958119.00, 43667, -513680, 1405 
1719906958141.00, 43494, -512730, 1383 
1719906958163.00, 43540, -511776, 1386 
1719906958184.00, 43747, -510831, 1399 
1719906958206.00, 43752, -509889, 1400 
1719906958228.00, 43627, -508931, 1391 
1719906958250.00, 43635, -507980, 1379 
1719906958271.00, 43621, -507033, 1388 
1719906958293.00, 43442, -506087, 1336 
1719906958315.00, 43448, -505142, 1235 
1719906958336.00, 43851, -504198, 1210 
1719906958357.00, 43742, -503251, 1282 
1719906958380.00, 43555, -502293, 1274 
1719906958402.00, 43729, -501345, 1294 
1719906958423.00, 43682, -500394, 1323 
1719906958445.00, 43859, -499437, 1355 
1719906958467.00, 43796, -498481, 1376 
1719906958489.00, 43825, -497533, 1381 
1719906958515.00, 43521, -496587, 1389 
1719906958532.00, 43460, -495630, 1399 
1719906958553.00, 43507, -494682, 1399 
1719906958576.00, 43411, -493746, 1384 
1719906958597.00, 43614, -492792, 1390 
1719906958621.00, 43698, -491843, 1368 
1719906958641.00, 43675, -490893, 1379 
1719906958662.00, 43556, -489944, 1383 
1719906958684.00, 43462, -488991, 1390 
1719906958706.00, 43777, -488039, 1408 
1719906958732.00, 43890, -487101, 1417 
1719906958749.00, 43592, -486142, 1419 
1719906958771.00, 43533, -485192, 1427 
1719906958793.00, 43705, -484242, 1446 
1719906958815.00, 43792, -483292, 1467 
1719906958836.00, 43762, -482339, 1469 
1719906958858.00, 43704, -481387, 1460 
1719906958880.00, 43530, -480444, 1465 
1719906958901.00, 43611, -479491, 1453 
1719906958923.00, 43495, -478544, 1430 
1719906958948.00, 43338, -477600, 1438 
1719906958966.00, 43712, -476653, 1418 
1719906958988.00, 43745, -475702, 1390 
1719906959010.00, 43577, -474752, 1386 
1719906959032.00, 43540, -473808, 1374 
1719906959057.00, 43611, -472853, 1373 
1719906959075.00, 43619, -471907, 1371 
1719906959097.00, 43737, -470966, 1348 
1719906959118.00, 43555, -470013, 1338 
1719906959140.00, 43770, -469062, 1317 
1719906959166.00, 43548, -468113, 1298 
1719906959184.00, 43357, -467167, 1289 
1719906959205.00, 43612, -466212, 1268 
1719906959227.00, 43851, -465261, 1284 
1719906959249.00, 43610, -464319, 1274 
1719906959272.00, 43528, -463366, 1261 
1719906959292.00, 43444, -462416, 1253 
1719906959314.00, 43757, -461474, 1255 
1719906959336.00, 43658, -460527, 1245 
1719906959357.00, 43669, -459575, 1227 
1719906959379.00, 43516, -458623, 1225 
1719906959400.00, 43569, -457677, 1215 
1719906959422.00, 43438, -456723, 1191 
1719906959444.00, 43549, -455778, 1171 
1719906959466.00, 43674, -454835, 1158 
1719906959488.00, 43766, -453890, 1121 
1719906959510.00, 43599, -452943, 1092 
1719906959531.00, 43541, -451991, 1038 
1719906959552.00, 43551, -451047, 998 
1719906959574.00, 43627, -450099, 951 
1719906959596.00, 43614, -449151, 961 
1719906959618.00, 43813, -448209, 949 
1719906959639.00, 43633, -447266, 917 
1719906959661.00, 43576, -446321, 862 
1719906959682.00, 43710, -445379, 848 
1719906959705.00, 43680, -444436, 827 
1719906959725.00, 43667, -443484, 836 
1719906959748.00, 43600, -442540, 832 
1719906959769.00, 43739, -441596, 829 
1719906959791.00, 43649, -440648, 817 
1719906959813.00, 43470, -439703, 800 
1719906959834.00, 43575, -438760, 762 
1719906959856.00, 43593, -437824, 716 
1719906959877.00, 43558, -436870, 744 
1719906959899.00, 43712, -435930, 721 
1719906959921.00, 43559, -434990, 696 
1719906959943.00, 43556, -434036, 700 
1719906959963.00, 43688, -433086, 730 
1719906959986.00, 43605, -432147, 698 
1719906960008.00, 24805, -431209, 684 
1719906960029.00, 13722, -430640, 695 
1719906960050.00, 6954, -430336, 635 
1719906960072.00, 3107, -430176, 648 
1719906960094.00, 611, -430106, 670 
1719906960114.00, -45, -430093, 603 
1719906960136.00, -955, -430096, 521 
1719906960159.00, -1595, -430110, 434 
1719906960179.00, -2122, -430147, 337 
1719906960201.00, -2476, -430192, 249 
1719906960222.00, -2538, -430250, 155 
1719906960244.00, -2534, -430309, 64 
1719906960267.00, -2467, -430372, -24 
1719906960286.00, -3784, -430431, -83 
1719906960307.00, -7874, -430516, -126 
1719906960330.00, -13015, -430692, -186 
1719906960351.00, -19793, -430976, -239 
1719906960378.00, -26558, -431401, -263 
1719906960394.00, -32328, -431973, -238 
1719906960416.00, -34305, -432675, -418 
1719906960438.00, -39643, -433415, -385 
1719906960459.00, -42944, -434279, -445 
1719906960481.00, -43780, -435214, -470 
1719906960502.00, -43787, -436158, -507 
1719906960524.00, -43747, -437107, -534 
1719906960545.00, -43649, -438065, -552 
1719906960567.00, -43881, -439007, -567 
1719906960592.00, -43794, -439952, -600 
1719906960611.00, -43685, -440909, -686 
1719906960633.00, -43625, -441856, -660 
1719906960653.00, -43847, -442796, -692 
1719906960676.00, -43825, -443749, -726 
1719906960697.00, -43552, -444706, -765 
1719906960719.00, -43830, -445647, -788 
1719906960740.00, -43817, -446593, -785 
1719906960762.00, -43656, -447539, -793 
1719906960784.00, -43649, -448487, -820 
1719906960806.00, -43735, -449427, -827 
1719906960827.00, -43856, -450377, -822 
1719906960849.00, -43608, -451335, -832 
1719906960870.00, -43612, -452281, -847 
1719906960892.00, -43770, -453225, -838 
1719906960914.00, -43678, -454175, -842 
1719906960935.00, -43649, -455117, -822 
1719906960956.00, -43730, -456053, -802 
1719906960979.00, -43599, -457004, -804 
1719906961000.00, -43528, -457957, -800 
1719906961023.00, -43547, -458895, -792 
1719906961044.00, -43707, -459839, -786 
1719906961065.00, -43848, -460789, -800 
1719906961087.00, -43776, -461738, -815 
1719906961108.00, -43604, -462672, -801 
1719906961132.00, -43416, -463620, -803 
1719906961152.00, -43628, -464574, -802 
1719906961173.00, -43585, -465511, -799 
1719906961195.00, -43655, -466453, -792 
1719906961217.00, -43831, -467408, -794 
1719906961240.00, -43664, -468354, -802 
1719906961259.00, -43523, -469295, -780 
1719906961281.00, -43640, -470247, -776 
1719906961303.00, -43750, -471195, -773 
1719906961325.00, -43489, -472130, -765 
1719906961346.00, -43730, -473073, -754 
1719906961368.00, -43717, -474028, -750 
1719906961389.00, -43492, -474969, -759 
1719906961411.00, -43619, -475912, -742 
1719906961433.00, -43799, -476866, -750 
1719906961455.00, -43497, -477815, -759 
1719906961476.00, -43769, -478755, -759 
1719906961498.00, -43724, -479698, -772 
1719906961519.00, -43503, -480650, -777 
1719906961540.00, -43509, -481590, -782 
1719906961562.00, -43529, -482528, -775 
1719906961584.00, -43432, -483484, -784 
1719906961606.00, -43726, -484434, -799 
1719906961627.00, -43707, -485375, -817 
1719906961649.00, -43535, -486321, -809 
1719906961671.00, -43613, -487276, -813 
1719906961692.00, -43824, -488212, -821 
1719906961714.00, -43504, -489153, -819 
1719906961737.00, -43586, -490107, -833 
1719906961758.00, -43740, -491054, -840 
1719906961779.00, -43682, -491998, -836 
1719906961801.00, -43633, -492946, -840 
1719906961822.00, -43805, -493900, -845 
1719906961844.00, -43700, -494840, -856 
1719906961866.00, -43665, -495780, -851 
1719906961888.00, -43681, -496736, -862 
1719906961909.00, -43702, -497682, -875 
1719906961931.00, -43514, -498619, -870 
1719906961952.00, -43589, -499569, -865 
1719906961974.00, -43607, -500525, -872 
1719906961996.00, -43705, -501470, -891 
1719906962017.00, -43879, -502413, -891 
1719906962038.00, -43706, -503368, -898 
1719906962061.00, -43717, -504312, -924 
1719906962082.00, -43534, -505247, -914 
1719906962104.00, -43670, -506198, -921 
1719906962125.00, -43875, -507151, -931 
1719906962147.00, -43446, -508093, -952 
1719906962169.00, -43564, -509041, -945 
1719906962190.00, -43747, -509996, -959 
1719906962211.00, -43495, -510937, -996 
1719906962236.00, -43684, -511877, -989 
1719906962255.00, -43850, -512824, -998 
1719906962276.00, -43513, -513774, -1014 
1719906962299.00, -43439, -514718, -1018 
1719906962320.00, -43551, -515667, -1013 
1719906962348.00, -43726, -516629, -1024 
1719906962365.00, -43652, -517572, -1033 
1719906962386.00, -43658, -518520, -1027 
1719906962407.00, -43823, -519477, -1040 
1719906962429.00, -43715, -520428, -1057 
1719906962452.00, -43455, -521368, -1052 
1719906962473.00, -43455, -522322, -1047 
1719906962494.00, -43743, -523277, -1059 
1719906962516.00, -43735, -524220, -1063 
1719906962538.00, -43757, -525170, -1068 
1719906962560.00, -43554, -526130, -1087 
1719906962581.00, -43660, -527077, -1093 
1719906962603.00, -43808, -528019, -1088 
1719906962624.00, -43715, -528969, -1092 
1719906962646.00, -43701, -529928, -1101 
1719906962669.00, -43627, -530871, -1104 
1719906962690.00, -43599, -531816, -1112 
1719906962712.00, -43654, -532777, -1121 
1719906962734.00, -43631, -533727, -1123 
1719906962755.00, -43707, -534674, -1126 
1719906962781.00, -43723, -535628, -1137 
1719906962799.00, -43610, -536585, -1143 
1719906962820.00, -43518, -537524, -1141 
1719906962842.00, -43472, -538472, -1149 
1719906962863.00, -43652, -539430, -1166 
1719906962886.00, -43903, -540373, -1172 
1719906962907.00, -43737, -541319, -1159 
1719906962929.00, -43521, -542280, -1169 
1719906962951.00, -43647, -543234, -1191 
1719906962972.00, -43709, -544171, -1197 
1719906963001.00, -43906, -545122, -1185 
1719906963016.00, -43541, -546078, -1183 
1719906963037.00, -43671, -547024, -1182 
1719906963059.00, -43785, -547970, -1170 
1719906963081.00, -43713, -548927, -1163 
1719906963102.00, -43511, -549878, -1156 
1719906963124.00, -43783, -550823, -1155 
1719906963146.00, -43804, -551772, -1138 
1719906963168.00, -43591, -552727, -1125 
1719906963189.00, -43418, -553668, -1111 
1719906963214.00, -43599, -554618, -1110 
1719906963233.00, -43737, -555569, -1122 
1719906963254.00, -43808, -556518, -1108 
1719906963276.00, -43479, -557462, -1097 
1719906963298.00, -43478, -558415, -1098 
1719906963325.00, -43542, -559366, -1105 
1719906963341.00, -43370, -560306, -1099 
1719906963363.00, -43393, -561253, -1080 
1719906963385.00, -43726, -562208, -1100 
1719906963407.00, -43646, -563150, -1106 
1719906963433.00, -43597, -564093, -1096 
1719906963450.00, -43588, -565051, -1107 
1719906963472.00, -43666, -566009, -1120 
1719906963493.00, -43711, -566951, -1125 
1719906963515.00, -43761, -567903, -1121 
1719906963541.00, -43337, -568861, -1137 
1719906963560.00, -43391, -569805, -1133 
1719906963581.00, -43666, -570742, -1122 
1719906963602.00, -43644, -571692, -1151 
1719906963624.00, -43584, -572652, -1159 
1719906963646.00, -43767, -573590, -1108 
1719906963667.00, -43709, -574544, -1107 
1719906963688.00, -43567, -575503, -1120 
1719906963711.00, -43615, -576440, -1098 
1719906963733.00, -43700, -577385, -1077 
1719906963754.00, -43741, -578337, -1052 
1719906963775.00, -43547, -579286, -1018 
1719906963798.00, -43547, -580228, -971 
1719906963819.00, -43574, -581172, -933 
1719906963841.00, -43577, -582122, -919 
1719906963864.00, -43616, -583060, -901 
1719906963883.00, -43847, -584001, -890 
1719906963906.00, -43714, -584953, -885 
1719906963927.00, -43622, -585899, -880 
1719906963949.00, -43691, -586836, -867 
1719906963971.00, -43744, -587785, -854 
1719906963992.00, -43502, -588737, -863 
1719906964014.00, -43735, -589676, -853 
1719906964036.00, -43668, -590615, -836 
1719906964057.00, -43397, -591568, -825 
1719906964079.00, -43500, -592511, -807 
1719906964100.00, -43477, -593447, -784 
1719906964122.00, -24716, -594388, -762 
1719906964144.00, -13949, -594960, -825 
1719906964165.00, -7188, -595267, -802 
1719906964186.00, -3206, -595428, -770 
1719906964208.00, -848, -595502, -789 
1719906964229.00, 7, -595522, -785 
1719906964251.00, 497, -595524, -768 
1719906964273.00, 1072, -595519, -749 
1719906964294.00, 1560, -595499, -735 
1719906964316.00, 1916, -595466, -699 
1719906964338.00, 1955, -595423, -660 
1719906964359.00, 2074, -595378, -634 
1719906964380.00, 2085, -595331, -602 
1719906964403.00, 2058, -595284, -571 
1719906964424.00, 2042, -595239, -538 
1719906964446.00, 2093, -595193, -510 
1719906964468.00, 2033, -595147, -490 
1719906964489.00, 1974, -595103, -481 
1719906964511.00, 1908, -595058, -465 
1719906964533.00, 1808, -595015, -438 
1719906964554.00, 1742, -594973, -420 
1719906964576.00, 1709, -594935, -416 
1719906964597.00, 1629, -594896, -404 
1719906964619.00, 1676, -594859, -393 
1719906964640.00, 1608, -594822, -378 
1719906964662.00, 1539, -594786, -358 
1719906964683.00, 1483, -594751, -346 
1719906964704.00, 1422, -594719, -341 
1719906964727.00, 1338, -594688, -334 
1719906964749.00, 1276, -594658, -323 
1719906964770.00, 1259, -594631, -314 
1719906964792.00, 1312, -594601, -301 
1719906964814.00, 1266, -594572, -288 
1719906964835.00, 1251, -594544, -276 
1719906964856.00, 1198, -594515, -257 
1719906964878.00, 1117, -594492, -258 
1719906964900.00, 1077, -594467, -253 
1719906964921.00, 1053, -594444, -246 
1719906964943.00, 1075, -594422, -241 
1719906964965.00, 1078, -594398, -234 
1719906964986.00, 1047, -594373, -219 
1719906965008.00, 997, -594350, -213 
1719906965029.00, 961, -594328, -206 
1719906965051.00, 920, -594306, -199 
1719906965073.00, 865, -594286, -195 
1719906965094.00, 858, -594267, -187 
1719906965115.00, 850, -594248, -184 
1719906965138.00, 812, -594230, -191 
1719906965159.00, 813, -594212, -189 
1719906965181.00, 820, -594194, -182 
1719906965202.00, 777, -594176, -172 
1719906965224.00, 719, -594159, -176 
1719906965245.00, 692, -594143, -170 
1719906965267.00, 623, -594128, -173 
1719906965288.00, 617, -594114, -183 
1719906965309.00, 594, -594103, -185 
1719906965332.00, 686, -594091, -190 
1719906965353.00, 691, -594075, -180 
1719906965374.00, 740, -594060, -175 
1719906965396.00, 618, -594045, -170 
1719906965418.00, 657, -594034, -187 
1719906965439.00, 742, -594016, -157 
1719906965460.00, 683, -594003, -166 
1719906965482.00, 604, -593986, -147 
1719906965504.00, 561, -593972, -153 
1719906965527.00, 499, -593959, -134 
1719906965547.00, 442, -593949, -134 
1719906965568.00, 448, -593940, -137 
1719906965590.00, 436, -593930, -133 
1719906965611.00, 405, -593921, -131 
1719906965633.00, 397, -593911, -129 
1719906965655.00, 405, -593903, -128 
1719906965676.00, 360, -593895, -134 
1719906965697.00, 354, -593888, -144 
1719906965719.00, 352, -593879, -150 
1719906965741.00, 340, -593871, -149 
1719906965762.00, 329, -593864, -150 
1719906965784.00, 329, -593856, -152 
1719906965806.00, 329, -593851, -153 
1719906965827.00, 309, -593843, -150 
1719906965848.00, 288, -593837, -152 
1719906965870.00, 290, -593830, -155 
1719906965891.00, 291, -593824, -154 
1719906965913.00, 291, -593817, -155 
1719906965935.00, 292, -593812, -158 
1719906965956.00, 295, -593806, -159 
1719906965978.00, 281, -593799, -153 
1719906965999.00, 260, -593793, -149 
1719906966021.00, 256, -593787, -147 
1719906966042.00, 273, -593782, -146 
1719906966066.00, 267, -593775, -138 
1719906966086.00, 256, -593769, -134 
1719906966107.00, 234, -593763, -129 
1719906966129.00, 226, -593757, -127 
1719906966150.00, 230, -593752, -120 
1719906966171.00, 225, -593746, -112 
1719906966193.00, 212, -593741, -105 
1719906966214.00, 210, -593737, -99 
1719906966236.00, 200, -593732, -95 
1719906966257.00, 186, -593728, -94 
1719906966279.00, 198, -593722, -95 
1719906966300.00, 174, -593720, -94 
1719906966322.00, 177, -593716, -96 
1719906966343.00, 180, -593711, -97 
1719906966365.00, 163, -593708, -99 
1719906966387.00, 150, -593705, -103 
1719906966408.00, 142, -593702, -109 
1719906966430.00, 142, -593699, -112 
1719906966451.00, 130, -593696, -116 
1719906966473.00, 140, -593693, -120 
1719906966494.00, 156, -593691, -121 
1719906966516.00, 164, -593686, -121 
1719906966537.00, 154, -593682, -118 
1719906966559.00, 167, -593680, -121 
1719906966580.00, 145, -593676, -119 
1719906966603.00, 141, -593672, -122 
1719906966623.00, 134, -593670, -126 
1719906966645.00, 143, -593667, -124 
1719906966667.00, 133, -593664, -121 
1719906966688.00, 147, -593662, -120 
1719906966709.00, 150, -593658, -120 
1719906966731.00, 160, -593655, -116 
1719906966753.00, 153, -593651, -111 
1719906966775.00, 142, -593648, -109 
1719906966796.00, 114, -593644, -108 
1719906966817.00, 101, -593641, -106 
1719906966838.00, 98, -593639, -106 
1719906966860.00, 100, -593638, -106 
1719906966882.00, 104, -593634, -105 
1719906966904.00, 102, -593632, -105 
1719906966925.00, 92, -593630, -105 
1719906966946.00, 89, -593628, -105 
1719906966968.00, 72, -593627, -104 
1719906966990.00, 70, -593624, -104 
1719906967011.00, 66, -593623, -106 
1719906967032.00, 63, -593622, -109 
1719906967054.00, 62, -593619, -110 
1719906967076.00, 69, -593619, -114 
1719906967096.00, 58, -593618, -119 
1719906967118.00, 66, -593618, -126 
1719906967140.00, 34, -593617, -139 
1719906967161.00, 18, -593616, -154 
1719906967182.00, -5, -593616, -163 
1719906967203.00, 0, -593617, -168 
1719906967225.00, 2, -593617, -182 
1719906967246.00, -2, -593616, -187 
1719906967272.00, 0, -593617, -198 
1719906967289.00, 0, -593618, -207 
1719906967310.00, -14, -593619, -235 
1719906967332.00, 0, -593620, -273 
1719906967353.00, 0, -593622, -297 
1719906967374.00, 0, -593623, -309 
1719906967395.00, 0, -593624, -322 
1719906967417.00, 0, -593623, -319 
1719906967438.00, 0, -593624, -315 
1719906967459.00, 0, -593623, -302 
1719906967487.00, 0, -593623, -311 
1719906967502.00, 0, -593623, -317 
1719906967523.00, 0, -593626, -358 
1719906967544.00, 0, -593625, -365 
1719906967565.00, 0, -593626, -397 
1719906967587.00, 0, -593625, -370 
1719906967608.00, 0, -593625, -361 
1719906967629.00, 4, -593626, -362 
1719906967651.00, 5, -593625, -359 
1719906967672.00, -64, -593625, -358 
1719906967696.00, 0, -593625, -354 
1719906967714.00, 0, -593625, -345 
1719906967736.00, 0, -593625, -334 
1719906967758.00, 0, -593624, -323 
1719906967779.00, 0, -593624, -316 
1719906967800.00, -6, -593623, -308 
1719906967821.00, 0, -593622, -296 
1719906967843.00, 0, -593622, -286 
1719906967864.00, -41, -593623, -282 
1719906967885.00, 0, -593620, -277 
1719906967907.00, 0, -593622, -273 
1719906967928.00, 0, -593620, -271 
1719906967949.00, 0, -593620, -269 
1719906967971.00, -14, -593620, -266 
1719906967992.00, 0, -593620, -265 
1719906968013.00, 0, -593621, -265 
1719906968035.00, 0, -593620, -268 
1719906968056.00, 0, -593621, -269 
1719906968077.00, 0, -593621, -269 
1719906968098.00, 0, -593620, -270 
1719906968120.00, 0, -593620, -271 
1719906968140.00, 0, -593621, -268 
1719906968162.00, 0, -593621, -264 
1719906968183.00, 0, -593620, -264 
1719906968204.00, 0, -593621, -267 
1719906968226.00, 0, -593620, -268 
1719906968247.00, 0, -593621, -269 
1719906968269.00, 0, -593620, -267 
1719906968290.00, 0, -593620, -266 
1719906968311.00, 0, -593621, -264 
1719906968332.00, 2, -593620, -260 
1719906968359.00, 0, -593620, -259 
1719906968375.00, 0, -593621, -256 
1719906968397.00, 0, -593621, -254 
1719906968418.00, 0, -593619, -254 
1719906968438.00, 0, -593619, -252 
1719906968459.00, 0, -593620, -252 
1719906968481.00, 0, -593620, -252 
1719906968503.00, 0, -593621, -251 
1719906968524.00, 0, -593619, -250 
1719906968545.00, 57, -593620, -249 
1719906968568.00, 67, -593619, -249 
1719906968588.00, 1, -593619, -250 
1719906968610.00, 0, -593619, -250 
1719906968631.00, 0, -593619, -248 
1719906968652.00, 0, -593619, -246 
1719906968674.00, 0, -593620, -245 
1719906968695.00, 0, -593619, -244 
1719906968716.00, 0, -593619, -244 
1719906968737.00, 0, -593619, -243 
1719906968759.00, -1, -593619, -242 
1719906968780.00, 0, -593619, -240 
1719906968801.00, 0, -593619, -238 
1719906968822.00, -5, -593618, -237 
1719906968843.00, 0, -593619, -236 
1719906968865.00, 0, -593619, -235 
1719906968886.00, 0, -593618, -235 
1719906968907.00, 0, -593618, -234 
1719906968928.00, 0, -593618, -234 
1719906968950.00, 0, -593619, -232 
1719906968971.00, 0, -593618, -231 
1719906968993.00, 0, -593619, -231 
1719906969014.00, 0, -593618, -230 
1719906969035.00, 0, -593618, -229 
1719906969057.00, -4, -593618, -228 
1719906969078.00, 0, -593618, -226 
1719906969099.00, 3, -593618, -224 
1719906969122.00, 0, -593618, -224 
1719906969141.00, 0, -593618, -224 
1719906969163.00, 39, -593618, -223 
1719906969185.00, 0, -593617, -221 
1719906969206.00, -10, -593618, -220 
1719906969230.00, 0, -593616, -219 
1719906969248.00, 0, -593618, -218 
1719906969270.00, 0, -593617, -217 
1719906969291.00, 0, -593617, -217 
1719906969312.00, 0, -593617, -217 
1719906969334.00, 0, -593617, -216 
1719906969354.00, -54, -593618, -216 
1719906969377.00, 0, -593617, -216 
1719906969398.00, 0, -593617, -215 
1719906969419.00, 0, -593617, -213 
1719906969442.00, 0, -593617, -212 
1719906969462.00, 0, -593617, -210 
1719906969483.00, 0, -593617, -208 
1719906969506.00, 0, -593616, -206 
1719906969526.00, 0, -593617, -205 
1719906969548.00, 0, -593617, -204 
1719906969569.00, 0, -593617, -203 
1719906969590.00, 0, -593616, -202 
1719906969611.00, 0, -593616, -202 
1719906969632.00, 0, -593616, -201 
1719906969654.00, 0, -593617, -197 
1719906969677.00, 0, -593616, -192 
1719906969696.00, 0, -593615, -188 
1719906969718.00, -5, -593616, -176 
1719906969739.00, 0, -593615, -166 
1719906969760.00, 0, -593616, -157 
1719906969782.00, 0, -593613, -152 
1719906969803.00, 0, -593613, -148 
1719906969824.00, 0, -593613, -139 
1719906969845.00, 0, -593612, -128 
1719906969867.00, 0, -593612, -116 
1719906969888.00, 0, -593611, -102 
1719906969909.00, 0, -593610, -88 
1719906969930.00, 0, -593609, -80 
1719906969951.00, 0, -593608, -72 
1719906969973.00, 0, -593607, -59 
1719906969994.00, 67, -593607, -59 
1719906970016.00, 18, -593605, -45 
1719906970037.00, -2, -593604, -36 
1719906970058.00, 0, -593603, -29 
1719906970079.00, -5, -593602, -20 
1719906970101.00, 2, -593601, -10 
1719906970122.00, -2, -593600, 5 
1719906970143.00, 8, -593598, 23 
1719906970164.00, 1512, -593595, 46 
1719906970185.00, 3789, -593560, 79 
1719906970207.00, 7057, -593476, 123 
1719906970229.00, 11774, -593315, 169 
1719906970249.00, 17102, -593066, 192 
1719906970272.00, 21864, -592698, 233 
1719906970294.00, 26933, -592229, 274 
1719906970315.00, 32555, -591642, 320 
1719906970337.00, 38419, -590933, 376 
1719906970359.00, 45310, -590096, 424 
1719906970380.00, 52699, -589128, 430 
1719906970401.00, 57187, -587987, 538 
1719906970424.00, 66353, -586739, 598 
1719906970445.00, 75335, -585303, 620 
1719906970467.00, 81966, -583656, 630 
1719906970488.00, 86195, -581888, 695 
1719906970510.00, 87609, -580008, 744 
1719906970532.00, 87405, -578112, 820 
1719906970553.00, 87332, -576221, 832 
1719906970574.00, 87553, -574325, 843 
1719906970597.00, 87452, -572433, 866 
1719906970618.00, 87320, -570528, 903 
1719906970640.00, 87442, -568643, 921 
1719906970662.00, 87232, -566745, 923 
1719906970683.00, 87416, -564849, 940 
1719906970705.00, 87357, -562958, 955 
1719906970726.00, 87291, -561061, 933 
1719906970748.00, 87498, -559174, 968 
1719906970770.00, 87249, -557273, 972 
1719906970790.00, 87342, -555390, 992 
1719906970813.00, 87236, -553492, 994 
1719906970835.00, 87261, -551598, 987 
1719906970856.00, 87291, -549712, 1016 
1719906970878.00, 87266, -547800, 1028 
1719906970900.00, 87325, -545904, 1056 
1719906970922.00, 87422, -543997, 1074 
1719906970943.00, 87279, -542102, 1115 
1719906970964.00, 87286, -540194, 1120 
1719906970988.00, 87400, -538294, 1103 
1719906971008.00, 87474, -536404, 1118 
1719906971029.00, 87273, -534493, 1119 
1719906971051.00, 87406, -532597, 1129 
1719906971074.00, 87277, -530689, 1134 
1719906971095.00, 87293, -528793, 1144 
1719906971117.00, 87220, -526895, 1154 
1719906971139.00, 87250, -524992, 1123 
1719906971161.00, 87328, -523101, 1126 
1719906971182.00, 87445, -521195, 1122 
1719906971204.00, 87324, -519299, 1137 
1719906971225.00, 87387, -517395, 1161 
1719906971247.00, 87402, -515489, 1152 
1719906971269.00, 87316, -513595, 1172 
1719906971291.00, 87451, -511688, 1156 
1719906971316.00, 87307, -509794, 1153 
1719906971334.00, 87406, -507885, 1157 
1719906971356.00, 87340, -505987, 1187 
1719906971378.00, 87557, -504089, 1195 
1719906971399.00, 87514, -502186, 1194 
1719906971421.00, 87279, -500291, 1190 
1719906971442.00, 87480, -498379, 1166 
1719906971464.00, 87332, -496487, 1137 
1719906971486.00, 87245, -494584, 1146 
1719906971507.00, 87384, -492681, 1157 
1719906971536.00, 87363, -490782, 1170 
1719906971552.00, 87494, -488886, 1153 
1719906971574.00, 87435, -486987, 1160 
1719906971595.00, 87301, -485080, 1161 
1719906971616.00, 87425, -483180, 1159 
1719906971640.00, 87418, -481279, 1152 
1719906971660.00, 87396, -479380, 1154 
1719906971681.00, 87362, -477488, 1152 
1719906971703.00, 87524, -475578, 1135 
1719906971725.00, 87262, -473686, 1130 
1719906971746.00, 87356, -471779, 1114 
1719906971769.00, 87252, -469879, 1091 
1719906971790.00, 87225, -467983, 1075 
1719906971812.00, 87216, -466078, 1048 
1719906971834.00, 87299, -464189, 1022 
1719906971856.00, 87344, -462289, 978 
1719906971877.00, 87309, -460402, 937 
1719906971899.00, 87096, -458510, 870 
1719906971920.00, 87049, -456630, 782 
1719906971942.00, 87091, -454749, 721 
1719906971964.00, 87226, -452866, 614 
1719906971985.00, 86462, -450985, 506 
1719906972007.00, 79503, -449111, 384 
1719906972028.00, 67993, -447396, 300 
1719906972050.00, 56350, -445927, 220 
1719906972071.00, 44367, -444731, 140 
1719906972093.00, 32707, -443759, 66 
1719906972115.00, 21074, -443049, -5 
1719906972137.00, 10473, -442585, -69 
1719906972158.00, 0, -442350, -113 
1719906972179.00, -8550, -442335, -129 
1719906972201.00, -14718, -442505, -184 
1719906972223.00, -21530, -442822, -243 
1719906972244.00, -29123, -443290, -292 
1719906972265.00, -36234, -443918, -311 
1719906972288.00, -41941, -444707, -268 
1719906972309.00, -42692, -445622, -474 
1719906972331.00, -55446, -446542, -410 
1719906972353.00, -59025, -447741, -438 
1719906972374.00, -63045, -449016, -472 
1719906972396.00, -67201, -450391, -497 
1719906972418.00, -71081, -451858, -514 
1719906972439.00, -74401, -453402, -516 
1719906972461.00, -76452, -455017, -540 
1719906972483.00, -78945, -456667, -552 
1719906972506.00, -81202, -458389, -568 
1719906972526.00, -83398, -460148, -571 
1719906972547.00, -84643, -461951, -585 
1719906972569.00, -86276, -463790, -581 
1719906972591.00, -86911, -465655, -589 
1719906972612.00, -87211, -467551, -580 
1719906972634.00, -87419, -469436, -558 
1719906972656.00, -86066, -471344, -633 
1719906972677.00, -87219, -473197, -602 
1719906972699.00, -87265, -475097, -622 
1719906972721.00, -87367, -476996, -614 
1719906972742.00, -87283, -478884, -637 
1719906972763.00, -87364, -480781, -634 
1719906972786.00, -87343, -482666, -632 
1719906972807.00, -87216, -484574, -649 
1719906972828.00, -87381, -486464, -647 
1719906972850.00, -87435, -488355, -679 
1719906972872.00, -87349, -490256, -678 
1719906972893.00, -87413, -492142, -707 
1719906972915.00, -87366, -494042, -708 
1719906972936.00, -87314, -495925, -725 
1719906972960.00, -87224, -497824, -740 
1719906972980.00, -87388, -499719, -738 
1719906973001.00, -87378, -501615, -751 
1719906973024.00, -87407, -503512, -740 
1719906973044.00, -87550, -505396, -766 
1719906973066.00, -87316, -507295, -775 
1719906973089.00, -87387, -509191, -791 
1719906973110.00, -87407, -511087, -814 
1719906973132.00, -87374, -512978, -804 
1719906973153.00, -87204, -514863, -839 
1719906973175.00, -87309, -516781, -860 
1719906973197.00, -87410, -518663, -903 
1719906973218.00, -87064, -520556, -899 
1719906973240.00, -87242, -522445, -874 
1719906973261.00, -87303, -524336, -902 
1719906973283.00, -87373, -526241, -888 
1719906973305.00, -87430, -528121, -875 
1719906973326.00, -87410, -530017, -864 
1719906973348.00, -87302, -531903, -867 
1719906973370.00, -87352, -533803, -890 
1719906973391.00, -87456, -535699, -847 
1719906973413.00, -87315, -537581, -866 
1719906973434.00, -87429, -539482, -871 
1719906973456.00, -87291, -541369, -885 
1719906973479.00, -87427, -543279, -900 
1719906973502.00, -87359, -545159, -875 
1719906973521.00, -87365, -547049, -903 
1719906973543.00, -87325, -548953, -883 
1719906973564.00, -87249, -550840, -876 
1719906973586.00, -87384, -552738, -865 
1719906973608.00, -87297, -554618, -847 
1719906973629.00, -87363, -556517, -857 
1719906973650.00, -87352, -558410, -835 
1719906973673.00, -87274, -560297, -840 
1719906973694.00, -87307, -562192, -803 
1719906973716.00, -87311, -564076, -797 
1719906973737.00, -87222, -565980, -783 
1719906973759.00, -87234, -567859, -723 
1719906973781.00, -87255, -569755, -711 
1719906973802.00, -87346, -571629, -659 
1719906973824.00, -87353, -573522, -633 
1719906973845.00, -87237, -575422, -595 
1719906973867.00, -85585, -577300, -547 
1719906973888.00, -81797, -579152, -525 
1719906973910.00, -78107, -580913, -481 
1719906973938.00, -73304, -582610, -482 
1719906973953.00, -70488, -584189, -428 
1719906973976.00, -65399, -585714, -404 
1719906973997.00, -60997, -587119, -359 
1719906974018.00, -55877, -588444, -341 
1719906974040.00, -51550, -589643, -300 
1719906974061.00, -46531, -590762, -260 
1719906974083.00, -41109, -591773, -226 
1719906974105.00, -36128, -592666, -184 
1719906974127.00, -30284, -593445, -142 
1719906974148.00, -16269, -594108, -114 
1719906974170.00, -7629, -594476, -105 
1719906974192.00, -2382, -594647, -59 
1719906974212.00, 104, -594697, 18 
1719906974234.00, 2758, -594697, 61 
1719906974256.00, 7161, -594640, 130 
1719906974277.00, 14213, -594480, 212 
1719906974299.00, 23055, -594178, 312 
1719906974320.00, 34265, -593684, 375 
1719906974342.00, 44801, -592954, 375 
1719906974364.00, 50841, -591992, 589 
1719906974385.00, 67123, -590880, 590 
1719906974407.00, 76784, -589428, 610 
1719906974428.00, 83690, -587761, 651 
1719906974451.00, 87603, -585942, 696 
1719906974475.00, 87489, -584041, 726 
1719906974494.00, 87264, -582147, 755 
1719906974516.00, 87330, -580244, 784 
1719906974537.00, 87366, -578355, 806 
1719906974558.00, 87243, -576463, 818 
1719906974580.00, 87149, -574572, 818 
1719906974602.00, 87459, -572681, 787 
1719906974624.00, 87378, -570780, 834 
1719906974645.00, 87575, -568896, 825 
1719906974666.00, 87539, -566995, 828 
1719906974689.00, 87400, -565110, 826 
1719906974709.00, 87396, -563218, 800 
1719906974732.00, 87545, -561322, 803 
1719906974753.00, 87258, -559434, 800 
1719906974775.00, 87365, -557533, 787 
1719906974797.00, 87405, -555656, 780 
1719906974818.00, 87216, -553760, 759 
1719906974840.00, 87249, -551871, 747 
1719906974861.00, 87398, -549974, 735 
1719906974883.00, 87192, -548086, 702 
1719906974905.00, 87420, -546198, 711 
1719906974926.00, 87355, -544297, 673 
1719906974948.00, 87255, -542414, 676 
1719906974970.00, 87241, -540514, 673 
1719906974991.00, 87360, -538629, 663 
1719906975013.00, 87116, -536736, 680 
1719906975034.00, 87265, -534842, 652 
1719906975056.00, 87346, -532951, 684 
1719906975078.00, 87251, -531054, 679 
1719906975099.00, 87313, -529166, 688 
1719906975121.00, 87273, -527267, 720 
1719906975142.00, 87388, -525374, 718 
1719906975165.00, 87360, -523485, 742 
1719906975186.00, 87513, -521589, 738 
1719906975207.00, 87305, -519697, 776 
1719906975229.00, 87259, -517799, 769 
1719906975251.00, 87386, -515910, 753 
1719906975273.00, 87230, -514011, 796 
1719906975294.00, 87415, -512117, 796 
1719906975315.00, 87451, -510237, 819 
1719906975338.00, 87358, -508335, 798 
1719906975359.00, 87369, -506447, 829 
1719906975380.00, 87392, -504550, 825 
1719906975402.00, 87400, -502653, 842 
1719906975424.00, 87465, -500760, 841 
1719906975446.00, 87442, -498858, 860 
1719906975468.00, 87381, -496979, 851 
1719906975489.00, 87418, -495078, 864 
1719906975511.00, 87367, -493191, 874 
1719906975532.00, 87369, -491289, 857 
1719906975554.00, 87233, -489400, 863 
1719906975576.00, 87245, -487508, 856 
1719906975597.00, 87344, -485623, 843 
1719906975619.00, 87279, -483730, 851 
1719906975640.00, 87390, -481830, 833 
1719906975662.00, 87406, -479939, 849 
1719906975683.00, 87242, -478045, 856 
1719906975705.00, 87296, -476151, 847 
1719906975727.00, 87351, -474267, 851 
1719906975749.00, 87220, -472373, 830 
1719906975771.00, 87290, -470482, 827 
1719906975792.00, 87029, -468590, 809 
1719906975815.00, 87296, -466697, 780 
1719906975835.00, 87240, -464812, 745 
1719906975857.00, 87207, -462923, 691 
1719906975878.00, 87189, -461043, 655 
1719906975900.00, 87242, -459146, 570 
1719906975922.00, 83883, -457265, 495 
1719906975944.00, 77303, -455450, 453 
1719906975965.00, 70917, -453778, 377 
1719906975987.00, 62652, -452249, 292 
1719906976009.00, 52518, -450900, 198 
1719906976030.00, 40964, -449758, 141 
1719906976051.00, 30662, -448868, 80 
1719906976073.00, 20771, -448209, 27 
1719906976095.00, 11824, -447753, -18 
1719906976117.00, 3937, -447490, -71 
1719906976138.00, -3468, -447399, -117 
1719906976159.00, -10701, -447463, -170 
1719906976181.00, -18179, -447697, -224 
1719906976203.00, -26472, -448087, -245 
1719906976224.00, -32135, -448658, -412 
1719906976246.00, -45669, -449344, -414 
1719906976268.00, -53678, -450325, -456 
1719906976289.00, -61111, -451504, -472 
1719906976311.00, -66276, -452820, -504 
1719906976332.00, -71241, -454262, -521 
1719906976354.00, -75149, -455791, -539 
1719906976376.00, -78337, -457426, -544 
1719906976398.00, -80715, -459126, -570 
1719906976419.00, -83428, -460884, -578 
1719906976441.00, -85330, -462679, -590 
1719906976462.00, -87173, -464540, -598 
1719906976484.00, -87415, -466420, -617 
1719906976506.00, -87429, -468331, -629 
1719906976528.00, -87241, -470226, -620 
1719906976549.00, -87425, -472109, -642 
1719906976570.00, -87272, -474008, -637 
1719906976592.00, -87348, -475894, -654 
1719906976614.00, -87402, -477806, -663 
1719906976635.00, -87225, -479690, -665 
1719906976657.00, -87248, -481571, -680 
1719906976679.00, -87322, -483474, -659 
1719906976700.00, -87235, -485365, -673 
1719906976722.00, -87407, -487266, -671 
1719906976744.00, -87339, -489147, -690 
1719906976765.00, -87303, -491051, -700 
1719906976787.00, -87411, -492939, -691 
1719906976809.00, -87447, -494833, -721 
1719906976830.00, -87355, -496731, -704 
1719906976852.00, -87366, -498615, -715 
1719906976874.00, -87275, -500527, -711 
1719906976895.00, -87385, -502412, -704 
1719906976917.00, -87151, -504307, -722 
1719906976939.00, -87404, -506191, -686 
1719906976960.00, -87437, -508086, -702 
1719906976982.00, -87404, -509996, -695 
1719906977004.00, -87535, -511873, -707 
1719906977025.00, -87250, -513770, -719 
1719906977046.00, -87427, -515655, -698 
1719906977068.00, -87343, -517559, -723 
1719906977090.00, -87195, -519457, -699 
1719906977111.00, -87271, -521339, -709 
1719906977133.00, -87468, -523239, -703 
1719906977155.00, -87417, -525128, -700 
1719906977177.00, -87142, -527030, -730 
1719906977198.00, -87422, -528917, -716 
1719906977220.00, -87341, -530805, -738 
1719906977241.00, -87380, -532708, -739 
1719906977263.00, -87353, -534599, -763 
1719906977284.00, -87388, -536499, -759 
1719906977306.00, -87315, -538373, -737 
1719906977327.00, -87528, -540276, -763 
1719906977349.00, -87349, -542176, -740 
1719906977371.00, -87203, -544065, -758 
1719906977392.00, -87330, -545957, -740 
1719906977414.00, -87321, -547842, -728 
1719906977436.00, -87502, -549745, -732 
1719906977458.00, -87482, -551633, -709 
1719906977479.00, -87342, -553527, -726 
1719906977501.00, -87477, -555417, -705 
1719906977522.00, -87288, -557308, -715 
1719906977544.00, -87397, -559211, -709 
1719906977565.00, -87448, -561091, -699 
1719906977588.00, -87288, -562983, -701 
1719906977609.00, -87266, -564872, -666 
1719906977631.00, -87414, -566767, -679 
1719906977654.00, -87282, -568663, -649 
1719906977674.00, -87290, -570540, -636 
1719906977696.00, -87295, -572438, -615 
1719906977717.00, -87309, -574328, -577 
1719906977738.00, -87290, -576219, -545 
1719906977763.00, -85412, -578103, -487 
1719906977782.00, -80794, -579936, -465 
1719906977803.00, -76512, -581694, -426 
1719906977825.00, -71685, -583341, -371 
1719906977847.00, -65323, -584897, -340 
1719906977868.00, -59603, -586298, -319 
1719906977890.00, -55058, -587590, -289 
1719906977912.00, -50442, -588778, -260 
1719906977934.00, -45776, -589862, -229 
1719906977955.00, -41137, -590860, -208 
1719906977978.00, -37089, -591759, -207 
1719906977998.00, -34528, -592565, -193 
1719906978020.00, -32322, -593314, -173 
1719906978042.00, -19248, -594014, -164 
1719906978063.00, -11359, -594453, -190 
1719906978088.00, -6860, -594710, -187 
1719906978106.00, -4113, -594860, -167 
1719906978128.00, -2553, -594954, -182 
1719906978149.00, -1562, -595013, -194 
1719906978171.00, -919, -595046, -190 
1719906978193.00, -652, -595068, -188 
1719906978214.00, -495, -595081, -190 
1719906978235.00, -300, -595091, -194 
1719906978257.00, -276, -595098, -189 
1719906978278.00, -200, -595104, -193 
1719906978300.00, -165, -595110, -188 
1719906978321.00, -196, -595113, -185 
1719906978343.00, -169, -595116, -181 
1719906978364.00, -163, -595119, -186 
1719906978386.00, -150, -595123, -182 
1719906978407.00, -147, -595126, -179 
1719906978429.00, -132, -595129, -174 
1719906978450.00, -138, -595132, -173 
1719906978472.00, -132, -595135, -173 
1719906978493.00, -135, -595138, -171 
1719906978515.00, -129, -595141, -168 
1719906978536.00, -122, -595144, -167 
1719906978557.00, -115, -595146, -167 
1719906978579.00, -122, -595149, -166 
1719906978600.00, -133, -595151, -163 
1719906978622.00, -143, -595154, -160 
1719906978643.00, -129, -595155, -159 
1719906978665.00, -117, -595159, -158 
1719906978686.00, -107, -595162, -157 
1719906978708.00, -106, -595163, -155 
1719906978729.00, -104, -595166, -154 
1719906978750.00, -106, -595169, -153 
1719906978772.00, -103, -595171, -153 
1719906978794.00, -101, -595174, -151 
1719906978815.00, -94, -595177, -151 
1719906978836.00, -88, -595179, -151 
1719906978857.00, -77, -595180, -150 
1719906978879.00, -79, -595182, -150 
1719906978900.00, -95, -595184, -151 
1719906978922.00, -91, -595186, -152 
1719906978943.00, -79, -595187, -152 
1719906978965.00, -76, -595189, -152 
1719906978986.00, -75, -595192, -152 
1719906979007.00, -80, -595193, -153 
1719906979029.00, -74, -595195, -153 
1719906979050.00, -74, -595197, -152 
1719906979072.00, -61, -595198, -152 
1719906979093.00, -69, -595199, -153 
1719906979114.00, -59, -595201, -153 
1719906979136.00, -55, -595201, -154 
1719906979156.00, -60, -595204, -153 
1719906979180.00, -63, -595206, -153 
1719906979200.00, -62, -595208, -154 
1719906979221.00, -61, -595208, -155 
1719906979242.00, -61, -595209, -155 
1719906979264.00, -64, -595211, -155 
1719906979285.00, -54, -595212, -156 
1719906979306.00, -53, -595213, -157 
1719906979328.00, -44, -595214, -156 
1719906979349.00, -37, -595215, -156 
1719906979371.00, -25, -595215, -155 
1719906979392.00, -18, -595217, -154 
1719906979413.00, -6, -595217, -153 
1719906979435.00, -4, -595218, -153 
1719906979456.00, -50, -595218, -152 
1719906979477.00, -62, -595220, -153 
1719906979499.00, 2, -595220, -152 
1719906979520.00, -66, -595219, -151 
1719906979541.00, 0, -595220, -150 
1719906979563.00, 0, -595220, -148 
1719906979584.00, -45, -595222, -147 
1719906979605.00, -49, -595221, -145 
1719906979628.00, -41, -595222, -143 
1719906979648.00, 1, -595221, -142 
1719906979669.00, -32, -595222, -141 
1719906979691.00, 5, -595222, -141 
1719906979712.00, -60, -595222, -140 
1719906979734.00, 0, -595223, -139 
1719906979755.00, 0, -595222, -138 
1719906979776.00, 6, -595222, -136 
1719906979797.00, 0, -595222, -135 
1719906979819.00, -3, -595222, -135 
1719906979842.00, 0, -595223, -135 
1719906979861.00, -8, -595223, -135 
1719906979883.00, -21, -595222, -135 
1719906979904.00, 0, -595223, -134 
1719906979926.00, 0, -595223, -133 
1719906979951.00, 0, -595223, -131 
1719906979968.00, 0, -595223, -130 
1719906979989.00, 0, -595223, -128 
1719906980010.00, 0, -595224, -126 
1719906980031.00, 0, -595223, -125 
1719906980053.00, 0, -595223, -123 
1719906980074.00, 0, -595223, -120 
1719906980096.00, 0, -595223, -118 
1719906980117.00, 0, -595224, -113 
1719906980138.00, 0, -595223, -110 
1719906980159.00, 0, -595223, -108 
1719906980180.00, 0, -595222, -105 
1719906980202.00, 0, -595222, -102 
1719906980223.00, 33, -595223, -99 
1719906980245.00, 0, -595223, -96 
1719906980266.00, 0, -595221, -91 
1719906980287.00, -14, -595223, -85 
1719906980308.00, 6, -595222, -80 
1719906980329.00, 27, -595222, -74 
1719906980350.00, 0, -595222, -68 
1719906980372.00, 0, -595221, -60 
1719906980393.00, 0, -595221, -50 
1719906980414.00, 0, -595220, -39 
1719906980435.00, 0, -595221, -32 
1719906980457.00, 0, -595220, -23 
1719906980478.00, 0, -595220, -18 
1719906980500.00, -16, -595219, -12 
1719906980520.00, 0, -595218, -4 
1719906980541.00, 0, -595218, 1 
1719906980562.00, 0, -595218, 8 
1719906980584.00, 0, -595217, 14 
1719906980605.00, 123, -595215, 24 
1719906980626.00, 1468, -595213, 35 
1719906980648.00, 3078, -595188, 42 
1719906980670.00, 4310, -595125, 55 
1719906980691.00, 5918, -595029, 66 
1719906980715.00, 7575, -594900, 78 
1719906980734.00, 9198, -594738, 99 
1719906980755.00, 11440, -594539, 124 
1719906980777.00, 14438, -594282, 167 
1719906980798.00, 18855, -593965, 235 
1719906980821.00, 25511, -593558, 290 
1719906980842.00, 32677, -593017, 332 
1719906980864.00, 39401, -592319, 357 
1719906980885.00, 44983, -591463, 415 
1719906980907.00, 51840, -590485, 442 
1719906980930.00, 57364, -589365, 530 
1719906980950.00, 65945, -588123, 582 
1719906980971.00, 74008, -586683, 601 
1719906980993.00, 79958, -585078, 624 
1719906981015.00, 84871, -583341, 681 
1719906981039.00, 87599, -581501, 698 
1719906981058.00, 87421, -579597, 731 
1719906981080.00, 87476, -577698, 764 
1719906981102.00, 87414, -575817, 769 
1719906981123.00, 87464, -573915, 766 
1719906981145.00, 87365, -572027, 784 
1719906981167.00, 87194, -570136, 773 
1719906981188.00, 87309, -568248, 722 
1719906981209.00, 87322, -566356, 699 
1719906981231.00, 87253, -564463, 629 
1719906981253.00, 87186, -562586, 599 
1719906981274.00, 87238, -560690, 516 
1719906981296.00, 82529, -558809, 455 
1719906981318.00, 75911, -557028, 408 
1719906981339.00, 69183, -555392, 343 
1719906981361.00, 61096, -553899, 284 
1719906981383.00, 52702, -552592, 210 
1719906981404.00, 43259, -551451, 139 
1719906981426.00, 33411, -550519, 40 
1719906981448.00, 21739, -549802, -62 
1719906981469.00, 8237, -549330, -156 
1719906981491.00, -4640, -549135, -203 
1719906981512.00, -15593, -549217, -208 
1719906981534.00, -22569, -549539, -214 
1719906981556.00, -26746, -550017, -257 
1719906981577.00, -31889, -550596, -318 
1719906981599.00, -38693, -551282, -321 
1719906981621.00, -42851, -552112, -292 
1719906981643.00, -43415, -553030, -271 
1719906981664.00, -42366, -553960, -238 
1719906981685.00, -39800, -554884, -239 
1719906981707.00, -38215, -555758, -251 
1719906981729.00, -37930, -556583, -254 
1719906981750.00, -38161, -557406, -252 
1719906981772.00, -37813, -558234, -237 
1719906981794.00, -36940, -559062, -222 
1719906981815.00, -35316, -559857, -201 
1719906981837.00, -32978, -560623, -180 
1719906981858.00, -30834, -561344, -169 
1719906981880.00, -28454, -562014, -156 
1719906981902.00, -26355, -562629, -135 
1719906981923.00, -24041, -563195, -113 
1719906981945.00, -20905, -563709, -90 
1719906981967.00, -18021, -564166, -62 
1719906981988.00, -14158, -564554, -43 
1719906982008.00, -10854, -564868, -22 
1719906982031.00, -7753, -565114, -11 
1719906982053.00, -5225, -565286, -11 
1719906982074.00, -3645, -565399, -9 
1719906982096.00, -2094, -565480, -1 
1719906982116.00, -1169, -565526, 2 
1719906982138.00, -635, -565553, 7 
1719906982159.00, -369, -565567, 10 
1719906982181.00, 0, -565575, 9 
1719906982201.00, 0, -565575, 6 
1719906982222.00, 0, -565577, 6 
1719906982243.00, 0, -565576, 5 
1719906982264.00, 0, -565577, 3 
1719906982285.00, 0, -565576, 2 
1719906982306.00, -16, -565577, 1 
1719906982327.00, -2, -565576, 2 
1719906982352.00, 0, -565577, 3 
1719906982370.00, 0, -565577, 3 
1719906982390.00, 5, -565578, 4 
1719906982411.00, 0, -565578, 3 
1719906982433.00, 18, -565578, 3 
1719906982453.00, 0, -565576, 3 
1719906982475.00, 0, -565577, 2 
1719906982496.00, 3, -565578, 2 
1719906982517.00, 0, -565577, 0 
1719906982539.00, 0, -565577, 0 
1719906982560.00, 0, -565578, 0 
1719906982580.00, 0, -565578, 0 
1719906982602.00, 0, -565578, 0 
1719906982623.00, 0, -565578, 0 
1719906982644.00, 0, -565578, 0 
1719906982665.00, 35, -565578, -1 
1719906982686.00, 0, -565577, -1 
1719906982707.00, 0, -565578, -1 
1719906982729.00, 0, -565578, -1 
1719906982750.00, 0, -565578, -1 
1719906982771.00, 0, -565578, 0 
1719906982795.00, 0, -565578, 0 
1719906982813.00, -5, -565578, -1 
1719906982834.00, 0, -565578, -2 
1719906982855.00, 0, -565578, -2 
1719906982876.00, 0, -565577, -1 
1719906982898.00, 0, -565578, -2 
1719906982918.00, 0, -565578, -3 
1719906982940.00, -65, -565578, -2 
1719906982961.00, 0, -565578, -2 
1719906982982.00, 0, -565578, -2 
1719906983006.00, 0, -565578, -2 
1719906983024.00, -38, -565578, -2 
1719906983045.00, 0, -565578, -2 
1719906983067.00, -16, -565578, -2 
1719906983088.00, 0, -565578, -2 
1719906983109.00, 29, -565578, -2 
1719906983130.00, -55, -565578, -1 
1719906983151.00, 0, -565578, 0 
1719906983172.00, 0, -565578, 1 
1719906983193.00, 0, -565578, 4 
1719906983214.00, 0, -565578, 6 
1719906983235.00, -4, -565578, 9 
1719906983256.00, 0, -565577, 16 
1719906983278.00, 159, -565577, 23 
1719906983299.00, 1444, -565573, 33 
1719906983321.00, 2918, -565546, 58 
1719906983342.00, 5518, -565485, 91 
1719906983363.00, 8864, -565366, 131 
1719906983385.00, 13509, -565167, 199 
1719906983407.00, 20043, -564872, 297 
1719906983428.00, 29788, -564435, 362 
1719906983450.00, 39575, -563789, 414 
1719906983472.00, 48598, -562936, 617 
1719906983493.00, 66103, -561890, 636 
1719906983515.00, 77689, -560451, 684 
1719906983537.00, 87369, -558762, 795 
1719906983559.00, 99561, -556860, 865 
1719906983581.00, 110998, -554692, 891 
1719906983602.00, 119441, -552265, 918 
1719906983623.00, 126047, -549654, 936 
1719906983646.00, 131033, -546915, 937 
1719906983668.00, 130921, -544057, 929 
1719906983689.00, 131092, -541198, 951 
1719906983710.00, 130906, -538345, 951 
1719906983732.00, 131002, -535502, 950 
1719906983754.00, 131070, -532644, 972 
1719906983776.00, 131067, -529796, 964 
1719906983797.00, 130993, -526948, 955 
1719906983819.00, 131124, -524088, 940 
1719906983840.00, 130896, -521235, 924 
1719906983863.00, 131108, -518400, 936 
1719906983886.00, 131042, -515541, 897 
1719906983906.00, 131105, -512699, 888 
1719906983928.00, 130835, -509845, 851 
1719906983950.00, 128325, -507003, 849 
1719906983971.00, 126659, -504207, 832 
1719906983994.00, 124700, -501456, 819 
1719906984014.00, 122658, -498741, 818 
1719906984036.00, 121264, -496079, 801 
1719906984058.00, 119431, -493455, 775 
1719906984080.00, 116569, -490848, 764 
1719906984104.00, 114312, -488321, 755 
1719906984124.00, 112424, -485832, 749 
1719906984145.00, 110800, -483390, 780 
1719906984167.00, 111607, -480985, 796 
1719906984189.00, 113016, -478545, 820 
1719906984210.00, 115422, -476080, 816 
1719906984232.00, 116482, -473585, 774 
1719906984254.00, 114504, -471056, 707 
1719906984276.00, 109267, -468559, 697 
1719906984297.00, 105506, -466181, 681 
1719906984324.00, 102153, -463896, 679 
1719906984341.00, 100026, -461677, 652 
1719906984362.00, 97396, -459496, 628 
1719906984384.00, 94148, -457399, 644 
1719906984406.00, 93170, -455362, 596 
1719906984430.00, 89609, -453342, 578 
1719906984449.00, 86442, -451403, 571 
1719906984471.00, 84304, -449528, 532 
1719906984492.00, 80427, -447712, 506 
1719906984514.00, 76754, -445963, 501 
1719906984535.00, 74003, -444314, 473 
1719906984557.00, 70812, -442705, 425 
1719906984578.00, 66092, -441178, 399 
1719906984600.00, 61523, -439745, 355 
1719906984621.00, 56207, -438426, 284 
1719906984643.00, 48721, -437203, 216 
1719906984665.00, 40382, -436152, 154 
1719906984686.00, 31612, -435283, 100 
1719906984708.00, 23019, -434599, 40 
1719906984730.00, 14546, -434089, -40 
1719906984752.00, 4613, -433773, -120 
1719906984773.00, -5670, -433667, -180 
1719906984794.00, -15666, -433776, -240 
1719906984817.00, -25355, -434105, -269 
1719906984838.00, -32822, -434662, -393 
1719906984860.00, -44477, -435364, -452 
1719906984881.00, -54920, -436315, -501 
1719906984903.00, -64151, -437508, -510 
1719906984925.00, -70026, -438898, -552 
1719906984946.00, -75964, -440416, -587 
1719906984968.00, -81626, -442074, -634 
1719906984989.00, -87624, -443844, -646 
1719906985011.00, -91854, -445748, -664 
1719906985033.00, -95472, -447737, -679 
1719906985054.00, -98291, -449801, -696 
1719906985076.00, -100878, -451943, -707 
1719906985098.00, -103183, -454147, -721 
1719906985120.00, -105362, -456383, -742 
1719906985141.00, -107835, -458681, -761 
1719906985163.00, -110438, -461030, -771 
1719906985185.00, -112321, -463423, -787 
1719906985206.00, -114307, -465870, -812 
1719906985228.00, -117045, -468372, -823 
1719906985250.00, -119277, -470929, -832 
1719906985271.00, -120780, -473502, -839 
1719906985293.00, -122163, -476147, -853 
1719906985316.00, -123969, -478807, -872 
1719906985337.00, -126132, -481487, -876 
1719906985359.00, -127450, -484263, -883 
1719906985380.00, -128501, -487025, -912 
1719906985402.00, -130642, -489817, -933 
1719906985424.00, -131067, -492676, -924 
1719906985444.00, -131162, -495517, -919 
1719906985467.00, -130891, -498367, -906 
1719906985489.00, -130970, -501232, -879 
1719906985510.00, -129943, -504081, -837 
1719906985534.00, -126591, -506900, -794 
1719906985554.00, -122363, -509666, -780 
1719906985576.00, -118752, -512309, -781 
1719906985598.00, -116622, -514889, -759 
1719906985619.00, -114046, -517432, -724 
1719906985641.00, -110356, -519920, -705 
1719906985663.00, -106999, -522297, -692 
1719906985684.00, -104134, -524632, -667 
1719906985706.00, -101177, -526903, -630 
1719906985728.00, -97029, -529091, -606 
1719906985750.00, -93154, -531181, -618 
1719906985771.00, -91338, -533201, -574 
1719906985793.00, -87724, -535172, -541 
1719906985814.00, -83505, -537075, -552 
1719906985836.00, -81481, -538874, -511 
1719906985859.00, -77973, -540640, -493 
1719906985879.00, -74562, -542331, -452 
1719906985901.00, -70235, -543942, -442 
1719906985923.00, -67005, -545466, -450 
1719906985944.00, -65691, -546914, -473 
1719906985966.00, -66136, -548337, -458 
1719906985987.00, -65541, -549783, -486 
1719906986009.00, -66796, -551200, -518 
1719906986031.00, -69603, -552660, -549 
1719906986053.00, -73240, -554155, -516 
1719906986078.00, -73262, -555744, -490 
1719906986096.00, -71851, -557324, -481 
1719906986117.00, -70269, -558885, -472 
1719906986138.00, -68725, -560400, -441 
1719906986161.00, -65942, -561889, -419 
1719906986186.00, -63044, -563306, -413 
1719906986204.00, -60855, -564674, -381 
1719906986225.00, -57626, -566000, -361 
1719906986247.00, -54580, -567235, -335 
1719906986268.00, -51127, -568428, -327 
1719906986290.00, -48417, -569534, -295 
1719906986312.00, -45144, -570573, -242 
1719906986334.00, -39836, -571551, -183 
1719906986355.00, -33320, -572415, -101 
1719906986377.00, -24422, -573129, -8 
1719906986404.00, -13179, -573649, 96 
1719906986420.00, -300, -573933, 213 
1719906986441.00, 13657, -573956, 338 
1719906986463.00, 29773, -573677, 420 
1719906986485.00, 44396, -573040, 540 
1719906986508.00, 60171, -572087, 737 
1719906986528.00, 81339, -570773, 794 
1719906986549.00, 97429, -569012, 838 
1719906986571.00, 109523, -566879, 959 
1719906986592.00, 122539, -564474, 1050 
1719906986617.00, 129960, -561797, 1080 
1719906986635.00, 131156, -558947, 1115 
1719906986656.00, 131149, -556077, 1181 
1719906986679.00, 131054, -553208, 1196 
1719906986700.00, 131161, -550337, 1217 
1719906986722.00, 130956, -547471, 1245 
1719906986744.00, 131064, -544610, 1257 
1719906986766.00, 131014, -541748, 1271 
1719906986787.00, 131139, -538898, 1270 
1719906986810.00, 130994, -536030, 1271 
1719906986832.00, 130969, -533158, 1262 
1719906986853.00, 130961, -530305, 1266 
1719906986875.00, 131231, -527432, 1253 
1719906986897.00, 130787, -524569, 1271 
1719906986919.00, 131164, -521714, 1261 
1719906986943.00, 131011, -518853, 1277 
1719906986963.00, 131055, -515989, 1292 
1719906986984.00, 130972, -513126, 1306 
1719906987006.00, 131023, -510264, 1300 
1719906987028.00, 131065, -507394, 1297 
1719906987050.00, 131005, -504534, 1295 
1719906987072.00, 131155, -501674, 1285 
1719906987093.00, 131098, -498805, 1275 
1719906987114.00, 131106, -495946, 1255 
1719906987137.00, 131109, -493093, 1252 
1719906987158.00, 130965, -490228, 1250 
1719906987181.00, 130991, -487364, 1239 
1719906987203.00, 130861, -484494, 1226 
1719906987224.00, 130992, -481631, 1221 
1719906987246.00, 131038, -478766, 1219 
1719906987268.00, 130881, -475903, 1217 
1719906987290.00, 130876, -473043, 1200 
1719906987312.00, 130924, -470189, 1166 
1719906987333.00, 130804, -467341, 1115 
1719906987355.00, 130668, -464480, 1028 
1719906987379.00, 130524, -461624, 912 
1719906987400.00, 129006, -458787, 724 
1719906987422.00, 116956, -455998, 547 
1719906987443.00, 98791, -453483, 357 
1719906987465.00, 76603, -451384, 127 
1719906987487.00, 49556, -449732, -96 
1719906987509.00, 20386, -448675, -261 
1719906987530.00, -6774, -448213, -352 
1719906987551.00, -28396, -448342, -652 
1719906987573.00, -59116, -448932, -734 
1719906987594.00, -82274, -450200, -894 
1719906987615.00, -105522, -452011, -1022 
1719906987637.00, -121856, -454338, -1084 
1719906987659.00, -131666, -457004, -1151 
1719906987681.00, -131170, -459895, -1192 
1719906987703.00, -131169, -462756, -1229 
1719906987724.00, -131063, -465620, -1245 
1719906987746.00, -131224, -468498, -1267 
1719906987768.00, -130948, -471355, -1291 
1719906987790.00, -131082, -474216, -1273 
1719906987812.00, -131045, -477080, -1266 
1719906987834.00, -131126, -479932, -1260 
1719906987855.00, -131125, -482795, -1255 
1719906987877.00, -131102, -485654, -1248 
1719906987899.00, -130914, -488516, -1212 
1719906987921.00, -130995, -491382, -1176 
1719906987943.00, -130912, -494243, -1159 
1719906987964.00, -130999, -497101, -1174 
1719906987986.00, -130986, -499973, -1159 
1719906988008.00, -131037, -502827, -1142 
1719906988030.00, -130980, -505676, -1127 
1719906988052.00, -130957, -508546, -1116 
1719906988073.00, -130923, -511412, -1094 
1719906988095.00, -130796, -514256, -1064 
1719906988117.00, -130901, -517142, -1031 
1719906988138.00, -130943, -519996, -1000 
1719906988162.00, -130863, -522847, -980 
1719906988184.00, -130879, -525702, -960 
1719906988205.00, -130923, -528537, -914 
1719906988227.00, -129797, -531371, -856 
1719906988249.00, -125452, -534199, -803 
1719906988270.00, -119626, -536925, -762 
1719906988292.00, -113478, -539517, -729 
1719906988314.00, -108126, -541985, -697 
1719906988336.00, -102899, -544328, -693 
1719906988357.00, -99668, -546557, -656 
1719906988378.00, -95684, -548722, -607 
1719906988401.00, -90254, -550792, -603 
1719906988422.00, -86706, -552748, -569 
1719906988445.00, -82748, -554614, -522 
1719906988465.00, -77886, -556410, -551 
1719906988487.00, -76535, -558092, -560 
1719906988509.00, -76536, -559746, -564 
1719906988530.00, -76551, -561395, -566 
1719906988552.00, -76651, -563053, -610 
1719906988573.00, -79316, -564708, -587 
1719906988596.00, -79371, -566435, -582 
1719906988617.00, -79117, -568160, -553 
1719906988639.00, -77300, -569869, -515 
1719906988659.00, -73827, -571535, -410 
1719906988682.00, -65436, -573129, -327 
1719906988706.00, -55645, -574553, -203 
1719906988725.00, -42305, -575744, -82 
1719906988746.00, -27192, -576643, 73 
1719906988768.00, -8782, -577226, 241 
1719906988789.00, 11690, -577431, 381 
1719906988816.00, 32587, -577209, 462 
1719906988833.00, 49910, -576516, 732 
1719906988855.00, 76128, -575439, 882 
1719906988876.00, 100878, -573776, 907 
1719906988897.00, 117066, -571574, 974 
1719906988924.00, 128200, -569010, 1047 
1719906988940.00, 131446, -566197, 1072 
1719906988962.00, 131285, -563329, 1116 
1719906988984.00, 131078, -560453, 1168 
1719906989005.00, 130972, -557584, 1183 
1719906989029.00, 131058, -554731, 1199 
1719906989049.00, 131133, -551862, 1244 
1719906989071.00, 131037, -548999, 1243 
1719906989093.00, 130970, -546138, 1263 
1719906989115.00, 131001, -543278, 1259 
1719906989138.00, 131105, -540411, 1276 
1719906989158.00, 130884, -537545, 1271 
1719906989179.00, 131001, -534686, 1318 
1719906989201.00, 131117, -531815, 1312 
1719906989224.00, 131003, -528960, 1335 
1719906989246.00, 131011, -526105, 1347 
1719906989268.00, 131059, -523235, 1352 
1719906989289.00, 130983, -520377, 1335 
1719906989311.00, 130992, -517516, 1309 
1719906989333.00, 131062, -514651, 1293 
1719906989356.00, 131041, -511790, 1325 
1719906989376.00, 131083, -508928, 1320 
1719906989399.00, 131078, -506072, 1308 
1719906989420.00, 130958, -503209, 1276 
1719906989442.00, 130758, -500351, 1237 
1719906989466.00, 130741, -497493, 1208 
1719906989486.00, 130801, -494625, 1187 
1719906989507.00, 130939, -491768, 1184 
1719906989530.00, 130936, -488906, 1189 
1719906989550.00, 130904, -486054, 1164 
1719906989577.00, 130911, -483189, 1143 
1719906989595.00, 131007, -480339, 1086 
1719906989616.00, 130997, -477485, 1043 
1719906989638.00, 130914, -474619, 1005 
1719906989661.00, 131010, -471761, 960 
1719906989684.00, 130976, -468917, 918 
1719906989705.00, 129903, -466062, 861 
1719906989726.00, 125972, -463241, 818 
1719906989748.00, 120913, -460517, 752 
1719906989770.00, 113577, -457897, 676 
1719906989792.00, 104812, -455431, 609 
1719906989813.00, 95802, -453160, 536 
1719906989834.00, 85949, -451097, 478 
1719906989856.00, 76589, -449238, 403 
1719906989878.00, 66628, -447596, 329 
1719906989900.00, 56104, -446154, 236 
1719906989921.00, 44529, -444957, 146 
1719906989943.00, 31951, -443992, 85 
1719906989964.00, 20883, -443293, 8 
1719906989986.00, 9292, -442841, -123 
1719906990008.00, -4371, -442635, -243 
1719906990029.00, -20353, -442710, -313 
1719906990051.00, -33678, -443133, -391 
1719906990073.00, -46419, -443858, -525 
1719906990094.00, -61754, -444866, -610 
1719906990121.00, -75932, -446199, -677 
1719906990137.00, -88363, -447859, -837 
1719906990159.00, -105166, -449773, -883 
1719906990180.00, -117907, -452091, -910 
1719906990202.00, -126955, -454668, -936 
1719906990224.00, -131276, -457434, -973 
1719906990245.00, -130996, -460299, -1010 
1719906990267.00, -131070, -463140, -1018 
1719906990288.00, -131094, -466009, -1011 
1719906990310.00, -131093, -468881, -1009 
1719906990334.00, -131091, -471746, -1016 
1719906990354.00, -131142, -474611, -1035 
1719906990375.00, -131001, -477472, -1031 
1719906990397.00, -131018, -480328, -1012 
1719906990419.00, -131154, -483192, -1036 
1719906990441.00, -131196, -486054, -1070 
1719906990463.00, -131009, -488913, -1068 
1719906990485.00, -131019, -491784, -1063 
1719906990507.00, -130896, -494647, -1077 
1719906990528.00, -131136, -497514, -1097 
1719906990550.00, -130755, -500384, -1109 
1719906990572.00, -131185, -503247, -1122 
1719906990594.00, -131030, -506092, -1139 
1719906990616.00, -131144, -508963, -1159 
1719906990637.00, -131081, -511823, -1182 
1719906990659.00, -131009, -514682, -1198 
1719906990680.00, -131187, -517563, -1187 
1719906990703.00, -130907, -520424, -1179 
1719906990725.00, -131018, -523279, -1171 
1719906990747.00, -130906, -526151, -1162 
1719906990770.00, -131124, -529003, -1162 
1719906990790.00, -131035, -531854, -1149 
1719906990812.00, -131128, -534725, -1130 
1719906990834.00, -130881, -537585, -1121 
1719906990855.00, -130947, -540444, -1058 
1719906990879.00, -130849, -543313, -960 
1719906990900.00, -130893, -546148, -858 
1719906990922.00, -130961, -549002, -778 
1719906990943.00, -126291, -551841, -730 
1719906990966.00, -120608, -554569, -682 
1719906990992.00, -114160, -557185, -623 
1719906991009.00, -106481, -559666, -547 
1719906991031.00, -97403, -561969, -481 
1719906991052.00, -87826, -564056, -439 
1719906991074.00, -79409, -565963, -363 
1719906991095.00, -69780, -567665, -238 
1719906991116.00, -56542, -569176, -176 
1719906991138.00, -44657, -570385, -97 
1719906991160.00, -32733, -571358, -35 
1719906991182.00, -22181, -572079, 33 
1719906991203.00, -11953, -572563, 107 
1719906991225.00, -1153, -572818, 189 
1719906991246.00, 9678, -572851, 250 
1719906991267.00, 20267, -572663, 311 
1719906991289.00, 30026, -572239, 345 
1719906991311.00, 38010, -571590, 406 
1719906991333.00, 46329, -570769, 378 
1719906991355.00, 49659, -569782, 393 
1719906991376.00, 52606, -568708, 383 
1719906991398.00, 53664, -567568, 375 
1719906991419.00, 53897, -566408, 386 
1719906991441.00, 54384, -565236, 427 
1719906991463.00, 57303, -564046, 418 
1719906991484.00, 58440, -562812, 445 
1719906991506.00, 60662, -561540, 476 
1719906991527.00, 64100, -560217, 488 
1719906991549.00, 66856, -558825, 678 
1719906991571.00, 79687, -557369, 623 
1719906991592.00, 84235, -555648, 682 
1719906991614.00, 90273, -553818, 713 
1719906991636.00, 95680, -551859, 740 
1719906991657.00, 100598, -549778, 790 
1719906991679.00, 106354, -547586, 804 
1719906991701.00, 110760, -545255, 826 
1719906991722.00, 114543, -542852, 864 
1719906991744.00, 119293, -540346, 913 
1719906991766.00, 124764, -537743, 994 
1719906991787.00, 129362, -535017, 1060 
1719906991808.00, 131220, -532183, 1114 
1719906991830.00, 131117, -529322, 1155 
1719906991852.00, 131021, -526463, 1169 
1719906991877.00, 131201, -523598, 1174 
1719906991896.00, 131040, -520734, 1181 
1719906991917.00, 131125, -517866, 1200 
1719906991939.00, 130982, -514998, 1189 
1719906991961.00, 131254, -512138, 1165 
1719906991985.00, 131024, -509286, 1145 
1719906992005.00, 131131, -506429, 1128 
1719906992026.00, 130972, -503570, 1103 
1719906992048.00, 130946, -500704, 1080 
1719906992070.00, 130915, -497849, 1053 
1719906992091.00, 131065, -494977, 1050 
1719906992114.00, 130861, -492112, 1044 
1719906992135.00, 130986, -489253, 1042 
1719906992157.00, 131009, -486398, 1038 
1719906992179.00, 131228, -483538, 1022 
1719906992202.00, 130986, -480677, 994 
1719906992224.00, 130982, -477826, 960 
1719906992246.00, 131121, -474977, 926 
1719906992267.00, 130449, -472130, 895 
1719906992288.00, 128096, -469293, 859 
1719906992311.00, 124686, -466505, 820 
1719906992333.00, 120202, -463806, 794 
1719906992354.00, 115918, -461200, 762 
1719906992376.00, 111470, -458677, 720 
1719906992397.00, 106380, -456259, 672 
1719906992420.00, 100481, -453959, 619 
1719906992441.00, 93664, -451776, 561 
1719906992463.00, 86212, -449746, 513 
1719906992484.00, 78953, -447890, 452 
1719906992506.00, 70980, -446179, 380 
1719906992531.00, 61932, -444663, 324 
1719906992549.00, 53422, -443312, 265 
1719906992572.00, 44554, -442172, 203 
1719906992592.00, 35493, -441209, 145 
1719906992614.00, 26754, -440420, 101 
1719906992635.00, 19120, -439837, 56 
1719906992657.00, 12006, -439422, 20 
1719906992678.00, 5535, -439161, -9 
1719906992700.00, 430, -439038, -29 
1719906992721.00, -3563, -439022, -39 
1719906992744.00, -7077, -439088, -56 
1719906992764.00, -10210, -439232, -71 
1719906992786.00, -12582, -439445, -69 
1719906992808.00, -13811, -439717, -71 
1719906992829.00, -14878, -440014, -68 
1719906992854.00, -15287, -440331, -63 
1719906992873.00, -14767, -440657, -58 
1719906992893.00, -14419, -440982, -47 
1719906992915.00, -13148, -441297, -48 
1719906992937.00, -12641, -441584, -39 
1719906992959.00, -11874, -441857, -29 
1719906992980.00, -10485, -442111, -24 
1719906993002.00, -9471, -442338, -21 
1719906993023.00, -8574, -442540, -15 
1719906993044.00, -7794, -442726, -7 
1719906993066.00, -6194, -442893, -7 
1719906993087.00, -5274, -443029, 0 
1719906993108.00, -4718, -443138, 4 
1719906993129.00, -4381, -443240, 9 
1719906993151.00, -4042, -443331, 4 
1719906993172.00, -3920, -443420, 3 
1719906993195.00, -3914, -443504, 3 
1719906993214.00, -3727, -443589, -8 
1719906993236.00, -3604, -443674, -29 
1719906993257.00, -5223, -443750, -50 
1719906993279.00, -7360, -443865, -73 
1719906993301.00, -10005, -444024, -89 
1719906993322.00, -12901, -444243, -105 
1719906993344.00, -14934, -444518, -115 
1719906993366.00, -16967, -444841, -112 
1719906993387.00, -17962, -445206, -118 
1719906993409.00, -18995, -445589, -120 
1719906993431.00, -19391, -445992, -107 
1719906993452.00, -19006, -446416, -112 
1719906993473.00, -18898, -446831, -129 
1719906993495.00, -20065, -447241, -135 
1719906993517.00, -20952, -447678, -140 
1719906993539.00, -21620, -448131, -157 
1719906993560.00, -22999, -448599, -178 
1719906993582.00, -25167, -449094, -192 
1719906993604.00, -27255, -449641, -197 
1719906993625.00, -28696, -450232, -196 
1719906993647.00, -29432, -450861, -199 
1719906993669.00, -30203, -451505, -214 
1719906993691.00, -31335, -452154, -220 
1719906993711.00, -32393, -452835, -208 
1719906993734.00, -32579, -453532, -214 
1719906993755.00, -32874, -454241, -206 
1719906993777.00, -32534, -454947, -204 
1719906993798.00, -32113, -455640, -205 
1719906993820.00, -31743, -456339, -217 
1719906993842.00, -32344, -457032, -221 
1719906993863.00, -32742, -457738, -220 
1719906993885.00, -32981, -458448, -222 
1719906993907.00, -33332, -459159, -218 
1719906993928.00, -33450, -459882, -228 
1719906993950.00, -33794, -460608, -227 
1719906993971.00, -34124, -461344, -234 
1719906993993.00, -34495, -462069, -239 
1719906994014.00, -34884, -462820, -242 
1719906994036.00, -35292, -463577, -241 
1719906994058.00, -35774, -464352, -243 
1719906994079.00, -35784, -465119, -246 
1719906994101.00, -36127, -465893, -241 
1719906994122.00, -35982, -466678, -231 
1719906994144.00, -35228, -467468, -218 
1719906994166.00, -34030, -468228, -205 
1719906994188.00, -32696, -468962, -177 
1719906994209.00, -30194, -469669, -154 
1719906994231.00, -27191, -470327, -136 
1719906994252.00, -24151, -470922, -125 
1719906994274.00, -22035, -471444, -107 
1719906994296.00, -19155, -471910, -83 
1719906994317.00, -16130, -472327, -63 
1719906994339.00, -13028, -472680, -44 
1719906994360.00, -10180, -472971, -28 
1719906994387.00, -7398, -473192, -12 
1719906994403.00, -5179, -473361, -3 
1719906994425.00, -3011, -473469, 3 
1719906994446.00, -1629, -473536, 10 
1719906994467.00, 40, -473569, 19 
1719906994489.00, 803, -473574, 24 
1719906994510.00, 1853, -473561, 26 
1719906994532.00, 2663, -473524, 31 
1719906994553.00, 3500, -473468, 28 
1719906994575.00, 3855, -473395, 29 
1719906994596.00, 4191, -473312, 26 
1719906994618.00, 4142, -473220, 20 
1719906994639.00, 3772, -473129, 18 
1719906994660.00, 3426, -473052, 12 
1719906994682.00, 2723, -472978, 14 
1719906994703.00, 2470, -472918, 10 
1719906994724.00, -1, -472865, 9 
1719906994746.00, 32, -472862, 13 
1719906994767.00, 680, -472860, 13 
1719906994788.00, 1199, -472848, 3 
1719906994809.00, 689, -472823, 9 
1719906994831.00, 352, -472808, 9 
1719906994852.00, 175, -472801, 10 
1719906994873.00, 42, -472796, 8 
1719906994895.00, 67, -472796, 7 
1719906994916.00, 67, -472796, 5 
1719906994939.00, 12, -472795, 3 
1719906994959.00, 25, -472796, 2 
1719906994980.00, 0, -472793, 1 
1719906995000.00, 0, -472795, -2 
1719906995022.00, 0, -472793, -6 
1719906995043.00, 0, -472793, -10 
1719906995064.00, 0, -472795, -12 
1719906995085.00, -72, -472793, -13 
1719906995106.00, -666, -472800, -15 
1719906995128.00, -1267, -472807, -14 
1719906995150.00, -1588, -472831, -19 
1719906995171.00, -2110, -472865, -19 
1719906995192.00, -2445, -472909, -19 
1719906995214.00, -2608, -472961, -19 
1719906995235.00, -2707, -473017, -19 
1719906995259.00, -2820, -473075, -21 
1719906995278.00, -2886, -473134, -22 
1719906995301.00, -3127, -473197, -21 
1719906995321.00, -3052, -473265, -20 
1719906995343.00, -3053, -473335, -20 
1719906995366.00, -3157, -473400, -20 
1719906995386.00, -2995, -473463, -18 
1719906995407.00, -2934, -473530, -16 
1719906995429.00, -2682, -473591, -15 
1719906995450.00, -2360, -473650, -16 
1719906995473.00, -2304, -473703, -15 
1719906995493.00, -2301, -473753, -14 
1719906995514.00, -2212, -473804, -12 
1719906995535.00, -1998, -473853, -10 
1719906995557.00, 0, -473896, -8 
1719906995578.00, 17, -473899, -11 
1719906995600.00, -474, -473899, -7 
1719906995621.00, -271, -473907, 1 
1719906995642.00, -143, -473912, -3 
1719906995663.00, -70, -473917, -3 
1719906995685.00, -53, -473917, -1 
1719906995706.00, -50, -473920, -2 
1719906995728.00, 6, -473919, 0 
1719906995748.00, 0, -473920, 0 
1719906995769.00, 0, -473920, 0 
1719906995789.00, 0, -473922, 0 
1719906995811.00, 0, -473920, 1 
1719906995831.00, 0, -473920, 3 
1719906995853.00, 0, -473921, 4 
1719906995874.00, -5, -473922, 4 
1719906995895.00, 2, -473921, 4 
1719906995919.00, 0, -473922, 4 
1719906995937.00, 0, -473921, 6 
1719906995958.00, 3, -473923, 6 
1719906995979.00, 0, -473921, 5 
1719906996000.00, 0, -473922, 4 
1719906996025.00, 0, -473922, 3 
1719906996042.00, 63, -473922, 2 
1719906996063.00, -7, -473922, 1 
1719906996084.00, 0, -473923, 0 
1719906996106.00, 0, -473922, -3 
1719906996130.00, 0, -473923, -3 
1719906996148.00, 0, -473924, -4 
1719906996169.00, 0, -473923, -6 
1719906996190.00, 0, -473923, -9 
1719906996211.00, 0, -473923, -11 
1719906996233.00, -665, -473924, -12 
1719906996254.00, -1129, -473935, -10 
1719906996275.00, -26, -473959, -9 
1719906996297.00, 0, -473961, -15 
1719906996318.00, -885, -473961, -15 
1719906996340.00, -1459, -473978, -11 
1719906996360.00, -1551, -474010, -9 
1719906996382.00, -910, -474043, -9 
1719906996403.00, -507, -474064, -13 
1719906996425.00, -1138, -474076, -14 
1719906996446.00, -1572, -474098, -12 
1719906996468.00, -1717, -474132, -13 
1719906996489.00, -1863, -474169, -14 
1719906996511.00, -2022, -474211, -16 
1719906996532.00, -2198, -474254, -17 
1719906996554.00, -2363, -474299, -19 
1719906996575.00, -2685, -474348, -22 
1719906996597.00, -2878, -474405, -27 
1719906996618.00, -3395, -474469, -41 
1719906996639.00, -4434, -474539, -51 
1719906996661.00, -5764, -474636, -60 
1719906996683.00, -7129, -474753, -64 
1719906996704.00, -8355, -474902, -76 
1719906996725.00, -9942, -475076, -92 
1719906996747.00, -11293, -475283, -124 
1719906996768.00, -14114, -475532, -157 
1719906996794.00, -17958, -475839, -182 
1719906996811.00, -21674, -476223, -191 
1719906996833.00, -24175, -476691, -199 
1719906996855.00, -26258, -477225, -214 
1719906996877.00, -28295, -477793, -231 
1719906996898.00, -30385, -478399, -251 
1719906996920.00, -32909, -479058, -260 
1719906996942.00, -34900, -479774, -266 
1719906996963.00, -36725, -480542, -271 
1719906996984.00, -37636, -481328, -300 
1719906997012.00, -40208, -482143, -245 
1719906997028.00, -38703, -483032, -428 
1719906997050.00, -48548, -483881, -397 
1719906997071.00, -52606, -484914, -406 
1719906997093.00, -55599, -486061, -454 
1719906997118.00, -60096, -487276, -497 
1719906997137.00, -65386, -488569, -533 
1719906997158.00, -70680, -489999, -618 
1719906997179.00, -78957, -491537, -669 
1719906997201.00, -86935, -493254, -672 
1719906997223.00, -91713, -495134, -730 
1719906997245.00, -98059, -497134, -758 
1719906997266.00, -103504, -499257, -801 
1719906997287.00, -109053, -501522, -843 
1719906997309.00, -115078, -503912, -857 
1719906997330.00, -119372, -506406, -867 
1719906997354.00, -122508, -509107, -872 
1719906997376.00, -18740, -511755, -881 
1719906997398.00, -22266, -512422, -1342 
1719906997419.00, -26154, -512835, -937 
1719906997440.00, -28879, -513386, -959 
1719906997462.00, -28932, -514006, -1005 
1719906997484.00, -29291, -514630, -931 
1719906997506.00, -29120, -515258, -894 
1719906997527.00, -29128, -515887, -851 
1719906997549.00, -28976, -516526, -808 
1719906997570.00, -28941, -517153, -749 
1719906997592.00, -29066, -517772, -690 
1719906997614.00, -28843, -518396, -643 
1719906997636.00, -29088, -519024, -592 
1719906997657.00, -29025, -519655, -565 
1719906997678.00, -29042, -520282, -547 
1719906997700.00, -29081, -520899, -512 
1719906997721.00, -29033, -521526, -481 
1719906997743.00, -29231, -522156, -469 
1719906997765.00, -28933, -522793, -452 
1719906997788.00, -29196, -523424, -441 
1719906997809.00, -28975, -524043, -445 
1719906997830.00, -29183, -524673, -432 
1719906997852.00, -29024, -525304, -417 
1719906997874.00, -29135, -525941, -408 
1719906997895.00, -29232, -526575, -409 
1719906997917.00, -29013, -527199, -415 
1719906997938.00, -29231, -527826, -435 
1719906997960.00, -29019, -528462, -475 
1719906997982.00, -29285, -529097, -513 
1719906998004.00, -29134, -529738, -570 
1719906998025.00, -29222, -530366, -625 
1719906998047.00, -29043, -530997, -665 
1719906998068.00, -29501, -531629, -706 
1719906998089.00, -28971, -532267, -740 
1719906998112.00, -29243, -532908, -772 
1719906998133.00, -28857, -533537, -801 
1719906998155.00, -29213, -534168, -819 
1719906998177.00, -28896, -534795, -836 
1719906998198.00, -28975, -535430, -848 
1719906998220.00, -29026, -536065, -862 
1719906998241.00, -29123, -536698, -886 
1719906998263.00, -29454, -537319, -892 
1719906998285.00, -28878, -537947, -896 
1719906998306.00, -29135, -538579, -905 
1719906998328.00, -29036, -539215, -922 
1719906998349.00, -29262, -539847, -923 
1719906998371.00, -29060, -540473, -923 
1719906998393.00, -29016, -541101, -929 
1719906998415.00, -28962, -541735, -943 
1719906998436.00, -28947, -542373, -952 
1719906998458.00, -29322, -543006, -957 
1719906998479.00, -28920, -543630, -964 
1719906998501.00, -29254, -544252, -951 
1719906998523.00, -29014, -544880, -950 
1719906998546.00, -29280, -545517, -956 
1719906998566.00, -28816, -546150, -958 
1719906998588.00, -28984, -546774, -947 
1719906998609.00, -28979, -547399, -946 
1719906998631.00, -28854, -548030, -951 
1719906998656.00, -29227, -548663, -952 
1719906998674.00, -28942, -549298, -951 
1719906998696.00, -29131, -549924, -948 
1719906998717.00, -29021, -550553, -954 
1719906998739.00, -29130, -551180, -955 
1719906998761.00, -29211, -551812, -946 
1719906998782.00, -29101, -552449, -951 
1719906998804.00, -29168, -553078, -956 
1719906998825.00, -28905, -553703, -947 
1719906998847.00, -29416, -554332, -931 
1719906998869.00, -28949, -554961, -932 
1719906998891.00, -29087, -555596, -930 
1719906998912.00, -28945, -556226, -924 
1719906998934.00, -29121, -556850, -917 
1719906998955.00, -28958, -557475, -915 
1719906998982.00, -28900, -558106, -903 
1719906998999.00, -28976, -558739, -899 
1719906999020.00, -28854, -559368, -899 
1719906999042.00, -29203, -559995, -887 
1719906999063.00, -29287, -560616, -878 
1719906999088.00, -29094, -561247, -891 
1719906999107.00, -29042, -561884, -895 
1719906999129.00, -29094, -562518, -881 
1719906999150.00, -29217, -563139, -869 
1719906999171.00, -28916, -563763, -873 
1719906999193.00, -29189, -564392, -859 
1719906999214.00, -28881, -565027, -848 
1719906999236.00, -29178, -565664, -846 
1719906999257.00, -28972, -566290, -828 
1719906999280.00, -29068, -566913, -809 
1719906999307.00, -29103, -567540, -804 
1719906999323.00, -29115, -568177, -811 
1719906999345.00, -29233, -568810, -817 
1719906999366.00, -29057, -569439, -815 
1719906999388.00, -29144, -570064, -811 
1719906999410.00, -28873, -570689, -794 
1719906999431.00, -29241, -571320, -797 
1719906999453.00, -29122, -571952, -791 
1719906999475.00, -29034, -572585, -770 
1719906999496.00, -29140, -573210, -762 
1719906999518.00, -28971, -573838, -749 
1719906999539.00, -29163, -574470, -729 
1719906999561.00, -29033, -575102, -723 
1719906999583.00, -29137, -575735, -712 
1719906999604.00, -28996, -576356, -693 
1719906999626.00, -29198, -576981, -677 
1719906999648.00, -28997, -577608, -666 
1719906999669.00, -28956, -578241, -654 
1719906999691.00, -29007, -578871, -633 
1719906999712.00, -28952, -579495, -611 
1719906999734.00, -29096, -580120, -595 
1719906999755.00, -28900, -580746, -562 
1719906999777.00, -28928, -581379, -553 
1719906999799.00, -29056, -582009, -532 
1719906999821.00, -28976, -582632, -492 
1719906999842.00, -29140, -583253, -447 
1719906999864.00, -29012, -583879, -394 
1719906999886.00, -29190, -584510, -387 
1719906999907.00, -28983, -585141, -383 
1719906999929.00, -28983, -585768, -354 
1719906999951.00, -29291, -586389, -340 
1719906999972.00, -28885, -587019, -322 
1719906999994.00, -29010, -587652, -304 
1719907000015.00, -28833, -588279, -283 
1719907000036.00, -29044, -588904, -232 
1719907000059.00, -29137, -589523, -194 
1719907000080.00, -28027, -590150, -183 
1719907000102.00, -27097, -590769, -185 
1719907000124.00, -26442, -591355, -172 
1719907000145.00, -25216, -591931, -127 
1719907000166.00, -21964, -592473, -85 
1719907000188.00, -17534, -592943, -51 
1719907000210.00, -9952, -593322, -29 
1719907000230.00, -5239, -593543, -24 
1719907000252.00, -2440, -593659, -14 
1719907000274.00, -710, -593715, -3 
1719907000295.00, 65, -593732, 1 
1719907000316.00, 105, -593733, 12 
1719907000338.00, 1257, -593730, 40 
1719907000360.00, 3745, -593707, 63 
1719907000381.00, 6444, -593628, 79 
1719907000402.00, 9414, -593486, 100 
1719907000424.00, 12387, -593288, 124 
1719907000446.00, 15299, -593018, 154 
1719907000467.00, 19011, -592690, 180 
1719907000489.00, 22763, -592283, 207 
1719907000511.00, 26707, -591793, 233 
1719907000532.00, 29024, -591215, 274 
1719907000554.00, 29065, -590586, 315 
1719907000575.00, 29223, -589956, 292 
1719907000597.00, 29098, -589310, 503 
1719907000626.00, 29176, -588685, 490 
1719907000641.00, 29348, -588048, 556 
1719907000662.00, 29361, -587410, 629 
1719907000683.00, 29341, -586768, 735 
1719907000705.00, 29159, -586133, 830 
1719907000727.00, 29365, -585496, 962 
1719907000748.00, 29171, -584860, 1026 
1719907000770.00, 29437, -584219, 1067 
1719907000792.00, 29017, -583580, 1133 
1719907000814.00, 29371, -582941, 1198 
1719907000839.00, 28940, -582307, 1249 
1719907000857.00, 29405, -581671, 1270 
1719907000879.00, 29148, -581034, 1276 
1719907000901.00, 29172, -580397, 1308 
1719907000922.00, 29026, -579761, 1330 
1719907000945.00, 29223, -579128, 1347 
1719907000966.00, 29211, -578497, 1352 
1719907000987.00, 29075, -577861, 1340 
1719907001009.00, 29212, -577227, 1346 
1719907001031.00, 29120, -576594, 1351 
1719907001059.00, 29286, -575966, 1354 
1719907001075.00, 29058, -575336, 1325 
1719907001096.00, 29057, -574701, 1324 
1719907001118.00, 28835, -574064, 1338 
1719907001139.00, 28956, -573430, 1318 
1719907001161.00, 29104, -572800, 1316 
1719907001183.00, 28962, -572175, 1303 
1719907001204.00, 29035, -571540, 1288 
1719907001227.00, 29044, -570906, 1276 
1719907001248.00, 29231, -570274, 1238 
1719907001270.00, 29052, -569650, 1222 
1719907001292.00, 28999, -569021, 1221 
1719907001314.00, 28884, -568390, 1172 
1719907001335.00, 29023, -567760, 1123 
1719907001357.00, 29068, -567122, 1134 
1719907001379.00, 29135, -566495, 1118 
1719907001401.00, 29052, -565870, 1064 
1719907001422.00, 29301, -565236, 1043 
1719907001444.00, 29116, -564596, 1057 
1719907001466.00, 29238, -563963, 1020 
1719907001487.00, 28850, -563334, 976 
1719907001509.00, 29001, -562710, 961 
1719907001531.00, 29000, -562091, 903 
1719907001552.00, 28862, -561459, 859 
1719907001574.00, 29102, -560830, 813 
1719907001596.00, 28865, -560209, 758 
1719907001617.00, 28994, -559586, 690 
1719907001638.00, 28922, -558969, 625 
1719907001660.00, 28863, -558342, 545 
1719907001682.00, 29092, -557714, 466 
1719907001704.00, 28935, -557093, 400 
1719907001725.00, 28888, -556472, 339 
1719907001747.00, 29114, -555855, 288 
1719907001769.00, 28909, -555229, 240 
1719907001790.00, 28995, -554601, 172 
1719907001812.00, 26993, -553984, 97 
1719907001833.00, 21392, -553402, 100 
1719907001854.00, 18348, -552942, 94 
1719907001876.00, 15641, -552551, 98 
1719907001898.00, 14685, -552210, 80 
1719907001920.00, 12659, -551900, 32 
1719907001941.00, 8647, -551623, -7 
1719907001963.00, 4340, -551433, -37 
1719907001984.00, -32, -551339, -110 
1719907002006.00, -7156, -551337, -178 
1719907002027.00, -15348, -551483, -248 
1719907002048.00, -22203, -551818, -305 
1719907002070.00, -26491, -552296, -357 
1719907002092.00, -28731, -552855, -249 
1719907002114.00, -29213, -553468, -266 
1719907002135.00, -29429, -554106, -318 
1719907002157.00, -29098, -554740, -327 
1719907002178.00, -29179, -555371, -317 
1719907002200.00, -28932, -556004, -301 
1719907002221.00, -29221, -556627, -294 
1719907002244.00, -29111, -557253, -273 
1719907002266.00, -29227, -557882, -228 
1719907002287.00, -28795, -558513, -179 
1719907002308.00, -28118, -559139, -103 
1719907002330.00, -23320, -559740, -2 
1719907002351.00, -14029, -560230, 76 
1719907002372.00, -3949, -560537, 155 
1719907002394.00, 6071, -560629, 249 
1719907002416.00, 15868, -560511, 302 
1719907002437.00, 21613, -560174, 454 
1719907002459.00, 25339, -559707, 578 
1719907002483.00, 27228, -559166, 645 
1719907002503.00, 28242, -558572, 701 
1719907002524.00, 29156, -557949, 795 
1719907002546.00, 29325, -557316, 855 
1719907002567.00, 29433, -556681, 940 
1719907002590.00, 28934, -556052, 999 
1719907002611.00, 29500, -555413, 1054 
1719907002633.00, 28923, -554775, 1130 
1719907002654.00, 29502, -554132, 1183 
1719907002676.00, 29018, -553499, 1227 
1719907002701.00, 29062, -552868, 1274 
1719907002719.00, 29057, -552234, 1284 
1719907002741.00, 29385, -551593, 1303 
1719907002763.00, 29238, -550957, 1354 
1719907002784.00, 29071, -550321, 1398 
1719907002806.00, 29267, -549686, 1445 
1719907002827.00, 29013, -549050, 1490 
1719907002849.00, 29256, -548411, 1519 
1719907002871.00, 29035, -547772, 1554 
1719907002893.00, 29233, -547137, 1563 
1719907002915.00, 28978, -546506, 1579 
1719907002937.00, 29248, -545876, 1595 
1719907002959.00, 29006, -545239, 1600 
1719907002980.00, 29381, -544604, 1586 
1719907003001.00, 28951, -543972, 1585 
1719907003027.00, 29362, -543339, 1594 
1719907003045.00, 28800, -542711, 1607 
1719907003066.00, 29445, -542075, 1613 
1719907003088.00, 28891, -541437, 1636 
1719907003110.00, 29299, -540798, 1651 
1719907003133.00, 28896, -540166, 1649 
1719907003154.00, 29190, -539539, 1647 
1719907003176.00, 29166, -538905, 1637 
1719907003197.00, 29142, -538269, 1613 
1719907003219.00, 28975, -537638, 1594 
1719907003242.00, 29306, -537006, 1600 
1719907003262.00, 29182, -536379, 1594 
1719907003284.00, 29061, -535746, 1592 
1719907003306.00, 28982, -535109, 1582 
1719907003328.00, 29191, -534476, 1541 
1719907003350.00, 29080, -533840, 1554 
1719907003371.00, 29237, -533211, 1550 
1719907003392.00, 29056, -532579, 1522 
1719907003414.00, 29055, -531941, 1524 
1719907003436.00, 29080, -531303, 1527 
1719907003462.00, 29144, -530670, 1534 
1719907003480.00, 29210, -530046, 1506 
1719907003501.00, 28923, -529414, 1496 
1719907003523.00, 29181, -528783, 1473 
1719907003545.00, 28919, -528142, 1455 
1719907003571.00, 29262, -527512, 1453 
1719907003588.00, 28869, -526885, 1447 
1719907003609.00, 29123, -526256, 1440 
1719907003631.00, 28871, -525617, 1436 
1719907003653.00, 29065, -524982, 1407 
1719907003676.00, 29114, -524352, 1408 
1719907003697.00, 29046, -523719, 1408 
1719907003719.00, 28739, -523090, 1406 
1719907003740.00, 29009, -522457, 1389 
1719907003762.00, 29099, -521824, 1399 
1719907003783.00, 29088, -521191, 1397 
1719907003806.00, 29201, -520558, 1402 
1719907003827.00, 29096, -519933, 1389 
1719907003849.00, 29178, -519300, 1400 
1719907003870.00, 29087, -518662, 1381 
1719907003892.00, 28931, -518030, 1375 
1719907003914.00, 29038, -517395, 1380 
1719907003936.00, 29227, -516769, 1380 
1719907003958.00, 29058, -516134, 1375 
1719907003979.00, 29096, -515495, 1360 
1719907004000.00, 29212, -514857, 1359 
1719907004023.00, 29015, -514223, 1383 
1719907004045.00, 29157, -513596, 1376 
1719907004066.00, 28999, -512964, 1378 
1719907004088.00, 28982, -512330, 1395 
1719907004109.00, 28973, -511697, 1381 
1719907004131.00, 28925, -511064, 1378 
1719907004153.00, 29300, -510437, 1392 
1719907004174.00, 29243, -509809, 1408 
1719907004197.00, 29115, -509168, 1421 
1719907004218.00, 29126, -508529, 1425 
1719907004240.00, 28970, -507893, 1443 
1719907004262.00, 29153, -507264, 1439 
1719907004283.00, 29066, -506635, 1451 
1719907004305.00, 29116, -506000, 1460 
1719907004327.00, 28929, -505361, 1456 
1719907004349.00, 29123, -504728, 1463 
1719907004370.00, 29217, -504103, 1461 
1719907004392.00, 29080, -503474, 1465 
1719907004414.00, 28996, -502837, 1474 
1719907004436.00, 29112, -502200, 1452 
1719907004457.00, 29179, -501568, 1446 
1719907004479.00, 29141, -500935, 1448 
1719907004501.00, 29010, -500306, 1450 
1719907004522.00, 29017, -499669, 1450 
1719907004544.00, 29144, -499030, 1444 
1719907004566.00, 29256, -498397, 1429 
1719907004587.00, 28867, -497765, 1450 
1719907004609.00, 29038, -497136, 1441 
1719907004631.00, 29115, -496509, 1419 
1719907004653.00, 29236, -495870, 1437 
1719907004674.00, 28924, -495237, 1433 
1719907004696.00, 28983, -494604, 1440 
1719907004718.00, 29052, -493975, 1442 
1719907004740.00, 29177, -493350, 1447 
1719907004761.00, 29076, -492711, 1436 
1719907004782.00, 29056, -492073, 1434 
1719907004805.00, 29091, -491438, 1452 
1719907004826.00, 29330, -490808, 1442 
1719907004848.00, 29089, -490178, 1454 
1719907004870.00, 29303, -489542, 1440 
1719907004892.00, 28894, -488907, 1419 
1719907004913.00, 29082, -488274, 1414 
1719907004935.00, 28964, -487644, 1409 
1719907004957.00, 29086, -487019, 1402 
1719907004979.00, 29030, -486386, 1386 
1719907005001.00, 29142, -485749, 1372 
1719907005022.00, 28981, -485116, 1380 
1719907005044.00, 29243, -484482, 1390 
1719907005066.00, 28872, -483854, 1384 
1719907005088.00, 28992, -483218, 1391 
1719907005109.00, 28909, -482581, 1407 
1719907005131.00, 28987, -481949, 1401 
1719907005153.00, 29196, -481316, 1410 
1719907005174.00, 29178, -480690, 1406 
1719907005197.00, 28956, -480058, 1413 
1719907005219.00, 28926, -479420, 1417 
1719907005239.00, 29195, -478789, 1423 
1719907005260.00, 29228, -478157, 1433 
1719907005282.00, 28910, -477531, 1419 
1719907005304.00, 28881, -476896, 1426 
1719907005326.00, 28900, -476260, 1407 
1719907005348.00, 28973, -475627, 1392 
1719907005370.00, 29121, -474996, 1376 
1719907005391.00, 28836, -474370, 1373 
1719907005413.00, 29010, -473736, 1375 
1719907005438.00, 29165, -473101, 1376 
1719907005457.00, 29318, -472469, 1379 
1719907005479.00, 28803, -471836, 1373 
1719907005500.00, 29105, -471207, 1370 
1719907005522.00, 29000, -470580, 1377 
1719907005545.00, 29258, -469944, 1362 
1719907005565.00, 28838, -469312, 1355 
1719907005587.00, 29133, -468678, 1359 
1719907005608.00, 29016, -468048, 1341 
1719907005630.00, 29444, -467418, 1341 
1719907005653.00, 29007, -466778, 1342 
1719907005674.00, 29164, -466141, 1350 
1719907005696.00, 28945, -465509, 1343 
1719907005718.00, 29208, -464876, 1347 
1719907005739.00, 28991, -464250, 1338 
1719907005763.00, 29242, -463613, 1333 
1719907005783.00, 28876, -462980, 1330 
1719907005804.00, 29137, -462347, 1327 
1719907005826.00, 29050, -461717, 1318 
1719907005848.00, 29253, -461093, 1322 
1719907005870.00, 28924, -460458, 1320 
1719907005891.00, 29169, -459821, 1312 
1719907005913.00, 28923, -459188, 1288 
1719907005935.00, 29243, -458555, 1270 
1719907005956.00, 28885, -457930, 1262 
1719907005984.00, 29081, -457294, 1258 
1719907006000.00, 28900, -456661, 1252 
1719907006021.00, 29091, -456031, 1238 
1719907006043.00, 29178, -455400, 1220 
1719907006065.00, 29161, -454773, 1208 
1719907006090.00, 28908, -454143, 1192 
1719907006109.00, 28964, -453507, 1166 
1719907006130.00, 29143, -452879, 1150 
1719907006152.00, 29283, -452243, 1141 
1719907006174.00, 28924, -451612, 1126 
1719907006200.00, 28888, -450982, 1119 
1719907006217.00, 28922, -450344, 1076 
1719907006239.00, 28943, -449714, 1034 
1719907006260.00, 28997, -449087, 988 
1719907006282.00, 28754, -448467, 902 
1719907006306.00, 28763, -447845, 802 
1719907006325.00, 28963, -447225, 698 
1719907006347.00, 28709, -446606, 589 
1719907006369.00, 28715, -445985, 478 
1719907006390.00, 28921, -445371, 368 
1719907006417.00, 28778, -444759, 260 
1719907006434.00, 28750, -444134, 164 
1719907006455.00, 26143, -443522, 52 
1719907006477.00, 17832, -442963, -50 
1719907006498.00, 6977, -442572, -128 
1719907006520.00, -3649, -442422, -232 
1719907006542.00, -15928, -442491, -279 
1719907006563.00, -22529, -442825, -495 
1719907006585.00, -26511, -443308, -505 
1719907006606.00, -28793, -443881, -519 
1719907006628.00, -29237, -444517, -552 
1719907006650.00, -29219, -445159, -665 
1719907006671.00, -29231, -445787, -715 
1719907006693.00, -29161, -446416, -754 
1719907006715.00, -29161, -447052, -819 
1719907006735.00, -29268, -447691, -884 
1719907006758.00, -29007, -448329, -936 
1719907006779.00, -29169, -448953, -987 
1719907006801.00, -29126, -449589, -1031 
1719907006824.00, -29264, -450226, -1085 
1719907006845.00, -29166, -450870, -1130 
1719907006866.00, -29398, -451514, -1164 
1719907006888.00, -28991, -452150, -1216 
1719907006910.00, -29354, -452786, -1277 
1719907006932.00, -28937, -453415, -1287 
1719907006953.00, -29225, -454054, -1315 
1719907006975.00, -29173, -454694, -1339 
1719907006997.00, -29352, -455323, -1341 
1719907007019.00, -29009, -455954, -1354 
1719907007039.00, -29299, -456587, -1376 
1719907007062.00, -29050, -457223, -1397 
1719907007084.00, -29084, -457864, -1406 
1719907007106.00, -29149, -458494, -1394 
1719907007126.00, -29072, -459124, -1370 
1719907007149.00, -29051, -459757, -1373 
1719907007171.00, -29199, -460394, -1381 
1719907007192.00, -29142, -461035, -1379 
1719907007214.00, -29063, -461665, -1398 
1719907007236.00, -29040, -462291, -1402 
1719907007257.00, -29114, -462923, -1377 
1719907007279.00, -29037, -463554, -1368 
1719907007301.00, -29050, -464191, -1358 
1719907007323.00, -29185, -464825, -1345 
1719907007344.00, -28972, -465453, -1351 
1719907007366.00, -29275, -466087, -1379 
1719907007388.00, -29044, -466726, -1404 
1719907007409.00, -29352, -467367, -1427 
1719907007431.00, -28966, -468003, -1463 
1719907007453.00, -29477, -468640, -1533 
1719907007474.00, -29073, -469273, -1572 
1719907007496.00, -29337, -469904, -1575 
1719907007522.00, -28917, -470543, -1571 
1719907007540.00, -29302, -471181, -1574 
1719907007562.00, -29028, -471807, -1566 
1719907007583.00, -29227, -472432, -1547 
1719907007605.00, -28914, -473065, -1545 
1719907007626.00, -29265, -473702, -1529 
1719907007649.00, -29119, -474341, -1532 
1719907007670.00, -29332, -474970, -1540 
1719907007692.00, -28881, -475598, -1509 
1719907007714.00, -29063, -476230, -1501 
1719907007735.00, -29041, -476871, -1526 
1719907007757.00, -29292, -477506, -1495 
1719907007779.00, -28814, -478133, -1477 
1719907007801.00, -29086, -478761, -1490 
1719907007822.00, -28867, -479388, -1467 
1719907007843.00, -29133, -480022, -1471 
1719907007866.00, -28687, -480658, -1481 
1719907007887.00, -28964, -481282, -1426 
1719907007909.00, -28899, -481903, -1406 
1719907007931.00, -29087, -482537, -1427 
1719907007954.00, -29057, -483172, -1428 
1719907007974.00, -29023, -483814, -1401 
1719907007996.00, -28981, -484445, -1411 
1719907008018.00, -29051, -485076, -1425 
1719907008039.00, -28964, -485701, -1396 
1719907008062.00, -29105, -486337, -1346 
1719907008083.00, -29139, -486974, -1379 
1719907008105.00, -29136, -487606, -1384 
1719907008126.00, -29013, -488237, -1381 
1719907008148.00, -29101, -488864, -1376 
1719907008169.00, -29203, -489499, -1379 
1719907008192.00, -29215, -490137, -1354 
1719907008213.00, -29054, -490771, -1354 
1719907008235.00, -29102, -491408, -1381 
1719907008257.00, -29204, -492035, -1356 
1719907008278.00, -29240, -492671, -1349 
1719907008300.00, -28961, -493309, -1369 
1719907008322.00, -29038, -493943, -1363 
1719907008344.00, -29015, -494573, -1368 
1719907008365.00, -29200, -495202, -1390 
1719907008387.00, -29221, -495830, -1376 
1719907008409.00, -29211, -496466, -1363 
1719907008431.00, -29006, -497106, -1379 
1719907008452.00, -29233, -497737, -1393 
1719907008473.00, -28994, -498362, -1362 
1719907008495.00, -29035, -498992, -1351 
1719907008517.00, -28934, -499632, -1366 
1719907008539.00, -29003, -500273, -1334 
1719907008561.00, -29182, -500899, -1297 
1719907008583.00, -29138, -501531, -1297 
1719907008604.00, -28903, -502160, -1293 
1719907008626.00, -29070, -502797, -1300 
1719907008648.00, -29039, -503436, -1294 
1719907008669.00, -29254, -504066, -1263 
1719907008691.00, -28953, -504691, -1275 
1719907008713.00, -29051, -505318, -1278 
1719907008734.00, -28900, -505955, -1259 
1719907008757.00, -29205, -506594, -1254 
1719907008777.00, -29124, -507224, -1234 
1719907008800.00, -29164, -507852, -1221 
1719907008822.00, -28940, -508484, -1218 
1719907008843.00, -28886, -509119, -1217 
1719907008865.00, -29060, -509759, -1221 
1719907008887.00, -29154, -510391, -1227 
1719907008909.00, -28892, -511017, -1219 
1719907008932.00, -28883, -511646, -1211 
1719907008952.00, -29082, -512276, -1213 
1719907008973.00, -29053, -512912, -1211 
1719907008995.00, -29060, -513546, -1208 
1719907009017.00, -28929, -514175, -1216 
1719907009042.00, -28969, -514802, -1200 
1719907009061.00, -29188, -515435, -1193 
1719907009083.00, -29197, -516073, -1181 
1719907009104.00, -28970, -516714, -1183 
1719907009125.00, -28983, -517342, -1174 
1719907009150.00, -29103, -517973, -1170 
1719907009170.00, -29147, -518600, -1159 
1719907009190.00, -28993, -519239, -1150 
1719907009212.00, -29022, -519876, -1150 
1719907009234.00, -29035, -520501, -1143 
1719907009258.00, -29330, -521130, -1138 
1719907009278.00, -29045, -521760, -1134 
1719907009300.00, -29052, -522396, -1109 
1719907009321.00, -29070, -523033, -1088 
1719907009343.00, -29214, -523666, -1095 
1719907009365.00, -28936, -524294, -1081 
1719907009387.00, -29059, -524922, -1051 
1719907009408.00, -28988, -525555, -1036 
1719907009430.00, -29076, -526195, -1025 
1719907009451.00, -29277, -526825, -993 
1719907009480.00, -29215, -527449, -987 
1719907009495.00, -28912, -528076, -989 
1719907009517.00, -29136, -528708, -971 
1719907009538.00, -29023, -529341, -978 
1719907009560.00, -29069, -529976, -991 
1719907009581.00, -29011, -530599, -983 
1719907009603.00, -28999, -531223, -962 
1719907009624.00, -29019, -531851, -958 
1719907009646.00, -29034, -532490, -957 
1719907009668.00, -29276, -533124, -940 
1719907009690.00, -29002, -533749, -904 
1719907009712.00, -29196, -534378, -915 
1719907009733.00, -28854, -535009, -915 
1719907009755.00, -29122, -535641, -892 
1719907009776.00, -29028, -536275, -886 
1719907009798.00, -29040, -536902, -883 
1719907009820.00, -28982, -537524, -896 
1719907009840.00, -29025, -538154, -901 
1719907009863.00, -29262, -538785, -884 
1719907009884.00, -29045, -539418, -889 
1719907009906.00, -29170, -540047, -914 
1719907009927.00, -29021, -540678, -915 
1719907009949.00, -29139, -541306, -906 
1719907009971.00, -29081, -541938, -917 
1719907009993.00, -29111, -542578, -920 
1719907010014.00, -28971, -543207, -906 
1719907010036.00, -29002, -543831, -894 
1719907010058.00, -29185, -544457, -891 
1719907010079.00, -29031, -545085, -893 
1719907010101.00, -29195, -545721, -907 
1719907010122.00, -28960, -546355, -903 
1719907010144.00, -29135, -546980, -881 
1719907010165.00, -29010, -547607, -880 
1719907010187.00, -29110, -548236, -884 
1719907010209.00, -29071, -548874, -885 
1719907010231.00, -29194, -549508, -881 
1719907010252.00, -29134, -550135, -879 
1719907010273.00, -28951, -550763, -884 
1719907010295.00, -29114, -551394, -890 
1719907010317.00, -28988, -552026, -886 
1719907010339.00, -29224, -552665, -885 
1719907010360.00, -29015, -553289, -901 
1719907010382.00, -29197, -553915, -899 
1719907010404.00, -29102, -554541, -898 
1719907010425.00, -29276, -555179, -904 
1719907010447.00, -29067, -555815, -908 
1719907010468.00, -29104, -556441, -901 
1719907010490.00, -29091, -557067, -877 
1719907010511.00, -28938, -557693, -872 
1719907010534.00, -29258, -558327, -875 
1719907010554.00, -29050, -558961, -866 
1719907010577.00, -29181, -559591, -852 
1719907010598.00, -28852, -560218, -861 
1719907010620.00, -29167, -560846, -857 
1719907010642.00, -29074, -561474, -846 
1719907010663.00, -29155, -562109, -847 
1719907010690.00, -29111, -562740, -857 
1719907010707.00, -29016, -563368, -856 
1719907010728.00, -29202, -563993, -850 
1719907010750.00, -29104, -564623, -855 
1719907010772.00, -29201, -565260, -850 
1719907010793.00, -28922, -565895, -837 
1719907010815.00, -29277, -566520, -820 
1719907010836.00, -29146, -567146, -810 
1719907010858.00, -29222, -567777, -801 
1719907010880.00, -29031, -568414, -802 
1719907010904.00, -29096, -569047, -799 
1719907010922.00, -29154, -569674, -794 
1719907010945.00, -29082, -570296, -781 
1719907010966.00, -29260, -570922, -763 
1719907010988.00, -28962, -571557, -764 
1719907011011.00, -29392, -572191, -758 
1719907011031.00, -28998, -572819, -743 
1719907011052.00, -29170, -573446, -737 
1719907011074.00, -28887, -574076, -728 
1719907011096.00, -28956, -574708, -722 
1719907011121.00, -29125, -575342, -712 
1719907011139.00, -29024, -575969, -696 
1719907011161.00, -29228, -576593, -680 
1719907011182.00, -28869, -577219, -669 
1719907011204.00, -29199, -577849, -663 
1719907011230.00, -29077, -578481, -660 
1719907011247.00, -29169, -579110, -654 
1719907011269.00, -28972, -579738, -629 
1719907011291.00, -28821, -580363, -601 
1719907011313.00, -29117, -580994, -600 
1719907011335.00, -28939, -581627, -597 
1719907011356.00, -29187, -582258, -580 
1719907011377.00, -28862, -582882, -559 
1719907011399.00, -29046, -583509, -545 
1719907011421.00, -28958, -584135, -534 
1719907011442.00, -28955, -584765, -512 
1719907011463.00, -29074, -585399, -489 
1719907011485.00, -28964, -586020, -478 
1719907011507.00, -29044, -586644, -460 
1719907011529.00, -29013, -587271, -436 
1719907011551.00, -29088, -587906, -413 
1719907011572.00, -28902, -588535, -395 
1719907011594.00, -28861, -589158, -376 
1719907011615.00, -29089, -589781, -354 
1719907011637.00, -29024, -590404, -329 
1719907011658.00, -29211, -591038, -305 
1719907011680.00, -28779, -591669, -281 
1719907011702.00, -28875, -592297, -248 
1719907011723.00, -29194, -592917, -224 
1719907011745.00, -16966, -593539, -200 
1719907011767.00, -9390, -593919, -201 
1719907011788.00, -4782, -594128, -167 
1719907011810.00, -2006, -594234, -118 
1719907011831.00, -367, -594282, -106 
1719907011853.00, 64, -594291, -94 
1719907011874.00, 196, -594292, -74 
1719907011896.00, 692, -594289, -57 
1719907011917.00, 987, -594277, -45 
1719907011939.00, 1235, -594255, -32 
1719907011960.00, 1419, -594230, -8 
1719907011981.00, 1552, -594197, 22 
1719907012003.00, 2825, -594161, 59 
1719907012024.00, 5829, -594097, 100 
1719907012046.00, 10254, -593961, 142 
1719907012068.00, 15470, -593741, 198 
1719907012090.00, 21995, -593413, 235 
1719907012111.00, 26230, -592952, 264 
1719907012133.00, 28705, -592396, 298 
1719907012154.00, 28892, -591776, 324 
1719907012176.00, 29479, -591137, 338 
1719907012198.00, 29122, -590498, 367 
1719907012225.00, 29169, -589868, 393 
1719907012241.00, 29261, -589243, 378 
1719907012263.00, 29233, -588603, 500 
1719907012284.00, 29017, -587972, 495 
1719907012306.00, 29102, -587334, 545 
1719907012327.00, 29080, -586700, 564 
1719907012349.00, 29052, -586071, 620 
1719907012371.00, 29230, -585442, 655 
1719907012392.00, 29054, -584809, 683 
1719907012414.00, 29225, -584172, 707 
1719907012436.00, 29044, -583542, 735 
1719907012457.00, 29267, -582910, 758 
1719907012479.00, 29050, -582281, 776 
1719907012501.00, 29338, -581649, 788 
1719907012522.00, 28896, -581012, 798 
1719907012546.00, 29058, -580382, 793 
1719907012566.00, 29091, -579753, 785 
1719907012587.00, 29065, -579127, 790 
1719907012609.00, 29187, -578501, 773 
1719907012630.00, 28886, -577867, 753 
1719907012653.00, 29090, -577237, 733 
1719907012673.00, 29000, -576616, 694 
1719907012695.00, 29094, -575997, 634 
1719907012717.00, 28916, -575373, 582 
1719907012738.00, 28730, -574745, 528 
1719907012762.00, 29139, -574116, 461 
1719907012782.00, 28834, -573491, 404 
1719907012803.00, 28885, -572871, 346 
1719907012825.00, 28937, -572254, 292 
1719907012847.00, 28809, -571621, 264 
1719907012868.00, 29184, -570993, 235 
1719907012890.00, 29061, -570367, 229 
1719907012912.00, 29050, -569744, 228 
1719907012933.00, 28971, -569120, 223 
1719907012955.00, 29212, -568484, 225 
1719907012980.00, 29251, -567854, 206 
1719907012998.00, 28923, -567216, 233 
1719907013020.00, 29067, -566584, 286 
1719907013041.00, 28963, -565954, 352 
1719907013063.00, 29340, -565316, 388 
1719907013085.00, 28898, -564675, 423 
1719907013106.00, 29219, -564035, 479 
1719907013128.00, 28863, -563410, 517 
1719907013150.00, 29176, -562781, 544 
1719907013171.00, 29205, -562151, 582 
1719907013193.00, 29355, -561512, 627 
1719907013215.00, 29058, -560877, 661 
1719907013236.00, 29258, -560244, 704 
1719907013258.00, 29033, -559613, 731 
1719907013279.00, 29163, -558985, 744 
1719907013304.00, 28969, -558351, 764 
1719907013322.00, 28984, -557713, 788 
1719907013344.00, 29044, -557085, 807 
1719907013366.00, 28965, -556457, 818 
1719907013388.00, 29328, -555831, 808 
1719907013409.00, 29022, -555201, 800 
1719907013430.00, 29245, -554563, 817 
1719907013453.00, 28972, -553932, 824 
1719907013474.00, 29283, -553306, 835 
1719907013496.00, 29064, -552678, 861 
1719907013517.00, 29210, -552044, 900 
1719907013539.00, 29042, -551406, 960 
1719907013560.00, 29170, -550767, 1026 
1719907013583.00, 29190, -550135, 1034 
1719907013604.00, 29232, -549502, 1061 
1719907013625.00, 28948, -548868, 1063 
1719907013647.00, 29186, -548229, 1067 
1719907013669.00, 29100, -547591, 1095 
1719907013690.00, 29419, -546960, 1112 
1719907013713.00, 28785, -546325, 1150 
1719907013734.00, 29097, -545692, 1159 
1719907013756.00, 28933, -545057, 1166 
1719907013778.00, 29330, -544423, 1201 
1719907013799.00, 28932, -543789, 1235 
1719907013821.00, 29139, -543156, 1251 
1719907013843.00, 28862, -542527, 1275 
1719907013865.00, 29334, -541888, 1272 
1719907013887.00, 29007, -541252, 1285 
1719907013908.00, 29203, -540618, 1299 
1719907013929.00, 28903, -539987, 1306 
1719907013952.00, 29219, -539357, 1321 
1719907013973.00, 29002, -538724, 1332 
1719907013995.00, 29301, -538087, 1327 
1719907014017.00, 28768, -537453, 1344 
1719907014039.00, 29079, -536824, 1351 
1719907014061.00, 29134, -536199, 1352 
1719907014082.00, 29400, -535563, 1358 
1719907014104.00, 28904, -534925, 1372 
1719907014126.00, 29108, -534294, 1345 
1719907014147.00, 28880, -533664, 1342 
1719907014169.00, 29253, -533032, 1347 
1719907014192.00, 29013, -532400, 1337 
1719907014213.00, 29124, -531761, 1334 
1719907014234.00, 28933, -531128, 1332 
1719907014256.00, 29118, -530496, 1313 
1719907014277.00, 29044, -529871, 1318 
1719907014299.00, 29192, -529241, 1303 
1719907014321.00, 29003, -528609, 1277 
1719907014342.00, 29143, -527971, 1279 
1719907014364.00, 29101, -527339, 1294 
1719907014386.00, 29315, -526707, 1315 
1719907014408.00, 28997, -526077, 1315 
1719907014430.00, 29061, -525441, 1284 
1719907014451.00, 28768, -524806, 1281 
1719907014473.00, 29118, -524175, 1270 
1719907014495.00, 29137, -523549, 1276 
1719907014517.00, 29205, -522916, 1309 
1719907014538.00, 28951, -522274, 1359 
1719907014560.00, 29142, -521637, 1370 
1719907014582.00, 29120, -521006, 1333 
1719907014604.00, 29208, -520378, 1354 
1719907014628.00, 28808, -519751, 1346 
1719907014647.00, 29016, -519116, 1326 
1719907014669.00, 29141, -518481, 1320 
1719907014690.00, 29167, -517849, 1316 
1719907014712.00, 28845, -517219, 1308 
1719907014739.00, 29034, -516590, 1284 
1719907014756.00, 29146, -515953, 1297 
1719907014778.00, 29283, -515316, 1303 
1719907014799.00, 28911, -514679, 1313 
1719907014821.00, 29042, -514050, 1299 
1719907014843.00, 28942, -513422, 1320 
1719907014864.00, 29086, -512788, 1308 
1719907014886.00, 29042, -512157, 1285 
1719907014908.00, 28967, -511526, 1290 
1719907014930.00, 29002, -510893, 1277 
1719907014951.00, 29160, -510267, 1275 
1719907014973.00, 29153, -509635, 1260 
1719907014994.00, 29167, -508997, 1255 
1719907015016.00, 28958, -508363, 1251 
1719907015038.00, 29091, -507725, 1259 
1719907015060.00, 29122, -507099, 1254 
1719907015082.00, 29256, -506467, 1255 
1719907015103.00, 29032, -505828, 1258 
1719907015125.00, 29242, -505190, 1291 
1719907015146.00, 28940, -504559, 1310 
1719907015171.00, 29285, -503928, 1339 
1719907015190.00, 28849, -503300, 1377 
1719907015212.00, 29066, -502659, 1391 
1719907015234.00, 28843, -502030, 1380 
1719907015255.00, 29138, -501395, 1351 
1719907015281.00, 29149, -500765, 1360 
1719907015299.00, 29196, -500135, 1347 
1719907015320.00, 28875, -499498, 1351 
1719907015342.00, 28852, -498861, 1333 
1719907015364.00, 29122, -498231, 1305 
1719907015391.00, 29294, -497603, 1307 
1719907015407.00, 28911, -496975, 1314 
1719907015429.00, 28927, -496339, 1298 
1719907015450.00, 29058, -495705, 1309 
1719907015473.00, 29131, -495075, 1303 
1719907015495.00, 29155, -494441, 1319 
1719907015516.00, 29042, -493817, 1309 
1719907015538.00, 29055, -493180, 1326 
1719907015560.00, 29146, -492543, 1328 
1719907015581.00, 29197, -491910, 1312 
1719907015602.00, 28870, -491277, 1316 
1719907015625.00, 28995, -490646, 1313 
1719907015646.00, 29036, -490015, 1311 
1719907015668.00, 29264, -489378, 1306 
1719907015689.00, 28941, -488750, 1299 
1719907015715.00, 29154, -488119, 1292 
1719907015733.00, 29000, -487489, 1277 
1719907015755.00, 29410, -486857, 1278 
1719907015777.00, 28970, -486225, 1243 
1719907015799.00, 29128, -485594, 1221 
1719907015825.00, 29000, -484958, 1220 
1719907015842.00, 29087, -484327, 1217 
1719907015864.00, 28972, -483698, 1214 
1719907015886.00, 29267, -483060, 1191 
1719907015907.00, 28900, -482426, 1197 
1719907015928.00, 29138, -481790, 1188 
1719907015951.00, 28997, -481164, 1161 
1719907015972.00, 29195, -480538, 1151 
1719907015994.00, 28898, -479903, 1145 
1719907016016.00, 29217, -479270, 1133 
1719907016040.00, 28860, -478636, 1141 
1719907016059.00, 29289, -478004, 1139 
1719907016081.00, 28855, -477380, 1143 
1719907016103.00, 29062, -476745, 1136 
1719907016124.00, 28872, -476109, 1127 
1719907016147.00, 29171, -475478, 1132 
1719907016167.00, 29127, -474847, 1106 
1719907016189.00, 29222, -474219, 1094 
1719907016211.00, 28881, -473586, 1083 
1719907016233.00, 28985, -472947, 1065 
1719907016259.00, 29073, -472319, 1047 
1719907016277.00, 29269, -471690, 1036 
1719907016297.00, 28843, -471064, 1011 
1719907016320.00, 28945, -470432, 991 
1719907016342.00, 29004, -469796, 998 
1719907016363.00, 29092, -469173, 1000 
1719907016385.00, 29208, -468538, 1003 
1719907016407.00, 28927, -467906, 1007 
1719907016428.00, 29042, -467273, 1017 
1719907016450.00, 29203, -466634, 1022 
1719907016472.00, 29225, -466002, 1008 
1719907016494.00, 28830, -465364, 998 
1719907016515.00, 29097, -464739, 996 
1719907016537.00, 29122, -464115, 997 
1719907016558.00, 29284, -463478, 998 
1719907016581.00, 28892, -462852, 981 
1719907016602.00, 29026, -462220, 971 
1719907016623.00, 29154, -461595, 983 
1719907016645.00, 29076, -460969, 988 
1719907016667.00, 29166, -460336, 986 
1719907016688.00, 28847, -459706, 982 
1719907016709.00, 29133, -459072, 994 
1719907016732.00, 29102, -458441, 1006 
1719907016753.00, 29272, -457814, 982 
1719907016774.00, 28879, -457179, 976 
1719907016796.00, 29025, -456551, 970 
1719907016818.00, 28962, -455927, 942 
1719907016839.00, 29068, -455296, 929 
1719907016861.00, 29048, -454672, 933 
1719907016883.00, 28824, -454048, 889 
1719907016904.00, 29040, -453415, 864 
1719907016926.00, 29041, -452789, 843 
1719907016947.00, 28968, -452163, 787 
1719907016970.00, 28983, -451537, 713 
1719907016991.00, 28764, -450914, 653 
1719907017013.00, 28948, -450278, 604 
1719907017034.00, 28970, -449659, 532 
1719907017056.00, 28857, -449032, 454 
1719907017078.00, 28948, -448415, 381 
1719907017099.00, 28992, -447794, 310 
1719907017121.00, 29000, -447162, 256 
1719907017142.00, 29014, -446538, 213 
1719907017164.00, 28840, -445913, 181 
1719907017185.00, 27302, -445293, 146 
1719907017207.00, 24580, -444707, 109 
1719907017229.00, 20639, -444179, 74 
1719907017252.00, 15973, -443730, 49 
1719907017272.00, 11659, -443383, 23 
1719907017294.00, 7537, -443128, -11 
1719907017315.00, 3004, -442964, -61 
1719907017337.00, -1972, -442897, -97 
1719907017358.00, -7739, -442933, -126 
1719907017381.00, -12729, -443091, -166 
1719907017402.00, -18080, -443365, -219 
1719907017423.00, -23749, -443757, -253 
1719907017444.00, -27343, -444278, -278 
1719907017466.00, -29130, -444869, -322 
1719907017488.00, -29260, -445500, -353 
1719907017509.00, -29076, -446125, -325 
1719907017531.00, -29343, -446770, -481 
1719907017553.00, -29011, -447404, -488 
1719907017576.00, -29288, -448038, -506 
1719907017596.00, -29043, -448670, -558 
1719907017618.00, -29275, -449300, -599 
1719907017639.00, -28966, -449935, -628 
1719907017660.00, -29211, -450569, -618 
1719907017682.00, -29045, -451207, -607 
1719907017704.00, -29251, -451839, -609 
1719907017726.00, -28911, -452468, -611 
1719907017748.00, -29168, -453099, -624 
1719907017769.00, -29076, -453732, -639 
1719907017790.00, -29182, -454369, -642 
1719907017813.00, -29074, -454998, -648 
1719907017834.00, -29087, -455625, -661 
1719907017856.00, -29296, -456254, -669 
1719907017877.00, -28838, -456889, -690 
1719907017901.00, -29330, -457524, -696 
1719907017921.00, -28942, -458158, -690 
1719907017942.00, -29281, -458785, -689 
1719907017964.00, -28941, -459414, -679 
1719907017986.00, -29268, -460045, -693 
1719907018007.00, -28923, -460680, -688 
1719907018029.00, -29271, -461312, -664 
1719907018051.00, -29131, -461937, -661 
1719907018072.00, -29150, -462564, -666 
1719907018093.00, -29004, -463194, -671 
1719907018115.00, -29070, -463830, -686 
1719907018137.00, -29288, -464468, -701 
1719907018159.00, -29102, -465096, -717 
1719907018181.00, -29235, -465722, -721 
1719907018202.00, -29031, -466354, -734 
1719907018224.00, -29034, -466993, -750 
1719907018245.00, -29222, -467624, -660 
1719907018267.00, -29426, -468260, -796 
1719907018288.00, -28804, -468886, -772 
1719907018309.00, -29205, -469515, -739 
1719907018333.00, -29071, -470151, -765 
1719907018353.00, -29297, -470787, -764 
1719907018375.00, -29059, -471416, -752 
1719907018396.00, -29140, -472039, -747 
1719907018418.00, -29021, -472665, -739 
1719907018440.00, -29305, -473300, -742 
1719907018462.00, -29036, -473935, -754 
1719907018483.00, -29046, -474568, -772 
1719907018505.00, -29059, -475194, -767 
1719907018527.00, -29154, -475822, -747 
1719907018548.00, -29163, -476456, -743 
1719907018570.00, -28941, -477096, -750 
1719907018592.00, -29189, -477728, -754 
1719907018613.00, -29037, -478356, -749 
1719907018635.00, -29307, -478978, -743 
1719907018656.00, -28885, -479610, -741 
1719907018678.00, -29216, -480245, -742 
1719907018700.00, -29127, -480878, -747 
1719907018721.00, -29251, -481505, -748 
1719907018742.00, -29041, -482133, -744 
1719907018764.00, -28907, -482762, -751 
1719907018786.00, -29073, -483400, -747 
1719907018808.00, -29017, -484038, -746 
1719907018830.00, -29400, -484669, -751 
1719907018851.00, -28928, -485295, -753 
1719907018873.00, -29325, -485923, -760 
1719907018895.00, -28926, -486560, -776 
1719907018916.00, -29289, -487196, -780 
1719907018938.00, -28851, -487824, -786 
1719907018959.00, -29365, -488451, -789 
1719907018981.00, -28893, -489080, -806 
1719907019003.00, -29179, -489716, -807 
1719907019025.00, -29082, -490353, -807 
1719907019046.00, -29351, -490982, -821 
1719907019068.00, -28969, -491611, -834 
1719907019089.00, -29202, -492239, -826 
1719907019111.00, -29072, -492874, -817 
1719907019132.00, -29096, -493513, -822 
1719907019155.00, -29255, -494143, -826 
1719907019176.00, -29085, -494769, -835 
1719907019197.00, -29099, -495397, -836 
1719907019218.00, -29161, -496026, -838 
1719907019241.00, -29336, -496664, -838 
1719907019262.00, -29049, -497298, -846 
1719907019284.00, -29134, -497924, -848 
1719907019305.00, -29077, -498549, -840 
1719907019327.00, -29278, -499180, -848 
1719907019349.00, -29047, -499821, -852 
1719907019370.00, -29197, -500456, -857 
1719907019392.00, -28982, -501086, -861 
1719907019414.00, -29202, -501713, -861 
1719907019436.00, -29201, -502343, -855 
1719907019457.00, -29074, -502978, -847 
1719907019479.00, -29070, -503615, -841 
1719907019500.00, -29013, -504242, -846 
1719907019522.00, -29341, -504868, -849 
1719907019545.00, -29100, -505495, -853 
1719907019565.00, -29282, -506129, -860 
1719907019587.00, -29037, -506766, -862 
1719907019609.00, -29432, -507397, -866 
1719907019630.00, -28895, -508024, -853 
1719907019651.00, -29253, -508649, -829 
1719907019674.00, -28885, -509287, -851 
1719907019695.00, -29095, -509928, -861 
1719907019717.00, -29211, -510559, -854 
1719907019738.00, -29186, -511184, -858 
1719907019759.00, -29020, -511812, -868 
1719907019782.00, -29010, -512441, -869 
1719907019803.00, -29173, -513077, -867 
1719907019825.00, -29117, -513709, -871 
1719907019847.00, -29259, -514333, -877 
1719907019869.00, -28941, -514962, -881 
1719907019890.00, -29111, -515595, -880 
1719907019911.00, -29052, -516232, -871 
1719907019933.00, -29295, -516870, -876 
1719907019955.00, -28888, -517495, -888 
1719907019977.00, -28889, -518120, -894 
1719907019998.00, -29130, -518749, -882 
1719907020020.00, -28993, -519383, -886 
1719907020042.00, -29224, -520016, -894 
1719907020063.00, -28894, -520643, -898 
1719907020084.00, -29013, -521267, -874 
1719907020106.00, -29087, -521893, -871 
1719907020128.00, -29217, -522526, -874 
1719907020149.00, -29030, -523163, -867 
1719907020171.00, -28888, -523790, -865 
1719907020192.00, -29288, -524416, -855 
1719907020214.00, -29068, -525043, -859 
1719907020236.00, -29218, -525675, -860 
1719907020257.00, -28820, -526317, -858 
1719907020279.00, -29100, -526944, -850 
1719907020302.00, -29071, -527565, -840 
1719907020322.00, -28995, -528191, -833 
1719907020344.00, -28974, -528824, -833 
1719907020366.00, -28960, -529459, -840 
1719907020387.00, -29384, -530089, -843 
1719907020409.00, -28985, -530711, -842 
1719907020431.00, -29250, -531337, -839 
1719907020452.00, -28912, -531969, -843 
1719907020474.00, -29143, -532608, -844 
1719907020496.00, -29061, -533241, -851 
1719907020517.00, -29072, -533871, -864 
1719907020539.00, -28884, -534496, -847 
1719907020561.00, -28885, -535128, -838 
1719907020582.00, -29277, -535764, -847 
1719907020603.00, -29023, -536396, -837 
1719907020626.00, -29281, -537018, -824 
1719907020647.00, -28925, -537640, -809 
1719907020669.00, -29035, -538269, -811 
1719907020691.00, -29076, -538900, -805 
1719907020712.00, -29151, -539533, -789 
1719907020734.00, -28987, -540161, -791 
1719907020755.00, -28793, -540791, -792 
1719907020777.00, -29148, -541420, -778 
1719907020799.00, -29020, -542051, -776 
1719907020820.00, -29302, -542689, -779 
1719907020842.00, -29009, -543318, -781 
1719907020863.00, -29108, -543942, -777 
1719907020885.00, -29081, -544568, -765 
1719907020907.00, -29276, -545199, -765 
1719907020928.00, -29054, -545834, -771 
1719907020950.00, -28999, -546463, -757 
1719907020972.00, -29355, -547091, -743 
1719907020993.00, -29004, -547721, -745 
1719907021015.00, -29249, -548350, -738 
1719907021037.00, -28834, -548986, -729 
1719907021058.00, -29064, -549621, -727 
1719907021080.00, -29084, -550244, -726 
1719907021101.00, -29154, -550869, -719 
1719907021123.00, -29055, -551499, -715 
1719907021145.00, -29041, -552138, -720 
1719907021166.00, -29273, -552771, -713 
1719907021187.00, -28997, -553395, -714 
1719907021210.00, -29200, -554023, -711 
1719907021231.00, -28830, -554650, -704 
1719907021253.00, -29100, -555283, -707 
1719907021274.00, -28992, -555918, -702 
1719907021296.00, -29120, -556543, -683 
1719907021318.00, -29105, -557168, -681 
1719907021339.00, -29010, -557798, -678 
1719907021361.00, -29126, -558431, -661 
1719907021383.00, -29072, -559067, -658 
1719907021406.00, -29299, -559695, -658 
1719907021426.00, -28924, -560318, -653 
1719907021447.00, -29072, -560949, -646 
1719907021469.00, -29002, -561578, -641 
1719907021491.00, -29194, -562215, -643 
1719907021512.00, -28978, -562842, -633 
1719907021534.00, -28842, -563461, -615 
1719907021555.00, -29157, -564088, -599 
1719907021579.00, -28962, -564718, -600 
1719907021599.00, -29129, -565357, -587 
1719907021621.00, -29002, -565987, -570 
1719907021643.00, -29125, -566609, -559 
1719907021663.00, -29038, -567239, -549 
1719907021686.00, -29186, -567872, -530 
1719907021707.00, -29121, -568504, -511 
1719907021731.00, -28977, -569136, -498 
1719907021751.00, -29177, -569759, -482 
1719907021772.00, -28955, -570380, -457 
1719907021794.00, -29132, -571006, -435 
1719907021815.00, -28864, -571638, -422 
1719907021843.00, -28898, -572270, -391 
1719907021859.00, -28977, -572891, -357 
1719907021880.00, -28839, -573513, -323 
1719907021901.00, -29187, -574144, -287 
1719907021923.00, -28905, -574770, -268 
1719907021945.00, -28952, -575403, -251 
1719907021967.00, -29031, -576029, -232 
1719907021988.00, -29098, -576649, -219 
1719907022010.00, -29283, -577277, -208 
1719907022032.00, -28937, -577910, -209 
1719907022056.00, -29084, -578543, -212 
1719907022075.00, -29131, -579173, -214 
1719907022097.00, -29291, -579797, -222 
1719907022118.00, -29114, -580429, -223 
1719907022140.00, -29128, -581065, -221 
1719907022162.00, -28991, -581700, -221 
1719907022183.00, -29202, -582331, -216 
1719907022205.00, -29035, -582957, -210 
1719907022227.00, -28929, -583584, -201 
1719907022248.00, -28787, -584215, -202 
1719907022273.00, -28698, -584841, -206 
1719907022291.00, -28752, -585459, -197 
1719907022313.00, -28046, -586078, -193 
1719907022334.00, -27459, -586685, -192 
1719907022356.00, -27399, -587287, -186 
1719907022377.00, -26642, -587880, -178 
1719907022400.00, -25742, -588459, -175 
1719907022421.00, -25036, -589020, -175 
1719907022443.00, -24704, -589559, -169 
1719907022464.00, -24050, -590094, -161 
1719907022486.00, -23363, -590620, -155 
1719907022508.00, -22532, -591127, -151 
1719907022530.00, -21572, -591618, -149 
1719907022551.00, -21094, -592092, -142 
1719907022573.00, -20285, -592548, -135 
1719907022595.00, -19780, -592990, -133 
1719907022616.00, -11141, -593410, -126 
1719907022638.00, -5950, -593662, -138 
1719907022659.00, -2793, -593798, -125 
1719907022681.00, -990, -593859, -112 
1719907022702.00, -25, -593883, -114 
1719907022724.00, 75, -593885, -116 
1719907022745.00, 474, -593884, -104 
1719907022767.00, 834, -593879, -95 
1719907022788.00, 1040, -593861, -85 
1719907022810.00, 1165, -593841, -74 
1719907022831.00, 1257, -593815, -57 
1719907022853.00, 1281, -593788, -38 
1719907022874.00, 1238, -593757, -25 
1719907022896.00, 1218, -593730, -6 
1719907022917.00, 1251, -593702, 12 
1719907022939.00, 2046, -593672, 37 
1719907022960.00, 3999, -593626, 68 
1719907022981.00, 6840, -593540, 96 
1719907023005.00, 10385, -593393, 117 
1719907023025.00, 13685, -593173, 139 
1719907023047.00, 16998, -592871, 164 
1719907023067.00, 20300, -592508, 187 
1719907023090.00, 23616, -592071, 220 
1719907023111.00, 27066, -591554, 246 
1719907023132.00, 28801, -590969, 258 
1719907023154.00, 29427, -590337, 278 
1719907023176.00, 29038, -589706, 291 
1719907023198.00, 29132, -589080, 318 
1719907023220.00, 29149, -588449, 322 
1719907023241.00, 29138, -587812, 330 
1719907023265.00, 29324, -587176, 342 
1719907023285.00, 29090, -586545, 360 
1719907023306.00, 29080, -585920, 364 
1719907023327.00, 28901, -585291, 372 
1719907023349.00, 29357, -584656, 373 
1719907023373.00, 29052, -584021, 374 
1719907023392.00, 29208, -583391, 375 
1719907023414.00, 28919, -582766, 373 
1719907023436.00, 29323, -582138, 375 
1719907023458.00, 29090, -581499, 378 
1719907023480.00, 29173, -580863, 387 
1719907023501.00, 28977, -580230, 390 
1719907023522.00, 29043, -579603, 392 
1719907023544.00, 29371, -578974, 397 
1719907023565.00, 29129, -578342, 402 
1719907023588.00, 29146, -577709, 406 
1719907023609.00, 28997, -577076, 416 
1719907023631.00, 29235, -576449, 425 
1719907023652.00, 29159, -575822, 425 
1719907023674.00, 29201, -575193, 431 
1719907023698.00, 29041, -574555, 446 
1719907023717.00, 29227, -573919, 473 
1719907023738.00, 29062, -573286, 459 
1719907023761.00, 29281, -572657, 534 
1719907023782.00, 28909, -572026, 475 
1719907023804.00, 29238, -571393, 498 
1719907023825.00, 29026, -570760, 512 
1719907023846.00, 29261, -570130, 496 
1719907023869.00, 29090, -569503, 537 
1719907023890.00, 29052, -568876, 514 
1719907023912.00, 29262, -568242, 537 
1719907023934.00, 29028, -567604, 520 
1719907023955.00, 29261, -566973, 519 
1719907023976.00, 28925, -566345, 545 
1719907023998.00, 29369, -565717, 533 
1719907024020.00, 28898, -565082, 527 
1719907024042.00, 29358, -564445, 533 
1719907024063.00, 28996, -563809, 541 
1719907024085.00, 29287, -563186, 533 
1719907024107.00, 28987, -562557, 568 
1719907024128.00, 29377, -561926, 578 
1719907024150.00, 28869, -561289, 596 
1719907024171.00, 29313, -560656, 597 
1719907024193.00, 29002, -560026, 622 
1719907024215.00, 29125, -559397, 648 
1719907024237.00, 29179, -558766, 653 
1719907024257.00, 29155, -558129, 666 
1719907024280.00, 29217, -557496, 677 
1719907024301.00, 29080, -556864, 699 
1719907024323.00, 29193, -556235, 724 
1719907024345.00, 29218, -555604, 734 
1719907024366.00, 29303, -554971, 744 
1719907024388.00, 29071, -554336, 769 
1719907024410.00, 29208, -553701, 798 
1719907024431.00, 28937, -553073, 812 
1719907024453.00, 29336, -552447, 792 
1719907024474.00, 28973, -551810, 836 
1719907024496.00, 29259, -551177, 833 
1719907024518.00, 29036, -550547, 851 
1719907024539.00, 29176, -549914, 847 
1719907024561.00, 29101, -549286, 857 
1719907024583.00, 29216, -548652, 844 
1719907024604.00, 29103, -548018, 835 
1719907024625.00, 29097, -547384, 851 
1719907024647.00, 29153, -546756, 858 
1719907024669.00, 29055, -546130, 855 
1719907024691.00, 29147, -545494, 868 
1719907024713.00, 28982, -544861, 857 
1719907024734.00, 29259, -544227, 892 
1719907024756.00, 29097, -543599, 897 
1719907024777.00, 29212, -542971, 907 
1719907024799.00, 28892, -542340, 900 
1719907024821.00, 29287, -541703, 920 
1719907024842.00, 28954, -541068, 917 
1719907024864.00, 29311, -540438, 919 
1719907024886.00, 28956, -539811, 915 
1719907024907.00, 29134, -539179, 918 
1719907024929.00, 29099, -538547, 919 
1719907024950.00, 29334, -537913, 934 
1719907024972.00, 29215, -537282, 925 
1719907024994.00, 28927, -536659, 922 
1719907025015.00, 29194, -536030, 921 
1719907025037.00, 29085, -535395, 922 
1719907025059.00, 29336, -534762, 916 
1719907025081.00, 28879, -534130, 914 
1719907025102.00, 29324, -533500, 919 
1719907025123.00, 28931, -532873, 919 
1719907025145.00, 29446, -532236, 904 
1719907025167.00, 29018, -531602, 887 
1719907025188.00, 29147, -530973, 871 
1719907025210.00, 29001, -530346, 860 
1719907025236.00, 29083, -529721, 845 
1719907025254.00, 29280, -529089, 831 
1719907025275.00, 29037, -528457, 814 
1719907025296.00, 29133, -527825, 816 
1719907025318.00, 29037, -527197, 810 
1719907025341.00, 29360, -526573, 819 
1719907025362.00, 29033, -525939, 826 
1719907025383.00, 29191, -525300, 852 
1719907025405.00, 28955, -524667, 864 
1719907025426.00, 29262, -524034, 869 
1719907025452.00, 29176, -523405, 896 
1719907025470.00, 29223, -522774, 928 
1719907025491.00, 28987, -522135, 962 
1719907025513.00, 29222, -521503, 962 
1719907025535.00, 29185, -520868, 985 
1719907025558.00, 29263, -520244, 1010 
1719907025578.00, 29001, -519613, 1007 
1719907025600.00, 29270, -518974, 1024 
1719907025621.00, 28830, -518336, 1073 
1719907025644.00, 29382, -517699, 1096 
1719907025669.00, 29070, -517069, 1087 
1719907025687.00, 29097, -516436, 1096 
1719907025709.00, 29011, -515796, 1102 
1719907025730.00, 29339, -515158, 1108 
1719907025752.00, 29051, -514521, 1108 
1719907025774.00, 29168, -513891, 1114 
1719907025796.00, 28845, -513262, 1114 
1719907025817.00, 29119, -512627, 1118 
1719907025839.00, 29149, -511993, 1109 
1719907025861.00, 29280, -511360, 1095 
1719907025888.00, 28822, -510731, 1086 
1719907025904.00, 29020, -510106, 1075 
1719907025925.00, 29025, -509471, 1073 
1719907025948.00, 29281, -508834, 1054 
1719907025969.00, 28865, -508203, 1048 
1719907025991.00, 29184, -507569, 1033 
1719907026013.00, 28913, -506946, 1023 
1719907026035.00, 29293, -506309, 999 
1719907026056.00, 28951, -505678, 974 
1719907026078.00, 28961, -505050, 956 
1719907026103.00, 29010, -504425, 935 
1719907026121.00, 28979, -503802, 915 
1719907026143.00, 29177, -503178, 871 
1719907026164.00, 28839, -502546, 813 
1719907026186.00, 28910, -501922, 754 
1719907026207.00, 28883, -501298, 675 
1719907026229.00, 28655, -500679, 582 
1719907026250.00, 28747, -500062, 470 
1719907026272.00, 28763, -499435, 357 
1719907026294.00, 28674, -498814, 241 
1719907026316.00, 28653, -498202, 143 
1719907026338.00, 24713, -497597, 58 
1719907026359.00, 17217, -497071, -40 
1719907026381.00, 7002, -496701, -194 
1719907026402.00, -7379, -496545, -281 
1719907026424.00, -17656, -496684, -243 
1719907026446.00, -23532, -497041, -145 
1719907026467.00, -23679, -497535, -107 
1719907026489.00, -21307, -498031, -90 
1719907026510.00, -18638, -498491, -96 
1719907026532.00, -17276, -498898, -106 
1719907026553.00, -17297, -499273, -72 
1719907026575.00, -14797, -499641, -19 
1719907026596.00, -10452, -499963, 51 
1719907026618.00, -3608, -500194, 66 
1719907026639.00, 934, -500277, 72 
1719907026660.00, 4477, -500267, 69 
1719907026682.00, 6391, -500184, 69 
1719907026704.00, 7605, -500046, 70 
1719907026725.00, 8502, -499878, 66 
1719907026746.00, 8601, -499700, 65 
1719907026769.00, 8585, -499515, 63 
1719907026790.00, 8897, -499324, 60 
1719907026810.00, 8529, -499135, 60 
1719907026832.00, 8303, -498950, 63 
1719907026854.00, 8254, -498774, 62 
1719907026875.00, 8216, -498592, 65 
1719907026897.00, 8576, -498411, 67 
1719907026918.00, 8724, -498230, 69 
1719907026940.00, 8935, -498040, 68 
1719907026961.00, 9091, -497854, 64 
1719907026982.00, 9270, -497660, 64 
1719907027004.00, 9063, -497472, 60 
1719907027025.00, 8636, -497280, 60 
1719907027047.00, 8458, -497096, 60 
1719907027069.00, 8389, -496917, 62 
1719907027092.00, 8189, -496734, 64 
1719907027111.00, 8373, -496548, 66 
1719907027133.00, 8485, -496367, 65 
1719907027154.00, 8676, -496183, 63 
1719907027176.00, 8749, -495993, 61 
1719907027198.00, 8520, -495804, 64 
1719907027218.00, 8598, -495623, 64 
1719907027240.00, 8646, -495438, 64 
1719907027262.00, 8674, -495251, 63 
1719907027283.00, 8442, -495060, 65 
1719907027306.00, 8620, -494877, 65 
1719907027326.00, 8716, -494694, 66 
1719907027347.00, 8919, -494506, 67 
1719907027369.00, 8996, -494320, 69 
1719907027390.00, 9339, -494128, 69 
1719907027412.00, 9663, -493932, 64 
1719907027433.00, 9724, -493735, 64 
1719907027454.00, 9516, -493531, 63 
1719907027476.00, 9347, -493326, 64 
1719907027498.00, 9059, -493124, 65 
1719907027519.00, 8953, -492927, 66 
1719907027541.00, 8885, -492733, 68 
1719907027562.00, 8913, -492535, 68 
1719907027583.00, 9044, -492340, 68 
1719907027604.00, 9346, -492144, 67 
1719907027627.00, 9547, -491946, 67 
1719907027648.00, 9674, -491742, 67 
1719907027670.00, 9695, -491541, 66 
1719907027691.00, 9720, -491341, 64 
1719907027712.00, 9507, -491136, 66 
1719907027734.00, 9422, -490933, 67 
1719907027755.00, 9569, -490740, 67 
1719907027777.00, 9631, -490541, 67 
1719907027798.00, 9710, -490341, 68 
1719907027820.00, 9765, -490129, 68 
1719907027841.00, 9696, -489922, 72 
1719907027863.00, 9647, -489718, 71 
1719907027884.00, 9594, -489503, 68 
1719907027906.00, 9350, -489291, 67 
1719907027926.00, 9139, -489090, 65 
1719907027948.00, 8850, -488894, 60 
1719907027970.00, 8666, -488699, 50 
1719907027991.00, 7578, -488516, 28 
1719907028013.00, 5858, -488351, -3 
1719907028034.00, 3123, -488227, -51 
1719907028055.00, -898, -488161, -84 
1719907028077.00, -5905, -488174, -124 
1719907028099.00, -11135, -488291, -152 
1719907028121.00, -16380, -488529, -182 
1719907028142.00, -21036, -488875, -225 
1719907028164.00, -25436, -489325, -247 
1719907028185.00, -28114, -489874, -268 
1719907028206.00, -29072, -490483, -282 
1719907028228.00, -29246, -491108, -290 
1719907028250.00, -28767, -491733, -259 
1719907028272.00, -29438, -492370, -317 
1719907028294.00, -29005, -493010, -351 
1719907028315.00, -29344, -493649, -351 
1719907028337.00, -28909, -494277, -372 
1719907028359.00, -29415, -494899, -393 
1719907028380.00, -29024, -495532, -402 
1719907028402.00, -29153, -496166, -412 
1719907028424.00, -29015, -496807, -430 
1719907028445.00, -29238, -497435, -443 
1719907028467.00, -29111, -498057, -447 
1719907028488.00, -29162, -498690, -449 
1719907028511.00, -29021, -499323, -453 
1719907028532.00, -29102, -499965, -461 
1719907028553.00, -29280, -500597, -472 
1719907028575.00, -29225, -501225, -477 
1719907028596.00, -29176, -501857, -491 
1719907028618.00, -29062, -502489, -500 
1719907028640.00, -29202, -503124, -503 
1719907028661.00, -29069, -503760, -512 
1719907028683.00, -29232, -504384, -526 
1719907028704.00, -29115, -505012, -533 
1719907028729.00, -29261, -505643, -547 
1719907028748.00, -29027, -506280, -554 
1719907028770.00, -29260, -506916, -559 
1719907028792.00, -28995, -507546, -589 
1719907028813.00, -29119, -508174, -599 
1719907028836.00, -29279, -508806, -610 
1719907028856.00, -29076, -509445, -639 
1719907028878.00, -29027, -510087, -661 
1719907028900.00, -29025, -510715, -688 
1719907028921.00, -29243, -511337, -697 
1719907028947.00, -29116, -511967, -707 
1719907028964.00, -29299, -512598, -729 
1719907028986.00, -28992, -513236, -743 
1719907029008.00, -29367, -513868, -763 
1719907029030.00, -29032, -514489, -786 
1719907029051.00, -29200, -515119, -797 
1719907029073.00, -28874, -515754, -813 
1719907029095.00, -28924, -516395, -815 
1719907029116.00, -29134, -517026, -824 
1719907029137.00, -29070, -517652, -836 
1719907029162.00, -29150, -518281, -841 
1719907029180.00, -28952, -518912, -850 
1719907029203.00, -29310, -519549, -854 
1719907029224.00, -29065, -520180, -856 
1719907029246.00, -29216, -520804, -872 
1719907029268.00, -28929, -521428, -876 
1719907029290.00, -29015, -522062, -883 
1719907029311.00, -29087, -522696, -894 
1719907029333.00, -29193, -523333, -902 
1719907029354.00, -29020, -523958, -903 
1719907029376.00, -28871, -524588, -906 
1719907029397.00, -29294, -525216, -909 
1719907029419.00, -29053, -525851, -914 
1719907029441.00, -29339, -526490, -921 
1719907029462.00, -28928, -527113, -917 
1719907029484.00, -29071, -527738, -917 
1719907029507.00, -29262, -528365, -922 
1719907029527.00, -29098, -528999, -945 
1719907029549.00, -28871, -529634, -906 
1719907029570.00, -28764, -530259, -868 
1719907029592.00, -29191, -530884, -945 
1719907029614.00, -29018, -531511, -940 
1719907029635.00, -29195, -532143, -940 
1719907029657.00, -28504, -532779, -919 
1719907029679.00, -28766, -533408, -822 
1719907029700.00, -28991, -534028, -853 
1719907029722.00, -28889, -534657, -841 
1719907029744.00, -29135, -535283, -844 
1719907029765.00, -28926, -535920, -841 
1719907029787.00, -29188, -536552, -820 
1719907029809.00, -29114, -537170, -801 
1719907029829.00, -28938, -537795, -778 
1719907029852.00, -29098, -538423, -741 
1719907029873.00, -28930, -539054, -710 
1719907029895.00, -29110, -539688, -682 
1719907029916.00, -29051, -540310, -663 
1719907029941.00, -29283, -540940, -670 
1719907029960.00, -29077, -541571, -681 
1719907029981.00, -29243, -542209, -674 
1719907030003.00, -29133, -542848, -674 
1719907030025.00, -29141, -543473, -680 
1719907030046.00, -29007, -544097, -673 
1719907030068.00, -28974, -544727, -667 
1719907030089.00, -29172, -545360, -668 
1719907030112.00, -28976, -545995, -675 
1719907030133.00, -29195, -546622, -680 
1719907030156.00, -28867, -547251, -686 
1719907030176.00, -29321, -547882, -701 
1719907030198.00, -28972, -548515, -720 
1719907030220.00, -29154, -549150, -732 
1719907030241.00, -29093, -549782, -735 
1719907030265.00, -29008, -550411, -729 
1719907030284.00, -29203, -551039, -724 
1719907030306.00, -29116, -551668, -724 
1719907030328.00, -29170, -552306, -735 
1719907030349.00, -28916, -552936, -741 
1719907030371.00, -29270, -553563, -743 
1719907030393.00, -29125, -554189, -744 
1719907030414.00, -29211, -554820, -748 
1719907030436.00, -28804, -555452, -744 
1719907030458.00, -28949, -556089, -739 
1719907030484.00, -29186, -556711, -734 
1719907030501.00, -29099, -557335, -737 
1719907030522.00, -29268, -557965, -746 
1719907030544.00, -29070, -558603, -757 
1719907030566.00, -29366, -559239, -769 
1719907030587.00, -28926, -559866, -777 
1719907030610.00, -29126, -560492, -773 
1719907030631.00, -28877, -561118, -766 
1719907030652.00, -28840, -561751, -766 
1719907030674.00, -29085, -562383, -765 
1719907030697.00, -29025, -563008, -764 
1719907030717.00, -29208, -563630, -765 
1719907030739.00, -28839, -564258, -762 
1719907030760.00, -29228, -564894, -762 
1719907030781.00, -29101, -565528, -766 
1719907030804.00, -29161, -566160, -765 
1719907030825.00, -29037, -566785, -757 
1719907030847.00, -28845, -567417, -749 
1719907030868.00, -29095, -568048, -746 
1719907030889.00, -29016, -568679, -746 
1719907030912.00, -29172, -569309, -742 
1719907030933.00, -28897, -569933, -734 
1719907030955.00, -29208, -570557, -731 
1719907030977.00, -29090, -571186, -734 
1719907030998.00, -29181, -571818, -739 
1719907031021.00, -29052, -572455, -733 
1719907031042.00, -28985, -573083, -726 
1719907031062.00, -29155, -573711, -721 
1719907031085.00, -29106, -574341, -719 
1719907031107.00, -29296, -574978, -723 
1719907031128.00, -28862, -575614, -727 
1719907031150.00, -29157, -576238, -731 
1719907031171.00, -28997, -576860, -734 
1719907031193.00, -29081, -577487, -736 
1719907031215.00, -29000, -578121, -739 
1719907031236.00, -28977, -578753, -739 
1719907031258.00, -29236, -579385, -738 
1719907031280.00, -28909, -580006, -739 
1719907031301.00, -29199, -580637, -738 
1719907031323.00, -28956, -581268, -747 
1719907031345.00, -29310, -581908, -757 
1719907031366.00, -29025, -582537, -763 
1719907031388.00, -29112, -583164, -770 
1719907031409.00, -29090, -583796, -787 
1719907031431.00, -29149, -584425, -811 
1719907031453.00, -29194, -585063, -833 
1719907031474.00, -29046, -585696, -852 
1719907031496.00, -29103, -586320, -856 
1719907031517.00, -29075, -586947, -857 
1719907031539.00, -29352, -587580, -861 
1719907031561.00, -28980, -588217, -875 
1719907031582.00, -29291, -588850, -884 
1719907031604.00, -28892, -589473, -889 
1719907031626.00, -29120, -590103, -896 
1719907031647.00, -29213, -590732, -906 
1719907031669.00, -29215, -591365, -909 
1719907031691.00, -29024, -592003, -911 
1719907031712.00, -28868, -592630, -913 
1719907031734.00, -29192, -593258, -920 
1719907031755.00, -16895, -593883, -923 
1719907031777.00, -9267, -594259, -953 
1719907031799.00, -4717, -594473, -973 
1719907031820.00, -2026, -594579, -968 
1719907031841.00, -437, -594626, -964 
1719907031863.00, 1, -594636, -960 
1719907031884.00, 66, -594638, -956 
1719907031907.00, 0, -594636, -936 
1719907031927.00, 0, -594636, -913 
1719907031948.00, 0, -594636, -891 
1719907031969.00, -5, -594635, -861 
1719907031991.00, -3, -594634, -822 
1719907032014.00, 16, -594632, -778 
1719907032034.00, 0, -594631, -740 
1719907032055.00, -2, -594630, -707 
1719907032076.00, -5, -594628, -679 
1719907032098.00, 39, -594627, -648 
1719907032122.00, 62, -594626, -606 
1719907032140.00, 86, -594624, -571 
1719907032162.00, 71, -594620, -537 
1719907032184.00, 74, -594618, -519 
1719907032205.00, 89, -594614, -501 
1719907032230.00, 146, -594612, -471 
1719907032248.00, 175, -594607, -425 
1719907032269.00, 168, -594601, -381 
1719907032290.00, 147, -594596, -350 
1719907032313.00, 123, -594591, -321 
1719907032335.00, 95, -594588, -299 
1719907032355.00, 63, -594584, -277 
1719907032377.00, 63, -594582, -258 
1719907032398.00, 62, -594580, -250 
1719907032420.00, 34, -594579, -246 
1719907032443.00, 68, -594578, -238 
1719907032462.00, 26, -594576, -222 
1719907032484.00, 57, -594575, -208 
1719907032505.00, 50, -594574, -196 
1719907032527.00, 64, -594572, -187 
1719907032549.00, 63, -594570, -176 
1719907032570.00, 63, -594569, -157 
1719907032591.00, 49, -594567, -137 
1719907032612.00, 61, -594563, -117 
1719907032634.00, 31, -594561, -98 
1719907032656.00, 28, -594559, -80 
1719907032676.00, 35, -594557, -63 
1719907032698.00, -4, -594556, -48 
1719907032720.00, 60, -594555, -35 
1719907032741.00, 3, -594553, -23 
1719907032762.00, 57, -594552, -12 
1719907032784.00, 4, -594551, -3 
1719907032805.00, 50, -594549, 4 
1719907032826.00, 67, -594548, 4 
1719907032847.00, 42, -594549, 6 
1719907032868.00, 4, -594548, 7 
1719907032890.00, 1, -594546, 5 
1719907032910.00, -5, -594547, 5 
1719907032931.00, 2, -594547, 6 
1719907032953.00, 0, -594546, 6 
1719907032974.00, 0, -594545, 6 
1719907032998.00, 0, -594546, 5 
1719907033016.00, 1, -594547, 7 
1719907033037.00, -9, -594545, 5 
1719907033058.00, 0, -594546, 6 
1719907033079.00, 0, -594545, 6 
1719907033105.00, 0, -594544, 6 
1719907033120.00, -68, -594545, -4 
1719907033141.00, 0, -594545, 0 
1719907033163.00, -57, -594546, -3 
1719907033185.00, 0, -594545, -6 
1719907033206.00, 0, -594546, -6 
1719907033226.00, 0, -594546, -12 
1719907033248.00, 0, -594547, -24 
1719907033269.00, 0, -594547, -49 
1719907033290.00, 0, -594548, -55 
1719907033311.00, 0, -594548, -59 
1719907033332.00, 0, -594548, -65 
1719907033353.00, 0, -594548, -67 
1719907033374.00, 0, -594548, -69 
1719907033396.00, 0, -594548, -74 
1719907033417.00, 0, -594548, -79 
1719907033443.00, 0, -594549, -76 
1719907033460.00, 0, -594549, -73 
1719907033481.00, 0, -594549, -70 
1719907033503.00, -4, -594548, -67 
1719907033523.00, 25, -594548, -67 
1719907033544.00, 0, -594549, -58 
1719907033565.00, 1, -594548, -49 
1719907033587.00, 0, -594547, -35 
1719907033609.00, 0, -594546, -13 
1719907033629.00, 0, -594545, 7 
1719907033650.00, -31, -594545, 7 
1719907033672.00, 0, -594545, 4 
1719907033693.00, 0, -594545, 6 
1719907033714.00, 0, -594546, 6 
1719907033734.00, 0, -594545, 7 
1719907033756.00, 0, -594545, 5 
1719907033777.00, 1, -594545, 6 
1719907033798.00, 2, -594544, 6 
1719907033819.00, 0, -594545, 5 
1719907033840.00, 0, -594545, 6 
1719907033864.00, 0, -594546, 6 
1719907033882.00, 0, -594545, 7 
1719907033903.00, 0, -594545, 5 
1719907033924.00, 0, -594545, 6 
1719907033945.00, 0, -594545, 6 
1719907033966.00, 0, -594545, 6 
1719907033987.00, 0, -594545, 6 
1719907034008.00, 0, -594545, 6 
1719907034029.00, 0, -594545, 6 
1719907034050.00, 0, -594545, 5 
1719907034072.00, 0, -594545, 6 
1719907034094.00, 0, -594545, 6 
1719907034113.00, 0, -594545, 6 
1719907034134.00, 0, -594545, 6 
1719907034156.00, 0, -594544, 6 
1719907034176.00, 0, -594546, 6 
1719907034200.00, 0, -594545, 6 
1719907034218.00, 0, -594545, 6 
1719907034240.00, 0, -594545, 6 
1719907034261.00, 0, -594545, 6 
1719907034281.00, 0, -594545, 6 
1719907034306.00, 0, -594545, 6 
1719907034324.00, 16, -594546, 6 
1719907034345.00, 0, -594544, 6 
1719907034366.00, 0, -594545, 6 
1719907034387.00, 0, -594545, 6 
1719907034408.00, 0, -594545, 6 
1719907034428.00, 0, -594544, 6 
1719907034450.00, 0, -594545, 6 
1719907034471.00, 0, -594545, 6 
1719907034492.00, 0, -594544, 6 
1719907034513.00, 0, -594546, 6 
1719907034534.00, 0, -594544, 6 
1719907034555.00, 0, -594544, 6 
1719907034576.00, 0, -594544, 6 
1719907034597.00, 0, -594544, 6 
1719907034619.00, -56, -594545, 6 
1719907034641.00, 0, -594545, 6 
1719907034660.00, 0, -594545, 6 
1719907034682.00, 0, -594545, 6 
1719907034703.00, 0, -594545, 6 
1719907034723.00, 0, -594546, 6 
1719907034744.00, 0, -594545, 6 
1719907034766.00, 0, -594545, 6 
1719907034787.00, 0, -594544, 6 
1719907034807.00, 0, -594544, 6 
1719907034829.00, 0, -594545, 6 
1719907034854.00, 0, -594545, 6 
1719907034870.00, -34, -594545, 6 
1719907034892.00, 0, -594545, 6 
1719907034913.00, 0, -594545, 6 
1719907034934.00, 0, -594544, 6 
1719907034959.00, 0, -594545, 6 
1719907034976.00, 0, -594545, 5 
1719907034997.00, 0, -594544, 6 
1719907035018.00, 0, -594545, 6 
1719907035039.00, 0, -594545, 6 
1719907035060.00, 0, -594544, 6 
1719907035081.00, 0, -594545, 6 
1719907035102.00, 0, -594544, 6 
1719907035123.00, 0, -594545, 6 
1719907035144.00, 0, -594545, 6 
1719907035165.00, 0, -594546, 6 
1719907035188.00, 0, -594544, 6 
1719907035207.00, 0, -594545, 6 
1719907035229.00, 0, -594545, 6 
1719907035249.00, 0, -594544, 6 
1719907035270.00, 0, -594545, 6 
1719907035291.00, 0, -594544, 6 
1719907035311.00, 0, -594544, 6 
1719907035333.00, 0, -594545, 6 
1719907035353.00, 0, -594544, 6 
1719907035375.00, 0, -594544, 6 
1719907035396.00, 0, -594546, 6 
1719907035417.00, 0, -594544, 6 
1719907035438.00, 0, -594545, 6 
1719907035459.00, 0, -594545, 6 
1719907035480.00, 57, -594544, 6 
1719907035502.00, 0, -594545, 6 
1719907035522.00, 0, -594545, 6 
1719907035544.00, 0, -594544, 6 
1719907035565.00, 0, -594544, 6 
1719907035586.00, 0, -594545, 6 
1719907035607.00, -67, -594545, 6 
1719907035628.00, 0, -594545, 6 
1719907035649.00, 0, -594545, 6 
1719907035670.00, 0, -594545, 6 
1719907035690.00, 0, -594545, 6 
1719907035711.00, 0, -594545, 6 
1719907035733.00, 0, -594545, 6 
1719907035754.00, 0, -594545, 6 
1719907035775.00, 0, -594545, 6 
1719907035796.00, 23, -594545, 6 
1719907035817.00, 0, -594544, 6 
1719907035842.00, 0, -594545, 6 
1719907035859.00, 0, -594544, 6 
1719907035880.00, 0, -594545, 6 
1719907035901.00, 0, -594545, 6 
1719907035923.00, 0, -594545, 6 
1719907035943.00, 0, -594544, 6 
1719907035964.00, 0, -594545, 6 
1719907035986.00, 0, -594545, 6 
1719907036007.00, 0, -594544, 6 
1719907036028.00, 0, -594545, 6 
1719907036049.00, 0, -594544, 6 
1719907036069.00, 0, -594545, 6 
1719907036091.00, 0, -594545, 6 
1719907036112.00, 0, -594545, 6 
1719907036132.00, 0, -594545, 6 
1719907036153.00, 0, -594545, 6 
1719907036175.00, 0, -594545, 6 
1719907036195.00, 0, -594545, 6 
1719907036216.00, 0, -594545, 6 
1719907036238.00, 0, -594545, 6 
1719907036259.00, 0, -594544, 6 
1719907036280.00, 0, -594545, 6 
1719907036301.00, 0, -594545, 6 
1719907036321.00, 0, -594545, 6 
1719907036343.00, -60, -594544, 6 
1719907036364.00, -9, -594546, 6 
1719907036387.00, 1, -594545, 6 
1719907036406.00, 1, -594545, 6 
1719907036427.00, -45, -594544, 6 
1719907036448.00, 0, -594545, 6 
1719907036470.00, 0, -594545, 6 
1719907036491.00, 0, -594544, 6 
1719907036511.00, 0, -594545, 6 
1719907036533.00, 0, -594545, 6 
1719907036554.00, 0, -594545, 6 
1719907036574.00, 0, -594545, 6 
1719907036596.00, 0, -594545, 6 
1719907036617.00, 0, -594545, 6 
1719907036638.00, 0, -594545, 6 
1719907036659.00, 0, -594545, 6 
1719907036680.00, 0, -594545, 6 
1719907036701.00, 0, -594545, 6 
1719907036722.00, 0, -594544, 6 
1719907036743.00, 0, -594545, 6 
1719907036764.00, 0, -594545, 6 
1719907036785.00, 0, -594545, 6 
1719907036806.00, 0, -594545, 6 
1719907036827.00, 0, -594545, 6 
1719907036848.00, 0, -594545, 6 
1719907036869.00, 0, -594545, 6 
1719907036890.00, 6, -594544, 6 
1719907036911.00, 0, -594545, 6 
1719907036932.00, 0, -594544, 6 
1719907036953.00, 0, -594545, 6 
1719907036974.00, 0, -594545, 6 
1719907036995.00, 0, -594545, 6 
1719907037016.00, 0, -594545, 6 
1719907037041.00, 0, -594546, 6 
1719907037058.00, 0, -594545, 6 
1719907037079.00, 0, -594545, 6 
1719907037100.00, 0, -594545, 6 
1719907037121.00, 0, -594545, 6 
1719907037142.00, 0, -594545, 6 
1719907037163.00, 0, -594544, 6 
1719907037184.00, 0, -594544, 6 
1719907037206.00, 0, -594546, 6 
1719907037227.00, 0, -594545, 6 
1719907037247.00, 0, -594545, 6 
1719907037269.00, 0, -594545, 6 
1719907037289.00, 0, -594544, 6 
1719907037311.00, 0, -594546, 6 
1719907037331.00, 0, -594544, 6 
1719907037353.00, 0, -594546, 6 
1719907037381.00, 5, -594544, 6 
1719907037395.00, 0, -594545, 6 
1719907037416.00, 0, -594546, 6 
1719907037437.00, 0, -594545, 6 
1719907037458.00, 0, -594544, 6 
1719907037480.00, 0, -594544, 6 
1719907037500.00, 0, -594545, 6 
1719907037521.00, 0, -594544, 6 
1719907037541.00, 0, -594545, 6 
1719907037563.00, 0, -594543, 6 
1719907037584.00, 0, -594544, 6 
1719907037605.00, 0, -594544, 6 
1719907037626.00, 0, -594546, 6 
1719907037647.00, 0, -594544, 6 
1719907037668.00, 0, -594545, 6 
1719907037689.00, 0, -594544, 6 
1719907037710.00, 0, -594545, 6 
1719907037732.00, 0, -594544, 6 
1719907037752.00, 0, -594545, 6 
1719907037773.00, 0, -594544, 6 
1719907037794.00, 0, -594545, 6 
1719907037815.00, 0, -594545, 6 
1719907037836.00, 0, -594545, 6 
1719907037856.00, 0, -594544, 6 
1719907037878.00, 0, -594544, 6 
1719907037899.00, 0, -594545, 6 
1719907037926.00, 0, -594545, 5 
1719907037942.00, 0, -594544, 5 
1719907037963.00, 0, -594545, 6 
1719907037983.00, 0, -594544, 6 
1719907038004.00, 5, -594542, 27 
1719907038025.00, 1579, -594543, 28 
1719907038048.00, 2702, -594518, 11 
1719907038069.00, 2127, -594459, 42 
1719907038090.00, 3843, -594414, -12 
1719907038112.00, 2262, -594332, 29 
1719907038135.00, 3102, -594282, 5 
1719907038155.00, 1832, -594219, 0 
1719907038176.00, 1099, -594177, -9 
1719907038197.00, 593, -594153, -7 
1719907038219.00, 282, -594139, -7 
1719907038240.00, 204, -594131, -1 
1719907038262.00, 113, -594124, 32 
1719907038283.00, 2020, -594122, 38 
1719907038304.00, 3530, -594077, 66 
1719907038326.00, 6242, -594003, 62 
1719907038348.00, 7434, -593870, 90 
1719907038368.00, 9725, -593710, 108 
1719907038390.00, 12409, -593497, 106 
1719907038413.00, 13879, -593230, 140 
1719907038433.00, 16817, -592925, 176 
1719907038455.00, 20524, -592567, 211 
1719907038477.00, 24834, -592123, 235 
1719907038499.00, 27244, -591589, 262 
1719907038521.00, 28551, -590992, 310 
1719907038541.00, 29435, -590363, 357 
1719907038564.00, 28979, -589730, 406 
1719907038585.00, 29319, -589109, 380 
1719907038607.00, 28746, -588464, 570 
1719907038629.00, 29325, -587835, 485 
1719907038651.00, 28957, -587194, 548 
1719907038671.00, 29394, -586559, 596 
1719907038694.00, 28966, -585933, 597 
1719907038715.00, 29232, -585304, 632 
1719907038736.00, 29085, -584669, 653 
1719907038758.00, 29441, -584032, 677 
1719907038780.00, 28993, -583402, 709 
1719907038802.00, 29251, -582770, 730 
1719907038824.00, 29013, -582143, 749 
1719907038845.00, 29291, -581505, 769 
1719907038867.00, 29182, -580869, 788 
1719907038888.00, 29263, -580235, 799 
1719907038910.00, 28930, -579606, 823 
1719907038932.00, 29172, -578975, 836 
1719907038953.00, 29138, -578345, 839 
1719907038975.00, 29107, -577710, 848 
1719907038997.00, 29063, -577079, 855 
1719907039018.00, 29145, -576453, 863 
1719907039040.00, 29150, -575824, 866 
1719907039062.00, 29069, -575196, 878 
1719907039083.00, 29256, -574559, 902 
1719907039105.00, 29011, -573923, 912 
1719907039126.00, 29256, -573290, 924 
1719907039148.00, 29007, -572662, 934 
1719907039169.00, 29376, -572030, 938 
1719907039191.00, 28921, -571396, 947 
1719907039213.00, 29227, -570762, 958 
1719907039235.00, 29088, -570132, 974 
1719907039256.00, 29412, -569505, 992 
1719907039278.00, 28961, -568877, 995 
1719907039300.00, 29080, -568243, 995 
1719907039321.00, 29051, -567606, 1025 
1719907039343.00, 29238, -566970, 1032 
1719907039365.00, 29116, -566338, 1054 
1719907039386.00, 29176, -565708, 1040 
1719907039408.00, 28943, -565069, 1058 
1719907039429.00, 29117, -564431, 1067 
1719907039451.00, 29200, -563796, 1070 
1719907039473.00, 29321, -563164, 1072 
1719907039495.00, 28886, -562538, 1077 
1719907039517.00, 29099, -561907, 1062 
1719907039538.00, 28844, -561273, 1072 
1719907039560.00, 28975, -560640, 1026 
1719907039582.00, 28934, -560013, 1037 
1719907039604.00, 28903, -559385, 1029 
1719907039625.00, 29074, -558757, 1019 
1719907039647.00, 29119, -558124, 1006 
1719907039669.00, 29277, -557487, 988 
1719907039690.00, 28916, -556859, 989 
1719907039712.00, 29079, -556236, 974 
1719907039733.00, 29052, -555609, 955 
1719907039755.00, 29236, -554976, 954 
1719907039777.00, 29037, -554344, 945 
1719907039799.00, 29018, -553715, 944 
1719907039821.00, 29098, -553088, 926 
1719907039842.00, 29024, -552464, 922 
1719907039864.00, 29051, -551830, 911 
1719907039886.00, 28798, -551201, 897 
1719907039906.00, 29169, -550572, 884 
1719907039928.00, 28901, -549945, 881 
1719907039950.00, 29202, -549319, 872 
1719907039971.00, 28911, -548687, 871 
1719907039995.00, 28930, -548052, 873 
1719907040015.00, 29067, -547420, 874 
1719907040036.00, 29018, -546795, 869 
1719907040058.00, 29315, -546165, 888 
1719907040080.00, 28993, -545533, 902 
1719907040102.00, 29136, -544897, 929 
1719907040123.00, 28925, -544264, 932 
1719907040145.00, 29226, -543634, 943 
1719907040166.00, 29051, -543008, 958 
1719907040188.00, 29011, -542379, 935 
1719907040210.00, 29136, -541744, 940 
1719907040231.00, 29141, -541109, 945 
1719907040253.00, 29359, -540478, 938 
1719907040275.00, 28791, -539852, 960 
1719907040296.00, 29035, -539223, 947 
1719907040323.00, 28829, -538590, 946 
1719907040339.00, 29093, -537962, 939 
1719907040360.00, 29036, -537333, 932 
1719907040383.00, 29053, -536710, 924 
1719907040404.00, 28960, -536083, 916 
1719907040425.00, 29059, -535448, 918 
1719907040448.00, 29223, -534815, 910 
1719907040469.00, 28958, -534185, 911 
1719907040491.00, 29214, -533557, 914 
1719907040512.00, 28980, -532929, 911 
1719907040534.00, 29246, -532292, 911 
1719907040556.00, 29069, -531658, 910 
1719907040577.00, 29170, -531029, 912 
1719907040599.00, 29018, -530400, 917 
1719907040620.00, 28912, -529776, 909 
1719907040642.00, 29222, -529143, 914 
1719907040664.00, 28915, -528511, 913 
1719907040686.00, 29219, -527879, 909 
1719907040707.00, 28911, -527252, 912 
1719907040728.00, 29298, -526628, 906 
1719907040750.00, 29085, -525999, 909 
1719907040772.00, 29235, -525363, 902 
1719907040794.00, 28971, -524732, 899 
1719907040816.00, 29131, -524101, 898 
1719907040837.00, 29185, -523477, 892 
1719907040859.00, 29213, -522847, 894 
1719907040880.00, 29103, -522211, 886 
1719907040902.00, 28968, -521577, 881 
1719907040923.00, 29339, -520946, 888 
1719907040945.00, 29151, -520323, 892 
1719907040967.00, 29161, -519696, 901 
1719907040989.00, 28994, -519057, 907 
1719907041010.00, 29271, -518425, 914 
1719907041031.00, 29082, -517792, 916 
1719907041054.00, 29107, -517161, 934 
1719907041075.00, 29087, -516534, 927 
1719907041097.00, 29078, -515895, 937 
1719907041118.00, 29327, -515259, 930 
1719907041139.00, 29073, -514625, 941 
1719907041162.00, 29016, -513998, 930 
1719907041183.00, 28906, -513374, 895 
1719907041205.00, 29196, -512743, 886 
1719907041227.00, 28962, -512116, 859 
1719907041248.00, 29156, -511486, 844 
1719907041269.00, 28982, -510858, 831 
1719907041292.00, 29132, -510237, 807 
1719907041313.00, 29197, -509605, 755 
1719907041335.00, 29065, -508968, 719 
1719907041356.00, 29118, -508339, 708 
1719907041378.00, 28940, -507709, 690 
1719907041400.00, 29099, -507085, 672 
1719907041423.00, 28942, -506452, 688 
1719907041443.00, 29157, -505816, 704 
1719907041465.00, 29028, -505184, 727 
1719907041486.00, 29132, -504554, 750 
1719907041508.00, 29177, -503930, 769 
1719907041530.00, 29076, -503303, 770 
1719907041551.00, 29077, -502665, 768 
1719907041573.00, 28977, -502037, 752 
1719907041594.00, 29222, -501407, 738 
1719907041616.00, 29048, -500781, 726 
1719907041638.00, 29237, -500154, 705 
1719907041660.00, 28902, -499519, 678 
1719907041681.00, 29009, -498885, 655 
1719907041702.00, 29049, -498259, 613 
1719907041724.00, 29009, -497639, 580 
1719907041746.00, 29005, -497013, 549 
1719907041767.00, 28949, -496381, 529 
1719907041789.00, 29064, -495748, 497 
1719907041811.00, 28978, -495125, 460 
1719907041833.00, 28937, -494503, 434 
1719907041860.00, 29129, -493880, 404 
1719907041876.00, 28983, -493248, 389 
1719907041898.00, 29224, -492609, 381 
1719907041919.00, 28782, -491978, 382 
1719907041941.00, 29044, -491350, 379 
1719907041964.00, 29029, -490726, 390 
1719907041984.00, 29253, -490091, 407 
1719907042005.00, 29001, -489453, 433 
1719907042027.00, 29104, -488822, 439 
1719907042049.00, 29162, -488192, 439 
1719907042073.00, 29058, -487568, 437 
1719907042092.00, 29094, -486941, 438 
1719907042114.00, 29069, -486305, 425 
1719907042135.00, 29126, -485673, 420 
1719907042157.00, 29180, -485041, 413 
1719907042182.00, 29271, -484418, 409 
1719907042201.00, 28994, -483786, 400 
1719907042222.00, 29149, -483146, 412 
1719907042243.00, 29073, -482512, 418 
1719907042266.00, 29197, -481881, 421 
1719907042292.00, 29034, -481257, 417 
1719907042309.00, 29191, -480630, 431 
1719907042332.00, 29046, -479992, 436 
1719907042352.00, 29145, -479361, 433 
1719907042374.00, 29252, -478731, 430 
1719907042397.00, 29004, -478105, 433 
1719907042416.00, 29193, -477485, 424 
1719907042439.00, 28900, -476845, 424 
1719907042460.00, 29243, -476209, 397 
1719907042482.00, 29014, -475580, 413 
1719907042503.00, 29236, -474953, 415 
1719907042525.00, 28961, -474327, 429 
1719907042547.00, 29114, -473692, 438 
1719907042568.00, 29042, -473055, 448 
1719907042590.00, 29011, -472424, 463 
1719907042611.00, 29148, -471797, 475 
1719907042633.00, 29006, -471173, 486 
1719907042655.00, 29271, -470541, 495 
1719907042676.00, 29103, -469905, 495 
1719907042698.00, 29258, -469277, 496 
1719907042719.00, 28904, -468646, 496 
1719907042741.00, 29160, -468017, 492 
1719907042763.00, 29101, -467388, 486 
1719907042785.00, 29017, -466751, 485 
1719907042807.00, 29165, -466120, 476 
1719907042828.00, 28978, -465487, 473 
1719907042850.00, 29049, -464861, 465 
1719907042871.00, 28911, -464238, 453 
1719907042892.00, 29185, -463601, 450 
1719907042914.00, 28856, -462973, 446 
1719907042936.00, 29191, -462341, 440 
1719907042958.00, 29028, -461719, 444 
1719907042979.00, 29136, -461096, 444 
1719907043001.00, 29114, -460460, 438 
1719907043023.00, 29068, -459826, 436 
1719907043044.00, 29147, -459193, 430 
1719907043065.00, 28849, -458563, 428 
1719907043087.00, 29140, -457937, 428 
1719907043109.00, 28950, -457307, 427 
1719907043131.00, 29225, -456671, 424 
1719907043152.00, 29101, -456044, 419 
1719907043174.00, 29089, -455416, 417 
1719907043196.00, 29084, -454793, 419 
1719907043217.00, 29149, -454161, 419 
1719907043238.00, 29314, -453523, 425 
1719907043260.00, 28961, -452897, 423 
1719907043282.00, 29119, -452263, 428 
1719907043303.00, 28877, -451636, 435 
1719907043325.00, 29145, -451005, 440 
1719907043347.00, 28908, -450367, 445 
1719907043369.00, 29147, -449737, 454 
1719907043394.00, 29130, -449107, 465 
1719907043412.00, 29054, -448480, 467 
1719907043434.00, 29110, -447853, 453 
1719907043455.00, 29037, -447216, 443 
1719907043477.00, 29179, -446590, 432 
1719907043498.00, 28832, -445961, 430 
1719907043520.00, 29228, -445335, 426 
1719907043541.00, 29070, -444714, 417 
1719907043563.00, 29075, -444078, 400 
1719907043585.00, 28961, -443441, 397 
1719907043606.00, 28842, -442814, 390 
1719907043628.00, 29167, -442186, 382 
1719907043650.00, 28897, -441563, 373 
1719907043672.00, 29071, -440930, 362 
1719907043693.00, 28854, -440300, 347 
1719907043715.00, 29142, -439671, 339 
1719907043736.00, 29173, -439046, 326 
1719907043758.00, 28970, -438421, 321 
1719907043780.00, 28938, -437788, 308 
1719907043801.00, 28935, -437154, 303 
1719907043826.00, 29199, -436530, 294 
1719907043845.00, 28942, -435900, 278 
1719907043866.00, 29129, -435272, 268 
1719907043888.00, 28972, -434647, 266 
1719907043910.00, 29063, -434006, 258 
1719907043932.00, 29282, -433377, 246 
1719907043953.00, 28917, -432748, 239 
1719907043974.00, 29054, -432124, 229 
1719907043996.00, 16757, -431500, 215 
1719907044018.00, 9003, -431126, 185 
1719907044041.00, 4542, -430914, 186 
1719907044061.00, 1928, -430809, 186 
1719907044082.00, 350, -430765, 183 
1719907044103.00, -54, -430755, 174 
1719907044124.00, -359, -430756, 167 
1719907044146.00, -788, -430762, 133 
1719907044167.00, -1050, -430777, 100 
1719907044189.00, -1198, -430798, 90 
1719907044210.00, -1299, -430827, 60 
1719907044232.00, -1364, -430858, 27 
1719907044255.00, -1397, -430892, -5 
1719907044275.00, -1469, -430932, -37 
1719907044296.00, -3631, -430969, -92 
1719907044317.00, -8306, -431050, -135 
1719907044339.00, -13937, -431227, -167 
1719907044360.00, -18766, -431520, -201 
1719907044382.00, -23750, -431927, -242 
1719907044404.00, -27270, -432435, -281 
1719907044425.00, -28874, -433015, -289 
1719907044447.00, -29318, -433642, -303 
1719907044469.00, -29031, -434281, -327 
1719907044491.00, -29312, -434918, -331 
1719907044512.00, -28759, -435550, -329 
1719907044534.00, -29171, -436174, -348 
1719907044556.00, -29042, -436806, -372 
1719907044577.00, -29095, -437441, -382 
1719907044599.00, -29087, -438080, -393 
1719907044620.00, -29197, -438714, -416 
1719907044642.00, -29163, -439337, -430 
1719907044664.00, -29122, -439968, -434 
1719907044685.00, -29338, -440602, -458 
1719907044707.00, -29084, -441239, -472 
1719907044729.00, -29243, -441872, -491 
1719907044750.00, -29056, -442499, -503 
1719907044772.00, -29216, -443127, -517 
1719907044793.00, -28971, -443761, -535 
1719907044815.00, -29095, -444401, -538 
1719907044837.00, -28980, -445032, -541 
1719907044858.00, -29109, -445658, -548 
1719907044879.00, -29098, -446279, -553 
1719907044902.00, -29138, -446913, -569 
1719907044923.00, -29172, -447548, -579 
1719907044945.00, -29192, -448180, -598 
1719907044967.00, -29330, -448808, -610 
1719907044988.00, -28969, -449436, -621 
1719907045010.00, -29176, -450070, -638 
1719907045031.00, -28974, -450706, -644 
1719907045053.00, -29244, -451344, -645 
1719907045075.00, -29112, -451970, -652 
1719907045096.00, -29156, -452599, -663 
1719907045118.00, -29075, -453229, -658 
1719907045139.00, -29156, -453862, -658 
1719907045161.00, -29002, -454495, -658 
1719907045183.00, -28979, -455124, -650 
1719907045204.00, -29111, -455747, -633 
1719907045226.00, -29035, -456374, -619 
1719907045248.00, -29180, -457006, -626 
1719907045269.00, -28878, -457639, -622 
1719907045290.00, -28849, -458271, -616 
1719907045312.00, -29007, -458895, -615 
1719907045334.00, -28997, -459520, -625 
1719907045356.00, -29174, -460150, -629 
1719907045379.00, -29009, -460787, -633 
1719907045399.00, -29272, -461421, -642 
1719907045421.00, -29086, -462045, -673 
1719907045443.00, -29219, -462673, -672 
1719907045464.00, -28896, -463302, -681 
1719907045485.00, -29021, -463939, -687 
1719907045507.00, -29086, -464573, -692 
1719907045529.00, -29055, -465197, -694 
1719907045550.00, -29136, -465822, -693 
1719907045572.00, -29019, -466453, -690 
1719907045594.00, -29137, -467090, -686 
1719907045616.00, -29016, -467724, -684 
1719907045637.00, -29144, -468353, -673 
1719907045658.00, -29030, -468974, -645 
1719907045682.00, -29068, -469603, -633 
1719907045702.00, -29129, -470240, -646 
1719907045724.00, -29137, -470877, -649 
1719907045745.00, -29117, -471504, -645 
1719907045767.00, -29059, -472131, -662 
1719907045793.00, -29143, -472758, -688 
1719907045809.00, -29160, -473392, -698 
1719907045832.00, -29352, -474030, -704 
1719907045854.00, -28977, -474661, -717 
1719907045875.00, -29156, -475289, -718 
1719907045897.00, -28909, -475916, -727 
1719907045918.00, -29247, -476550, -736 
1719907045940.00, -29052, -477187, -744 
1719907045962.00, -29107, -477818, -752 
1719907045983.00, -29030, -478445, -748 
1719907046005.00, -29144, -479070, -747 
1719907046027.00, -29140, -479700, -745 
1719907046048.00, -29013, -480335, -751 
1719907046070.00, -29161, -480965, -744 
1719907046091.00, -28980, -481587, -742 
1719907046113.00, -29210, -482217, -738 
1719907046134.00, -29222, -482848, -731 
1719907046156.00, -29204, -483481, -712 
1719907046178.00, -29003, -484121, -709 
1719907046199.00, -29096, -484751, -707 
1719907046221.00, -29187, -485371, -675 
1719907046243.00, -28948, -485999, -649 
1719907046264.00, -29157, -486631, -649 
1719907046286.00, -28819, -487268, -645 
1719907046307.00, -29121, -487893, -624 
1719907046330.00, -28931, -488514, -625 
1719907046351.00, -29168, -489143, -627 
1719907046373.00, -29058, -489777, -633 
1719907046395.00, -29077, -490412, -628 
1719907046416.00, -29160, -491041, -632 
1719907046438.00, -29029, -491666, -623 
1719907046459.00, -29118, -492296, -612 
1719907046481.00, -28942, -492929, -614 
1719907046502.00, -29205, -493567, -608 
1719907046524.00, -29010, -494196, -606 
1719907046546.00, -29057, -494818, -610 
1719907046568.00, -29083, -495444, -602 
1719907046589.00, -29067, -496076, -598 
1719907046611.00, -29024, -496715, -602 
1719907046633.00, -28968, -497344, -595 
1719907046654.00, -29180, -497964, -575 
1719907046675.00, -28983, -498591, -569 
1719907046697.00, -29311, -499222, -574 
1719907046719.00, -28865, -499862, -575 
1719907046740.00, -29102, -500497, -571 
1719907046761.00, -29001, -501121, -576 
1719907046783.00, -29112, -501748, -576 
1719907046806.00, -29054, -502376, -566 
1719907046827.00, -28898, -503016, -560 
1719907046849.00, -29064, -503649, -546 
1719907046870.00, -29022, -504271, -538 
1719907046892.00, -29208, -504894, -539 
1719907046914.00, -28797, -505521, -531 
1719907046935.00, -28878, -506154, -514 
1719907046957.00, -29105, -506787, -513 
1719907046978.00, -29065, -507415, -521 
1719907047000.00, -29203, -508039, -516 
1719907047022.00, -28873, -508668, -507 
1719907047044.00, -29198, -509304, -498 
1719907047065.00, -29000, -509943, -498 
1719907047087.00, -29202, -510572, -496 
1719907047109.00, -28980, -511189, -477 
1719907047130.00, -29076, -511822, -473 
1719907047152.00, -29079, -512449, -467 
1719907047173.00, -29167, -513086, -457 
1719907047195.00, -29110, -513714, -447 
1719907047219.00, -29054, -514333, -442 
1719907047238.00, -29140, -514964, -441 
1719907047260.00, -29016, -515599, -437 
1719907047282.00, -29251, -516240, -427 
1719907047303.00, -28944, -516875, -437 
1719907047327.00, -29152, -517499, -441 
1719907047346.00, -29160, -518125, -442 
1719907047368.00, -29250, -518760, -458 
1719907047389.00, -29087, -519398, -470 
1719907047411.00, -29129, -520033, -481 
1719907047438.00, -29250, -520656, -497 
1719907047455.00, -29042, -521284, -508 
1719907047476.00, -29268, -521918, -517 
1719907047497.00, -29093, -522552, -532 
1719907047520.00, -29289, -523192, -545 
1719907047542.00, -28924, -523817, -550 
1719907047562.00, -29276, -524447, -557 
1719907047585.00, -28933, -525075, -568 
1719907047606.00, -29202, -525710, -573 
1719907047628.00, -29083, -526347, -572 
1719907047650.00, -29245, -526977, -578 
1719907047671.00, -29065, -527602, -579 
1719907047693.00, -29151, -528231, -588 
1719907047714.00, -29082, -528863, -598 
1719907047736.00, -29165, -529501, -611 
1719907047757.00, -29235, -530134, -619 
1719907047780.00, -29011, -530756, -631 
1719907047801.00, -29173, -531386, -633 
1719907047823.00, -29038, -532016, -638 
1719907047844.00, -29184, -532657, -645 
1719907047871.00, -29046, -533291, -639 
1719907047888.00, -29181, -533915, -637 
1719907047909.00, -28913, -534546, -625 
1719907047931.00, -29011, -535174, -598 
1719907047953.00, -29004, -535809, -575 
1719907047976.00, -28749, -536438, -538 
1719907047996.00, -29111, -537057, -485 
1719907048017.00, -28913, -537675, -449 
1719907048039.00, -29134, -538302, -429 
1719907048060.00, -28822, -538931, -396 
1719907048084.00, -28948, -539562, -354 
1719907048104.00, -29068, -540182, -350 
1719907048125.00, -29076, -540808, -343 
1719907048147.00, -29180, -541439, -320 
1719907048169.00, -28935, -542078, -308 
1719907048190.00, -29168, -542713, -308 
1719907048212.00, -29052, -543335, -292 
1719907048234.00, -29004, -543958, -269 
1719907048255.00, -29138, -544585, -232 
1719907048277.00, -29096, -545213, -190 
1719907048298.00, -28070, -545845, -163 
1719907048320.00, -25855, -546450, -158 
1719907048342.00, -24025, -547009, -152 
1719907048364.00, -22829, -547531, -133 
1719907048385.00, -20932, -548024, -118 
1719907048407.00, -18714, -548482, -108 
1719907048428.00, -16807, -548898, -109 
1719907048450.00, -15873, -549271, -112 
1719907048471.00, -15280, -549615, -116 
1719907048493.00, -15398, -549948, -114 
1719907048514.00, -15380, -550280, -109 
1719907048537.00, -15139, -550612, -103 
1719907048557.00, -14676, -550937, -93 
1719907048579.00, -13842, -551251, -78 
1719907048601.00, -12201, -551549, -66 
1719907048623.00, -10899, -551818, -63 
1719907048644.00, -9524, -552051, -53 
1719907048666.00, -8140, -552262, -54 
1719907048687.00, -7614, -552439, -39 
1719907048709.00, -6271, -552603, -38 
1719907048730.00, -5519, -552742, -66 
1719907048751.00, -6800, -552861, -93 
1719907048773.00, -9063, -553004, -100 
1719907048794.00, -10900, -553196, -111 
1719907048816.00, -12650, -553428, -118 
1719907048838.00, -14101, -553701, -142 
1719907048860.00, -16364, -554006, -164 
1719907048880.00, -19058, -554362, -174 
1719907048903.00, -21131, -554776, -189 
1719907048924.00, -23285, -555237, -203 
1719907048946.00, -25698, -555749, -208 
1719907048968.00, -27233, -556299, -206 
1719907048989.00, -27916, -556884, -213 
1719907049011.00, -28738, -557486, -217 
1719907049033.00, -29131, -558112, -218 
1719907049054.00, -29233, -558747, -220 
1719907049076.00, -29016, -559378, -223 
1719907049098.00, -29139, -560005, -223 
1719907049119.00, -29309, -560635, -221 
1719907049141.00, -29196, -561267, -217 
1719907049162.00, -29152, -561902, -217 
1719907049186.00, -29034, -562534, -220 
1719907049206.00, -29233, -563159, -219 
1719907049228.00, -29162, -563783, -214 
1719907049249.00, -29345, -564415, -212 
1719907049271.00, -28899, -565052, -208 
1719907049292.00, -29189, -565688, -205 
1719907049314.00, -28989, -566316, -198 
1719907049335.00, -28717, -566943, -186 
1719907049357.00, -27669, -567563, -175 
1719907049379.00, -26555, -568169, -174 
1719907049400.00, -25971, -568747, -170 
1719907049422.00, -25140, -569303, -162 
1719907049444.00, -24214, -569842, -152 
1719907049465.00, -23226, -570361, -148 
1719907049487.00, -22005, -570861, -146 
1719907049509.00, -21499, -571342, -148 
1719907049530.00, -21213, -571808, -149 
1719907049552.00, -21177, -572264, -139 
1719907049574.00, -20345, -572722, -135 
1719907049595.00, -19730, -573161, -136 
1719907049618.00, -19335, -573587, -139 
1719907049639.00, -19118, -574010, -138 
1719907049660.00, -19444, -574429, -136 
1719907049682.00, -19260, -574850, -137 
1719907049704.00, -19002, -575266, -141 
1719907049731.00, -19081, -575683, -144 
1719907049746.00, -19686, -576096, -144 
1719907049768.00, -19628, -576513, -147 
1719907049790.00, -20206, -576937, -151 
1719907049812.00, -20452, -577371, -148 
1719907049833.00, -20456, -577816, -149 
1719907049855.00, -20435, -578265, -154 
1719907049877.00, -20947, -578710, -155 
1719907049898.00, -21073, -579164, -157 
1719907049919.00, -21395, -579620, -154 
1719907049941.00, -21374, -580081, -153 
1719907049963.00, -21221, -580548, -151 
1719907049985.00, -21296, -581015, -151 
1719907050006.00, -21472, -581478, -155 
1719907050028.00, -21678, -581939, -153 
1719907050051.00, -21395, -582405, -151 
1719907050072.00, -21248, -582869, -147 
1719907050093.00, -20962, -583327, -148 
1719907050114.00, -20601, -583786, -143 
1719907050136.00, -20361, -584235, -148 
1719907050158.00, -20619, -584679, -144 
1719907050179.00, -20313, -585122, -141 
1719907050201.00, -19966, -585567, -144 
1719907050223.00, -19966, -585997, -150 
1719907050244.00, -20317, -586427, -149 
1719907050266.00, -20446, -586867, -147 
1719907050288.00, -20703, -587315, -150 
1719907050309.00, -20987, -587761, -154 
1719907050332.00, -21505, -588213, -153 
1719907050353.00, -21407, -588675, -152 
1719907050374.00, -21109, -589136, -152 
1719907050396.00, -20980, -589595, -150 
1719907050418.00, -20833, -590051, -147 
1719907050439.00, -20628, -590506, -143 
1719907050461.00, -20536, -590959, -141 
1719907050482.00, -20190, -591400, -140 
1719907050505.00, -19708, -591841, -139 
1719907050526.00, -19636, -592270, -136 
1719907050547.00, -19402, -592696, -137 
1719907050569.00, -19492, -593114, -140 
1719907050591.00, -11041, -593527, -138 
1719907050612.00, -5947, -593781, -149 
1719907050633.00, -2961, -593916, -135 
1719907050655.00, -1267, -593984, -129 
1719907050677.00, -196, -594010, -123 
1719907050698.00, 60, -594017, -123 
1719907050724.00, 59, -594016, -116 
1719907050741.00, 253, -594015, -106 
1719907050762.00, 643, -594010, -92 
1719907050784.00, 792, -593999, -77 
1719907050805.00, 861, -593980, -72 
1719907050827.00, 934, -593964, -76 
1719907050848.00, 988, -593943, -66 
1719907050870.00, 1032, -593922, -66 
1719907050892.00, 1012, -593900, -56 
1719907050913.00, 1027, -593877, -43 
1719907050934.00, 997, -593854, -32 
1719907050956.00, 944, -593833, -22 
1719907050978.00, 893, -593810, -13 
1719907050999.00, 865, -593792, -2 
1719907051020.00, 852, -593773, 3 
1719907051043.00, 790, -593753, 11 
1719907051063.00, 1483, -593736, 15 
1719907051084.00, 2164, -593702, 36 
1719907051105.00, 3799, -593658, 44 
1719907051128.00, 5251, -593575, 47 
1719907051149.00, 6184, -593464, 56 
1719907051170.00, 7287, -593330, 71 
1719907051192.00, 8739, -593173, 82 
1719907051214.00, 10327, -592981, 95 
1719907051235.00, 12134, -592760, 105 
1719907051258.00, 13638, -592501, 116 
1719907051278.00, 15288, -592200, 125 
1719907051300.00, 16812, -591872, 133 
1719907051322.00, 18333, -591503, 146 
1719907051343.00, 19985, -591107, 152 
1719907051365.00, 21182, -590671, 161 
1719907051387.00, 22762, -590211, 172 
1719907051408.00, 24175, -589727, 187 
1719907051430.00, 25933, -589212, 190 
1719907051451.00, 26952, -588659, 203 
1719907051473.00, 28334, -588071, 210 
1719907051495.00, 29370, -587458, 217 
1719907051516.00, 28915, -586819, 226 
1719907051538.00, 29182, -586195, 230 
1719907051559.00, 29083, -585569, 234 
1719907051580.00, 29145, -584936, 231 
1719907051603.00, 29028, -584301, 236 
1719907051624.00, 29037, -583667, 242 
1719907051646.00, 29210, -583041, 245 
1719907051667.00, 29019, -582414, 250 
1719907051689.00, 29232, -581781, 252 
1719907051711.00, 29091, -581142, 260 
1719907051732.00, 29217, -580504, 271 
1719907051754.00, 29090, -579875, 283 
1719907051776.00, 29295, -579251, 288 
1719907051797.00, 28859, -578619, 292 
1719907051819.00, 29288, -577984, 298 
1719907051841.00, 29051, -577351, 299 
1719907051862.00, 29237, -576721, 305 
1719907051884.00, 29061, -576100, 305 
1719907051905.00, 29104, -575472, 306 
1719907051927.00, 29109, -574835, 311 
1719907051949.00, 29277, -574201, 308 
1719907051971.00, 29019, -573563, 317 
1719907051992.00, 28891, -572940, 321 
1719907052014.00, 29163, -572312, 329 
1719907052036.00, 29100, -571672, 334 
1719907052057.00, 29309, -571039, 340 
1719907052079.00, 28933, -570407, 348 
1719907052100.00, 29229, -569787, 347 
1719907052122.00, 28998, -569162, 352 
1719907052144.00, 29417, -568524, 353 
1719907052165.00, 29055, -567889, 357 
1719907052187.00, 29059, -567255, 365 
1719907052209.00, 29171, -566626, 368 
1719907052230.00, 29073, -566001, 371 
1719907052252.00, 29233, -565367, 368 
1719907052273.00, 28895, -564729, 370 
1719907052295.00, 29231, -564093, 372 
1719907052326.00, 28990, -563469, 374 
1719907052338.00, 29486, -562841, 375 
1719907052359.00, 28807, -562214, 371 
1719907052381.00, 29353, -561577, 373 
1719907052403.00, 28971, -560942, 372 
1719907052425.00, 29320, -560314, 375 
1719907052446.00, 29044, -559691, 378 
1719907052468.00, 29207, -559061, 377 
1719907052490.00, 29120, -558424, 381 
1719907052511.00, 29103, -557787, 378 
1719907052533.00, 29231, -557158, 375 
1719907052555.00, 28914, -556536, 364 
1719907052580.00, 29127, -555911, 357 
1719907052598.00, 29159, -555277, 352 
1719907052619.00, 29225, -554644, 343 
1719907052640.00, 29007, -554012, 338 
1719907052663.00, 29038, -553388, 329 
1719907052684.00, 29054, -552767, 328 
1719907052706.00, 28923, -552131, 324 
1719907052727.00, 29256, -551494, 320 
1719907052749.00, 29067, -550864, 320 
1719907052771.00, 29186, -550242, 315 
1719907052793.00, 28812, -549617, 315 
1719907052813.00, 29197, -548980, 309 
1719907052836.00, 29006, -548347, 305 
1719907052857.00, 29015, -547712, 308 
1719907052879.00, 28873, -547089, 306 
1719907052901.00, 28966, -546464, 310 
1719907052923.00, 29385, -545833, 310 
1719907052943.00, 29066, -545196, 313 
1719907052966.00, 29214, -544564, 314 
1719907052988.00, 28958, -543938, 315 
1719907053010.00, 29235, -543316, 311 
1719907053031.00, 29203, -542688, 309 
1719907053052.00, 28970, -542049, 310 
1719907053074.00, 29017, -541411, 306 
1719907053095.00, 28858, -540785, 307 
1719907053120.00, 29312, -540159, 301 
1719907053139.00, 28998, -539538, 295 
1719907053160.00, 29196, -538900, 294 
1719907053182.00, 28882, -538266, 293 
1719907053204.00, 29054, -537635, 293 
1719907053231.00, 29092, -537018, 282 
1719907053247.00, 29049, -536395, 273 
1719907053269.00, 28883, -535760, 264 
1719907053290.00, 28825, -535122, 257 
1719907053312.00, 29273, -534494, 250 
1719907053335.00, 28903, -533869, 249 
1719907053355.00, 29044, -533244, 248 
1719907053377.00, 29098, -532611, 248 
1719907053398.00, 29250, -531969, 256 
1719907053420.00, 29087, -531336, 255 
1719907053448.00, 29023, -530711, 253 
1719907053464.00, 29121, -530090, 254 
1719907053485.00, 28978, -529460, 248 
1719907053506.00, 29376, -528820, 248 
1719907053528.00, 28862, -528187, 246 
1719907053550.00, 29089, -527558, 246 
1719907053572.00, 28854, -526941, 250 
1719907053593.00, 29072, -526312, 254 
1719907053615.00, 29096, -525674, 253 
1719907053637.00, 29025, -525040, 252 
1719907053658.00, 29039, -524410, 253 
1719907053680.00, 28888, -523786, 255 
1719907053701.00, 29242, -523162, 246 
1719907053724.00, 29018, -522525, 247 
1719907053745.00, 29070, -521890, 243 
1719907053766.00, 29066, -521262, 237 
1719907053788.00, 29156, -520638, 236 
1719907053810.00, 29179, -520013, 238 
1719907053831.00, 29060, -519377, 240 
1719907053853.00, 29076, -518740, 241 
1719907053875.00, 28990, -518109, 240 
1719907053896.00, 29281, -517482, 244 
1719907053917.00, 28894, -516860, 247 
1719907053939.00, 29240, -516221, 248 
1719907053960.00, 28959, -515582, 249 
1719907053983.00, 29227, -514948, 254 
1719907054004.00, 29037, -514323, 254 
1719907054026.00, 29072, -513703, 251 
1719907054048.00, 29136, -513070, 249 
1719907054069.00, 29175, -512434, 247 
1719907054090.00, 29238, -511803, 247 
1719907054113.00, 28936, -511172, 247 
1719907054134.00, 29176, -510553, 248 
1719907054156.00, 29060, -509926, 247 
1719907054178.00, 29213, -509282, 245 
1719907054199.00, 29084, -508647, 244 
1719907054223.00, 29199, -508019, 243 
1719907054242.00, 29075, -507394, 243 
1719907054264.00, 29086, -506766, 241 
1719907054286.00, 29168, -506127, 238 
1719907054307.00, 29135, -505490, 238 
1719907054329.00, 29101, -504864, 237 
1719907054351.00, 28889, -504243, 240 
1719907054372.00, 29197, -503617, 241 
1719907054394.00, 29012, -502979, 240 
1719907054415.00, 29266, -502342, 243 
1719907054437.00, 28833, -501713, 244 
1719907054459.00, 29081, -501087, 245 
1719907054480.00, 29260, -500465, 245 
1719907054502.00, 29237, -499825, 246 
1719907054525.00, 29039, -499185, 247 
1719907054548.00, 29026, -498552, 249 
1719907054567.00, 29122, -497928, 249 
1719907054589.00, 29222, -497306, 250 
1719907054610.00, 29282, -496673, 254 
1719907054632.00, 28995, -496031, 255 
1719907054655.00, 29065, -495400, 259 
1719907054675.00, 29130, -494774, 260 
1719907054696.00, 29216, -494155, 263 
1719907054718.00, 28855, -493525, 266 
1719907054740.00, 28971, -492882, 272 
1719907054762.00, 29074, -492251, 274 
1719907054784.00, 29046, -491622, 279 
1719907054805.00, 29194, -490996, 281 
1719907054827.00, 28920, -490371, 289 
1719907054848.00, 29152, -489731, 290 
1719907054872.00, 29065, -489098, 291 
1719907054891.00, 29276, -488466, 299 
1719907054913.00, 29022, -487845, 296 
1719907054935.00, 29125, -487219, 300 
1719907054957.00, 28922, -486581, 308 
1719907054981.00, 29082, -485945, 311 
1719907055000.00, 29129, -485318, 316 
1719907055021.00, 29077, -484695, 323 
1719907055043.00, 29057, -484067, 327 
1719907055065.00, 29201, -483427, 328 
1719907055088.00, 29171, -482787, 336 
1719907055108.00, 28963, -482158, 336 
1719907055130.00, 29120, -481529, 340 
1719907055151.00, 28980, -480910, 340 
1719907055172.00, 29131, -480275, 336 
1719907055196.00, 29137, -479639, 337 
1719907055216.00, 29010, -479010, 331 
1719907055238.00, 28977, -478382, 327 
1719907055260.00, 29074, -477759, 326 
1719907055281.00, 29286, -477132, 324 
1719907055303.00, 28881, -476491, 320 
1719907055324.00, 29124, -475860, 313 
1719907055346.00, 29067, -475231, 318 
1719907055367.00, 29214, -474607, 311 
1719907055389.00, 29027, -473977, 302 
1719907055411.00, 29052, -473340, 306 
1719907055433.00, 28974, -472708, 305 
1719907055454.00, 29026, -472080, 300 
1719907055476.00, 29167, -471459, 292 
1719907055497.00, 28925, -470836, 287 
1719907055519.00, 29077, -470199, 280 
1719907055540.00, 29000, -469564, 273 
1719907055563.00, 29072, -468933, 271 
1719907055584.00, 29094, -468311, 271 
1719907055605.00, 29180, -467686, 270 
1719907055626.00, 29116, -467048, 273 
1719907055649.00, 29045, -466407, 273 
1719907055671.00, 29286, -465775, 268 
1719907055692.00, 29007, -465152, 267 
1719907055713.00, 29158, -464530, 268 
1719907055735.00, 28974, -463893, 268 
1719907055757.00, 29243, -463255, 269 
1719907055779.00, 29123, -462629, 261 
1719907055800.00, 29100, -462002, 263 
1719907055821.00, 29112, -461379, 266 
1719907055843.00, 29170, -460750, 265 
1719907055865.00, 29094, -460107, 267 
1719907055887.00, 28901, -459476, 261 
1719907055908.00, 29101, -458849, 262 
1719907055929.00, 29042, -458228, 260 
1719907055952.00, 29323, -457597, 255 
1719907055973.00, 29111, -456960, 249 
1719907055995.00, 29049, -456329, 247 
1719907056016.00, 28949, -455700, 248 
1719907056038.00, 29008, -455078, 242 
1719907056060.00, 29277, -454454, 241 
1719907056082.00, 28951, -453819, 237 
1719907056103.00, 29164, -453187, 234 
1719907056124.00, 28967, -452556, 234 
1719907056146.00, 29340, -451930, 234 
1719907056168.00, 29186, -451303, 234 
1719907056189.00, 29153, -450665, 234 
1719907056211.00, 28949, -450028, 236 
1719907056232.00, 29028, -449394, 236 
1719907056254.00, 29212, -448772, 235 
1719907056276.00, 28930, -448148, 231 
1719907056298.00, 29098, -447516, 229 
1719907056319.00, 28962, -446883, 228 
1719907056341.00, 29242, -446250, 228 
1719907056363.00, 29060, -445627, 229 
1719907056384.00, 29115, -445003, 228 
1719907056406.00, 29141, -444373, 227 
1719907056428.00, 29084, -443731, 225 
1719907056449.00, 29253, -443101, 223 
1719907056471.00, 28986, -442473, 221 
1719907056492.00, 29208, -441849, 216 
1719907056515.00, 28889, -441221, 210 
1719907056536.00, 29225, -440582, 209 
1719907056557.00, 29060, -439953, 202 
1719907056579.00, 28663, -439325, 203 
1719907056600.00, 28546, -438708, 204 
1719907056622.00, 28883, -438093, 200 
1719907056644.00, 28277, -437463, 196 
1719907056666.00, 27746, -436844, 192 
1719907056687.00, 27472, -436241, 186 
1719907056709.00, 26933, -435654, 179 
1719907056731.00, 25907, -435075, 172 
1719907056752.00, 24808, -434509, 166 
1719907056774.00, 24237, -433955, 164 
1719907056795.00, 23742, -433434, 153 
1719907056817.00, 22535, -432922, 151 
1719907056839.00, 21946, -432435, 148 
1719907056860.00, 12431, -431969, 142 
1719907056882.00, 6443, -431691, 138 
1719907056903.00, 3047, -431541, 149 
1719907056924.00, 1126, -431470, 151 
1719907056946.00, -1, -431444, 154 
1719907056967.00, -89, -431440, 160 
1719907056988.00, -1, -431442, 160 
1719907057010.00, 0, -431442, 163 
1719907057031.00, -43, -431442, 159 
1719907057057.00, 0, -431443, 156 
1719907057073.00, 0, -431442, 158 
1719907057095.00, 35, -431443, 159 
1719907057115.00, -1, -431443, 160 
1719907057137.00, 0, -431441, 159 
1719907057158.00, 0, -431442, 165 
1719907057180.00, 0, -431442, 163 
1719907057201.00, 0, -431443, 159 
1719907057222.00, 0, -431442, 151 
1719907057243.00, 0, -431443, 145 
1719907057265.00, 0, -431444, 137 
1719907057286.00, -29, -431444, 127 
1719907057307.00, 0, -431444, 119 
1719907057328.00, -11, -431444, 111 
1719907057349.00, 8, -431444, 106 
1719907057371.00, 4, -431445, 97 
1719907057392.00, -66, -431446, 86 
1719907057413.00, 0, -431448, 77 
1719907057434.00, 0, -431448, 71 
1719907057455.00, 9, -431449, 67 
1719907057476.00, 0, -431451, 61 
1719907057497.00, 0, -431452, 54 
1719907057519.00, 0, -431453, 49 
1719907057540.00, 0, -431454, 43 
1719907057561.00, 0, -431455, 37 
1719907057582.00, 0, -431456, 28 
1719907057608.00, 0, -431457, 18 
1719907057623.00, 0, -431459, 4 
1719907057645.00, 2, -431461, -17 
1719907057666.00, -1040, -431463, -37 
1719907057688.00, -2789, -431485, -57 
1719907057713.00, -4922, -431546, -80 
1719907057731.00, -7504, -431654, -103 
1719907057753.00, -10649, -431821, -119 
1719907057774.00, -13521, -432047, -132 
1719907057796.00, -16186, -432341, -145 
1719907057818.00, -18436, -432678, -156 
1719907057839.00, -20160, -433074, -167 
1719907057861.00, -22084, -433511, -175 
1719907057883.00, -23667, -433989, -180 
1719907057904.00, -24782, -434506, -180 
1719907057925.00, -25618, -435045, -183 
1719907057947.00, -25926, -435598, -183 
1719907057969.00, -25589, -436157, -185 
1719907057991.00, -25656, -436713, -190 
1719907058013.00, -26011, -437273, -192 
1719907058034.00, -26281, -437844, -191 
1719907058055.00, -26540, -438418, -194 
1719907058078.00, -26779, -438989, -199 
1719907058099.00, -27144, -439568, -194 
1719907058121.00, -27320, -440154, -193 
1719907058143.00, -27146, -440746, -191 
1719907058164.00, -27072, -441342, -186 
1719907058186.00, -26472, -441928, -183 
1719907058207.00, -26023, -442499, -181 
1719907058229.00, -25831, -443065, -180 
1719907058251.00, -25430, -443622, -173 
1719907058271.00, -24860, -444183, -170 
1719907058294.00, -24635, -444728, -171 
1719907058316.00, -24151, -445255, -169 
1719907058337.00, -23645, -445774, -171 
1719907058359.00, -23779, -446291, -171 
1719907058380.00, -23972, -446805, -167 
1719907058402.00, -23842, -447320, -166 
1719907058424.00, -23585, -447840, -165 
1719907058445.00, -23157, -448349, -161 
1719907058467.00, -23066, -448846, -162 
1719907058489.00, -22790, -449340, -159 
1719907058510.00, -22319, -449835, -162 
1719907058532.00, -22549, -450326, -165 
1719907058554.00, -22626, -450819, -163 
1719907058575.00, -22710, -451318, -169 
1719907058597.00, -22937, -451806, -166 
1719907058619.00, -23067, -452301, -167 
1719907058640.00, -23379, -452802, -168 
1719907058661.00, -23441, -453303, -171 
1719907058683.00, -23693, -453813, -175 
1719907058705.00, -24004, -454330, -177 
1719907058727.00, -24441, -454848, -180 
1719907058748.00, -24877, -455369, -182 
1719907058770.00, -25263, -455902, -186 
1719907058791.00, -25733, -456446, -190 
1719907058813.00, -26274, -457004, -195 
1719907058835.00, -26778, -457575, -193 
1719907058856.00, -26872, -458154, -195 
1719907058878.00, -27134, -458731, -198 
1719907058900.00, -27404, -459316, -197 
1719907058922.00, -27215, -459913, -197 
1719907058943.00, -27463, -460513, -198 
1719907058965.00, -27707, -461113, -204 
1719907058986.00, -28234, -461705, -204 
1719907059008.00, -28600, -462306, -199 
1719907059029.00, -28378, -462922, -202 
1719907059051.00, -28342, -463537, -204 
1719907059073.00, -28477, -464160, -200 
1719907059095.00, -28329, -464777, -199 
1719907059116.00, -28237, -465380, -199 
1719907059138.00, -28076, -465992, -202 
1719907059160.00, -28396, -466603, -202 
1719907059181.00, -28601, -467225, -201 
1719907059202.00, -28488, -467843, -205 
1719907059224.00, -28535, -468453, -207 
1719907059246.00, -28690, -469071, -206 
1719907059268.00, -29104, -469692, -209 
1719907059289.00, -28978, -470324, -208 
1719907059311.00, -29187, -470962, -213 
1719907059333.00, -28851, -471584, -214 
1719907059356.00, -29113, -472208, -212 
1719907059376.00, -28950, -472835, -214 
1719907059397.00, -28948, -473469, -216 
1719907059419.00, -29005, -474109, -219 
1719907059441.00, -29159, -474734, -223 
1719907059462.00, -29273, -475357, -216 
1719907059484.00, -29117, -475989, -218 
1719907059505.00, -29193, -476626, -221 
1719907059527.00, -28938, -477264, -219 
1719907059548.00, -29121, -477894, -216 
1719907059573.00, -29091, -478513, -214 
1719907059592.00, -28996, -479144, -213 
1719907059614.00, -29117, -479774, -209 
1719907059635.00, -29115, -480411, -208 
1719907059657.00, -29273, -481038, -208 
1719907059681.00, -28866, -481661, -205 
1719907059700.00, -28933, -482290, -204 
1719907059722.00, -28592, -482918, -208 
1719907059744.00, -28637, -483549, -204 
1719907059765.00, -28521, -484179, -206 
1719907059787.00, -28776, -484790, -210 
1719907059808.00, -28803, -485410, -206 
1719907059830.00, -28961, -486036, -206 
1719907059852.00, -29081, -486666, -209 
1719907059873.00, -28917, -487296, -210 
1719907059898.00, -29158, -487919, -210 
1719907059917.00, -28977, -488542, -209 
1719907059938.00, -29229, -489172, -208 
1719907059959.00, -28869, -489807, -209 
1719907059982.00, -28884, -490445, -207 
1719907060003.00, -29051, -491068, -210 
1719907060025.00, -29134, -491691, -209 
1719907060047.00, -29312, -492322, -208 
1719907060068.00, -28854, -492958, -207 
1719907060089.00, -29030, -493598, -207 
1719907060111.00, -29054, -494220, -207 
1719907060133.00, -29062, -494839, -204 
1719907060154.00, -28933, -495469, -200 
1719907060176.00, -28370, -496094, -203 
1719907060198.00, -28229, -496722, -204 
1719907060220.00, -28378, -497337, -206 
1719907060241.00, -28608, -497941, -207 
1719907060262.00, -28786, -498558, -204 
1719907060285.00, -28598, -499184, -203 
1719907060306.00, -28640, -499814, -205 
1719907060328.00, -28805, -500437, -206 
1719907060350.00, -28787, -501050, -204 
1719907060371.00, -28470, -501673, -201 
1719907060393.00, -28427, -502296, -203 
1719907060414.00, -28547, -502917, -205 
1719907060436.00, -28728, -503540, -205 
1719907060458.00, -28523, -504155, -209 
1719907060479.00, -28783, -504770, -211 
1719907060501.00, -29267, -505389, -209 
1719907060523.00, -29014, -506022, -210 
1719907060544.00, -29149, -506657, -208 
1719907060566.00, -28952, -507284, -205 
1719907060587.00, -28981, -507910, -199 
1719907060608.00, -28684, -508534, -192 
1719907060631.00, -28059, -509155, -188 
1719907060652.00, -27212, -509769, -191 
1719907060674.00, -26794, -510363, -192 
1719907060696.00, -26755, -510936, -182 
1719907060717.00, -26313, -511515, -175 
1719907060738.00, -25706, -512085, -186 
1719907060760.00, -25970, -512639, -186 
1719907060782.00, -26006, -513202, -179 
1719907060804.00, -25666, -513756, -174 
1719907060825.00, -25044, -514305, -165 
1719907060846.00, -24179, -514845, -162 
1719907060868.00, -23520, -515371, -164 
1719907060890.00, -23380, -515883, -161 
1719907060912.00, -22892, -516392, -155 
1719907060934.00, -22140, -516891, -156 
1719907060956.00, -21954, -517366, -152 
1719907060977.00, -21677, -517838, -150 
1719907060999.00, -21268, -518307, -148 
1719907061020.00, -21008, -518766, -147 
1719907061042.00, -20873, -519223, -151 
1719907061063.00, -20869, -519674, -146 
1719907061085.00, -20460, -520123, -141 
1719907061107.00, -19825, -520558, -135 
1719907061129.00, -19272, -520986, -132 
1719907061150.00, -18625, -521404, -129 
1719907061172.00, -18064, -521809, -127 
1719907061193.00, -17714, -522207, -124 
1719907061216.00, -17226, -522594, -121 
1719907061237.00, -16713, -522975, -114 
1719907061258.00, -16153, -523340, -110 
1719907061280.00, -15380, -523683, -99 
1719907061302.00, -14318, -524015, -90 
1719907061323.00, -13370, -524330, -92 
1719907061345.00, -12673, -524619, -95 
1719907061366.00, -12788, -524897, -99 
1719907061388.00, -12861, -525171, -102 
1719907061409.00, -13047, -525456, -103 
1719907061432.00, -13589, -525744, -105 
1719907061453.00, -13981, -526037, -111 
1719907061474.00, -14607, -526341, -117 
1719907061496.00, -15168, -526649, -120 
1719907061518.00, -15815, -526975, -121 
1719907061539.00, -16369, -527309, -124 
1719907061561.00, -16696, -527657, -131 
1719907061583.00, -17145, -528019, -140 
1719907061604.00, -18304, -528392, -148 
1719907061626.00, -19208, -528788, -151 
1719907061651.00, -20018, -529205, -157 
1719907061669.00, -20783, -529642, -158 
1719907061690.00, -21220, -530089, -166 
1719907061712.00, -22025, -530543, -167 
1719907061734.00, -22669, -531018, -167 
1719907061762.00, -23103, -531509, -168 
1719907061777.00, -23212, -532007, -169 
1719907061799.00, -23398, -532518, -170 
1719907061820.00, -23614, -533030, -166 
1719907061842.00, -23430, -533536, -163 
1719907061864.00, -23109, -534042, -161 
1719907061885.00, -22809, -534545, -158 
1719907061907.00, -22449, -535042, -150 
1719907061929.00, -21753, -535534, -151 
1719907061951.00, -21364, -536013, -147 
1719907061974.00, -21117, -536476, -146 
1719907061994.00, -20584, -536928, -145 
1719907062015.00, -20293, -537370, -141 
1719907062037.00, -20102, -537813, -140 
1719907062059.00, -19857, -538248, -137 
1719907062080.00, -19774, -538681, -139 
1719907062102.00, -19207, -539106, -138 
1719907062124.00, -19157, -539532, -140 
1719907062145.00, -19180, -539946, -136 
1719907062167.00, -19334, -540358, -131 
1719907062188.00, -19023, -540772, -131 
1719907062210.00, -19036, -541182, -151 
1719907062232.00, -19658, -541590, -155 
1719907062253.00, -20537, -542023, -146 
1719907062275.00, -20652, -542472, -147 
1719907062296.00, -20835, -542919, -156 
1719907062318.00, -21238, -543360, -161 
1719907062340.00, -21767, -543814, -159 
1719907062362.00, -21896, -544284, -158 
1719907062383.00, -22122, -544760, -154 
1719907062405.00, -21777, -545237, -153 
1719907062427.00, -21374, -545715, -145 
1719907062448.00, -20985, -546183, -134 
1719907062470.00, -20048, -546633, -128 
1719907062492.00, -18963, -547066, -132 
1719907062513.00, -18659, -547479, -132 
1719907062535.00, -18357, -547884, -119 
1719907062556.00, -17540, -548287, -115 
1719907062578.00, -16884, -548669, -106 
1719907062600.00, -16041, -549038, -98 
1719907062620.00, -14924, -549384, -91 
1719907062642.00, -13729, -549706, -92 
1719907062664.00, -13349, -550001, -94 
1719907062686.00, -13225, -550283, -87 
1719907062707.00, -12758, -550568, -91 
1719907062729.00, -12467, -550837, -94 
1719907062752.00, -12372, -551112, -93 
1719907062772.00, -12667, -551385, -110 
1719907062794.00, -13667, -551655, -113 
1719907062815.00, -14651, -551955, -120 
1719907062837.00, -15337, -552268, -119 
1719907062859.00, -15782, -552604, -121 
1719907062880.00, -16209, -552943, -124 
1719907062902.00, -16629, -553291, -125 
1719907062923.00, -16852, -553646, -125 
1719907062944.00, -17011, -554011, -129 
1719907062967.00, -17319, -554382, -133 
1719907062988.00, -17643, -554760, -135 
1719907063010.00, -18188, -555150, -136 
1719907063032.00, -18445, -555544, -138 
1719907063053.00, -18822, -555946, -140 
1719907063076.00, -18943, -556351, -139 
1719907063097.00, -19292, -556760, -142 
1719907063118.00, -19452, -557176, -142 
1719907063140.00, -19486, -557600, -143 
1719907063161.00, -19903, -558027, -147 
1719907063189.00, -20173, -558456, -148 
1719907063204.00, -20421, -558899, -151 
1719907063226.00, -20656, -559339, -146 
1719907063248.00, -20647, -559785, -150 
1719907063270.00, -21017, -560230, -150 
1719907063293.00, -21335, -560682, -151 
1719907063313.00, -21439, -561139, -149 
1719907063334.00, -21052, -561603, -151 
1719907063356.00, -20909, -562066, -150 
1719907063377.00, -20880, -562523, -149 
1719907063399.00, -20849, -562974, -152 
1719907063421.00, -21063, -563420, -151 
1719907063443.00, -21157, -563875, -152 
1719907063464.00, -21031, -564337, -157 
1719907063486.00, -21355, -564799, -161 
1719907063509.00, -22138, -565270, -165 
1719907063529.00, -22533, -565747, -165 
1719907063550.00, -22675, -566234, -168 
1719907063572.00, -22909, -566727, -170 
1719907063594.00, -23451, -567227, -174 
1719907063621.00, -23906, -567737, -176 
1719907063637.00, -24377, -568256, -170 
1719907063659.00, -24343, -568786, -176 
1719907063681.00, -24523, -569310, -178 
1719907063702.00, -24762, -569839, -175 
1719907063728.00, -25030, -570371, -175 
1719907063745.00, -24871, -570909, -177 
1719907063767.00, -24716, -571450, -173 
1719907063789.00, -24784, -571991, -175 
1719907063810.00, -24631, -572527, -175 
1719907063832.00, -24807, -573059, -174 
1719907063854.00, -24660, -573592, -175 
1719907063875.00, -24686, -574131, -172 
1719907063897.00, -24300, -574671, -171 
1719907063918.00, -24402, -575206, -180 
1719907063940.00, -24653, -575732, -179 
1719907063962.00, -24789, -576265, -173 
1719907063984.00, -24705, -576799, -173 
1719907064005.00, -24430, -577332, -175 
1719907064026.00, -24692, -577866, -181 
1719907064048.00, -24948, -578399, -181 
1719907064070.00, -25028, -578942, -177 
1719907064092.00, -25100, -579485, -180 
1719907064113.00, -25333, -580026, -184 
1719907064135.00, -25626, -580575, -180 
1719907064156.00, -25492, -581132, -182 
1719907064178.00, -25766, -581690, -189 
1719907064199.00, -26181, -582246, -191 
1719907064221.00, -26587, -582808, -188 
1719907064243.00, -26479, -583380, -183 
1719907064265.00, -26300, -583957, -187 
1719907064286.00, -26408, -584529, -194 
1719907064308.00, -26677, -585100, -192 
1719907064330.00, -27149, -585679, -184 
1719907064352.00, -26542, -586257, -181 
1719907064373.00, -25959, -586832, -181 
1719907064395.00, -25857, -587401, -178 
1719907064416.00, -25448, -587963, -174 
1719907064438.00, -24881, -588514, -170 
1719907064460.00, -24631, -589058, -162 
1719907064481.00, -23750, -589583, -161 
1719907064503.00, -23268, -590100, -159 
1719907064524.00, -23222, -590605, -154 
1719907064546.00, -22437, -591100, -149 
1719907064568.00, -21797, -591588, -147 
1719907064589.00, -21431, -592065, -144 
1719907064611.00, -20957, -592524, -142 
1719907064633.00, -20685, -592972, -137 
1719907064654.00, -11579, -593414, -135 
1719907064676.00, -6152, -593679, -135 
1719907064697.00, -3059, -593824, -147 
1719907064719.00, -1210, -593891, -133 
1719907064740.00, -61, -593917, -135 
1719907064762.00, 62, -593921, -139 
1719907064783.00, 111, -593921, -131 
1719907064804.00, 521, -593918, -123 
1719907064826.00, 863, -593910, -111 
1719907064848.00, 1036, -593895, -103 
1719907064869.00, 1108, -593873, -97 
1719907064891.00, 1158, -593851, -87 
1719907064913.00, 1129, -593826, -81 
1719907064934.00, 1077, -593801, -73 
1719907064956.00, 1021, -593777, -64 
1719907064977.00, 1011, -593752, -53 
1719907064999.00, 1020, -593729, -40 
1719907065020.00, 1052, -593707, -29 
1719907065042.00, 1083, -593686, -19 
1719907065063.00, 1072, -593661, -7 
1719907065085.00, 1049, -593637, 0 
1719907065106.00, 984, -593614, 1 
1719907065127.00, 923, -593594, 10 
1719907065152.00, 0, -593571, 23 
1719907065170.00, 1775, -593568, 34 
1719907065192.00, 3434, -593533, 45 
1719907065213.00, 5058, -593460, 56 
1719907065233.00, 6811, -593352, 62 
1719907065256.00, 8148, -593209, 69 
1719907065277.00, 9207, -593034, 79 
1719907065299.00, 10308, -592834, 86 
1719907065321.00, 11590, -592610, 93 
1719907065342.00, 12897, -592362, 104 
1719907065369.00, 14503, -592086, 112 
1719907065385.00, 15575, -591778, 115 
1719907065407.00, 16201, -591435, 126 
1719907065429.00, 17770, -591082, 130 
1719907065450.00, 18721, -590704, 134 
1719907065474.00, 19442, -590300, 142 
1719907065494.00, 20194, -589880, 146 
1719907065515.00, 20934, -589444, 148 
1719907065537.00, 21547, -588994, 147 
1719907065558.00, 21784, -588531, 149 
1719907065581.00, 21821, -588055, 153 
1719907065601.00, 22441, -587576, 152 
1719907065623.00, 22663, -587087, 161 
1719907065645.00, 22941, -586599, 164 
1719907065666.00, 23419, -586104, 169 
1719907065688.00, 24340, -585596, 175 
1719907065710.00, 24915, -585074, 179 
1719907065732.00, 25402, -584526, 188 
1719907065753.00, 26396, -583967, 188 
1719907065775.00, 26813, -583399, 195 
1719907065796.00, 27741, -582821, 197 
1719907065818.00, 28436, -582225, 198 
1719907065840.00, 28729, -581607, 195 
1719907065860.00, 28662, -580980, 196 
1719907065883.00, 28740, -580353, 200 
1719907065905.00, 28878, -579736, 202 
1719907065926.00, 29339, -579112, 200 
1719907065947.00, 29029, -578480, 199 
1719907065970.00, 29126, -577844, 203 
1719907065991.00, 28952, -577211, 202 
1719907066013.00, 29113, -576587, 201 
1719907066035.00, 29327, -575964, 198 
1719907066056.00, 28930, -575335, 196 
1719907066078.00, 28810, -574700, 195 
1719907066099.00, 28473, -574069, 194 
1719907066121.00, 28429, -573447, 194 
1719907066143.00, 28111, -572839, 190 
1719907066164.00, 27633, -572227, 192 
1719907066186.00, 27595, -571615, 194 
1719907066207.00, 27776, -571011, 191 
1719907066229.00, 27737, -570409, 189 
1719907066252.00, 27767, -569817, 190 
1719907066273.00, 27705, -569226, 188 
1719907066294.00, 27451, -568627, 183 
1719907066316.00, 27096, -568027, 182 
1719907066337.00, 26537, -567436, 184 
1719907066359.00, 26806, -566856, 184 
1719907066381.00, 26580, -566287, 187 
1719907066402.00, 26755, -565710, 192 
1719907066423.00, 26947, -565124, 203 
1719907066446.00, 27787, -564530, 203 
1719907066467.00, 28217, -563923, 209 
1719907066489.00, 28684, -563314, 213 
1719907066510.00, 29177, -562696, 219 
1719907066531.00, 29263, -562062, 217 
1719907066553.00, 29269, -561424, 224 
1719907066576.00, 28955, -560790, 233 
1719907066597.00, 29218, -560164, 239 
1719907066619.00, 28951, -559538, 247 
1719907066640.00, 29328, -558904, 256 
1719907066662.00, 28953, -558267, 273 
1719907066684.00, 29274, -557628, 286 
1719907066705.00, 28948, -557001, 303 
1719907066727.00, 29471, -556375, 317 
1719907066748.00, 28990, -555744, 325 
1719907066770.00, 29390, -555103, 346 
1719907066792.00, 28956, -554464, 366 
1719907066814.00, 29393, -553835, 398 
1719907066835.00, 29097, -553206, 436 
1719907066857.00, 29292, -552576, 478 
1719907066878.00, 29504, -551940, 504 
1719907066906.00, 29190, -551291, 621 
1719907066922.00, 28996, -550664, 593 
1719907066943.00, 29213, -550031, 670 
1719907066965.00, 29180, -549399, 706 
1719907066987.00, 29351, -548762, 752 
1719907067013.00, 29016, -548125, 768 
1719907067030.00, 29189, -547488, 799 
1719907067052.00, 29272, -546855, 842 
1719907067072.00, 29276, -546226, 862 
1719907067095.00, 29048, -545592, 912 
1719907067122.00, 29142, -544956, 945 
1719907067138.00, 29139, -544322, 963 
1719907067160.00, 29135, -543691, 987 
1719907067182.00, 29166, -543062, 1001 
1719907067203.00, 29087, -542429, 1008 
1719907067225.00, 29211, -541790, 1023 
1719907067247.00, 29273, -541154, 1025 
1719907067268.00, 29111, -540520, 1028 
1719907067290.00, 28986, -539892, 1023 
1719907067311.00, 29136, -539260, 1018 
1719907067337.00, 29165, -538626, 1011 
1719907067355.00, 29183, -537988, 1009 
1719907067377.00, 29013, -537355, 1004 
1719907067399.00, 29049, -536729, 1013 
1719907067420.00, 29190, -536098, 1013 
1719907067442.00, 29225, -535462, 1006 
1719907067464.00, 29191, -534824, 1003 
1719907067486.00, 28976, -534191, 1003 
1719907067507.00, 29127, -533557, 1008 
1719907067529.00, 28946, -532928, 1006 
1719907067551.00, 29330, -532289, 1006 
1719907067572.00, 29042, -531650, 1004 
1719907067594.00, 29181, -531017, 1004 
1719907067616.00, 28951, -530385, 999 
1719907067637.00, 29247, -529760, 995 
1719907067659.00, 29122, -529126, 985 
1719907067680.00, 29092, -528495, 976 
1719907067702.00, 29071, -527862, 974 
1719907067724.00, 28987, -527233, 966 
1719907067745.00, 29143, -526610, 967 
1719907067767.00, 29113, -525980, 961 
1719907067789.00, 29090, -525346, 957 
1719907067811.00, 28964, -524712, 941 
1719907067832.00, 29338, -524080, 953 
1719907067854.00, 29062, -523459, 934 
1719907067876.00, 29211, -522829, 930 
1719907067897.00, 28939, -522194, 919 
1719907067919.00, 28986, -521561, 912 
1719907067940.00, 29269, -520930, 909 
1719907067962.00, 29106, -520309, 897 
1719907067984.00, 29129, -519682, 894 
1719907068005.00, 29007, -519049, 880 
1719907068027.00, 29155, -518417, 871 
1719907068049.00, 29060, -517790, 850 
1719907068070.00, 29029, -517160, 838 
1719907068092.00, 28999, -516533, 830 
1719907068113.00, 29020, -515897, 828 
1719907068135.00, 29246, -515262, 827 
1719907068157.00, 28912, -514632, 810 
1719907068178.00, 28995, -514005, 792 
1719907068200.00, 28887, -513384, 764 
1719907068222.00, 29105, -512755, 739 
1719907068243.00, 29087, -512128, 710 
1719907068265.00, 29083, -511501, 681 
1719907068286.00, 29036, -510871, 661 
1719907068308.00, 29050, -510250, 641 
1719907068330.00, 29316, -509620, 603 
1719907068352.00, 29016, -508982, 595 
1719907068373.00, 29117, -508352, 589 
1719907068394.00, 29010, -507719, 572 
1719907068416.00, 29096, -507098, 556 
1719907068438.00, 28993, -506468, 551 
1719907068460.00, 28974, -505832, 543 
1719907068482.00, 29127, -505201, 534 
1719907068503.00, 29023, -504574, 534 
1719907068525.00, 29200, -503951, 535 
1719907068546.00, 28876, -503323, 536 
1719907068568.00, 29181, -502685, 534 
1719907068590.00, 29033, -502056, 534 
1719907068611.00, 29201, -501425, 527 
1719907068633.00, 29112, -500799, 517 
1719907068655.00, 29152, -500172, 497 
1719907068676.00, 28958, -499532, 491 
1719907068698.00, 28868, -498897, 476 
1719907068720.00, 29067, -498268, 467 
1719907068741.00, 29000, -497649, 468 
1719907068766.00, 29095, -497023, 466 
1719907068784.00, 29153, -496385, 465 
1719907068805.00, 29195, -495753, 465 
1719907068828.00, 29068, -495125, 461 
1719907068849.00, 29053, -494499, 462 
1719907068876.00, 29148, -493876, 456 
1719907068893.00, 28999, -493242, 458 
1719907068914.00, 29155, -492601, 453 
1719907068936.00, 28887, -491973, 452 
1719907068957.00, 29129, -491344, 446 
1719907068979.00, 28955, -490718, 442 
1719907069001.00, 29186, -490085, 440 
1719907069022.00, 28966, -489451, 439 
1719907069044.00, 29104, -488820, 437 
1719907069065.00, 29217, -488192, 439 
1719907069093.00, 29035, -487568, 431 
1719907069110.00, 29103, -486939, 434 
1719907069131.00, 28976, -486304, 440 
1719907069152.00, 29070, -485673, 437 
1719907069174.00, 29110, -485043, 430 
1719907069199.00, 29241, -484414, 427 
1719907069217.00, 28953, -483787, 421 
1719907069238.00, 29152, -483148, 416 
1719907069260.00, 29114, -482515, 412 
1719907069282.00, 29149, -481884, 408 
1719907069305.00, 29133, -481260, 404 
1719907069325.00, 29138, -480635, 401 
1719907069347.00, 29032, -479999, 399 
1719907069368.00, 29015, -479367, 383 
1719907069390.00, 29319, -478740, 373 
1719907069411.00, 28924, -478114, 357 
1719907069433.00, 29104, -477494, 333 
1719907069454.00, 28976, -476858, 326 
1719907069477.00, 29154, -476219, 310 
1719907069498.00, 29112, -475591, 292 
1719907069520.00, 29069, -474964, 285 
1719907069542.00, 29115, -474342, 279 
1719907069563.00, 29124, -473706, 273 
1719907069585.00, 29152, -473069, 258 
1719907069607.00, 28969, -472439, 269 
1719907069629.00, 29018, -471814, 261 
1719907069650.00, 29018, -471192, 260 
1719907069671.00, 29076, -470561, 264 
1719907069692.00, 29175, -469922, 263 
1719907069715.00, 28957, -469295, 259 
1719907069736.00, 28969, -468665, 268 
1719907069758.00, 29109, -468040, 268 
1719907069780.00, 29332, -467410, 265 
1719907069801.00, 28885, -466770, 261 
1719907069823.00, 29088, -466138, 251 
1719907069844.00, 28913, -465510, 254 
1719907069865.00, 29216, -464888, 243 
1719907069888.00, 29185, -464263, 232 
1719907069909.00, 28956, -463624, 225 
1719907069931.00, 29047, -462994, 221 
1719907069953.00, 29065, -462365, 216 
1719907069974.00, 29178, -461743, 204 
1719907069996.00, 28734, -461122, 196 
1719907070018.00, 27990, -460488, 192 
1719907070039.00, 27525, -459873, 188 
1719907070060.00, 26996, -459276, 182 
1719907070083.00, 26358, -458694, 180 
1719907070104.00, 25783, -458132, 179 
1719907070125.00, 25417, -457569, 173 
1719907070147.00, 24691, -457012, 166 
1719907070169.00, 24059, -456473, 159 
1719907070190.00, 23425, -455953, 157 
1719907070213.00, 22523, -455456, 149 
1719907070234.00, 21980, -454968, 155 
1719907070256.00, 21551, -454499, 150 
1719907070277.00, 20997, -454026, 145 
1719907070299.00, 20529, -453562, 142 
1719907070320.00, 20182, -453118, 134 
1719907070342.00, 19320, -452682, 134 
1719907070364.00, 18731, -452265, 131 
1719907070385.00, 18286, -451859, 131 
1719907070407.00, 18168, -451464, 130 
1719907070429.00, 17880, -451065, 140 
1719907070450.00, 18310, -450667, 146 
1719907070471.00, 18912, -450264, 146 
1719907070494.00, 19506, -449851, 142 
1719907070515.00, 19458, -449430, 142 
1719907070537.00, 19240, -449007, 146 
1719907070558.00, 19796, -448592, 146 
1719907070580.00, 19794, -448169, 149 
1719907070602.00, 20124, -447737, 157 
1719907070628.00, 20940, -447294, 162 
1719907070645.00, 21605, -446843, 168 
1719907070666.00, 22372, -446374, 173 
1719907070688.00, 23007, -445891, 177 
1719907070710.00, 23820, -445394, 182 
1719907070732.00, 24361, -444884, 186 
1719907070753.00, 25321, -444353, 188 
1719907070775.00, 26048, -443800, 189 
1719907070796.00, 26360, -443243, 186 
1719907070818.00, 26065, -442674, 186 
1719907070841.00, 26173, -442109, 191 
1719907070861.00, 26571, -441547, 188 
1719907070883.00, 26406, -440970, 187 
1719907070904.00, 26228, -440390, 193 
1719907070926.00, 26848, -439818, 192 
1719907070948.00, 26648, -439247, 189 
1719907070969.00, 26608, -438669, 188 
1719907070991.00, 26678, -438092, 186 
1719907071013.00, 26323, -437513, 185 
1719907071034.00, 26148, -436936, 178 
1719907071060.00, 25806, -436371, 176 
1719907071078.00, 25178, -435815, 172 
1719907071099.00, 24546, -435272, 158 
1719907071121.00, 23464, -434738, 158 
1719907071143.00, 22809, -434219, 154 
1719907071168.00, 22189, -433720, 148 
1719907071186.00, 21746, -433239, 142 
1719907071207.00, 20979, -432776, 137 
1719907071229.00, 20268, -432327, 137 
1719907071251.00, 11461, -431895, 130 
1719907071277.00, 6093, -431638, 123 
1719907071294.00, 3039, -431497, 136 
1719907071316.00, 1145, -431427, 134 
1719907071337.00, 1, -431401, 136 
1719907071358.00, -60, -431399, 133 
1719907071383.00, 5, -431400, 128 
1719907071401.00, 0, -431400, 122 
1719907071422.00, -64, -431400, 115 
1719907071443.00, 0, -431400, 110 
1719907071464.00, 0, -431401, 98 
1719907071485.00, -1, -431402, 83 
1719907071507.00, 0, -431403, 67 
1719907071527.00, 0, -431407, 49 
1719907071548.00, 0, -431410, 35 
1719907071570.00, 0, -431412, 22 
1719907071591.00, 0, -431415, -5 
1719907071612.00, 0, -431418, -32 
1719907071633.00, -1854, -431421, -57 
1719907071655.00, -4400, -431458, -79 
1719907071677.00, -7272, -431555, -101 
1719907071698.00, -10378, -431715, -120 
1719907071719.00, -13622, -431935, -135 
1719907071741.00, -16340, -432224, -151 
1719907071763.00, -18884, -432568, -165 
1719907071784.00, -21080, -432972, -167 
1719907071806.00, -22525, -433427, -180 
1719907071827.00, -24025, -433917, -187 
1719907071850.00, -25352, -434444, -194 
1719907071871.00, -26711, -434999, -200 
1719907071893.00, -27677, -435575, -204 
1719907071914.00, -28638, -436174, -215 
1719907071936.00, -29100, -436790, -227 
1719907071957.00, -29094, -437426, -243 
1719907071979.00, -29187, -438067, -255 
1719907072001.00, -29090, -438696, -275 
1719907072023.00, -29148, -439321, -286 
1719907072044.00, -28885, -439952, -285 
1719907072066.00, -29184, -440585, -302 
1719907072087.00, -28998, -441221, -291 
1719907072109.00, -29287, -441852, -299 
1719907072131.00, -28999, -442478, -295 
1719907072152.00, -29296, -443105, -289 
1719907072174.00, -28975, -443738, -296 
1719907072196.00, -29071, -444380, -300 
1719907072217.00, -28992, -445010, -295 
1719907072239.00, -29139, -445634, -290 
1719907072265.00, -29209, -446261, -289 
1719907072282.00, -29038, -446889, -277 
1719907072304.00, -29123, -447523, -264 
1719907072325.00, -29122, -448155, -254 
1719907072347.00, -29358, -448780, -242 
1719907072369.00, -28943, -449405, -235 
1719907072390.00, -29066, -450037, -234 
1719907072411.00, -28926, -450672, -236 
1719907072434.00, -29048, -451308, -239 
1719907072455.00, -29152, -451935, -241 
1719907072476.00, -29069, -452562, -237 
1719907072498.00, -29204, -453195, -242 
1719907072520.00, -28996, -453826, -242 
1719907072541.00, -29321, -454459, -239 
1719907072563.00, -28940, -455085, -233 
1719907072585.00, -29019, -455710, -245 
1719907072607.00, -28977, -456340, -260 
1719907072628.00, -29141, -456974, -275 
1719907072650.00, -29105, -457610, -293 
1719907072671.00, -29054, -458243, -309 
1719907072695.00, -29121, -458870, -330 
1719907072715.00, -29070, -459498, -330 
1719907072737.00, -29198, -460130, -335 
1719907072758.00, -28975, -460772, -343 
1719907072779.00, -29243, -461403, -349 
1719907072801.00, -28954, -462023, -352 
1719907072823.00, -29073, -462651, -360 
1719907072844.00, -29038, -463281, -373 
1719907072866.00, -29080, -463917, -388 
1719907072888.00, -29139, -464554, -394 
1719907072910.00, -29092, -465176, -404 
1719907072931.00, -29157, -465804, -408 
1719907072953.00, -29099, -466437, -415 
1719907072974.00, -29221, -467075, -411 
1719907072996.00, -29012, -467709, -411 
1719907073018.00, -29175, -468336, -414 
1719907073039.00, -29124, -468963, -411 
1719907073061.00, -29200, -469595, -420 
1719907073083.00, -29079, -470232, -426 
1719907073104.00, -29165, -470870, -431 
1719907073126.00, -29080, -471494, -437 
1719907073147.00, -29098, -472119, -446 
1719907073169.00, -29223, -472748, -450 
1719907073191.00, -29135, -473383, -456 
1719907073212.00, -29367, -474019, -461 
1719907073234.00, -28982, -474649, -472 
1719907073255.00, -29192, -475274, -478 
1719907073277.00, -28946, -475905, -482 
1719907073299.00, -29309, -476541, -491 
1719907073320.00, -28997, -477175, -502 
1719907073342.00, -29063, -477810, -503 
1719907073364.00, -29014, -478433, -506 
1719907073386.00, -29098, -479059, -507 
1719907073407.00, -29216, -479688, -512 
1719907073429.00, -29063, -480326, -522 
1719907073450.00, -29124, -480958, -531 
1719907073472.00, -29005, -481580, -538 
1719907073494.00, -29253, -482210, -543 
1719907073515.00, -29149, -482842, -553 
1719907073537.00, -29269, -483480, -563 
1719907073558.00, -28981, -484119, -568 
1719907073580.00, -29146, -484749, -583 
1719907073602.00, -29053, -485373, -579 
1719907073623.00, -29022, -486003, -589 
1719907073644.00, -29112, -486638, -596 
1719907073667.00, -28967, -487275, -611 
1719907073688.00, -29184, -487902, -628 
1719907073710.00, -28954, -488526, -636 
1719907073732.00, -29194, -489155, -643 
1719907073753.00, -28980, -489788, -656 
1719907073775.00, -29256, -490427, -655 
1719907073797.00, -28888, -491055, -655 
1719907073818.00, -29134, -491681, -652 
1719907073840.00, -28940, -492308, -652 
1719907073862.00, -28872, -492942, -655 
1719907073883.00, -28973, -493579, -651 
1719907073909.00, -28995, -494207, -642 
1719907073926.00, -29136, -494829, -646 
1719907073948.00, -29102, -495454, -648 
1719907073969.00, -29145, -496087, -653 
1719907073991.00, -29001, -496723, -655 
1719907074018.00, -29239, -497359, -663 
1719907074035.00, -28977, -497982, -677 
1719907074056.00, -28970, -498610, -679 
1719907074078.00, -29295, -499240, -683 
1719907074100.00, -28945, -499877, -700 
1719907074126.00, -29177, -500516, -717 
1719907074143.00, -28863, -501144, -722 
1719907074165.00, -29244, -501772, -726 
1719907074185.00, -28968, -502399, -732 
1719907074207.00, -29032, -503036, -745 
1719907074234.00, -28999, -503672, -744 
1719907074251.00, -29187, -504298, -746 
1719907074273.00, -29302, -504922, -763 
1719907074294.00, -29016, -505550, -771 
1719907074316.00, -29146, -506183, -783 
1719907074341.00, -29076, -506824, -793 
1719907074359.00, -29214, -507454, -803 
1719907074381.00, -29027, -508082, -817 
1719907074402.00, -29229, -508711, -823 
1719907074424.00, -28961, -509345, -838 
1719907074451.00, -29068, -509987, -848 
1719907074468.00, -29169, -510616, -847 
1719907074489.00, -29205, -511243, -855 
1719907074511.00, -29093, -511871, -875 
1719907074532.00, -29237, -512501, -901 
1719907074561.00, -29081, -513139, -903 
1719907074576.00, -29073, -513771, -911 
1719907074597.00, -29080, -514393, -922 
1719907074619.00, -29042, -515022, -914 
1719907074641.00, -29264, -515653, -911 
1719907074667.00, -29027, -516294, -920 
1719907074684.00, -29284, -516933, -918 
1719907074705.00, -29009, -517557, -916 
1719907074727.00, -29280, -518185, -909 
1719907074748.00, -28875, -518814, -916 
1719907074771.00, -29096, -519449, -914 
1719907074791.00, -29120, -520083, -908 
1719907074814.00, -29125, -520707, -916 
1719907074835.00, -28961, -521334, -919 
1719907074857.00, -29104, -521960, -900 
1719907074879.00, -29198, -522594, -900 
1719907074900.00, -29026, -523232, -912 
1719907074922.00, -29100, -523857, -889 
1719907074944.00, -28964, -524484, -878 
1719907074965.00, -29222, -525114, -879 
1719907074991.00, -29040, -525745, -874 
1719907075009.00, -29088, -526384, -870 
1719907075030.00, -29053, -527011, -864 
1719907075052.00, -29139, -527635, -853 
1719907075073.00, -29266, -528263, -843 
1719907075095.00, -29007, -528893, -829 
1719907075117.00, -29138, -529530, -835 
1719907075138.00, -29052, -530159, -824 
1719907075160.00, -29217, -530781, -814 
1719907075181.00, -29119, -531410, -816 
1719907075203.00, -29213, -532040, -807 
1719907075225.00, -29003, -532678, -805 
1719907075246.00, -29251, -533315, -789 
1719907075268.00, -29097, -533941, -778 
1719907075290.00, -29005, -534568, -796 
1719907075311.00, -29011, -535199, -788 
1719907075333.00, -28856, -535833, -776 
1719907075354.00, -29083, -536471, -790 
1719907075376.00, -28921, -537090, -781 
1719907075398.00, -29080, -537716, -772 
1719907075420.00, -28882, -538339, -782 
1719907075441.00, -29088, -538974, -785 
1719907075463.00, -29253, -539609, -780 
1719907075485.00, -29006, -540235, -785 
1719907075506.00, -29131, -540863, -782 
1719907075528.00, -28862, -541492, -770 
1719907075549.00, -29101, -542128, -771 
1719907075571.00, -28980, -542762, -763 
1719907075593.00, -29118, -543389, -755 
1719907075614.00, -28973, -544015, -762 
1719907075636.00, -29060, -544641, -756 
1719907075658.00, -29218, -545272, -757 
1719907075679.00, -29077, -545906, -759 
1719907075700.00, -29231, -546536, -746 
1719907075722.00, -28982, -547166, -764 
1719907075744.00, -29144, -547794, -747 
1719907075766.00, -29134, -548423, -747 
1719907075787.00, -29066, -549062, -771 
1719907075809.00, -28883, -549696, -750 
1719907075831.00, -29021, -550322, -741 
1719907075851.00, -29173, -550944, -739 
1719907075874.00, -29030, -551571, -729 
1719907075896.00, -29226, -552208, -723 
1719907075917.00, -28987, -552843, -726 
1719907075938.00, -29160, -553469, -728 
1719907075960.00, -29030, -554094, -722 
1719907075983.00, -29209, -554718, -712 
1719907076004.00, -29032, -555352, -722 
1719907076025.00, -29238, -555990, -713 
1719907076047.00, -29159, -556616, -721 
1719907076068.00, -28996, -557244, -737 
1719907076090.00, -29135, -557873, -736 
1719907076112.00, -29012, -558505, -737 
1719907076133.00, -29171, -559144, -749 
1719907076155.00, -29013, -559769, -742 
1719907076177.00, -29173, -560396, -740 
1719907076199.00, -29163, -561022, -739 
1719907076220.00, -29223, -561656, -754 
1719907076241.00, -29116, -562294, -752 
1719907076263.00, -29127, -562923, -760 
1719907076285.00, -29061, -563545, -769 
1719907076306.00, -28968, -564177, -758 
1719907076328.00, -29205, -564806, -776 
1719907076350.00, -28994, -565443, -780 
1719907076371.00, -29133, -566080, -785 
1719907076392.00, -28842, -566702, -784 
1719907076417.00, -29203, -567333, -793 
1719907076436.00, -29086, -567961, -798 
1719907076457.00, -29091, -568597, -797 
1719907076479.00, -29087, -569230, -796 
1719907076501.00, -28925, -569856, -801 
1719907076526.00, -29207, -570480, -785 
1719907076545.00, -29029, -571104, -792 
1719907076566.00, -29228, -571736, -801 
1719907076588.00, -28930, -572375, -805 
1719907076609.00, -29228, -573003, -793 
1719907076634.00, -29209, -573628, -804 
1719907076652.00, -29090, -574257, -793 
1719907076674.00, -28991, -574892, -787 
1719907076696.00, -28936, -575528, -794 
1719907076718.00, -29127, -576156, -788 
1719907076739.00, -29042, -576777, -779 
1719907076761.00, -29218, -577404, -772 
1719907076782.00, -28948, -578033, -773 
1719907076804.00, -29249, -578667, -769 
1719907076826.00, -29110, -579298, -771 
1719907076847.00, -29099, -579922, -780 
1719907076869.00, -28941, -580552, -772 
1719907076891.00, -28893, -581185, -764 
1719907076912.00, -29150, -581819, -754 
1719907076934.00, -28923, -582447, -751 
1719907076955.00, -29050, -583074, -744 
1719907076977.00, -28847, -583699, -739 
1719907076999.00, -29098, -584330, -737 
1719907077020.00, -29238, -584962, -739 
1719907077042.00, -29083, -585595, -735 
1719907077064.00, -29183, -586219, -730 
1719907077085.00, -28854, -586845, -722 
1719907077107.00, -29213, -587476, -713 
1719907077129.00, -28915, -588106, -719 
1719907077150.00, -29076, -588741, -705 
1719907077172.00, -28876, -589364, -700 
1719907077194.00, -29088, -589992, -696 
1719907077215.00, -29240, -590618, -674 
1719907077237.00, -28978, -591246, -665 
1719907077258.00, -29078, -591883, -666 
1719907077280.00, -28996, -592511, -635 
1719907077302.00, -29105, -593138, -624 
1719907077323.00, -16796, -593762, -620 
1719907077345.00, -9265, -594140, -644 
1719907077366.00, -4919, -594351, -634 
1719907077388.00, -2194, -594460, -640 
1719907077409.00, -493, -594512, -661 
1719907077431.00, 0, -594525, -650 
1719907077452.00, 71, -594526, -639 
1719907077473.00, 37, -594525, -639 
1719907077495.00, 0, -594524, -614 
1719907077516.00, 0, -594523, -564 
1719907077537.00, 10, -594522, -542 
1719907077559.00, 61, -594519, -492 
1719907077580.00, 105, -594514, -416 
1719907077602.00, 142, -594511, -360 
1719907077623.00, 184, -594504, -305 
1719907077645.00, 198, -594497, -234 
1719907077666.00, 164, -594489, -172 
1719907077688.00, 122, -594484, -139 
1719907077710.00, 103, -594480, -117 
1719907077731.00, 96, -594477, -91 
1719907077752.00, 69, -594473, -69 
1719907077774.00, 61, -594471, -54 
1719907077795.00, 41, -594468, -35 
1719907077816.00, 54, -594467, -20 
1719907077837.00, 68, -594464, 1 
1719907077858.00, 26, -594464, -5 
1719907077880.00, 60, -594461, 8 
1719907077902.00, 79, -594458, 49 
1719907077923.00, 3162, -594453, 89 
1719907077945.00, 7381, -594383, 126 
1719907077966.00, 12010, -594216, 190 
1719907077987.00, 18656, -593953, 242 
1719907078009.00, 23977, -593548, 301 
1719907078031.00, 26764, -593040, 352 
1719907078057.00, 28254, -592465, 388 
1719907078075.00, 29330, -591848, 432 
1719907078096.00, 29181, -591210, 411 
1719907078118.00, 29426, -590566, 576 
1719907078139.00, 29024, -589934, 560 
1719907078161.00, 29383, -589301, 622 
1719907078183.00, 29020, -588672, 665 
1719907078204.00, 29411, -588036, 705 
1719907078225.00, 29032, -587397, 776 
1719907078247.00, 29347, -586760, 809 
1719907078271.00, 28902, -586130, 840 
1719907078291.00, 29384, -585499, 865 
1719907078312.00, 29139, -584866, 885 
1719907078334.00, 29306, -584231, 909 
1719907078355.00, 29010, -583599, 925 
1719907078377.00, 29226, -582967, 936 
1719907078399.00, 29059, -582337, 963 
1719907078421.00, 29269, -581706, 970 
1719907078442.00, 28924, -581071, 980 
1719907078464.00, 29033, -580436, 990 
1719907078486.00, 29126, -579803, 985 
1719907078507.00, 29063, -579177, 994 
1719907078529.00, 29353, -578547, 991 
1719907078551.00, 28956, -577913, 994 
1719907078572.00, 29210, -577281, 1001 
1719907078594.00, 28848, -576649, 1013 
1719907078616.00, 29350, -576021, 1014 
1719907078638.00, 29055, -575389, 1012 
1719907078659.00, 29077, -574756, 1012 
1719907078681.00, 29036, -574118, 1006 
1719907078703.00, 29161, -573481, 1009 
1719907078725.00, 29114, -572850, 1000 
1719907078746.00, 29095, -572219, 1006 
1719907078768.00, 29028, -571583, 997 
1719907078789.00, 29150, -570950, 1005 
1719907078811.00, 29240, -570317, 1015 
1719907078833.00, 29261, -569685, 1028 
1719907078854.00, 28814, -569058, 1039 
1719907078876.00, 29198, -568421, 1037 
1719907078898.00, 29144, -567785, 1032 
1719907078920.00, 29243, -567147, 1034 
1719907078941.00, 28960, -566516, 1035 
1719907078963.00, 29231, -565886, 1024 
1719907078985.00, 29201, -565252, 1024 
1719907079007.00, 29306, -564613, 1030 
1719907079029.00, 29189, -563975, 1036 
1719907079050.00, 28983, -563345, 1035 
1719907079072.00, 29190, -562715, 1047 
1719907079094.00, 29104, -562085, 1034 
1719907079115.00, 29262, -561447, 1030 
1719907079137.00, 29040, -560812, 1023 
1719907079159.00, 29182, -560179, 1016 
1719907079181.00, 28949, -559549, 1024 
1719907079201.00, 29214, -558920, 1019 
1719907079224.00, 28954, -558285, 1005 
1719907079245.00, 29138, -557645, 1012 
1719907079268.00, 28992, -557014, 1001 
1719907079289.00, 29195, -556385, 997 
1719907079311.00, 29094, -555756, 1001 
1719907079332.00, 29328, -555122, 998 
1719907079354.00, 28961, -554487, 1000 
1719907079376.00, 29278, -553854, 1006 
1719907079398.00, 29015, -553223, 1016 
1719907079419.00, 29330, -552595, 1026 
1719907079441.00, 28910, -551959, 1015 
1719907079463.00, 29223, -551320, 1023 
1719907079485.00, 29015, -550689, 1010 
1719907079506.00, 29396, -550054, 1005 
1719907079528.00, 28931, -549427, 1006 
1719907079550.00, 29218, -548792, 1002 
1719907079571.00, 28967, -548157, 988 
1719907079593.00, 29227, -547520, 996 
1719907079614.00, 29028, -546891, 993 
1719907079636.00, 29286, -546263, 986 
1719907079658.00, 28952, -545632, 987 
1719907079680.00, 29218, -544999, 983 
1719907079701.00, 29087, -544367, 980 
1719907079723.00, 29219, -543737, 978 
1719907079744.00, 29008, -543110, 976 
1719907079766.00, 29129, -542482, 971 
1719907079787.00, 28993, -541847, 967 
1719907079809.00, 29165, -541213, 957 
1719907079831.00, 29092, -540584, 956 
1719907079852.00, 29009, -539955, 956 
1719907079874.00, 29211, -539326, 944 
1719907079896.00, 29147, -538694, 943 
1719907079918.00, 29236, -538060, 933 
1719907079939.00, 28896, -537432, 933 
1719907079961.00, 29213, -536805, 929 
1719907079982.00, 29029, -536179, 916 
1719907080004.00, 29091, -535545, 910 
1719907080025.00, 29165, -534910, 904 
1719907080047.00, 29042, -534278, 904 
1719907080069.00, 29208, -533648, 908 
1719907080091.00, 28962, -533022, 904 
1719907080112.00, 29204, -532387, 900 
1719907080137.00, 28879, -531749, 907 
1719907080156.00, 29297, -531118, 905 
1719907080177.00, 28938, -530490, 899 
1719907080199.00, 29361, -529863, 898 
1719907080221.00, 28893, -529234, 891 
1719907080243.00, 29285, -528601, 892 
1719907080264.00, 29040, -527967, 891 
1719907080285.00, 29283, -527337, 889 
1719907080307.00, 29166, -526709, 894 
1719907080329.00, 29100, -526083, 882 
1719907080352.00, 28957, -525447, 888 
1719907080372.00, 28915, -524812, 878 
1719907080394.00, 29329, -524181, 875 
1719907080415.00, 29088, -523554, 874 
1719907080437.00, 29101, -522926, 864 
1719907080463.00, 29036, -522291, 866 
1719907080480.00, 29159, -521654, 861 
1719907080502.00, 29102, -521025, 853 
1719907080523.00, 29231, -520401, 846 
1719907080545.00, 28911, -519777, 835 
1719907080567.00, 29164, -519144, 811 
1719907080588.00, 29248, -518506, 813 
1719907080610.00, 29010, -517880, 800 
1719907080632.00, 29032, -517249, 799 
1719907080653.00, 29087, -516622, 797 
1719907080676.00, 29216, -515986, 798 
1719907080696.00, 28943, -515349, 799 
1719907080718.00, 29235, -514716, 799 
1719907080740.00, 28852, -514087, 797 
1719907080761.00, 29273, -513460, 804 
1719907080783.00, 28926, -512831, 797 
1719907080805.00, 29312, -512197, 801 
1719907080827.00, 28880, -511567, 797 
1719907080848.00, 29283, -510935, 794 
1719907080869.00, 29138, -510311, 785 
1719907080891.00, 29224, -509679, 787 
1719907080913.00, 28981, -509045, 775 
1719907080934.00, 29143, -508412, 775 
1719907080956.00, 29082, -507781, 762 
1719907080978.00, 29014, -507156, 751 
1719907080999.00, 29056, -506526, 739 
1719907081021.00, 29034, -505891, 727 
1719907081043.00, 29276, -505257, 722 
1719907081064.00, 28964, -504629, 713 
1719907081086.00, 29306, -504005, 706 
1719907081107.00, 28951, -503378, 696 
1719907081129.00, 29241, -502744, 687 
1719907081150.00, 29033, -502109, 677 
1719907081172.00, 29127, -501481, 670 
1719907081194.00, 29163, -500851, 652 
1719907081216.00, 28973, -500227, 636 
1719907081238.00, 29065, -499587, 630 
1719907081260.00, 28979, -498952, 608 
1719907081280.00, 29259, -498323, 599 
1719907081302.00, 28990, -497696, 575 
1719907081324.00, 29202, -497075, 565 
1719907081346.00, 29012, -496438, 564 
1719907081367.00, 29199, -495804, 558 
1719907081389.00, 28961, -495175, 557 
1719907081411.00, 29149, -494547, 562 
1719907081432.00, 29133, -493922, 558 
1719907081454.00, 29203, -493289, 559 
1719907081475.00, 29115, -492653, 552 
1719907081497.00, 28903, -492022, 539 
1719907081519.00, 29200, -491392, 535 
1719907081540.00, 29055, -490767, 519 
1719907081562.00, 29256, -490134, 516 
1719907081584.00, 28968, -489498, 501 
1719907081606.00, 29186, -488869, 493 
1719907081627.00, 29108, -488239, 484 
1719907081649.00, 29156, -487614, 477 
1719907081670.00, 28954, -486989, 462 
1719907081692.00, 29176, -486350, 450 
1719907081714.00, 29073, -485720, 449 
1719907081735.00, 29274, -485090, 434 
1719907081757.00, 29040, -484464, 418 
1719907081779.00, 28984, -483837, 396 
1719907081800.00, 29187, -483199, 378 
1719907081822.00, 29038, -482566, 368 
1719907081843.00, 29245, -481938, 359 
1719907081865.00, 28926, -481311, 344 
1719907081887.00, 29238, -480688, 350 
1719907081908.00, 28975, -480050, 350 
1719907081930.00, 29334, -479417, 352 
1719907081951.00, 29007, -478785, 359 
1719907081973.00, 29122, -478159, 365 
1719907081995.00, 29137, -477534, 368 
1719907082015.00, 29164, -476895, 367 
1719907082038.00, 29161, -476255, 369 
1719907082059.00, 28969, -475626, 369 
1719907082081.00, 29218, -474997, 371 
1719907082103.00, 28869, -474375, 366 
1719907082125.00, 29316, -473739, 362 
1719907082146.00, 29028, -473105, 352 
1719907082168.00, 29072, -472475, 352 
1719907082190.00, 28987, -471850, 346 
1719907082211.00, 29157, -471227, 349 
1719907082233.00, 29058, -470596, 351 
1719907082254.00, 28954, -469956, 358 
1719907082276.00, 29110, -469329, 355 
1719907082297.00, 29059, -468701, 350 
1719907082321.00, 29424, -468074, 339 
1719907082340.00, 29144, -467445, 334 
1719907082363.00, 29108, -466806, 335 
1719907082384.00, 29045, -466174, 334 
1719907082406.00, 29174, -465540, 340 
1719907082428.00, 29156, -464914, 339 
1719907082449.00, 28869, -464288, 340 
1719907082471.00, 29061, -463651, 346 
1719907082492.00, 28874, -463019, 352 
1719907082514.00, 29247, -462391, 351 
1719907082536.00, 28913, -461769, 348 
1719907082558.00, 29135, -461145, 343 
1719907082579.00, 29061, -460511, 340 
1719907082600.00, 29123, -459877, 338 
1719907082622.00, 29210, -459245, 342 
1719907082643.00, 28993, -458617, 346 
1719907082665.00, 29027, -457991, 345 
1719907082687.00, 28969, -457359, 350 
1719907082709.00, 29298, -456723, 347 
1719907082730.00, 28874, -456097, 337 
1719907082752.00, 28882, -455469, 339 
1719907082774.00, 29023, -454848, 329 
1719907082795.00, 29053, -454221, 314 
1719907082816.00, 29239, -453583, 311 
1719907082838.00, 28945, -452958, 306 
1719907082860.00, 29151, -452326, 307 
1719907082881.00, 29023, -451699, 309 
1719907082904.00, 29361, -451068, 305 
1719907082925.00, 28955, -450430, 301 
1719907082947.00, 28950, -449798, 310 
1719907082968.00, 28982, -449170, 310 
1719907082989.00, 29023, -448545, 311 
1719907083011.00, 29185, -447917, 314 
1719907083033.00, 28933, -447282, 322 
1719907083055.00, 29024, -446652, 321 
1719907083076.00, 29049, -446023, 325 
1719907083098.00, 29307, -445395, 329 
1719907083119.00, 29180, -444769, 328 
1719907083141.00, 29031, -444134, 325 
1719907083163.00, 29124, -443498, 324 
1719907083185.00, 28985, -442867, 321 
1719907083206.00, 29259, -442238, 313 
1719907083228.00, 28891, -441615, 307 
1719907083250.00, 29114, -440982, 305 
1719907083271.00, 28958, -440349, 300 
1719907083293.00, 29159, -439719, 287 
1719907083314.00, 29020, -439091, 276 
1719907083336.00, 28946, -438470, 268 
1719907083358.00, 29034, -437839, 261 
1719907083379.00, 28993, -437204, 251 
1719907083401.00, 29176, -436577, 235 
1719907083422.00, 28967, -435949, 227 
1719907083444.00, 28984, -435323, 217 
1719907083466.00, 28995, -434697, 205 
1719907083487.00, 28871, -434058, 198 
1719907083509.00, 28357, -433431, 189 
1719907083531.00, 27355, -432820, 178 
1719907083552.00, 26350, -432231, 164 
1719907083574.00, 15106, -431664, 143 
1719907083595.00, 8418, -431330, 121 
1719907083617.00, 4407, -431140, 123 
1719907083639.00, 1836, -431042, 108 
1719907083660.00, 236, -430998, 107 
1719907083681.00, -37, -430991, 101 
1719907083703.00, -408, -430992, 106 
1719907083725.00, -782, -430995, 109 
1719907083748.00, -1054, -431010, 105 
1719907083767.00, -1154, -431031, 105 
1719907083788.00, -1220, -431054, 111 
1719907083810.00, -1302, -431082, 119 
1719907083831.00, -1435, -431109, 122 
1719907083856.00, -1437, -431140, 120 
1719907083874.00, -1402, -431172, 113 
1719907083896.00, -1324, -431201, 100 
1719907083917.00, -1321, -431232, 94 
1719907083938.00, -1315, -431260, 87 
1719907083964.00, -1310, -431289, 87 
1719907083982.00, -1246, -431318, 76 
1719907084003.00, -1124, -431345, 80 
1719907084025.00, -1043, -431368, 99 
1719907084046.00, -1044, -431389, 115 
1719907084069.00, -1044, -431410, 120 
1719907084088.00, -1043, -431433, 117 
1719907084110.00, -1089, -431456, 115 
1719907084131.00, -1110, -431481, 102 
1719907084153.00, -1124, -431509, 55 
1719907084174.00, -1080, -431542, -5 
1719907084195.00, -1044, -431570, -56 
1719907084217.00, -4518, -431595, -91 
1719907084239.00, -8424, -431690, -127 
1719907084260.00, -13088, -431871, -149 
1719907084282.00, -17020, -432148, -165 
1719907084304.00, -20240, -432512, -175 
1719907084325.00, -22995, -432946, -176 
1719907084346.00, -24460, -433439, -181 
1719907084369.00, -25524, -433969, -183 
1719907084390.00, -26242, -434532, -183 
1719907084412.00, -27032, -435106, -190 
1719907084433.00, -27708, -435683, -183 
1719907084455.00, -27459, -436276, -182 
1719907084476.00, -27204, -436873, -187 
1719907084498.00, -27916, -437472, -185 
1719907084520.00, -28106, -438078, -181 
1719907084542.00, -27673, -438675, -177 
1719907084563.00, -27078, -439267, -171 
1719907084585.00, -26661, -439858, -179 
1719907084607.00, -26472, -440435, -195 
1719907084628.00, -27519, -441014, -200 
1719907084650.00, -28589, -441612, -204 
1719907084671.00, -29039, -442223, -204 
1719907084693.00, -29243, -442849, -206 
1719907084715.00, -28880, -443481, -196 
1719907084736.00, -28960, -444116, -181 
1719907084757.00, -28258, -444746, -169 
1719907084780.00, -26755, -445350, -157 
1719907084801.00, -25028, -445927, -152 
1719907084822.00, -23828, -446476, -173 
1719907084844.00, -24497, -446995, -167 
1719907084865.00, -24404, -447526, -169 
1719907084888.00, -24689, -448059, -165 
1719907084909.00, -24191, -448585, -151 
1719907084931.00, -23187, -449109, -144 
1719907084953.00, -22443, -449615, -134 
1719907084974.00, -21028, -450099, -113 
1719907084996.00, -19178, -450563, -124 
1719907085018.00, -18546, -450990, -116 
1719907085039.00, -17839, -451391, -78 
1719907085061.00, -15112, -451774, -77 
1719907085082.00, -13300, -452099, -80 
1719907085104.00, -12763, -452386, -75 
1719907085125.00, -11972, -452658, -66 
1719907085147.00, -10835, -452914, -55 
1719907085169.00, -9860, -453149, -60 
1719907085189.00, -9321, -453358, -71 
1719907085212.00, -9597, -453555, -71 
1719907085233.00, -9991, -453760, -64 
1719907085254.00, -9813, -453972, -67 
1719907085278.00, -9595, -454187, -94 
1719907085297.00, -11204, -454396, -131 
1719907085319.00, -14381, -454639, -170 
1719907085340.00, -18486, -454947, -202 
1719907085362.00, -23108, -455344, -250 
1719907085386.00, -25982, -455835, -281 
1719907085405.00, -27760, -456390, -228 
1719907085427.00, -28883, -457000, -365 
1719907085449.00, -28995, -457630, -345 
1719907085470.00, -29256, -458262, -373 
1719907085492.00, -29066, -458891, -393 
1719907085514.00, -29293, -459520, -394 
1719907085535.00, -28918, -460154, -396 
1719907085557.00, -29232, -460793, -393 
1719907085579.00, -29026, -461424, -393 
1719907085601.00, -29201, -462044, -387 
1719907085622.00, -29122, -462672, -381 
1719907085643.00, -29026, -463301, -376 
1719907085664.00, -29154, -463938, -363 
1719907085687.00, -29007, -464572, -359 
1719907085709.00, -29247, -465194, -366 
1719907085730.00, -28927, -465821, -372 
1719907085752.00, -29301, -466455, -383 
1719907085773.00, -29055, -467095, -399 
1719907085795.00, -29359, -467731, -425 
1719907085818.00, -28835, -468358, -448 
1719907085838.00, -28974, -468985, -448 
1719907085860.00, -29053, -469613, -454 
1719907085881.00, -28963, -470246, -459 
1719907085903.00, -29148, -470888, -478 
1719907085925.00, -29034, -471511, -485 
1719907085946.00, -29226, -472133, -485 
1719907085968.00, -29067, -472762, -495 
1719907085990.00, -29181, -473395, -498 
1719907086012.00, -29119, -474033, -502 
1719907086033.00, -29142, -474663, -501 
1719907086054.00, -29213, -475289, -506 
1719907086076.00, -29083, -475919, -511 
1719907086098.00, -29164, -476552, -516 
1719907086119.00, -29130, -477193, -530 
1719907086141.00, -29233, -477825, -543 
1719907086163.00, -28956, -478449, -549 
1719907086184.00, -29237, -479078, -555 
1719907086205.00, -28892, -479708, -553 
1719907086227.00, -29132, -480341, -550 
1719907086249.00, -29018, -480972, -552 
1719907086271.00, -29180, -481593, -554 
1719907086292.00, -29053, -482223, -557 
1719907086314.00, -29079, -482853, -559 
1719907086335.00, -29106, -483493, -566 
1719907086357.00, -29195, -484129, -564 
1719907086380.00, -29235, -484756, -552 
1719907086401.00, -28949, -485382, -543 
1719907086422.00, -29113, -486012, -535 
1719907086443.00, -29097, -486645, -539 
1719907086465.00, -29239, -487281, -547 
1719907086487.00, -29090, -487907, -543 
1719907086508.00, -29088, -488532, -539 
1719907086530.00, -28999, -489160, -540 
1719907086552.00, -29057, -489796, -543 
1719907086574.00, -29268, -490434, -547 
1719907086596.00, -28982, -491062, -560 
1719907086617.00, -29177, -491690, -564 
1719907086639.00, -28919, -492318, -567 
1719907086660.00, -29118, -492955, -593 
1719907086682.00, -28834, -493591, -589 
1719907086707.00, -29004, -494221, -591 
1719907086725.00, -28942, -494839, -588 
1719907086747.00, -29030, -495466, -578 
1719907086769.00, -29174, -496097, -578 
1719907086790.00, -29043, -496734, -574 
1719907086812.00, -29223, -497366, -569 
1719907086833.00, -29048, -497987, -573 
1719907086855.00, -29212, -498616, -576 
1719907086877.00, -29043, -499250, -590 
1719907086898.00, -29230, -499888, -592 
1719907086920.00, -29111, -500523, -589 
1719907086942.00, -29064, -501149, -589 
1719907086963.00, -29018, -501777, -578 
1719907086985.00, -28931, -502407, -581 
1719907087006.00, -29118, -503044, -579 
1719907087029.00, -28975, -503676, -571 
1719907087050.00, -29193, -504303, -573 
1719907087071.00, -28964, -504925, -582 
1719907087093.00, -29220, -505555, -590 
1719907087114.00, -29049, -506187, -597 
1719907087139.00, -29206, -506826, -600 
1719907087158.00, -28934, -507454, -602 
1719907087179.00, -28990, -508082, -599 
1719907087201.00, -29154, -508707, -598 
1719907087223.00, -29105, -509341, -599 
1719907087245.00, -29187, -509982, -600 
1719907087266.00, -29012, -510610, -601 
1719907087288.00, -29206, -511236, -593 
1719907087310.00, -29007, -511862, -593 
1719907087331.00, -29222, -512493, -602 
1719907087352.00, -28961, -513128, -598 
1719907087374.00, -29024, -513757, -602 
1719907087396.00, -29071, -514377, -605 
1719907087418.00, -29207, -515009, -600 
1719907087439.00, -29196, -515642, -612 
1719907087467.00, -29062, -516282, -609 
1719907087482.00, -29249, -516919, -627 
1719907087504.00, -29148, -517545, -628 
1719907087526.00, -29183, -518173, -633 
1719907087547.00, -28997, -518805, -635 
1719907087571.00, -29220, -519442, -642 
1719907087591.00, -28993, -520074, -640 
1719907087612.00, -29200, -520697, -644 
1719907087634.00, -28862, -521324, -652 
1719907087655.00, -29131, -521955, -656 
1719907087677.00, -29101, -522588, -657 
1719907087699.00, -29133, -523224, -664 
1719907087721.00, -29194, -523851, -659 
1719907087742.00, -28923, -524478, -653 
1719907087764.00, -29129, -525109, -656 
1719907087787.00, -29001, -525740, -651 
1719907087807.00, -29188, -526381, -645 
1719907087829.00, -28991, -527007, -647 
1719907087850.00, -29138, -527632, -655 
1719907087872.00, -29244, -528256, -648 
1719907087894.00, -29126, -528889, -643 
1719907087915.00, -29061, -529527, -648 
1719907087937.00, -29056, -530157, -640 
1719907087959.00, -29267, -530779, -625 
1719907087980.00, -29050, -531406, -609 
1719907088002.00, -29196, -532038, -595 
1719907088024.00, -28963, -532677, -588 
1719907088045.00, -29215, -533310, -587 
1719907088067.00, -29020, -533935, -574 
1719907088088.00, -29127, -534564, -559 
1719907088110.00, -28943, -535191, -555 
1719907088132.00, -28830, -535830, -539 
1719907088153.00, -29107, -536462, -529 
1719907088175.00, -29013, -537081, -536 
1719907088197.00, -29293, -537706, -526 
1719907088219.00, -28923, -538333, -515 
1719907088240.00, -29093, -538965, -502 
1719907088262.00, -29181, -539601, -510 
1719907088284.00, -29046, -540229, -515 
1719907088305.00, -29098, -540856, -499 
1719907088327.00, -28922, -541486, -493 
1719907088348.00, -29267, -542125, -506 
1719907088369.00, -28992, -542760, -515 
1719907088391.00, -29215, -543386, -513 
1719907088412.00, -28883, -544013, -515 
1719907088434.00, -29133, -544638, -515 
1719907088456.00, -29024, -545269, -519 
1719907088478.00, -29161, -545904, -524 
1719907088500.00, -29237, -546536, -524 
1719907088521.00, -29126, -547161, -524 
1719907088543.00, -29269, -547793, -539 
1719907088564.00, -29112, -548424, -524 
1719907088586.00, -29302, -549063, -535 
1719907088608.00, -28757, -549699, -545 
1719907088629.00, -28991, -550323, -531 
1719907088651.00, -29014, -550945, -532 
1719907088673.00, -29122, -551575, -549 
1719907088694.00, -29044, -552212, -548 
1719907088716.00, -29104, -552846, -542 
1719907088738.00, -29216, -553471, -564 
1719907088759.00, -28866, -554100, -583 
1719907088781.00, -29186, -554730, -578 
1719907088802.00, -28984, -555360, -594 
1719907088824.00, -29294, -555998, -607 
1719907088845.00, -28934, -556623, -609 
1719907088867.00, -28971, -557249, -611 
1719907088888.00, -29002, -557875, -611 
1719907088911.00, -29005, -558510, -630 
1719907088932.00, -29206, -559147, -633 
1719907088954.00, -29089, -559775, -634 
1719907088976.00, -29218, -560399, -634 
1719907088997.00, -29065, -561028, -627 
1719907089019.00, -29219, -561661, -621 
1719907089040.00, -28964, -562295, -619 
1719907089062.00, -29198, -562921, -606 
1719907089084.00, -29027, -563542, -594 
1719907089107.00, -29007, -564169, -580 
1719907089127.00, -29236, -564803, -580 
1719907089149.00, -29080, -565438, -592 
1719907089170.00, -29259, -566072, -590 
1719907089192.00, -28873, -566695, -572 
1719907089215.00, -29152, -567326, -566 
1719907089235.00, -28934, -567954, -566 
1719907089257.00, -28931, -568588, -539 
1719907089278.00, -29120, -569213, -500 
1719907089300.00, -28968, -569834, -473 
1719907089323.00, -29161, -570459, -460 
1719907089343.00, -28955, -571083, -437 
1719907089365.00, -29045, -571713, -398 
1719907089386.00, -29020, -572342, -350 
1719907089408.00, -28936, -572966, -315 
1719907089430.00, -29219, -573592, -311 
1719907089451.00, -28975, -574221, -297 
1719907089473.00, -29141, -574855, -271 
1719907089495.00, -28911, -575483, -240 
1719907089516.00, -28884, -576108, -217 
1719907089539.00, -29148, -576728, -202 
1719907089560.00, -28708, -577354, -186 
1719907089581.00, -27323, -577978, -166 
1719907089603.00, -25237, -578575, -155 
1719907089624.00, -23516, -579132, -154 
1719907089652.00, -22441, -579645, -153 
1719907089668.00, -21771, -580130, -148 
1719907089689.00, -21074, -580605, -150 
1719907089711.00, -20920, -581069, -149 
1719907089733.00, -20559, -581525, -147 
1719907089760.00, -20284, -581974, -141 
1719907089776.00, -20040, -582415, -137 
1719907089798.00, -19381, -582844, -126 
1719907089818.00, -18461, -583266, -126 
1719907089841.00, -18232, -583665, -125 
1719907089863.00, -17761, -584055, -125 
1719907089884.00, -17634, -584442, -127 
1719907089906.00, -17350, -584822, -126 
1719907089927.00, -17395, -585198, -118 
1719907089949.00, -16740, -585575, -117 
1719907089971.00, -16286, -585936, -119 
1719907089992.00, -16118, -586291, -134 
1719907090014.00, -16863, -586643, -141 
1719907090036.00, -18038, -587011, -136 
1719907090057.00, -18555, -587399, -138 
1719907090079.00, -18771, -587799, -145 
1719907090100.00, -19544, -588205, -151 
1719907090122.00, -20016, -588624, -142 
1719907090144.00, -19970, -589056, -141 
1719907090165.00, -19638, -589485, -146 
1719907090187.00, -19928, -589912, -151 
1719907090208.00, -20403, -590343, -155 
1719907090230.00, -20861, -590786, -158 
1719907090252.00, -21384, -591241, -170 
1719907090276.00, -22275, -591704, -179 
1719907090295.00, -23453, -592189, -184 
1719907090317.00, -24330, -592695, -187 
1719907090338.00, -25198, -593223, -204 
1719907090360.00, -14451, -593768, -216 
1719907090381.00, -7939, -594097, -227 
1719907090403.00, -4029, -594280, -245 
1719907090425.00, -1855, -594374, -252 
1719907090446.00, -516, -594414, -260 
1719907090467.00, 0, -594428, -267 
1719907090489.00, 59, -594429, -275 
1719907090510.00, 0, -594428, -287 
1719907090531.00, 47, -594428, -279 
1719907090553.00, 0, -594429, -268 
1719907090574.00, 64, -594428, -265 
1719907090595.00, 0, -594428, -260 
1719907090617.00, 0, -594427, -244 
1719907090643.00, 0, -594425, -224 
1719907090660.00, 1, -594425, -198 
1719907090680.00, 0, -594423, -169 
1719907090702.00, -3, -594420, -133 
1719907090723.00, -4, -594416, -62 
1719907090745.00, 7, -594414, -38 
1719907090766.00, 59, -594413, -23 
1719907090787.00, 65, -594412, -4 
1719907090809.00, 27, -594412, 2 
1719907090830.00, 12, -594410, 17 
1719907090853.00, 989, -594409, 19 
1719907090872.00, 1699, -594389, 16 
1719907090894.00, 1944, -594354, 15 
1719907090916.00, 2075, -594311, 17 
1719907090936.00, 2282, -594266, 18 
1719907090958.00, 2390, -594218, 15 
1719907090980.00, 2303, -594165, 16 
1719907091002.00, 2312, -594114, 18 
1719907091023.00, 2515, -594064, 16 
1719907091044.00, 2473, -594011, 16 
1719907091070.00, 2403, -593957, 16 
1719907091087.00, 2374, -593904, 17 
1719907091109.00, 2373, -593853, 16 
1719907091131.00, 2278, -593802, 16 
1719907091152.00, 2186, -593752, 16 
1719907091173.00, 2272, -593704, 16 
1719907091194.00, 2302, -593654, 17 
1719907091216.00, 2362, -593603, 16 
1719907091237.00, 2388, -593553, 17 
1719907091259.00, 2471, -593503, 16 
1719907091280.00, 2378, -593448, 17 
1719907091302.00, 2381, -593398, 16 
1719907091324.00, 2360, -593347, 16 
1719907091345.00, 2329, -593296, 17 
1719907091367.00, 2320, -593246, 16 
1719907091388.00, 2351, -593196, 16 
1719907091409.00, 2373, -593146, 16 
1719907091431.00, 2277, -593096, 16 
1719907091452.00, 2130, -593047, 17 
1719907091474.00, 2308, -592999, 16 
1719907091495.00, 2326, -592951, 16 
1719907091516.00, 2344, -592902, 16 
1719907091538.00, 2313, -592852, 17 
1719907091560.00, 2389, -592805, 16 
1719907091581.00, 2362, -592755, 16 
1719907091602.00, 2236, -592706, 16 
1719907091624.00, 2157, -592658, 16 
1719907091645.00, 2224, -592610, 16 
1719907091667.00, 2201, -592563, 16 
1719907091688.00, 2206, -592517, 16 
1719907091709.00, 2264, -592470, 16 
1719907091731.00, 2335, -592421, 16 
1719907091753.00, 2322, -592372, 16 
1719907091774.00, 2295, -592322, 16 
1719907091796.00, 2346, -592272, 16 
1719907091817.00, 2323, -592223, 16 
1719907091844.00, 2315, -592171, 16 
1719907091860.00, 2258, -592125, 16 
1719907091882.00, 2231, -592079, 16 
1719907091903.00, 2206, -592033, 16 
1719907091924.00, 2148, -591984, 16 
1719907091946.00, 2191, -591937, 16 
1719907091967.00, 2246, -591890, 16 
1719907091989.00, 2243, -591839, 16 
1719907092010.00, 2275, -591790, 16 
1719907092032.00, 2290, -591743, 16 
1719907092053.00, 2348, -591693, 16 
1719907092075.00, 2276, -591644, 16 
1719907092096.00, 2300, -591594, 16 
1719907092118.00, 2269, -591543, 16 
1719907092138.00, 2186, -591495, 16 
1719907092160.00, 2107, -591447, 17 
1719907092182.00, 2166, -591398, 17 
1719907092203.00, 2259, -591351, 16 
1719907092225.00, 2181, -591303, 16 
1719907092246.00, 2188, -591256, 17 
1719907092269.00, 2304, -591209, 17 
1719907092289.00, 2426, -591161, 16 
1719907092311.00, 2406, -591111, 16 
1719907092332.00, 2333, -591059, 17 
1719907092354.00, 2405, -591010, 17 
1719907092375.00, 2513, -590959, 17 
1719907092397.00, 2502, -590907, 17 
1719907092418.00, 2541, -590855, 18 
1719907092439.00, 2639, -590802, 18 
1719907092461.00, 2535, -590745, 18 
1719907092482.00, 2427, -590689, 18 
1719907092504.00, 2423, -590634, 18 
1719907092525.00, 2455, -590581, 18 
1719907092546.00, 2456, -590528, 18 
1719907092568.00, 2524, -590475, 18 
1719907092590.00, 2541, -590422, 18 
1719907092611.00, 2456, -590370, 6 
1719907092633.00, 1371, -590319, -29 
1719907092654.00, -308, -590289, -48 
1719907092675.00, -3025, -590292, -83 
1719907092696.00, -7073, -590353, -123 
1719907092719.00, -11525, -590502, -177 
1719907092740.00, -17587, -590755, -231 
1719907092762.00, -23269, -591134, -288 
1719907092783.00, -26387, -591632, -326 
1719907092805.00, -28148, -592204, -363 
1719907092827.00, -29246, -592816, -399 
1719907092848.00, -17732, -593446, -432 
1719907092870.00, -10731, -593842, -459 
1719907092891.00, -6455, -594079, -515 
1719907092913.00, -3857, -594224, -550 
1719907092935.00, -2249, -594311, -584 
1719907092956.00, -1262, -594360, -618 
1719907092977.00, -685, -594390, -639 
1719907092999.00, -310, -594405, -654 
1719907093021.00, -61, -594412, -658 
1719907093042.00, 0, -594413, -642 
1719907093062.00, 0, -594413, -609 
1719907093084.00, 0, -594413, -560 
1719907093106.00, 0, -594410, -511 
1719907093127.00, 0, -594407, -459 
1719907093152.00, -1, -594405, -396 
1719907093169.00, 0, -594402, -336 
1719907093191.00, 0, -594400, -291 
1719907093212.00, 0, -594399, -251 
1719907093233.00, 0, -594397, -216 
1719907093254.00, 0, -594393, -184 
1719907093276.00, 0, -594393, -153 
1719907093297.00, 0, -594392, -137 
1719907093319.00, 0, -594391, -125 
1719907093340.00, 2, -594390, -109 
1719907093361.00, 0, -594389, -92 
1719907093382.00, 0, -594388, -76 
1719907093404.00, 0, -594386, -68 
1719907093424.00, 0, -594388, -75 
1719907093446.00, 0, -594388, -77 
1719907093467.00, 12, -594387, -76 
1719907093489.00, 0, -594388, -70 
1719907093510.00, 0, -594388, -64 
1719907093531.00, 0, -594386, -56 
1719907093552.00, 0, -594386, -50 
1719907093573.00, 0, -594386, -44 
1719907093595.00, 0, -594385, -39 
1719907093616.00, 0, -594385, -33 
1719907093637.00, 0, -594385, -24 
1719907093657.00, -35, -594385, -24 
1719907093679.00, 15, -594385, -18 
1719907093701.00, 0, -594385, -17 
1719907093722.00, 0, -594384, -12 
1719907093743.00, 0, -594382, 10 
1719907093764.00, 0, -594381, 13 
1719907093785.00, 663, -594382, 9 
1719907093808.00, 370, -594373, 10 
1719907093828.00, 0, -594365, 12 
1719907093849.00, 719, -594364, 14 
1719907093870.00, 1290, -594351, 13 
1719907093891.00, 1540, -594324, 11 
1719907093916.00, 1573, -594291, 12 
1719907093935.00, 1639, -594254, 12 
1719907093956.00, 1633, -594222, 10 
1719907093978.00, 0, -594184, 11 
1719907093999.00, 601, -594179, 11 
1719907094020.00, 1051, -594171, 15 
1719907094041.00, 1512, -594150, 13 
1719907094064.00, 1689, -594117, 10 
1719907094084.00, -35, -594082, 12 
1719907094106.00, 660, -594078, 9 
1719907094127.00, 398, -594066, 14 
1719907094149.00, 928, -594058, 11 
1719907094170.00, 1208, -594039, -37 
1719907094192.00, 884, -594011, -46 
1719907094213.00, 494, -593994, -52 
1719907094235.00, 289, -593983, -69 
1719907094256.00, 208, -593977, -79 
1719907094278.00, 139, -593973, -79 
1719907094299.00, 98, -593971, -82 
1719907094320.00, 79, -593969, -89 
1719907094341.00, 92, -593966, -85 
1719907094363.00, 89, -593964, -81 
1719907094384.00, 80, -593963, -84 
1719907094406.00, 91, -593961, -82 
1719907094427.00, 78, -593958, -78 
1719907094448.00, 77, -593956, -78 
1719907094470.00, 73, -593955, -79 
1719907094492.00, 74, -593953, -73 
1719907094513.00, 84, -593952, -69 
1719907094534.00, 83, -593949, -68 
1719907094556.00, 77, -593946, -64 
1719907094580.00, 83, -593945, -59 
1719907094598.00, 76, -593943, -56 
1719907094619.00, 67, -593941, -57 
1719907094641.00, 61, -593939, -56 
1719907094662.00, 65, -593938, -53 
1719907094687.00, 69, -593936, -50 
1719907094705.00, 89, -593934, -47 
1719907094726.00, 95, -593932, -40 
1719907094747.00, 81, -593929, -32 
1719907094769.00, 76, -593928, -29 
1719907094792.00, 148, -593925, -21 
1719907094812.00, 124, -593922, 16 
1719907094833.00, 1047, -593918, 12 
1719907094854.00, 1353, -593896, 10 
1719907094876.00, 0, -593865, 12 
1719907094899.00, 727, -593862, 11 
1719907094918.00, 1094, -593850, 15 
1719907094940.00, 1637, -593826, 13 
1719907094962.00, 1816, -593793, 12 
1719907094983.00, 1796, -593754, 14 
1719907095007.00, 1942, -593715, 11 
1719907095026.00, 1904, -593675, 12 
1719907095048.00, 1913, -593632, 12 
1719907095069.00, 1879, -593591, 15 
1719907095091.00, 2085, -593550, 14 
1719907095112.00, 2213, -593507, 12 
1719907095133.00, 2013, -593461, 11 
1719907095154.00, 1818, -593416, 12 
1719907095176.00, 1838, -593375, 13 
1719907095198.00, 1914, -593338, 12 
1719907095219.00, 1929, -593296, 14 
1719907095241.00, 1974, -593254, 12 
1719907095262.00, 1960, -593213, 13 
1719907095283.00, 2012, -593170, 11 
1719907095305.00, 1865, -593128, 13 
1719907095326.00, 1849, -593088, 13 
1719907095348.00, 1897, -593047, 12 
1719907095369.00, 1798, -593007, 13 
1719907095390.00, 1905, -592968, 12 
1719907095412.00, 1804, -592927, 12 
1719907095433.00, 1765, -592886, 13 
1719907095455.00, 1783, -592848, 12 
1719907095477.00, 1809, -592809, 12 
1719907095498.00, 1871, -592772, 12 
1719907095519.00, 1809, -592733, 12 
1719907095541.00, 1757, -592695, 12 
1719907095563.00, 1733, -592656, 13 
1719907095583.00, 1915, -592620, 12 
1719907095606.00, 1872, -592580, 12 
1719907095627.00, 1832, -592541, 12 
1719907095648.00, 1774, -592503, 12 
1719907095670.00, 1816, -592464, 12 
1719907095692.00, 1771, -592426, 12 
1719907095713.00, 1801, -592386, 12 
1719907095734.00, 1768, -592347, 12 
1719907095756.00, 1733, -592308, 12 
1719907095781.00, 1722, -592270, 12 
1719907095799.00, 1693, -592231, 12 
1719907095820.00, 1660, -592194, 12 
1719907095842.00, 1690, -592158, 12 
1719907095863.00, 1725, -592123, 12 
1719907095886.00, 1800, -592089, 12 
1719907095905.00, 1762, -592052, 12 
1719907095927.00, 1784, -592016, 12 
1719907095949.00, 1700, -591977, 12 
1719907095970.00, 1741, -591939, 12 
1719907095995.00, 1791, -591902, 12 
1719907096013.00, 1815, -591863, 12 
1719907096035.00, 1762, -591825, 12 
1719907096056.00, 1734, -591785, 12 
1719907096077.00, 1760, -591747, 12 
1719907096102.00, 1791, -591709, 12 
1719907096121.00, 1788, -591670, 12 
1719907096142.00, 1742, -591632, 12 
1719907096164.00, 1781, -591594, 13 
1719907096185.00, 1929, -591556, 12 
1719907096206.00, 1887, -591516, 12 
1719907096228.00, 1795, -591475, 12 
1719907096250.00, 1722, -591437, 13 
1719907096271.00, 1807, -591398, 13 
1719907096292.00, 1833, -591362, 13 
1719907096314.00, 1818, -591323, 12 
1719907096335.00, 1733, -591283, 13 
1719907096357.00, 1781, -591246, 13 
1719907096378.00, 1758, -591208, 12 
1719907096399.00, 1769, -591168, 13 
1719907096420.00, 1774, -591131, 13 
1719907096444.00, 1801, -591090, 13 
1719907096464.00, 1765, -591054, 13 
1719907096485.00, 1816, -591015, 13 
1719907096507.00, 1916, -590976, 13 
1719907096528.00, 1909, -590936, 13 
1719907096550.00, 1903, -590897, 13 
1719907096571.00, 1886, -590856, 14 
1719907096593.00, 1978, -590817, 14 
1719907096614.00, 2062, -590774, 14 
1719907096635.00, 1972, -590728, 14 
1719907096662.00, 1919, -590685, 14 
1719907096679.00, 1926, -590643, 14 
1719907096700.00, 1912, -590600, 14 
1719907096722.00, 1910, -590559, 14 
1719907096743.00, 1903, -590518, 14 
1719907096764.00, 1870, -590477, 14 
1719907096786.00, 1981, -590437, 14 
1719907096807.00, 1977, -590396, 14 
1719907096829.00, 1973, -590351, 14 
1719907096850.00, 1956, -590310, 14 
1719907096877.00, 2005, -590267, 14 
1719907096893.00, 1978, -590224, 14 
1719907096915.00, 1907, -590181, 14 
1719907096936.00, 1911, -590140, 14 
1719907096957.00, 1947, -590099, 14 
1719907096978.00, 1984, -590056, 14 
1719907097001.00, 2045, -590015, 14 
1719907097022.00, 2096, -589971, 14 
1719907097043.00, 2083, -589928, 14 
1719907097065.00, 2024, -589882, 14 
1719907097093.00, 1920, -589840, 14 
1719907097108.00, 1835, -589797, 14 
1719907097130.00, 1936, -589757, 14 
1719907097151.00, 1923, -589718, 14 
1719907097172.00, 1899, -589675, 14 
1719907097199.00, 1930, -589633, 14 
1719907097215.00, 1903, -589592, 14 
1719907097237.00, 1934, -589551, 14 
1719907097258.00, 1903, -589510, 14 
1719907097280.00, 1931, -589467, 14 
1719907097306.00, 1930, -589428, 14 
1719907097323.00, 1953, -589388, 14 
1719907097344.00, 1910, -589345, 14 
1719907097366.00, 1979, -589303, 14 
1719907097387.00, 1966, -589261, 14 
1719907097408.00, 1975, -589219, 14 
1719907097430.00, 2091, -589177, 14 
1719907097451.00, 2055, -589135, 14 
1719907097473.00, 1975, -589090, 14 
1719907097494.00, 1960, -589048, 14 
1719907097516.00, 1973, -589006, 14 
1719907097537.00, 1891, -588963, 14 
1719907097559.00, 1855, -588923, 14 
1719907097579.00, 1822, -588882, 14 
1719907097602.00, 1868, -588842, 14 
1719907097623.00, 1918, -588803, 14 
1719907097645.00, 1901, -588761, 14 
1719907097666.00, 1909, -588721, 14 
1719907097687.00, 2003, -588679, 14 
1719907097709.00, 2039, -588636, 14 
1719907097730.00, 1993, -588593, 14 
1719907097752.00, 1966, -588549, 14 
1719907097773.00, 1990, -588506, 14 
1719907097795.00, 1993, -588464, 14 
1719907097817.00, 2018, -588421, 14 
1719907097837.00, 1908, -588378, 14 
1719907097859.00, 1971, -588335, 14 
1719907097881.00, 2068, -588293, 14 
1719907097902.00, 2034, -588249, 14 
1719907097923.00, 1964, -588206, 14 
1719907097945.00, 1964, -588162, 14 
1719907097966.00, 1995, -588120, 14 
1719907097988.00, 1962, -588077, 14 
1719907098009.00, 1909, -588036, 14 
1719907098031.00, 1895, -587999, 14 
1719907098052.00, 1978, -587956, 14 
1719907098077.00, 2064, -587917, 14 
1719907098095.00, 1992, -587874, 14 
1719907098116.00, 1965, -587828, 14 
1719907098138.00, 1968, -587786, 14 
1719907098159.00, 1922, -587744, 14 
1719907098181.00, 1919, -587699, 14 
1719907098203.00, 1926, -587659, 15 
1719907098224.00, 1978, -587617, 15 
1719907098245.00, 2077, -587574, 14 
1719907098266.00, 2092, -587531, 14 
1719907098291.00, 2078, -587484, 14 
1719907098310.00, 1998, -587440, 15 
1719907098332.00, 2002, -587397, 15 
1719907098353.00, 2006, -587353, 15 
1719907098374.00, 2014, -587309, 15 
1719907098397.00, 1979, -587265, 14 
1719907098417.00, 2015, -587223, 15 
1719907098439.00, 2116, -587178, 15 
1719907098460.00, 2059, -587134, 15 
1719907098482.00, 2080, -587088, 15 
1719907098503.00, 2147, -587044, 15 
1719907098524.00, 2180, -586998, 15 
1719907098546.00, 2169, -586950, 15 
1719907098567.00, 2083, -586905, 15 
1719907098588.00, 2099, -586860, 15 
1719907098610.00, 2094, -586815, 15 
1719907098631.00, 2102, -586768, 15 
1719907098653.00, 2263, -586724, 15 
1719907098675.00, 2263, -586677, 15 
1719907098696.00, 2141, -586628, 16 
1719907098718.00, 2036, -586581, 16 
1719907098739.00, 2040, -586537, 16 
1719907098760.00, 2158, -586493, 16 
1719907098782.00, 2226, -586447, 16 
1719907098804.00, 2264, -586399, 16 
1719907098825.00, 2253, -586352, 16 
1719907098846.00, 2222, -586304, 16 
1719907098868.00, 2167, -586255, 16 
1719907098889.00, 2148, -586208, 16 
1719907098911.00, 2209, -586164, 16 
1719907098931.00, 2264, -586117, 16 
1719907098953.00, 2243, -586068, 16 
1719907098975.00, 2293, -586020, 16 
1719907098997.00, 2392, -585972, 16 
1719907099017.00, 2473, -585924, 16 
1719907099039.00, 2333, -585872, 16 
1719907099062.00, 2287, -585821, 16 
1719907099082.00, 2292, -585772, 16 
1719907099104.00, 2203, -585724, 16 
1719907099125.00, 2154, -585675, 16 
1719907099147.00, 2143, -585628, 16 
1719907099172.00, 2180, -585585, 16 
1719907099190.00, 2164, -585540, 16 
1719907099211.00, 2219, -585491, 14 
1719907099233.00, 2140, -585446, 16 
1719907099254.00, 1828, -585402, 16 
1719907099278.00, 2105, -585370, -89 
1719907099297.00, -3233, -585324, -170 
1719907099319.00, -12006, -585375, -72 
1719907099340.00, -11734, -585614, 16 
1719907099362.00, -6229, -585866, 19 
1719907099384.00, -2619, -586001, 0 
1719907099404.00, -1593, -586063, 20 
1719907099425.00, -5, -586099, 13 
1719907099447.00, 405, -586100, 16 
1719907099468.00, 1096, -586098, 22 
1719907099490.00, 1822, -586077, 9 
1719907099511.00, 987, -586041, 22 
1719907099532.00, 1984, -586019, 14 
1719907099554.00, 1940, -585977, 15 
1719907099575.00, 2138, -585936, 19 
1719907099598.00, 2368, -585891, 9 
1719907099618.00, 1385, -585840, 23 
1719907099640.00, 2176, -585810, 15 
1719907099661.00, 2102, -585762, 16 
1719907099683.00, 2231, -585719, 19 
1719907099704.00, 2490, -585670, 11 
1719907099726.00, 2137, -585616, 53 
1719907099747.00, 4411, -585571, 52 
1719907099769.00, 5744, -585480, 66 
1719907099790.00, 7366, -585359, 38 
1719907099811.00, 6599, -585202, 34 
1719907099833.00, 6075, -585058, 23 
1719907099854.00, 5028, -584929, 28 
1719907099875.00, 4581, -584821, 30 
1719907099897.00, 4639, -584725, 24 
1719907099918.00, 4091, -584626, 34 
1719907099940.00, 4414, -584535, 39 
1719907099962.00, 4924, -584438, 52 
1719907099983.00, 6066, -584333, 51 
1719907100004.00, 6725, -584203, 42 
1719907100025.00, 6363, -584060, 50 
1719907100052.00, 6685, -583920, 55 
1719907100069.00, 7116, -583780, 39 
1719907100090.00, 6455, -583625, 20 
1719907100112.00, 5077, -583485, 6 
1719907100133.00, 2983, -583376, 4 
1719907100155.00, 1642, -583310, 5 
1719907100176.00, 922, -583275, 3 
1719907100197.00, 487, -583253, 33 
1719907100219.00, 2235, -583240, 50 
1719907100240.00, 4420, -583192, 79 
1719907100262.00, 7495, -583097, 114 
1719907100283.00, 11217, -582940, 158 
1719907100305.00, 16302, -582692, 188 
1719907100327.00, 21015, -582343, 235 
1719907100348.00, 24854, -581889, 277 
1719907100369.00, 27376, -581343, 313 
1719907100392.00, 28828, -580748, 327 
1719907100413.00, 28949, -580128, 341 
1719907100435.00, 29160, -579501, 345 
1719907100456.00, 29136, -578872, 356 
1719907100481.00, 29426, -578233, 373 
1719907100500.00, 29122, -577600, 383 
1719907100521.00, 29085, -576968, 391 
1719907100543.00, 29089, -576345, 399 
1719907100565.00, 29156, -575717, 412 
1719907100586.00, 29179, -575082, 413 
1719907100607.00, 28902, -574448, 421 
1719907100629.00, 28995, -573812, 437 
1719907100651.00, 29153, -573190, 413 
1719907100673.00, 29343, -572554, 494 
1719907100697.00, 28965, -571925, 446 
1719907100716.00, 29276, -571287, 496 
1719907100737.00, 28975, -570657, 484 
1719907100759.00, 29220, -570029, 519 
1719907100781.00, 29108, -569401, 536 
1719907100802.00, 29191, -568770, 555 
1719907100824.00, 28904, -568136, 584 
1719907100846.00, 28970, -567501, 599 
1719907100867.00, 29197, -566869, 618 
1719907100889.00, 28968, -566243, 632 
1719907100911.00, 29186, -565613, 638 
1719907100932.00, 29080, -564978, 640 
1719907100953.00, 29157, -564343, 645 
1719907100975.00, 28942, -563710, 637 
1719907100997.00, 29033, -563085, 635 
1719907101019.00, 29117, -562461, 631 
1719907101041.00, 29018, -561831, 610 
1719907101062.00, 29139, -561196, 622 
1719907101084.00, 28948, -560566, 627 
1719907101105.00, 29225, -559937, 628 
1719907101127.00, 28863, -559312, 639 
1719907101148.00, 29210, -558679, 647 
1719907101170.00, 28950, -558046, 665 
1719907101192.00, 29158, -557412, 675 
1719907101213.00, 29096, -556784, 692 
1719907101235.00, 29201, -556157, 692 
1719907101257.00, 28983, -555527, 695 
1719907101278.00, 29030, -554891, 711 
1719907101300.00, 29217, -554260, 716 
1719907101322.00, 29077, -553627, 742 
1719907101344.00, 29311, -553000, 768 
1719907101365.00, 28960, -552371, 771 
1719907101387.00, 29195, -551735, 791 
1719907101408.00, 28982, -551106, 795 
1719907101430.00, 29224, -550475, 786 
1719907101452.00, 29028, -549843, 808 
1719907101474.00, 29127, -549216, 826 
1719907101494.00, 29162, -548580, 841 
1719907101517.00, 29008, -547944, 839 
1719907101539.00, 29129, -547313, 825 
1719907101560.00, 29006, -546685, 840 
1719907101581.00, 29270, -546056, 843 
1719907101603.00, 29192, -545426, 840 
1719907101625.00, 29268, -544790, 854 
1719907101646.00, 28898, -544156, 862 
1719907101668.00, 29178, -543529, 884 
1719907101689.00, 29109, -542906, 884 
1719907101711.00, 29266, -542275, 862 
1719907101733.00, 28987, -541637, 893 
1719907101755.00, 29101, -541001, 898 
1719907101776.00, 29323, -540374, 902 
1719907101798.00, 29090, -539746, 916 
1719907101819.00, 29052, -539115, 906 
1719907101841.00, 28990, -538485, 865 
1719907101863.00, 29154, -537853, 886 
1719907101885.00, 29091, -537221, 895 
1719907101907.00, 29221, -536600, 877 
1719907101927.00, 29042, -535970, 895 
1719907101949.00, 29137, -535333, 919 
1719907101971.00, 29259, -534701, 930 
1719907101993.00, 29181, -534066, 932 
1719907102015.00, 28910, -533438, 937 
1719907102036.00, 28951, -532809, 937 
1719907102058.00, 29283, -532172, 945 
1719907102079.00, 29067, -531539, 957 
1719907102101.00, 29180, -530906, 957 
1719907102123.00, 28857, -530281, 963 
1719907102144.00, 29099, -529656, 953 
1719907102166.00, 29204, -529027, 933 
1719907102187.00, 29265, -528393, 942 
1719907102209.00, 28859, -527761, 943 
1719907102230.00, 28983, -527133, 943 
1719907102252.00, 29128, -526515, 927 
1719907102274.00, 28973, -525883, 914 
1719907102296.00, 29028, -525247, 916 
1719907102317.00, 28987, -524619, 863 
1719907102339.00, 29119, -523988, 857 
1719907102361.00, 29088, -523363, 865 
1719907102382.00, 29280, -522733, 839 
1719907102403.00, 29081, -522096, 859 
1719907102425.00, 28968, -521464, 864 
1719907102447.00, 29220, -520839, 835 
1719907102469.00, 29050, -520214, 861 
1719907102490.00, 29160, -519586, 853 
1719907102512.00, 28979, -518952, 843 
1719907102534.00, 29190, -518320, 859 
1719907102556.00, 29177, -517690, 840 
1719907102577.00, 29267, -517061, 855 
1719907102598.00, 28791, -516431, 854 
1719907102620.00, 29029, -515797, 809 
1719907102642.00, 28998, -515165, 831 
1719907102667.00, 28998, -514531, 837 
1719907102685.00, 29196, -513909, 854 
1719907102706.00, 28880, -513280, 874 
1719907102728.00, 29148, -512645, 886 
1719907102750.00, 29190, -512017, 894 
1719907102777.00, 29166, -511387, 893 
1719907102793.00, 28948, -510757, 887 
1719907102815.00, 29031, -510134, 884 
1719907102837.00, 29227, -509499, 896 
1719907102858.00, 28980, -508862, 903 
1719907102883.00, 29004, -508233, 908 
1719907102901.00, 28743, -507602, 908 
1719907102923.00, 29069, -506978, 905 
1719907102945.00, 29117, -506350, 893 
1719907102966.00, 29169, -505714, 900 
1719907102989.00, 28972, -505084, 898 
1719907103009.00, 28968, -504456, 880 
1719907103031.00, 29174, -503834, 871 
1719907103053.00, 28965, -503206, 861 
1719907103075.00, 29108, -502572, 831 
1719907103098.00, 28927, -501944, 840 
1719907103118.00, 29045, -501312, 823 
1719907103139.00, 29153, -500687, 810 
1719907103161.00, 29200, -500059, 814 
1719907103183.00, 29169, -499421, 809 
1719907103205.00, 29000, -498787, 796 
1719907103226.00, 29219, -498156, 778 
1719907103248.00, 28989, -497532, 768 
1719907103269.00, 29191, -496908, 750 
1719907103291.00, 28919, -496274, 745 
1719907103312.00, 29091, -495643, 731 
1719907103334.00, 29113, -495013, 719 
1719907103356.00, 29201, -494390, 712 
1719907103377.00, 29065, -493768, 677 
1719907103399.00, 29105, -493135, 665 
1719907103421.00, 29011, -492496, 669 
1719907103442.00, 28965, -491868, 649 
1719907103464.00, 29267, -491237, 649 
1719907103486.00, 29019, -490611, 652 
1719907103507.00, 29133, -489980, 630 
1719907103529.00, 29098, -489346, 592 
1719907103551.00, 29068, -488719, 564 
1719907103572.00, 28973, -488092, 565 
1719907103593.00, 28939, -487468, 538 
1719907103615.00, 29174, -486839, 525 
1719907103637.00, 28899, -486207, 529 
1719907103659.00, 29202, -485579, 498 
1719907103680.00, 29016, -484948, 495 
1719907103702.00, 29168, -484323, 473 
1719907103723.00, 29177, -483696, 443 
1719907103745.00, 29070, -483055, 433 
1719907103767.00, 28971, -482427, 411 
1719907103789.00, 28954, -481795, 389 
1719907103811.00, 29151, -481175, 370 
1719907103832.00, 28927, -480553, 352 
1719907103854.00, 29052, -479918, 331 
1719907103875.00, 29018, -479289, 328 
1719907103897.00, 29073, -478659, 321 
1719907103918.00, 29213, -478037, 296 
1719907103940.00, 28888, -477415, 282 
1719907103962.00, 29138, -476777, 261 
1719907103983.00, 29000, -476143, 234 
1719907104004.00, 29193, -475518, 201 
1719907104027.00, 28828, -474894, 180 
1719907104048.00, 27425, -474279, 155 
1719907104070.00, 25163, -473680, 138 
1719907104095.00, 22355, -473135, 124 
1719907104113.00, 19875, -472651, 101 
1719907104135.00, 17066, -472217, 80 
1719907104156.00, 14508, -471851, 58 
1719907104178.00, 11448, -471543, 42 
1719907104200.00, 8824, -471301, 30 
1719907104221.00, 6218, -471115, 19 
1719907104242.00, 4121, -470977, 8 
1719907104263.00, 1797, -470886, -4 
1719907104285.00, 308, -470843, -14 
1719907104306.00, -854, -470835, -30 
1719907104328.00, -2796, -470847, -40 
1719907104349.00, -4527, -470903, -55 
1719907104370.00, -6728, -471002, -62 
1719907104392.00, -8232, -471142, -73 
1719907104418.00, -9706, -471316, -81 
1719907104435.00, -11246, -471520, -89 
1719907104457.00, -12568, -471757, -101 
1719907104479.00, -13840, -472028, -110 
1719907104500.00, -15432, -472329, -120 
1719907104521.00, -17084, -472658, -127 
1719907104543.00, -18194, -473024, -138 
1719907104565.00, -19714, -473421, -143 
1719907104587.00, -20764, -473847, -147 
1719907104609.00, -21778, -474298, -157 
1719907104630.00, -22675, -474761, -173 
1719907104652.00, -24200, -475250, -188 
1719907104673.00, -26068, -475772, -199 
1719907104694.00, -27666, -476337, -213 
1719907104716.00, -29368, -476946, -220 
1719907104738.00, -28997, -477582, -239 
1719907104760.00, -29299, -478209, -260 
1719907104781.00, -29034, -478836, -271 
1719907104803.00, -29373, -479471, -298 
1719907104825.00, -29332, -480101, -269 
1719907104846.00, -29102, -480751, -424 
1719907104868.00, -29099, -481366, -324 
1719907104889.00, -29241, -481997, -380 
1719907104911.00, -28907, -482629, -378 
1719907104932.00, -29148, -483267, -391 
1719907104954.00, -28985, -483910, -408 
1719907104976.00, -29281, -484542, -424 
1719907104997.00, -29071, -485166, -434 
1719907105020.00, -29246, -485795, -443 
1719907105041.00, -29029, -486430, -453 
1719907105063.00, -29206, -487067, -452 
1719907105085.00, -29208, -487697, -455 
1719907105106.00, -29054, -488322, -471 
1719907105128.00, -29289, -488952, -477 
1719907105149.00, -28933, -489586, -489 
1719907105170.00, -29312, -490225, -502 
1719907105192.00, -29118, -490859, -519 
1719907105214.00, -29328, -491487, -544 
1719907105235.00, -29002, -492116, -551 
1719907105258.00, -29396, -492749, -555 
1719907105279.00, -28889, -493387, -598 
1719907105300.00, -29114, -494020, -574 
1719907105323.00, -29039, -494643, -591 
1719907105344.00, -29170, -495269, -585 
1719907105366.00, -29079, -495897, -595 
1719907105387.00, -28907, -496535, -608 
1719907105409.00, -29012, -497167, -608 
1719907105431.00, -29045, -497795, -612 
1719907105452.00, -29259, -498417, -615 
1719907105473.00, -28868, -499046, -619 
1719907105495.00, -28951, -499682, -621 
1719907105517.00, -29010, -500320, -624 
1719907105539.00, -29159, -500947, -631 
1719907105560.00, -29268, -501575, -639 
1719907105581.00, -28845, -502204, -639 
1719907105603.00, -29158, -502839, -644 
1719907105625.00, -29001, -503474, -649 
1719907105647.00, -29339, -504108, -674 
1719907105669.00, -28910, -504731, -685 
1719907105690.00, -29127, -505352, -691 
1719907105712.00, -28976, -505985, -703 
1719907105734.00, -29166, -506622, -707 
1719907105756.00, -28999, -507257, -712 
1719907105776.00, -29061, -507882, -724 
1719907105798.00, -29092, -508509, -726 
1719907105820.00, -28966, -509141, -735 
1719907105841.00, -29255, -509780, -740 
1719907105863.00, -29037, -510414, -744 
1719907105885.00, -29257, -511041, -751 
1719907105907.00, -29097, -511666, -761 
1719907105928.00, -29284, -512298, -772 
1719907105950.00, -29128, -512931, -785 
1719907105971.00, -29166, -513566, -793 
1719907105993.00, -29106, -514194, -793 
1719907106015.00, -28991, -514820, -789 
1719907106036.00, -29310, -515450, -791 
1719907106058.00, -29024, -516087, -790 
1719907106080.00, -29176, -516726, -796 
1719907106102.00, -28859, -517355, -805 
1719907106123.00, -29229, -517982, -813 
1719907106145.00, -28972, -518610, -821 
1719907106168.00, -29201, -519244, -830 
1719907106187.00, -29041, -519879, -845 
1719907106209.00, -29187, -520509, -865 
1719907106231.00, -29219, -521136, -883 
1719907106252.00, -29163, -521764, -896 
1719907106279.00, -29058, -522401, -924 
1719907106296.00, -29155, -523038, -951 
1719907106317.00, -29209, -523671, -980 
1719907106339.00, -29047, -524298, -997 
1719907106361.00, -29109, -524925, -1000 
1719907106384.00, -29001, -525560, -1005 
1719907106404.00, -29153, -526203, -1001 
1719907106426.00, -29225, -526833, -1001 
1719907106448.00, -29153, -527461, -986 
1719907106469.00, -28915, -528086, -956 
1719907106493.00, -28999, -528719, -937 
1719907106512.00, -28943, -529351, -938 
1719907106535.00, -29059, -529984, -956 
1719907106556.00, -28914, -530608, -962 
1719907106577.00, -28998, -531234, -960 
1719907106599.00, -28946, -531860, -974 
1719907106621.00, -29121, -532500, -992 
1719907106643.00, -29285, -533136, -1017 
1719907106664.00, -29127, -533770, -1042 
1719907106686.00, -29123, -534403, -1061 
1719907106709.00, -28991, -535036, -1088 
1719907106730.00, -29112, -535676, -1109 
1719907106751.00, -29159, -536312, -1112 
1719907106773.00, -28982, -536944, -1126 
1719907106794.00, -28934, -537569, -1123 
1719907106817.00, -29126, -538198, -1127 
1719907106838.00, -29145, -538832, -1130 
1719907106860.00, -29119, -539471, -1122 
1719907106882.00, -29021, -540103, -1129 
1719907106903.00, -28952, -540733, -1123 
1719907106929.00, -29249, -541361, -1109 
1719907106947.00, -29077, -541994, -1096 
1719907106969.00, -29037, -542634, -1097 
1719907106990.00, -29112, -543271, -1107 
1719907107012.00, -29237, -543897, -1102 
1719907107033.00, -29047, -544528, -1119 
1719907107055.00, -29002, -545159, -1129 
1719907107076.00, -29084, -545791, -1085 
1719907107099.00, -29113, -546428, -1093 
1719907107120.00, -29302, -547062, -1139 
1719907107142.00, -29129, -547692, -1148 
1719907107164.00, -28975, -548326, -1178 
1719907107185.00, -29097, -548970, -1204 
1719907107208.00, -29124, -549607, -1221 
1719907107229.00, -29191, -550235, -1211 
1719907107250.00, -29095, -550862, -1203 
1719907107272.00, -29148, -551495, -1213 
1719907107294.00, -29027, -552132, -1197 
1719907107317.00, -29330, -552771, -1194 
1719907107338.00, -28974, -553398, -1201 
1719907107360.00, -29023, -554026, -1164 
1719907107381.00, -28816, -554655, -1162 
1719907107403.00, -28923, -555289, -1199 
1719907107424.00, -29193, -555926, -1198 
1719907107447.00, -29017, -556553, -1190 
1719907107468.00, -28990, -557183, -1230 
1719907107493.00, -28842, -557814, -1224 
1719907107512.00, -29102, -558449, -1204 
1719907107533.00, -29071, -559088, -1259 
1719907107555.00, -29264, -559719, -1270 
1719907107577.00, -28985, -560347, -1264 
1719907107598.00, -29228, -560979, -1259 
1719907107620.00, -29042, -561612, -1257 
1719907107641.00, -29295, -562250, -1240 
1719907107664.00, -28908, -562880, -1246 
1719907107685.00, -29145, -563507, -1256 
1719907107707.00, -29105, -564137, -1260 
1719907107729.00, -29346, -564773, -1281 
1719907107751.00, -29003, -565416, -1315 
1719907107772.00, -29050, -566054, -1310 
1719907107794.00, -28919, -566678, -1256 
1719907107815.00, -29303, -567309, -1272 
1719907107837.00, -29075, -567942, -1293 
1719907107859.00, -29314, -568578, -1276 
1719907107881.00, -28979, -569216, -1309 
1719907107903.00, -29233, -569845, -1315 
1719907107925.00, -29006, -570470, -1295 
1719907107946.00, -29100, -571100, -1299 
1719907107967.00, -29115, -571733, -1274 
1719907107989.00, -29182, -572373, -1272 
1719907108011.00, -29176, -573006, -1278 
1719907108032.00, -29284, -573636, -1278 
1719907108055.00, -29003, -574270, -1294 
1719907108076.00, -29024, -574905, -1245 
1719907108098.00, -29106, -575541, -1231 
1719907108120.00, -29322, -576174, -1267 
1719907108143.00, -29108, -576797, -1252 
1719907108163.00, -29139, -577431, -1282 
1719907108185.00, -29150, -578066, -1307 
1719907108207.00, -29137, -578704, -1283 
1719907108228.00, -29153, -579336, -1258 
1719907108250.00, -29030, -579960, -1241 
1719907108272.00, -28992, -580592, -1232 
1719907108293.00, -29081, -581229, -1236 
1719907108315.00, -29290, -581868, -1246 
1719907108337.00, -28931, -582502, -1248 
1719907108359.00, -28924, -583129, -1225 
1719907108381.00, -28968, -583758, -1217 
1719907108402.00, -29138, -584388, -1199 
1719907108424.00, -29026, -585027, -1208 
1719907108446.00, -28999, -585658, -1207 
1719907108468.00, -29006, -586286, -1200 
1719907108489.00, -28897, -586916, -1227 
1719907108511.00, -29166, -587549, -1217 
1719907108533.00, -28990, -588179, -1155 
1719907108554.00, -29134, -588816, -1133 
1719907108579.00, -29138, -589439, -1138 
1719907108598.00, -29160, -590073, -1136 
1719907108620.00, -29007, -590701, -1090 
1719907108641.00, -29216, -591333, -1036 
1719907108663.00, -29012, -591974, -1036 
1719907108685.00, -29027, -592601, -1009 
1719907108706.00, -29118, -593228, -949 
1719907108728.00, -16496, -593852, -932 
1719907108750.00, -8982, -594230, -950 
1719907108771.00, -4590, -594432, -891 
1719907108795.00, -1982, -594535, -863 
1719907108814.00, -305, -594580, -882 
1719907108835.00, 1, -594588, -832 
1719907108857.00, 77, -594589, -810 
1719907108878.00, 0, -594588, -812 
1719907108900.00, 0, -594587, -792 
1719907108920.00, 0, -594586, -759 
1719907108942.00, -7, -594586, -739 
1719907108963.00, 0, -594585, -728 
1719907108985.00, 34, -594584, -681 
1719907109010.00, 339, -594578, -572 
1719907109028.00, 437, -594565, -403 
1719907109050.00, 385, -594549, -262 
1719907109071.00, 363, -594536, -186 
1719907109093.00, 395, -594522, -89 
1719907109114.00, 407, -594505, 22 
1719907109135.00, 1720, -594482, 141 
1719907109157.00, 9625, -594427, 276 
1719907109179.00, 18079, -594224, 381 
1719907109200.00, 23647, -593836, 400 
1719907109222.00, 26451, -593316, 650 
1719907109244.00, 28095, -592741, 686 
1719907109265.00, 29433, -592131, 744 
1719907109287.00, 29386, -591494, 840 
1719907109308.00, 29206, -590848, 991 
1719907109330.00, 29054, -590215, 1000 
1719907109351.00, 29361, -589574, 1058 
1719907109373.00, 29172, -588943, 1111 
1719907109395.00, 29341, -588307, 1140 
1719907109417.00, 29057, -587669, 1209 
1719907109439.00, 29121, -587030, 1263 
1719907109461.00, 29178, -586393, 1262 
1719907109482.00, 29184, -585762, 1300 
1719907109504.00, 29116, -585124, 1342 
1719907109525.00, 28979, -584492, 1340 
1719907109547.00, 29147, -583861, 1348 
1719907109569.00, 29086, -583223, 1359 
1719907109591.00, 29284, -582593, 1364 
1719907109612.00, 29011, -581963, 1365 
1719907109634.00, 29173, -581323, 1403 
1719907109656.00, 28841, -580687, 1415 
1719907109677.00, 29105, -580051, 1402 
1719907109699.00, 29029, -579428, 1401 
1719907109721.00, 28984, -578797, 1391 
1719907109743.00, 28983, -578164, 1396 
1719907109764.00, 29190, -577531, 1370 
1719907109786.00, 29201, -576897, 1395 
1719907109808.00, 28996, -576267, 1397 
1719907109830.00, 28988, -575642, 1391 
1719907109851.00, 29177, -575009, 1368 
1719907109873.00, 29298, -574374, 1380 
1719907109894.00, 29161, -573739, 1372 
1719907109917.00, 28954, -573105, 1353 
1719907109938.00, 28866, -572477, 1352 
1719907109960.00, 29140, -571843, 1352 
1719907109982.00, 29066, -571211, 1340 
1719907110003.00, 29180, -570575, 1342 
1719907110025.00, 29141, -569945, 1332 
1719907110047.00, 28983, -569315, 1385 
1719907110068.00, 29105, -568687, 1336 
1719907110090.00, 29118, -568050, 1377 
1719907110114.00, 28971, -567416, 1357 
1719907110134.00, 29139, -566782, 1296 
1719907110156.00, 29039, -566149, 1351 
1719907110177.00, 29210, -565515, 1392 
1719907110199.00, 29084, -564876, 1417 
1719907110220.00, 28955, -564240, 1424 
1719907110241.00, 29016, -563605, 1392 
1719907110264.00, 29185, -562978, 1421 
1719907110286.00, 29042, -562350, 1430 
1719907110307.00, 29243, -561715, 1407 
1719907110329.00, 29033, -561078, 1439 
1719907110351.00, 29026, -560442, 1446 
1719907110373.00, 29058, -559812, 1457 
1719907110394.00, 29261, -559188, 1431 
1719907110416.00, 28951, -558553, 1410 
1719907110438.00, 28885, -557918, 1400 
1719907110460.00, 29009, -557286, 1340 
1719907110481.00, 29301, -556662, 1301 
1719907110503.00, 28798, -556037, 1290 
1719907110525.00, 29019, -555402, 1292 
1719907110546.00, 28758, -554775, 1230 
1719907110568.00, 29302, -554138, 1240 
1719907110589.00, 28860, -553506, 1274 
1719907110612.00, 29052, -552886, 1202 
1719907110634.00, 28956, -552257, 1184 
1719907110655.00, 29267, -551620, 1191 
1719907110678.00, 29093, -550987, 1170 
1719907110699.00, 29186, -550355, 1196 
1719907110721.00, 28877, -549724, 1185 
1719907110742.00, 29170, -549093, 1138 
1719907110765.00, 29219, -548460, 1139 
1719907110785.00, 29154, -547825, 1097 
1719907110807.00, 28869, -547191, 1050 
1719907110829.00, 28889, -546563, 1047 
1719907110851.00, 29127, -545939, 1017 
1719907110873.00, 29240, -545304, 1029 
1719907110894.00, 29078, -544671, 1018 
1719907110916.00, 29176, -544036, 1002 
1719907110938.00, 29057, -543405, 1003 
1719907110959.00, 29187, -542778, 1008 
1719907110981.00, 28990, -542139, 1033 
1719907111002.00, 29055, -541502, 1025 
1719907111024.00, 29080, -540866, 1025 
1719907111046.00, 29140, -540233, 1053 
1719907111067.00, 29083, -539604, 1050 
1719907111089.00, 29214, -538965, 1060 
1719907111112.00, 29017, -538332, 1047 
1719907111133.00, 29165, -537696, 1056 
1719907111154.00, 29102, -537068, 1072 
1719907111177.00, 29327, -536437, 1064 
1719907111201.00, 29103, -535806, 1078 
1719907111220.00, 29169, -535167, 1062 
1719907111242.00, 28962, -534532, 1054 
1719907111263.00, 29330, -533898, 1064 
1719907111285.00, 29121, -533269, 1075 
1719907111309.00, 29103, -532635, 1090 
1719907111328.00, 28912, -531994, 1074 
1719907111350.00, 29148, -531358, 1070 
1719907111372.00, 29131, -530727, 1061 
1719907111393.00, 29209, -530102, 1046 
1719907111419.00, 28911, -529467, 1072 
1719907111437.00, 29110, -528835, 1058 
1719907111459.00, 29270, -528201, 1021 
1719907111481.00, 29234, -527568, 1026 
1719907111502.00, 28794, -526939, 1030 
1719907111524.00, 29000, -526311, 1018 
1719907111545.00, 29056, -525678, 1019 
1719907111568.00, 29262, -525043, 987 
1719907111589.00, 28931, -524411, 990 
1719907111611.00, 28949, -523786, 964 
1719907111634.00, 28913, -523162, 955 
1719907111654.00, 28985, -522531, 954 
1719907111676.00, 29287, -521899, 939 
1719907111697.00, 28807, -521267, 968 
1719907111719.00, 29120, -520640, 952 
1719907111741.00, 29053, -520017, 952 
1719907111762.00, 29144, -519388, 953 
1719907111783.00, 29060, -518754, 949 
1719907111806.00, 29071, -518120, 947 
1719907111827.00, 29117, -517490, 946 
1719907111849.00, 29092, -516866, 922 
1719907111870.00, 29211, -516233, 926 
1719907111892.00, 28929, -515595, 934 
1719907111914.00, 29088, -514961, 916 
1719907111935.00, 29023, -514330, 928 
1719907111957.00, 29169, -513709, 929 
1719907111978.00, 28955, -513082, 915 
1719907112000.00, 28995, -512449, 921 
1719907112022.00, 29168, -511819, 921 
1719907112043.00, 29131, -511187, 927 
1719907112065.00, 29281, -510561, 920 
1719907112087.00, 28768, -509935, 922 
1719907112109.00, 29102, -509299, 923 
1719907112130.00, 28928, -508666, 925 
1719907112151.00, 29099, -508034, 929 
1719907112173.00, 29026, -507409, 921 
1719907112196.00, 28909, -506781, 917 
1719907112216.00, 28999, -506149, 918 
1719907112238.00, 29132, -505517, 910 
1719907112259.00, 29277, -504889, 901 
1719907112282.00, 28879, -504261, 908 
1719907112303.00, 29093, -503636, 901 
1719907112325.00, 29118, -503006, 887 
1719907112347.00, 29146, -502370, 879 
1719907112368.00, 28942, -501739, 877 
1719907112389.00, 28778, -501110, 885 
1719907112411.00, 29066, -500484, 887 
1719907112432.00, 28975, -499858, 888 
1719907112455.00, 29203, -499217, 894 
1719907112476.00, 28835, -498586, 892 
1719907112498.00, 29123, -497956, 876 
1719907112520.00, 29112, -497335, 878 
1719907112541.00, 29208, -496705, 874 
1719907112563.00, 29007, -496070, 875 
1719907112584.00, 29024, -495439, 867 
1719907112606.00, 29170, -494809, 874 
1719907112628.00, 29155, -494182, 889 
1719907112649.00, 29135, -493556, 891 
1719907112671.00, 28870, -492922, 877 
1719907112692.00, 29054, -492289, 842 
1719907112714.00, 29120, -491659, 840 
1719907112736.00, 29241, -491027, 845 
1719907112758.00, 28953, -490403, 835 
1719907112780.00, 28913, -489771, 836 
1719907112801.00, 29056, -489137, 832 
1719907112822.00, 29087, -488513, 815 
1719907112845.00, 29380, -487884, 814 
1719907112866.00, 28852, -487259, 818 
1719907112887.00, 29099, -486627, 810 
1719907112909.00, 28960, -485996, 805 
1719907112931.00, 29045, -485366, 786 
1719907112952.00, 29093, -484738, 785 
1719907112973.00, 28959, -484111, 797 
1719907112995.00, 29133, -483479, 784 
1719907113017.00, 29108, -482843, 768 
1719907113039.00, 29185, -482214, 745 
1719907113061.00, 28832, -481581, 746 
1719907113082.00, 29025, -480959, 741 
1719907113104.00, 29128, -480333, 736 
1719907113125.00, 29142, -479700, 738 
1719907113148.00, 29121, -479068, 736 
1719907113169.00, 28915, -478438, 728 
1719907113191.00, 29082, -477812, 713 
1719907113212.00, 28977, -477184, 730 
1719907113234.00, 29210, -476550, 720 
1719907113255.00, 28874, -475920, 697 
1719907113276.00, 28969, -475286, 723 
1719907113299.00, 29041, -474661, 703 
1719907113320.00, 29036, -474034, 717 
1719907113342.00, 29118, -473403, 718 
1719907113364.00, 29043, -472770, 699 
1719907113388.00, 29185, -472139, 695 
1719907113407.00, 29072, -471516, 674 
1719907113429.00, 29302, -470891, 672 
1719907113450.00, 29021, -470256, 682 
1719907113471.00, 29071, -469620, 678 
1719907113494.00, 29121, -468994, 670 
1719907113515.00, 29127, -468362, 682 
1719907113537.00, 29095, -467733, 672 
1719907113558.00, 29049, -467103, 662 
1719907113580.00, 29250, -466464, 667 
1719907113604.00, 29029, -465835, 652 
1719907113623.00, 29208, -465203, 653 
1719907113644.00, 28875, -464578, 660 
1719907113666.00, 29126, -463946, 668 
1719907113688.00, 28981, -463312, 673 
1719907113715.00, 29077, -462686, 656 
1719907113731.00, 29130, -462056, 644 
1719907113753.00, 28985, -461432, 641 
1719907113775.00, 29121, -460806, 630 
1719907113796.00, 29120, -460171, 608 
1719907113822.00, 29247, -459541, 607 
1719907113840.00, 28903, -458909, 604 
1719907113861.00, 29195, -458280, 597 
1719907113883.00, 29078, -457656, 584 
1719907113904.00, 29093, -457024, 558 
1719907113926.00, 29000, -456392, 545 
1719907113948.00, 28756, -455763, 528 
1719907113970.00, 29102, -455138, 504 
1719907113991.00, 28858, -454520, 472 
1719907114013.00, 29006, -453888, 432 
1719907114034.00, 28856, -453263, 391 
1719907114056.00, 28972, -452634, 357 
1719907114078.00, 29143, -452008, 325 
1719907114099.00, 28928, -451388, 290 
1719907114121.00, 29023, -450756, 251 
1719907114142.00, 28882, -450124, 212 
1719907114165.00, 28896, -449495, 169 
1719907114186.00, 26529, -448875, 126 
1719907114207.00, 22590, -448314, 75 
1719907114229.00, 17039, -447828, 33 
1719907114251.00, 11598, -447451, -15 
1719907114272.00, 5190, -447195, -30 
1719907114293.00, 404, -447077, -42 
1719907114315.00, -2412, -447061, -49 
1719907114336.00, -5018, -447104, -64 
1719907114358.00, -7459, -447208, -82 
1719907114380.00, -10058, -447367, -93 
1719907114401.00, -12062, -447583, -103 
1719907114423.00, -13842, -447846, -111 
1719907114445.00, -15475, -448143, -109 
1719907114466.00, -16307, -448475, -104 
1719907114488.00, -16534, -448821, -108 
1719907114509.00, -16740, -449176, -115 
1719907114531.00, -17228, -449544, -129 
1719907114553.00, -18419, -449919, -136 
1719907114574.00, -19626, -450318, -152 
1719907114596.00, -21391, -450749, -164 
1719907114617.00, -22985, -451214, -183 
1719907114639.00, -24963, -451712, -190 
1719907114661.00, -26427, -452244, -197 
1719907114683.00, -27859, -452821, -198 
1719907114704.00, -28559, -453421, -200 
1719907114726.00, -29242, -454050, -211 
1719907114747.00, -28897, -454684, -217 
1719907114769.00, -29412, -455309, -222 
1719907114790.00, -28993, -455938, -231 
1719907114812.00, -29261, -456572, -245 
1719907114834.00, -28907, -457207, -257 
1719907114855.00, -29173, -457845, -268 
1719907114877.00, -29056, -458471, -280 
1719907114899.00, -29216, -459099, -296 
1719907114920.00, -28882, -459734, -314 
1719907114942.00, -29017, -460371, -325 
1719907114964.00, -29267, -461005, -284 
1719907114985.00, -29105, -461642, -396 
1719907115007.00, -29199, -462255, -314 
1719907115028.00, -29001, -462888, -348 
1719907115050.00, -29160, -463521, -349 
1719907115072.00, -29070, -464159, -344 
1719907115093.00, -29298, -464790, -352 
1719907115114.00, -28843, -465411, -345 
1719907115138.00, -29194, -466043, -347 
1719907115158.00, -29035, -466677, -355 
1719907115180.00, -29354, -467318, -363 
1719907115201.00, -28895, -467953, -384 
1719907115223.00, -29169, -468578, -399 
1719907115245.00, -29106, -469210, -405 
1719907115266.00, -28964, -469840, -413 
1719907115288.00, -29152, -470479, -415 
1719907115310.00, -29058, -471115, -416 
1719907115331.00, -29290, -471736, -418 
1719907115356.00, -28989, -472363, -419 
1719907115374.00, -29301, -472994, -430 
1719907115396.00, -29006, -473627, -428 
1719907115417.00, -29290, -474265, -421 
1719907115439.00, -29037, -474889, -420 
1719907115461.00, -29216, -475518, -416 
1719907115482.00, -28862, -476149, -417 
1719907115504.00, -29186, -476789, -418 
1719907115525.00, -29099, -477427, -420 
1719907115547.00, -29116, -478052, -424 
1719907115573.00, -29195, -478674, -419 
1719907115590.00, -29038, -479306, -421 
1719907115613.00, -29149, -479939, -421 
1719907115634.00, -29094, -480575, -417 
1719907115655.00, -29295, -481202, -422 
1719907115683.00, -28942, -481829, -435 
1719907115699.00, -29102, -482456, -438 
1719907115721.00, -28969, -483090, -443 
1719907115742.00, -29156, -483731, -454 
1719907115764.00, -29044, -484363, -472 
1719907115786.00, -29094, -484988, -471 
1719907115807.00, -29221, -485618, -468 
1719907115829.00, -29110, -486252, -481 
1719907115850.00, -29202, -486887, -478 
1719907115872.00, -29044, -487519, -479 
1719907115899.00, -29217, -488145, -482 
1719907115915.00, -29049, -488770, -478 
1719907115937.00, -29202, -489402, -481 
1719907115959.00, -28866, -490037, -484 
1719907115980.00, -29056, -490673, -485 
1719907116002.00, -29110, -491298, -510 
1719907116024.00, -29123, -491926, -512 
1719907116045.00, -29138, -492558, -522 
1719907116067.00, -29029, -493196, -546 
1719907116088.00, -29350, -493833, -530 
1719907116110.00, -28942, -494461, -603 
1719907116132.00, -29253, -495084, -574 
1719907116154.00, -28878, -495713, -593 
1719907116175.00, -29118, -496348, -605 
1719907116196.00, -29118, -496984, -610 
1719907116218.00, -29271, -497614, -617 
1719907116240.00, -28947, -498235, -616 
1719907116262.00, -29009, -498865, -611 
1719907116283.00, -29012, -499497, -609 
1719907116305.00, -29061, -500136, -616 
1719907116327.00, -29142, -500766, -621 
1719907116348.00, -29019, -501393, -629 
1719907116370.00, -29063, -502024, -632 
1719907116391.00, -29069, -502653, -631 
1719907116413.00, -29242, -503293, -653 
1719907116435.00, -29045, -503924, -651 
1719907116456.00, -29208, -504551, -655 
1719907116478.00, -29041, -505176, -661 
1719907116500.00, -29123, -505806, -672 
1719907116521.00, -29242, -506440, -680 
1719907116543.00, -29117, -507079, -688 
1719907116564.00, -29181, -507704, -678 
1719907116586.00, -28880, -508333, -670 
1719907116607.00, -29221, -508962, -670 
1719907116630.00, -28981, -509595, -665 
1719907116651.00, -29210, -510234, -668 
1719907116673.00, -29041, -510861, -675 
1719907116695.00, -29250, -511487, -678 
1719907116716.00, -29018, -512114, -696 
1719907116738.00, -29122, -512747, -724 
1719907116759.00, -29122, -513386, -771 
1719907116782.00, -29077, -514015, -777 
1719907116803.00, -29264, -514641, -777 
1719907116824.00, -29087, -515271, -788 
1719907116846.00, -29121, -515906, -802 
1719907116867.00, -29043, -516546, -799 
1719907116889.00, -29333, -517178, -789 
1719907116910.00, -28998, -517805, -799 
1719907116932.00, -29107, -518431, -802 
1719907116954.00, -28997, -519061, -814 
1719907116976.00, -29027, -519700, -816 
1719907116998.00, -29273, -520329, -817 
1719907117018.00, -29032, -520954, -822 
1719907117041.00, -29110, -521579, -817 
1719907117062.00, -29002, -522209, -805 
1719907117084.00, -29313, -522845, -782 
1719907117106.00, -28899, -523478, -762 
1719907117127.00, -29163, -524103, -757 
1719907117149.00, -28747, -524728, -768 
1719907117171.00, -28968, -525361, -792 
1719907117192.00, -29028, -525997, -813 
1719907117215.00, -29054, -526629, -828 
1719907117236.00, -29118, -527255, -840 
1719907117257.00, -29064, -527881, -837 
1719907117279.00, -29238, -528511, -848 
1719907117301.00, -28944, -529146, -860 
1719907117324.00, -29192, -529782, -863 
1719907117344.00, -28963, -530407, -869 
1719907117365.00, -29029, -531032, -868 
1719907117387.00, -29230, -531658, -886 
1719907117409.00, -29138, -532296, -900 
1719907117432.00, -29158, -532934, -914 
1719907117452.00, -28854, -533565, -913 
1719907117473.00, -29138, -534193, -914 
1719907117495.00, -28833, -534818, -924 
1719907117517.00, -29113, -535454, -933 
1719907117542.00, -28888, -536087, -939 
1719907117560.00, -29204, -536719, -934 
1719907117581.00, -29271, -537340, -924 
1719907117603.00, -29083, -537965, -916 
1719907117625.00, -29096, -538593, -912 
1719907117650.00, -28944, -539230, -903 
1719907117668.00, -29123, -539864, -885 
1719907117690.00, -29022, -540490, -901 
1719907117711.00, -29115, -541117, -923 
1719907117734.00, -28999, -541746, -895 
1719907117756.00, -29160, -542387, -929 
1719907117776.00, -29246, -543022, -955 
1719907117798.00, -29144, -543649, -943 
1719907117820.00, -29025, -544274, -932 
1719907117841.00, -29113, -544903, -939 
1719907117862.00, -29011, -545539, -959 
1719907117884.00, -28883, -546174, -973 
1719907117906.00, -29093, -546800, -977 
1719907117927.00, -28957, -547427, -992 
1719907117950.00, -29144, -548057, -986 
1719907117974.00, -29123, -548692, -986 
1719907117995.00, -29356, -549328, -1004 
1719907118014.00, -28941, -549959, -1011 
1719907118037.00, -29151, -550591, -1016 
1719907118058.00, -28984, -551215, -980 
1719907118080.00, -29166, -551853, -990 
1719907118101.00, -29027, -552485, -989 
1719907118122.00, -29222, -553116, -987 
1719907118145.00, -28997, -553739, -986 
1719907118166.00, -29071, -554366, -969 
1719907118188.00, -29200, -554998, -960 
1719907118210.00, -28999, -555630, -950 
1719907118231.00, -29058, -556261, -916 
1719907118253.00, -29000, -556886, -895 
1719907118274.00, -29141, -557513, -904 
1719907118296.00, -29031, -558141, -911 
1719907118318.00, -29046, -558775, -886 
1719907118339.00, -29062, -559406, -878 
1719907118361.00, -29165, -560036, -889 
1719907118382.00, -29321, -560662, -882 
1719907118404.00, -29006, -561290, -868 
1719907118425.00, -29238, -561927, -893 
1719907118448.00, -29042, -562561, -902 
1719907118469.00, -29180, -563188, -900 
1719907118491.00, -29047, -563809, -886 
1719907118512.00, -29122, -564440, -876 
1719907118533.00, -29078, -565073, -894 
1719907118555.00, -29276, -565712, -902 
1719907118577.00, -29107, -566343, -909 
1719907118599.00, -29028, -566969, -918 
1719907118621.00, -28977, -567598, -928 
1719907118642.00, -28863, -568236, -931 
1719907118663.00, -29155, -568868, -919 
1719907118686.00, -29057, -569493, -926 
1719907118707.00, -29179, -570121, -971 
1719907118729.00, -28935, -570747, -991 
1719907118754.00, -29215, -571380, -990 
1719907118772.00, -29162, -572016, -1010 
1719907118794.00, -29112, -572652, -1021 
1719907118815.00, -28965, -573280, -1037 
1719907118837.00, -28801, -573915, -1043 
1719907118859.00, -29125, -574546, -1015 
1719907118881.00, -29093, -575181, -1005 
1719907118903.00, -28984, -575815, -1011 
1719907118923.00, -28810, -576442, -988 
1719907118946.00, -29136, -577063, -945 
1719907118968.00, -29072, -577688, -925 
1719907118989.00, -29256, -578322, -964 
1719907119011.00, -28837, -578956, -948 
1719907119032.00, -28933, -579579, -897 
1719907119054.00, -29060, -580204, -897 
1719907119075.00, -29098, -580832, -894 
1719907119097.00, -29225, -581466, -871 
1719907119117.00, -28834, -582101, -868 
1719907119141.00, -29263, -582733, -876 
1719907119162.00, -28982, -583355, -882 
1719907119186.00, -29141, -583980, -858 
1719907119204.00, -28857, -584611, -823 
1719907119226.00, -28954, -585242, -796 
1719907119249.00, -29159, -585869, -783 
1719907119270.00, -28835, -586492, -769 
1719907119292.00, -29158, -587118, -733 
1719907119314.00, -29046, -587747, -721 
1719907119335.00, -29221, -588382, -727 
1719907119356.00, -29028, -589013, -711 
1719907119379.00, -29046, -589634, -678 
1719907119400.00, -29111, -590259, -664 
1719907119422.00, -29004, -590891, -654 
1719907119443.00, -29183, -591524, -629 
1719907119465.00, -28975, -592153, -618 
1719907119487.00, -29177, -592784, -633 
1719907119508.00, -17030, -593406, -607 
1719907119530.00, -9273, -593785, -605 
1719907119551.00, -4827, -593994, -585 
1719907119572.00, -2130, -594102, -571 
1719907119594.00, -435, -594151, -575 
1719907119620.00, 0, -594162, -564 
1719907119636.00, 70, -594162, -545 
1719907119658.00, -5, -594161, -524 
1719907119680.00, 60, -594161, -488 
1719907119701.00, 54, -594158, -436 
1719907119722.00, 166, -594154, -358 
1719907119744.00, 255, -594146, -263 
1719907119766.00, 281, -594134, -165 
1719907119787.00, 260, -594124, -70 
1719907119808.00, 230, -594113, 0 
1719907119830.00, 288, -594103, 80 
1719907119852.00, 5230, -594080, 172 
1719907119873.00, 13764, -593962, 273 
1719907119895.00, 20757, -593672, 350 
1719907119916.00, 25333, -593229, 393 
1719907119938.00, 27539, -592686, 504 
1719907119960.00, 29026, -592091, 577 
1719907119981.00, 29103, -591465, 573 
1719907120003.00, 29331, -590826, 616 
1719907120025.00, 29126, -590189, 687 
1719907120046.00, 29211, -589552, 726 
1719907120068.00, 29159, -588925, 767 
1719907120090.00, 29322, -588288, 843 
1719907120111.00, 29178, -587654, 879 
1719907120133.00, 29147, -587021, 852 
1719907120154.00, 29102, -586386, 892 
1719907120176.00, 29220, -585759, 921 
1719907120198.00, 29344, -585127, 943 
1719907120220.00, 29004, -584494, 949 
1719907120241.00, 29090, -583861, 982 
1719907120263.00, 29259, -583224, 997 
1719907120284.00, 29269, -582598, 995 
1719907120306.00, 28861, -581968, 1000 
1719907120328.00, 29303, -581329, 1012 
1719907120350.00, 28951, -580691, 1033 
1719907120371.00, 29369, -580055, 1030 
1719907120393.00, 29016, -579426, 1020 
1719907120415.00, 28985, -578791, 1058 
1719907120436.00, 29121, -578156, 1086 
1719907120458.00, 29287, -577521, 1082 
1719907120480.00, 29177, -576885, 1086 
1719907120501.00, 28968, -576255, 1101 
1719907120523.00, 28900, -575628, 1089 
1719907120545.00, 28806, -574994, 1061 
1719907120567.00, 28926, -574361, 1092 
1719907120588.00, 29122, -573727, 1081 
1719907120610.00, 28852, -573099, 1046 
1719907120633.00, 29176, -572467, 1054 
1719907120654.00, 29014, -571832, 1102 
1719907120675.00, 29132, -571198, 1093 
1719907120697.00, 29058, -570565, 1081 
1719907120723.00, 29167, -569931, 1110 
1719907120740.00, 29062, -569304, 1110 
1719907120762.00, 29258, -568673, 1092 
1719907120784.00, 29061, -568038, 1106 
1719907120805.00, 28997, -567402, 1117 
1719907120828.00, 28955, -566764, 1143 
1719907120849.00, 28953, -566136, 1143 
1719907120871.00, 28996, -565507, 1131 
1719907120893.00, 29288, -564871, 1140 
1719907120914.00, 29084, -564234, 1141 
1719907120941.00, 29017, -563595, 1151 
1719907120958.00, 29017, -562970, 1148 
1719907120980.00, 29242, -562343, 1133 
1719907121001.00, 29218, -561708, 1147 
1719907121023.00, 29037, -561073, 1139 
1719907121045.00, 28930, -560437, 1135 
1719907121066.00, 29247, -559808, 1140 
1719907121088.00, 29060, -559183, 1135 
1719907121110.00, 29121, -558547, 1114 
1719907121132.00, 28999, -557914, 1104 
1719907121156.00, 29129, -557276, 1103 
1719907121175.00, 29084, -556646, 1099 
1719907121196.00, 29118, -556019, 1087 
1719907121219.00, 28971, -555387, 1063 
1719907121240.00, 29103, -554751, 1073 
1719907121265.00, 29239, -554118, 1072 
1719907121284.00, 29100, -553485, 1069 
1719907121306.00, 28796, -552860, 1052 
1719907121327.00, 29006, -552228, 1030 
1719907121349.00, 28930, -551593, 1022 
1719907121377.00, 29247, -550964, 977 
1719907121393.00, 28932, -550337, 977 
1719907121414.00, 29005, -549707, 1001 
1719907121435.00, 28796, -549080, 977 
1719907121457.00, 29011, -548446, 944 
1719907121482.00, 29182, -547813, 976 
1719907121500.00, 28795, -547182, 972 
1719907121522.00, 29132, -546557, 943 
1719907121544.00, 28979, -545936, 923 
1719907121565.00, 29219, -545303, 923 
1719907121592.00, 28965, -544674, 908 
1719907121609.00, 29084, -544044, 892 
1719907121630.00, 29060, -543416, 913 
1719907121652.00, 29004, -542791, 909 
1719907121673.00, 29139, -542155, 920 
1719907121698.00, 28973, -541523, 903 
1719907121716.00, 29212, -540891, 880 
1719907121738.00, 29024, -540262, 864 
1719907121760.00, 29346, -539635, 886 
1719907121782.00, 28969, -539001, 891 
1719907121808.00, 29001, -538371, 867 
1719907121825.00, 29212, -537742, 845 
1719907121846.00, 29170, -537112, 880 
1719907121868.00, 29184, -536485, 903 
1719907121890.00, 28943, -535857, 895 
1719907121911.00, 29170, -535222, 885 
1719907121933.00, 28874, -534590, 890 
1719907121955.00, 29277, -533958, 885 
1719907121976.00, 28948, -533336, 872 
1719907121998.00, 29047, -532702, 892 
1719907122021.00, 29078, -532068, 892 
1719907122041.00, 29287, -531431, 900 
1719907122062.00, 29222, -530799, 906 
1719907122084.00, 28908, -530175, 925 
1719907122106.00, 29060, -529546, 938 
1719907122128.00, 29086, -528913, 938 
1719907122150.00, 29349, -528281, 933 
1719907122171.00, 28897, -527651, 929 
1719907122193.00, 29073, -527024, 923 
1719907122215.00, 29073, -526402, 913 
1719907122236.00, 29317, -525766, 909 
1719907122257.00, 29104, -525131, 912 
1719907122279.00, 29036, -524498, 907 
1719907122301.00, 29110, -523870, 907 
1719907122323.00, 29120, -523243, 894 
1719907122344.00, 29414, -522612, 887 
1719907122366.00, 28907, -521977, 878 
1719907122387.00, 29106, -521349, 869 
1719907122409.00, 28950, -520718, 872 
1719907122431.00, 29229, -520096, 875 
1719907122453.00, 28953, -519469, 868 
1719907122474.00, 29009, -518834, 856 
1719907122496.00, 29002, -518204, 880 
1719907122517.00, 28935, -517573, 876 
1719907122538.00, 29296, -516948, 861 
1719907122560.00, 28959, -516320, 863 
1719907122582.00, 29114, -515682, 854 
1719907122604.00, 29013, -515052, 828 
1719907122626.00, 29288, -514417, 831 
1719907122647.00, 29044, -513792, 847 
1719907122668.00, 28945, -513168, 838 
1719907122691.00, 29063, -512536, 819 
1719907122712.00, 28975, -511906, 826 
1719907122734.00, 29197, -511276, 818 
1719907122755.00, 28967, -510650, 821 
1719907122777.00, 29106, -510026, 800 
1719907122799.00, 29142, -509391, 790 
1719907122820.00, 29343, -508755, 819 
1719907122842.00, 28993, -508123, 808 
1719907122864.00, 28899, -507496, 776 
1719907122885.00, 29077, -506870, 778 
1719907122906.00, 29035, -506238, 788 
1719907122929.00, 29247, -505608, 764 
1719907122950.00, 28861, -504977, 758 
1719907122972.00, 29130, -504347, 763 
1719907122994.00, 28947, -503728, 754 
1719907123015.00, 29016, -503095, 744 
1719907123037.00, 29021, -502463, 736 
1719907123058.00, 28967, -501836, 718 
1719907123080.00, 29322, -501203, 717 
1719907123102.00, 28850, -500578, 723 
1719907123123.00, 29150, -499949, 709 
1719907123145.00, 28988, -499314, 700 
1719907123167.00, 29219, -498680, 702 
1719907123188.00, 28986, -498047, 702 
1719907123209.00, 29046, -497425, 686 
1719907123232.00, 29014, -496801, 674 
1719907123252.00, 29019, -496165, 656 
1719907123274.00, 29184, -495536, 636 
1719907123297.00, 28989, -494907, 623 
1719907123318.00, 29253, -494281, 619 
1719907123340.00, 28913, -493658, 613 
1719907123361.00, 29110, -493024, 596 
1719907123382.00, 29178, -492389, 576 
1719907123405.00, 29139, -491760, 576 
1719907123426.00, 28962, -491129, 566 
1719907123448.00, 28805, -490505, 550 
1719907123470.00, 29084, -489872, 529 
1719907123491.00, 28912, -489240, 518 
1719907123513.00, 29189, -488613, 501 
1719907123534.00, 28964, -487988, 495 
1719907123561.00, 29181, -487365, 481 
1719907123578.00, 29157, -486733, 467 
1719907123599.00, 29157, -486096, 464 
1719907123621.00, 29071, -485467, 460 
1719907123643.00, 28895, -484837, 452 
1719907123666.00, 29277, -484213, 446 
1719907123686.00, 29026, -483582, 435 
1719907123708.00, 29205, -482943, 421 
1719907123729.00, 28837, -482313, 411 
1719907123751.00, 29082, -481681, 407 
1719907123772.00, 29176, -481059, 396 
1719907123794.00, 29001, -480435, 383 
1719907123815.00, 29064, -479797, 379 
1719907123837.00, 28890, -479169, 370 
1719907123859.00, 29181, -478540, 351 
1719907123880.00, 29055, -477919, 329 
1719907123902.00, 29346, -477291, 314 
1719907123924.00, 28942, -476654, 305 
1719907123945.00, 29159, -476020, 302 
1719907123966.00, 29151, -475389, 295 
1719907123994.00, 29055, -474767, 280 
1719907124011.00, 28924, -474141, 263 
1719907124032.00, 28943, -473499, 246 
1719907124054.00, 29184, -472870, 237 
1719907124075.00, 29048, -472246, 221 
1719907124097.00, 29246, -471620, 216 
1719907124119.00, 28914, -470997, 205 
1719907124140.00, 28991, -470361, 192 
1719907124162.00, 28440, -469728, 177 
1719907124184.00, 26666, -469126, 160 
1719907124205.00, 24527, -468546, 149 
1719907124226.00, 23209, -468012, 137 
1719907124248.00, 21181, -467515, 121 
1719907124270.00, 19241, -467046, 110 
1719907124291.00, 17246, -466627, 96 
1719907124313.00, 15720, -466252, 75 
1719907124335.00, 13048, -465918, 64 
1719907124356.00, 10874, -465631, 51 
1719907124378.00, 8832, -465394, 38 
1719907124399.00, 6913, -465203, 30 
1719907124421.00, 5222, -465054, 21 
1719907124442.00, 3687, -464942, 13 
1719907124464.00, 2289, -464864, 5 
1719907124485.00, 697, -464815, -1 
1719907124506.00, -66, -464798, -6 
1719907124527.00, -74, -464797, -14 
1719907124549.00, -1259, -464802, -22 
1719907124570.00, -2560, -464825, -31 
1719907124592.00, -3799, -464875, -43 
1719907124613.00, -5324, -464954, -56 
1719907124635.00, -6962, -465070, -70 
1719907124659.00, -9040, -465218, -77 
1719907124678.00, -10244, -465401, -87 
1719907124699.00, -11708, -465628, -98 
1719907124721.00, -13311, -465883, -108 
1719907124743.00, -15035, -466171, -117 
1719907124764.00, -16673, -466493, -135 
1719907124786.00, -18394, -466853, -154 
1719907124807.00, -20466, -467257, -174 
1719907124829.00, -23040, -467703, -189 
1719907124851.00, -25661, -468198, -204 
1719907124876.00, -27663, -468744, -220 
1719907124894.00, -29355, -469343, -238 
1719907124916.00, -28804, -469979, -259 
1719907124937.00, -29444, -470620, -279 
1719907124959.00, -29053, -471257, -306 
1719907124981.00, -29306, -471880, -324 
1719907125002.00, -28971, -472507, -291 
1719907125023.00, -29232, -473143, -417 
1719907125046.00, -28982, -473780, -360 
1719907125067.00, -29345, -474415, -393 
1719907125093.00, -28928, -475043, -420 
1719907125111.00, -29294, -475671, -421 
1719907125132.00, -29026, -476309, -442 
1719907125154.00, -29405, -476946, -444 
1719907125176.00, -28980, -477584, -458 
1719907125197.00, -29198, -478209, -467 
1719907125219.00, -29013, -478833, -463 
1719907125240.00, -29075, -479463, -465 
1719907125262.00, -29181, -480099, -459 
1719907125284.00, -28972, -480735, -462 
1719907125309.00, -29236, -481359, -461 
1719907125326.00, -28998, -481985, -453 
1719907125349.00, -29230, -482615, -458 
1719907125370.00, -29053, -483252, -461 
1719907125392.00, -29248, -483892, -465 
1719907125416.00, -28990, -484523, -469 
1719907125435.00, -29320, -485148, -461 
1719907125456.00, -28948, -485776, -462 
1719907125478.00, -29213, -486412, -464 
1719907125499.00, -29062, -487048, -469 
1719907125521.00, -29143, -487678, -475 
1719907125543.00, -29036, -488304, -476 
1719907125565.00, -28980, -488932, -482 
1719907125587.00, -29043, -489567, -504 
1719907125607.00, -29172, -490204, -498 
1719907125634.00, -29204, -490837, -501 
1719907125651.00, -29080, -491464, -501 
1719907125673.00, -29220, -492094, -503 
1719907125695.00, -29072, -492726, -505 
1719907125716.00, -29278, -493363, -510 
1719907125741.00, -29013, -493997, -509 
1719907125760.00, -29303, -494624, -514 
1719907125781.00, -29077, -495248, -515 
1719907125803.00, -29227, -495879, -520 
1719907125824.00, -28882, -496516, -545 
1719907125848.00, -29029, -497152, -559 
1719907125868.00, -29152, -497783, -575 
1719907125890.00, -29173, -498410, -620 
1719907125911.00, -28999, -499042, -658 
1719907125933.00, -29071, -499680, -669 
1719907125954.00, -29192, -500319, -661 
1719907125976.00, -29165, -500950, -673 
1719907125998.00, -29213, -501579, -675 
1719907126019.00, -28889, -502205, -677 
1719907126041.00, -29180, -502843, -677 
1719907126063.00, -28914, -503479, -675 
1719907126085.00, -29401, -504110, -676 
1719907126106.00, -28946, -504733, -669 
1719907126127.00, -29367, -505357, -665 
1719907126149.00, -28935, -505993, -670 
1719907126171.00, -29321, -506628, -668 
1719907126192.00, -28857, -507260, -665 
1719907126214.00, -29293, -507889, -679 
1719907126236.00, -28922, -508518, -687 
1719907126258.00, -29077, -509149, -686 
1719907126278.00, -29235, -509789, -687 
1719907126301.00, -29248, -510423, -692 
1719907126322.00, -29144, -511051, -698 
1719907126344.00, -29070, -511676, -690 
1719907126365.00, -29241, -512304, -696 
1719907126387.00, -29085, -512941, -716 
1719907126409.00, -29291, -513579, -757 
1719907126431.00, -29055, -514206, -765 
1719907126452.00, -29179, -514831, -761 
1719907126474.00, -29143, -515464, -785 
1719907126495.00, -29258, -516104, -803 
1719907126517.00, -29029, -516742, -803 
1719907126539.00, -29077, -517369, -800 
1719907126559.00, -28982, -518000, -810 
1719907126582.00, -29209, -518627, -817 
1719907126603.00, -29061, -519262, -816 
1719907126625.00, -29073, -519897, -810 
1719907126647.00, -29142, -520525, -798 
1719907126668.00, -29194, -521151, -813 
1719907126690.00, -29325, -521779, -814 
1719907126712.00, -29102, -522415, -823 
1719907126734.00, -29215, -523051, -843 
1719907126755.00, -28972, -523683, -856 
1719907126777.00, -29294, -524311, -842 
1719907126798.00, -29048, -524937, -833 
1719907126820.00, -29243, -525570, -843 
1719907126842.00, -29004, -526209, -846 
1719907126863.00, -29404, -526840, -838 
1719907126884.00, -28982, -527467, -840 
1719907126906.00, -29180, -528094, -835 
1719907126928.00, -28952, -528726, -848 
1719907126949.00, -29025, -529360, -857 
1719907126971.00, -29140, -529993, -844 
1719907126993.00, -29030, -530619, -823 
1719907127015.00, -29181, -531244, -826 
1719907127036.00, -28855, -531873, -822 
1719907127059.00, -29434, -532511, -816 
1719907127080.00, -29031, -533149, -830 
1719907127101.00, -29276, -533778, -837 
1719907127123.00, -28817, -534405, -824 
1719907127145.00, -29216, -535035, -808 
1719907127167.00, -29091, -535671, -825 
1719907127187.00, -29305, -536309, -857 
1719907127209.00, -28867, -536938, -856 
1719907127231.00, -29055, -537562, -854 
1719907127253.00, -29189, -538191, -882 
1719907127275.00, -29179, -538827, -891 
1719907127296.00, -29122, -539464, -932 
1719907127318.00, -28947, -540094, -974 
1719907127339.00, -28936, -540724, -962 
1719907127361.00, -29048, -541349, -956 
1719907127385.00, -29200, -541982, -965 
1719907127404.00, -28853, -542619, -983 
1719907127426.00, -28893, -543250, -960 
1719907127448.00, -29194, -543869, -906 
1719907127469.00, -29120, -544490, -891 
1719907127491.00, -29192, -545117, -880 
1719907127512.00, -28881, -545755, -866 
1719907127534.00, -29083, -546388, -869 
1719907127556.00, -29071, -547013, -861 
1719907127577.00, -29057, -547637, -857 
1719907127603.00, -28963, -548269, -876 
1719907127620.00, -29065, -548906, -888 
1719907127642.00, -29269, -549543, -901 
1719907127664.00, -29167, -550173, -936 
1719907127686.00, -29241, -550801, -973 
1719907127707.00, -28994, -551428, -971 
1719907127728.00, -29110, -552065, -967 
1719907127750.00, -29195, -552701, -966 
1719907127772.00, -29154, -553329, -974 
1719907127794.00, -28920, -553956, -982 
1719907127815.00, -29055, -554585, -1005 
1719907127837.00, -29010, -555219, -1015 
1719907127858.00, -29182, -555858, -1007 
1719907127881.00, -28976, -556486, -981 
1719907127902.00, -29071, -557111, -951 
1719907127924.00, -28991, -557736, -956 
1719907127945.00, -29247, -558369, -971 
1719907127967.00, -29280, -559006, -980 
1719907127989.00, -28944, -559638, -982 
1719907128010.00, -29153, -560262, -971 
1719907128032.00, -28982, -560889, -977 
1719907128053.00, -29295, -561522, -989 
1719907128075.00, -29051, -562156, -989 
1719907128097.00, -29182, -562791, -1032 
1719907128119.00, -28919, -563418, -1064 
1719907128140.00, -29420, -564049, -1068 
1719907128164.00, -28941, -564680, -1096 
1719907128184.00, -29150, -565325, -1152 
1719907128205.00, -28878, -565959, -1136 
1719907128227.00, -29222, -566589, -1117 
1719907128249.00, -28867, -567217, -1139 
1719907128271.00, -29108, -567852, -1155 
1719907128292.00, -29007, -568486, -1169 
1719907128314.00, -29198, -569127, -1178 
1719907128336.00, -29218, -569753, -1154 
1719907128357.00, -29231, -570378, -1123 
1719907128379.00, -29005, -571007, -1167 
1719907128401.00, -29248, -571645, -1190 
1719907128423.00, -28901, -572283, -1173 
1719907128444.00, -29096, -572914, -1150 
1719907128466.00, -28932, -573542, -1142 
1719907128488.00, -29051, -574171, -1119 
1719907128510.00, -29043, -574806, -1101 
1719907128531.00, -29369, -575447, -1149 
1719907128553.00, -29028, -576078, -1153 
1719907128575.00, -29100, -576704, -1155 
1719907128597.00, -28956, -577334, -1158 
1719907128618.00, -29092, -577969, -1164 
1719907128640.00, -29200, -578604, -1172 
1719907128662.00, -29063, -579238, -1155 
1719907128683.00, -28881, -579860, -1115 
1719907128705.00, -29033, -580493, -1118 
1719907128727.00, -29096, -581126, -1124 
1719907128749.00, -29156, -581765, -1123 
1719907128770.00, -29054, -582401, -1113 
1719907128792.00, -29092, -583028, -1103 
1719907128814.00, -28941, -583655, -1095 
1719907128835.00, -29233, -584287, -1064 
1719907128857.00, -29129, -584923, -1034 
1719907128879.00, -29052, -585557, -1023 
1719907128900.00, -29133, -586184, -1016 
1719907128922.00, -28981, -586814, -1022 
1719907128944.00, -29088, -587448, -984 
1719907128965.00, -29074, -588076, -983 
1719907128987.00, -29063, -588712, -983 
1719907129009.00, -28856, -589334, -938 
1719907129030.00, -29237, -589958, -887 
1719907129052.00, -28843, -590580, -847 
1719907129074.00, -28958, -591211, -815 
1719907129095.00, -29111, -591841, -781 
1719907129117.00, -29221, -592469, -757 
1719907129138.00, -29148, -593100, -767 
1719907129160.00, -16887, -593720, -739 
1719907129181.00, -9181, -594097, -714 
1719907129203.00, -4652, -594305, -685 
1719907129227.00, -2038, -594411, -654 
1719907129248.00, -397, -594458, -641 
1719907129267.00, -5, -594469, -621 
1719907129290.00, 59, -594469, -621 
1719907129311.00, 370, -594469, -610 
1719907129332.00, 755, -594467, -615 
1719907129359.00, 1048, -594452, -607 
1719907129376.00, 1176, -594431, -586 
1719907129397.00, 1455, -594406, -577 
1719907129418.00, 1606, -594374, -545 
1719907129440.00, 1829, -594336, -477 
1719907129465.00, 1985, -594290, -347 
1719907129483.00, 1907, -594238, -183 
1719907129505.00, 1875, -594188, -74 
1719907129527.00, 1771, -594144, 16 
1719907129548.00, 2682, -594090, 130 
1719907129570.00, 9884, -594018, 262 
1719907129591.00, 19148, -593804, 332 
1719907129613.00, 24178, -593403, 392 
1719907129635.00, 27539, -592883, 379 
1719907129656.00, 29310, -592281, 629 
1719907129682.00, 29151, -591652, 583 
1719907129700.00, 29187, -591010, 659 
1719907129721.00, 29219, -590371, 716 
1719907129743.00, 29454, -589735, 784 
1719907129764.00, 29106, -589096, 939 
1719907129787.00, 29069, -588464, 964 
1719907129808.00, 29244, -587829, 1010 
1719907129830.00, 28908, -587189, 1073 
1719907129851.00, 29362, -586549, 1111 
1719907129873.00, 29027, -585918, 1135 
1719907129897.00, 29205, -585282, 1192 
1719907129916.00, 29071, -584645, 1245 
1719907129938.00, 29526, -584001, 1301 
1719907129959.00, 29076, -583366, 1350 
1719907129982.00, 29100, -582730, 1379 
1719907130004.00, 28907, -582103, 1333 
1719907130025.00, 29191, -581467, 1326 
1719907130047.00, 29208, -580825, 1437 
1719907130068.00, 29118, -580184, 1492 
1719907130090.00, 29032, -579553, 1465 
1719907130112.00, 29177, -578918, 1519 
1719907130133.00, 29188, -578284, 1548 
1719907130156.00, 29117, -577647, 1587 
1719907130177.00, 29222, -577015, 1607 
1719907130199.00, 29059, -576382, 1588 
1719907130222.00, 29153, -575751, 1623 
1719907130242.00, 29003, -575121, 1599 
1719907130264.00, 29321, -574488, 1586 
1719907130286.00, 28955, -573846, 1638 
1719907130307.00, 29231, -573212, 1616 
1719907130329.00, 28976, -572580, 1661 
1719907130351.00, 29179, -571944, 1679 
1719907130372.00, 29295, -571313, 1670 
1719907130394.00, 29260, -570677, 1693 
1719907130415.00, 28851, -570043, 1724 
1719907130438.00, 28987, -569413, 1726 
1719907130459.00, 29187, -568789, 1683 
1719907130481.00, 29200, -568155, 1720 
1719907130503.00, 29037, -567524, 1675 
1719907130525.00, 29257, -566886, 1659 
1719907130546.00, 28972, -566251, 1728 
1719907130568.00, 29194, -565626, 1667 
1719907130590.00, 29136, -564993, 1625 
1719907130611.00, 29095, -564357, 1652 
1719907130633.00, 29029, -563721, 1616 
1719907130655.00, 29145, -563089, 1660 
1719907130677.00, 29131, -562464, 1617 
1719907130698.00, 29196, -561833, 1576 
1719907130720.00, 29045, -561193, 1642 
1719907130742.00, 29094, -560561, 1603 
1719907130764.00, 29053, -559932, 1580 
1719907130789.00, 28889, -559304, 1603 
1719907130807.00, 29111, -558677, 1536 
1719907130828.00, 28982, -558041, 1558 
1719907130850.00, 29198, -557407, 1517 
1719907130872.00, 28945, -556776, 1494 
1719907130894.00, 29033, -556147, 1536 
1719907130915.00, 29113, -555520, 1479 
1719907130937.00, 29249, -554885, 1510 
1719907130958.00, 28973, -554246, 1518 
1719907130981.00, 29159, -553615, 1467 
1719907131003.00, 28889, -552986, 1511 
1719907131024.00, 29129, -552356, 1513 
1719907131046.00, 29088, -551723, 1480 
1719907131068.00, 29266, -551084, 1551 
1719907131089.00, 28848, -550451, 1536 
1719907131111.00, 29091, -549822, 1486 
1719907131133.00, 28837, -549193, 1520 
1719907131155.00, 29313, -548556, 1503 
1719907131176.00, 28878, -547921, 1505 
1719907131198.00, 29237, -547287, 1477 
1719907131219.00, 28900, -546656, 1502 
1719907131241.00, 29184, -546029, 1499 
1719907131263.00, 29149, -545400, 1425 
1719907131285.00, 29295, -544765, 1426 
1719907131306.00, 28892, -544128, 1444 
1719907131328.00, 29245, -543498, 1427 
1719907131350.00, 29047, -542876, 1433 
1719907131372.00, 29228, -542241, 1403 
1719907131393.00, 28942, -541605, 1372 
1719907131415.00, 29162, -540965, 1415 
1719907131437.00, 29099, -540336, 1392 
1719907131459.00, 29406, -539711, 1370 
1719907131481.00, 28812, -539072, 1393 
1719907131502.00, 29039, -538439, 1358 
1719907131524.00, 28925, -537808, 1355 
1719907131550.00, 29228, -537176, 1347 
1719907131567.00, 29074, -536554, 1322 
1719907131588.00, 29138, -535921, 1365 
1719907131611.00, 29094, -535286, 1312 
1719907131633.00, 29269, -534647, 1355 
1719907131654.00, 29042, -534012, 1328 
1719907131676.00, 29045, -533383, 1346 
1719907131698.00, 28834, -532751, 1359 
1719907131719.00, 29061, -532116, 1310 
1719907131741.00, 29088, -531478, 1337 
1719907131763.00, 29218, -530843, 1351 
1719907131785.00, 28905, -530214, 1352 
1719907131806.00, 29039, -529586, 1349 
1719907131828.00, 29246, -528956, 1298 
1719907131850.00, 29215, -528321, 1318 
1719907131872.00, 29032, -527684, 1306 
1719907131893.00, 29292, -527055, 1321 
1719907131914.00, 28872, -526429, 1316 
1719907131936.00, 29117, -525793, 1299 
1719907131958.00, 29091, -525160, 1277 
1719907131982.00, 29197, -524522, 1292 
1719907132002.00, 29043, -523888, 1311 
1719907132024.00, 29289, -523263, 1299 
1719907132045.00, 29031, -522625, 1326 
1719907132067.00, 29097, -521991, 1310 
1719907132089.00, 28968, -521358, 1303 
1719907132110.00, 29098, -520725, 1286 
1719907132132.00, 29110, -520102, 1289 
1719907132154.00, 29392, -519469, 1303 
1719907132176.00, 28889, -518828, 1336 
1719907132201.00, 29079, -518193, 1330 
1719907132219.00, 28997, -517561, 1344 
1719907132241.00, 29274, -516934, 1334 
1719907132263.00, 28975, -516305, 1300 
1719907132285.00, 29054, -515665, 1282 
1719907132308.00, 28853, -515031, 1242 
1719907132328.00, 29172, -514395, 1247 
1719907132349.00, 29058, -513776, 1232 
1719907132371.00, 29075, -513148, 1191 
1719907132393.00, 28940, -512512, 1186 
1719907132418.00, 29037, -511880, 1183 
1719907132436.00, 29116, -511248, 1162 
1719907132457.00, 29209, -510619, 1148 
1719907132480.00, 28937, -509989, 1175 
1719907132502.00, 29019, -509352, 1156 
1719907132529.00, 29049, -508717, 1137 
1719907132545.00, 29043, -508085, 1144 
1719907132567.00, 28844, -507455, 1110 
1719907132588.00, 28914, -506830, 1070 
1719907132610.00, 28939, -506197, 1088 
1719907132635.00, 28895, -505560, 1081 
1719907132654.00, 29208, -504936, 1023 
1719907132675.00, 28952, -504306, 1051 
1719907132697.00, 29060, -503680, 1029 
1719907132719.00, 29137, -503047, 1033 
1719907132741.00, 29285, -502410, 1015 
1719907132762.00, 28991, -501777, 1016 
1719907132784.00, 29240, -501139, 1053 
1719907132806.00, 28946, -500512, 1047 
1719907132827.00, 29220, -499876, 1062 
1719907132849.00, 29025, -499235, 1072 
1719907132871.00, 29034, -498600, 1077 
1719907132893.00, 28967, -497966, 1090 
1719907132914.00, 29312, -497341, 1086 
1719907132935.00, 28962, -496710, 1088 
1719907132962.00, 29158, -496073, 1068 
1719907132979.00, 29009, -495441, 1084 
1719907133001.00, 29081, -494806, 1086 
1719907133023.00, 29051, -494178, 1098 
1719907133045.00, 29094, -493550, 1090 
1719907133068.00, 28935, -492913, 1069 
1719907133088.00, 29128, -492277, 1063 
1719907133110.00, 29013, -491645, 1049 
1719907133132.00, 29299, -491013, 1007 
1719907133153.00, 28952, -490385, 1020 
1719907133175.00, 29133, -489752, 979 
1719907133197.00, 28830, -489119, 962 
1719907133218.00, 29181, -488491, 945 
1719907133240.00, 29110, -487865, 922 
1719907133262.00, 28968, -487245, 888 
1719907133283.00, 29074, -486614, 865 
1719907133305.00, 28968, -485979, 864 
1719907133327.00, 29224, -485350, 854 
1719907133347.00, 29067, -484720, 837 
1719907133370.00, 29155, -484093, 861 
1719907133392.00, 29042, -483458, 858 
1719907133412.00, 29295, -482821, 862 
1719907133434.00, 28914, -482187, 875 
1719907133456.00, 28967, -481558, 844 
1719907133478.00, 29009, -480935, 859 
1719907133500.00, 29049, -480313, 824 
1719907133521.00, 29259, -479677, 810 
1719907133543.00, 28807, -479046, 817 
1719907133565.00, 29113, -478417, 803 
1719907133586.00, 28929, -477795, 796 
1719907133608.00, 29250, -477165, 792 
1719907133629.00, 28973, -476533, 781 
1719907133651.00, 28994, -475902, 759 
1719907133673.00, 29258, -475272, 735 
1719907133694.00, 28944, -474643, 723 
1719907133716.00, 29164, -474017, 724 
1719907133738.00, 28945, -473388, 696 
1719907133759.00, 29191, -472756, 653 
1719907133781.00, 29007, -472130, 625 
1719907133802.00, 29016, -471505, 613 
1719907133824.00, 28916, -470884, 556 
1719907133846.00, 28947, -470254, 503 
1719907133867.00, 29286, -469619, 498 
1719907133889.00, 28951, -468993, 463 
1719907133911.00, 29189, -468367, 427 
1719907133932.00, 28912, -467745, 395 
1719907133954.00, 28963, -467116, 353 
1719907133975.00, 29305, -466479, 322 
1719907133997.00, 28956, -465851, 288 
1719907134019.00, 29177, -465226, 259 
1719907134041.00, 28805, -464610, 231 
1719907134062.00, 29184, -463976, 203 
1719907134084.00, 28805, -463343, 178 
1719907134105.00, 27267, -462722, 147 
1719907134127.00, 24320, -462137, 128 
1719907134148.00, 21527, -461620, 97 
1719907134170.00, 17733, -461161, 69 
1719907134192.00, 14111, -460772, 56 
1719907134213.00, 11281, -460465, 30 
1719907134235.00, 7694, -460219, 8 
1719907134256.00, 3703, -460051, -9 
1719907134277.00, 1484, -459964, -23 
1719907134298.00, -622, -459930, -46 
1719907134320.00, -3644, -459940, -64 
1719907134341.00, -6781, -460010, -76 
1719907134363.00, -9191, -460148, -84 
1719907134386.00, -11085, -460346, -99 
1719907134407.00, -13195, -460587, -110 
1719907134428.00, -14974, -460874, -125 
1719907134450.00, -16771, -461195, -137 
1719907134471.00, -18602, -461561, -162 
1719907134497.00, -21297, -461958, -177 
1719907134515.00, -23844, -462414, -184 
1719907134536.00, -25813, -462927, -193 
1719907134558.00, -27313, -463483, -203 
1719907134580.00, -29023, -464082, -205 
1719907134603.00, -28854, -464705, -214 
1719907134623.00, -29251, -465326, -225 
1719907134645.00, -29026, -465961, -234 
1719907134666.00, -29444, -466595, -251 
1719907134688.00, -29116, -467237, -269 
1719907134710.00, -29235, -467874, -295 
1719907134731.00, -29053, -468501, -317 
1719907134753.00, -29052, -469134, -331 
1719907134774.00, -29212, -469763, -336 
1719907134796.00, -29057, -470407, -374 
1719907134817.00, -29266, -471047, -420 
1719907134839.00, -29111, -471669, -399 
1719907134861.00, -29188, -472295, -411 
1719907134883.00, -29044, -472926, -439 
1719907134904.00, -29305, -473560, -439 
1719907134931.00, -29015, -474200, -462 
1719907134947.00, -29200, -474826, -482 
1719907134969.00, -29013, -475455, -512 
1719907134991.00, -29121, -476090, -518 
1719907135012.00, -29092, -476724, -526 
1719907135036.00, -29151, -477363, -524 
1719907135055.00, -29062, -477990, -527 
1719907135076.00, -29070, -478613, -530 
1719907135099.00, -29207, -479244, -535 
1719907135121.00, -29023, -479873, -527 
1719907135142.00, -29214, -480508, -514 
1719907135164.00, -28927, -481135, -512 
1719907135185.00, -29118, -481756, -497 
1719907135206.00, -28968, -482386, -479 
1719907135228.00, -29172, -483018, -471 
1719907135250.00, -29120, -483657, -477 
1719907135272.00, -29160, -484292, -502 
1719907135293.00, -29046, -484921, -522 
1719907135315.00, -29093, -485551, -530 
1719907135336.00, -29081, -486183, -564 
1719907135359.00, -29096, -486817, -546 
1719907135380.00, -29143, -487454, -608 
1719907135401.00, -29145, -488080, -621 
1719907135423.00, -29282, -488707, -613 
1719907135444.00, -29221, -489338, -634 
1719907135467.00, -29307, -489977, -679 
1719907135488.00, -28928, -490617, -712 
1719907135510.00, -29234, -491246, -707 
1719907135532.00, -29000, -491870, -711 
1719907135553.00, -29038, -492500, -725 
1719907135575.00, -29048, -493136, -740 
1719907135597.00, -29016, -493774, -733 
1719907135618.00, -29274, -494399, -737 
1719907135640.00, -28964, -495021, -742 
1719907135661.00, -29248, -495650, -754 
1719907135683.00, -29036, -496282, -771 
1719907135704.00, -29323, -496922, -784 
1719907135726.00, -28855, -497551, -789 
1719907135748.00, -29082, -498175, -792 
1719907135770.00, -28855, -498797, -798 
1719907135791.00, -28977, -499433, -806 
1719907135813.00, -29069, -500073, -830 
1719907135835.00, -29092, -500706, -864 
1719907135856.00, -29112, -501335, -906 
1719907135877.00, -29081, -501967, -938 
1719907135900.00, -29278, -502596, -948 
1719907135921.00, -29014, -503236, -958 
1719907135943.00, -29214, -503870, -970 
1719907135965.00, -28948, -504494, -982 
1719907135986.00, -29105, -505121, -988 
1719907136008.00, -29257, -505746, -985 
1719907136030.00, -29171, -506384, -992 
1719907136051.00, -29066, -507020, -1002 
1719907136073.00, -29072, -507651, -1012 
1719907136094.00, -29011, -508280, -1014 
1719907136116.00, -29033, -508914, -1034 
1719907136138.00, -29048, -509553, -1036 
1719907136160.00, -29117, -510193, -1051 
1719907136181.00, -28956, -510821, -1052 
1719907136204.00, -29173, -511451, -1073 
1719907136225.00, -29085, -512079, -1073 
1719907136247.00, -29196, -512711, -1054 
1719907136268.00, -28903, -513351, -1052 
1719907136289.00, -29155, -513981, -1042 
1719907136312.00, -29079, -514608, -1045 
1719907136334.00, -29027, -515238, -1040 
1719907136355.00, -28956, -515875, -1052 
1719907136377.00, -29189, -516520, -1075 
1719907136399.00, -29129, -517153, -1077 
1719907136420.00, -29144, -517782, -1081 
1719907136442.00, -29029, -518410, -1073 
1719907136464.00, -29139, -519046, -1079 
1719907136486.00, -28905, -519684, -1065 
1719907136508.00, -29326, -520315, -1041 
1719907136529.00, -28913, -520941, -1055 
1719907136551.00, -29053, -521569, -1062 
1719907136574.00, -29015, -522198, -1040 
1719907136595.00, -29173, -522840, -1048 
1719907136616.00, -28988, -523477, -1044 
1719907136638.00, -29143, -524105, -1066 
1719907136660.00, -28898, -524735, -1078 
1719907136685.00, -29118, -525369, -1119 
1719907136703.00, -28941, -526011, -1135 
1719907136725.00, -29173, -526648, -1140 
1719907136746.00, -28859, -527276, -1146 
1719907136768.00, -29047, -527903, -1139 
1719907136790.00, -29026, -528533, -1146 
1719907136811.00, -29122, -529170, -1175 
1719907136833.00, -28925, -529807, -1180 
1719907136855.00, -28946, -530435, -1155 
1719907136877.00, -28857, -531060, -1121 
1719907136902.00, -29049, -531689, -1126 
1719907136920.00, -29146, -532322, -1151 
1719907136942.00, -29135, -532964, -1154 
1719907136964.00, -29035, -533599, -1177 
1719907136985.00, -29069, -534232, -1208 
1719907137011.00, -29207, -534862, -1224 
1719907137029.00, -29174, -535495, -1193 
1719907137051.00, -29054, -536138, -1201 
1719907137072.00, -29076, -536771, -1201 
1719907137094.00, -29342, -537397, -1196 
1719907137120.00, -29248, -538027, -1208 
1719907137137.00, -28918, -538658, -1202 
1719907137159.00, -28914, -539295, -1183 
1719907137181.00, -28996, -539928, -1178 
1719907137202.00, -29241, -540556, -1178 
1719907137224.00, -29245, -541186, -1195 
1719907137245.00, -29096, -541817, -1174 
1719907137268.00, -29042, -542460, -1170 
1719907137289.00, -29140, -543095, -1173 
1719907137311.00, -29070, -543724, -1168 
1719907137337.00, -28997, -544353, -1165 
1719907137355.00, -29030, -544984, -1184 
1719907137377.00, -28936, -545621, -1205 
1719907137398.00, -29293, -546256, -1177 
1719907137420.00, -29063, -546883, -1146 
1719907137442.00, -28908, -547514, -1180 
1719907137464.00, -28997, -548148, -1175 
1719907137485.00, -29231, -548784, -1172 
1719907137507.00, -29017, -549422, -1206 
1719907137528.00, -29072, -550055, -1215 
1719907137550.00, -29083, -550682, -1227 
1719907137572.00, -29043, -551312, -1216 
1719907137594.00, -29199, -551952, -1219 
1719907137615.00, -29214, -552589, -1235 
1719907137636.00, -29091, -553223, -1266 
1719907137658.00, -29023, -553849, -1281 
1719907137681.00, -28964, -554482, -1287 
1719907137702.00, -29092, -555117, -1277 
1719907137724.00, -29098, -555751, -1244 
1719907137745.00, -28987, -556381, -1202 
1719907137767.00, -29058, -557011, -1228 
1719907137788.00, -29195, -557641, -1249 
1719907137811.00, -29180, -558273, -1232 
1719907137832.00, -29093, -558914, -1264 
1719907137854.00, -29045, -559550, -1288 
1719907137876.00, -28910, -560181, -1280 
1719907137898.00, -29277, -560809, -1260 
1719907137919.00, -29043, -561441, -1288 
1719907137941.00, -29019, -562080, -1297 
1719907137963.00, -29063, -562713, -1265 
1719907137984.00, -29226, -563342, -1274 
1719907138006.00, -28968, -563969, -1280 
1719907138028.00, -29048, -564598, -1241 
1719907138049.00, -28999, -565239, -1256 
1719907138071.00, -29117, -565877, -1233 
1719907138093.00, -29158, -566505, -1208 
1719907138115.00, -28941, -567130, -1156 
1719907138137.00, -28911, -567760, -1107 
1719907138159.00, -28927, -568389, -1053 
1719907138180.00, -29185, -569026, -1004 
1719907138202.00, -28885, -569650, -959 
1719907138224.00, -28956, -570269, -919 
1719907138245.00, -28920, -570891, -894 
1719907138266.00, -28897, -571522, -884 
1719907138288.00, -29322, -572154, -885 
1719907138310.00, -28909, -572785, -891 
1719907138332.00, -29115, -573411, -874 
1719907138353.00, -28996, -574038, -858 
1719907138375.00, -29318, -574671, -861 
1719907138397.00, -28879, -575307, -863 
1719907138418.00, -29050, -575937, -855 
1719907138439.00, -28845, -576557, -850 
1719907138461.00, -28885, -577182, -841 
1719907138483.00, -29209, -577812, -840 
1719907138505.00, -29083, -578445, -839 
1719907138526.00, -29170, -579074, -820 
1719907138548.00, -29128, -579701, -806 
1719907138570.00, -29219, -580327, -797 
1719907138591.00, -28974, -580957, -764 
1719907138612.00, -28997, -581592, -722 
1719907138634.00, -29037, -582219, -687 
1719907138656.00, -28873, -582843, -651 
1719907138678.00, -29235, -583470, -614 
1719907138699.00, -28861, -584091, -580 
1719907138721.00, -29066, -584723, -543 
1719907138743.00, -29022, -585351, -504 
1719907138770.00, -29020, -585975, -466 
1719907138785.00, -28976, -586595, -419 
1719907138808.00, -28816, -587221, -380 
1719907138828.00, -28976, -587857, -371 
1719907138851.00, -28986, -588482, -341 
1719907138873.00, -29070, -589107, -331 
1719907138894.00, -29047, -589732, -322 
1719907138916.00, -29165, -590363, -337 
1719907138937.00, -29163, -591001, -386 
1719907138959.00, -29086, -591634, -357 
1719907138981.00, -29265, -592267, -386 
1719907139002.00, -28934, -592898, -406 
1719907139024.00, -16437, -593526, -410 
1719907139046.00, -9258, -593907, -454 
1719907139068.00, -4799, -594113, -479 
1719907139091.00, -2127, -594227, -525 
1719907139110.00, -496, -594277, -549 
1719907139132.00, 1, -594291, -548 
1719907139153.00, 62, -594293, -566 
1719907139174.00, 0, -594291, -547 
1719907139200.00, 1, -594292, -526 
1719907139217.00, -4, -594291, -493 
1719907139237.00, 0, -594289, -448 
1719907139259.00, 12, -594285, -385 
1719907139281.00, 99, -594281, -314 
1719907139302.00, 230, -594275, -227 
1719907139324.00, 342, -594264, -128 
1719907139346.00, 364, -594249, -12 
1719907139367.00, 488, -594234, 92 
1719907139388.00, 5921, -594206, 212 
1719907139410.00, 16061, -594075, 296 
1719907139432.00, 21764, -593731, 369 
1719907139453.00, 25680, -593259, 383 
1719907139475.00, 27683, -592697, 599 
1719907139497.00, 28880, -592103, 556 
1719907139518.00, 29235, -591467, 653 
1719907139540.00, 29044, -590830, 698 
1719907139562.00, 29248, -590192, 758 
1719907139583.00, 29139, -589555, 829 
1719907139605.00, 29158, -588919, 962 
1719907139627.00, 29036, -588287, 977 
1719907139648.00, 29216, -587652, 996 
1719907139670.00, 29038, -587018, 1017 
1719907139692.00, 29148, -586380, 1053 
1719907139713.00, 29157, -585750, 1064 
1719907139735.00, 29348, -585117, 1071 
1719907139757.00, 29037, -584481, 1103 
1719907139779.00, 29022, -583847, 1121 
1719907139800.00, 29325, -583208, 1136 
1719907139821.00, 29172, -582579, 1124 
1719907139844.00, 29111, -581946, 1153 
1719907139866.00, 29048, -581307, 1169 
1719907139886.00, 29225, -580668, 1172 
1719907139909.00, 29294, -580033, 1176 
1719907139930.00, 29235, -579400, 1218 
1719907139952.00, 28889, -578766, 1244 
1719907139974.00, 29297, -578134, 1235 
1719907139995.00, 29121, -577496, 1264 
1719907140017.00, 29314, -576862, 1257 
1719907140039.00, 28872, -576235, 1249 
1719907140060.00, 29063, -575606, 1251 
1719907140082.00, 28866, -574971, 1273 
1719907140104.00, 29332, -574339, 1243 
1719907140126.00, 28998, -573703, 1272 
1719907140148.00, 29098, -573068, 1286 
1719907140170.00, 28969, -572440, 1256 
1719907140191.00, 29246, -571801, 1287 
1719907140213.00, 28913, -571168, 1298 
1719907140235.00, 29257, -570538, 1273 
1719907140256.00, 28940, -569905, 1304 
1719907140278.00, 29127, -569275, 1330 
1719907140300.00, 29029, -568644, 1337 
1719907140321.00, 29369, -568010, 1345 
1719907140344.00, 28987, -567375, 1348 
1719907140365.00, 29299, -566735, 1381 
1719907140386.00, 28859, -566105, 1386 
1719907140409.00, 29281, -565475, 1363 
1719907140430.00, 29231, -564838, 1402 
1719907140451.00, 29256, -564201, 1436 
1719907140473.00, 28877, -563564, 1411 
1719907140495.00, 29176, -562937, 1399 
1719907140517.00, 29086, -562307, 1439 
1719907140539.00, 29199, -561672, 1461 
1719907140560.00, 28982, -561041, 1431 
1719907140582.00, 29184, -560401, 1445 
1719907140604.00, 29124, -559776, 1442 
1719907140626.00, 29254, -559149, 1444 
1719907140648.00, 28830, -558514, 1387 
1719907140669.00, 29064, -557881, 1381 
1719907140691.00, 28878, -557245, 1415 
1719907140713.00, 29224, -556613, 1408 
1719907140739.00, 29037, -555988, 1409 
1719907140756.00, 29236, -555350, 1434 
1719907140778.00, 29016, -554715, 1476 
1719907140800.00, 29181, -554082, 1475 
1719907140821.00, 29019, -553447, 1507 
1719907140843.00, 29006, -552819, 1517 
1719907140865.00, 28993, -552187, 1496 
1719907140886.00, 29094, -551551, 1511 
1719907140909.00, 29155, -550918, 1494 
1719907140930.00, 29267, -550286, 1503 
1719907140952.00, 28936, -549658, 1506 
1719907140974.00, 29124, -549025, 1476 
1719907140995.00, 29024, -548389, 1490 
1719907141017.00, 29212, -547755, 1435 
1719907141039.00, 29048, -547118, 1477 
1719907141060.00, 29155, -546490, 1433 
1719907141082.00, 28955, -545863, 1435 
1719907141104.00, 29107, -545228, 1420 
1719907141125.00, 29087, -544598, 1380 
1719907141147.00, 29014, -543967, 1375 
1719907141171.00, 28973, -543337, 1343 
1719907141191.00, 28993, -542710, 1331 
1719907141212.00, 29217, -542076, 1331 
1719907141234.00, 28970, -541437, 1335 
1719907141256.00, 29029, -540806, 1304 
1719907141277.00, 29019, -540177, 1256 
1719907141299.00, 29178, -539547, 1290 
1719907141321.00, 29171, -538917, 1242 
1719907141343.00, 29089, -538284, 1209 
1719907141364.00, 29002, -537644, 1264 
1719907141391.00, 29209, -537018, 1238 
1719907141407.00, 29168, -536391, 1247 
1719907141429.00, 28971, -535754, 1270 
1719907141451.00, 28977, -535117, 1260 
1719907141472.00, 29032, -534483, 1234 
1719907141495.00, 29126, -533854, 1221 
1719907141516.00, 29203, -533227, 1201 
1719907141538.00, 28924, -532595, 1162 
1719907141560.00, 28905, -531954, 1177 
1719907141582.00, 28844, -531323, 1129 
1719907141607.00, 29124, -530695, 1078 
1719907141624.00, 28861, -530076, 1058 
1719907141647.00, 28940, -529450, 984 
1719907141668.00, 28852, -528822, 949 
1719907141690.00, 29138, -528190, 931 
1719907141713.00, 29197, -527568, 876 
1719907141733.00, 28814, -526944, 885 
1719907141755.00, 29030, -526316, 880 
1719907141777.00, 29066, -525685, 870 
1719907141798.00, 29260, -525051, 867 
1719907141826.00, 28964, -524421, 852 
1719907141842.00, 29050, -523795, 827 
1719907141863.00, 28895, -523170, 830 
1719907141885.00, 28911, -522539, 807 
1719907141906.00, 29144, -521907, 793 
1719907141929.00, 28863, -521277, 800 
1719907141950.00, 29205, -520650, 795 
1719907141971.00, 28980, -520027, 807 
1719907141993.00, 29114, -519400, 774 
1719907142014.00, 29060, -518766, 756 
1719907142038.00, 29068, -518134, 747 
1719907142058.00, 29179, -517508, 713 
1719907142080.00, 28829, -516883, 699 
1719907142101.00, 29147, -516253, 665 
1719907142123.00, 29014, -515618, 651 
1719907142144.00, 29143, -514983, 652 
1719907142166.00, 29077, -514353, 625 
1719907142187.00, 29171, -513734, 598 
1719907142209.00, 29105, -513108, 576 
1719907142231.00, 29090, -512473, 561 
1719907142254.00, 29250, -511841, 533 
1719907142274.00, 28953, -511214, 508 
1719907142296.00, 29150, -510594, 483 
1719907142318.00, 28771, -509970, 464 
1719907142339.00, 29169, -509332, 441 
1719907142361.00, 28915, -508701, 417 
1719907142382.00, 28942, -508072, 406 
1719907142404.00, 29077, -507449, 398 
1719907142426.00, 28976, -506823, 391 
1719907142447.00, 29177, -506186, 380 
1719907142469.00, 28989, -505552, 373 
1719907142491.00, 29054, -504927, 356 
1719907142512.00, 28830, -504306, 336 
1719907142533.00, 29061, -503681, 315 
1719907142555.00, 29155, -503050, 295 
1719907142577.00, 28818, -502415, 277 
1719907142599.00, 29008, -501787, 250 
1719907142621.00, 28922, -501165, 233 
1719907142642.00, 29233, -500541, 211 
1719907142664.00, 29000, -499909, 195 
1719907142685.00, 28071, -499272, 178 
1719907142707.00, 26739, -498656, 160 
1719907142729.00, 24733, -498079, 144 
1719907142750.00, 22532, -497554, 125 
1719907142772.00, 20250, -497068, 114 
1719907142794.00, 18107, -496621, 105 
1719907142815.00, 16605, -496219, 107 
1719907142836.00, 15528, -495857, 105 
1719907142859.00, 14752, -495520, 105 
1719907142880.00, 14615, -495195, 103 
1719907142901.00, 14600, -494878, 114 
1719907142923.00, 14983, -494574, 118 
1719907142945.00, 15472, -494254, 125 
1719907142967.00, 15929, -493922, 132 
1719907142988.00, 16886, -493572, 139 
1719907143010.00, 17693, -493200, 149 
1719907143032.00, 18878, -492811, 163 
1719907143053.00, 20382, -492397, 181 
1719907143075.00, 22245, -491954, 192 
1719907143096.00, 24499, -491470, 206 
1719907143118.00, 26508, -490952, 207 
1719907143140.00, 27719, -490385, 199 
1719907143162.00, 27852, -489780, 195 
1719907143183.00, 27725, -489173, 182 
1719907143204.00, 26785, -488574, 175 
1719907143226.00, 25627, -488001, 169 
1719907143248.00, 25127, -487448, 155 
1719907143270.00, 23630, -486908, 138 
1719907143291.00, 21631, -486388, 129 
1719907143313.00, 19855, -485915, 117 
1719907143334.00, 18134, -485488, 97 
1719907143357.00, 16072, -485091, 95 
1719907143377.00, 14602, -484748, 87 
1719907143399.00, 13271, -484431, 80 
1719907143421.00, 12053, -484149, 70 
1719907143442.00, 10806, -483885, 62 
1719907143464.00, 9551, -483647, 58 
1719907143485.00, 8821, -483435, 64 
1719907143507.00, 8447, -483246, 66 
1719907143528.00, 8450, -483061, 67 
1719907143550.00, 8643, -482874, 73 
1719907143572.00, 8899, -482689, 80 
1719907143592.00, 9480, -482495, 87 
1719907143614.00, 10535, -482288, 89 
1719907143636.00, 11229, -482063, 106 
1719907143657.00, 12684, -481812, 129 
1719907143681.00, 15021, -481541, 173 
1719907143701.00, 18881, -481220, 203 
1719907143722.00, 23196, -480821, 231 
1719907143744.00, 25824, -480322, 245 
1719907143765.00, 27262, -479760, 240 
1719907143789.00, 27962, -479169, 234 
1719907143809.00, 28645, -478561, 214 
1719907143830.00, 29114, -477948, 200 
1719907143852.00, 28808, -477327, 173 
1719907143874.00, 27066, -476694, 161 
1719907143895.00, 25568, -476105, 146 
1719907143917.00, 23462, -475557, 124 
1719907143939.00, 20917, -475055, 95 
1719907143960.00, 17772, -474610, 70 
1719907143982.00, 14220, -474233, 50 
1719907144003.00, 11101, -473920, 30 
1719907144024.00, 7784, -473681, 15 
1719907144046.00, 4998, -473507, 3 
1719907144067.00, 2411, -473400, 1 
1719907144089.00, 859, -473345, 5 
1719907144110.00, 0, -473323, 0 
1719907144131.00, -32, -473321, -2 
1719907144151.00, 2, -473324, -15 
1719907144174.00, -695, -473323, -19 
1719907144195.00, -1465, -473334, -23 
1719907144217.00, -2181, -473363, -30 
1719907144238.00, -3274, -473410, -36 
1719907144259.00, -4026, -473475, -42 
1719907144281.00, -4645, -473564, -51 
1719907144302.00, -5824, -473671, -59 
1719907144324.00, -7037, -473798, -72 
1719907144345.00, -8670, -473951, -91 
1719907144367.00, -10690, -474135, -111 
1719907144389.00, -13268, -474367, -137 
1719907144410.00, -16103, -474647, -161 
1719907144432.00, -19169, -474989, -182 
1719907144454.00, -22486, -475404, -200 
1719907144475.00, -25505, -475889, -218 
1719907144497.00, -27656, -476438, -241 
1719907144518.00, -29087, -477045, -260 
1719907144540.00, -28865, -477674, -274 
1719907144562.00, -29145, -478299, -277 
1719907144583.00, -29114, -478926, -285 
1719907144605.00, -29127, -479559, -302 
1719907144626.00, -29444, -480193, -294 
1719907144648.00, -29071, -480834, -331 
1719907144674.00, -29214, -481457, -372 
1719907144692.00, -29095, -482088, -358 
1719907144713.00, -29245, -482719, -385 
1719907144735.00, -29075, -483362, -414 
1719907144756.00, -29245, -484002, -424 
1719907144781.00, -29058, -484631, -451 
1719907144800.00, -29246, -485261, -469 
1719907144821.00, -29104, -485888, -475 
1719907144843.00, -29303, -486527, -503 
1719907144864.00, -28939, -487166, -513 
1719907144890.00, -29342, -487794, -513 
1719907144908.00, -28979, -488423, -601 
1719907144930.00, -29252, -489051, -564 
1719907144951.00, -29072, -489687, -607 
1719907144972.00, -29310, -490326, -618 
1719907144995.00, -29052, -490956, -633 
1719907145016.00, -29203, -491588, -656 
1719907145038.00, -29126, -492217, -676 
1719907145059.00, -29299, -492851, -707 
1719907145081.00, -29229, -493491, -738 
1719907145107.00, -29233, -494127, -766 
1719907145125.00, -29168, -494753, -793 
1719907145146.00, -29062, -495382, -836 
1719907145167.00, -29321, -496016, -881 
1719907145190.00, -29140, -496652, -890 
1719907145215.00, -29251, -497286, -895 
1719907145233.00, -28932, -497914, -902 
1719907145254.00, -29236, -498541, -903 
1719907145276.00, -28944, -499170, -900 
1719907145297.00, -29271, -499809, -889 
1719907145320.00, -28954, -500444, -886 
1719907145340.00, -29205, -501076, -890 
1719907145362.00, -29118, -501703, -894 
1719907145384.00, -29310, -502334, -914 
1719907145405.00, -28956, -502968, -930 
1719907145427.00, -29174, -503608, -930 
1719907145448.00, -29049, -504234, -939 
1719907145470.00, -29025, -504859, -939 
1719907145492.00, -29175, -505484, -949 
1719907145514.00, -29060, -506117, -963 
1719907145536.00, -29116, -506755, -965 
1719907145557.00, -29192, -507383, -962 
1719907145578.00, -29195, -508012, -960 
1719907145600.00, -28887, -508639, -965 
1719907145622.00, -28961, -509272, -968 
1719907145645.00, -28990, -509912, -971 
1719907145665.00, -28994, -510540, -955 
1719907145687.00, -29047, -511163, -954 
1719907145708.00, -28910, -511789, -962 
1719907145730.00, -29119, -512418, -967 
1719907145752.00, -29101, -513051, -986 
1719907145774.00, -29390, -513687, -996 
1719907145795.00, -28944, -514309, -1000 
1719907145817.00, -29168, -514941, -1026 
1719907145839.00, -28894, -515574, -1046 
1719907145860.00, -29190, -516217, -1070 
1719907145882.00, -28950, -516858, -1078 
1719907145904.00, -29058, -517486, -1056 
1719907145926.00, -28790, -518112, -1043 
1719907145947.00, -29182, -518742, -1045 
1719907145969.00, -29043, -519378, -1044 
1719907145990.00, -29278, -520014, -1062 
1719907146012.00, -28901, -520644, -1058 
1719907146034.00, -29041, -521271, -1053 
1719907146056.00, -29172, -521901, -1046 
1719907146077.00, -29189, -522534, -1032 
1719907146100.00, -28935, -523173, -1024 
1719907146121.00, -28992, -523807, -1020 
1719907146142.00, -29106, -524436, -1045 
1719907146165.00, -29198, -525062, -1040 
1719907146186.00, -28908, -525698, -1036 
1719907146208.00, -29050, -526340, -1034 
1719907146229.00, -28939, -526972, -1037 
1719907146252.00, -29230, -527598, -1039 
1719907146273.00, -29279, -528228, -1056 
1719907146295.00, -29109, -528862, -1053 
1719907146316.00, -28961, -529502, -1056 
1719907146338.00, -29232, -530135, -1037 
1719907146360.00, -29019, -530757, -1040 
1719907146381.00, -28869, -531387, -1027 
1719907146404.00, -28896, -532017, -1000 
1719907146425.00, -28887, -532655, -974 
1719907146447.00, -29352, -533290, -975 
1719907146468.00, -28941, -533916, -1003 
1719907146490.00, -29086, -534548, -991 
1719907146512.00, -29066, -535174, -1001 
1719907146534.00, -29284, -535817, -1032 
1719907146555.00, -28937, -536454, -1032 
1719907146577.00, -29145, -537082, -1016 
1719907146599.00, -28812, -537706, -999 
1719907146620.00, -29146, -538331, -973 
1719907146641.00, -28920, -538964, -998 
1719907146663.00, -29163, -539600, -996 
1719907146685.00, -28918, -540226, -983 
1719907146707.00, -29084, -540854, -991 
1719907146729.00, -29083, -541481, -995 
1719907146755.00, -28944, -542118, -975 
1719907146772.00, -29086, -542753, -941 
1719907146793.00, -28979, -543378, -912 
1719907146815.00, -29087, -544005, -918 
1719907146837.00, -29193, -544629, -919 
1719907146859.00, -29295, -545262, -915 
1719907146880.00, -29096, -545899, -923 
1719907146902.00, -29136, -546528, -931 
1719907146923.00, -29024, -547156, -922 
1719907146944.00, -28915, -547782, -885 
1719907146967.00, -29201, -548415, -876 
1719907146988.00, -28920, -549053, -921 
1719907147010.00, -29096, -549686, -907 
1719907147032.00, -29123, -550311, -880 
1719907147053.00, -29326, -550938, -917 
1719907147074.00, -29040, -551567, -911 
1719907147096.00, -29221, -552207, -910 
1719907147118.00, -28970, -552839, -911 
1719907147139.00, -29104, -553466, -910 
1719907147161.00, -29149, -554091, -912 
1719907147187.00, -29218, -554720, -917 
1719907147205.00, -29162, -555356, -950 
1719907147226.00, -29280, -555995, -974 
1719907147248.00, -29114, -556624, -1001 
1719907147270.00, -28940, -557252, -986 
1719907147293.00, -29041, -557881, -994 
1719907147313.00, -28936, -558514, -1001 
1719907147335.00, -29257, -559151, -980 
1719907147356.00, -28937, -559778, -982 
1719907147378.00, -29145, -560406, -1015 
1719907147402.00, -29073, -561036, -1017 
1719907147421.00, -29293, -561669, -985 
1719907147443.00, -28987, -562304, -966 
1719907147465.00, -29152, -562932, -970 
1719907147486.00, -28976, -563552, -956 
1719907147508.00, -28986, -564182, -940 
1719907147529.00, -29265, -564812, -935 
1719907147551.00, -29012, -565447, -930 
1719907147572.00, -29199, -566081, -927 
1719907147595.00, -28806, -566708, -948 
1719907147618.00, -29146, -567335, -939 
1719907147638.00, -28962, -567964, -930 
1719907147659.00, -29089, -568598, -918 
1719907147681.00, -29121, -569230, -916 
1719907147703.00, -28935, -569855, -916 
1719907147725.00, -29145, -570479, -894 
1719907147746.00, -29058, -571104, -887 
1719907147768.00, -29174, -571737, -887 
1719907147789.00, -28923, -572371, -869 
1719907147811.00, -29219, -572999, -842 
1719907147832.00, -29190, -573628, -859 
1719907147855.00, -29153, -574258, -865 
1719907147876.00, -29039, -574890, -843 
1719907147897.00, -29032, -575530, -848 
1719907147919.00, -29173, -576155, -853 
1719907147941.00, -29021, -576776, -820 
1719907147962.00, -29229, -577403, -802 
1719907147984.00, -28949, -578034, -816 
1719907148005.00, -29316, -578669, -811 
1719907148027.00, -29032, -579297, -794 
1719907148049.00, -29062, -579921, -777 
1719907148071.00, -28851, -580550, -783 
1719907148092.00, -28795, -581184, -770 
1719907148113.00, -29024, -581815, -734 
1719907148136.00, -28890, -582442, -705 
1719907148157.00, -29089, -583066, -710 
1719907148179.00, -28913, -583690, -699 
1719907148201.00, -29111, -584319, -681 
1719907148222.00, -29205, -584955, -681 
1719907148244.00, -28998, -585584, -672 
1719907148265.00, -29092, -586210, -647 
1719907148287.00, -28866, -586832, -617 
1719907148309.00, -29059, -587463, -591 
1719907148330.00, -28937, -588092, -571 
1719907148352.00, -29036, -588722, -545 
1719907148373.00, -29023, -589347, -524 
1719907148395.00, -28967, -589970, -501 
1719907148417.00, -29144, -590598, -470 
1719907148438.00, -28877, -591229, -442 
1719907148460.00, -28926, -591862, -413 
1719907148482.00, -28941, -592486, -381 
1719907148503.00, -28783, -593108, -340 
1719907148525.00, -16437, -593731, -300 
1719907148547.00, -9106, -594103, -297 
1719907148569.00, -4774, -594305, -253 
1719907148590.00, -2146, -594409, -227 
1719907148611.00, -460, -594459, -229 
1719907148633.00, 14, -594472, -203 
1719907148654.00, 99, -594471, -179 
1719907148676.00, 605, -594468, -160 
1719907148697.00, 994, -594459, -143 
1719907148719.00, 1252, -594437, -114 
1719907148740.00, 1478, -594410, -75 
1719907148762.00, 1605, -594376, -25 
1719907148783.00, 1589, -594339, 36 
1719907148805.00, 3785, -594299, 96 
1719907148826.00, 8485, -594207, 163 
1719907148848.00, 15224, -594019, 237 
1719907148870.00, 22001, -593686, 285 
1719907148891.00, 26112, -593214, 316 
1719907148913.00, 28584, -592649, 378 
1719907148934.00, 29495, -592039, 381 
1719907148956.00, 29144, -591397, 450 
1719907148977.00, 29104, -590762, 492 
1719907148999.00, 29104, -590123, 539 
1719907149021.00, 29116, -589494, 545 
1719907149044.00, 29074, -588865, 594 
1719907149064.00, 29228, -588233, 619 
1719907149086.00, 29259, -587597, 641 
1719907149108.00, 29224, -586962, 657 
1719907149129.00, 28900, -586332, 658 
1719907149152.00, 29061, -585706, 650 
1719907149172.00, 28886, -585081, 628 
1719907149194.00, 28895, -584453, 595 
1719907149216.00, 28911, -583827, 556 
1719907149237.00, 28734, -583202, 496 
1719907149261.00, 28850, -582586, 432 
1719907149280.00, 28805, -581967, 363 
1719907149302.00, 28648, -581340, 285 
1719907149324.00, 28898, -580718, 197 
1719907149345.00, 28291, -580111, 88 
1719907149370.00, 21012, -579517, -37 
1719907149388.00, 9382, -579059, -142 
1719907149410.00, -2977, -578848, -222 
1719907149432.00, -15457, -578898, -252 
1719907149454.00, -22182, -579226, -476 
1719907149476.00, -26159, -579701, -477 
1719907149497.00, -28752, -580271, -554 
1719907149518.00, -29366, -580895, -591 
1719907149539.00, -29074, -581535, -630 
1719907149562.00, -29208, -582170, -652 
1719907149587.00, -28973, -582797, -651 
1719907149605.00, -29268, -583426, -638 
1719907149627.00, -29055, -584051, -624 
1719907149648.00, -29243, -584684, -626 
1719907149670.00, -28896, -585322, -619 
1719907149694.00, -29177, -585946, -590 
1719907149713.00, -29198, -586570, -555 
1719907149735.00, -28990, -587195, -536 
1719907149756.00, -29169, -587829, -497 
1719907149778.00, -28919, -588460, -456 
1719907149800.00, -29210, -589083, -399 
1719907149821.00, -28956, -589703, -337 
1719907149843.00, -29186, -590323, -267 
1719907149865.00, -28921, -590956, -221 
1719907149886.00, -29026, -591583, -169 
1719907149910.00, -27987, -592211, -129 
1719907149929.00, -24878, -592812, -105 
1719907149951.00, -15103, -593352, -92 
1719907149972.00, -9606, -593696, -80 
1719907149994.00, -6058, -593902, -48 
1719907150015.00, -4094, -594034, -13 
1719907150037.00, -2892, -594122, -8 
1719907150058.00, -2236, -594184, 8 
1719907150079.00, -1752, -594230, 7 
1719907150101.00, -1434, -594267, 14 
1719907150122.00, -306, -594298, 9 
1719907150143.00, -534, -594306, 12 
1719907150164.00, -4, -594318, 13 
1719907150185.00, 50, -594319, 15 
1719907150207.00, 106, -594317, 11 
1719907150228.00, 350, -594318, 9 
1719907150250.00, 5, -594313, 13 
1719907150271.00, 401, -594312, 9 
1719907150292.00, 7, -594306, 11 
1719907150313.00, 310, -594305, 11 
1719907150335.00, 571, -594300, 12 
1719907150355.00, 774, -594289, 12 
1719907150377.00, 900, -594274, 10 
1719907150399.00, -58, -594254, 14 
1719907150420.00, 518, -594252, 10 
1719907150441.00, 44, -594243, 13 
1719907150465.00, 578, -594240, 11 
1719907150484.00, 825, -594230, 13 
1719907150505.00, 1102, -594215, 13 
1719907150526.00, 1238, -594190, 11 
1719907150548.00, 1183, -594164, 14 
1719907150571.00, 1398, -594136, 12 
1719907150591.00, 1334, -594107, 13 
1719907150613.00, 1419, -594079, 12 
1719907150634.00, 1474, -594048, 11 
1719907150656.00, 1445, -594018, 12 
1719907150677.00, 1411, -593988, 12 
1719907150698.00, 1386, -593957, 12 
1719907150720.00, 1394, -593927, 12 
1719907150741.00, 1371, -593897, 11 
1719907150763.00, 1274, -593868, 12 
1719907150785.00, 1328, -593841, 12 
1719907150806.00, 1303, -593811, 12 
1719907150827.00, 1345, -593784, 12 
1719907150849.00, 1276, -593754, 12 
1719907150870.00, 1307, -593727, 13 
1719907150892.00, 1460, -593699, 12 
1719907150913.00, 1497, -593668, 12 
1719907150935.00, 1481, -593635, 12 
1719907150956.00, 1466, -593603, 12 
1719907150978.00, 1446, -593572, 12 
1719907150999.00, 1517, -593540, 12 
1719907151021.00, 1521, -593510, 12 
1719907151042.00, 1512, -593476, 12 
1719907151064.00, 1491, -593443, 12 
1719907151085.00, 1421, -593410, 12 
1719907151107.00, 1422, -593380, 12 
1719907151128.00, 1465, -593350, 12 
1719907151149.00, 1541, -593318, 12 
1719907151171.00, 1546, -593285, 12 
1719907151192.00, 1512, -593253, 12 
1719907151214.00, 1508, -593220, 12 
1719907151235.00, 1587, -593187, 12 
1719907151257.00, 1573, -593154, 12 
1719907151278.00, 1556, -593120, 12 
1719907151299.00, 1489, -593087, 12 
1719907151321.00, 1414, -593053, 12 
1719907151343.00, 1383, -593022, 12 
1719907151364.00, 1432, -592992, 12 
1719907151385.00, 1495, -592961, 12 
1719907151407.00, 1517, -592927, 12 
1719907151428.00, 1510, -592895, 12 
1719907151453.00, 1517, -592863, 12 
1719907151471.00, 1521, -592832, 12 
1719907151493.00, 1524, -592798, 12 
1719907151514.00, 1548, -592765, 12 
1719907151536.00, 1540, -592732, 12 
1719907151557.00, 1497, -592699, 12 
1719907151579.00, 1475, -592667, 12 
1719907151600.00, 1549, -592636, 12 
1719907151622.00, 1604, -592603, 12 
1719907151644.00, 1600, -592568, 12 
1719907151668.00, 1567, -592534, 12 
1719907151686.00, 1582, -592500, 12 
1719907151707.00, 1627, -592467, 12 
1719907151729.00, 1657, -592433, 12 
1719907151751.00, 1666, -592398, 11 
1719907151777.00, 1586, -592360, 12 
1719907151793.00, 1553, -592326, 12 
1719907151815.00, 1537, -592292, 12 
1719907151836.00, 1621, -592259, 12 
1719907151858.00, 1588, -592223, 12 
1719907151879.00, 1519, -592189, 12 
1719907151901.00, 1520, -592155, 12 
1719907151922.00, 1550, -592122, 12 
1719907151944.00, 1582, -592091, 12 
1719907151965.00, 1634, -592058, 12 
1719907151987.00, 1631, -592026, 12 
1719907152008.00, 1568, -591990, 12 
1719907152029.00, 1574, -591955, 12 
1719907152051.00, 1644, -591921, 12 
1719907152072.00, 1693, -591887, 12 
1719907152094.00, 1692, -591850, 12 
1719907152115.00, 1591, -591812, 12 
1719907152137.00, 1622, -591777, 12 
1719907152158.00, 1668, -591742, 12 
1719907152180.00, 1756, -591706, 12 
1719907152201.00, 1732, -591670, 12 
1719907152222.00, 1657, -591635, 12 
1719907152244.00, 1673, -591596, 12 
1719907152266.00, 1667, -591562, 12 
1719907152287.00, 1707, -591525, 12 
1719907152308.00, 1671, -591488, 12 
1719907152330.00, 1641, -591453, 12 
1719907152351.00, 1527, -591415, 12 
1719907152373.00, 1561, -591382, 12 
1719907152394.00, 1683, -591348, 12 
1719907152415.00, 1656, -591314, 12 
1719907152437.00, 1569, -591279, 12 
1719907152459.00, 1560, -591245, 12 
1719907152480.00, 1614, -591209, 13 
1719907152502.00, 1757, -591175, 12 
1719907152523.00, 1724, -591138, 12 
1719907152548.00, 1741, -591099, 12 
1719907152566.00, 1680, -591063, 12 
1719907152587.00, 1630, -591027, 13 
1719907152608.00, 1735, -590990, 12 
1719907152630.00, 1684, -590954, 13 
1719907152653.00, 1680, -590916, 12 
1719907152674.00, 1645, -590879, 12 
1719907152695.00, 1690, -590843, 14 
1719907152716.00, 1883, -590806, 13 
1719907152738.00, 1864, -590768, 13 
1719907152763.00, 1774, -590725, 13 
1719907152781.00, 1783, -590684, 14 
1719907152802.00, 1876, -590647, 14 
1719907152823.00, 1890, -590607, 13 
1719907152845.00, 1878, -590567, 14 
1719907152872.00, 1841, -590526, 14 
1719907152888.00, 1874, -590486, 14 
1719907152909.00, 1918, -590446, 14 
1719907152931.00, 1929, -590403, 14 
1719907152952.00, 1982, -590361, 14 
1719907152979.00, 1893, -590319, 14 
1719907152995.00, 1958, -590277, 14 
1719907153017.00, 2007, -590234, 14 
1719907153038.00, 1909, -590192, 14 
1719907153060.00, 1862, -590149, 14 
1719907153084.00, 1973, -590109, 14 
1719907153102.00, 2004, -590069, 14 
1719907153124.00, 1986, -590026, 14 
1719907153145.00, 2028, -589981, 14 
1719907153167.00, 2060, -589939, 14 
1719907153189.00, 2028, -589895, 14 
1719907153210.00, 1933, -589850, 14 
1719907153231.00, 1930, -589810, 14 
1719907153253.00, 1890, -589770, 14 
1719907153274.00, 1965, -589728, 14 
1719907153296.00, 1974, -589686, 14 
1719907153316.00, 1907, -589644, 14 
1719907153339.00, 1930, -589601, 14 
1719907153360.00, 1933, -589560, 14 
1719907153382.00, 1957, -589520, 14 
1719907153403.00, 1970, -589479, 14 
1719907153425.00, 1912, -589437, 14 
1719907153446.00, 1911, -589396, 14 
1719907153467.00, 2009, -589355, 14 
1719907153488.00, 1995, -589312, 14 
1719907153510.00, 1913, -589269, 14 
1719907153531.00, 1993, -589227, 14 
1719907153553.00, 1990, -589186, 14 
1719907153574.00, 2007, -589142, 13 
1719907153596.00, 1917, -589098, 14 
1719907153617.00, 1866, -589060, 14 
1719907153639.00, 1915, -589017, 14 
1719907153660.00, 1951, -588978, 14 
1719907153682.00, 1968, -588936, 13 
1719907153704.00, 1819, -588896, 14 
1719907153725.00, 1866, -588856, 14 
1719907153746.00, 1917, -588817, 13 
1719907153768.00, 1851, -588775, 14 
1719907153789.00, 1838, -588735, 13 
1719907153811.00, 1818, -588693, 14 
1719907153832.00, 1928, -588655, 14 
1719907153855.00, 1931, -588614, 13 
1719907153874.00, 1943, -588571, 14 
1719907153896.00, 1927, -588531, 14 
1719907153918.00, 1977, -588487, 14 
1719907153939.00, 2024, -588446, 14 
1719907153965.00, 1957, -588403, 14 
1719907153982.00, 2037, -588358, 14 
1719907154004.00, 2069, -588318, 14 
1719907154025.00, 2074, -588275, 14 
1719907154047.00, 1974, -588227, 14 
1719907154071.00, 1900, -588185, 14 
1719907154089.00, 1912, -588143, 14 
1719907154111.00, 1931, -588100, 14 
1719907154133.00, 1870, -588061, 14 
1719907154155.00, 1831, -588020, 14 
1719907154179.00, 1884, -587983, 14 
1719907154197.00, 1932, -587944, 14 
1719907154219.00, 1919, -587900, 14 
1719907154240.00, 1964, -587859, 14 
1719907154261.00, 1973, -587816, 14 
1719907154285.00, 1969, -587773, 14 
1719907154304.00, 1988, -587730, 14 
1719907154326.00, 1980, -587688, 14 
1719907154347.00, 1909, -587646, 14 
1719907154368.00, 1964, -587605, 14 
1719907154391.00, 2046, -587563, 14 
1719907154412.00, 2032, -587519, 14 
1719907154433.00, 2034, -587474, 14 
1719907154455.00, 2003, -587429, 14 
1719907154475.00, 1891, -587388, 14 
1719907154497.00, 1852, -587346, 14 
1719907154519.00, 1859, -587304, 14 
1719907154540.00, 1813, -587264, 14 
1719907154562.00, 1970, -587225, 14 
1719907154582.00, 1904, -587183, 14 
1719907154605.00, 1882, -587140, 14 
1719907154627.00, 1918, -587097, 14 
1719907154648.00, 1942, -587058, 15 
1719907154669.00, 2018, -587017, 14 
1719907154691.00, 1981, -586970, 14 
1719907154712.00, 1956, -586929, 14 
1719907154733.00, 1974, -586886, 15 
1719907154755.00, 2085, -586844, 14 
1719907154777.00, 2100, -586801, 14 
1719907154798.00, 2037, -586757, 14 
1719907154820.00, 2102, -586712, 14 
1719907154841.00, 2122, -586667, 14 
1719907154863.00, 2050, -586623, 15 
1719907154883.00, 1975, -586577, 16 
1719907154905.00, 1999, -586537, 16 
1719907154926.00, 2160, -586493, 15 
1719907154948.00, 2127, -586448, 15 
1719907154969.00, 2062, -586401, 15 
1719907154991.00, 2083, -586357, 16 
1719907155012.00, 2168, -586313, 16 
1719907155034.00, 2218, -586266, 15 
1719907155056.00, 2150, -586220, 16 
1719907155077.00, 2165, -586177, 16 
1719907155098.00, 2197, -586129, 15 
1719907155120.00, 2078, -586082, 15 
1719907155141.00, 2070, -586034, 16 
1719907155165.00, 2204, -585990, 16 
1719907155184.00, 2358, -585945, 15 
1719907155206.00, 2331, -585897, 15 
1719907155227.00, 2252, -585848, 15 
1719907155249.00, 2142, -585798, 16 
1719907155275.00, 2122, -585751, 15 
1719907155291.00, 2135, -585706, 15 
1719907155313.00, 2078, -585662, 15 
1719907155335.00, 2135, -585617, 15 
1719907155356.00, 2034, -585574, 15 
1719907155377.00, 1990, -585529, 15 
1719907155399.00, 1990, -585485, 15 
1719907155420.00, 2101, -585443, 15 
1719907155442.00, 2098, -585399, 15 
1719907155463.00, 2049, -585352, 15 
1719907155484.00, 2040, -585306, 15 
1719907155506.00, 2130, -585260, 15 
1719907155528.00, 2159, -585216, 15 
1719907155549.00, 2089, -585169, 15 
1719907155571.00, 2142, -585124, 15 
1719907155592.00, 2161, -585079, 16 
1719907155614.00, 2224, -585031, 15 
1719907155635.00, 2189, -584985, 16 
1719907155656.00, 2102, -584939, 16 
1719907155678.00, 2125, -584895, 10 
1719907155699.00, 1, -584849, -3 
1719907155721.00, -62, -584845, -12 
1719907155742.00, -215, -584845, -18 
1719907155763.00, -1165, -584848, -30 
1719907155785.00, -2486, -584871, -46 
1719907155806.00, -4140, -584922, -66 
1719907155828.00, -6649, -585011, -84 
1719907155849.00, -9086, -585149, -102 
1719907155871.00, -11416, -585345, -113 
1719907155893.00, -13650, -585593, -128 
1719907155914.00, -15870, -585884, -140 
1719907155939.00, -17679, -586221, -155 
1719907155958.00, -19703, -586606, -166 
1719907155979.00, -21734, -587033, -177 
1719907156001.00, -23716, -587502, -190 
1719907156022.00, -25463, -588015, -204 
1719907156044.00, -27188, -588564, -206 
1719907156065.00, -28350, -589153, -213 
1719907156087.00, -29251, -589767, -220 
1719907156109.00, -29109, -590396, -219 
1719907156130.00, -29274, -591028, -221 
1719907156157.00, -28868, -591663, -232 
1719907156174.00, -29083, -592299, -245 
1719907156195.00, -29291, -592925, -246 
1719907156217.00, -17344, -593553, -247 
1719907156238.00, -10318, -593945, -244 
1719907156260.00, -6112, -594177, -269 
1719907156282.00, -3519, -594313, -275 
1719907156303.00, -1972, -594389, -281 
1719907156325.00, -1097, -594433, -302 
1719907156346.00, -460, -594458, -312 
1719907156371.00, -63, -594468, -303 
1719907156389.00, 0, -594470, -295 
1719907156410.00, 0, -594471, -298 
1719907156432.00, 0, -594470, -296 
1719907156453.00, 0, -594470, -288 
1719907156474.00, 0, -594470, -282 
1719907156495.00, 0, -594470, -281 
1719907156517.00, 0, -594470, -277 
1719907156538.00, 0, -594470, -270 
1719907156560.00, -23, -594471, -266 
1719907156581.00, 3, -594470, -264 
1719907156602.00, -59, -594470, -260 
1719907156623.00, 0, -594470, -256 
1719907156644.00, 0, -594470, -254 
1719907156666.00, 0, -594469, -251 
1719907156687.00, 0, -594469, -246 
1719907156709.00, 0, -594469, -242 
1719907156729.00, 39, -594470, -240 
1719907156751.00, 0, -594469, -236 
1719907156773.00, -40, -594470, -232 
1719907156794.00, 0, -594469, -224 
1719907156815.00, -38, -594468, -218 
1719907156837.00, 0, -594468, -211 
1719907156858.00, 0, -594467, -206 
1719907156879.00, 0, -594468, -198 
1719907156900.00, 0, -594466, -188 
1719907156922.00, 0, -594467, -180 
1719907156943.00, 0, -594466, -173 
1719907156964.00, 1, -594465, -166 
1719907156986.00, 0, -594465, -159 
1719907157007.00, 8, -594465, -152 
1719907157028.00, 0, -594464, -142 
1719907157050.00, 0, -594465, -132 
1719907157070.00, 0, -594464, -126 
1719907157092.00, 0, -594464, -122 
1719907157113.00, -9, -594464, -119 
1719907157139.00, 0, -594463, -115 
1719907157156.00, 0, -594461, -113 
1719907157177.00, 0, -594463, -107 
1719907157199.00, -11, -594462, -103 
1719907157220.00, 60, -594462, -100 
1719907157241.00, 0, -594462, -97 
1719907157262.00, 0, -594463, -96 
1719907157284.00, 0, -594462, -95 
1719907157305.00, 0, -594462, -93 
1719907157326.00, 0, -594462, -95 
1719907157347.00, 0, -594462, -99 
1719907157369.00, 0, -594462, -100 
1719907157390.00, 0, -594461, -98 
1719907157411.00, 0, -594462, -100 
1719907157433.00, 0, -594462, -108 
1719907157454.00, 0, -594462, -115 
1719907157475.00, 0, -594462, -119 
1719907157496.00, 0, -594462, -120 
1719907157518.00, 0, -594462, -120 
1719907157539.00, 0, -594463, -117 
1719907157560.00, 0, -594463, -115 
1719907157582.00, 0, -594464, -116 
1719907157603.00, 0, -594463, -115 
1719907157624.00, 0, -594462, -112 
1719907157645.00, 0, -594463, -110 
1719907157666.00, 0, -594461, -110 
1719907157687.00, 0, -594462, -111 
1719907157709.00, 0, -594462, -112 
1719907157730.00, 0, -594462, -112 
1719907157752.00, 0, -594463, -110 
1719907157773.00, 0, -594462, -108 
1719907157795.00, 0, -594463, -103 
1719907157815.00, 0, -594462, -95 
1719907157837.00, 24, -594462, -84 
1719907157858.00, 20, -594462, -70 
1719907157880.00, 0, -594460, -55 
1719907157901.00, 0, -594459, -38 
1719907157922.00, 0, -594457, -25 
1719907157943.00, -9, -594456, -14 
1719907157964.00, 0, -594455, 2 
1719907157985.00, 63, -594455, 9 
1719907158010.00, 0, -594454, 12 
1719907158028.00, 223, -594456, 8 
1719907158049.00, 110, -594453, 10 
1719907158070.00, 67, -594450, 11 
1719907158092.00, 720, -594448, 9 
1719907158113.00, 408, -594435, 12 
1719907158135.00, 1020, -594426, 10 
1719907158156.00, -3, -594407, 15 
1719907158177.00, 895, -594404, 9 
1719907158198.00, 548, -594387, 13 
1719907158220.00, 1159, -594375, 11 
1719907158241.00, 1433, -594350, 13 
1719907158263.00, 1627, -594320, 12 
1719907158284.00, 1763, -594285, 11 
1719907158305.00, 1789, -594247, 13 
1719907158326.00, 1914, -594209, 11 
1719907158348.00, 1797, -594168, 12 
1719907158370.00, 1808, -594129, 12 
1719907158392.00, 1812, -594091, 11 
1719907158413.00, 1770, -594053, 12 
1719907158434.00, 1878, -594014, 11 
1719907158456.00, 1801, -593973, 14 
1719907158477.00, 1978, -593935, 12 
1719907158499.00, 1858, -593893, 12 
1719907158520.00, 1807, -593852, 12 
1719907158542.00, 1739, -593812, 11 
1719907158563.00, 1632, -593775, 12 
1719907158585.00, 1659, -593739, 12 
1719907158606.00, 1777, -593703, 11 
1719907158627.00, 1723, -593667, 12 
1719907158648.00, 1764, -593627, 11 
1719907158673.00, 1668, -593590, 12 
1719907158692.00, 1674, -593553, 12 
1719907158713.00, 1781, -593517, 12 
1719907158735.00, 1807, -593478, 12 
1719907158756.00, 1758, -593439, 11 
1719907158778.00, 1631, -593402, 12 
1719907158799.00, 1723, -593366, 12 
1719907158820.00, 1774, -593331, 12 
1719907158842.00, 1775, -593291, 11 
1719907158864.00, 1660, -593254, 12 
1719907158889.00, 1791, -593216, 12 
1719907158906.00, 1817, -593180, 11 
1719907158928.00, 1763, -593141, 12 
1719907158949.00, 1698, -593103, 11 
1719907158971.00, 1607, -593066, 12 
1719907158996.00, 1604, -593030, 12 
1719907159014.00, 1675, -592996, 12 
1719907159036.00, 1744, -592960, 12 
1719907159057.00, 1695, -592923, 11 
1719907159078.00, 1635, -592886, 12 
1719907159102.00, 1712, -592850, 12 
1719907159121.00, 1795, -592814, 12 
1719907159143.00, 1780, -592779, 12 
1719907159165.00, 1797, -592740, 12 
1719907159185.00, 1739, -592702, 12 
1719907159207.00, 1749, -592665, 12 
1719907159228.00, 1751, -592630, 12 
1719907159250.00, 1772, -592592, 11 
1719907159272.00, 1696, -592554, 12 
1719907159293.00, 1717, -592518, 12 
1719907159314.00, 1748, -592482, 12 
1719907159336.00, 1820, -592446, 12 
1719907159357.00, 1858, -592407, 11 
1719907159379.00, 1779, -592368, 12 
1719907159400.00, 1700, -592329, 11 
1719907159422.00, 1629, -592291, 12 
1719907159443.00, 1628, -592255, 12 
1719907159464.00, 1581, -592219, 11 
1719907159485.00, 1615, -592183, 12 
1719907159507.00, 1612, -592150, 11 
1719907159529.00, 1531, -592116, 12 
1719907159550.00, 1615, -592086, 11 
1719907159572.00, 1629, -592051, 11 
1719907159593.00, 1582, -592019, 12 
1719907159615.00, 1589, -591983, 11 
1719907159636.00, 1579, -591949, 12 
1719907159658.00, 1671, -591913, 12 
1719907159679.00, 1719, -591878, 12 
1719907159701.00, 1649, -591840, 11 
1719907159722.00, 1586, -591802, 12 
1719907159744.00, 1619, -591768, 12 
1719907159765.00, 1670, -591733, 11 
1719907159786.00, 1647, -591697, 12 
1719907159808.00, 1690, -591661, 12 
1719907159829.00, 1748, -591625, 12 
1719907159851.00, 1812, -591584, 31 
1719907159873.00, 2991, -591542, 71 
1719907159893.00, 5902, -591479, 88 
1719907159915.00, 8555, -591354, 88 
1719907159937.00, 10274, -591173, 51 
1719907159958.00, 9122, -590958, -3 
1719907159980.00, 5522, -590759, -13 
1719907160000.00, 2582, -590627, 59 
1719907160022.00, 4891, -590564, 107 
1719907160044.00, 9385, -590448, 144 
1719907160066.00, 14000, -590265, 93 
1719907160089.00, 13729, -589973, 21 
1719907160109.00, 9692, -589675, -4 
1719907160130.00, 5695, -589468, 17 
1719907160152.00, 4281, -589339, 43 
1719907160173.00, 5072, -589244, 48 
1719907160199.00, 5881, -589138, 49 
1719907160216.00, 6214, -589018, 26 
1719907160238.00, 5379, -588886, -9 
1719907160259.00, 3213, -588772, 23 
1719907160280.00, 3270, -588695, 84 
1719907160307.00, 6816, -588626, 83 
1719907160324.00, 8958, -588486, 43 
1719907160345.00, 7796, -588296, 25 
1719907160366.00, 5804, -588122, 43 
1719907160387.00, 5842, -587993, 31 
1719907160411.00, 5287, -587867, 25 
1719907160431.00, 4609, -587751, 45 
1719907160452.00, 5233, -587653, 36 
1719907160474.00, 5395, -587540, 24 
1719907160495.00, 4610, -587422, 45 
1719907160517.00, 5139, -587320, 69 
1719907160538.00, 7096, -587209, 58 
1719907160560.00, 7628, -587058, 47 
1719907160581.00, 7579, -586894, 50 
1719907160603.00, 7528, -586736, 59 
1719907160624.00, 7854, -586573, 63 
1719907160645.00, 8515, -586406, 60 
1719907160667.00, 8539, -586230, 67 
1719907160688.00, 9016, -586050, 58 
1719907160709.00, 8754, -585858, 43 
1719907160731.00, 7610, -585671, 28 
1719907160753.00, 6183, -585509, 23 
1719907160774.00, 4771, -585376, 26 
1719907160796.00, 4364, -585267, 33 
1719907160817.00, 4634, -585171, 38 
1719907160839.00, 5067, -585077, 43 
1719907160864.00, 5460, -584967, 72 
1719907160881.00, 7237, -584849, 87 
1719907160903.00, 9305, -584694, 74 
1719907160924.00, 9911, -584492, 78 
1719907160945.00, 10675, -584273, 121 
1719907160968.00, 13507, -584031, 152 
1719907160989.00, 16995, -583743, 166 
1719907161011.00, 20242, -583375, 181 
1719907161032.00, 22746, -582946, 215 
1719907161053.00, 25836, -582454, 256 
1719907161075.00, 27737, -581893, 288 
1719907161098.00, 28741, -581284, 323 
1719907161119.00, 29534, -580650, 360 
1719907161141.00, 28842, -580016, 396 
1719907161162.00, 29511, -579395, 363 
1719907161184.00, 28817, -578750, 523 
1719907161206.00, 29252, -578120, 457 
1719907161228.00, 28998, -577487, 477 
1719907161249.00, 29435, -576852, 532 
1719907161271.00, 28953, -576223, 564 
1719907161296.00, 29328, -575596, 605 
1719907161314.00, 28926, -574958, 628 
1719907161336.00, 29344, -574322, 656 
1719907161357.00, 29035, -573687, 690 
1719907161378.00, 29290, -573051, 739 
1719907161400.00, 28908, -572418, 789 
1719907161422.00, 29379, -571783, 807 
1719907161443.00, 29107, -571149, 834 
1719907161465.00, 29327, -570516, 884 
1719907161487.00, 28906, -569886, 897 
1719907161513.00, 29380, -569258, 916 
1719907161530.00, 29252, -568623, 971 
1719907161552.00, 29282, -567987, 1014 
1719907161574.00, 28996, -567347, 1066 
1719907161595.00, 29318, -566709, 1107 
1719907161618.00, 28937, -566077, 1133 
1719907161639.00, 29379, -565439, 1156 
1719907161661.00, 29088, -564802, 1173 
1719907161682.00, 29234, -564161, 1213 
1719907161704.00, 29109, -563520, 1261 
1719907161729.00, 29209, -562890, 1303 
1719907161748.00, 29200, -562261, 1307 
1719907161769.00, 29010, -561620, 1346 
1719907161790.00, 29048, -560987, 1369 
1719907161812.00, 29023, -560348, 1396 
1719907161835.00, 29177, -559716, 1438 
1719907161856.00, 29239, -559085, 1437 
1719907161878.00, 29206, -558451, 1440 
1719907161900.00, 28941, -557814, 1448 
1719907161922.00, 29260, -557176, 1469 
1719907161943.00, 29150, -556541, 1521 
1719907161964.00, 29303, -555914, 1499 
1719907161986.00, 28737, -555279, 1496 
1719907162008.00, 29224, -554647, 1439 
1719907162030.00, 28955, -554007, 1478 
1719907162052.00, 29498, -553374, 1492 
1719907162074.00, 29028, -552748, 1514 
1719907162095.00, 29222, -552109, 1555 
1719907162117.00, 29121, -551471, 1569 
1719907162138.00, 29145, -550830, 1617 
1719907162160.00, 29080, -550199, 1615 
1719907162182.00, 29196, -549571, 1616 
1719907162203.00, 29125, -548933, 1655 
1719907162226.00, 28999, -548295, 1650 
1719907162247.00, 29103, -547657, 1656 
1719907162269.00, 29181, -547024, 1683 
1719907162291.00, 29005, -546394, 1674 
1719907162313.00, 29139, -545760, 1701 
1719907162334.00, 29193, -545125, 1714 
1719907162356.00, 29175, -544486, 1742 
1719907162379.00, 29016, -543853, 1749 
1719907162399.00, 28952, -543226, 1750 
1719907162421.00, 29109, -542597, 1721 
1719907162443.00, 29164, -541962, 1727 
1719907162465.00, 29045, -541328, 1662 
1719907162486.00, 29082, -540699, 1619 
1719907162508.00, 29124, -540062, 1655 
1719907162530.00, 29207, -539433, 1685 
1719907162551.00, 29243, -538797, 1691 
1719907162573.00, 29095, -538154, 1725 
1719907162595.00, 29091, -537519, 1731 
1719907162617.00, 29080, -536894, 1696 
1719907162638.00, 28970, -536265, 1749 
1719907162660.00, 29033, -535628, 1767 
1719907162682.00, 29054, -534988, 1797 
1719907162703.00, 29088, -534354, 1821 
1719907162725.00, 29037, -533723, 1824 
1719907162746.00, 29061, -533094, 1801 
1719907162769.00, 29167, -532463, 1751 
1719907162790.00, 29012, -531825, 1740 
1719907162812.00, 29021, -531190, 1753 
1719907162834.00, 28964, -530560, 1767 
1719907162856.00, 29156, -529932, 1773 
1719907162877.00, 29221, -529299, 1792 
1719907162899.00, 29140, -528665, 1783 
1719907162920.00, 29045, -528028, 1787 
1719907162943.00, 29052, -527392, 1822 
1719907162964.00, 29412, -526766, 1783 
1719907162985.00, 29089, -526133, 1835 
1719907163007.00, 28979, -525497, 1833 
1719907163030.00, 29153, -524858, 1850 
1719907163051.00, 29268, -524225, 1843 
1719907163073.00, 29127, -523590, 1899 
1719907163094.00, 29153, -522962, 1858 
1719907163116.00, 29304, -522326, 1899 
1719907163138.00, 28982, -521684, 1917 
1719907163160.00, 29299, -521051, 1921 
1719907163181.00, 28899, -520420, 1959 
1719907163203.00, 29158, -519794, 1962 
1719907163225.00, 29106, -519161, 1977 
1719907163247.00, 29415, -518521, 1980 
1719907163268.00, 28818, -517886, 1988 
1719907163290.00, 29188, -517256, 1976 
1719907163312.00, 28991, -516627, 2018 
1719907163333.00, 29221, -515991, 2012 
1719907163355.00, 28946, -515352, 2024 
1719907163377.00, 29074, -514716, 2019 
1719907163398.00, 28971, -514086, 2017 
1719907163420.00, 29129, -513461, 2023 
1719907163442.00, 28873, -512830, 2014 
1719907163464.00, 29247, -512194, 2028 
1719907163487.00, 28939, -511560, 2036 
1719907163507.00, 29249, -510926, 2031 
1719907163529.00, 28889, -510300, 2040 
1719907163551.00, 29409, -509667, 2044 
1719907163573.00, 29003, -509030, 2080 
1719907163594.00, 29291, -508396, 2053 
1719907163616.00, 28925, -507760, 2050 
1719907163637.00, 29022, -507132, 2045 
1719907163659.00, 29193, -506502, 2039 
1719907163681.00, 29252, -505868, 2053 
1719907163703.00, 28889, -505231, 2061 
1719907163725.00, 29106, -504598, 2060 
1719907163746.00, 29267, -503972, 2061 
1719907163768.00, 29351, -503342, 2063 
1719907163789.00, 29064, -502704, 2080 
1719907163813.00, 29203, -502070, 2057 
1719907163833.00, 28985, -501435, 2048 
1719907163855.00, 29312, -500802, 2028 
1719907163877.00, 28916, -500177, 2017 
1719907163898.00, 28986, -499537, 2012 
1719907163920.00, 28861, -498904, 1981 
1719907163941.00, 29116, -498270, 1996 
1719907163964.00, 29206, -497642, 1987 
1719907163985.00, 29137, -497016, 1990 
1719907164007.00, 29085, -496383, 1988 
1719907164029.00, 29153, -495745, 1984 
1719907164051.00, 29080, -495114, 1984 
1719907164072.00, 29091, -494481, 1967 
1719907164094.00, 29027, -493855, 1969 
1719907164116.00, 29148, -493225, 1960 
1719907164138.00, 29034, -492586, 1962 
1719907164159.00, 29102, -491951, 1978 
1719907164181.00, 29066, -491316, 1987 
1719907164203.00, 29185, -490682, 1995 
1719907164224.00, 29092, -490053, 1990 
1719907164245.00, 29234, -489415, 1987 
1719907164268.00, 29038, -488783, 1963 
1719907164290.00, 29250, -488150, 1968 
1719907164311.00, 28970, -487520, 1970 
1719907164333.00, 29080, -486894, 1973 
1719907164354.00, 29091, -486259, 1973 
1719907164376.00, 29185, -485627, 1960 
1719907164398.00, 29005, -484988, 1967 
1719907164419.00, 29165, -484356, 1962 
1719907164442.00, 29097, -483729, 1958 
1719907164464.00, 29195, -483091, 1954 
1719907164485.00, 29051, -482456, 1943 
1719907164506.00, 29202, -481818, 1939 
1719907164529.00, 28932, -481190, 1928 
1719907164550.00, 29204, -480564, 1925 
1719907164572.00, 29036, -479932, 1923 
1719907164594.00, 29133, -479298, 1943 
1719907164615.00, 29030, -478662, 1938 
1719907164637.00, 29281, -478027, 1944 
1719907164659.00, 28926, -477406, 1945 
1719907164686.00, 29114, -476771, 1928 
1719907164702.00, 28975, -476135, 1930 
1719907164724.00, 29058, -475500, 1929 
1719907164746.00, 29141, -474862, 1942 
1719907164767.00, 29176, -474236, 1949 
1719907164789.00, 28942, -473601, 1950 
1719907164810.00, 29048, -472966, 1938 
1719907164833.00, 29019, -472334, 1939 
1719907164854.00, 29297, -471700, 1944 
1719907164876.00, 28949, -471075, 1946 
1719907164900.00, 29074, -470443, 1948 
1719907164919.00, 28998, -469806, 1947 
1719907164941.00, 29197, -469178, 1941 
1719907164963.00, 28895, -468539, 1937 
1719907164984.00, 29024, -467909, 1924 
1719907165009.00, 28852, -467284, 1908 
1719907165028.00, 28900, -466644, 1904 
1719907165050.00, 29204, -466012, 1884 
1719907165071.00, 28961, -465375, 1875 
1719907165093.00, 28956, -464748, 1850 
1719907165118.00, 28882, -464124, 1821 
1719907165137.00, 29046, -463489, 1792 
1719907165158.00, 28971, -462864, 1757 
1719907165179.00, 29238, -462230, 1749 
1719907165201.00, 28951, -461600, 1731 
1719907165223.00, 29116, -460974, 1729 
1719907165245.00, 28999, -460340, 1697 
1719907165267.00, 29096, -459707, 1668 
1719907165288.00, 28946, -459075, 1648 
1719907165310.00, 28971, -458442, 1570 
1719907165332.00, 29040, -457820, 1518 
1719907165353.00, 28850, -457194, 1408 
1719907165375.00, 28979, -456567, 1333 
1719907165396.00, 28713, -455941, 1266 
1719907165418.00, 29101, -455314, 1183 
1719907165440.00, 29023, -454696, 1117 
1719907165462.00, 29058, -454070, 1033 
1719907165483.00, 28759, -453436, 968 
1719907165506.00, 28552, -452821, 829 
1719907165527.00, 28830, -452195, 737 
1719907165549.00, 28845, -451578, 650 
1719907165571.00, 28652, -450967, 492 
1719907165592.00, 28750, -450344, 319 
1719907165614.00, 28837, -449728, 203 
1719907165635.00, 28444, -449119, 80 
1719907165657.00, 20965, -448520, -21 
1719907165679.00, 10348, -448064, -91 
1719907165699.00, -32, -447833, -152 
1719907165722.00, -9717, -447822, -195 
1719907165743.00, -18241, -448013, -231 
1719907165765.00, -24075, -448396, -252 
1719907165786.00, -27366, -448901, -261 
1719907165808.00, -29433, -449491, -266 
1719907165830.00, -28932, -450128, -271 
1719907165851.00, -29188, -450761, -271 
1719907165873.00, -28971, -451399, -267 
1719907165894.00, -29468, -452027, -259 
1719907165916.00, -28946, -452655, -261 
1719907165938.00, -29139, -453285, -265 
1719907165960.00, -29036, -453921, -275 
1719907165981.00, -29272, -454560, -297 
1719907166002.00, -29070, -455188, -329 
1719907166025.00, -29196, -455815, -346 
1719907166046.00, -29018, -456450, -383 
1719907166068.00, -29421, -457082, -382 
1719907166089.00, -29075, -457734, -550 
1719907166111.00, -29199, -458366, -525 
1719907166133.00, -29044, -458995, -588 
1719907166155.00, -29187, -459625, -597 
1719907166175.00, -29112, -460262, -616 
1719907166198.00, -29032, -460902, -686 
1719907166219.00, -29205, -461533, -661 
1719907166241.00, -29031, -462160, -694 
1719907166263.00, -29303, -462788, -708 
1719907166283.00, -29144, -463420, -754 
1719907166306.00, -29217, -464059, -793 
1719907166327.00, -29113, -464693, -805 
1719907166349.00, -29372, -465321, -840 
1719907166370.00, -28952, -465953, -869 
1719907166392.00, -29206, -466585, -890 
1719907166414.00, -29050, -467223, -893 
1719907166435.00, -29161, -467859, -891 
1719907166457.00, -29254, -468486, -882 
1719907166479.00, -29103, -469112, -868 
1719907166501.00, -29023, -469740, -874 
1719907166522.00, -29161, -470376, -856 
1719907166544.00, -29281, -471014, -875 
1719907166565.00, -28941, -471640, -884 
1719907166587.00, -29187, -472265, -878 
1719907166609.00, -28881, -472894, -885 
1719907166630.00, -29188, -473525, -899 
1719907166652.00, -28984, -474163, -896 
1719907166673.00, -29323, -474794, -911 
1719907166695.00, -28847, -475421, -934 
1719907166716.00, -29236, -476050, -926 
1719907166740.00, -28923, -476689, -939 
1719907166760.00, -29337, -477328, -952 
1719907166781.00, -28981, -477955, -962 
1719907166803.00, -29135, -478581, -966 
1719907166825.00, -28987, -479210, -967 
1719907166846.00, -29093, -479839, -943 
1719907166869.00, -29212, -480473, -892 
1719907166890.00, -28950, -481097, -892 
1719907166912.00, -29188, -481722, -852 
1719907166933.00, -28965, -482351, -838 
1719907166956.00, -29204, -482984, -835 
1719907166976.00, -29106, -483619, -822 
1719907166998.00, -29221, -484258, -846 
1719907167020.00, -28865, -484885, -825 
1719907167041.00, -29151, -485511, -809 
1719907167063.00, -29070, -486142, -822 
1719907167085.00, -29148, -486774, -814 
1719907167106.00, -29056, -487407, -797 
1719907167127.00, -29058, -488035, -802 
1719907167150.00, -29165, -488660, -789 
1719907167171.00, -28852, -489286, -780 
1719907167195.00, -29272, -489921, -772 
1719907167215.00, -29007, -490559, -777 
1719907167236.00, -29392, -491190, -764 
1719907167258.00, -28966, -491814, -747 
1719907167279.00, -29157, -492441, -726 
1719907167301.00, -29000, -493075, -701 
1719907167322.00, -29161, -493716, -697 
1719907167344.00, -29131, -494342, -689 
1719907167366.00, -29057, -494962, -672 
1719907167387.00, -29157, -495589, -670 
1719907167409.00, -29133, -496225, -676 
1719907167431.00, -29318, -496863, -670 
1719907167453.00, -29065, -497494, -676 
1719907167474.00, -29293, -498117, -689 
1719907167496.00, -28918, -498746, -690 
1719907167517.00, -29243, -499379, -698 
1719907167539.00, -29098, -500023, -715 
1719907167560.00, -29289, -500653, -715 
1719907167581.00, -28885, -501279, -703 
1719907167604.00, -29043, -501912, -705 
1719907167626.00, -29110, -502539, -693 
1719907167647.00, -29191, -503179, -687 
1719907167669.00, -29226, -503810, -672 
1719907167690.00, -29043, -504435, -689 
1719907167712.00, -29128, -505063, -690 
1719907167734.00, -29153, -505691, -692 
1719907167755.00, -29198, -506325, -677 
1719907167776.00, -28951, -506964, -684 
1719907167799.00, -29251, -507588, -653 
1719907167819.00, -29056, -508215, -635 
1719907167842.00, -29201, -508843, -633 
1719907167864.00, -28905, -509482, -637 
1719907167885.00, -29107, -510123, -656 
1719907167906.00, -29071, -510751, -664 
1719907167928.00, -29128, -511373, -671 
1719907167950.00, -29023, -512005, -675 
1719907167972.00, -29038, -512635, -674 
1719907167993.00, -29142, -513271, -669 
1719907168015.00, -29143, -513900, -668 
1719907168037.00, -29254, -514524, -678 
1719907168058.00, -28841, -515155, -672 
1719907168081.00, -29244, -515790, -679 
1719907168102.00, -28992, -516431, -684 
1719907168123.00, -29478, -517065, -692 
1719907168145.00, -28952, -517695, -715 
1719907168167.00, -29365, -518325, -735 
1719907168188.00, -28956, -518956, -747 
1719907168209.00, -29421, -519596, -768 
1719907168231.00, -28871, -520229, -786 
1719907168253.00, -29203, -520852, -799 
1719907168275.00, -28982, -521482, -824 
1719907168296.00, -29178, -522116, -865 
1719907168318.00, -29154, -522758, -900 
1719907168340.00, -29242, -523394, -926 
1719907168360.00, -29086, -524021, -959 
1719907168383.00, -29261, -524651, -978 
1719907168404.00, -29099, -525284, -1014 
1719907168426.00, -29175, -525926, -1050 
1719907168448.00, -29090, -526566, -1063 
1719907168470.00, -29208, -527197, -1090 
1719907168491.00, -28946, -527827, -1116 
1719907168515.00, -29354, -528462, -1139 
1719907168535.00, -28981, -529097, -1151 
1719907168556.00, -29302, -529736, -1161 
1719907168579.00, -28987, -530367, -1173 
1719907168600.00, -29194, -531000, -1202 
1719907168625.00, -29175, -531628, -1217 
1719907168644.00, -29313, -532264, -1211 
1719907168665.00, -28970, -532906, -1219 
1719907168686.00, -29121, -533542, -1230 
1719907168709.00, -29199, -534171, -1222 
1719907168734.00, -29162, -534802, -1229 
1719907168752.00, -28918, -535439, -1250 
1719907168774.00, -28976, -536082, -1260 
1719907168796.00, -29005, -536714, -1279 
1719907168817.00, -29376, -537336, -1265 
1719907168845.00, -28908, -537965, -1276 
1719907168860.00, -29046, -538597, -1272 
1719907168883.00, -28948, -539233, -1273 
1719907168904.00, -29221, -539870, -1263 
1719907168926.00, -29024, -540498, -1253 
1719907168948.00, -29132, -541126, -1255 
1719907168970.00, -28976, -541757, -1245 
1719907168991.00, -29073, -542397, -1237 
1719907169013.00, -29160, -543030, -1222 
1719907169035.00, -29230, -543660, -1220 
1719907169060.00, -28891, -544287, -1216 
1719907169078.00, -29149, -544919, -1205 
1719907169100.00, -29010, -545554, -1201 
1719907169122.00, -29148, -546189, -1196 
1719907169143.00, -28985, -546819, -1188 
1719907169166.00, -29148, -547448, -1186 
1719907169187.00, -29056, -548079, -1161 
1719907169208.00, -29275, -548717, -1143 
1719907169230.00, -28951, -549353, -1124 
1719907169251.00, -29168, -549981, -1088 
1719907169274.00, -28848, -550609, -1073 
1719907169295.00, -28995, -551235, -1042 
1719907169317.00, -29250, -551869, -1034 
1719907169338.00, -29215, -552505, -1033 
1719907169360.00, -28949, -553137, -1025 
1719907169385.00, -28912, -553764, -1030 
1719907169404.00, -29022, -554394, -1028 
1719907169426.00, -29102, -555028, -1011 
1719907169447.00, -29121, -555660, -995 
1719907169468.00, -29008, -556293, -964 
1719907169493.00, -29061, -556916, -940 
1719907169512.00, -29063, -557540, -897 
1719907169534.00, -29231, -558168, -869 
1719907169555.00, -28897, -558802, -877 
1719907169577.00, -28914, -559432, -860 
1719907169599.00, -29236, -560059, -848 
1719907169620.00, -29064, -560683, -851 
1719907169642.00, -29280, -561312, -846 
1719907169663.00, -28834, -561944, -829 
1719907169685.00, -29072, -562578, -810 
1719907169708.00, -29070, -563197, -773 
1719907169728.00, -29059, -563819, -751 
1719907169750.00, -29083, -564449, -751 
1719907169772.00, -28940, -565080, -716 
1719907169793.00, -29300, -565714, -676 
1719907169818.00, -28910, -566342, -676 
1719907169837.00, -29128, -566967, -648 
1719907169858.00, -28832, -567590, -618 
1719907169880.00, -28836, -568225, -590 
1719907169901.00, -29039, -568852, -554 
1719907169923.00, -28905, -569471, -496 
1719907169945.00, -29079, -570091, -440 
1719907169967.00, -28899, -570710, -389 
1719907169987.00, -28957, -571342, -361 
1719907170009.00, -29172, -571970, -342 
1719907170032.00, -29017, -572599, -317 
1719907170053.00, -29236, -573226, -305 
1719907170075.00, -28842, -573857, -318 
1719907170096.00, -29066, -574490, -312 
1719907170118.00, -29084, -575123, -304 
1719907170140.00, -29199, -575754, -300 
1719907170161.00, -29068, -576378, -302 
1719907170183.00, -28983, -577003, -289 
1719907170204.00, -29122, -577631, -263 
1719907170226.00, -29044, -578262, -249 
1719907170248.00, -29171, -578894, -242 
1719907170269.00, -29023, -579521, -247 
1719907170291.00, -29080, -580147, -251 
1719907170313.00, -29185, -580782, -264 
1719907170335.00, -29309, -581419, -276 
1719907170355.00, -28885, -582055, -296 
1719907170377.00, -28834, -582683, -305 
1719907170399.00, -29096, -583308, -309 
1719907170420.00, -29101, -583933, -310 
1719907170442.00, -29276, -584570, -318 
1719907170464.00, -28909, -585204, -340 
1719907170485.00, -29170, -585832, -338 
1719907170507.00, -29058, -586454, -313 
1719907170529.00, -29267, -587082, -302 
1719907170551.00, -29002, -587715, -297 
1719907170572.00, -28891, -588345, -295 
1719907170594.00, -29049, -588974, -260 
1719907170615.00, -29058, -589594, -239 
1719907170637.00, -29198, -590223, -222 
1719907170658.00, -28814, -590852, -202 
1719907170680.00, -28227, -591484, -163 
1719907170702.00, -25938, -592098, -108 
1719907170723.00, -21120, -592654, -64 
1719907170745.00, -15709, -593112, -25 
1719907170766.00, -8300, -593453, 3 
1719907170787.00, -4093, -593643, 31 
1719907170809.00, 24, -593732, 50 
1719907170830.00, 3254, -593749, 59 
1719907170852.00, 6251, -593691, 72 
1719907170873.00, 8753, -593560, 98 
1719907170894.00, 11689, -593368, 134 
1719907170917.00, 15353, -593116, 152 
1719907170938.00, 18645, -592787, 144 
1719907170960.00, 20291, -592388, 143 
1719907170982.00, 21095, -591952, 139 
1719907171003.00, 21340, -591492, 124 
1719907171025.00, 20622, -591031, 107 
1719907171046.00, 19004, -590582, 88 
1719907171068.00, 17300, -590170, 63 
1719907171090.00, 14317, -589803, 31 
1719907171111.00, 10966, -589490, 15 
1719907171134.00, 7791, -589259, -13 
1719907171154.00, 4104, -589095, -52 
1719907171175.00, -33, -589006, -97 
1719907171197.00, -5175, -589003, -129 
1719907171218.00, -10463, -589105, -131 
1719907171243.00, -13954, -589322, -130 
1719907171262.00, -15826, -589619, -159 
1719907171284.00, -18607, -589960, -162 
1719907171305.00, -20300, -590362, -157 
1719907171326.00, -21250, -590808, -185 
1719907171349.00, -23383, -591272, -224 
1719907171370.00, -25911, -591778, -207 
1719907171392.00, -27684, -592339, -182 
1719907171413.00, -26884, -592926, -149 
1719907171435.00, -15717, -593505, -91 
1719907171458.00, -8941, -593851, -4 
1719907171478.00, -4762, -594035, 73 
1719907171498.00, 1473, -594138, 145 
1719907171520.00, 9972, -594117, 186 
1719907171542.00, 17571, -593911, 247 
1719907171568.00, 23529, -593534, 333 
1719907171586.00, 27209, -593041, 359 
1719907171607.00, 28942, -592450, 526 
1719907171628.00, 29365, -591825, 551 
1719907171650.00, 29345, -591184, 607 
1719907171671.00, 29291, -590546, 666 
1719907171693.00, 29284, -589912, 724 
1719907171715.00, 29005, -589272, 833 
1719907171737.00, 29196, -588641, 933 
1719907171759.00, 29124, -588008, 935 
1719907171780.00, 29290, -587371, 993 
1719907171802.00, 29084, -586737, 1043 
1719907171824.00, 29106, -586105, 1062 
1719907171845.00, 29059, -585471, 1094 
1719907171870.00, 29393, -584833, 1132 
1719907171889.00, 28881, -584197, 1169 
1719907171910.00, 29078, -583564, 1170 
1719907171932.00, 29032, -582933, 1190 
1719907171954.00, 29171, -582298, 1243 
1719907171975.00, 29144, -581661, 1268 
1719907171997.00, 29301, -581027, 1276 
1719907172019.00, 28990, -580390, 1296 
1719907172041.00, 29206, -579753, 1325 
1719907172063.00, 28977, -579123, 1343 
1719907172084.00, 29303, -578491, 1337 
1719907172106.00, 29028, -577855, 1370 
1719907172129.00, 29156, -577222, 1398 
1719907172150.00, 28947, -576591, 1399 
1719907172171.00, 29238, -575961, 1392 
1719907172192.00, 28974, -575330, 1414 
1719907172215.00, 29157, -574694, 1424 
1719907172237.00, 29020, -574060, 1427 
1719907172258.00, 29181, -573423, 1450 
1719907172280.00, 29065, -572792, 1460 
1719907172302.00, 29296, -572160, 1444 
1719907172323.00, 28850, -571527, 1448 
1719907172345.00, 29094, -570893, 1458 
1719907172366.00, 28989, -570261, 1468 
1719907172388.00, 29342, -569632, 1460 
1719907172410.00, 28888, -569002, 1485 
1719907172432.00, 29200, -568369, 1472 
1719907172454.00, 28815, -567734, 1486 
1719907172475.00, 29203, -567098, 1481 
1719907172497.00, 29039, -566472, 1472 
1719907172518.00, 29041, -565840, 1481 
1719907172540.00, 28957, -565207, 1489 
1719907172562.00, 29172, -564570, 1478 
1719907172584.00, 29072, -563935, 1483 
1719907172605.00, 29148, -563302, 1485 
1719907172627.00, 29014, -562674, 1479 
1719907172649.00, 29218, -562045, 1464 
1719907172671.00, 29199, -561409, 1462 
1719907172692.00, 29227, -560776, 1454 
1719907172714.00, 28843, -560144, 1428 
1719907172736.00, 28922, -559513, 1441 
1719907172757.00, 29063, -558888, 1405 
1719907172782.00, 29078, -558256, 1380 
1719907172801.00, 29102, -557621, 1352 
1719907172823.00, 29058, -556991, 1336 
1719907172845.00, 28972, -556359, 1328 
1719907172867.00, 29067, -555728, 1336 
1719907172888.00, 29076, -555094, 1334 
1719907172910.00, 28989, -554455, 1342 
1719907172932.00, 29031, -553823, 1319 
1719907172953.00, 29021, -553196, 1319 
1719907172974.00, 29134, -552570, 1303 
1719907172997.00, 29039, -551935, 1308 
1719907173018.00, 29004, -551296, 1283 
1719907173040.00, 28898, -550666, 1264 
1719907173062.00, 29201, -550037, 1242 
1719907173084.00, 29013, -549410, 1232 
1719907173106.00, 29179, -548774, 1221 
1719907173127.00, 28964, -548136, 1226 
1719907173149.00, 29105, -547501, 1209 
1719907173171.00, 29162, -546871, 1216 
1719907173192.00, 29330, -546241, 1194 
1719907173215.00, 28922, -545608, 1202 
1719907173236.00, 28998, -544971, 1214 
1719907173257.00, 29233, -544336, 1242 
1719907173279.00, 29322, -543702, 1262 
1719907173300.00, 28971, -543071, 1282 
1719907173322.00, 29047, -542439, 1294 
1719907173344.00, 29043, -541804, 1284 
1719907173366.00, 29248, -541165, 1274 
1719907173388.00, 29090, -540537, 1236 
1719907173410.00, 28918, -539906, 1240 
1719907173434.00, 28935, -539274, 1256 
1719907173453.00, 29328, -538637, 1276 
1719907173475.00, 29048, -538000, 1325 
1719907173496.00, 29025, -537365, 1332 
1719907173518.00, 29111, -536736, 1349 
1719907173539.00, 28800, -536106, 1385 
1719907173562.00, 29132, -535468, 1365 
1719907173583.00, 29132, -534831, 1388 
1719907173605.00, 29027, -534198, 1404 
1719907173627.00, 29142, -533565, 1411 
1719907173651.00, 29088, -532933, 1442 
1719907173670.00, 29107, -532293, 1425 
1719907173693.00, 29370, -531653, 1471 
1719907173714.00, 28972, -531018, 1490 
1719907173735.00, 29289, -530385, 1538 
1719907173758.00, 28853, -529755, 1539 
1719907173779.00, 29240, -529125, 1503 
1719907173800.00, 28931, -528494, 1474 
1719907173822.00, 29163, -527860, 1469 
1719907173843.00, 28986, -527231, 1448 
1719907173866.00, 29314, -526603, 1462 
1719907173888.00, 29254, -525969, 1467 
1719907173909.00, 29254, -525332, 1497 
1719907173931.00, 28831, -524694, 1477 
1719907173952.00, 29151, -524058, 1473 
1719907173974.00, 29140, -523435, 1457 
1719907173996.00, 29189, -522805, 1437 
1719907174018.00, 28880, -522168, 1414 
1719907174039.00, 29051, -521533, 1379 
1719907174061.00, 29243, -520903, 1374 
1719907174083.00, 29403, -520274, 1411 
1719907174105.00, 28961, -519645, 1410 
1719907174126.00, 29096, -519007, 1422 
1719907174148.00, 28980, -518375, 1402 
1719907174170.00, 29326, -517740, 1381 
1719907174196.00, 29036, -517110, 1385 
1719907174213.00, 29132, -516479, 1407 
1719907174235.00, 29029, -515838, 1395 
1719907174256.00, 29269, -515202, 1405 
1719907174279.00, 29058, -514563, 1413 
1719907174302.00, 29055, -513935, 1415 
1719907174321.00, 28920, -513308, 1382 
1719907174344.00, 29150, -512675, 1337 
1719907174366.00, 29048, -512040, 1364 
1719907174387.00, 29243, -511409, 1338 
1719907174409.00, 28932, -510778, 1367 
1719907174430.00, 29105, -510151, 1372 
1719907174452.00, 29137, -509515, 1371 
1719907174474.00, 29186, -508874, 1367 
1719907174496.00, 28957, -508244, 1361 
1719907174518.00, 29167, -507606, 1368 
1719907174539.00, 28963, -506977, 1364 
1719907174561.00, 29270, -506339, 1411 
1719907174583.00, 29054, -505705, 1401 
1719907174605.00, 29114, -505070, 1423 
1719907174626.00, 28999, -504439, 1417 
1719907174648.00, 29288, -503810, 1418 
1719907174669.00, 29061, -503183, 1365 
1719907174691.00, 29168, -502543, 1388 
1719907174713.00, 29060, -501913, 1377 
1719907174735.00, 29199, -501275, 1400 
1719907174757.00, 29156, -500639, 1410 
1719907174778.00, 29035, -500011, 1440 
1719907174800.00, 28923, -499371, 1404 
1719907174821.00, 29010, -498737, 1360 
1719907174843.00, 28943, -498099, 1385 
1719907174865.00, 29314, -497475, 1352 
1719907174887.00, 29171, -496848, 1361 
1719907174909.00, 29168, -496207, 1389 
1719907174930.00, 29001, -495573, 1372 
1719907174952.00, 29212, -494939, 1401 
1719907174973.00, 29034, -494309, 1382 
1719907174995.00, 29126, -493682, 1396 
1719907175017.00, 29041, -493046, 1393 
1719907175039.00, 28992, -492408, 1394 
1719907175061.00, 29207, -491771, 1440 
1719907175082.00, 29285, -491137, 1422 
1719907175104.00, 28995, -490507, 1437 
1719907175126.00, 28991, -489871, 1448 
1719907175148.00, 28981, -489235, 1412 
1719907175169.00, 29252, -488607, 1388 
1719907175191.00, 28987, -487976, 1390 
1719907175213.00, 28918, -487349, 1364 
1719907175234.00, 28947, -486716, 1370 
1719907175256.00, 29287, -486080, 1374 
1719907175278.00, 29113, -485449, 1363 
1719907175300.00, 28966, -484813, 1384 
1719907175322.00, 29151, -484182, 1394 
1719907175343.00, 29153, -483549, 1401 
1719907175365.00, 29173, -482910, 1379 
1719907175387.00, 28896, -482275, 1365 
1719907175408.00, 28911, -481643, 1300 
1719907175430.00, 29000, -481015, 1305 
1719907175452.00, 29077, -480391, 1282 
1719907175472.00, 29144, -479757, 1267 
1719907175495.00, 29007, -479122, 1255 
1719907175517.00, 29056, -478487, 1268 
1719907175539.00, 29286, -477859, 1265 
1719907175560.00, 29167, -477226, 1289 
1719907175582.00, 29200, -476589, 1292 
1719907175603.00, 28958, -475951, 1286 
1719907175626.00, 29142, -475318, 1269 
1719907175647.00, 29192, -474684, 1282 
1719907175668.00, 29312, -474054, 1278 
1719907175691.00, 28998, -473421, 1276 
1719907175713.00, 29177, -472785, 1256 
1719907175734.00, 28951, -472154, 1239 
1719907175756.00, 29269, -471521, 1247 
1719907175777.00, 28776, -470897, 1227 
1719907175799.00, 28944, -470263, 1211 
1719907175821.00, 28952, -469628, 1184 
1719907175843.00, 29139, -468998, 1207 
1719907175865.00, 29201, -468363, 1207 
1719907175886.00, 29192, -467735, 1176 
1719907175908.00, 28900, -467098, 1193 
1719907175930.00, 28865, -466461, 1169 
1719907175951.00, 29103, -465827, 1156 
1719907175974.00, 29129, -465199, 1122 
1719907175994.00, 28906, -464574, 1072 
1719907176017.00, 28865, -463943, 1029 
1719907176038.00, 29042, -463310, 998 
1719907176060.00, 29019, -462687, 935 
1719907176081.00, 29034, -462060, 880 
1719907176103.00, 28800, -461438, 793 
1719907176125.00, 28644, -460819, 692 
1719907176146.00, 28950, -460194, 576 
1719907176170.00, 28869, -459574, 491 
1719907176190.00, 28952, -458950, 383 
1719907176211.00, 29112, -458332, 310 
1719907176233.00, 28891, -457708, 275 
1719907176254.00, 29038, -457075, 226 
1719907176276.00, 28871, -456448, 180 
1719907176298.00, 27469, -455828, 112 
1719907176319.00, 22518, -455247, 59 
1719907176341.00, 16080, -454773, -18 
1719907176362.00, 7631, -454422, -99 
1719907176384.00, -1548, -454252, -148 
1719907176406.00, -10378, -454273, -177 
1719907176427.00, -17573, -454488, -206 
1719907176449.00, -23379, -454857, -226 
1719907176471.00, -27232, -455355, -244 
1719907176496.00, -29141, -455934, -242 
1719907176514.00, -29245, -456565, -247 
1719907176536.00, -28992, -457198, -256 
1719907176557.00, -29110, -457836, -268 
1719907176579.00, -29167, -458462, -264 
1719907176600.00, -29133, -459089, -265 
1719907176621.00, -29069, -459723, -289 
1719907176644.00, -29069, -460363, -314 
1719907176665.00, -29251, -461002, -333 
1719907176687.00, -29029, -461628, -308 
1719907176708.00, -29298, -462259, -441 
1719907176730.00, -29033, -462892, -421 
1719907176752.00, -29312, -463524, -434 
1719907176774.00, -29061, -464167, -475 
1719907176795.00, -29336, -464799, -481 
1719907176817.00, -28887, -465423, -490 
1719907176838.00, -29288, -466054, -507 
1719907176860.00, -29021, -466691, -534 
1719907176882.00, -29348, -467332, -546 
1719907176903.00, -28885, -467968, -582 
1719907176927.00, -29306, -468600, -639 
1719907176947.00, -29024, -469231, -641 
1719907176968.00, -29148, -469862, -658 
1719907176989.00, -29059, -470501, -684 
1719907177012.00, -29274, -471138, -704 
1719907177033.00, -29220, -471763, -728 
1719907177055.00, -29218, -472392, -741 
1719907177077.00, -29174, -473021, -768 
1719907177098.00, -29191, -473658, -796 
1719907177120.00, -29098, -474297, -826 
1719907177141.00, -29268, -474926, -852 
1719907177163.00, -29151, -475556, -863 
1719907177185.00, -29085, -476188, -883 
1719907177206.00, -29196, -476826, -902 
1719907177228.00, -29059, -477467, -893 
1719907177250.00, -29227, -478092, -883 
1719907177271.00, -28923, -478717, -874 
1719907177293.00, -29205, -479342, -854 
1719907177315.00, -28942, -479977, -856 
1719907177336.00, -29472, -480612, -864 
1719907177357.00, -29093, -481242, -876 
1719907177379.00, -29153, -481868, -889 
1719907177401.00, -29169, -482498, -906 
1719907177423.00, -29157, -483134, -923 
1719907177445.00, -29045, -483775, -940 
1719907177465.00, -29163, -484408, -963 
1719907177488.00, -29016, -485037, -964 
1719907177509.00, -29026, -485664, -967 
1719907177531.00, -29354, -486299, -981 
1719907177553.00, -29021, -486934, -988 
1719907177574.00, -29233, -487564, -989 
1719907177596.00, -28905, -488192, -984 
1719907177617.00, -29312, -488817, -988 
1719907177639.00, -28819, -489450, -1000 
1719907177661.00, -29309, -490086, -1003 
1719907177683.00, -28951, -490725, -975 
1719907177704.00, -29276, -491354, -977 
1719907177726.00, -29154, -491983, -971 
1719907177748.00, -29238, -492611, -978 
1719907177769.00, -28986, -493248, -986 
1719907177791.00, -29289, -493883, -993 
1719907177812.00, -29002, -494510, -979 
1719907177834.00, -29036, -495135, -965 
1719907177856.00, -29147, -495761, -944 
1719907177878.00, -29068, -496393, -939 
1719907177898.00, -29172, -497032, -937 
1719907177920.00, -29198, -497661, -938 
1719907177942.00, -29262, -498286, -932 
1719907177964.00, -28996, -498912, -932 
1719907177986.00, -29245, -499548, -933 
1719907178006.00, -28916, -500187, -929 
1719907178029.00, -29190, -500817, -914 
1719907178051.00, -28974, -501448, -926 
1719907178071.00, -29236, -502077, -931 
1719907178094.00, -29170, -502707, -933 
1719907178115.00, -29266, -503348, -938 
1719907178137.00, -29099, -503980, -959 
1719907178159.00, -29206, -504607, -982 
1719907178180.00, -29031, -505231, -986 
1719907178202.00, -29094, -505866, -1004 
1719907178224.00, -29323, -506504, -1020 
1719907178246.00, -29183, -507142, -1038 
1719907178267.00, -28897, -507774, -1048 
1719907178288.00, -29037, -508402, -1024 
1719907178311.00, -29039, -509037, -1034 
1719907178332.00, -29236, -509675, -1011 
1719907178357.00, -29029, -510313, -1011 
1719907178376.00, -29111, -510944, -1023 
1719907178397.00, -28982, -511571, -1001 
1719907178418.00, -29454, -512203, -997 
1719907178441.00, -28879, -512834, -993 
1719907178462.00, -29124, -513470, -979 
1719907178484.00, -28963, -514097, -974 
1719907178505.00, -29052, -514721, -958 
1719907178527.00, -29121, -515350, -955 
1719907178549.00, -28895, -515983, -961 
1719907178574.00, -28983, -516625, -956 
1719907178592.00, -28989, -517254, -957 
1719907178614.00, -29199, -517879, -950 
1719907178635.00, -29008, -518502, -932 
1719907178657.00, -28888, -519134, -929 
1719907178680.00, -29091, -519770, -905 
1719907178701.00, -29037, -520395, -887 
1719907178722.00, -29212, -521014, -840 
1719907178744.00, -28846, -521640, -829 
1719907178765.00, -28959, -522271, -802 
1719907178787.00, -29046, -522905, -796 
1719907178808.00, -29152, -523535, -777 
1719907178830.00, -29110, -524159, -760 
1719907178852.00, -29070, -524786, -746 
1719907178873.00, -29156, -525418, -751 
1719907178895.00, -29025, -526054, -719 
1719907178917.00, -29185, -526684, -705 
1719907178939.00, -28992, -527309, -693 
1719907178960.00, -29049, -527932, -660 
1719907178982.00, -29176, -528562, -644 
1719907179004.00, -29115, -529195, -632 
1719907179025.00, -29127, -529829, -628 
1719907179046.00, -28963, -530455, -626 
1719907179068.00, -29124, -531081, -613 
1719907179090.00, -29112, -531709, -624 
1719907179111.00, -29255, -532345, -632 
1719907179133.00, -28928, -532984, -621 
1719907179155.00, -29065, -533613, -611 
1719907179177.00, -28883, -534235, -591 
1719907179198.00, -29052, -534861, -575 
1719907179220.00, -29158, -535491, -564 
1719907179241.00, -29037, -536130, -565 
1719907179262.00, -29191, -536760, -564 
1719907179285.00, -29122, -537381, -568 
1719907179307.00, -29356, -538012, -589 
1719907179328.00, -28945, -538644, -607 
1719907179350.00, -29117, -539282, -614 
1719907179371.00, -28920, -539912, -610 
1719907179393.00, -29058, -540537, -613 
1719907179415.00, -29330, -541166, -628 
1719907179436.00, -29129, -541797, -623 
1719907179458.00, -29084, -542435, -624 
1719907179480.00, -29084, -543068, -623 
1719907179501.00, -29204, -543694, -627 
1719907179523.00, -28898, -544321, -622 
1719907179544.00, -29186, -544948, -619 
1719907179566.00, -28859, -545585, -623 
1719907179588.00, -29139, -546216, -619 
1719907179609.00, -28958, -546840, -608 
1719907179630.00, -29124, -547467, -611 
1719907179653.00, -29062, -548095, -606 
1719907179674.00, -29031, -548731, -599 
1719907179696.00, -29182, -549367, -588 
1719907179717.00, -29052, -549994, -594 
1719907179740.00, -29138, -550622, -585 
1719907179761.00, -28969, -551247, -582 
1719907179783.00, -29206, -551884, -593 
1719907179804.00, -29078, -552518, -602 
1719907179825.00, -29144, -553149, -603 
1719907179847.00, -29200, -553771, -601 
1719907179869.00, -29006, -554402, -599 
1719907179890.00, -29153, -555033, -599 
1719907179912.00, -29057, -555667, -598 
1719907179934.00, -29249, -556300, -589 
1719907179955.00, -28979, -556922, -572 
1719907179977.00, -29318, -557549, -561 
1719907179999.00, -28940, -558180, -566 
1719907180021.00, -29184, -558818, -578 
1719907180042.00, -29029, -559446, -585 
1719907180064.00, -29139, -560072, -575 
1719907180085.00, -29066, -560698, -572 
1719907180107.00, -28920, -561328, -566 
1719907180129.00, -29085, -561963, -562 
1719907180150.00, -29051, -562594, -561 
1719907180171.00, -29214, -563217, -554 
1719907180194.00, -28918, -563843, -543 
1719907180216.00, -29018, -564474, -542 
1719907180236.00, -29135, -565107, -546 
1719907180258.00, -29011, -565739, -534 
1719907180280.00, -29112, -566367, -521 
1719907180302.00, -28835, -566991, -515 
1719907180323.00, -29178, -567622, -513 
1719907180345.00, -28985, -568252, -489 
1719907180367.00, -29162, -568887, -471 
1719907180388.00, -29110, -569515, -474 
1719907180409.00, -29093, -570134, -475 
1719907180434.00, -29152, -570764, -460 
1719907180453.00, -29082, -571395, -458 
1719907180474.00, -29128, -572030, -462 
1719907180496.00, -29036, -572662, -458 
1719907180518.00, -29196, -573286, -438 
1719907180540.00, -29096, -573918, -434 
1719907180561.00, -29303, -574551, -433 
1719907180583.00, -28942, -575185, -429 
1719907180605.00, -28961, -575814, -408 
1719907180625.00, -29121, -576436, -400 
1719907180649.00, -29002, -577061, -407 
1719907180669.00, -29199, -577691, -391 
1719907180691.00, -29019, -578322, -368 
1719907180713.00, -29156, -578953, -353 
1719907180734.00, -28924, -579577, -347 
1719907180756.00, -29106, -580204, -330 
1719907180778.00, -29161, -580832, -313 
1719907180799.00, -29104, -581468, -303 
1719907180821.00, -29132, -582098, -280 
1719907180842.00, -29005, -582725, -265 
1719907180868.00, -29109, -583349, -245 
1719907180886.00, -28948, -583977, -233 
1719907180908.00, -29099, -584609, -211 
1719907180929.00, -28948, -585236, -192 
1719907180951.00, -27838, -585868, -197 
1719907180973.00, -27769, -586471, -179 
1719907180994.00, -26483, -587068, -160 
1719907181016.00, -24548, -587647, -151 
1719907181037.00, -22850, -588183, -148 
1719907181059.00, -21515, -588685, -131 
1719907181080.00, -19763, -589154, -118 
1719907181102.00, -18167, -589583, -118 
1719907181124.00, -17167, -589975, -101 
1719907181145.00, -15448, -590349, -83 
1719907181167.00, -13377, -590688, -69 
1719907181188.00, -11322, -590985, -55 
1719907181210.00, -9127, -591234, -42 
1719907181231.00, -7371, -591437, -25 
1719907181253.00, -5399, -591595, -8 
1719907181274.00, -2532, -591709, 8 
1719907181295.00, -802, -591767, 28 
1719907181317.00, 1244, -591786, 42 
1719907181338.00, 3753, -591771, 49 
1719907181360.00, 5637, -591698, 56 
1719907181381.00, 7243, -591579, 45 
1719907181403.00, 7517, -591422, 39 
1719907181424.00, 7248, -591261, 39 
1719907181446.00, 7105, -591105, 35 
1719907181467.00, 6775, -590953, 30 
1719907181488.00, 6252, -590806, 26 
1719907181510.00, 5565, -590668, 21 
1719907181532.00, 4994, -590543, 18 
1719907181553.00, 4470, -590436, 17 
1719907181573.00, 4047, -590341, 10 
1719907181595.00, -25, -590255, 0 
1719907181617.00, 152, -590248, -20 
1719907181638.00, -60, -590247, -44 
1719907181660.00, -2139, -590249, -53 
1719907181681.00, -3843, -590285, -19 
1719907181702.00, -2920, -590358, 15 
1719907181724.00, -255, -590419, 57 
1719907181745.00, 3319, -590417, 110 
1719907181767.00, 9089, -590357, 171 
1719907181788.00, 16604, -590168, 222 
1719907181810.00, 22787, -589826, 258 
1719907181832.00, 26434, -589336, 313 
1719907181853.00, 28894, -588765, 366 
1719907181874.00, 29173, -588140, 400 
1719907181896.00, 29503, -587508, 398 
1719907181918.00, 29003, -586862, 535 
1719907181940.00, 29252, -586234, 541 
1719907181961.00, 29192, -585605, 590 
1719907181983.00, 29166, -584971, 614 
1719907182005.00, 29378, -584330, 669 
1719907182027.00, 29236, -583696, 719 
1719907182048.00, 29213, -583061, 750 
1719907182073.00, 29008, -582432, 774 
1719907182091.00, 29362, -581798, 806 
1719907182113.00, 29198, -581160, 865 
1719907182135.00, 29163, -580523, 920 
1719907182156.00, 29042, -579887, 912 
1719907182178.00, 29376, -579263, 931 
1719907182199.00, 29114, -578634, 931 
1719907182221.00, 29160, -577999, 946 
1719907182242.00, 28989, -577367, 962 
1719907182264.00, 29300, -576734, 970 
1719907182291.00, 29014, -576109, 990 
1719907182308.00, 29126, -575480, 987 
1719907182329.00, 29067, -574846, 1001 
1719907182351.00, 29254, -574208, 1020 
1719907182372.00, 29216, -573569, 1040 
1719907182395.00, 29283, -572937, 1032 
1719907182416.00, 28840, -572305, 1048 
1719907182438.00, 29264, -571670, 1055 
1719907182459.00, 29171, -571029, 1086 
1719907182482.00, 29341, -570395, 1108 
1719907182503.00, 28811, -569767, 1116 
1719907182524.00, 29226, -569137, 1116 
1719907182547.00, 28975, -568505, 1080 
1719907182568.00, 29390, -567868, 1069 
1719907182590.00, 28971, -567234, 1066 
1719907182612.00, 29148, -566600, 1057 
1719907182633.00, 28856, -565971, 1051 
1719907182655.00, 29263, -565337, 1047 
1719907182677.00, 29009, -564698, 1034 
1719907182699.00, 29275, -564066, 1010 
1719907182721.00, 29075, -563431, 1019 
1719907182742.00, 29127, -562803, 1021 
1719907182764.00, 29164, -562170, 1038 
1719907182786.00, 29284, -561531, 1061 
1719907182807.00, 29035, -560897, 1064 
1719907182829.00, 29135, -560263, 1050 
1719907182851.00, 29072, -559635, 1044 
1719907182872.00, 29203, -559006, 1032 
1719907182894.00, 29241, -558368, 1031 
1719907182916.00, 28956, -557730, 1028 
1719907182938.00, 29234, -557096, 1030 
1719907182959.00, 29165, -556462, 1051 
1719907182981.00, 29301, -555832, 1075 
1719907183003.00, 29033, -555197, 1089 
1719907183025.00, 29158, -554559, 1105 
1719907183046.00, 28865, -553924, 1075 
1719907183068.00, 29340, -553296, 1062 
1719907183091.00, 29013, -552670, 1053 
1719907183111.00, 29211, -552036, 1048 
1719907183133.00, 28927, -551398, 1046 
1719907183155.00, 29197, -550762, 1040 
1719907183176.00, 29082, -550130, 1062 
1719907183198.00, 29327, -549499, 1081 
1719907183220.00, 29000, -548862, 1095 
1719907183242.00, 29311, -548221, 1124 
1719907183264.00, 29181, -547581, 1148 
1719907183284.00, 29316, -546947, 1188 
1719907183306.00, 28945, -546317, 1188 
1719907183328.00, 29063, -545680, 1221 
1719907183351.00, 29013, -545044, 1219 
1719907183372.00, 29276, -544409, 1232 
1719907183394.00, 29121, -543776, 1248 
1719907183415.00, 29006, -543146, 1253 
1719907183438.00, 29082, -542513, 1273 
1719907183459.00, 29171, -541876, 1276 
1719907183481.00, 29153, -541240, 1237 
1719907183505.00, 28995, -540609, 1241 
1719907183524.00, 28849, -539978, 1210 
1719907183546.00, 29032, -539350, 1223 
1719907183568.00, 28956, -538718, 1200 
1719907183589.00, 29214, -538083, 1185 
1719907183611.00, 28871, -537452, 1190 
1719907183633.00, 29058, -536823, 1230 
1719907183655.00, 29100, -536195, 1224 
1719907183676.00, 29335, -535560, 1225 
1719907183697.00, 28927, -534923, 1211 
1719907183720.00, 29068, -534294, 1179 
1719907183741.00, 28924, -533662, 1176 
1719907183763.00, 29244, -533032, 1179 
1719907183785.00, 29022, -532397, 1170 
1719907183806.00, 29114, -531759, 1158 
1719907183829.00, 28953, -531127, 1148 
1719907183850.00, 29125, -530494, 1157 
1719907183872.00, 29095, -529867, 1165 
1719907183894.00, 29116, -529237, 1153 
1719907183914.00, 28967, -528600, 1166 
1719907183941.00, 29140, -527964, 1171 
1719907183959.00, 29002, -527334, 1148 
1719907183979.00, 29217, -526705, 1143 
1719907184001.00, 29028, -526078, 1106 
1719907184023.00, 29019, -525441, 1102 
1719907184045.00, 28754, -524803, 1103 
1719907184067.00, 29090, -524172, 1100 
1719907184088.00, 29096, -523547, 1091 
1719907184110.00, 29125, -522918, 1090 
1719907184132.00, 28962, -522279, 1093 
1719907184156.00, 29268, -521640, 1099 
1719907184176.00, 29193, -521007, 1128 
1719907184198.00, 29252, -520377, 1157 
1719907184220.00, 28887, -519749, 1171 
1719907184241.00, 29131, -519112, 1193 
1719907184263.00, 29083, -518475, 1189 
1719907184284.00, 29240, -517844, 1171 
1719907184306.00, 28742, -517214, 1147 
1719907184327.00, 29013, -516587, 1124 
1719907184350.00, 29091, -515951, 1120 
1719907184372.00, 29324, -515315, 1109 
1719907184393.00, 28879, -514681, 1113 
1719907184415.00, 29119, -514048, 1125 
1719907184437.00, 28997, -513424, 1110 
1719907184458.00, 29316, -512788, 1092 
1719907184480.00, 29012, -512155, 1101 
1719907184502.00, 29148, -511524, 1107 
1719907184524.00, 28961, -510891, 1124 
1719907184545.00, 29224, -510261, 1139 
1719907184567.00, 29088, -509627, 1146 
1719907184590.00, 29333, -508987, 1163 
1719907184610.00, 28935, -508355, 1170 
1719907184632.00, 29263, -507718, 1164 
1719907184654.00, 29046, -507092, 1155 
1719907184675.00, 29228, -506458, 1165 
1719907184697.00, 28829, -505822, 1155 
1719907184719.00, 29018, -505190, 1136 
1719907184741.00, 28815, -504562, 1123 
1719907184763.00, 29141, -503936, 1101 
1719907184785.00, 28780, -503308, 1115 
1719907184808.00, 28918, -502672, 1095 
1719907184828.00, 28970, -502043, 1081 
1719907184850.00, 29042, -501410, 1081 
1719907184871.00, 29267, -500779, 1097 
1719907184893.00, 29038, -500149, 1098 
1719907184914.00, 28925, -499511, 1116 
1719907184937.00, 28802, -498872, 1091 
1719907184958.00, 29154, -498242, 1098 
1719907184980.00, 29139, -497616, 1090 
1719907185002.00, 28969, -496988, 1096 
1719907185027.00, 28876, -496350, 1084 
1719907185045.00, 29078, -495718, 1059 
1719907185067.00, 29077, -495088, 1046 
1719907185088.00, 29254, -494459, 1037 
1719907185110.00, 28844, -493833, 1044 
1719907185137.00, 29036, -493197, 1024 
1719907185154.00, 29131, -492561, 1010 
1719907185175.00, 29251, -491931, 983 
1719907185196.00, 28778, -491299, 989 
1719907185218.00, 29074, -490671, 985 
1719907185240.00, 29110, -490043, 973 
1719907185262.00, 29144, -489408, 953 
1719907185284.00, 28978, -488782, 925 
1719907185305.00, 28841, -488152, 918 
1719907185327.00, 29181, -487529, 900 
1719907185352.00, 28968, -486905, 881 
1719907185370.00, 29213, -486271, 855 
1719907185391.00, 28873, -485642, 843 
1719907185413.00, 29092, -485011, 816 
1719907185435.00, 29117, -484385, 795 
1719907185458.00, 29050, -483759, 770 
1719907185478.00, 29083, -483123, 740 
1719907185500.00, 28968, -482492, 719 
1719907185521.00, 29173, -481863, 690 
1719907185543.00, 28996, -481238, 669 
1719907185566.00, 29176, -480616, 647 
1719907185587.00, 29009, -479984, 625 
1719907185608.00, 28835, -479356, 587 
1719907185629.00, 29072, -478729, 541 
1719907185651.00, 28914, -478108, 489 
1719907185672.00, 29112, -477492, 432 
1719907185695.00, 28932, -476859, 379 
1719907185716.00, 29010, -476225, 322 
1719907185737.00, 29098, -475600, 281 
1719907185760.00, 28954, -474977, 267 
1719907185781.00, 29067, -474354, 246 
1719907185803.00, 29090, -473723, 224 
1719907185824.00, 29132, -473087, 199 
1719907185845.00, 28633, -472459, 176 
1719907185868.00, 26624, -471849, 147 
1719907185888.00, 24006, -471280, 93 
1719907185911.00, 18913, -470767, 55 
1719907185932.00, 13641, -470348, 21 
1719907185954.00, 8358, -470046, -41 
1719907185975.00, 1708, -469855, -98 
1719907185997.00, -5210, -469816, -165 
1719907186019.00, -13651, -469918, -218 
1719907186040.00, -21423, -470209, -252 
1719907186061.00, -25860, -470668, -287 
1719907186084.00, -28211, -471226, -316 
1719907186105.00, -29410, -471827, -265 
1719907186127.00, -29010, -472469, -436 
1719907186148.00, -29129, -473094, -340 
1719907186170.00, -29050, -473732, -380 
1719907186192.00, -29311, -474371, -405 
1719907186213.00, -29035, -474996, -407 
1719907186238.00, -29299, -475627, -432 
1719907186256.00, -28911, -476262, -465 
1719907186278.00, -29327, -476903, -488 
1719907186300.00, -29078, -477541, -526 
1719907186321.00, -29581, -478171, -560 
1719907186343.00, -28948, -478805, -653 
1719907186365.00, -29408, -479439, -706 
1719907186386.00, -28922, -480073, -723 
1719907186408.00, -29446, -480712, -763 
1719907186430.00, -28847, -481343, -812 
1719907186451.00, -29328, -481970, -820 
1719907186472.00, -28920, -482599, -835 
1719907186495.00, -29158, -483238, -848 
1719907186516.00, -29133, -483876, -842 
1719907186538.00, -29342, -484510, -864 
1719907186560.00, -29028, -485136, -855 
1719907186582.00, -29190, -485762, -840 
1719907186603.00, -29107, -486397, -851 
1719907186625.00, -29148, -487036, -866 
1719907186646.00, -29172, -487665, -874 
1719907186674.00, -29104, -488293, -903 
1719907186689.00, -29114, -488922, -912 
1719907186710.00, -29158, -489554, -925 
1719907186732.00, -29202, -490191, -951 
1719907186754.00, -29082, -490826, -958 
1719907186777.00, -29189, -491456, -965 
1719907186797.00, -28987, -492085, -974 
1719907186819.00, -29312, -492715, -968 
1719907186841.00, -28982, -493350, -947 
1719907186863.00, -29211, -493980, -937 
1719907186884.00, -28983, -494610, -943 
1719907186906.00, -29268, -495234, -922 
1719907186928.00, -29189, -495861, -903 
1719907186949.00, -29073, -496497, -908 
1719907186971.00, -28997, -497133, -903 
1719907186997.00, -29096, -497764, -906 
1719907187014.00, -29368, -498387, -922 
1719907187036.00, -29042, -499018, -935 
1719907187057.00, -29219, -499654, -938 
1719907187079.00, -29015, -500293, -946 
1719907187103.00, -29407, -500924, -952 
1719907187123.00, -28962, -501555, -953 
1719907187144.00, -29298, -502180, -955 
1719907187165.00, -28820, -502814, -953 
1719907187187.00, -29211, -503452, -942 
1719907187209.00, -29078, -504084, -947 
1719907187231.00, -29126, -504708, -945 
1719907187252.00, -29011, -505330, -923 
1719907187273.00, -28991, -505966, -928 
1719907187295.00, -29087, -506601, -925 
1719907187319.00, -29101, -507234, -921 
1719907187339.00, -29301, -507862, -925 
1719907187360.00, -28949, -508491, -940 
1719907187382.00, -29229, -509123, -947 
1719907187404.00, -29132, -509764, -956 
1719907187424.00, -29368, -510397, -966 
1719907187447.00, -28901, -511024, -962 
1719907187469.00, -29161, -511651, -968 
1719907187490.00, -29030, -512280, -975 
1719907187512.00, -29255, -512913, -956 
1719907187534.00, -28952, -513548, -955 
1719907187555.00, -29018, -514178, -970 
1719907187577.00, -28981, -514802, -951 
1719907187599.00, -29354, -515430, -942 
1719907187620.00, -29065, -516069, -945 
1719907187642.00, -29082, -516709, -950 
1719907187663.00, -29149, -517338, -953 
1719907187685.00, -29174, -517967, -948 
1719907187707.00, -29278, -518592, -941 
1719907187728.00, -28944, -519229, -963 
1719907187749.00, -29134, -519865, -978 
1719907187772.00, -28999, -520492, -958 
1719907187793.00, -29382, -521120, -969 
1719907187814.00, -29160, -521746, -968 
1719907187836.00, -29223, -522382, -999 
1719907187858.00, -29040, -523023, -1022 
1719907187880.00, -29339, -523656, -1019 
1719907187902.00, -28965, -524285, -1015 
1719907187923.00, -29069, -524914, -1015 
1719907187945.00, -28937, -525548, -1003 
1719907187967.00, -29207, -526190, -1002 
1719907187988.00, -29255, -526825, -995 
1719907188010.00, -29207, -527450, -981 
1719907188031.00, -28873, -528076, -982 
1719907188053.00, -29194, -528707, -978 
1719907188074.00, -29093, -529343, -974 
1719907188096.00, -29031, -529976, -971 
1719907188118.00, -29012, -530602, -970 
1719907188140.00, -29060, -531225, -952 
1719907188162.00, -29057, -531854, -943 
1719907188183.00, -29086, -532492, -928 
1719907188205.00, -29312, -533127, -902 
1719907188226.00, -28894, -533758, -903 
1719907188248.00, -29298, -534383, -891 
1719907188270.00, -28823, -535014, -875 
1719907188291.00, -29373, -535648, -869 
1719907188313.00, -28958, -536285, -878 
1719907188334.00, -29169, -536910, -858 
1719907188356.00, -28857, -537535, -856 
1719907188378.00, -29241, -538161, -840 
1719907188400.00, -29131, -538793, -836 
1719907188421.00, -29196, -539429, -843 
1719907188443.00, -29084, -540062, -852 
1719907188465.00, -29074, -540690, -836 
1719907188486.00, -29263, -541317, -830 
1719907188507.00, -29073, -541949, -836 
1719907188529.00, -29208, -542588, -841 
1719907188551.00, -28902, -543219, -828 
1719907188572.00, -29276, -543844, -826 
1719907188594.00, -29010, -544471, -829 
1719907188616.00, -29274, -545101, -828 
1719907188637.00, -28961, -545735, -841 
1719907188659.00, -29119, -546370, -851 
1719907188681.00, -29144, -547001, -846 
1719907188702.00, -28824, -547623, -832 
1719907188724.00, -29052, -548253, -814 
1719907188746.00, -28895, -548890, -820 
1719907188768.00, -29296, -549524, -819 
1719907188788.00, -28966, -550147, -807 
1719907188811.00, -28978, -550773, -788 
1719907188832.00, -29053, -551399, -768 
1719907188858.00, -29040, -552031, -757 
1719907188875.00, -29191, -552668, -763 
1719907188897.00, -28981, -553294, -745 
1719907188919.00, -29140, -553916, -742 
1719907188940.00, -29101, -554542, -736 
1719907188965.00, -29319, -555178, -728 
1719907188983.00, -29023, -555814, -737 
1719907189005.00, -29167, -556441, -740 
1719907189027.00, -29018, -557070, -736 
1719907189049.00, -28978, -557694, -744 
1719907189073.00, -29214, -558328, -744 
1719907189092.00, -29060, -558961, -743 
1719907189113.00, -29265, -559590, -731 
1719907189135.00, -28794, -560214, -691 
1719907189157.00, -29082, -560841, -678 
1719907189179.00, -29033, -561466, -659 
1719907189200.00, -28964, -562101, -647 
1719907189221.00, -29035, -562727, -615 
1719907189243.00, -28962, -563353, -601 
1719907189264.00, -29190, -563980, -612 
1719907189286.00, -29032, -564609, -625 
1719907189308.00, -29223, -565248, -640 
1719907189330.00, -28983, -565885, -666 
1719907189351.00, -29089, -566514, -677 
1719907189373.00, -29241, -567139, -662 
1719907189395.00, -29067, -567769, -664 
1719907189416.00, -29137, -568403, -653 
1719907189438.00, -28974, -569037, -643 
1719907189460.00, -29232, -569661, -614 
1719907189481.00, -29031, -570282, -595 
1719907189503.00, -29189, -570908, -574 
1719907189524.00, -28965, -571539, -532 
1719907189546.00, -28984, -572167, -471 
1719907189568.00, -29108, -572787, -401 
1719907189589.00, -28969, -573411, -372 
1719907189610.00, -29074, -574040, -320 
1719907189633.00, -28873, -574668, -290 
1719907189654.00, -28802, -575296, -217 
1719907189676.00, -29152, -575919, -190 
1719907189697.00, -27935, -576538, -156 
1719907189719.00, -25229, -577143, -136 
1719907189741.00, -22812, -577694, -122 
1719907189763.00, -20170, -578188, -116 
1719907189784.00, -18238, -578625, -114 
1719907189806.00, -17212, -579024, -113 
1719907189827.00, -16628, -579388, -78 
1719907189849.00, -14024, -579736, -47 
1719907189870.00, -10370, -580032, -7 
1719907189891.00, -5469, -580256, 41 
1719907189912.00, -45, -580376, 63 
1719907189934.00, 3970, -580394, 63 
1719907189956.00, 6708, -580327, 56 
1719907189977.00, 7801, -580185, 43 
1719907189998.00, 7863, -580015, 34 
1719907190020.00, 7477, -579848, 26 
1719907190042.00, 6506, -579697, 17 
1719907190063.00, 5383, -579558, 4 
1719907190084.00, 3766, -579443, -7 
1719907190106.00, 2626, -579363, -49 
1719907190127.00, -466, -579310, -104 
1719907190149.00, -5944, -579316, -128 
1719907190170.00, -10661, -579433, -145 
1719907190192.00, -14497, -579661, -184 
1719907190214.00, -19192, -579973, -234 
1719907190235.00, -23448, -580388, -253 
1719907190257.00, -25973, -580897, -284 
1719907190278.00, -27790, -581466, -336 
1719907190300.00, -28551, -582067, -376 
1719907190322.00, -28968, -582687, -398 
1719907190344.00, -29237, -583315, -431 
1719907190366.00, -29093, -583948, -475 
1719907190387.00, -29209, -584583, -505 
1719907190408.00, -29069, -585219, -526 
1719907190430.00, -29336, -585851, -544 
1719907190451.00, -28923, -586479, -551 
1719907190473.00, -29358, -587106, -543 
1719907190495.00, -29038, -587737, -530 
1719907190516.00, -29186, -588371, -531 
1719907190538.00, -28950, -589001, -512 
1719907190560.00, -29033, -589621, -474 
1719907190581.00, -29056, -590248, -423 
1719907190604.00, -28810, -590875, -375 
1719907190625.00, -29126, -591505, -321 
1719907190647.00, -29046, -592133, -283 
1719907190668.00, -29260, -592761, -257 
1719907190689.00, -17235, -593384, -235 
1719907190715.00, -9728, -593768, -220 
1719907190733.00, -5395, -593985, -211 
1719907190754.00, -2596, -594103, -187 
1719907190776.00, -1067, -594163, -181 
1719907190797.00, -102, -594184, -162 
1719907190819.00, -6, -594188, -150 
1719907190840.00, 19, -594187, -154 
1719907190862.00, 111, -594187, -157 
1719907190883.00, 442, -594187, -158 
1719907190905.00, 628, -594178, -154 
1719907190930.00, 722, -594168, -156 
1719907190948.00, 783, -594152, -161 
1719907190969.00, 833, -594136, -161 
1719907190990.00, 888, -594116, -145 
1719907191012.00, 973, -594099, -137 
1719907191036.00, 986, -594077, -119 
1719907191056.00, 1049, -594053, -86 
1719907191077.00, 1048, -594030, -52 
1719907191099.00, 1086, -594005, -28 
1719907191120.00, 989, -593981, -5 
1719907191141.00, 924, -593959, 3 
1719907191163.00, 832, -593939, 11 
1719907191184.00, 1504, -593921, 15 
1719907191205.00, 2077, -593890, 16 
1719907191227.00, 2406, -593846, 16 
1719907191249.00, 2651, -593794, 14 
1719907191270.00, 2673, -593737, 16 
1719907191291.00, 2801, -593681, 14 
1719907191313.00, 2717, -593619, 15 
1719907191334.00, 2748, -593560, 14 
1719907191356.00, 2737, -593501, 15 
1719907191378.00, 2725, -593442, 15 
1719907191399.00, 2767, -593383, 14 
1719907191420.00, 2729, -593325, 15 
1719907191442.00, 2687, -593267, 14 
1719907191463.00, 2756, -593209, 16 
1719907191484.00, 2816, -593151, 14 
1719907191507.00, 2611, -593091, 15 
1719907191528.00, 2578, -593032, 14 
1719907191549.00, 2632, -592978, 14 
1719907191571.00, 2541, -592922, 15 
1719907191592.00, 2504, -592867, 14 
1719907191613.00, 2442, -592813, 15 
1719907191635.00, 2434, -592761, 14 
1719907191656.00, 2341, -592707, 15 
1719907191678.00, 2390, -592656, 14 
1719907191699.00, 2418, -592605, 14 
1719907191721.00, 2444, -592553, 14 
1719907191742.00, 2462, -592503, 14 
1719907191764.00, 2496, -592452, 15 
1719907191785.00, 2572, -592400, 14 
1719907191807.00, 2432, -592343, 14 
1719907191830.00, 2363, -592288, 14 
1719907191849.00, 2300, -592236, 14 
1719907191871.00, 2255, -592186, 14 
1719907191893.00, 2218, -592139, 13 
1719907191915.00, 2179, -592093, 13 
1719907191935.00, 2207, -592047, 13 
1719907191957.00, 2132, -591999, 14 
1719907191978.00, 2146, -591953, 13 
1719907191999.00, 2228, -591905, 14 
1719907192024.00, 2259, -591858, 14 
1719907192043.00, 2173, -591809, 15 
1719907192064.00, 2266, -591762, 15 
1719907192085.00, 2464, -591711, 14 
1719907192107.00, 2403, -591660, 13 
1719907192128.00, 2373, -591608, 13 
1719907192150.00, 2366, -591560, 14 
1719907192171.00, 2383, -591511, 14 
1719907192194.00, 2305, -591459, 14 
1719907192215.00, 2211, -591410, 14 
1719907192236.00, 2216, -591363, 15 
1719907192257.00, 2229, -591315, 15 
1719907192279.00, 2173, -591267, 14 
1719907192300.00, 2150, -591220, 15 
1719907192322.00, 2236, -591173, 15 
1719907192343.00, 2294, -591126, 15 
1719907192365.00, 2290, -591077, 15 
1719907192386.00, 2366, -591028, 15 
1719907192408.00, 2440, -590979, 15 
1719907192429.00, 2407, -590928, 15 
1719907192451.00, 2379, -590878, 15 
1719907192471.00, 2364, -590827, 16 
1719907192493.00, 2467, -590775, 16 
1719907192515.00, 2425, -590721, 16 
1719907192536.00, 2360, -590668, 16 
1719907192558.00, 2307, -590617, 16 
1719907192579.00, 2312, -590566, 16 
1719907192601.00, 2258, -590517, 16 
1719907192622.00, 2375, -590467, 16 
1719907192644.00, 2405, -590417, 16 
1719907192665.00, 2335, -590365, 16 
1719907192686.00, 2362, -590314, 16 
1719907192709.00, 2430, -590265, 16 
1719907192730.00, 2385, -590212, 16 
1719907192751.00, 2350, -590160, 16 
1719907192773.00, 2366, -590110, 16 
1719907192794.00, 2386, -590059, 16 
1719907192816.00, 2324, -590009, 16 
1719907192837.00, 2380, -589958, 16 
1719907192858.00, 2396, -589905, 16 
1719907192880.00, 2308, -589854, 16 
1719907192903.00, 2229, -589804, 16 
1719907192923.00, 2329, -589756, 16 
1719907192944.00, 2339, -589707, 16 
1719907192966.00, 2317, -589656, 16 
1719907192987.00, 2323, -589606, 16 
1719907193009.00, 2401, -589556, 16 
1719907193030.00, 2400, -589508, 16 
1719907193052.00, 2270, -589458, 16 
1719907193073.00, 2327, -589407, 16 
1719907193094.00, 2390, -589360, 16 
1719907193119.00, 2380, -589308, 16 
1719907193137.00, 2369, -589259, 4 
1719907193158.00, 1378, -589210, 0 
1719907193180.00, 734, -589178, 0 
1719907193200.00, 378, -589162, -5 
1719907193223.00, 185, -589153, -5 
1719907193244.00, 79, -589148, 0 
1719907193265.00, 7, -589146, 5 
1719907193286.00, 67, -589146, 7 
1719907193307.00, -5, -589145, 10 
1719907193328.00, 0, -589145, 12 
1719907193350.00, 731, -589144, 14 
1719907193371.00, 1251, -589131, 11 
1719907193393.00, 1307, -589104, 3 
1719907193413.00, 699, -589077, -15 
1719907193435.00, -61, -589064, -35 
1719907193457.00, -1918, -589066, -69 
1719907193478.00, -5216, -589101, -103 
1719907193500.00, -9619, -589211, -144 
1719907193521.00, -14549, -589411, -187 
1719907193543.00, -20160, -589719, -226 
1719907193566.00, -24370, -590149, -272 
1719907193586.00, -27252, -590677, -321 
1719907193608.00, -28893, -591266, -369 
1719907193630.00, -29069, -591896, -411 
1719907193651.00, -29312, -592528, -450 
1719907193673.00, -29221, -593158, -494 
1719907193694.00, -17447, -593792, -538 
1719907193716.00, -10352, -594184, -565 
1719907193737.00, -6140, -594417, -596 
1719907193759.00, -3528, -594554, -612 
1719907193780.00, -1997, -594634, -619 
1719907193802.00, -1089, -594678, -636 
1719907193824.00, -496, -594702, -649 
1719907193845.00, -130, -594713, -646 
1719907193866.00, -6, -594716, -635 
1719907193888.00, 0, -594717, -616 
1719907193909.00, 0, -594716, -600 
1719907193931.00, 0, -594716, -589 
1719907193952.00, 0, -594716, -577 
1719907193973.00, 0, -594715, -564 
1719907193994.00, 0, -594716, -551 
1719907194015.00, 0, -594714, -532 
1719907194037.00, 0, -594714, -515 
1719907194058.00, 0, -594714, -507 
1719907194080.00, 0, -594714, -499 
1719907194101.00, 10, -594714, -499 
1719907194122.00, 0, -594713, -495 
1719907194144.00, 0, -594713, -484 
1719907194165.00, 0, -594712, -473 
1719907194186.00, 0, -594712, -465 
1719907194210.00, 0, -594713, -462 
1719907194228.00, 0, -594712, -456 
1719907194250.00, 0, -594712, -447 
1719907194271.00, 0, -594712, -442 
1719907194293.00, 0, -594712, -437 
1719907194314.00, 0, -594711, -432 
1719907194335.00, 0, -594710, -429 
1719907194356.00, 0, -594711, -429 
1719907194377.00, 0, -594711, -425 
1719907194399.00, 0, -594711, -420 
1719907194420.00, 0, -594710, -416 
1719907194441.00, 0, -594711, -412 
1719907194463.00, 0, -594710, -408 
1719907194484.00, 0, -594711, -405 
1719907194505.00, 0, -594710, -405 
1719907194526.00, 0, -594710, -405 
1719907194548.00, 0, -594710, -401 
1719907194569.00, 0, -594709, -399 
1719907194590.00, 0, -594711, -398 
1719907194612.00, 0, -594710, -398 
1719907194633.00, 0, -594710, -397 
1719907194654.00, 0, -594710, -395 
1719907194676.00, 0, -594709, -394 
1719907194697.00, 0, -594709, -392 
1719907194718.00, 0, -594709, -388 
1719907194740.00, 0, -594708, -384 
1719907194762.00, 0, -594708, -383 
1719907194782.00, 0, -594708, -385 
1719907194804.00, 42, -594708, -383 
1719907194825.00, 0, -594710, -381 
1719907194846.00, 12, -594708, -377 
1719907194870.00, 0, -594709, -375 
1719907194889.00, 0, -594708, -373 
1719907194910.00, 0, -594708, -371 
1719907194932.00, -67, -594708, -369 
1719907194953.00, 0, -594708, -366 
1719907194977.00, 0, -594707, -367 
1719907194996.00, 0, -594708, -370 
1719907195017.00, 0, -594707, -371 
1719907195038.00, 0, -594709, -370 
1719907195059.00, 0, -594708, -369 
1719907195080.00, 0, -594709, -370 
1719907195102.00, 0, -594708, -374 
1719907195122.00, 0, -594709, -376 
1719907195144.00, 0, -594708, -375 
1719907195165.00, 0, -594708, -373 
1719907195187.00, 0, -594708, -370 
1719907195208.00, 0, -594708, -367 
1719907195230.00, 0, -594709, -364 
1719907195251.00, 0, -594707, -363 
1719907195272.00, 0, -594708, -361 
1719907195294.00, 36, -594708, -359 
1719907195314.00, 0, -594707, -359 
1719907195335.00, 0, -594708, -356 
1719907195357.00, 0, -594708, -356 
1719907195378.00, 0, -594709, -358 
1719907195400.00, 0, -594708, -359 
1719907195421.00, 0, -594709, -360 
1719907195443.00, 0, -594707, -360 
1719907195464.00, 0, -594708, -359 
1719907195485.00, 0, -594708, -358 
1719907195506.00, 0, -594708, -356 
1719907195527.00, 0, -594709, -356 
1719907195549.00, 0, -594708, -356 
1719907195570.00, 0, -594708, -356 
1719907195591.00, 0, -594707, -354 
1719907195613.00, 0, -594707, -354 
1719907195635.00, 61, -594708, -354 
1719907195656.00, 0, -594708, -353 
1719907195677.00, 0, -594706, -351 
1719907195698.00, 0, -594707, -349 
1719907195719.00, 0, -594708, -347 
1719907195746.00, 0, -594707, -348 
1719907195762.00, 0, -594707, -349 
1719907195783.00, 0, -594707, -349 
1719907195805.00, 0, -594708, -347 
1719907195826.00, 0, -594707, -345 
1719907195847.00, 0, -594707, -345 
1719907195868.00, -2, -594707, -343 
1719907195890.00, 31, -594707, -342 
1719907195911.00, 0, -594707, -342 
1719907195932.00, 0, -594708, -342 
1719907195954.00, 0, -594707, -343 
1719907195975.00, 0, -594707, -343 
1719907195996.00, 0, -594706, -343 
1719907196018.00, 0, -594707, -343 
1719907196039.00, 0, -594707, -343 
1719907196060.00, 3, -594707, -341 
1719907196082.00, -59, -594707, -337 
1719907196103.00, 0, -594707, -336 
1719907196124.00, 0, -594707, -335 
1719907196145.00, 0, -594707, -334 
1719907196167.00, 0, -594707, -332 
1719907196188.00, 0, -594706, -332 
1719907196210.00, 3, -594706, -330 
1719907196230.00, 6, -594706, -329 
1719907196252.00, 7, -594706, -329 
1719907196273.00, 67, -594707, -331 
1719907196295.00, 0, -594707, -330 
1719907196316.00, 3, -594706, -330 
1719907196338.00, 0, -594706, -329 
1719907196359.00, 0, -594706, -329 
1719907196381.00, 0, -594706, -330 
1719907196401.00, 0, -594706, -333 
1719907196423.00, 0, -594706, -335 
1719907196444.00, 0, -594708, -334 
1719907196465.00, 0, -594707, -331 
1719907196487.00, 0, -594707, -328 
1719907196510.00, 0, -594707, -325 
1719907196529.00, 0, -594707, -324 
1719907196551.00, 0, -594706, -325 
1719907196572.00, 0, -594705, -326 
1719907196593.00, 0, -594706, -327 
1719907196614.00, 0, -594706, -326 
1719907196635.00, 0, -594707, -326 
1719907196657.00, 0, -594706, -327 
1719907196678.00, 0, -594706, -329 
1719907196700.00, 0, -594706, -330 
1719907196721.00, 0, -594706, -331 
1719907196742.00, 12, -594706, -330 
1719907196764.00, 28, -594706, -330 
1719907196785.00, 0, -594706, -328 
1719907196806.00, 0, -594707, -327 
1719907196827.00, 0, -594706, -327 
1719907196849.00, 0, -594706, -327 
1719907196870.00, 33, -594706, -325 
1719907196891.00, 0, -594705, -322 
1719907196913.00, 0, -594706, -321 
1719907196934.00, 0, -594706, -324 
1719907196955.00, 0, -594706, -326 
1719907196977.00, 0, -594706, -327 
1719907196998.00, 0, -594706, -327 
1719907197020.00, 0, -594706, -326 
1719907197041.00, 0, -594706, -326 
1719907197062.00, 0, -594705, -324 
1719907197093.00, 0, -594706, -323 
1719907197104.00, 0, -594705, -322 
1719907197125.00, -56, -594707, -322 
1719907197149.00, 0, -594706, -323 
1719907197169.00, 0, -594706, -324 
1719907197190.00, 0, -594706, -325 
1719907197211.00, 0, -594706, -325 
1719907197232.00, 0, -594705, -324 
1719907197254.00, 0, -594706, -325 
1719907197275.00, 0, -594707, -326 
1719907197296.00, 0, -594706, -325 
1719907197317.00, 0, -594705, -324 
1719907197339.00, 0, -594706, -324 
1719907197362.00, 0, -594705, -322 
1719907197388.00, 0, -594706, -321 
1719907197409.00, 0, -594707, -324 
1719907197429.00, 0, -594706, -327 
1719907197449.00, 0, -594706, -327 
1719907197466.00, 0, -594706, -324 
1719907197491.00, 0, -594705, -324 
1719907197515.00, 0, -594707, -323 
1719907197530.00, 0, -594706, -322 
1719907197553.00, 0, -594706, -321 
1719907197577.00, 0, -594706, -321 
1719907197594.00, 0, -594707, -321 
1719907197615.00, 0, -594706, -320 
1719907197637.00, 0, -594706, -319 
1719907197658.00, 0, -594706, -318 
1719907197679.00, 0, -594707, -318 
1719907197700.00, 0, -594707, -318 
1719907197722.00, 0, -594707, -317 
1719907197743.00, 0, -594706, -316 
1719907197764.00, 0, -594707, -317 
1719907197786.00, 0, -594706, -317 
1719907197807.00, 0, -594706, -317 
1719907197828.00, 0, -594706, -318 
1719907197849.00, 0, -594705, -318 
1719907197871.00, 0, -594706, -318 
1719907197892.00, 0, -594705, -319 
1719907197913.00, 0, -594706, -319 
1719907197935.00, 0, -594706, -319 
1719907197955.00, 0, -594705, -318 
1719907197977.00, 0, -594706, -316 
1719907197998.00, 0, -594706, -314 
1719907198020.00, -49, -594705, -312 
1719907198041.00, 0, -594706, -312 
1719907198062.00, 0, -594707, -313 
1719907198084.00, 0, -594706, -315 
1719907198105.00, 0, -594706, -315 
1719907198126.00, 0, -594706, -313 
1719907198149.00, 0, -594706, -312 
1719907198169.00, 0, -594706, -312 
1719907198190.00, 0, -594705, -312 
1719907198211.00, 0, -594706, -312 
1719907198233.00, 0, -594706, -311 
1719907198254.00, 0, -594705, -309 
1719907198275.00, 0, -594705, -308 
1719907198297.00, 0, -594706, -307 
1719907198318.00, 0, -594705, -434 
1719907198339.00, 0, -594706, -435 
1719907198360.00, 0, -594706, -433 
1719907198381.00, 0, -594706, -430 
1719907198402.00, 0, -594707, -427 
1719907198423.00, 0, -594706, -423 
1719907198445.00, 0, -594706, -419 
1719907198466.00, 0, -594706, -414 
1719907198487.00, 0, -594705, -409 
1719907198509.00, 50, -594705, -397 
1719907198530.00, 0, -594704, -383 
1719907198550.00, 0, -594703, -366 
1719907198571.00, 0, -594700, -350 
1719907198596.00, 0, -594699, -336 
1719907198614.00, 0, -594699, -321 
1719907198635.00, 0, -594698, -309 
1719907198657.00, 0, -594698, -298 
1719907198677.00, 0, -594698, -279 
1719907198700.00, 0, -594696, -260 
1719907198719.00, 0, -594694, -236 
1719907198741.00, 0, -594692, -211 
1719907198762.00, 0, -594691, -184 
1719907198783.00, 0, -594689, -159 
1719907198804.00, -15, -594687, -136 
1719907198826.00, 0, -594686, -121 
1719907198846.00, 0, -594686, -115 
1719907198867.00, 0, -594687, -115 
1719907198888.00, 3, -594687, -115 
1719907198912.00, 0, -594686, -114 
1719907198931.00, 0, -594686, -114 
1719907198952.00, 0, -594686, -115 
1719907198973.00, 0, -594686, -115 
1719907198994.00, -33, -594687, -114 
1719907199015.00, 0, -594685, -115 
1719907199037.00, 0, -594687, -114 
1719907199058.00, 0, -594687, -115 
1719907199079.00, 0, -594687, -114 
1719907199100.00, 0, -594686, -114 
1719907199121.00, 0, -594687, -115 
1719907199142.00, 0, -594687, -114 
1719907199163.00, 0, -594686, -114 
1719907199184.00, 0, -594686, -115 
1719907199205.00, 0, -594686, -115 
1719907199227.00, -2, -594685, -114 
1719907199247.00, 0, -594686, -114 
1719907199268.00, 0, -594686, -114 
1719907199289.00, 0, -594686, -114 
1719907199311.00, 0, -594686, -114 
1719907199331.00, 0, -594686, -114 
1719907199356.00, 0, -594687, -114 
1719907199374.00, 0, -594686, -114 
1719907199396.00, -1, -594687, -114 
1719907199417.00, 0, -594685, -115 
1719907199438.00, 0, -594687, -115 
1719907199458.00, 0, -594686, -115 
1719907199480.00, 1, -594687, -114 
1719907199501.00, 0, -594685, -114 
1719907199522.00, 0, -594687, -114 
1719907199543.00, 0, -594687, -114 
1719907199564.00, 0, -594686, -114 
1719907199586.00, 0, -594686, -114 
1719907199607.00, 0, -594686, -115 
1719907199628.00, 0, -594685, -114 
1719907199649.00, 1, -594686, -114 
1719907199670.00, 31, -594686, -114 
1719907199692.00, 0, -594686, -114 
1719907199713.00, 0, -594686, -114 
1719907199734.00, 0, -594686, -114 
1719907199755.00, 0, -594686, -114 
1719907199776.00, 0, -594686, -114 
1719907199797.00, -33, -594686, -114 
1719907199818.00, -37, -594685, -114 
1719907199839.00, 0, -594686, -115 
1719907199860.00, 0, -594686, -115 
1719907199881.00, 0, -594686, -114 
1719907199903.00, -10, -594686, -114 
1719907199924.00, 0, -594686, -114 
1719907199944.00, 0, -594686, -114 
1719907199966.00, 0, -594686, -114 
1719907199987.00, 0, -594686, -114 
1719907200009.00, 0, -594686, -114 
1719907200029.00, 0, -594686, -114 
1719907200051.00, 0, -594687, -114 
1719907200071.00, 0, -594686, -114 
1719907200093.00, 0, -594685, -114 
1719907200115.00, 0, -594685, -114 
1719907200135.00, 0, -594686, -114 
1719907200156.00, 0, -594686, -114 
1719907200177.00, 0, -594686, -114 
1719907200198.00, 0, -594685, -114 
1719907200220.00, 66, -594686, -114 
1719907200240.00, -7, -594687, -114 
1719907200262.00, 15, -594686, -114 
1719907200284.00, 0, -594685, -114 
1719907200304.00, 0, -594686, -115 
1719907200325.00, 0, -594687, -114 
1719907200347.00, 0, -594685, -114 
1719907200368.00, 1, -594685, -114 
1719907200389.00, 0, -594686, -114 
1719907200410.00, 5, -594686, -114 
1719907200431.00, 0, -594686, -115 
1719907200452.00, 0, -594686, -114 
1719907200473.00, 0, -594685, -114 
1719907200495.00, 0, -594686, -114 
1719907200516.00, 0, -594686, -114 
1719907200536.00, 0, -594686, -114 
1719907200561.00, 0, -594685, -114 
1719907200579.00, 0, -594687, -114 
1719907200600.00, 1, -594686, -114 
1719907200621.00, 0, -594686, -114 
1719907200643.00, 0, -594687, -114 
1719907200666.00, 0, -594686, -114 
1719907200685.00, 0, -594686, -114 
1719907200706.00, 0, -594687, -114 
1719907200727.00, 0, -594686, -114 
1719907200748.00, 0, -594686, -114 
1719907200768.00, 0, -594687, -114 
1719907200790.00, 0, -594686, -114 
1719907200811.00, 0, -594686, -114 
1719907200833.00, 0, -594687, -114 
1719907200853.00, 0, -594685, -114 
1719907200875.00, 0, -594686, -114 
1719907200896.00, 0, -594685, -115 
1719907200917.00, 0, -594686, -114 
1719907200938.00, 3, -594686, -114 
1719907200959.00, 0, -594686, -114 
1719907200980.00, 0, -594686, -114 
1719907201002.00, 0, -594686, -114 
1719907201022.00, 0, -594686, -114 
1719907201044.00, 0, -594686, -114 
1719907201065.00, 0, -594686, -114 
1719907201086.00, 0, -594685, -114 
1719907201107.00, 0, -594686, -114 
1719907201129.00, 0, -594686, -114 
1719907201149.00, 0, -594686, -114 
1719907201170.00, 0, -594685, -115 
1719907201191.00, 0, -594686, -114 
1719907201214.00, 0, -594685, -114 
1719907201234.00, 0, -594686, -114 
1719907201255.00, 0, -594685, -114 
1719907201276.00, 0, -594686, -114 
1719907201297.00, 0, -594686, -114 
1719907201319.00, 0, -594686, -114 
1719907201339.00, 0, -594686, -114 
1719907201360.00, 0, -594686, -114 
1719907201382.00, 0, -594686, -114 
1719907201402.00, -63, -594686, -114 
1719907201423.00, 0, -594685, -114 
1719907201445.00, -27, -594686, -114 
1719907201466.00, 0, -594685, -114 
1719907201487.00, 0, -594686, -114 
1719907201508.00, 0, -594686, -114 
1719907201530.00, 0, -594686, -114 
1719907201551.00, 0, -594685, -114 
1719907201571.00, 0, -594686, -114 
1719907201593.00, 1, -594686, -114 
1719907201614.00, 3, -594686, -114 
1719907201635.00, 0, -594685, -114 
1719907201656.00, 17, -594686, -114 
1719907201678.00, 0, -594686, -114 
1719907201698.00, 0, -594686, -114 
1719907201720.00, -30, -594686, -114 
1719907201741.00, 0, -594685, -114 
1719907201762.00, 0, -594687, -114 
1719907201783.00, 2, -594686, -114 
1719907201804.00, 0, -594685, -114 
1719907201825.00, 13, -594687, -114 
1719907201846.00, 0, -594686, -114 
1719907201870.00, 0, -594686, -114 
1719907201889.00, 0, -594686, -114 
1719907201910.00, 0, -594686, -114 
1719907201931.00, 0, -594686, -114 
1719907201953.00, 1, -594686, -115 
1719907201975.00, 0, -594686, -115 
1719907201994.00, 0, -594686, -114 
1719907202016.00, 0, -594686, -114 
1719907202037.00, -34, -594686, -114 
1719907202058.00, 0, -594686, -114 
1719907202079.00, 0, -594686, -114 
1719907202100.00, 0, -594686, -114 
1719907202122.00, 0, -594685, -114 
1719907202142.00, 0, -594686, -114 
1719907202164.00, 0, -594686, -115 
1719907202185.00, -50, -594686, -115 
1719907202206.00, 0, -594686, -114 
1719907202227.00, 0, -594686, -114 
1719907202249.00, 39, -594685, -114 
1719907202270.00, 0, -594686, -114 
1719907202290.00, 0, -594686, -115 
1719907202312.00, 0, -594686, -114 
1719907202333.00, 0, -594686, -114 
1719907202354.00, 0, -594686, -114 
1719907202375.00, 0, -594686, -114 
1719907202396.00, 0, -594686, -114 
1719907202419.00, 0, -594686, -114 
1719907202438.00, 0, -594686, -114 
1719907202460.00, 0, -594686, -114 
1719907202481.00, 1, -594687, -114 
1719907202502.00, 0, -594686, -114 
1719907202526.00, 0, -594686, -114 
1719907202544.00, 0, -594685, -114 
1719907202565.00, 6, -594686, -114 
1719907202586.00, 0, -594686, -114 
1719907202608.00, 10, -594686, -114 
1719907202633.00, 0, -594685, -114 
1719907202650.00, 0, -594686, -114 
1719907202671.00, 0, -594686, -114 
1719907202692.00, 0, -594687, -114 
1719907202713.00, 0, -594686, -114 
1719907202734.00, 0, -594686, -114 
1719907202755.00, 0, -594686, -114 
1719907202777.00, 0, -594685, -114 
1719907202797.00, 0, -594686, -115 
1719907202818.00, 0, -594686, -114 
1719907202840.00, 2, -594686, -114 
1719907202861.00, 0, -594686, -114 
1719907202882.00, -4, -594686, -114 
1719907202903.00, 0, -594686, -115 
1719907202925.00, 0, -594686, -114 
1719907202946.00, 1, -594685, -114 
1719907202967.00, 0, -594686, -114 
1719907202988.00, 0, -594685, -114 
1719907203009.00, 0, -594686, -114 
1719907203030.00, 0, -594684, -114 
1719907203052.00, 16, -594686, -114 
1719907203075.00, 0, -594686, -114 
1719907203094.00, 0, -594686, -114 
1719907203115.00, 0, -594685, -114 
1719907203136.00, -15, -594686, -114 
1719907203157.00, 2, -594686, -114 
1719907203178.00, 0, -594686, -114 
1719907203200.00, 0, -594686, -114 
1719907203220.00, 0, -594686, -114 
1719907203241.00, -11, -594686, -114 
1719907203263.00, -50, -594686, -114 
1719907203284.00, 0, -594687, -114 
1719907203305.00, 0, -594686, -114 
1719907203326.00, 0, -594686, -114 
1719907203347.00, 0, -594686, -114 
1719907203368.00, 0, -594685, -114 
1719907203389.00, 0, -594685, -114 
1719907203411.00, 0, -594685, -114 
1719907203432.00, -64, -594686, -114 
1719907203453.00, 0, -594685, -114 
1719907203474.00, 0, -594686, -114 
1719907203495.00, 0, -594685, -114 
1719907203517.00, 0, -594685, -114 
1719907203538.00, 0, -594685, -114 
1719907203559.00, 0, -594686, -114 
1719907203580.00, 0, -594686, -114 
1719907203601.00, 0, -594686, -114 
1719907203622.00, 0, -594686, -114 
1719907203642.00, 0, -594686, -114 
1719907203664.00, 0, -594686, -114 
1719907203685.00, 0, -594685, -114 
1719907203706.00, 0, -594686, -114 
1719907203730.00, 0, -594686, -114 
1719907203749.00, 0, -594685, -114 
1719907203769.00, -9, -594686, -114 
1719907203791.00, 0, -594686, -114 
1719907203812.00, 57, -594686, -114 
1719907203838.00, -14, -594686, -114 
1719907203855.00, 0, -594686, -114 
1719907203876.00, 0, -594686, -114 
1719907203897.00, 0, -594687, -114 
1719907203918.00, 0, -594686, -114 
1719907203939.00, 0, -594687, -114 
1719907203960.00, 0, -594686, -114 
1719907203980.00, 0, -594686, -114 
1719907204002.00, 0, -594686, -114 
1719907204023.00, 0, -594685, -114 
1719907204045.00, 21, -594686, -114 
1719907204065.00, 6, -594686, -114 
1719907204087.00, 0, -594686, -114 
1719907204108.00, 0, -594686, -114 
1719907204129.00, -16, -594686, -114 
1719907204151.00, -50, -594687, -114 
1719907204172.00, -39, -594685, -114 
1719907204193.00, 23, -594686, -114 
1719907204213.00, 0, -594686, -114 
1719907204235.00, 0, -594686, -114 
1719907204256.00, -3, -594685, -114 
1719907204278.00, 0, -594686, -114 
1719907204299.00, 0, -594685, -114 
1719907204320.00, 0, -594685, -114 
1719907204341.00, -7, -594686, -114 
1719907204362.00, 0, -594687, -114 
1719907204391.00, 0, -594687, -114 
1719907204404.00, 0, -594686, -114 
1719907204425.00, 0, -594686, -114 
1719907204446.00, 0, -594685, -114 
1719907204467.00, 0, -594686, -114 
1719907204489.00, 0, -594686, -114 
1719907204510.00, -7, -594686, -114 
1719907204531.00, 0, -594686, -114 
1719907204552.00, 0, -594685, -114 
1719907204573.00, 12, -594687, -114 
1719907204594.00, 0, -594686, -114 
1719907204616.00, 0, -594686, -114 
1719907204637.00, 0, -594686, -114 
1719907204658.00, 0, -594685, -114 
1719907204679.00, 1, -594686, -114 
1719907204700.00, 0, -594686, -114 
1719907204722.00, 56, -594686, -114 
1719907204742.00, 17, -594686, -114 
1719907204764.00, 0, -594686, -114 
1719907204785.00, -22, -594686, -114 
1719907204806.00, 0, -594686, -114 
1719907204828.00, 0, -594686, -114 
1719907204848.00, 7, -594686, -114 
1719907204869.00, 0, -594685, -114 
1719907204891.00, 0, -594686, -114 
1719907204912.00, 0, -594686, -114 
1719907204935.00, 0, -594686, -114 
1719907204954.00, -26, -594686, -114 
1719907204975.00, 0, -594686, -114 
1719907204996.00, 0, -594686, -114 
1719907205017.00, 0, -594686, -114 
1719907205041.00, 0, -594687, -114 
1719907205060.00, 0, -594686, -114 
1719907205081.00, -1, -594686, -114 
1719907205102.00, 0, -594686, -114 
1719907205123.00, 0, -594687, -114 
1719907205144.00, 0, -594686, -114 
1719907205165.00, -21, -594686, -114 
1719907205186.00, 0, -594686, -114 
1719907205208.00, 0, -594686, -114 
1719907205229.00, 0, -594686, -114 
1719907205250.00, 0, -594687, -114 
1719907205271.00, 0, -594686, -114 
1719907205292.00, 0, -594686, -114 
1719907205312.00, 0, -594686, -114 
1719907205334.00, 0, -594687, -114 
1719907205356.00, 0, -594686, -114 
1719907205376.00, -9, -594685, -114 
1719907205397.00, 0, -594687, -114 
1719907205419.00, 0, -594687, -114 
1719907205439.00, 0, -594686, -114 
1719907205461.00, 0, -594687, -114 
1719907205482.00, 0, -594686, -114 
1719907205503.00, 0, -594686, -114 
1719907205524.00, 0, -594686, -114 
1719907205545.00, 0, -594686, -114 
1719907205567.00, 0, -594686, -114 
1719907205588.00, 0, -594687, -114 
1719907205609.00, 26, -594686, -114 
1719907205630.00, 0, -594686, -114 
1719907205651.00, 0, -594686, -114 
1719907205672.00, 0, -594686, -114 
1719907205694.00, 16, -594686, -114 
1719907205715.00, 0, -594685, -114 
1719907205736.00, 0, -594686, -114 
1719907205757.00, 0, -594685, -114 
1719907205778.00, 0, -594686, -114 
1719907205799.00, 0, -594686, -114 
1719907205820.00, 0, -594687, -114 
1719907205841.00, 10, -594686, -114 
1719907205863.00, 0, -594686, -114 
1719907205884.00, 0, -594686, -114 
1719907205905.00, -47, -594686, -114 
1719907205926.00, 0, -594686, -114 
1719907205947.00, 0, -594686, -114 
1719907205968.00, 4, -594685, -114 
1719907205989.00, 0, -594686, -114 
1719907206010.00, 0, -594686, -114 
1719907206035.00, 0, -594687, -114 
1719907206053.00, -8, -594686, -114 
1719907206074.00, 8, -594686, -114 
1719907206095.00, 0, -594686, -114 
1719907206116.00, 0, -594686, -114 
1719907206137.00, 0, -594686, -114 
1719907206158.00, 0, -594686, -114 
1719907206180.00, 0, -594686, -114 
1719907206200.00, 0, -594686, -114 
1719907206222.00, 0, -594685, -114 
1719907206243.00, 0, -594686, -114 
1719907206264.00, 0, -594686, -114 
1719907206284.00, 0, -594685, -114 
1719907206306.00, 5, -594686, -114 
1719907206327.00, 0, -594685, -114 
1719907206351.00, 0, -594686, -114 
1719907206370.00, 0, -594686, -114 
1719907206391.00, 0, -594686, -114 
1719907206411.00, 0, -594686, -114 
1719907206433.00, 0, -594687, -114 
1719907206454.00, 0, -594686, -114 
1719907206476.00, 0, -594686, -114 
1719907206496.00, 0, -594686, -114 
1719907206517.00, 0, -594686, -114 
1719907206538.00, 0, -594686, -114 
1719907206559.00, 0, -594686, -114 
1719907206580.00, 0, -594686, -114 
1719907206602.00, 0, -594686, -114 
1719907206622.00, 0, -594686, -114 
1719907206644.00, 0, -594686, -114 
1719907206665.00, 0, -594686, -114 
1719907206687.00, 1, -594686, -114 
1719907206708.00, 0, -594686, -114 
1719907206729.00, 0, -594686, -114 
1719907206750.00, -4, -594686, -114 
1719907206771.00, 0, -594686, -114 
1719907206794.00, 0, -594686, -114 
1719907206813.00, 39, -594686, -114 
1719907206834.00, 0, -594687, -114 
1719907206855.00, 0, -594686, -114 
1719907206877.00, 0, -594686, -114 
1719907206902.00, 0, -594686, -114 
1719907206918.00, 0, -594685, -114 
1719907206940.00, -15, -594686, -114 
1719907206961.00, 0, -594685, -114 
1719907206982.00, 0, -594686, -114 
1719907207004.00, 0, -594685, -114 
1719907207024.00, 0, -594685, -114 
1719907207046.00, 0, -594686, -114 
1719907207067.00, 0, -594686, -114 
1719907207088.00, 0, -594686, -114 
1719907207109.00, 0, -594686, -114 
1719907207130.00, 0, -594685, -114 
1719907207151.00, 0, -594686, -114 
1719907207172.00, 0, -594685, -114 
1719907207193.00, 0, -594686, -114 
1719907207215.00, 0, -594686, -114 
1719907207237.00, 0, -594685, -114 
1719907207257.00, 0, -594687, -114 
1719907207278.00, 0, -594685, -114 
1719907207299.00, 0, -594686, -114 
1719907207320.00, 0, -594686, -114 
1719907207347.00, 0, -594687, -114 
1719907207362.00, -62, -594686, -114 
1719907207384.00, -59, -594686, -114 
1719907207405.00, 0, -594686, -114 
1719907207426.00, 0, -594686, -114 
1719907207448.00, 0, -594686, -114 
1719907207468.00, 0, -594685, -114 
1719907207489.00, 0, -594686, -114 
1719907207510.00, 0, -594686, -114 
1719907207531.00, 0, -594687, -114 
1719907207553.00, 31, -594686, -114 
1719907207573.00, 0, -594686, -114 
1719907207595.00, -25, -594686, -114 
1719907207616.00, 0, -594686, -114 
1719907207637.00, 0, -594686, -114 
1719907207658.00, 7, -594687, -114 
1719907207680.00, -47, -594686, -114 
1719907207701.00, 0, -594686, -114 
1719907207721.00, -29, -594686, -114 
1719907207743.00, 0, -594687, -114 
1719907207764.00, 0, -594686, -114 
1719907207786.00, 0, -594686, -114 
1719907207806.00, 0, -594685, -114 
1719907207828.00, 0, -594685, -114 
1719907207849.00, 0, -594687, -114 
1719907207870.00, 0, -594686, -114 
1719907207890.00, 0, -594686, -114 
1719907207912.00, 0, -594686, -114 
1719907207933.00, 0, -594686, -114 
1719907207954.00, 0, -594685, -114 
1719907207975.00, 0, -594686, -114 
1719907207998.00, 0, -594685, -114 
1719907208017.00, 0, -594687, -114 
1719907208039.00, 0, -594686, -114 
1719907208060.00, 0, -594685, -114 
1719907208081.00, 0, -594686, -114 
1719907208108.00, 0, -594686, -114 
1719907208123.00, 0, -594686, -114 
1719907208143.00, 0, -594686, -114 
1719907208165.00, 0, -594686, -114 
1719907208187.00, 0, -594686, -114 
1719907208208.00, 25, -594685, -114 
1719907208229.00, 0, -594686, -114 
1719907208250.00, 0, -594685, -114 
1719907208271.00, 0, -594686, -114 
1719907208292.00, 0, -594687, -114 
1719907208313.00, 0, -594686, -114 
1719907208334.00, 0, -594686, -114 
1719907208355.00, 1, -594685, -114 
1719907208377.00, 0, -594686, -114 
1719907208398.00, 44, -594686, -114 
1719907208419.00, 0, -594686, -114 
1719907208440.00, 0, -594686, -114 
1719907208461.00, 0, -594686, -114 
1719907208483.00, -27, -594686, -114 
1719907208504.00, 0, -594686, -114 
1719907208525.00, 0, -594686, -114 
1719907208546.00, 0, -594686, -114 
1719907208567.00, 13, -594686, -114 
1719907208588.00, 0, -594686, -114 
1719907208609.00, 0, -594686, -114 
1719907208630.00, 0, -594686, -114 
1719907208652.00, 16, -594686, -114 
1719907208673.00, 0, -594686, -114 
1719907208694.00, 0, -594686, -114 
1719907208715.00, -8, -594686, -114 
1719907208736.00, 0, -594686, -114 
1719907208759.00, 0, -594687, -114 
1719907208779.00, 0, -594686, -114 
1719907208800.00, -56, -594687, -114 
1719907208820.00, 1, -594686, -114 
1719907208842.00, 0, -594686, -114 
1719907208863.00, 45, -594686, -114 
1719907208884.00, 0, -594686, -114 
1719907208906.00, 0, -594685, -114 
1719907208927.00, 0, -594686, -114 
1719907208948.00, 0, -594686, -114 
1719907208969.00, 0, -594686, -114 
1719907208989.00, 0, -594685, -114 
1719907209011.00, 0, -594685, -114 
1719907209032.00, 23, -594686, -114 
1719907209054.00, 4, -594686, -114 
1719907209075.00, 39, -594686, -114 
1719907209096.00, 0, -594686, -114 
1719907209117.00, 0, -594685, -114 
1719907209138.00, 0, -594686, -114 
1719907209159.00, 0, -594687, -114 
1719907209180.00, 0, -594685, -114 
1719907209206.00, 0, -594685, -114 
1719907209222.00, 0, -594687, -114 
1719907209244.00, 0, -594685, -114 
1719907209265.00, 0, -594687, -114 
1719907209286.00, 0, -594686, -114 
1719907209306.00, 0, -594686, -114 
1719907209328.00, 4, -594686, -114 
1719907209350.00, 5, -594686, -114 
1719907209370.00, -66, -594686, -114 
1719907209392.00, 0, -594686, -114 
1719907209413.00, 0, -594685, -114 
1719907209434.00, 0, -594686, -114 
1719907209455.00, 0, -594686, -114 
1719907209475.00, 0, -594686, -114 
1719907209498.00, 3, -594686, -114 
1719907209519.00, 0, -594685, -114 
1719907209540.00, -3, -594686, -114 
1719907209561.00, 32, -594685, -114 
1719907209582.00, 0, -594686, -114 
1719907209604.00, 0, -594686, -114 
1719907209624.00, 0, -594686, -114 
1719907209645.00, 0, -594686, -114 
